========== Training Session ==========
Started: 20260602-232242
Run name: resnet101-512x768-no_augment
Device: cuda:1
CUDA: NVIDIA GeForce RTX 4090 (47.38 GB)
Torch: 2.7.1+cu126
Classes: person, car, dog, cat, chair
Train dataset: 7500 images, 10642 boxes, 2500 empty images
Val dataset: 1500 images, 2021 boxes, 500 empty images
Train class counts: {'dog': 1028, 'person': 5829, 'chair': 1613, 'cat': 833, 'car': 1339}
Val class counts: {'dog': 206, 'chair': 282, 'person': 1074, 'car': 283, 'cat': 176}
Model: Faster R-CNN resnet101 FPN (60,037,165/60,259,565 trainable/total params)
Hyperparams: epochs=30, batch_size=8, lr=0.005, lr_milestones=[15, 25], lr_gamma=0.1, backbone=resnet101, min_size=512, max_size=768, score_threshold=0.5, augmentation=False, early_stopping=True, early_stopping_patience=7, early_stopping_min_delta=0.001, num_workers=2, log_interval=20
Saved results dir: saved_results/resnet101-512x768-no_augment
Checkpoint dir: saved_results/resnet101-512x768-no_augment/checkpoints
Best checkpoint: saved_results/resnet101-512x768-no_augment/checkpoints/best_model-20260602-232242.pth
Last checkpoint: saved_results/resnet101-512x768-no_augment/checkpoints/last_model-20260602-232242.pth
Log dir: saved_results/resnet101-512x768-no_augment/logs
=====================================
[2026-06-02 23:22:43] Training session initialized.
[2026-06-02 23:22:45] Epoch [01/30] started.
[2026-06-02 23:22:50] Epoch 01 train batch [20/938] loss=0.9190 avg_loss=0.6712
[2026-06-02 23:22:55] Epoch 01 train batch [40/938] loss=0.1149 avg_loss=0.4873
[2026-06-02 23:23:00] Epoch 01 train batch [60/938] loss=0.2528 avg_loss=0.4191
[2026-06-02 23:23:05] Epoch 01 train batch [80/938] loss=0.1520 avg_loss=0.3853
[2026-06-02 23:23:10] Epoch 01 train batch [100/938] loss=0.6476 avg_loss=0.3651
[2026-06-02 23:23:15] Epoch 01 train batch [120/938] loss=0.1644 avg_loss=0.3512
[2026-06-02 23:23:20] Epoch 01 train batch [140/938] loss=0.2486 avg_loss=0.3357
[2026-06-02 23:23:24] Epoch 01 train batch [160/938] loss=0.2371 avg_loss=0.3316
[2026-06-02 23:23:29] Epoch 01 train batch [180/938] loss=0.1263 avg_loss=0.3211
[2026-06-02 23:23:34] Epoch 01 train batch [200/938] loss=0.1626 avg_loss=0.3195
[2026-06-02 23:23:39] Epoch 01 train batch [220/938] loss=0.1981 avg_loss=0.3157
[2026-06-02 23:23:44] Epoch 01 train batch [240/938] loss=0.2669 avg_loss=0.3116
[2026-06-02 23:23:49] Epoch 01 train batch [260/938] loss=0.3806 avg_loss=0.3079
[2026-06-02 23:23:53] Epoch 01 train batch [280/938] loss=0.4339 avg_loss=0.3055
[2026-06-02 23:23:59] Epoch 01 train batch [300/938] loss=0.2270 avg_loss=0.3010
[2026-06-02 23:24:03] Epoch 01 train batch [320/938] loss=0.2095 avg_loss=0.2969
[2026-06-02 23:24:08] Epoch 01 train batch [340/938] loss=0.2906 avg_loss=0.2941
[2026-06-02 23:24:13] Epoch 01 train batch [360/938] loss=0.2273 avg_loss=0.2922
[2026-06-02 23:24:18] Epoch 01 train batch [380/938] loss=0.3424 avg_loss=0.2903
[2026-06-02 23:24:23] Epoch 01 train batch [400/938] loss=0.1690 avg_loss=0.2904
[2026-06-02 23:24:27] Epoch 01 train batch [420/938] loss=0.2483 avg_loss=0.2865
[2026-06-02 23:24:32] Epoch 01 train batch [440/938] loss=0.1587 avg_loss=0.2829
[2026-06-02 23:24:37] Epoch 01 train batch [460/938] loss=0.3384 avg_loss=0.2808
[2026-06-02 23:24:42] Epoch 01 train batch [480/938] loss=0.5176 avg_loss=0.2786
[2026-06-02 23:24:47] Epoch 01 train batch [500/938] loss=0.2260 avg_loss=0.2768
[2026-06-02 23:24:52] Epoch 01 train batch [520/938] loss=0.1284 avg_loss=0.2749
[2026-06-02 23:24:57] Epoch 01 train batch [540/938] loss=0.1644 avg_loss=0.2729
[2026-06-02 23:25:02] Epoch 01 train batch [560/938] loss=0.1193 avg_loss=0.2716
[2026-06-02 23:25:06] Epoch 01 train batch [580/938] loss=0.2522 avg_loss=0.2701
[2026-06-02 23:25:11] Epoch 01 train batch [600/938] loss=0.2112 avg_loss=0.2691
[2026-06-02 23:25:16] Epoch 01 train batch [620/938] loss=0.1263 avg_loss=0.2676
[2026-06-02 23:25:21] Epoch 01 train batch [640/938] loss=0.3207 avg_loss=0.2655
[2026-06-02 23:25:26] Epoch 01 train batch [660/938] loss=0.1315 avg_loss=0.2633
[2026-06-02 23:25:31] Epoch 01 train batch [680/938] loss=0.1066 avg_loss=0.2628
[2026-06-02 23:25:36] Epoch 01 train batch [700/938] loss=0.1369 avg_loss=0.2620
[2026-06-02 23:25:40] Epoch 01 train batch [720/938] loss=0.1642 avg_loss=0.2607
[2026-06-02 23:25:45] Epoch 01 train batch [740/938] loss=0.1872 avg_loss=0.2590
[2026-06-02 23:25:50] Epoch 01 train batch [760/938] loss=0.2250 avg_loss=0.2576
[2026-06-02 23:25:55] Epoch 01 train batch [780/938] loss=0.2041 avg_loss=0.2560
[2026-06-02 23:26:00] Epoch 01 train batch [800/938] loss=0.1169 avg_loss=0.2551
[2026-06-02 23:26:05] Epoch 01 train batch [820/938] loss=0.1200 avg_loss=0.2545
[2026-06-02 23:26:10] Epoch 01 train batch [840/938] loss=0.0632 avg_loss=0.2539
[2026-06-02 23:26:15] Epoch 01 train batch [860/938] loss=0.2293 avg_loss=0.2527
[2026-06-02 23:26:19] Epoch 01 train batch [880/938] loss=0.1445 avg_loss=0.2515
[2026-06-02 23:26:24] Epoch 01 train batch [900/938] loss=0.1086 avg_loss=0.2511
[2026-06-02 23:26:29] Epoch 01 train batch [920/938] loss=0.3228 avg_loss=0.2511
[2026-06-02 23:26:33] Epoch 01 train batch [938/938] loss=0.3346 avg_loss=0.2505
[2026-06-02 23:26:33] Epoch 01 training completed. Computing validation loss.
[2026-06-02 23:26:57] Epoch 01 validation loss completed: 0.1954. Computing detection metrics.
[2026-06-02 23:27:19] Epoch 01 metrics computed. Saving artifacts.
[2026-06-02 23:27:21] Epoch 01 improved mAP@0.5 to 0.4512. Saved best checkpoint: best_model-20260602-232242.pth.
Epoch [01/30]
├── Train Loss : 0.2505
│   ├── loss_classifier  : 0.1000
│   ├── loss_box_reg     : 0.1119
│   ├── loss_objectness  : 0.0290
│   └── loss_rpn_box_reg : 0.0096
├── Val Loss   : 0.1954
├── mAP@0.5    : 0.4512
├── mAP@0.75   : 0.0916
├── mAP@0.5:0.95 : 0.1793
├── Precision  : 0.4615
├── Recall     : 0.6432
├── GT Boxes   : 2021
├── Predictions: 2817
├── Per-class AP
│   ├── person  : AP50=0.6341, AP75=0.1223, AP50:95=0.2454, P=0.4590, R=0.7812
│   ├── car     : AP50=0.3383, AP75=0.0697, AP50:95=0.1324, P=0.4857, R=0.4205
│   ├── dog     : AP50=0.3144, AP75=0.0478, AP50:95=0.1260, P=0.8068, R=0.3447
│   ├── cat     : AP50=0.7200, AP75=0.2018, AP50:95=0.3162, P=0.5547, R=0.7784
│   └── chair   : AP50=0.2491, AP75=0.0163, AP50:95=0.0765, P=0.3276, R=0.4752
├── LR         : 0.005000
└── Time       : 274.6s
[2026-06-02 23:27:21] Epoch [01/30] completed.
[2026-06-02 23:27:21] Epoch [02/30] started.
[2026-06-02 23:27:26] Epoch 02 train batch [20/938] loss=0.1622 avg_loss=0.2050
[2026-06-02 23:27:30] Epoch 02 train batch [40/938] loss=0.2572 avg_loss=0.1946
[2026-06-02 23:27:35] Epoch 02 train batch [60/938] loss=0.1414 avg_loss=0.1968
[2026-06-02 23:27:40] Epoch 02 train batch [80/938] loss=0.1408 avg_loss=0.1963
[2026-06-02 23:27:45] Epoch 02 train batch [100/938] loss=0.1206 avg_loss=0.1914
[2026-06-02 23:27:50] Epoch 02 train batch [120/938] loss=0.0869 avg_loss=0.1972
[2026-06-02 23:27:55] Epoch 02 train batch [140/938] loss=0.3420 avg_loss=0.2005
[2026-06-02 23:27:59] Epoch 02 train batch [160/938] loss=0.2013 avg_loss=0.2026
[2026-06-02 23:28:04] Epoch 02 train batch [180/938] loss=0.1732 avg_loss=0.2001
[2026-06-02 23:28:09] Epoch 02 train batch [200/938] loss=0.3299 avg_loss=0.2004
[2026-06-02 23:28:14] Epoch 02 train batch [220/938] loss=0.2347 avg_loss=0.2044
[2026-06-02 23:28:19] Epoch 02 train batch [240/938] loss=0.2277 avg_loss=0.2041
[2026-06-02 23:28:24] Epoch 02 train batch [260/938] loss=0.1802 avg_loss=0.2055
[2026-06-02 23:28:28] Epoch 02 train batch [280/938] loss=0.1965 avg_loss=0.2056
[2026-06-02 23:28:33] Epoch 02 train batch [300/938] loss=0.1449 avg_loss=0.2047
[2026-06-02 23:28:38] Epoch 02 train batch [320/938] loss=0.2781 avg_loss=0.2059
[2026-06-02 23:28:43] Epoch 02 train batch [340/938] loss=0.1489 avg_loss=0.2055
[2026-06-02 23:28:48] Epoch 02 train batch [360/938] loss=0.1667 avg_loss=0.2050
[2026-06-02 23:28:53] Epoch 02 train batch [380/938] loss=0.3679 avg_loss=0.2069
[2026-06-02 23:28:58] Epoch 02 train batch [400/938] loss=0.1686 avg_loss=0.2054
[2026-06-02 23:29:03] Epoch 02 train batch [420/938] loss=0.1893 avg_loss=0.2028
[2026-06-02 23:29:08] Epoch 02 train batch [440/938] loss=0.2449 avg_loss=0.2031
[2026-06-02 23:29:13] Epoch 02 train batch [460/938] loss=0.2635 avg_loss=0.2037
[2026-06-02 23:29:18] Epoch 02 train batch [480/938] loss=0.4240 avg_loss=0.2032
[2026-06-02 23:29:23] Epoch 02 train batch [500/938] loss=0.3229 avg_loss=0.2039
[2026-06-02 23:29:27] Epoch 02 train batch [520/938] loss=0.2105 avg_loss=0.2028
[2026-06-02 23:29:32] Epoch 02 train batch [540/938] loss=0.1888 avg_loss=0.2031
[2026-06-02 23:29:37] Epoch 02 train batch [560/938] loss=0.3184 avg_loss=0.2034
[2026-06-02 23:29:42] Epoch 02 train batch [580/938] loss=0.2458 avg_loss=0.2038
[2026-06-02 23:29:47] Epoch 02 train batch [600/938] loss=0.1434 avg_loss=0.2044
[2026-06-02 23:29:52] Epoch 02 train batch [620/938] loss=0.0819 avg_loss=0.2043
[2026-06-02 23:29:56] Epoch 02 train batch [640/938] loss=0.3337 avg_loss=0.2050
[2026-06-02 23:30:01] Epoch 02 train batch [660/938] loss=0.2854 avg_loss=0.2039
[2026-06-02 23:30:06] Epoch 02 train batch [680/938] loss=0.1809 avg_loss=0.2034
[2026-06-02 23:30:11] Epoch 02 train batch [700/938] loss=0.3630 avg_loss=0.2030
[2026-06-02 23:30:16] Epoch 02 train batch [720/938] loss=0.1284 avg_loss=0.2021
[2026-06-02 23:30:21] Epoch 02 train batch [740/938] loss=0.1009 avg_loss=0.2013
[2026-06-02 23:30:26] Epoch 02 train batch [760/938] loss=0.2024 avg_loss=0.2018
[2026-06-02 23:30:31] Epoch 02 train batch [780/938] loss=0.2913 avg_loss=0.2024
[2026-06-02 23:30:36] Epoch 02 train batch [800/938] loss=0.1710 avg_loss=0.2017
[2026-06-02 23:30:40] Epoch 02 train batch [820/938] loss=0.0534 avg_loss=0.2017
[2026-06-02 23:30:45] Epoch 02 train batch [840/938] loss=0.1782 avg_loss=0.2020
[2026-06-02 23:30:50] Epoch 02 train batch [860/938] loss=0.2675 avg_loss=0.2019
[2026-06-02 23:30:55] Epoch 02 train batch [880/938] loss=0.1272 avg_loss=0.2024
[2026-06-02 23:31:00] Epoch 02 train batch [900/938] loss=0.2014 avg_loss=0.2021
[2026-06-02 23:31:05] Epoch 02 train batch [920/938] loss=0.1487 avg_loss=0.2025
[2026-06-02 23:31:09] Epoch 02 train batch [938/938] loss=0.4654 avg_loss=0.2025
[2026-06-02 23:31:09] Epoch 02 training completed. Computing validation loss.
[2026-06-02 23:31:32] Epoch 02 validation loss completed: 0.1954. Computing detection metrics.
[2026-06-02 23:31:55] Epoch 02 metrics computed. Saving artifacts.
[2026-06-02 23:31:57] Epoch 02 improved mAP@0.5 to 0.6692. Saved best checkpoint: best_model-20260602-232242.pth.
Epoch [02/30]
├── Train Loss : 0.2025
│   ├── loss_classifier  : 0.0707
│   ├── loss_box_reg     : 0.1121
│   ├── loss_objectness  : 0.0119
│   └── loss_rpn_box_reg : 0.0078
├── Val Loss   : 0.1954
├── mAP@0.5    : 0.6692
├── mAP@0.75   : 0.2491
├── mAP@0.5:0.95 : 0.3203
├── Precision  : 0.3972
├── Recall     : 0.8080
├── GT Boxes   : 2021
├── Predictions: 4111
├── Per-class AP
│   ├── person  : AP50=0.8128, AP75=0.3324, AP50:95=0.3994, P=0.3497, R=0.9060
│   ├── car     : AP50=0.5740, AP75=0.2996, AP50:95=0.2977, P=0.5446, R=0.6254
│   ├── dog     : AP50=0.6591, AP75=0.2492, AP50:95=0.3258, P=0.6210, R=0.7476
│   ├── cat     : AP50=0.8353, AP75=0.2484, AP50:95=0.3940, P=0.5065, R=0.8920
│   └── chair   : AP50=0.4651, AP75=0.1156, AP50:95=0.1848, P=0.3857, R=0.6099
├── LR         : 0.005000
└── Time       : 274.4s
[2026-06-02 23:31:57] Epoch [02/30] completed.
[2026-06-02 23:31:57] Epoch [03/30] started.
[2026-06-02 23:32:02] Epoch 03 train batch [20/938] loss=0.3509 avg_loss=0.1823
[2026-06-02 23:32:07] Epoch 03 train batch [40/938] loss=0.1719 avg_loss=0.1848
[2026-06-02 23:32:12] Epoch 03 train batch [60/938] loss=0.3625 avg_loss=0.1873
[2026-06-02 23:32:16] Epoch 03 train batch [80/938] loss=0.1606 avg_loss=0.1853
[2026-06-02 23:32:21] Epoch 03 train batch [100/938] loss=0.1885 avg_loss=0.1872
[2026-06-02 23:32:26] Epoch 03 train batch [120/938] loss=0.2582 avg_loss=0.1939
[2026-06-02 23:32:31] Epoch 03 train batch [140/938] loss=0.2140 avg_loss=0.1960
[2026-06-02 23:32:41] Epoch 03 train batch [160/938] loss=0.2094 avg_loss=0.1961
[2026-06-02 23:32:47] Epoch 03 train batch [180/938] loss=0.1521 avg_loss=0.1971
[2026-06-02 23:32:52] Epoch 03 train batch [200/938] loss=0.4018 avg_loss=0.1964
[2026-06-02 23:32:57] Epoch 03 train batch [220/938] loss=0.2977 avg_loss=0.1980
[2026-06-02 23:33:01] Epoch 03 train batch [240/938] loss=0.1094 avg_loss=0.1989
[2026-06-02 23:33:06] Epoch 03 train batch [260/938] loss=0.1542 avg_loss=0.1983
[2026-06-02 23:33:11] Epoch 03 train batch [280/938] loss=0.2908 avg_loss=0.1987
[2026-06-02 23:33:16] Epoch 03 train batch [300/938] loss=0.2308 avg_loss=0.1989
[2026-06-02 23:33:25] Epoch 03 train batch [320/938] loss=0.1290 avg_loss=0.1977
[2026-06-02 23:33:35] Epoch 03 train batch [340/938] loss=0.0838 avg_loss=0.1973
[2026-06-02 23:33:44] Epoch 03 train batch [360/938] loss=0.0774 avg_loss=0.1950
[2026-06-02 23:33:54] Epoch 03 train batch [380/938] loss=0.2856 avg_loss=0.1932
[2026-06-02 23:34:03] Epoch 03 train batch [400/938] loss=0.2340 avg_loss=0.1921
[2026-06-02 23:34:13] Epoch 03 train batch [420/938] loss=0.0955 avg_loss=0.1913
[2026-06-02 23:34:22] Epoch 03 train batch [440/938] loss=0.1548 avg_loss=0.1911
[2026-06-02 23:34:31] Epoch 03 train batch [460/938] loss=0.1591 avg_loss=0.1927
[2026-06-02 23:34:40] Epoch 03 train batch [480/938] loss=0.0982 avg_loss=0.1923
[2026-06-02 23:34:50] Epoch 03 train batch [500/938] loss=0.2109 avg_loss=0.1921
[2026-06-02 23:34:59] Epoch 03 train batch [520/938] loss=0.4476 avg_loss=0.1925
[2026-06-02 23:35:09] Epoch 03 train batch [540/938] loss=0.1099 avg_loss=0.1928
[2026-06-02 23:35:18] Epoch 03 train batch [560/938] loss=0.0727 avg_loss=0.1923
[2026-06-02 23:35:28] Epoch 03 train batch [580/938] loss=0.0873 avg_loss=0.1918
[2026-06-02 23:35:37] Epoch 03 train batch [600/938] loss=0.1515 avg_loss=0.1912
[2026-06-02 23:35:46] Epoch 03 train batch [620/938] loss=0.0673 avg_loss=0.1906
[2026-06-02 23:35:56] Epoch 03 train batch [640/938] loss=0.1576 avg_loss=0.1897
[2026-06-02 23:36:05] Epoch 03 train batch [660/938] loss=0.1396 avg_loss=0.1893
[2026-06-02 23:36:15] Epoch 03 train batch [680/938] loss=0.1664 avg_loss=0.1896
[2026-06-02 23:36:24] Epoch 03 train batch [700/938] loss=0.1966 avg_loss=0.1893
[2026-06-02 23:36:34] Epoch 03 train batch [720/938] loss=0.0735 avg_loss=0.1897
[2026-06-02 23:36:44] Epoch 03 train batch [740/938] loss=0.1602 avg_loss=0.1895
[2026-06-02 23:36:53] Epoch 03 train batch [760/938] loss=0.0749 avg_loss=0.1895
[2026-06-02 23:37:02] Epoch 03 train batch [780/938] loss=0.1894 avg_loss=0.1893
[2026-06-02 23:37:12] Epoch 03 train batch [800/938] loss=0.2727 avg_loss=0.1891
[2026-06-02 23:37:21] Epoch 03 train batch [820/938] loss=0.2886 avg_loss=0.1893
[2026-06-02 23:37:31] Epoch 03 train batch [840/938] loss=0.1007 avg_loss=0.1897
[2026-06-02 23:37:40] Epoch 03 train batch [860/938] loss=0.1586 avg_loss=0.1891
[2026-06-02 23:37:49] Epoch 03 train batch [880/938] loss=0.1006 avg_loss=0.1883
[2026-06-02 23:37:58] Epoch 03 train batch [900/938] loss=0.1227 avg_loss=0.1883
[2026-06-02 23:38:08] Epoch 03 train batch [920/938] loss=0.0960 avg_loss=0.1881
[2026-06-02 23:38:16] Epoch 03 train batch [938/938] loss=0.1200 avg_loss=0.1877
[2026-06-02 23:38:16] Epoch 03 training completed. Computing validation loss.
[2026-06-02 23:39:19] Epoch 03 validation loss completed: 0.1818. Computing detection metrics.
[2026-06-02 23:40:08] Epoch 03 metrics computed. Saving artifacts.
[2026-06-02 23:40:10] Epoch 03 improved mAP@0.5 to 0.7419. Saved best checkpoint: best_model-20260602-232242.pth.
Epoch [03/30]
├── Train Loss : 0.1877
│   ├── loss_classifier  : 0.0644
│   ├── loss_box_reg     : 0.1078
│   ├── loss_objectness  : 0.0089
│   └── loss_rpn_box_reg : 0.0066
├── Val Loss   : 0.1818
├── mAP@0.5    : 0.7419
├── mAP@0.75   : 0.3636
├── mAP@0.5:0.95 : 0.3919
├── Precision  : 0.4694
├── Recall     : 0.8412
├── GT Boxes   : 2021
├── Predictions: 3622
├── Per-class AP
│   ├── person  : AP50=0.8115, AP75=0.3738, AP50:95=0.4147, P=0.5591, R=0.8724
│   ├── car     : AP50=0.6973, AP75=0.2775, AP50:95=0.3208, P=0.3171, R=0.8304
│   ├── dog     : AP50=0.8432, AP75=0.4701, AP50:95=0.4742, P=0.4602, R=0.8981
│   ├── cat     : AP50=0.8499, AP75=0.4979, AP50:95=0.5114, P=0.6886, R=0.8920
│   └── chair   : AP50=0.5078, AP75=0.1987, AP50:95=0.2382, P=0.3235, R=0.6596
├── LR         : 0.005000
└── Time       : 491.3s
[2026-06-02 23:40:10] Epoch [03/30] completed.
[2026-06-02 23:40:10] Epoch [04/30] started.
[2026-06-02 23:40:18] Epoch 04 train batch [20/938] loss=0.1952 avg_loss=0.1569
[2026-06-02 23:40:26] Epoch 04 train batch [40/938] loss=0.3285 avg_loss=0.1820
[2026-06-02 23:40:34] Epoch 04 train batch [60/938] loss=0.1672 avg_loss=0.1767
[2026-06-02 23:40:42] Epoch 04 train batch [80/938] loss=0.1634 avg_loss=0.1715
[2026-06-02 23:40:50] Epoch 04 train batch [100/938] loss=0.0273 avg_loss=0.1687
[2026-06-02 23:40:58] Epoch 04 train batch [120/938] loss=0.2695 avg_loss=0.1668
[2026-06-02 23:41:07] Epoch 04 train batch [140/938] loss=0.2744 avg_loss=0.1653
[2026-06-02 23:41:16] Epoch 04 train batch [160/938] loss=0.2353 avg_loss=0.1674
[2026-06-02 23:41:26] Epoch 04 train batch [180/938] loss=0.0454 avg_loss=0.1697
[2026-06-02 23:41:35] Epoch 04 train batch [200/938] loss=0.1371 avg_loss=0.1676
[2026-06-02 23:41:43] Epoch 04 train batch [220/938] loss=0.1244 avg_loss=0.1681
[2026-06-02 23:41:52] Epoch 04 train batch [240/938] loss=0.1719 avg_loss=0.1663
[2026-06-02 23:42:02] Epoch 04 train batch [260/938] loss=0.1467 avg_loss=0.1681
[2026-06-02 23:42:11] Epoch 04 train batch [280/938] loss=0.2805 avg_loss=0.1698
[2026-06-02 23:42:20] Epoch 04 train batch [300/938] loss=0.2801 avg_loss=0.1673
[2026-06-02 23:42:30] Epoch 04 train batch [320/938] loss=0.2762 avg_loss=0.1674
[2026-06-02 23:42:39] Epoch 04 train batch [340/938] loss=0.0965 avg_loss=0.1668
[2026-06-02 23:42:49] Epoch 04 train batch [360/938] loss=0.1866 avg_loss=0.1666
[2026-06-02 23:42:58] Epoch 04 train batch [380/938] loss=0.0667 avg_loss=0.1677
[2026-06-02 23:43:08] Epoch 04 train batch [400/938] loss=0.1571 avg_loss=0.1695
[2026-06-02 23:43:17] Epoch 04 train batch [420/938] loss=0.1308 avg_loss=0.1688
[2026-06-02 23:43:26] Epoch 04 train batch [440/938] loss=0.1892 avg_loss=0.1702
[2026-06-02 23:43:36] Epoch 04 train batch [460/938] loss=0.1058 avg_loss=0.1699
[2026-06-02 23:43:45] Epoch 04 train batch [480/938] loss=0.1622 avg_loss=0.1706
[2026-06-02 23:43:55] Epoch 04 train batch [500/938] loss=0.1576 avg_loss=0.1702
[2026-06-02 23:44:04] Epoch 04 train batch [520/938] loss=0.0578 avg_loss=0.1709
[2026-06-02 23:44:13] Epoch 04 train batch [540/938] loss=0.0520 avg_loss=0.1710
[2026-06-02 23:44:23] Epoch 04 train batch [560/938] loss=0.2734 avg_loss=0.1712
[2026-06-02 23:44:33] Epoch 04 train batch [580/938] loss=0.1621 avg_loss=0.1710
[2026-06-02 23:44:42] Epoch 04 train batch [600/938] loss=0.0910 avg_loss=0.1701
[2026-06-02 23:44:51] Epoch 04 train batch [620/938] loss=0.1194 avg_loss=0.1705
[2026-06-02 23:45:01] Epoch 04 train batch [640/938] loss=0.1632 avg_loss=0.1716
[2026-06-02 23:45:10] Epoch 04 train batch [660/938] loss=0.1064 avg_loss=0.1711
[2026-06-02 23:45:19] Epoch 04 train batch [680/938] loss=0.3777 avg_loss=0.1713
[2026-06-02 23:45:29] Epoch 04 train batch [700/938] loss=0.2659 avg_loss=0.1721
[2026-06-02 23:45:38] Epoch 04 train batch [720/938] loss=0.1847 avg_loss=0.1718
[2026-06-02 23:45:48] Epoch 04 train batch [740/938] loss=0.1902 avg_loss=0.1719
[2026-06-02 23:45:57] Epoch 04 train batch [760/938] loss=0.1880 avg_loss=0.1724
[2026-06-02 23:46:07] Epoch 04 train batch [780/938] loss=0.1023 avg_loss=0.1728
[2026-06-02 23:46:16] Epoch 04 train batch [800/938] loss=0.0683 avg_loss=0.1734
[2026-06-02 23:46:26] Epoch 04 train batch [820/938] loss=0.2045 avg_loss=0.1741
[2026-06-02 23:46:35] Epoch 04 train batch [840/938] loss=0.0963 avg_loss=0.1744
[2026-06-02 23:46:44] Epoch 04 train batch [860/938] loss=0.1475 avg_loss=0.1743
[2026-06-02 23:46:54] Epoch 04 train batch [880/938] loss=0.1770 avg_loss=0.1742
[2026-06-02 23:47:03] Epoch 04 train batch [900/938] loss=0.1316 avg_loss=0.1735
[2026-06-02 23:47:13] Epoch 04 train batch [920/938] loss=0.1597 avg_loss=0.1727
[2026-06-02 23:47:21] Epoch 04 train batch [938/938] loss=0.1670 avg_loss=0.1731
[2026-06-02 23:47:22] Epoch 04 training completed. Computing validation loss.
[2026-06-02 23:48:24] Epoch 04 validation loss completed: 0.1842. Computing detection metrics.
[2026-06-02 23:49:09] Epoch 04 metrics computed. Saving artifacts.
[2026-06-02 23:49:10] Epoch 04 improved mAP@0.5 to 0.7598. Saved best checkpoint: best_model-20260602-232242.pth.
Epoch [04/30]
├── Train Loss : 0.1731
│   ├── loss_classifier  : 0.0585
│   ├── loss_box_reg     : 0.1017
│   ├── loss_objectness  : 0.0071
│   └── loss_rpn_box_reg : 0.0058
├── Val Loss   : 0.1842
├── mAP@0.5    : 0.7598
├── mAP@0.75   : 0.4085
├── mAP@0.5:0.95 : 0.4177
├── Precision  : 0.5832
├── Recall     : 0.8357
├── GT Boxes   : 2021
├── Predictions: 2896
├── Per-class AP
│   ├── person  : AP50=0.8153, AP75=0.4502, AP50:95=0.4537, P=0.6268, R=0.8585
│   ├── car     : AP50=0.7421, AP75=0.4094, AP50:95=0.4064, P=0.5736, R=0.8127
│   ├── dog     : AP50=0.8672, AP75=0.5142, AP50:95=0.5027, P=0.5569, R=0.9029
│   ├── cat     : AP50=0.8261, AP75=0.4344, AP50:95=0.4531, P=0.7865, R=0.8580
│   └── chair   : AP50=0.5482, AP75=0.2341, AP50:95=0.2724, P=0.4016, R=0.7092
├── LR         : 0.005000
└── Time       : 539.0s
[2026-06-02 23:49:10] Epoch [04/30] completed.
[2026-06-02 23:49:10] Epoch [05/30] started.
[2026-06-02 23:49:19] Epoch 05 train batch [20/938] loss=0.2213 avg_loss=0.1504
[2026-06-02 23:49:27] Epoch 05 train batch [40/938] loss=0.3140 avg_loss=0.1593
[2026-06-02 23:49:36] Epoch 05 train batch [60/938] loss=0.2265 avg_loss=0.1646
[2026-06-02 23:49:46] Epoch 05 train batch [80/938] loss=0.0924 avg_loss=0.1679
[2026-06-02 23:49:55] Epoch 05 train batch [100/938] loss=0.2782 avg_loss=0.1694
[2026-06-02 23:50:04] Epoch 05 train batch [120/938] loss=0.1035 avg_loss=0.1712
[2026-06-02 23:50:11] Epoch 05 train batch [140/938] loss=0.2038 avg_loss=0.1664
[2026-06-02 23:50:21] Epoch 05 train batch [160/938] loss=0.1325 avg_loss=0.1623
[2026-06-02 23:50:31] Epoch 05 train batch [180/938] loss=0.1721 avg_loss=0.1625
[2026-06-02 23:50:40] Epoch 05 train batch [200/938] loss=0.1101 avg_loss=0.1628
[2026-06-02 23:50:50] Epoch 05 train batch [220/938] loss=0.2026 avg_loss=0.1637
[2026-06-02 23:50:59] Epoch 05 train batch [240/938] loss=0.1923 avg_loss=0.1617
[2026-06-02 23:51:09] Epoch 05 train batch [260/938] loss=0.1538 avg_loss=0.1611
[2026-06-02 23:51:18] Epoch 05 train batch [280/938] loss=0.1829 avg_loss=0.1626
[2026-06-02 23:51:28] Epoch 05 train batch [300/938] loss=0.2115 avg_loss=0.1610
[2026-06-02 23:51:37] Epoch 05 train batch [320/938] loss=0.2072 avg_loss=0.1616
[2026-06-02 23:51:46] Epoch 05 train batch [340/938] loss=0.0813 avg_loss=0.1602
[2026-06-02 23:51:56] Epoch 05 train batch [360/938] loss=0.2019 avg_loss=0.1610
[2026-06-02 23:52:05] Epoch 05 train batch [380/938] loss=0.0832 avg_loss=0.1608
[2026-06-02 23:52:14] Epoch 05 train batch [400/938] loss=0.2453 avg_loss=0.1606
[2026-06-02 23:52:24] Epoch 05 train batch [420/938] loss=0.0689 avg_loss=0.1601
[2026-06-02 23:52:33] Epoch 05 train batch [440/938] loss=0.1371 avg_loss=0.1593
[2026-06-02 23:52:43] Epoch 05 train batch [460/938] loss=0.0384 avg_loss=0.1602
[2026-06-02 23:52:52] Epoch 05 train batch [480/938] loss=0.1431 avg_loss=0.1601
[2026-06-02 23:53:02] Epoch 05 train batch [500/938] loss=0.1943 avg_loss=0.1595
[2026-06-02 23:53:11] Epoch 05 train batch [520/938] loss=0.2447 avg_loss=0.1601
[2026-06-02 23:53:20] Epoch 05 train batch [540/938] loss=0.2811 avg_loss=0.1603
[2026-06-02 23:53:30] Epoch 05 train batch [560/938] loss=0.2028 avg_loss=0.1602
[2026-06-02 23:53:40] Epoch 05 train batch [580/938] loss=0.0550 avg_loss=0.1592
[2026-06-02 23:53:49] Epoch 05 train batch [600/938] loss=0.1915 avg_loss=0.1585
[2026-06-02 23:53:58] Epoch 05 train batch [620/938] loss=0.1269 avg_loss=0.1594
[2026-06-02 23:54:07] Epoch 05 train batch [640/938] loss=0.1085 avg_loss=0.1598
[2026-06-02 23:54:16] Epoch 05 train batch [660/938] loss=0.1750 avg_loss=0.1603
[2026-06-02 23:54:26] Epoch 05 train batch [680/938] loss=0.1707 avg_loss=0.1605
[2026-06-02 23:54:36] Epoch 05 train batch [700/938] loss=0.2175 avg_loss=0.1604
[2026-06-02 23:54:45] Epoch 05 train batch [720/938] loss=0.1888 avg_loss=0.1604
[2026-06-02 23:54:55] Epoch 05 train batch [740/938] loss=0.1367 avg_loss=0.1602
[2026-06-02 23:55:04] Epoch 05 train batch [760/938] loss=0.0782 avg_loss=0.1599
[2026-06-02 23:55:14] Epoch 05 train batch [780/938] loss=0.2620 avg_loss=0.1598
[2026-06-02 23:55:23] Epoch 05 train batch [800/938] loss=0.1144 avg_loss=0.1601
[2026-06-02 23:55:33] Epoch 05 train batch [820/938] loss=0.1526 avg_loss=0.1602
[2026-06-02 23:55:42] Epoch 05 train batch [840/938] loss=0.2202 avg_loss=0.1603
[2026-06-02 23:55:51] Epoch 05 train batch [860/938] loss=0.1405 avg_loss=0.1600
[2026-06-02 23:56:01] Epoch 05 train batch [880/938] loss=0.1307 avg_loss=0.1603
[2026-06-02 23:56:10] Epoch 05 train batch [900/938] loss=0.0230 avg_loss=0.1608
[2026-06-02 23:56:19] Epoch 05 train batch [920/938] loss=0.2064 avg_loss=0.1610
[2026-06-02 23:56:28] Epoch 05 train batch [938/938] loss=0.3165 avg_loss=0.1610
[2026-06-02 23:56:28] Epoch 05 training completed. Computing validation loss.
[2026-06-02 23:57:24] Epoch 05 validation loss completed: 0.1809. Computing detection metrics.
[2026-06-02 23:58:08] Epoch 05 metrics computed. Saving artifacts.
[2026-06-02 23:58:09] Epoch 05 improved mAP@0.5 to 0.7635. Saved best checkpoint: best_model-20260602-232242.pth.
Epoch [05/30]
├── Train Loss : 0.1610
│   ├── loss_classifier  : 0.0534
│   ├── loss_box_reg     : 0.0961
│   ├── loss_objectness  : 0.0061
│   └── loss_rpn_box_reg : 0.0053
├── Val Loss   : 0.1809
├── mAP@0.5    : 0.7635
├── mAP@0.75   : 0.4603
├── mAP@0.5:0.95 : 0.4388
├── Precision  : 0.5931
├── Recall     : 0.8397
├── GT Boxes   : 2021
├── Predictions: 2861
├── Per-class AP
│   ├── person  : AP50=0.8346, AP75=0.4287, AP50:95=0.4445, P=0.6118, R=0.8762
│   ├── car     : AP50=0.7451, AP75=0.4519, AP50:95=0.4284, P=0.5273, R=0.8198
│   ├── dog     : AP50=0.8168, AP75=0.5694, AP50:95=0.4954, P=0.7642, R=0.8495
│   ├── cat     : AP50=0.8816, AP75=0.5873, AP50:95=0.5439, P=0.7361, R=0.9034
│   └── chair   : AP50=0.5394, AP75=0.2645, AP50:95=0.2815, P=0.4338, R=0.6738
├── LR         : 0.005000
└── Time       : 537.6s
[2026-06-02 23:58:09] Epoch [05/30] completed.
[2026-06-02 23:58:09] Epoch [06/30] started.
[2026-06-02 23:58:19] Epoch 06 train batch [20/938] loss=0.1318 avg_loss=0.1570
[2026-06-02 23:58:28] Epoch 06 train batch [40/938] loss=0.1457 avg_loss=0.1443
[2026-06-02 23:58:37] Epoch 06 train batch [60/938] loss=0.1977 avg_loss=0.1443
[2026-06-02 23:58:46] Epoch 06 train batch [80/938] loss=0.1337 avg_loss=0.1466
[2026-06-02 23:58:56] Epoch 06 train batch [100/938] loss=0.1145 avg_loss=0.1480
[2026-06-02 23:59:05] Epoch 06 train batch [120/938] loss=0.2079 avg_loss=0.1471
[2026-06-02 23:59:15] Epoch 06 train batch [140/938] loss=0.0306 avg_loss=0.1460
[2026-06-02 23:59:24] Epoch 06 train batch [160/938] loss=0.1510 avg_loss=0.1452
[2026-06-02 23:59:34] Epoch 06 train batch [180/938] loss=0.0679 avg_loss=0.1480
[2026-06-02 23:59:43] Epoch 06 train batch [200/938] loss=0.0592 avg_loss=0.1473
[2026-06-02 23:59:52] Epoch 06 train batch [220/938] loss=0.2976 avg_loss=0.1487
[2026-06-03 00:00:02] Epoch 06 train batch [240/938] loss=0.1601 avg_loss=0.1492
[2026-06-03 00:00:11] Epoch 06 train batch [260/938] loss=0.3877 avg_loss=0.1509
[2026-06-03 00:00:21] Epoch 06 train batch [280/938] loss=0.1570 avg_loss=0.1519
[2026-06-03 00:00:30] Epoch 06 train batch [300/938] loss=0.1902 avg_loss=0.1523
[2026-06-03 00:00:40] Epoch 06 train batch [320/938] loss=0.1474 avg_loss=0.1526
[2026-06-03 00:00:49] Epoch 06 train batch [340/938] loss=0.2053 avg_loss=0.1532
[2026-06-03 00:00:58] Epoch 06 train batch [360/938] loss=0.2716 avg_loss=0.1544
[2026-06-03 00:01:08] Epoch 06 train batch [380/938] loss=0.1433 avg_loss=0.1535
[2026-06-03 00:01:18] Epoch 06 train batch [400/938] loss=0.2298 avg_loss=0.1545
[2026-06-03 00:01:27] Epoch 06 train batch [420/938] loss=0.0884 avg_loss=0.1541
[2026-06-03 00:01:37] Epoch 06 train batch [440/938] loss=0.2108 avg_loss=0.1543
[2026-06-03 00:01:46] Epoch 06 train batch [460/938] loss=0.0740 avg_loss=0.1538
[2026-06-03 00:01:55] Epoch 06 train batch [480/938] loss=0.0853 avg_loss=0.1535
[2026-06-03 00:02:05] Epoch 06 train batch [500/938] loss=0.3397 avg_loss=0.1536
[2026-06-03 00:02:15] Epoch 06 train batch [520/938] loss=0.1384 avg_loss=0.1536
[2026-06-03 00:02:24] Epoch 06 train batch [540/938] loss=0.1437 avg_loss=0.1524
[2026-06-03 00:02:34] Epoch 06 train batch [560/938] loss=0.1131 avg_loss=0.1516
[2026-06-03 00:02:43] Epoch 06 train batch [580/938] loss=0.1084 avg_loss=0.1507
[2026-06-03 00:02:53] Epoch 06 train batch [600/938] loss=0.2342 avg_loss=0.1504
[2026-06-03 00:03:02] Epoch 06 train batch [620/938] loss=0.2636 avg_loss=0.1507
[2026-06-03 00:03:11] Epoch 06 train batch [640/938] loss=0.2140 avg_loss=0.1512
[2026-06-03 00:03:21] Epoch 06 train batch [660/938] loss=0.2502 avg_loss=0.1517
[2026-06-03 00:03:30] Epoch 06 train batch [680/938] loss=0.1193 avg_loss=0.1513
[2026-06-03 00:03:39] Epoch 06 train batch [700/938] loss=0.2182 avg_loss=0.1507
[2026-06-03 00:03:48] Epoch 06 train batch [720/938] loss=0.2882 avg_loss=0.1511
[2026-06-03 00:03:58] Epoch 06 train batch [740/938] loss=0.1398 avg_loss=0.1508
[2026-06-03 00:04:07] Epoch 06 train batch [760/938] loss=0.1500 avg_loss=0.1509
[2026-06-03 00:04:16] Epoch 06 train batch [780/938] loss=0.0988 avg_loss=0.1512
[2026-06-03 00:04:26] Epoch 06 train batch [800/938] loss=0.2834 avg_loss=0.1510
[2026-06-03 00:04:35] Epoch 06 train batch [820/938] loss=0.0885 avg_loss=0.1508
[2026-06-03 00:04:45] Epoch 06 train batch [840/938] loss=0.0944 avg_loss=0.1505
[2026-06-03 00:04:54] Epoch 06 train batch [860/938] loss=0.0914 avg_loss=0.1508
[2026-06-03 00:05:04] Epoch 06 train batch [880/938] loss=0.0647 avg_loss=0.1505
[2026-06-03 00:05:13] Epoch 06 train batch [900/938] loss=0.2223 avg_loss=0.1511
[2026-06-03 00:05:22] Epoch 06 train batch [920/938] loss=0.0566 avg_loss=0.1512
[2026-06-03 00:05:30] Epoch 06 train batch [938/938] loss=0.1629 avg_loss=0.1513
[2026-06-03 00:05:30] Epoch 06 training completed. Computing validation loss.
[2026-06-03 00:06:21] Epoch 06 validation loss completed: 0.1680. Computing detection metrics.
[2026-06-03 00:07:06] Epoch 06 metrics computed. Saving artifacts.
[2026-06-03 00:07:08] Epoch 06 improved mAP@0.5 to 0.7866. Saved best checkpoint: best_model-20260602-232242.pth.
Epoch [06/30]
├── Train Loss : 0.1513
│   ├── loss_classifier  : 0.0498
│   ├── loss_box_reg     : 0.0913
│   ├── loss_objectness  : 0.0052
│   └── loss_rpn_box_reg : 0.0050
├── Val Loss   : 0.1680
├── mAP@0.5    : 0.7866
├── mAP@0.75   : 0.4835
├── mAP@0.5:0.95 : 0.4589
├── Precision  : 0.5059
├── Recall     : 0.8664
├── GT Boxes   : 2021
├── Predictions: 3461
├── Per-class AP
│   ├── person  : AP50=0.8458, AP75=0.4968, AP50:95=0.4863, P=0.5967, R=0.8845
│   ├── car     : AP50=0.7593, AP75=0.4835, AP50:95=0.4447, P=0.3365, R=0.8869
│   ├── dog     : AP50=0.8551, AP75=0.5745, AP50:95=0.5200, P=0.6241, R=0.8786
│   ├── cat     : AP50=0.8939, AP75=0.5991, AP50:95=0.5440, P=0.6983, R=0.9205
│   └── chair   : AP50=0.5789, AP75=0.2634, AP50:95=0.2995, P=0.3444, R=0.7340
├── LR         : 0.005000
└── Time       : 536.9s
[2026-06-03 00:07:08] Epoch [06/30] completed.
[2026-06-03 00:07:08] Epoch [07/30] started.
[2026-06-03 00:07:17] Epoch 07 train batch [20/938] loss=0.1828 avg_loss=0.1568
[2026-06-03 00:07:25] Epoch 07 train batch [40/938] loss=0.2134 avg_loss=0.1400
[2026-06-03 00:07:34] Epoch 07 train batch [60/938] loss=0.1787 avg_loss=0.1374
[2026-06-03 00:07:44] Epoch 07 train batch [80/938] loss=0.0445 avg_loss=0.1363
[2026-06-03 00:07:53] Epoch 07 train batch [100/938] loss=0.1886 avg_loss=0.1372
[2026-06-03 00:08:03] Epoch 07 train batch [120/938] loss=0.1358 avg_loss=0.1380
[2026-06-03 00:08:12] Epoch 07 train batch [140/938] loss=0.1817 avg_loss=0.1400
[2026-06-03 00:08:21] Epoch 07 train batch [160/938] loss=0.2251 avg_loss=0.1431
[2026-06-03 00:08:31] Epoch 07 train batch [180/938] loss=0.0360 avg_loss=0.1431
[2026-06-03 00:08:40] Epoch 07 train batch [200/938] loss=0.1106 avg_loss=0.1429
[2026-06-03 00:08:50] Epoch 07 train batch [220/938] loss=0.1284 avg_loss=0.1420
[2026-06-03 00:08:59] Epoch 07 train batch [240/938] loss=0.0633 avg_loss=0.1410
[2026-06-03 00:09:08] Epoch 07 train batch [260/938] loss=0.1025 avg_loss=0.1410
[2026-06-03 00:09:18] Epoch 07 train batch [280/938] loss=0.2642 avg_loss=0.1398
[2026-06-03 00:09:27] Epoch 07 train batch [300/938] loss=0.2015 avg_loss=0.1402
[2026-06-03 00:09:37] Epoch 07 train batch [320/938] loss=0.0392 avg_loss=0.1401
[2026-06-03 00:09:46] Epoch 07 train batch [340/938] loss=0.2832 avg_loss=0.1405
[2026-06-03 00:09:56] Epoch 07 train batch [360/938] loss=0.1536 avg_loss=0.1402
[2026-06-03 00:10:05] Epoch 07 train batch [380/938] loss=0.1453 avg_loss=0.1396
[2026-06-03 00:10:15] Epoch 07 train batch [400/938] loss=0.0685 avg_loss=0.1389
[2026-06-03 00:10:24] Epoch 07 train batch [420/938] loss=0.1713 avg_loss=0.1384
[2026-06-03 00:10:34] Epoch 07 train batch [440/938] loss=0.1240 avg_loss=0.1394
[2026-06-03 00:10:43] Epoch 07 train batch [460/938] loss=0.2261 avg_loss=0.1396
[2026-06-03 00:10:53] Epoch 07 train batch [480/938] loss=0.2656 avg_loss=0.1402
[2026-06-03 00:11:02] Epoch 07 train batch [500/938] loss=0.1042 avg_loss=0.1400
[2026-06-03 00:11:11] Epoch 07 train batch [520/938] loss=0.1107 avg_loss=0.1402
[2026-06-03 00:11:20] Epoch 07 train batch [540/938] loss=0.0691 avg_loss=0.1401
[2026-06-03 00:11:30] Epoch 07 train batch [560/938] loss=0.1000 avg_loss=0.1400
[2026-06-03 00:11:39] Epoch 07 train batch [580/938] loss=0.0489 avg_loss=0.1396
[2026-06-03 00:11:48] Epoch 07 train batch [600/938] loss=0.2168 avg_loss=0.1405
[2026-06-03 00:11:58] Epoch 07 train batch [620/938] loss=0.1506 avg_loss=0.1400
[2026-06-03 00:12:07] Epoch 07 train batch [640/938] loss=0.0882 avg_loss=0.1398
[2026-06-03 00:12:16] Epoch 07 train batch [660/938] loss=0.1445 avg_loss=0.1400
[2026-06-03 00:12:26] Epoch 07 train batch [680/938] loss=0.1353 avg_loss=0.1398
[2026-06-03 00:12:36] Epoch 07 train batch [700/938] loss=0.1537 avg_loss=0.1394
[2026-06-03 00:12:45] Epoch 07 train batch [720/938] loss=0.1771 avg_loss=0.1403
[2026-06-03 00:12:55] Epoch 07 train batch [740/938] loss=0.0989 avg_loss=0.1404
[2026-06-03 00:13:04] Epoch 07 train batch [760/938] loss=0.0654 avg_loss=0.1404
[2026-06-03 00:13:14] Epoch 07 train batch [780/938] loss=0.0599 avg_loss=0.1406
[2026-06-03 00:13:23] Epoch 07 train batch [800/938] loss=0.1296 avg_loss=0.1404
[2026-06-03 00:13:33] Epoch 07 train batch [820/938] loss=0.2119 avg_loss=0.1412
[2026-06-03 00:13:42] Epoch 07 train batch [840/938] loss=0.1510 avg_loss=0.1413
[2026-06-03 00:13:52] Epoch 07 train batch [860/938] loss=0.2541 avg_loss=0.1412
[2026-06-03 00:14:01] Epoch 07 train batch [880/938] loss=0.2022 avg_loss=0.1414
[2026-06-03 00:14:11] Epoch 07 train batch [900/938] loss=0.2560 avg_loss=0.1419
[2026-06-03 00:14:20] Epoch 07 train batch [920/938] loss=0.1194 avg_loss=0.1420
[2026-06-03 00:14:29] Epoch 07 train batch [938/938] loss=0.2356 avg_loss=0.1414
[2026-06-03 00:14:29] Epoch 07 training completed. Computing validation loss.
[2026-06-03 00:15:16] Epoch 07 validation loss completed: 0.1719. Computing detection metrics.
[2026-06-03 00:16:03] Epoch 07 metrics computed. Saving artifacts.
[2026-06-03 00:16:03] Epoch 07 did not improve mAP@0.5 enough. Early stopping counter: 1/7.
Epoch [07/30]
├── Train Loss : 0.1414
│   ├── loss_classifier  : 0.0461
│   ├── loss_box_reg     : 0.0860
│   ├── loss_objectness  : 0.0046
│   └── loss_rpn_box_reg : 0.0047
├── Val Loss   : 0.1719
├── mAP@0.5    : 0.7585
├── mAP@0.75   : 0.4929
├── mAP@0.5:0.95 : 0.4473
├── Precision  : 0.5620
├── Recall     : 0.8298
├── GT Boxes   : 2021
├── Predictions: 2984
├── Per-class AP
│   ├── person  : AP50=0.8312, AP75=0.5204, AP50:95=0.4917, P=0.5782, R=0.8743
│   ├── car     : AP50=0.7340, AP75=0.4499, AP50:95=0.4186, P=0.5664, R=0.7986
│   ├── dog     : AP50=0.8622, AP75=0.6100, AP50:95=0.5270, P=0.5417, R=0.8835
│   ├── cat     : AP50=0.8527, AP75=0.6300, AP50:95=0.5234, P=0.9102, R=0.8636
│   └── chair   : AP50=0.5124, AP75=0.2543, AP50:95=0.2757, P=0.3886, R=0.6312
├── LR         : 0.005000
└── Time       : 534.9s
[2026-06-03 00:16:03] Epoch [07/30] completed.
[2026-06-03 00:16:03] Epoch [08/30] started.
[2026-06-03 00:16:12] Epoch 08 train batch [20/938] loss=0.1588 avg_loss=0.1197
[2026-06-03 00:16:21] Epoch 08 train batch [40/938] loss=0.2043 avg_loss=0.1257
[2026-06-03 00:16:31] Epoch 08 train batch [60/938] loss=0.0461 avg_loss=0.1279
[2026-06-03 00:16:40] Epoch 08 train batch [80/938] loss=0.0539 avg_loss=0.1287
[2026-06-03 00:16:50] Epoch 08 train batch [100/938] loss=0.2397 avg_loss=0.1330
[2026-06-03 00:16:59] Epoch 08 train batch [120/938] loss=0.1871 avg_loss=0.1356
[2026-06-03 00:17:08] Epoch 08 train batch [140/938] loss=0.0897 avg_loss=0.1364
[2026-06-03 00:17:17] Epoch 08 train batch [160/938] loss=0.1811 avg_loss=0.1347
[2026-06-03 00:17:27] Epoch 08 train batch [180/938] loss=0.1310 avg_loss=0.1341
[2026-06-03 00:17:36] Epoch 08 train batch [200/938] loss=0.1890 avg_loss=0.1345
[2026-06-03 00:17:46] Epoch 08 train batch [220/938] loss=0.2339 avg_loss=0.1353
[2026-06-03 00:17:55] Epoch 08 train batch [240/938] loss=0.0445 avg_loss=0.1368
[2026-06-03 00:18:04] Epoch 08 train batch [260/938] loss=0.0314 avg_loss=0.1361
[2026-06-03 00:18:13] Epoch 08 train batch [280/938] loss=0.1546 avg_loss=0.1365
[2026-06-03 00:18:23] Epoch 08 train batch [300/938] loss=0.0518 avg_loss=0.1362
[2026-06-03 00:18:33] Epoch 08 train batch [320/938] loss=0.0869 avg_loss=0.1334
[2026-06-03 00:18:42] Epoch 08 train batch [340/938] loss=0.0301 avg_loss=0.1333
[2026-06-03 00:18:51] Epoch 08 train batch [360/938] loss=0.1268 avg_loss=0.1335
[2026-06-03 00:19:00] Epoch 08 train batch [380/938] loss=0.1671 avg_loss=0.1346
[2026-06-03 00:19:10] Epoch 08 train batch [400/938] loss=0.0901 avg_loss=0.1343
[2026-06-03 00:19:19] Epoch 08 train batch [420/938] loss=0.0620 avg_loss=0.1344
[2026-06-03 00:19:29] Epoch 08 train batch [440/938] loss=0.1796 avg_loss=0.1340
[2026-06-03 00:19:38] Epoch 08 train batch [460/938] loss=0.2284 avg_loss=0.1345
[2026-06-03 00:19:47] Epoch 08 train batch [480/938] loss=0.0968 avg_loss=0.1347
[2026-06-03 00:19:56] Epoch 08 train batch [500/938] loss=0.1610 avg_loss=0.1348
[2026-06-03 00:20:05] Epoch 08 train batch [520/938] loss=0.3570 avg_loss=0.1353
[2026-06-03 00:20:15] Epoch 08 train batch [540/938] loss=0.1955 avg_loss=0.1346
[2026-06-03 00:20:24] Epoch 08 train batch [560/938] loss=0.0551 avg_loss=0.1352
[2026-06-03 00:20:34] Epoch 08 train batch [580/938] loss=0.0977 avg_loss=0.1358
[2026-06-03 00:20:43] Epoch 08 train batch [600/938] loss=0.0863 avg_loss=0.1351
[2026-06-03 00:20:53] Epoch 08 train batch [620/938] loss=0.2128 avg_loss=0.1355
[2026-06-03 00:21:02] Epoch 08 train batch [640/938] loss=0.0622 avg_loss=0.1351
[2026-06-03 00:21:12] Epoch 08 train batch [660/938] loss=0.1206 avg_loss=0.1347
[2026-06-03 00:21:21] Epoch 08 train batch [680/938] loss=0.2095 avg_loss=0.1348
[2026-06-03 00:21:31] Epoch 08 train batch [700/938] loss=0.2189 avg_loss=0.1351
[2026-06-03 00:21:41] Epoch 08 train batch [720/938] loss=0.0987 avg_loss=0.1355
[2026-06-03 00:21:50] Epoch 08 train batch [740/938] loss=0.0428 avg_loss=0.1355
[2026-06-03 00:21:59] Epoch 08 train batch [760/938] loss=0.0884 avg_loss=0.1351
[2026-06-03 00:22:09] Epoch 08 train batch [780/938] loss=0.0861 avg_loss=0.1344
[2026-06-03 00:22:18] Epoch 08 train batch [800/938] loss=0.1882 avg_loss=0.1348
[2026-06-03 00:22:28] Epoch 08 train batch [820/938] loss=0.1189 avg_loss=0.1349
[2026-06-03 00:22:37] Epoch 08 train batch [840/938] loss=0.1284 avg_loss=0.1347
[2026-06-03 00:22:47] Epoch 08 train batch [860/938] loss=0.0866 avg_loss=0.1349
[2026-06-03 00:22:56] Epoch 08 train batch [880/938] loss=0.0866 avg_loss=0.1348
[2026-06-03 00:23:06] Epoch 08 train batch [900/938] loss=0.0996 avg_loss=0.1344
[2026-06-03 00:23:15] Epoch 08 train batch [920/938] loss=0.2113 avg_loss=0.1346
[2026-06-03 00:23:23] Epoch 08 train batch [938/938] loss=0.1302 avg_loss=0.1343
[2026-06-03 00:23:23] Epoch 08 training completed. Computing validation loss.
[2026-06-03 00:24:09] Epoch 08 validation loss completed: 0.1649. Computing detection metrics.
[2026-06-03 00:24:56] Epoch 08 metrics computed. Saving artifacts.
[2026-06-03 00:24:57] Epoch 08 did not improve mAP@0.5 enough. Early stopping counter: 2/7.
Epoch [08/30]
├── Train Loss : 0.1343
│   ├── loss_classifier  : 0.0432
│   ├── loss_box_reg     : 0.0827
│   ├── loss_objectness  : 0.0040
│   └── loss_rpn_box_reg : 0.0044
├── Val Loss   : 0.1649
├── mAP@0.5    : 0.7846
├── mAP@0.75   : 0.4969
├── mAP@0.5:0.95 : 0.4602
├── Precision  : 0.5558
├── Recall     : 0.8595
├── GT Boxes   : 2021
├── Predictions: 3125
├── Per-class AP
│   ├── person  : AP50=0.8323, AP75=0.4899, AP50:95=0.4732, P=0.6464, R=0.8715
│   ├── car     : AP50=0.7529, AP75=0.4375, AP50:95=0.4195, P=0.5392, R=0.8269
│   ├── dog     : AP50=0.8703, AP75=0.6941, AP50:95=0.5812, P=0.6469, R=0.8981
│   ├── cat     : AP50=0.9019, AP75=0.6139, AP50:95=0.5427, P=0.8141, R=0.9205
│   └── chair   : AP50=0.5659, AP75=0.2491, AP50:95=0.2843, P=0.2902, R=0.7801
├── LR         : 0.005000
└── Time       : 532.7s
[2026-06-03 00:24:57] Epoch [08/30] completed.
[2026-06-03 00:24:57] Epoch [09/30] started.
[2026-06-03 00:25:05] Epoch 09 train batch [20/938] loss=0.1373 avg_loss=0.1291
[2026-06-03 00:25:15] Epoch 09 train batch [40/938] loss=0.0318 avg_loss=0.1150
[2026-06-03 00:25:25] Epoch 09 train batch [60/938] loss=0.1444 avg_loss=0.1163
[2026-06-03 00:25:34] Epoch 09 train batch [80/938] loss=0.1106 avg_loss=0.1208
[2026-06-03 00:25:45] Epoch 09 train batch [100/938] loss=0.0461 avg_loss=0.1190
========== Training Session ==========
Started: 20260603-003813
Run name: resnet101-512x768-no_augment
Device: cuda:1
CUDA: NVIDIA GeForce RTX 4090 (47.38 GB)
Torch: 2.7.1+cu126
Classes: person, car, dog, cat, chair
Train dataset: 7500 images, 10642 boxes, 2500 empty images
Val dataset: 1500 images, 2021 boxes, 500 empty images
Train class counts: {'dog': 1028, 'person': 5829, 'chair': 1613, 'cat': 833, 'car': 1339}
Val class counts: {'dog': 206, 'chair': 282, 'person': 1074, 'car': 283, 'cat': 176}
Model: Faster R-CNN resnet101 FPN (60,037,165/60,259,565 trainable/total params)
Hyperparams: epochs=30, batch_size=4, lr=0.005, lr_milestones=[15, 25], lr_gamma=0.1, backbone=resnet101, min_size=512, max_size=768, score_threshold=0.5, augmentation=True, early_stopping=True, early_stopping_patience=7, early_stopping_min_delta=0.001, num_workers=2, log_interval=20
Saved results dir: saved_results/resnet101-512x768-no_augment
Checkpoint dir: saved_results/resnet101-512x768-no_augment/checkpoints
Best checkpoint: saved_results/resnet101-512x768-no_augment/checkpoints/best_model-20260603-003813.pth
Last checkpoint: saved_results/resnet101-512x768-no_augment/checkpoints/last_model-20260603-003813.pth
Log dir: saved_results/resnet101-512x768-no_augment/logs
=====================================
[2026-06-03 00:38:14] Training session initialized.
[2026-06-03 00:38:16] Epoch [01/30] started.
[2026-06-03 00:38:19] Epoch 01 train batch [20/1875] loss=1.5293 avg_loss=0.6492
[2026-06-03 00:38:21] Epoch 01 train batch [40/1875] loss=0.0453 avg_loss=0.4877
[2026-06-03 00:38:23] Epoch 01 train batch [60/1875] loss=0.3024 avg_loss=0.4495
[2026-06-03 00:38:26] Epoch 01 train batch [80/1875] loss=0.2631 avg_loss=0.4131
[2026-06-03 00:38:28] Epoch 01 train batch [100/1875] loss=0.2385 avg_loss=0.3930
[2026-06-03 00:38:30] Epoch 01 train batch [120/1875] loss=0.5164 avg_loss=0.3796
[2026-06-03 00:38:32] Epoch 01 train batch [140/1875] loss=0.3036 avg_loss=0.3651
[2026-06-03 00:38:34] Epoch 01 train batch [160/1875] loss=0.3680 avg_loss=0.3555
[2026-06-03 00:38:36] Epoch 01 train batch [180/1875] loss=0.1378 avg_loss=0.3533
[2026-06-03 00:38:38] Epoch 01 train batch [200/1875] loss=0.5724 avg_loss=0.3473
[2026-06-03 00:38:41] Epoch 01 train batch [220/1875] loss=0.5444 avg_loss=0.3391
[2026-06-03 00:38:43] Epoch 01 train batch [240/1875] loss=0.0869 avg_loss=0.3286
[2026-06-03 00:38:45] Epoch 01 train batch [260/1875] loss=0.3176 avg_loss=0.3197
[2026-06-03 00:38:47] Epoch 01 train batch [280/1875] loss=0.2959 avg_loss=0.3146
[2026-06-03 00:38:49] Epoch 01 train batch [300/1875] loss=0.1185 avg_loss=0.3088
========== Training Session ==========
Started: 20260603-003906
Run name: resnet101-512x768-no_augment
Device: cuda:1
CUDA: NVIDIA GeForce RTX 4090 (47.38 GB)
Torch: 2.7.1+cu126
Classes: person, car, dog, cat, chair
Train dataset: 7500 images, 10642 boxes, 2500 empty images
Val dataset: 1500 images, 2021 boxes, 500 empty images
Train class counts: {'dog': 1028, 'person': 5829, 'chair': 1613, 'cat': 833, 'car': 1339}
Val class counts: {'dog': 206, 'chair': 282, 'person': 1074, 'car': 283, 'cat': 176}
Model: Faster R-CNN resnet101 FPN (60,037,165/60,259,565 trainable/total params)
Hyperparams: epochs=30, batch_size=4, lr=0.005, lr_milestones=[15, 25], lr_gamma=0.1, backbone=resnet101, min_size=512, max_size=768, score_threshold=0.5, augmentation=False, early_stopping=True, early_stopping_patience=7, early_stopping_min_delta=0.001, num_workers=2, log_interval=20
Saved results dir: saved_results/resnet101-512x768-no_augment
Checkpoint dir: saved_results/resnet101-512x768-no_augment/checkpoints
Best checkpoint: saved_results/resnet101-512x768-no_augment/checkpoints/best_model-20260603-003906.pth
Last checkpoint: saved_results/resnet101-512x768-no_augment/checkpoints/last_model-20260603-003906.pth
Log dir: saved_results/resnet101-512x768-no_augment/logs
=====================================
[2026-06-03 00:39:06] Training session initialized.
[2026-06-03 00:39:08] Epoch [01/30] started.
[2026-06-03 00:39:10] Epoch 01 train batch [20/1875] loss=0.1284 avg_loss=0.6254
[2026-06-03 00:39:12] Epoch 01 train batch [40/1875] loss=0.1427 avg_loss=0.4767
[2026-06-03 00:39:15] Epoch 01 train batch [60/1875] loss=0.3915 avg_loss=0.4271
[2026-06-03 00:39:17] Epoch 01 train batch [80/1875] loss=0.1096 avg_loss=0.3884
[2026-06-03 00:39:19] Epoch 01 train batch [100/1875] loss=0.0994 avg_loss=0.3784
[2026-06-03 00:39:21] Epoch 01 train batch [120/1875] loss=0.1631 avg_loss=0.3752
[2026-06-03 00:39:24] Epoch 01 train batch [140/1875] loss=0.2157 avg_loss=0.3614
[2026-06-03 00:39:26] Epoch 01 train batch [160/1875] loss=0.2399 avg_loss=0.3504
[2026-06-03 00:39:28] Epoch 01 train batch [180/1875] loss=0.1289 avg_loss=0.3397
[2026-06-03 00:39:31] Epoch 01 train batch [200/1875] loss=0.2918 avg_loss=0.3425
[2026-06-03 00:39:33] Epoch 01 train batch [220/1875] loss=0.5204 avg_loss=0.3354
[2026-06-03 00:39:35] Epoch 01 train batch [240/1875] loss=0.3438 avg_loss=0.3278
[2026-06-03 00:39:37] Epoch 01 train batch [260/1875] loss=0.1362 avg_loss=0.3278
[2026-06-03 00:39:40] Epoch 01 train batch [280/1875] loss=0.3670 avg_loss=0.3215
[2026-06-03 00:39:42] Epoch 01 train batch [300/1875] loss=0.3677 avg_loss=0.3132
[2026-06-03 00:39:44] Epoch 01 train batch [320/1875] loss=0.1388 avg_loss=0.3119
[2026-06-03 00:39:46] Epoch 01 train batch [340/1875] loss=0.2605 avg_loss=0.3090
[2026-06-03 00:39:48] Epoch 01 train batch [360/1875] loss=0.1474 avg_loss=0.3023
[2026-06-03 00:39:50] Epoch 01 train batch [380/1875] loss=0.3522 avg_loss=0.2984
[2026-06-03 00:39:53] Epoch 01 train batch [400/1875] loss=0.0406 avg_loss=0.2949
[2026-06-03 00:39:55] Epoch 01 train batch [420/1875] loss=0.1358 avg_loss=0.2911
[2026-06-03 00:39:57] Epoch 01 train batch [440/1875] loss=0.3441 avg_loss=0.2908
[2026-06-03 00:39:59] Epoch 01 train batch [460/1875] loss=0.1108 avg_loss=0.2903
[2026-06-03 00:40:01] Epoch 01 train batch [480/1875] loss=0.1506 avg_loss=0.2876
[2026-06-03 00:40:04] Epoch 01 train batch [500/1875] loss=0.2217 avg_loss=0.2849
[2026-06-03 00:40:06] Epoch 01 train batch [520/1875] loss=0.1470 avg_loss=0.2834
[2026-06-03 00:40:08] Epoch 01 train batch [540/1875] loss=0.1184 avg_loss=0.2818
[2026-06-03 00:40:10] Epoch 01 train batch [560/1875] loss=0.1880 avg_loss=0.2802
[2026-06-03 00:40:13] Epoch 01 train batch [580/1875] loss=0.4090 avg_loss=0.2799
[2026-06-03 00:40:15] Epoch 01 train batch [600/1875] loss=0.1365 avg_loss=0.2778
[2026-06-03 00:40:18] Epoch 01 train batch [620/1875] loss=0.1660 avg_loss=0.2767
[2026-06-03 00:40:22] Epoch 01 train batch [640/1875] loss=0.1999 avg_loss=0.2756
[2026-06-03 00:40:26] Epoch 01 train batch [660/1875] loss=0.1282 avg_loss=0.2735
[2026-06-03 00:40:30] Epoch 01 train batch [680/1875] loss=0.1096 avg_loss=0.2706
[2026-06-03 00:40:33] Epoch 01 train batch [700/1875] loss=0.5148 avg_loss=0.2689
[2026-06-03 00:40:35] Epoch 01 train batch [720/1875] loss=0.1631 avg_loss=0.2683
[2026-06-03 00:40:37] Epoch 01 train batch [740/1875] loss=0.2336 avg_loss=0.2684
[2026-06-03 00:40:39] Epoch 01 train batch [760/1875] loss=0.1056 avg_loss=0.2707
[2026-06-03 00:40:41] Epoch 01 train batch [780/1875] loss=0.2604 avg_loss=0.2706
[2026-06-03 00:40:44] Epoch 01 train batch [800/1875] loss=0.2195 avg_loss=0.2693
[2026-06-03 00:40:46] Epoch 01 train batch [820/1875] loss=0.2235 avg_loss=0.2691
[2026-06-03 00:40:48] Epoch 01 train batch [840/1875] loss=0.2292 avg_loss=0.2683
[2026-06-03 00:40:52] Epoch 01 train batch [860/1875] loss=0.1952 avg_loss=0.2668
[2026-06-03 00:40:56] Epoch 01 train batch [880/1875] loss=0.1163 avg_loss=0.2663
[2026-06-03 00:41:01] Epoch 01 train batch [900/1875] loss=0.2341 avg_loss=0.2656
[2026-06-03 00:41:05] Epoch 01 train batch [920/1875] loss=0.1264 avg_loss=0.2647
[2026-06-03 00:41:09] Epoch 01 train batch [940/1875] loss=0.4020 avg_loss=0.2639
[2026-06-03 00:41:13] Epoch 01 train batch [960/1875] loss=0.1959 avg_loss=0.2631
[2026-06-03 00:41:18] Epoch 01 train batch [980/1875] loss=0.2954 avg_loss=0.2624
[2026-06-03 00:41:22] Epoch 01 train batch [1000/1875] loss=0.2961 avg_loss=0.2617
[2026-06-03 00:41:26] Epoch 01 train batch [1020/1875] loss=0.5876 avg_loss=0.2621
[2026-06-03 00:41:28] Epoch 01 train batch [1040/1875] loss=0.3087 avg_loss=0.2621
[2026-06-03 00:41:31] Epoch 01 train batch [1060/1875] loss=0.5735 avg_loss=0.2622
[2026-06-03 00:41:33] Epoch 01 train batch [1080/1875] loss=0.4222 avg_loss=0.2610
[2026-06-03 00:41:35] Epoch 01 train batch [1100/1875] loss=0.3376 avg_loss=0.2601
[2026-06-03 00:41:37] Epoch 01 train batch [1120/1875] loss=0.3683 avg_loss=0.2598
[2026-06-03 00:41:40] Epoch 01 train batch [1140/1875] loss=0.4367 avg_loss=0.2595
[2026-06-03 00:41:43] Epoch 01 train batch [1160/1875] loss=0.0662 avg_loss=0.2582
[2026-06-03 00:41:47] Epoch 01 train batch [1180/1875] loss=0.3563 avg_loss=0.2575
[2026-06-03 00:41:51] Epoch 01 train batch [1200/1875] loss=0.0446 avg_loss=0.2571
[2026-06-03 00:41:55] Epoch 01 train batch [1220/1875] loss=0.0512 avg_loss=0.2552
[2026-06-03 00:42:00] Epoch 01 train batch [1240/1875] loss=0.1451 avg_loss=0.2548
[2026-06-03 00:42:04] Epoch 01 train batch [1260/1875] loss=0.1268 avg_loss=0.2541
[2026-06-03 00:42:08] Epoch 01 train batch [1280/1875] loss=0.1521 avg_loss=0.2539
[2026-06-03 00:42:13] Epoch 01 train batch [1300/1875] loss=0.2696 avg_loss=0.2530
[2026-06-03 00:42:17] Epoch 01 train batch [1320/1875] loss=0.3341 avg_loss=0.2527
[2026-06-03 00:42:21] Epoch 01 train batch [1340/1875] loss=0.0767 avg_loss=0.2513
[2026-06-03 00:42:25] Epoch 01 train batch [1360/1875] loss=0.2027 avg_loss=0.2507
[2026-06-03 00:42:29] Epoch 01 train batch [1380/1875] loss=0.1305 avg_loss=0.2506
[2026-06-03 00:42:34] Epoch 01 train batch [1400/1875] loss=0.1298 avg_loss=0.2503
[2026-06-03 00:42:38] Epoch 01 train batch [1420/1875] loss=0.0773 avg_loss=0.2494
[2026-06-03 00:42:42] Epoch 01 train batch [1440/1875] loss=0.1705 avg_loss=0.2492
[2026-06-03 00:42:46] Epoch 01 train batch [1460/1875] loss=0.1940 avg_loss=0.2507
[2026-06-03 00:42:51] Epoch 01 train batch [1480/1875] loss=0.1640 avg_loss=0.2505
[2026-06-03 00:42:55] Epoch 01 train batch [1500/1875] loss=0.1744 avg_loss=0.2503
[2026-06-03 00:42:59] Epoch 01 train batch [1520/1875] loss=0.1454 avg_loss=0.2506
[2026-06-03 00:43:03] Epoch 01 train batch [1540/1875] loss=0.1202 avg_loss=0.2494
[2026-06-03 00:43:08] Epoch 01 train batch [1560/1875] loss=0.0058 avg_loss=0.2485
[2026-06-03 00:43:12] Epoch 01 train batch [1580/1875] loss=0.1877 avg_loss=0.2481
[2026-06-03 00:43:16] Epoch 01 train batch [1600/1875] loss=0.1196 avg_loss=0.2477
[2026-06-03 00:43:20] Epoch 01 train batch [1620/1875] loss=0.1810 avg_loss=0.2467
[2026-06-03 00:43:25] Epoch 01 train batch [1640/1875] loss=0.1474 avg_loss=0.2461
[2026-06-03 00:43:29] Epoch 01 train batch [1660/1875] loss=0.1762 avg_loss=0.2453
[2026-06-03 00:43:33] Epoch 01 train batch [1680/1875] loss=0.1513 avg_loss=0.2445
========== Training Session ==========
Started: 20260603-004344
Run name: resnet101-512x768-no_augment
Device: cuda:1
CUDA: NVIDIA GeForce RTX 4090 (47.38 GB)
Torch: 2.7.1+cu126
Classes: person, car, dog, cat, chair
Train dataset: 7500 images, 10642 boxes, 2500 empty images
Val dataset: 1500 images, 2021 boxes, 500 empty images
Train class counts: {'dog': 1028, 'person': 5829, 'chair': 1613, 'cat': 833, 'car': 1339}
Val class counts: {'dog': 206, 'chair': 282, 'person': 1074, 'car': 283, 'cat': 176}
Model: Faster R-CNN resnet101 FPN (60,037,165/60,259,565 trainable/total params)
Hyperparams: epochs=30, batch_size=4, lr=0.001, lr_milestones=[15, 25], lr_gamma=0.1, backbone=resnet101, min_size=512, max_size=768, score_threshold=0.5, augmentation=True, early_stopping=True, early_stopping_patience=7, early_stopping_min_delta=0.001, num_workers=2, log_interval=20
Saved results dir: saved_results/resnet101-512x768-no_augment
Checkpoint dir: saved_results/resnet101-512x768-no_augment/checkpoints
Best checkpoint: saved_results/resnet101-512x768-no_augment/checkpoints/best_model-20260603-004344.pth
Last checkpoint: saved_results/resnet101-512x768-no_augment/checkpoints/last_model-20260603-004344.pth
Log dir: saved_results/resnet101-512x768-no_augment/logs
=====================================
[2026-06-03 00:43:45] Training session initialized.
[2026-06-03 00:43:47] Epoch [01/30] started.
[2026-06-03 00:43:52] Epoch 01 train batch [20/1875] loss=0.6470 avg_loss=0.7278
[2026-06-03 00:43:56] Epoch 01 train batch [40/1875] loss=0.6052 avg_loss=0.5437
[2026-06-03 00:44:00] Epoch 01 train batch [60/1875] loss=0.3016 avg_loss=0.4600
[2026-06-03 00:44:04] Epoch 01 train batch [80/1875] loss=0.7381 avg_loss=0.4226
[2026-06-03 00:44:07] Epoch 01 train batch [100/1875] loss=0.2090 avg_loss=0.3961
[2026-06-03 00:44:09] Epoch 01 train batch [120/1875] loss=0.4022 avg_loss=0.3824
[2026-06-03 00:44:12] Epoch 01 train batch [140/1875] loss=0.1689 avg_loss=0.3615
[2026-06-03 00:44:14] Epoch 01 train batch [160/1875] loss=0.2430 avg_loss=0.3421
[2026-06-03 00:44:16] Epoch 01 train batch [180/1875] loss=0.3272 avg_loss=0.3381
[2026-06-03 00:44:18] Epoch 01 train batch [200/1875] loss=0.2598 avg_loss=0.3352
[2026-06-03 00:44:20] Epoch 01 train batch [220/1875] loss=0.4561 avg_loss=0.3277
[2026-06-03 00:44:24] Epoch 01 train batch [240/1875] loss=0.2628 avg_loss=0.3207
[2026-06-03 00:44:29] Epoch 01 train batch [260/1875] loss=0.1202 avg_loss=0.3155
[2026-06-03 00:44:33] Epoch 01 train batch [280/1875] loss=0.1971 avg_loss=0.3148
[2026-06-03 00:44:37] Epoch 01 train batch [300/1875] loss=0.1809 avg_loss=0.3133
[2026-06-03 00:44:41] Epoch 01 train batch [320/1875] loss=0.2409 avg_loss=0.3112
[2026-06-03 00:44:45] Epoch 01 train batch [340/1875] loss=0.3286 avg_loss=0.3073
[2026-06-03 00:44:50] Epoch 01 train batch [360/1875] loss=0.2742 avg_loss=0.3068
[2026-06-03 00:44:54] Epoch 01 train batch [380/1875] loss=0.2937 avg_loss=0.3035
[2026-06-03 00:44:58] Epoch 01 train batch [400/1875] loss=0.0973 avg_loss=0.3010
[2026-06-03 00:45:02] Epoch 01 train batch [420/1875] loss=0.2393 avg_loss=0.2969
[2026-06-03 00:45:07] Epoch 01 train batch [440/1875] loss=0.0844 avg_loss=0.2981
[2026-06-03 00:45:11] Epoch 01 train batch [460/1875] loss=0.1437 avg_loss=0.2970
[2026-06-03 00:45:15] Epoch 01 train batch [480/1875] loss=0.3033 avg_loss=0.2960
[2026-06-03 00:45:19] Epoch 01 train batch [500/1875] loss=0.3196 avg_loss=0.2940
[2026-06-03 00:45:24] Epoch 01 train batch [520/1875] loss=0.3888 avg_loss=0.2913
[2026-06-03 00:45:28] Epoch 01 train batch [540/1875] loss=0.3416 avg_loss=0.2900
[2026-06-03 00:45:32] Epoch 01 train batch [560/1875] loss=0.3765 avg_loss=0.2882
[2026-06-03 00:45:36] Epoch 01 train batch [580/1875] loss=0.1482 avg_loss=0.2871
[2026-06-03 00:45:41] Epoch 01 train batch [600/1875] loss=0.4091 avg_loss=0.2871
[2026-06-03 00:45:45] Epoch 01 train batch [620/1875] loss=0.1738 avg_loss=0.2869
[2026-06-03 00:45:49] Epoch 01 train batch [640/1875] loss=0.1044 avg_loss=0.2853
[2026-06-03 00:45:53] Epoch 01 train batch [660/1875] loss=0.1924 avg_loss=0.2844
[2026-06-03 00:45:58] Epoch 01 train batch [680/1875] loss=0.3279 avg_loss=0.2844
[2026-06-03 00:46:02] Epoch 01 train batch [700/1875] loss=0.0593 avg_loss=0.2835
[2026-06-03 00:46:06] Epoch 01 train batch [720/1875] loss=0.1899 avg_loss=0.2826
[2026-06-03 00:46:10] Epoch 01 train batch [740/1875] loss=0.0817 avg_loss=0.2817
[2026-06-03 00:46:15] Epoch 01 train batch [760/1875] loss=0.5273 avg_loss=0.2821
========== Training Session ==========
Started: 20260603-004728
Run name: resnet101-512x768-no_augment
Device: cuda:1
CUDA: NVIDIA GeForce RTX 4090 (47.38 GB)
Torch: 2.7.1+cu126
Classes: person, car, dog, cat, chair
Train dataset: 7500 images, 10642 boxes, 2500 empty images
Val dataset: 1500 images, 2021 boxes, 500 empty images
Train class counts: {'dog': 1028, 'person': 5829, 'chair': 1613, 'cat': 833, 'car': 1339}
Val class counts: {'dog': 206, 'chair': 282, 'person': 1074, 'car': 283, 'cat': 176}
Model: Faster R-CNN resnet101 FPN (60,037,165/60,259,565 trainable/total params)
Hyperparams: epochs=30, batch_size=4, lr=0.001, lr_milestones=[15, 25], lr_gamma=0.1, backbone=resnet101, min_size=512, max_size=768, score_threshold=0.5, augmentation=False, early_stopping=True, early_stopping_patience=7, early_stopping_min_delta=0.001, num_workers=2, log_interval=20
Saved results dir: saved_results/resnet101-512x768-no_augment
Checkpoint dir: saved_results/resnet101-512x768-no_augment/checkpoints
Best checkpoint: saved_results/resnet101-512x768-no_augment/checkpoints/best_model-20260603-004728.pth
Last checkpoint: saved_results/resnet101-512x768-no_augment/checkpoints/last_model-20260603-004728.pth
Log dir: saved_results/resnet101-512x768-no_augment/logs
=====================================
[2026-06-03 00:47:29] Training session initialized.
[2026-06-03 00:47:31] Epoch [01/30] started.
[2026-06-03 00:47:36] Epoch 01 train batch [20/1875] loss=0.2636 avg_loss=0.7640
[2026-06-03 00:47:40] Epoch 01 train batch [40/1875] loss=0.2113 avg_loss=0.5513
[2026-06-03 00:47:45] Epoch 01 train batch [60/1875] loss=0.3926 avg_loss=0.4420
[2026-06-03 00:47:49] Epoch 01 train batch [80/1875] loss=0.4306 avg_loss=0.3967
[2026-06-03 00:47:53] Epoch 01 train batch [100/1875] loss=0.4428 avg_loss=0.3753
[2026-06-03 00:47:57] Epoch 01 train batch [120/1875] loss=0.2043 avg_loss=0.3573
[2026-06-03 00:48:01] Epoch 01 train batch [140/1875] loss=0.1632 avg_loss=0.3494
[2026-06-03 00:48:05] Epoch 01 train batch [160/1875] loss=0.2951 avg_loss=0.3368
[2026-06-03 00:48:10] Epoch 01 train batch [180/1875] loss=0.4543 avg_loss=0.3341
[2026-06-03 00:48:14] Epoch 01 train batch [200/1875] loss=0.3597 avg_loss=0.3256
[2026-06-03 00:48:18] Epoch 01 train batch [220/1875] loss=0.1784 avg_loss=0.3222
[2026-06-03 00:48:23] Epoch 01 train batch [240/1875] loss=0.7268 avg_loss=0.3207
[2026-06-03 00:48:27] Epoch 01 train batch [260/1875] loss=0.1264 avg_loss=0.3203
[2026-06-03 00:48:31] Epoch 01 train batch [280/1875] loss=0.1799 avg_loss=0.3141
[2026-06-03 00:48:36] Epoch 01 train batch [300/1875] loss=0.2351 avg_loss=0.3147
[2026-06-03 00:48:40] Epoch 01 train batch [320/1875] loss=0.5460 avg_loss=0.3112
[2026-06-03 00:48:44] Epoch 01 train batch [340/1875] loss=0.1918 avg_loss=0.3117
[2026-06-03 00:48:48] Epoch 01 train batch [360/1875] loss=0.2355 avg_loss=0.3090
[2026-06-03 00:48:53] Epoch 01 train batch [380/1875] loss=0.2820 avg_loss=0.3112
[2026-06-03 00:48:57] Epoch 01 train batch [400/1875] loss=0.2612 avg_loss=0.3117
[2026-06-03 00:49:01] Epoch 01 train batch [420/1875] loss=0.4298 avg_loss=0.3112
[2026-06-03 00:49:05] Epoch 01 train batch [440/1875] loss=0.4536 avg_loss=0.3095
[2026-06-03 00:49:09] Epoch 01 train batch [460/1875] loss=0.4944 avg_loss=0.3072
[2026-06-03 00:49:13] Epoch 01 train batch [480/1875] loss=0.1704 avg_loss=0.3068
[2026-06-03 00:49:17] Epoch 01 train batch [500/1875] loss=0.5017 avg_loss=0.3100
[2026-06-03 00:49:20] Epoch 01 train batch [520/1875] loss=0.2751 avg_loss=0.3091
[2026-06-03 00:49:24] Epoch 01 train batch [540/1875] loss=0.5011 avg_loss=0.3099
[2026-06-03 00:49:27] Epoch 01 train batch [560/1875] loss=0.3019 avg_loss=0.3099
[2026-06-03 00:49:30] Epoch 01 train batch [580/1875] loss=0.4132 avg_loss=0.3088
[2026-06-03 00:49:34] Epoch 01 train batch [600/1875] loss=0.2375 avg_loss=0.3080
[2026-06-03 00:49:37] Epoch 01 train batch [620/1875] loss=0.1151 avg_loss=0.3051
[2026-06-03 00:49:41] Epoch 01 train batch [640/1875] loss=0.3742 avg_loss=0.3058
[2026-06-03 00:49:44] Epoch 01 train batch [660/1875] loss=0.2903 avg_loss=0.3071
[2026-06-03 00:49:48] Epoch 01 train batch [680/1875] loss=0.1983 avg_loss=0.3060
[2026-06-03 00:49:51] Epoch 01 train batch [700/1875] loss=0.1959 avg_loss=0.3057
[2026-06-03 00:49:55] Epoch 01 train batch [720/1875] loss=0.4106 avg_loss=0.3063
[2026-06-03 00:49:58] Epoch 01 train batch [740/1875] loss=0.4551 avg_loss=0.3042
[2026-06-03 00:50:01] Epoch 01 train batch [760/1875] loss=0.3085 avg_loss=0.3024
[2026-06-03 00:50:05] Epoch 01 train batch [780/1875] loss=0.2724 avg_loss=0.3012
[2026-06-03 00:50:08] Epoch 01 train batch [800/1875] loss=0.2031 avg_loss=0.3000
[2026-06-03 00:50:12] Epoch 01 train batch [820/1875] loss=0.3192 avg_loss=0.2998
[2026-06-03 00:50:16] Epoch 01 train batch [840/1875] loss=0.2422 avg_loss=0.2979
[2026-06-03 00:50:20] Epoch 01 train batch [860/1875] loss=0.2443 avg_loss=0.2959
[2026-06-03 00:50:24] Epoch 01 train batch [880/1875] loss=0.2150 avg_loss=0.2960
[2026-06-03 00:50:28] Epoch 01 train batch [900/1875] loss=0.4528 avg_loss=0.2958
[2026-06-03 00:50:32] Epoch 01 train batch [920/1875] loss=0.2791 avg_loss=0.2949
[2026-06-03 00:50:36] Epoch 01 train batch [940/1875] loss=0.2603 avg_loss=0.2943
[2026-06-03 00:50:40] Epoch 01 train batch [960/1875] loss=0.1962 avg_loss=0.2927
[2026-06-03 00:50:44] Epoch 01 train batch [980/1875] loss=0.1093 avg_loss=0.2909
[2026-06-03 00:50:48] Epoch 01 train batch [1000/1875] loss=0.4289 avg_loss=0.2898
[2026-06-03 00:50:51] Epoch 01 train batch [1020/1875] loss=0.4253 avg_loss=0.2891
[2026-06-03 00:50:55] Epoch 01 train batch [1040/1875] loss=0.0624 avg_loss=0.2874
[2026-06-03 00:51:00] Epoch 01 train batch [1060/1875] loss=0.3662 avg_loss=0.2866
[2026-06-03 00:51:04] Epoch 01 train batch [1080/1875] loss=0.1356 avg_loss=0.2855
[2026-06-03 00:51:08] Epoch 01 train batch [1100/1875] loss=0.3024 avg_loss=0.2845
[2026-06-03 00:51:12] Epoch 01 train batch [1120/1875] loss=0.3397 avg_loss=0.2841
[2026-06-03 00:51:16] Epoch 01 train batch [1140/1875] loss=0.1031 avg_loss=0.2833
[2026-06-03 00:51:20] Epoch 01 train batch [1160/1875] loss=0.2785 avg_loss=0.2825
[2026-06-03 00:51:25] Epoch 01 train batch [1180/1875] loss=0.3871 avg_loss=0.2820
[2026-06-03 00:51:29] Epoch 01 train batch [1200/1875] loss=0.1752 avg_loss=0.2810
[2026-06-03 00:51:33] Epoch 01 train batch [1220/1875] loss=0.2287 avg_loss=0.2807
[2026-06-03 00:51:37] Epoch 01 train batch [1240/1875] loss=0.3246 avg_loss=0.2797
[2026-06-03 00:51:41] Epoch 01 train batch [1260/1875] loss=0.0719 avg_loss=0.2788
[2026-06-03 00:51:46] Epoch 01 train batch [1280/1875] loss=0.2115 avg_loss=0.2784
[2026-06-03 00:51:50] Epoch 01 train batch [1300/1875] loss=0.2415 avg_loss=0.2769
[2026-06-03 00:51:54] Epoch 01 train batch [1320/1875] loss=0.7288 avg_loss=0.2754
[2026-06-03 00:51:58] Epoch 01 train batch [1340/1875] loss=0.2453 avg_loss=0.2758
[2026-06-03 00:52:02] Epoch 01 train batch [1360/1875] loss=0.2876 avg_loss=0.2758
[2026-06-03 00:52:07] Epoch 01 train batch [1380/1875] loss=0.2153 avg_loss=0.2744
[2026-06-03 00:52:11] Epoch 01 train batch [1400/1875] loss=0.1366 avg_loss=0.2735
[2026-06-03 00:52:15] Epoch 01 train batch [1420/1875] loss=0.3039 avg_loss=0.2723
[2026-06-03 00:52:19] Epoch 01 train batch [1440/1875] loss=0.0451 avg_loss=0.2718
[2026-06-03 00:52:24] Epoch 01 train batch [1460/1875] loss=0.3149 avg_loss=0.2714
[2026-06-03 00:52:28] Epoch 01 train batch [1480/1875] loss=0.3407 avg_loss=0.2708
[2026-06-03 00:52:32] Epoch 01 train batch [1500/1875] loss=0.1217 avg_loss=0.2696
[2026-06-03 00:52:36] Epoch 01 train batch [1520/1875] loss=0.1937 avg_loss=0.2693
[2026-06-03 00:52:40] Epoch 01 train batch [1540/1875] loss=0.1005 avg_loss=0.2681
[2026-06-03 00:52:45] Epoch 01 train batch [1560/1875] loss=0.2845 avg_loss=0.2673
[2026-06-03 00:52:49] Epoch 01 train batch [1580/1875] loss=0.1638 avg_loss=0.2669
[2026-06-03 00:52:53] Epoch 01 train batch [1600/1875] loss=0.2206 avg_loss=0.2661
[2026-06-03 00:52:57] Epoch 01 train batch [1620/1875] loss=0.1602 avg_loss=0.2654
[2026-06-03 00:53:01] Epoch 01 train batch [1640/1875] loss=0.5675 avg_loss=0.2653
[2026-06-03 00:53:06] Epoch 01 train batch [1660/1875] loss=0.2796 avg_loss=0.2644
[2026-06-03 00:53:10] Epoch 01 train batch [1680/1875] loss=0.4870 avg_loss=0.2640
[2026-06-03 00:53:14] Epoch 01 train batch [1700/1875] loss=0.0836 avg_loss=0.2640
[2026-06-03 00:53:18] Epoch 01 train batch [1720/1875] loss=0.1911 avg_loss=0.2631
[2026-06-03 00:53:22] Epoch 01 train batch [1740/1875] loss=0.1602 avg_loss=0.2627
[2026-06-03 00:53:27] Epoch 01 train batch [1760/1875] loss=0.1072 avg_loss=0.2618
[2026-06-03 00:53:31] Epoch 01 train batch [1780/1875] loss=0.4498 avg_loss=0.2621
[2026-06-03 00:53:35] Epoch 01 train batch [1800/1875] loss=0.2960 avg_loss=0.2616
[2026-06-03 00:53:39] Epoch 01 train batch [1820/1875] loss=0.1346 avg_loss=0.2609
[2026-06-03 00:53:43] Epoch 01 train batch [1840/1875] loss=0.0688 avg_loss=0.2605
[2026-06-03 00:53:47] Epoch 01 train batch [1860/1875] loss=0.0806 avg_loss=0.2598
[2026-06-03 00:53:51] Epoch 01 train batch [1875/1875] loss=0.4427 avg_loss=0.2596
[2026-06-03 00:53:51] Epoch 01 training completed. Computing validation loss.
[2026-06-03 00:54:46] Epoch 01 validation loss completed: 0.2122. Computing detection metrics.
[2026-06-03 00:55:30] Epoch 01 metrics computed. Saving artifacts.
[2026-06-03 00:55:31] Epoch 01 improved mAP@0.5 to 0.2052. Saved best checkpoint: best_model-20260603-004728.pth.
Epoch [01/30]
├── Train Loss : 0.2596
│   ├── loss_classifier  : 0.1040
│   ├── loss_box_reg     : 0.1069
│   ├── loss_objectness  : 0.0387
│   └── loss_rpn_box_reg : 0.0100
├── Val Loss   : 0.2122
├── mAP@0.5    : 0.2052
├── mAP@0.75   : 0.0191
├── mAP@0.5:0.95 : 0.0659
├── Precision  : 0.2313
├── Recall     : 0.5918
├── GT Boxes   : 2021
├── Predictions: 5170
├── Per-class AP
│   ├── person  : AP50=0.5170, AP75=0.0507, AP50:95=0.1705, P=0.2384, R=0.8492
│   ├── car     : AP50=0.1538, AP75=0.0021, AP50:95=0.0389, P=0.2894, R=0.3180
│   ├── dog     : AP50=0.0222, AP75=0.0055, AP50:95=0.0099, P=0.5833, R=0.0340
│   ├── cat     : AP50=0.1350, AP75=0.0187, AP50:95=0.0452, P=0.4017, R=0.2670
│   └── chair   : AP50=0.1978, AP75=0.0187, AP50:95=0.0647, P=0.1547, R=0.4965
├── LR         : 0.001000
└── Time       : 478.7s
[2026-06-03 00:55:31] Epoch [01/30] completed.
[2026-06-03 00:55:31] Epoch [02/30] started.
[2026-06-03 00:55:35] Epoch 02 train batch [20/1875] loss=0.1696 avg_loss=0.1907
[2026-06-03 00:55:40] Epoch 02 train batch [40/1875] loss=0.1112 avg_loss=0.2185
[2026-06-03 00:55:44] Epoch 02 train batch [60/1875] loss=0.1959 avg_loss=0.2110
[2026-06-03 00:55:48] Epoch 02 train batch [80/1875] loss=0.3111 avg_loss=0.2104
[2026-06-03 00:55:52] Epoch 02 train batch [100/1875] loss=0.2187 avg_loss=0.2061
[2026-06-03 00:55:57] Epoch 02 train batch [120/1875] loss=0.1128 avg_loss=0.2028
[2026-06-03 00:56:01] Epoch 02 train batch [140/1875] loss=0.2974 avg_loss=0.1993
[2026-06-03 00:56:05] Epoch 02 train batch [160/1875] loss=0.3325 avg_loss=0.2042
[2026-06-03 00:56:09] Epoch 02 train batch [180/1875] loss=0.0140 avg_loss=0.2042
[2026-06-03 00:56:13] Epoch 02 train batch [200/1875] loss=0.3126 avg_loss=0.2030
[2026-06-03 00:56:18] Epoch 02 train batch [220/1875] loss=0.1116 avg_loss=0.2004
[2026-06-03 00:56:22] Epoch 02 train batch [240/1875] loss=0.2565 avg_loss=0.2019
[2026-06-03 00:56:26] Epoch 02 train batch [260/1875] loss=0.2057 avg_loss=0.2045
[2026-06-03 00:56:30] Epoch 02 train batch [280/1875] loss=0.3070 avg_loss=0.2072
[2026-06-03 00:56:35] Epoch 02 train batch [300/1875] loss=0.2391 avg_loss=0.2063
[2026-06-03 00:56:39] Epoch 02 train batch [320/1875] loss=0.0816 avg_loss=0.2060
[2026-06-03 00:56:43] Epoch 02 train batch [340/1875] loss=0.7047 avg_loss=0.2081
[2026-06-03 00:56:47] Epoch 02 train batch [360/1875] loss=0.3850 avg_loss=0.2081
[2026-06-03 00:56:50] Epoch 02 train batch [380/1875] loss=0.0772 avg_loss=0.2111
[2026-06-03 00:56:54] Epoch 02 train batch [400/1875] loss=0.1323 avg_loss=0.2139
[2026-06-03 00:56:57] Epoch 02 train batch [420/1875] loss=0.2210 avg_loss=0.2151
[2026-06-03 00:57:01] Epoch 02 train batch [440/1875] loss=0.1068 avg_loss=0.2147
[2026-06-03 00:57:04] Epoch 02 train batch [460/1875] loss=0.0914 avg_loss=0.2127
[2026-06-03 00:57:08] Epoch 02 train batch [480/1875] loss=0.1463 avg_loss=0.2113
[2026-06-03 00:57:11] Epoch 02 train batch [500/1875] loss=0.0638 avg_loss=0.2111
[2026-06-03 00:57:15] Epoch 02 train batch [520/1875] loss=0.3945 avg_loss=0.2096
[2026-06-03 00:57:18] Epoch 02 train batch [540/1875] loss=0.1230 avg_loss=0.2086
[2026-06-03 00:57:22] Epoch 02 train batch [560/1875] loss=0.3461 avg_loss=0.2094
[2026-06-03 00:57:26] Epoch 02 train batch [580/1875] loss=0.5452 avg_loss=0.2103
[2026-06-03 00:57:29] Epoch 02 train batch [600/1875] loss=0.2113 avg_loss=0.2102
[2026-06-03 00:57:33] Epoch 02 train batch [620/1875] loss=0.0812 avg_loss=0.2102
[2026-06-03 00:57:36] Epoch 02 train batch [640/1875] loss=0.3133 avg_loss=0.2115
[2026-06-03 00:57:40] Epoch 02 train batch [660/1875] loss=0.4185 avg_loss=0.2104
[2026-06-03 00:57:43] Epoch 02 train batch [680/1875] loss=0.2533 avg_loss=0.2107
[2026-06-03 00:57:47] Epoch 02 train batch [700/1875] loss=0.1759 avg_loss=0.2090
[2026-06-03 00:57:51] Epoch 02 train batch [720/1875] loss=0.2736 avg_loss=0.2101
[2026-06-03 00:57:55] Epoch 02 train batch [740/1875] loss=0.0420 avg_loss=0.2103
[2026-06-03 00:58:00] Epoch 02 train batch [760/1875] loss=0.1450 avg_loss=0.2107
[2026-06-03 00:58:03] Epoch 02 train batch [780/1875] loss=0.1046 avg_loss=0.2112
[2026-06-03 00:58:08] Epoch 02 train batch [800/1875] loss=0.2361 avg_loss=0.2122
[2026-06-03 00:58:12] Epoch 02 train batch [820/1875] loss=0.5001 avg_loss=0.2120
[2026-06-03 00:58:16] Epoch 02 train batch [840/1875] loss=0.1150 avg_loss=0.2114
[2026-06-03 00:58:20] Epoch 02 train batch [860/1875] loss=0.0314 avg_loss=0.2111
[2026-06-03 00:58:22] Epoch 02 train batch [880/1875] loss=0.0914 avg_loss=0.2100
[2026-06-03 00:58:26] Epoch 02 train batch [900/1875] loss=0.1881 avg_loss=0.2105
[2026-06-03 00:58:30] Epoch 02 train batch [920/1875] loss=0.0455 avg_loss=0.2099
[2026-06-03 00:58:35] Epoch 02 train batch [940/1875] loss=0.0977 avg_loss=0.2100
[2026-06-03 00:58:39] Epoch 02 train batch [960/1875] loss=0.3473 avg_loss=0.2096
[2026-06-03 00:58:43] Epoch 02 train batch [980/1875] loss=0.2734 avg_loss=0.2085
[2026-06-03 00:58:47] Epoch 02 train batch [1000/1875] loss=0.2510 avg_loss=0.2075
[2026-06-03 00:58:52] Epoch 02 train batch [1020/1875] loss=0.1887 avg_loss=0.2077
[2026-06-03 00:58:56] Epoch 02 train batch [1040/1875] loss=0.0193 avg_loss=0.2073
[2026-06-03 00:59:00] Epoch 02 train batch [1060/1875] loss=0.1050 avg_loss=0.2078
[2026-06-03 00:59:04] Epoch 02 train batch [1080/1875] loss=0.1802 avg_loss=0.2090
[2026-06-03 00:59:08] Epoch 02 train batch [1100/1875] loss=0.0737 avg_loss=0.2087
[2026-06-03 00:59:13] Epoch 02 train batch [1120/1875] loss=0.0607 avg_loss=0.2085
[2026-06-03 00:59:17] Epoch 02 train batch [1140/1875] loss=0.2997 avg_loss=0.2086
[2026-06-03 00:59:21] Epoch 02 train batch [1160/1875] loss=0.4444 avg_loss=0.2085
[2026-06-03 00:59:25] Epoch 02 train batch [1180/1875] loss=0.1873 avg_loss=0.2081
[2026-06-03 00:59:30] Epoch 02 train batch [1200/1875] loss=0.3471 avg_loss=0.2078
[2026-06-03 00:59:34] Epoch 02 train batch [1220/1875] loss=0.1315 avg_loss=0.2087
[2026-06-03 00:59:38] Epoch 02 train batch [1240/1875] loss=0.1353 avg_loss=0.2083
[2026-06-03 00:59:42] Epoch 02 train batch [1260/1875] loss=0.5288 avg_loss=0.2085
[2026-06-03 00:59:47] Epoch 02 train batch [1280/1875] loss=0.2477 avg_loss=0.2084
[2026-06-03 00:59:51] Epoch 02 train batch [1300/1875] loss=0.1690 avg_loss=0.2078
[2026-06-03 00:59:55] Epoch 02 train batch [1320/1875] loss=0.0585 avg_loss=0.2079
[2026-06-03 00:59:59] Epoch 02 train batch [1340/1875] loss=0.2617 avg_loss=0.2070
[2026-06-03 01:00:04] Epoch 02 train batch [1360/1875] loss=0.1581 avg_loss=0.2067
[2026-06-03 01:00:08] Epoch 02 train batch [1380/1875] loss=0.1408 avg_loss=0.2071
[2026-06-03 01:00:12] Epoch 02 train batch [1400/1875] loss=0.1729 avg_loss=0.2066
[2026-06-03 01:00:16] Epoch 02 train batch [1420/1875] loss=0.1006 avg_loss=0.2067
[2026-06-03 01:00:20] Epoch 02 train batch [1440/1875] loss=0.1046 avg_loss=0.2063
[2026-06-03 01:00:24] Epoch 02 train batch [1460/1875] loss=0.3535 avg_loss=0.2074
[2026-06-03 01:00:28] Epoch 02 train batch [1480/1875] loss=0.2245 avg_loss=0.2077
[2026-06-03 01:00:33] Epoch 02 train batch [1500/1875] loss=0.0708 avg_loss=0.2069
[2026-06-03 01:00:37] Epoch 02 train batch [1520/1875] loss=0.0912 avg_loss=0.2067
[2026-06-03 01:00:41] Epoch 02 train batch [1540/1875] loss=0.2091 avg_loss=0.2066
[2026-06-03 01:00:45] Epoch 02 train batch [1560/1875] loss=0.1361 avg_loss=0.2061
[2026-06-03 01:00:50] Epoch 02 train batch [1580/1875] loss=0.2385 avg_loss=0.2070
[2026-06-03 01:00:54] Epoch 02 train batch [1600/1875] loss=0.0401 avg_loss=0.2069
[2026-06-03 01:00:58] Epoch 02 train batch [1620/1875] loss=0.3096 avg_loss=0.2073
[2026-06-03 01:01:02] Epoch 02 train batch [1640/1875] loss=0.0595 avg_loss=0.2072
[2026-06-03 01:01:07] Epoch 02 train batch [1660/1875] loss=0.1913 avg_loss=0.2067
[2026-06-03 01:01:11] Epoch 02 train batch [1680/1875] loss=0.5950 avg_loss=0.2067
[2026-06-03 01:01:15] Epoch 02 train batch [1700/1875] loss=0.1776 avg_loss=0.2068
[2026-06-03 01:01:19] Epoch 02 train batch [1720/1875] loss=0.0524 avg_loss=0.2065
[2026-06-03 01:01:24] Epoch 02 train batch [1740/1875] loss=0.2498 avg_loss=0.2072
[2026-06-03 01:01:28] Epoch 02 train batch [1760/1875] loss=0.1284 avg_loss=0.2071
[2026-06-03 01:01:32] Epoch 02 train batch [1780/1875] loss=0.2405 avg_loss=0.2068
[2026-06-03 01:01:36] Epoch 02 train batch [1800/1875] loss=0.2135 avg_loss=0.2064
[2026-06-03 01:01:40] Epoch 02 train batch [1820/1875] loss=0.1260 avg_loss=0.2060
[2026-06-03 01:01:45] Epoch 02 train batch [1840/1875] loss=0.1755 avg_loss=0.2063
[2026-06-03 01:01:49] Epoch 02 train batch [1860/1875] loss=0.2673 avg_loss=0.2065
[2026-06-03 01:01:52] Epoch 02 train batch [1875/1875] loss=0.3405 avg_loss=0.2066
[2026-06-03 01:01:52] Epoch 02 training completed. Computing validation loss.
[2026-06-03 01:02:47] Epoch 02 validation loss completed: 0.1966. Computing detection metrics.
[2026-06-03 01:03:30] Epoch 02 metrics computed. Saving artifacts.
[2026-06-03 01:03:32] Epoch 02 improved mAP@0.5 to 0.5972. Saved best checkpoint: best_model-20260603-004728.pth.
Epoch [02/30]
├── Train Loss : 0.2066
│   ├── loss_classifier  : 0.0737
│   ├── loss_box_reg     : 0.1086
│   ├── loss_objectness  : 0.0158
│   └── loss_rpn_box_reg : 0.0085
├── Val Loss   : 0.1966
├── mAP@0.5    : 0.5972
├── mAP@0.75   : 0.1492
├── mAP@0.5:0.95 : 0.2503
├── Precision  : 0.3846
├── Recall     : 0.7768
├── GT Boxes   : 2021
├── Predictions: 4082
├── Per-class AP
│   ├── person  : AP50=0.7283, AP75=0.2153, AP50:95=0.3207, P=0.4259, R=0.8399
│   ├── car     : AP50=0.4960, AP75=0.0834, AP50:95=0.1835, P=0.3877, R=0.6219
│   ├── dog     : AP50=0.6369, AP75=0.1583, AP50:95=0.2641, P=0.3333, R=0.8398
│   ├── cat     : AP50=0.7213, AP75=0.2333, AP50:95=0.3348, P=0.4671, R=0.8068
│   └── chair   : AP50=0.4036, AP75=0.0557, AP50:95=0.1485, P=0.2576, R=0.6277
├── LR         : 0.001000
└── Time       : 479.0s
[2026-06-03 01:03:32] Epoch [02/30] completed.
[2026-06-03 01:03:32] Epoch [03/30] started.
[2026-06-03 01:03:36] Epoch 03 train batch [20/1875] loss=0.2925 avg_loss=0.1938
[2026-06-03 01:03:40] Epoch 03 train batch [40/1875] loss=0.1088 avg_loss=0.2157
[2026-06-03 01:03:45] Epoch 03 train batch [60/1875] loss=0.2003 avg_loss=0.1976
[2026-06-03 01:03:49] Epoch 03 train batch [80/1875] loss=0.3551 avg_loss=0.2064
[2026-06-03 01:03:53] Epoch 03 train batch [100/1875] loss=0.2800 avg_loss=0.2118
[2026-06-03 01:03:57] Epoch 03 train batch [120/1875] loss=0.0676 avg_loss=0.2081
[2026-06-03 01:04:02] Epoch 03 train batch [140/1875] loss=0.0998 avg_loss=0.2085
[2026-06-03 01:04:06] Epoch 03 train batch [160/1875] loss=0.0769 avg_loss=0.2069
[2026-06-03 01:04:10] Epoch 03 train batch [180/1875] loss=0.3135 avg_loss=0.2075
[2026-06-03 01:04:14] Epoch 03 train batch [200/1875] loss=0.4511 avg_loss=0.2050
[2026-06-03 01:04:18] Epoch 03 train batch [220/1875] loss=0.1521 avg_loss=0.2015
[2026-06-03 01:04:22] Epoch 03 train batch [240/1875] loss=0.0886 avg_loss=0.2030
[2026-06-03 01:04:26] Epoch 03 train batch [260/1875] loss=0.2676 avg_loss=0.2025
[2026-06-03 01:04:30] Epoch 03 train batch [280/1875] loss=0.2692 avg_loss=0.2025
[2026-06-03 01:04:33] Epoch 03 train batch [300/1875] loss=0.1027 avg_loss=0.2021
[2026-06-03 01:04:36] Epoch 03 train batch [320/1875] loss=0.3461 avg_loss=0.2023
[2026-06-03 01:04:40] Epoch 03 train batch [340/1875] loss=0.7273 avg_loss=0.2033
[2026-06-03 01:04:44] Epoch 03 train batch [360/1875] loss=0.1727 avg_loss=0.2034
[2026-06-03 01:04:47] Epoch 03 train batch [380/1875] loss=0.3853 avg_loss=0.2028
[2026-06-03 01:04:51] Epoch 03 train batch [400/1875] loss=0.1533 avg_loss=0.2041
[2026-06-03 01:04:54] Epoch 03 train batch [420/1875] loss=0.1904 avg_loss=0.2055
[2026-06-03 01:04:58] Epoch 03 train batch [440/1875] loss=0.0885 avg_loss=0.2044
[2026-06-03 01:05:01] Epoch 03 train batch [460/1875] loss=0.1460 avg_loss=0.2057
[2026-06-03 01:05:05] Epoch 03 train batch [480/1875] loss=0.2925 avg_loss=0.2060
[2026-06-03 01:05:09] Epoch 03 train batch [500/1875] loss=0.0882 avg_loss=0.2069
[2026-06-03 01:05:12] Epoch 03 train batch [520/1875] loss=0.0437 avg_loss=0.2054
[2026-06-03 01:05:16] Epoch 03 train batch [540/1875] loss=0.1129 avg_loss=0.2053
[2026-06-03 01:05:19] Epoch 03 train batch [560/1875] loss=0.4766 avg_loss=0.2046
[2026-06-03 01:05:23] Epoch 03 train batch [580/1875] loss=0.2737 avg_loss=0.2033
[2026-06-03 01:05:28] Epoch 03 train batch [600/1875] loss=0.2717 avg_loss=0.2049
[2026-06-03 01:05:32] Epoch 03 train batch [620/1875] loss=0.2649 avg_loss=0.2057
[2026-06-03 01:05:36] Epoch 03 train batch [640/1875] loss=0.1467 avg_loss=0.2045
[2026-06-03 01:05:40] Epoch 03 train batch [660/1875] loss=0.2561 avg_loss=0.2044
[2026-06-03 01:05:44] Epoch 03 train batch [680/1875] loss=0.4735 avg_loss=0.2034
[2026-06-03 01:05:48] Epoch 03 train batch [700/1875] loss=0.1176 avg_loss=0.2023
[2026-06-03 01:05:52] Epoch 03 train batch [720/1875] loss=0.0586 avg_loss=0.2018
[2026-06-03 01:05:56] Epoch 03 train batch [740/1875] loss=0.1924 avg_loss=0.2012
[2026-06-03 01:06:00] Epoch 03 train batch [760/1875] loss=0.1456 avg_loss=0.2013
[2026-06-03 01:06:04] Epoch 03 train batch [780/1875] loss=0.2651 avg_loss=0.2029
[2026-06-03 01:06:08] Epoch 03 train batch [800/1875] loss=0.1407 avg_loss=0.2028
[2026-06-03 01:06:12] Epoch 03 train batch [820/1875] loss=0.2604 avg_loss=0.2023
[2026-06-03 01:06:17] Epoch 03 train batch [840/1875] loss=0.1811 avg_loss=0.2030
[2026-06-03 01:06:21] Epoch 03 train batch [860/1875] loss=0.2647 avg_loss=0.2028
[2026-06-03 01:06:25] Epoch 03 train batch [880/1875] loss=0.2401 avg_loss=0.2032
[2026-06-03 01:06:29] Epoch 03 train batch [900/1875] loss=0.4566 avg_loss=0.2032
[2026-06-03 01:06:33] Epoch 03 train batch [920/1875] loss=0.0953 avg_loss=0.2015
[2026-06-03 01:06:38] Epoch 03 train batch [940/1875] loss=0.1306 avg_loss=0.2022
[2026-06-03 01:06:42] Epoch 03 train batch [960/1875] loss=0.3233 avg_loss=0.2021
[2026-06-03 01:06:46] Epoch 03 train batch [980/1875] loss=0.1780 avg_loss=0.2019
[2026-06-03 01:06:50] Epoch 03 train batch [1000/1875] loss=0.1679 avg_loss=0.2020
[2026-06-03 01:06:54] Epoch 03 train batch [1020/1875] loss=0.1576 avg_loss=0.2016
[2026-06-03 01:06:58] Epoch 03 train batch [1040/1875] loss=0.2243 avg_loss=0.2018
[2026-06-03 01:07:02] Epoch 03 train batch [1060/1875] loss=0.2317 avg_loss=0.2023
[2026-06-03 01:07:07] Epoch 03 train batch [1080/1875] loss=0.1907 avg_loss=0.2032
[2026-06-03 01:07:11] Epoch 03 train batch [1100/1875] loss=0.0657 avg_loss=0.2035
[2026-06-03 01:07:15] Epoch 03 train batch [1120/1875] loss=0.0619 avg_loss=0.2042
[2026-06-03 01:07:19] Epoch 03 train batch [1140/1875] loss=0.4817 avg_loss=0.2045
[2026-06-03 01:07:23] Epoch 03 train batch [1160/1875] loss=0.2793 avg_loss=0.2044
[2026-06-03 01:07:28] Epoch 03 train batch [1180/1875] loss=0.1168 avg_loss=0.2040
[2026-06-03 01:07:32] Epoch 03 train batch [1200/1875] loss=0.1952 avg_loss=0.2033
[2026-06-03 01:07:36] Epoch 03 train batch [1220/1875] loss=0.1903 avg_loss=0.2026
[2026-06-03 01:07:40] Epoch 03 train batch [1240/1875] loss=0.2199 avg_loss=0.2020
[2026-06-03 01:07:44] Epoch 03 train batch [1260/1875] loss=0.1813 avg_loss=0.2011
[2026-06-03 01:07:48] Epoch 03 train batch [1280/1875] loss=0.1453 avg_loss=0.2011
[2026-06-03 01:07:53] Epoch 03 train batch [1300/1875] loss=0.1949 avg_loss=0.2007
[2026-06-03 01:07:57] Epoch 03 train batch [1320/1875] loss=0.1183 avg_loss=0.2004
[2026-06-03 01:08:01] Epoch 03 train batch [1340/1875] loss=0.1926 avg_loss=0.2005
[2026-06-03 01:08:05] Epoch 03 train batch [1360/1875] loss=0.2099 avg_loss=0.2002
[2026-06-03 01:08:09] Epoch 03 train batch [1380/1875] loss=0.1570 avg_loss=0.2007
[2026-06-03 01:08:14] Epoch 03 train batch [1400/1875] loss=0.2964 avg_loss=0.2015
[2026-06-03 01:08:18] Epoch 03 train batch [1420/1875] loss=0.2904 avg_loss=0.2014
[2026-06-03 01:08:22] Epoch 03 train batch [1440/1875] loss=0.1066 avg_loss=0.2013
[2026-06-03 01:08:26] Epoch 03 train batch [1460/1875] loss=0.3092 avg_loss=0.2018
[2026-06-03 01:08:31] Epoch 03 train batch [1480/1875] loss=0.0430 avg_loss=0.2016
[2026-06-03 01:08:35] Epoch 03 train batch [1500/1875] loss=0.0457 avg_loss=0.2013
[2026-06-03 01:08:39] Epoch 03 train batch [1520/1875] loss=0.2959 avg_loss=0.2006
[2026-06-03 01:08:43] Epoch 03 train batch [1540/1875] loss=0.2133 avg_loss=0.2006
[2026-06-03 01:08:47] Epoch 03 train batch [1560/1875] loss=0.1607 avg_loss=0.1997
[2026-06-03 01:08:52] Epoch 03 train batch [1580/1875] loss=0.0741 avg_loss=0.1995
[2026-06-03 01:08:56] Epoch 03 train batch [1600/1875] loss=0.1561 avg_loss=0.1992
[2026-06-03 01:09:00] Epoch 03 train batch [1620/1875] loss=0.0936 avg_loss=0.1989
[2026-06-03 01:09:04] Epoch 03 train batch [1640/1875] loss=0.0032 avg_loss=0.1984
[2026-06-03 01:09:09] Epoch 03 train batch [1660/1875] loss=0.1661 avg_loss=0.1993
[2026-06-03 01:09:13] Epoch 03 train batch [1680/1875] loss=0.1210 avg_loss=0.1988
[2026-06-03 01:09:17] Epoch 03 train batch [1700/1875] loss=0.0555 avg_loss=0.1980
[2026-06-03 01:09:21] Epoch 03 train batch [1720/1875] loss=0.3248 avg_loss=0.1980
[2026-06-03 01:09:26] Epoch 03 train batch [1740/1875] loss=0.1656 avg_loss=0.1983
[2026-06-03 01:09:30] Epoch 03 train batch [1760/1875] loss=0.2532 avg_loss=0.1987
[2026-06-03 01:09:34] Epoch 03 train batch [1780/1875] loss=0.7220 avg_loss=0.1992
[2026-06-03 01:09:38] Epoch 03 train batch [1800/1875] loss=0.3927 avg_loss=0.1989
[2026-06-03 01:09:42] Epoch 03 train batch [1820/1875] loss=0.1891 avg_loss=0.1986
[2026-06-03 01:09:47] Epoch 03 train batch [1840/1875] loss=0.1076 avg_loss=0.1982
[2026-06-03 01:09:51] Epoch 03 train batch [1860/1875] loss=0.0633 avg_loss=0.1978
[2026-06-03 01:09:54] Epoch 03 train batch [1875/1875] loss=0.0757 avg_loss=0.1978
[2026-06-03 01:09:54] Epoch 03 training completed. Computing validation loss.
[2026-06-03 01:10:50] Epoch 03 validation loss completed: 0.1890. Computing detection metrics.
[2026-06-03 01:11:33] Epoch 03 metrics computed. Saving artifacts.
[2026-06-03 01:11:35] Epoch 03 improved mAP@0.5 to 0.6877. Saved best checkpoint: best_model-20260603-004728.pth.
Epoch [03/30]
├── Train Loss : 0.1978
│   ├── loss_classifier  : 0.0676
│   ├── loss_box_reg     : 0.1110
│   ├── loss_objectness  : 0.0118
│   └── loss_rpn_box_reg : 0.0074
├── Val Loss   : 0.1890
├── mAP@0.5    : 0.6877
├── mAP@0.75   : 0.2464
├── mAP@0.5:0.95 : 0.3225
├── Precision  : 0.4233
├── Recall     : 0.8105
├── GT Boxes   : 2021
├── Predictions: 3870
├── Per-class AP
│   ├── person  : AP50=0.7779, AP75=0.2638, AP50:95=0.3518, P=0.3933, R=0.8771
│   ├── car     : AP50=0.6041, AP75=0.2377, AP50:95=0.2874, P=0.4522, R=0.6855
│   ├── dog     : AP50=0.7719, AP75=0.3319, AP50:95=0.3829, P=0.5285, R=0.8544
│   ├── cat     : AP50=0.8130, AP75=0.3180, AP50:95=0.4032, P=0.5984, R=0.8636
│   └── chair   : AP50=0.4714, AP75=0.0805, AP50:95=0.1871, P=0.3791, R=0.6170
├── LR         : 0.001000
└── Time       : 481.3s
[2026-06-03 01:11:35] Epoch [03/30] completed.
[2026-06-03 01:11:35] Epoch [04/30] started.
[2026-06-03 01:11:39] Epoch 04 train batch [20/1875] loss=0.0016 avg_loss=0.1842
[2026-06-03 01:11:44] Epoch 04 train batch [40/1875] loss=0.4799 avg_loss=0.1997
[2026-06-03 01:11:48] Epoch 04 train batch [60/1875] loss=0.5014 avg_loss=0.2166
[2026-06-03 01:11:52] Epoch 04 train batch [80/1875] loss=0.1081 avg_loss=0.2092
[2026-06-03 01:11:56] Epoch 04 train batch [100/1875] loss=0.3300 avg_loss=0.2038
[2026-06-03 01:11:59] Epoch 04 train batch [120/1875] loss=0.5229 avg_loss=0.2049
[2026-06-03 01:12:03] Epoch 04 train batch [140/1875] loss=0.1740 avg_loss=0.2055
[2026-06-03 01:12:06] Epoch 04 train batch [160/1875] loss=0.0998 avg_loss=0.2063
[2026-06-03 01:12:09] Epoch 04 train batch [180/1875] loss=0.2736 avg_loss=0.2056
[2026-06-03 01:12:13] Epoch 04 train batch [200/1875] loss=0.7656 avg_loss=0.2050
[2026-06-03 01:12:16] Epoch 04 train batch [220/1875] loss=0.1254 avg_loss=0.2030
[2026-06-03 01:12:20] Epoch 04 train batch [240/1875] loss=0.0690 avg_loss=0.2012
[2026-06-03 01:12:23] Epoch 04 train batch [260/1875] loss=0.4626 avg_loss=0.1982
[2026-06-03 01:12:27] Epoch 04 train batch [280/1875] loss=0.3758 avg_loss=0.1965
[2026-06-03 01:12:30] Epoch 04 train batch [300/1875] loss=0.1946 avg_loss=0.1953
[2026-06-03 01:12:33] Epoch 04 train batch [320/1875] loss=0.0437 avg_loss=0.1932
[2026-06-03 01:12:37] Epoch 04 train batch [340/1875] loss=0.0769 avg_loss=0.1929
[2026-06-03 01:12:40] Epoch 04 train batch [360/1875] loss=0.2052 avg_loss=0.1927
[2026-06-03 01:12:44] Epoch 04 train batch [380/1875] loss=0.1857 avg_loss=0.1925
[2026-06-03 01:12:47] Epoch 04 train batch [400/1875] loss=0.0663 avg_loss=0.1939
[2026-06-03 01:12:51] Epoch 04 train batch [420/1875] loss=0.0504 avg_loss=0.1929
[2026-06-03 01:12:55] Epoch 04 train batch [440/1875] loss=0.1887 avg_loss=0.1915
[2026-06-03 01:12:59] Epoch 04 train batch [460/1875] loss=0.1123 avg_loss=0.1902
[2026-06-03 01:13:03] Epoch 04 train batch [480/1875] loss=0.0366 avg_loss=0.1897
[2026-06-03 01:13:07] Epoch 04 train batch [500/1875] loss=0.1109 avg_loss=0.1894
[2026-06-03 01:13:11] Epoch 04 train batch [520/1875] loss=0.1065 avg_loss=0.1897
[2026-06-03 01:13:15] Epoch 04 train batch [540/1875] loss=0.1803 avg_loss=0.1903
[2026-06-03 01:13:19] Epoch 04 train batch [560/1875] loss=0.0631 avg_loss=0.1892
[2026-06-03 01:13:23] Epoch 04 train batch [580/1875] loss=0.1283 avg_loss=0.1886
[2026-06-03 01:13:27] Epoch 04 train batch [600/1875] loss=0.1135 avg_loss=0.1886
[2026-06-03 01:13:31] Epoch 04 train batch [620/1875] loss=0.1442 avg_loss=0.1874
[2026-06-03 01:13:34] Epoch 04 train batch [640/1875] loss=0.0285 avg_loss=0.1865
[2026-06-03 01:13:38] Epoch 04 train batch [660/1875] loss=0.1720 avg_loss=0.1859
[2026-06-03 01:13:43] Epoch 04 train batch [680/1875] loss=0.1537 avg_loss=0.1854
[2026-06-03 01:13:47] Epoch 04 train batch [700/1875] loss=0.2931 avg_loss=0.1856
[2026-06-03 01:13:51] Epoch 04 train batch [720/1875] loss=0.3720 avg_loss=0.1858
[2026-06-03 01:13:55] Epoch 04 train batch [740/1875] loss=0.2082 avg_loss=0.1857
[2026-06-03 01:14:00] Epoch 04 train batch [760/1875] loss=0.2416 avg_loss=0.1868
[2026-06-03 01:14:04] Epoch 04 train batch [780/1875] loss=0.3785 avg_loss=0.1865
[2026-06-03 01:14:08] Epoch 04 train batch [800/1875] loss=0.0037 avg_loss=0.1857
[2026-06-03 01:14:12] Epoch 04 train batch [820/1875] loss=0.1235 avg_loss=0.1865
[2026-06-03 01:14:17] Epoch 04 train batch [840/1875] loss=0.0943 avg_loss=0.1870
[2026-06-03 01:14:21] Epoch 04 train batch [860/1875] loss=0.3449 avg_loss=0.1867
[2026-06-03 01:14:25] Epoch 04 train batch [880/1875] loss=0.1675 avg_loss=0.1863
[2026-06-03 01:14:30] Epoch 04 train batch [900/1875] loss=0.2036 avg_loss=0.1871
[2026-06-03 01:14:34] Epoch 04 train batch [920/1875] loss=0.3350 avg_loss=0.1867
[2026-06-03 01:14:38] Epoch 04 train batch [940/1875] loss=0.1049 avg_loss=0.1876
[2026-06-03 01:14:43] Epoch 04 train batch [960/1875] loss=0.2070 avg_loss=0.1873
[2026-06-03 01:14:47] Epoch 04 train batch [980/1875] loss=0.0315 avg_loss=0.1871
[2026-06-03 01:14:51] Epoch 04 train batch [1000/1875] loss=0.2411 avg_loss=0.1881
[2026-06-03 01:14:55] Epoch 04 train batch [1020/1875] loss=0.1326 avg_loss=0.1890
[2026-06-03 01:15:00] Epoch 04 train batch [1040/1875] loss=0.0660 avg_loss=0.1885
[2026-06-03 01:15:04] Epoch 04 train batch [1060/1875] loss=0.3937 avg_loss=0.1889
[2026-06-03 01:15:08] Epoch 04 train batch [1080/1875] loss=0.1063 avg_loss=0.1889
[2026-06-03 01:15:12] Epoch 04 train batch [1100/1875] loss=0.0349 avg_loss=0.1892
[2026-06-03 01:15:16] Epoch 04 train batch [1120/1875] loss=0.0952 avg_loss=0.1886
[2026-06-03 01:15:21] Epoch 04 train batch [1140/1875] loss=0.3504 avg_loss=0.1894
[2026-06-03 01:15:25] Epoch 04 train batch [1160/1875] loss=0.1430 avg_loss=0.1887
[2026-06-03 01:15:29] Epoch 04 train batch [1180/1875] loss=0.2417 avg_loss=0.1881
[2026-06-03 01:15:33] Epoch 04 train batch [1200/1875] loss=0.4117 avg_loss=0.1883
[2026-06-03 01:15:38] Epoch 04 train batch [1220/1875] loss=0.2797 avg_loss=0.1886
[2026-06-03 01:15:42] Epoch 04 train batch [1240/1875] loss=0.3897 avg_loss=0.1894
[2026-06-03 01:15:46] Epoch 04 train batch [1260/1875] loss=0.3579 avg_loss=0.1891
[2026-06-03 01:15:50] Epoch 04 train batch [1280/1875] loss=0.1164 avg_loss=0.1894
[2026-06-03 01:15:54] Epoch 04 train batch [1300/1875] loss=0.2422 avg_loss=0.1898
[2026-06-03 01:15:59] Epoch 04 train batch [1320/1875] loss=0.2898 avg_loss=0.1900
[2026-06-03 01:16:03] Epoch 04 train batch [1340/1875] loss=0.3067 avg_loss=0.1901
[2026-06-03 01:16:07] Epoch 04 train batch [1360/1875] loss=0.1611 avg_loss=0.1903
[2026-06-03 01:16:11] Epoch 04 train batch [1380/1875] loss=0.1499 avg_loss=0.1907
[2026-06-03 01:16:15] Epoch 04 train batch [1400/1875] loss=0.2796 avg_loss=0.1909
[2026-06-03 01:16:20] Epoch 04 train batch [1420/1875] loss=0.3347 avg_loss=0.1911
[2026-06-03 01:16:24] Epoch 04 train batch [1440/1875] loss=0.0615 avg_loss=0.1906
[2026-06-03 01:16:28] Epoch 04 train batch [1460/1875] loss=0.4016 avg_loss=0.1905
[2026-06-03 01:16:32] Epoch 04 train batch [1480/1875] loss=0.1100 avg_loss=0.1905
[2026-06-03 01:16:36] Epoch 04 train batch [1500/1875] loss=0.1598 avg_loss=0.1901
[2026-06-03 01:16:41] Epoch 04 train batch [1520/1875] loss=0.1374 avg_loss=0.1896
[2026-06-03 01:16:45] Epoch 04 train batch [1540/1875] loss=0.0629 avg_loss=0.1899
[2026-06-03 01:16:49] Epoch 04 train batch [1560/1875] loss=0.1177 avg_loss=0.1899
[2026-06-03 01:16:53] Epoch 04 train batch [1580/1875] loss=0.1695 avg_loss=0.1900
[2026-06-03 01:16:57] Epoch 04 train batch [1600/1875] loss=0.1088 avg_loss=0.1894
[2026-06-03 01:17:01] Epoch 04 train batch [1620/1875] loss=0.4076 avg_loss=0.1897
[2026-06-03 01:17:06] Epoch 04 train batch [1640/1875] loss=0.0579 avg_loss=0.1899
[2026-06-03 01:17:10] Epoch 04 train batch [1660/1875] loss=0.2503 avg_loss=0.1898
[2026-06-03 01:17:14] Epoch 04 train batch [1680/1875] loss=0.1220 avg_loss=0.1895
[2026-06-03 01:17:19] Epoch 04 train batch [1700/1875] loss=0.2403 avg_loss=0.1895
[2026-06-03 01:17:23] Epoch 04 train batch [1720/1875] loss=0.1321 avg_loss=0.1891
[2026-06-03 01:17:27] Epoch 04 train batch [1740/1875] loss=0.1537 avg_loss=0.1896
[2026-06-03 01:17:31] Epoch 04 train batch [1760/1875] loss=0.0781 avg_loss=0.1898
[2026-06-03 01:17:35] Epoch 04 train batch [1780/1875] loss=0.2619 avg_loss=0.1896
[2026-06-03 01:17:40] Epoch 04 train batch [1800/1875] loss=0.2586 avg_loss=0.1893
[2026-06-03 01:17:44] Epoch 04 train batch [1820/1875] loss=0.0706 avg_loss=0.1895
[2026-06-03 01:17:48] Epoch 04 train batch [1840/1875] loss=0.3198 avg_loss=0.1897
[2026-06-03 01:17:52] Epoch 04 train batch [1860/1875] loss=0.1318 avg_loss=0.1898
[2026-06-03 01:17:55] Epoch 04 train batch [1875/1875] loss=0.2407 avg_loss=0.1899
[2026-06-03 01:17:55] Epoch 04 training completed. Computing validation loss.
[2026-06-03 01:18:51] Epoch 04 validation loss completed: 0.1956. Computing detection metrics.
[2026-06-03 01:19:33] Epoch 04 metrics computed. Saving artifacts.
[2026-06-03 01:19:35] Epoch 04 improved mAP@0.5 to 0.7116. Saved best checkpoint: best_model-20260603-004728.pth.
Epoch [04/30]
├── Train Loss : 0.1899
│   ├── loss_classifier  : 0.0637
│   ├── loss_box_reg     : 0.1096
│   ├── loss_objectness  : 0.0099
│   └── loss_rpn_box_reg : 0.0067
├── Val Loss   : 0.1956
├── mAP@0.5    : 0.7116
├── mAP@0.75   : 0.3299
├── mAP@0.5:0.95 : 0.3642
├── Precision  : 0.4908
├── Recall     : 0.8140
├── GT Boxes   : 2021
├── Predictions: 3352
├── Per-class AP
│   ├── person  : AP50=0.8151, AP75=0.3602, AP50:95=0.4066, P=0.5086, R=0.8771
│   ├── car     : AP50=0.6720, AP75=0.3404, AP50:95=0.3574, P=0.4692, R=0.7279
│   ├── dog     : AP50=0.8218, AP75=0.4531, AP50:95=0.4494, P=0.4407, R=0.8835
│   ├── cat     : AP50=0.7603, AP75=0.3673, AP50:95=0.4036, P=0.7121, R=0.8011
│   └── chair   : AP50=0.4888, AP75=0.1285, AP50:95=0.2038, P=0.3867, R=0.6170
├── LR         : 0.001000
└── Time       : 478.4s
[2026-06-03 01:19:35] Epoch [04/30] completed.
[2026-06-03 01:19:35] Epoch [05/30] started.
[2026-06-03 01:19:39] Epoch 05 train batch [20/1875] loss=0.3252 avg_loss=0.1953
[2026-06-03 01:19:42] Epoch 05 train batch [40/1875] loss=0.1527 avg_loss=0.2016
[2026-06-03 01:19:46] Epoch 05 train batch [60/1875] loss=0.1791 avg_loss=0.2113
[2026-06-03 01:19:49] Epoch 05 train batch [80/1875] loss=0.0078 avg_loss=0.1998
[2026-06-03 01:19:52] Epoch 05 train batch [100/1875] loss=0.0766 avg_loss=0.1976
[2026-06-03 01:19:56] Epoch 05 train batch [120/1875] loss=0.1316 avg_loss=0.1925
[2026-06-03 01:19:59] Epoch 05 train batch [140/1875] loss=0.1001 avg_loss=0.1854
[2026-06-03 01:20:03] Epoch 05 train batch [160/1875] loss=0.2515 avg_loss=0.1855
[2026-06-03 01:20:06] Epoch 05 train batch [180/1875] loss=0.1221 avg_loss=0.1854
[2026-06-03 01:20:09] Epoch 05 train batch [200/1875] loss=0.0783 avg_loss=0.1833
[2026-06-03 01:20:13] Epoch 05 train batch [220/1875] loss=0.1113 avg_loss=0.1822
[2026-06-03 01:20:16] Epoch 05 train batch [240/1875] loss=0.5069 avg_loss=0.1853
[2026-06-03 01:20:20] Epoch 05 train batch [260/1875] loss=0.0738 avg_loss=0.1834
[2026-06-03 01:20:23] Epoch 05 train batch [280/1875] loss=0.2899 avg_loss=0.1847
[2026-06-03 01:20:27] Epoch 05 train batch [300/1875] loss=0.0844 avg_loss=0.1837
[2026-06-03 01:20:31] Epoch 05 train batch [320/1875] loss=0.0575 avg_loss=0.1819
[2026-06-03 01:20:34] Epoch 05 train batch [340/1875] loss=0.0602 avg_loss=0.1830
[2026-06-03 01:20:38] Epoch 05 train batch [360/1875] loss=0.2935 avg_loss=0.1821
[2026-06-03 01:20:43] Epoch 05 train batch [380/1875] loss=0.4211 avg_loss=0.1819
[2026-06-03 01:20:47] Epoch 05 train batch [400/1875] loss=0.1284 avg_loss=0.1801
[2026-06-03 01:20:51] Epoch 05 train batch [420/1875] loss=0.2410 avg_loss=0.1810
[2026-06-03 01:20:55] Epoch 05 train batch [440/1875] loss=0.0771 avg_loss=0.1790
[2026-06-03 01:20:59] Epoch 05 train batch [460/1875] loss=0.1316 avg_loss=0.1778
[2026-06-03 01:21:03] Epoch 05 train batch [480/1875] loss=0.0214 avg_loss=0.1774
[2026-06-03 01:21:06] Epoch 05 train batch [500/1875] loss=0.3024 avg_loss=0.1765
[2026-06-03 01:21:10] Epoch 05 train batch [520/1875] loss=0.0208 avg_loss=0.1777
[2026-06-03 01:21:15] Epoch 05 train batch [540/1875] loss=0.1156 avg_loss=0.1760
[2026-06-03 01:21:19] Epoch 05 train batch [560/1875] loss=0.1193 avg_loss=0.1762
[2026-06-03 01:21:23] Epoch 05 train batch [580/1875] loss=0.3648 avg_loss=0.1760
[2026-06-03 01:21:27] Epoch 05 train batch [600/1875] loss=0.3507 avg_loss=0.1779
[2026-06-03 01:21:32] Epoch 05 train batch [620/1875] loss=0.1718 avg_loss=0.1769
[2026-06-03 01:21:36] Epoch 05 train batch [640/1875] loss=0.2093 avg_loss=0.1766
[2026-06-03 01:21:40] Epoch 05 train batch [660/1875] loss=0.0738 avg_loss=0.1757
[2026-06-03 01:21:44] Epoch 05 train batch [680/1875] loss=0.2847 avg_loss=0.1751
[2026-06-03 01:21:48] Epoch 05 train batch [700/1875] loss=0.1787 avg_loss=0.1755
[2026-06-03 01:21:53] Epoch 05 train batch [720/1875] loss=0.0418 avg_loss=0.1750
[2026-06-03 01:21:57] Epoch 05 train batch [740/1875] loss=0.0285 avg_loss=0.1746
[2026-06-03 01:22:01] Epoch 05 train batch [760/1875] loss=0.0781 avg_loss=0.1734
[2026-06-03 01:22:05] Epoch 05 train batch [780/1875] loss=0.1608 avg_loss=0.1742
[2026-06-03 01:22:09] Epoch 05 train batch [800/1875] loss=0.4253 avg_loss=0.1749
[2026-06-03 01:22:14] Epoch 05 train batch [820/1875] loss=0.1182 avg_loss=0.1747
[2026-06-03 01:22:18] Epoch 05 train batch [840/1875] loss=0.0900 avg_loss=0.1752
[2026-06-03 01:22:22] Epoch 05 train batch [860/1875] loss=0.1316 avg_loss=0.1758
[2026-06-03 01:22:26] Epoch 05 train batch [880/1875] loss=0.0474 avg_loss=0.1754
[2026-06-03 01:22:31] Epoch 05 train batch [900/1875] loss=0.1427 avg_loss=0.1748
[2026-06-03 01:22:35] Epoch 05 train batch [920/1875] loss=0.1188 avg_loss=0.1747
[2026-06-03 01:22:39] Epoch 05 train batch [940/1875] loss=0.2054 avg_loss=0.1743
[2026-06-03 01:22:43] Epoch 05 train batch [960/1875] loss=0.2159 avg_loss=0.1744
[2026-06-03 01:22:47] Epoch 05 train batch [980/1875] loss=0.2499 avg_loss=0.1748
[2026-06-03 01:22:52] Epoch 05 train batch [1000/1875] loss=0.1138 avg_loss=0.1745
[2026-06-03 01:22:56] Epoch 05 train batch [1020/1875] loss=0.3664 avg_loss=0.1754
[2026-06-03 01:23:00] Epoch 05 train batch [1040/1875] loss=0.1440 avg_loss=0.1751
[2026-06-03 01:23:05] Epoch 05 train batch [1060/1875] loss=0.0632 avg_loss=0.1745
[2026-06-03 01:23:09] Epoch 05 train batch [1080/1875] loss=0.0718 avg_loss=0.1746
[2026-06-03 01:23:13] Epoch 05 train batch [1100/1875] loss=0.4980 avg_loss=0.1753
[2026-06-03 01:23:17] Epoch 05 train batch [1120/1875] loss=0.2421 avg_loss=0.1757
[2026-06-03 01:23:21] Epoch 05 train batch [1140/1875] loss=0.0996 avg_loss=0.1755
[2026-06-03 01:23:26] Epoch 05 train batch [1160/1875] loss=0.3009 avg_loss=0.1767
[2026-06-03 01:23:30] Epoch 05 train batch [1180/1875] loss=0.1426 avg_loss=0.1769
[2026-06-03 01:23:34] Epoch 05 train batch [1200/1875] loss=0.0440 avg_loss=0.1763
[2026-06-03 01:23:38] Epoch 05 train batch [1220/1875] loss=0.0621 avg_loss=0.1764
[2026-06-03 01:23:43] Epoch 05 train batch [1240/1875] loss=0.4699 avg_loss=0.1773
[2026-06-03 01:23:47] Epoch 05 train batch [1260/1875] loss=0.2259 avg_loss=0.1771
[2026-06-03 01:23:51] Epoch 05 train batch [1280/1875] loss=0.4141 avg_loss=0.1778
[2026-06-03 01:23:55] Epoch 05 train batch [1300/1875] loss=0.0569 avg_loss=0.1774
[2026-06-03 01:23:59] Epoch 05 train batch [1320/1875] loss=0.1889 avg_loss=0.1776
[2026-06-03 01:24:03] Epoch 05 train batch [1340/1875] loss=0.0913 avg_loss=0.1771
[2026-06-03 01:24:08] Epoch 05 train batch [1360/1875] loss=0.1305 avg_loss=0.1774
[2026-06-03 01:24:12] Epoch 05 train batch [1380/1875] loss=0.1839 avg_loss=0.1783
[2026-06-03 01:24:16] Epoch 05 train batch [1400/1875] loss=0.0918 avg_loss=0.1785
[2026-06-03 01:24:20] Epoch 05 train batch [1420/1875] loss=0.1044 avg_loss=0.1787
[2026-06-03 01:24:24] Epoch 05 train batch [1440/1875] loss=0.1040 avg_loss=0.1788
[2026-06-03 01:24:29] Epoch 05 train batch [1460/1875] loss=0.1824 avg_loss=0.1790
[2026-06-03 01:24:33] Epoch 05 train batch [1480/1875] loss=0.1027 avg_loss=0.1795
[2026-06-03 01:24:37] Epoch 05 train batch [1500/1875] loss=0.0618 avg_loss=0.1802
[2026-06-03 01:24:41] Epoch 05 train batch [1520/1875] loss=0.3318 avg_loss=0.1807
[2026-06-03 01:24:45] Epoch 05 train batch [1540/1875] loss=0.1062 avg_loss=0.1801
[2026-06-03 01:24:50] Epoch 05 train batch [1560/1875] loss=0.2338 avg_loss=0.1800
[2026-06-03 01:24:54] Epoch 05 train batch [1580/1875] loss=0.1599 avg_loss=0.1806
[2026-06-03 01:24:58] Epoch 05 train batch [1600/1875] loss=0.1464 avg_loss=0.1805
[2026-06-03 01:25:02] Epoch 05 train batch [1620/1875] loss=0.3166 avg_loss=0.1804
[2026-06-03 01:25:06] Epoch 05 train batch [1640/1875] loss=0.0980 avg_loss=0.1802
[2026-06-03 01:25:10] Epoch 05 train batch [1660/1875] loss=0.1301 avg_loss=0.1803
[2026-06-03 01:25:15] Epoch 05 train batch [1680/1875] loss=0.0035 avg_loss=0.1800
[2026-06-03 01:25:19] Epoch 05 train batch [1700/1875] loss=0.0703 avg_loss=0.1800
[2026-06-03 01:25:23] Epoch 05 train batch [1720/1875] loss=0.1967 avg_loss=0.1801
[2026-06-03 01:25:28] Epoch 05 train batch [1740/1875] loss=0.3107 avg_loss=0.1806
[2026-06-03 01:25:32] Epoch 05 train batch [1760/1875] loss=0.3476 avg_loss=0.1805
[2026-06-03 01:25:36] Epoch 05 train batch [1780/1875] loss=0.1693 avg_loss=0.1801
[2026-06-03 01:25:40] Epoch 05 train batch [1800/1875] loss=0.2432 avg_loss=0.1803
[2026-06-03 01:25:45] Epoch 05 train batch [1820/1875] loss=0.1064 avg_loss=0.1804
[2026-06-03 01:25:49] Epoch 05 train batch [1840/1875] loss=0.2973 avg_loss=0.1804
[2026-06-03 01:25:53] Epoch 05 train batch [1860/1875] loss=0.2703 avg_loss=0.1806
[2026-06-03 01:25:56] Epoch 05 train batch [1875/1875] loss=0.0148 avg_loss=0.1803
[2026-06-03 01:25:56] Epoch 05 training completed. Computing validation loss.
[2026-06-03 01:26:51] Epoch 05 validation loss completed: 0.1867. Computing detection metrics.
[2026-06-03 01:27:31] Epoch 05 metrics computed. Saving artifacts.
[2026-06-03 01:27:35] Epoch 05 improved mAP@0.5 to 0.7508. Saved best checkpoint: best_model-20260603-004728.pth.
Epoch [05/30]
├── Train Loss : 0.1803
│   ├── loss_classifier  : 0.0597
│   ├── loss_box_reg     : 0.1059
│   ├── loss_objectness  : 0.0085
│   └── loss_rpn_box_reg : 0.0061
├── Val Loss   : 0.1867
├── mAP@0.5    : 0.7508
├── mAP@0.75   : 0.3732
├── mAP@0.5:0.95 : 0.3985
├── Precision  : 0.5572
├── Recall     : 0.8293
├── GT Boxes   : 2021
├── Predictions: 3008
├── Per-class AP
│   ├── person  : AP50=0.8111, AP75=0.3980, AP50:95=0.4237, P=0.6050, R=0.8641
│   ├── car     : AP50=0.7023, AP75=0.3681, AP50:95=0.3730, P=0.4117, R=0.7986
│   ├── dog     : AP50=0.8600, AP75=0.4903, AP50:95=0.4886, P=0.5662, R=0.8932
│   ├── cat     : AP50=0.8555, AP75=0.4376, AP50:95=0.4745, P=0.7110, R=0.8807
│   └── chair   : AP50=0.5251, AP75=0.1719, AP50:95=0.2326, P=0.4791, R=0.6489
├── LR         : 0.001000
└── Time       : 475.7s
[2026-06-03 01:27:35] Epoch [05/30] completed.
[2026-06-03 01:27:35] Epoch [06/30] started.
[2026-06-03 01:27:39] Epoch 06 train batch [20/1875] loss=0.4146 avg_loss=0.2146
[2026-06-03 01:27:42] Epoch 06 train batch [40/1875] loss=0.2229 avg_loss=0.1901
[2026-06-03 01:27:46] Epoch 06 train batch [60/1875] loss=0.1252 avg_loss=0.1798
[2026-06-03 01:27:49] Epoch 06 train batch [80/1875] loss=0.0959 avg_loss=0.1743
[2026-06-03 01:27:53] Epoch 06 train batch [100/1875] loss=0.0352 avg_loss=0.1705
[2026-06-03 01:27:57] Epoch 06 train batch [120/1875] loss=0.1733 avg_loss=0.1699
[2026-06-03 01:28:01] Epoch 06 train batch [140/1875] loss=0.3640 avg_loss=0.1720
[2026-06-03 01:28:05] Epoch 06 train batch [160/1875] loss=0.2755 avg_loss=0.1750
[2026-06-03 01:28:09] Epoch 06 train batch [180/1875] loss=0.1492 avg_loss=0.1773
[2026-06-03 01:28:13] Epoch 06 train batch [200/1875] loss=0.1047 avg_loss=0.1818
[2026-06-03 01:28:17] Epoch 06 train batch [220/1875] loss=0.3064 avg_loss=0.1807
[2026-06-03 01:28:21] Epoch 06 train batch [240/1875] loss=0.1711 avg_loss=0.1764
[2026-06-03 01:28:26] Epoch 06 train batch [260/1875] loss=0.1020 avg_loss=0.1759
[2026-06-03 01:28:30] Epoch 06 train batch [280/1875] loss=0.4884 avg_loss=0.1760
[2026-06-03 01:28:33] Epoch 06 train batch [300/1875] loss=0.1505 avg_loss=0.1771
[2026-06-03 01:28:37] Epoch 06 train batch [320/1875] loss=0.4035 avg_loss=0.1785
[2026-06-03 01:28:41] Epoch 06 train batch [340/1875] loss=0.0979 avg_loss=0.1762
[2026-06-03 01:28:45] Epoch 06 train batch [360/1875] loss=0.0901 avg_loss=0.1752
[2026-06-03 01:28:49] Epoch 06 train batch [380/1875] loss=0.1355 avg_loss=0.1719
[2026-06-03 01:28:54] Epoch 06 train batch [400/1875] loss=0.0232 avg_loss=0.1715
[2026-06-03 01:28:58] Epoch 06 train batch [420/1875] loss=0.1724 avg_loss=0.1705
[2026-06-03 01:29:02] Epoch 06 train batch [440/1875] loss=0.4121 avg_loss=0.1712
[2026-06-03 01:29:06] Epoch 06 train batch [460/1875] loss=0.0984 avg_loss=0.1707
[2026-06-03 01:29:10] Epoch 06 train batch [480/1875] loss=0.2482 avg_loss=0.1697
[2026-06-03 01:29:14] Epoch 06 train batch [500/1875] loss=0.4005 avg_loss=0.1690
[2026-06-03 01:29:19] Epoch 06 train batch [520/1875] loss=0.1676 avg_loss=0.1686
[2026-06-03 01:29:23] Epoch 06 train batch [540/1875] loss=0.1411 avg_loss=0.1694
[2026-06-03 01:29:27] Epoch 06 train batch [560/1875] loss=0.2605 avg_loss=0.1702
[2026-06-03 01:29:31] Epoch 06 train batch [580/1875] loss=0.1767 avg_loss=0.1703
[2026-06-03 01:29:35] Epoch 06 train batch [600/1875] loss=0.0627 avg_loss=0.1703
[2026-06-03 01:29:40] Epoch 06 train batch [620/1875] loss=0.1912 avg_loss=0.1694
[2026-06-03 01:29:44] Epoch 06 train batch [640/1875] loss=0.0981 avg_loss=0.1686
[2026-06-03 01:29:48] Epoch 06 train batch [660/1875] loss=0.1098 avg_loss=0.1673
[2026-06-03 01:29:53] Epoch 06 train batch [680/1875] loss=0.1886 avg_loss=0.1666
[2026-06-03 01:29:57] Epoch 06 train batch [700/1875] loss=0.0875 avg_loss=0.1668
[2026-06-03 01:30:01] Epoch 06 train batch [720/1875] loss=0.2161 avg_loss=0.1667
[2026-06-03 01:30:05] Epoch 06 train batch [740/1875] loss=0.0425 avg_loss=0.1673
[2026-06-03 01:30:10] Epoch 06 train batch [760/1875] loss=0.2379 avg_loss=0.1674
[2026-06-03 01:30:14] Epoch 06 train batch [780/1875] loss=0.1780 avg_loss=0.1680
[2026-06-03 01:30:18] Epoch 06 train batch [800/1875] loss=0.0057 avg_loss=0.1674
[2026-06-03 01:30:22] Epoch 06 train batch [820/1875] loss=0.3084 avg_loss=0.1680
[2026-06-03 01:30:27] Epoch 06 train batch [840/1875] loss=0.1548 avg_loss=0.1677
[2026-06-03 01:30:31] Epoch 06 train batch [860/1875] loss=0.2653 avg_loss=0.1681
[2026-06-03 01:30:35] Epoch 06 train batch [880/1875] loss=0.1327 avg_loss=0.1686
[2026-06-03 01:30:39] Epoch 06 train batch [900/1875] loss=0.2413 avg_loss=0.1687
[2026-06-03 01:30:43] Epoch 06 train batch [920/1875] loss=0.3194 avg_loss=0.1696
[2026-06-03 01:30:47] Epoch 06 train batch [940/1875] loss=0.2076 avg_loss=0.1695
[2026-06-03 01:30:51] Epoch 06 train batch [960/1875] loss=0.3692 avg_loss=0.1695
[2026-06-03 01:30:56] Epoch 06 train batch [980/1875] loss=0.4164 avg_loss=0.1708
[2026-06-03 01:31:00] Epoch 06 train batch [1000/1875] loss=0.0167 avg_loss=0.1705
[2026-06-03 01:31:04] Epoch 06 train batch [1020/1875] loss=0.1700 avg_loss=0.1709
[2026-06-03 01:31:08] Epoch 06 train batch [1040/1875] loss=0.0451 avg_loss=0.1708
[2026-06-03 01:31:12] Epoch 06 train batch [1060/1875] loss=0.0734 avg_loss=0.1712
[2026-06-03 01:31:16] Epoch 06 train batch [1080/1875] loss=0.3857 avg_loss=0.1709
[2026-06-03 01:31:21] Epoch 06 train batch [1100/1875] loss=0.0025 avg_loss=0.1709
[2026-06-03 01:31:25] Epoch 06 train batch [1120/1875] loss=0.3197 avg_loss=0.1714
[2026-06-03 01:31:29] Epoch 06 train batch [1140/1875] loss=0.1385 avg_loss=0.1711
[2026-06-03 01:31:33] Epoch 06 train batch [1160/1875] loss=0.0406 avg_loss=0.1707
[2026-06-03 01:31:37] Epoch 06 train batch [1180/1875] loss=0.1035 avg_loss=0.1714
[2026-06-03 01:31:42] Epoch 06 train batch [1200/1875] loss=0.0583 avg_loss=0.1714
[2026-06-03 01:31:46] Epoch 06 train batch [1220/1875] loss=0.1081 avg_loss=0.1711
[2026-06-03 01:31:50] Epoch 06 train batch [1240/1875] loss=0.0548 avg_loss=0.1708
[2026-06-03 01:31:54] Epoch 06 train batch [1260/1875] loss=0.1386 avg_loss=0.1710
[2026-06-03 01:31:58] Epoch 06 train batch [1280/1875] loss=0.2378 avg_loss=0.1713
[2026-06-03 01:32:03] Epoch 06 train batch [1300/1875] loss=0.0637 avg_loss=0.1715
[2026-06-03 01:32:07] Epoch 06 train batch [1320/1875] loss=0.2047 avg_loss=0.1711
[2026-06-03 01:32:11] Epoch 06 train batch [1340/1875] loss=0.0656 avg_loss=0.1706
[2026-06-03 01:32:16] Epoch 06 train batch [1360/1875] loss=0.1952 avg_loss=0.1707
[2026-06-03 01:32:20] Epoch 06 train batch [1380/1875] loss=0.2466 avg_loss=0.1711
[2026-06-03 01:32:24] Epoch 06 train batch [1400/1875] loss=0.0322 avg_loss=0.1714
[2026-06-03 01:32:28] Epoch 06 train batch [1420/1875] loss=0.0634 avg_loss=0.1715
[2026-06-03 01:32:32] Epoch 06 train batch [1440/1875] loss=0.2467 avg_loss=0.1719
[2026-06-03 01:32:37] Epoch 06 train batch [1460/1875] loss=0.0728 avg_loss=0.1717
[2026-06-03 01:32:41] Epoch 06 train batch [1480/1875] loss=0.0175 avg_loss=0.1716
[2026-06-03 01:32:45] Epoch 06 train batch [1500/1875] loss=0.1851 avg_loss=0.1716
[2026-06-03 01:32:49] Epoch 06 train batch [1520/1875] loss=0.1928 avg_loss=0.1717
[2026-06-03 01:32:54] Epoch 06 train batch [1540/1875] loss=0.3586 avg_loss=0.1715
[2026-06-03 01:32:58] Epoch 06 train batch [1560/1875] loss=0.2185 avg_loss=0.1709
[2026-06-03 01:33:02] Epoch 06 train batch [1580/1875] loss=0.2057 avg_loss=0.1711
[2026-06-03 01:33:06] Epoch 06 train batch [1600/1875] loss=0.1501 avg_loss=0.1708
[2026-06-03 01:33:10] Epoch 06 train batch [1620/1875] loss=0.0011 avg_loss=0.1713
[2026-06-03 01:33:14] Epoch 06 train batch [1640/1875] loss=0.0703 avg_loss=0.1710
[2026-06-03 01:33:19] Epoch 06 train batch [1660/1875] loss=0.6282 avg_loss=0.1713
[2026-06-03 01:33:23] Epoch 06 train batch [1680/1875] loss=0.0687 avg_loss=0.1715
[2026-06-03 01:33:27] Epoch 06 train batch [1700/1875] loss=0.5286 avg_loss=0.1718
[2026-06-03 01:33:31] Epoch 06 train batch [1720/1875] loss=0.4239 avg_loss=0.1723
[2026-06-03 01:33:36] Epoch 06 train batch [1740/1875] loss=0.1504 avg_loss=0.1722
[2026-06-03 01:33:40] Epoch 06 train batch [1760/1875] loss=0.0381 avg_loss=0.1722
[2026-06-03 01:33:44] Epoch 06 train batch [1780/1875] loss=0.0276 avg_loss=0.1722
[2026-06-03 01:33:48] Epoch 06 train batch [1800/1875] loss=0.2618 avg_loss=0.1715
[2026-06-03 01:33:52] Epoch 06 train batch [1820/1875] loss=0.0788 avg_loss=0.1715
[2026-06-03 01:33:56] Epoch 06 train batch [1840/1875] loss=0.1867 avg_loss=0.1720
[2026-06-03 01:34:01] Epoch 06 train batch [1860/1875] loss=0.0912 avg_loss=0.1724
[2026-06-03 01:34:04] Epoch 06 train batch [1875/1875] loss=0.2280 avg_loss=0.1724
[2026-06-03 01:34:04] Epoch 06 training completed. Computing validation loss.
[2026-06-03 01:34:55] Epoch 06 validation loss completed: 0.1869. Computing detection metrics.
[2026-06-03 01:35:33] Epoch 06 metrics computed. Saving artifacts.
[2026-06-03 01:35:36] Epoch 06 improved mAP@0.5 to 0.7585. Saved best checkpoint: best_model-20260603-004728.pth.
Epoch [06/30]
├── Train Loss : 0.1724
│   ├── loss_classifier  : 0.0566
│   ├── loss_box_reg     : 0.1027
│   ├── loss_objectness  : 0.0074
│   └── loss_rpn_box_reg : 0.0057
├── Val Loss   : 0.1869
├── mAP@0.5    : 0.7585
├── mAP@0.75   : 0.3771
├── mAP@0.5:0.95 : 0.4010
├── Precision  : 0.4779
├── Recall     : 0.8516
├── GT Boxes   : 2021
├── Predictions: 3601
├── Per-class AP
│   ├── person  : AP50=0.8308, AP75=0.4180, AP50:95=0.4395, P=0.5418, R=0.8864
│   ├── car     : AP50=0.7020, AP75=0.3624, AP50:95=0.3760, P=0.4620, R=0.7739
│   ├── dog     : AP50=0.8493, AP75=0.3827, AP50:95=0.4335, P=0.5167, R=0.9029
│   ├── cat     : AP50=0.8420, AP75=0.5503, AP50:95=0.4991, P=0.7230, R=0.8750
│   └── chair   : AP50=0.5682, AP75=0.1720, AP50:95=0.2569, P=0.2635, R=0.7447
├── LR         : 0.001000
└── Time       : 478.4s
[2026-06-03 01:35:36] Epoch [06/30] completed.
[2026-06-03 01:35:36] Epoch [07/30] started.
[2026-06-03 01:35:40] Epoch 07 train batch [20/1875] loss=0.1374 avg_loss=0.1776
[2026-06-03 01:35:45] Epoch 07 train batch [40/1875] loss=0.1319 avg_loss=0.1872
[2026-06-03 01:35:49] Epoch 07 train batch [60/1875] loss=0.1251 avg_loss=0.1778
[2026-06-03 01:35:53] Epoch 07 train batch [80/1875] loss=0.1169 avg_loss=0.1675
[2026-06-03 01:35:57] Epoch 07 train batch [100/1875] loss=0.0544 avg_loss=0.1717
[2026-06-03 01:36:00] Epoch 07 train batch [120/1875] loss=0.2042 avg_loss=0.1698
[2026-06-03 01:36:04] Epoch 07 train batch [140/1875] loss=0.1119 avg_loss=0.1706
[2026-06-03 01:36:08] Epoch 07 train batch [160/1875] loss=0.1788 avg_loss=0.1696
[2026-06-03 01:36:13] Epoch 07 train batch [180/1875] loss=0.0186 avg_loss=0.1627
[2026-06-03 01:36:17] Epoch 07 train batch [200/1875] loss=0.0960 avg_loss=0.1614
[2026-06-03 01:36:21] Epoch 07 train batch [220/1875] loss=0.3014 avg_loss=0.1650
[2026-06-03 01:36:25] Epoch 07 train batch [240/1875] loss=0.0330 avg_loss=0.1635
[2026-06-03 01:36:29] Epoch 07 train batch [260/1875] loss=0.1975 avg_loss=0.1645
[2026-06-03 01:36:33] Epoch 07 train batch [280/1875] loss=0.0701 avg_loss=0.1638
[2026-06-03 01:36:38] Epoch 07 train batch [300/1875] loss=0.0396 avg_loss=0.1614
[2026-06-03 01:36:42] Epoch 07 train batch [320/1875] loss=0.2069 avg_loss=0.1623
[2026-06-03 01:36:46] Epoch 07 train batch [340/1875] loss=0.0726 avg_loss=0.1635
[2026-06-03 01:36:51] Epoch 07 train batch [360/1875] loss=0.1679 avg_loss=0.1608
[2026-06-03 01:36:55] Epoch 07 train batch [380/1875] loss=0.0236 avg_loss=0.1620
[2026-06-03 01:36:59] Epoch 07 train batch [400/1875] loss=0.0956 avg_loss=0.1611
[2026-06-03 01:37:03] Epoch 07 train batch [420/1875] loss=0.1628 avg_loss=0.1621
[2026-06-03 01:37:08] Epoch 07 train batch [440/1875] loss=0.0826 avg_loss=0.1622
[2026-06-03 01:37:12] Epoch 07 train batch [460/1875] loss=0.0603 avg_loss=0.1625
[2026-06-03 01:37:16] Epoch 07 train batch [480/1875] loss=0.1773 avg_loss=0.1625
[2026-06-03 01:37:20] Epoch 07 train batch [500/1875] loss=0.1875 avg_loss=0.1629
[2026-06-03 01:37:24] Epoch 07 train batch [520/1875] loss=0.2024 avg_loss=0.1620
[2026-06-03 01:37:28] Epoch 07 train batch [540/1875] loss=0.0585 avg_loss=0.1622
[2026-06-03 01:37:33] Epoch 07 train batch [560/1875] loss=0.1320 avg_loss=0.1623
[2026-06-03 01:37:37] Epoch 07 train batch [580/1875] loss=0.2922 avg_loss=0.1626
[2026-06-03 01:37:41] Epoch 07 train batch [600/1875] loss=0.0440 avg_loss=0.1607
[2026-06-03 01:37:45] Epoch 07 train batch [620/1875] loss=0.4680 avg_loss=0.1617
[2026-06-03 01:37:49] Epoch 07 train batch [640/1875] loss=0.1148 avg_loss=0.1628
[2026-06-03 01:37:53] Epoch 07 train batch [660/1875] loss=0.2279 avg_loss=0.1635
[2026-06-03 01:37:58] Epoch 07 train batch [680/1875] loss=0.3110 avg_loss=0.1637
[2026-06-03 01:38:02] Epoch 07 train batch [700/1875] loss=0.0814 avg_loss=0.1642
[2026-06-03 01:38:06] Epoch 07 train batch [720/1875] loss=0.0265 avg_loss=0.1639
[2026-06-03 01:38:10] Epoch 07 train batch [740/1875] loss=0.2988 avg_loss=0.1635
[2026-06-03 01:38:15] Epoch 07 train batch [760/1875] loss=0.2896 avg_loss=0.1629
[2026-06-03 01:38:19] Epoch 07 train batch [780/1875] loss=0.3376 avg_loss=0.1646
[2026-06-03 01:38:23] Epoch 07 train batch [800/1875] loss=0.0785 avg_loss=0.1638
[2026-06-03 01:38:28] Epoch 07 train batch [820/1875] loss=0.0445 avg_loss=0.1636
[2026-06-03 01:38:32] Epoch 07 train batch [840/1875] loss=0.0652 avg_loss=0.1633
[2026-06-03 01:38:36] Epoch 07 train batch [860/1875] loss=0.3652 avg_loss=0.1630
[2026-06-03 01:38:40] Epoch 07 train batch [880/1875] loss=0.0320 avg_loss=0.1628
[2026-06-03 01:38:44] Epoch 07 train batch [900/1875] loss=0.1972 avg_loss=0.1629
[2026-06-03 01:38:49] Epoch 07 train batch [920/1875] loss=0.2576 avg_loss=0.1627
[2026-06-03 01:38:53] Epoch 07 train batch [940/1875] loss=0.0306 avg_loss=0.1620
[2026-06-03 01:38:57] Epoch 07 train batch [960/1875] loss=0.3595 avg_loss=0.1631
[2026-06-03 01:39:01] Epoch 07 train batch [980/1875] loss=0.0748 avg_loss=0.1631
[2026-06-03 01:39:05] Epoch 07 train batch [1000/1875] loss=0.0896 avg_loss=0.1629
[2026-06-03 01:39:10] Epoch 07 train batch [1020/1875] loss=0.1417 avg_loss=0.1623
[2026-06-03 01:39:14] Epoch 07 train batch [1040/1875] loss=0.0501 avg_loss=0.1627
[2026-06-03 01:39:18] Epoch 07 train batch [1060/1875] loss=0.0898 avg_loss=0.1623
[2026-06-03 01:39:22] Epoch 07 train batch [1080/1875] loss=0.2566 avg_loss=0.1625
[2026-06-03 01:39:26] Epoch 07 train batch [1100/1875] loss=0.1119 avg_loss=0.1622
[2026-06-03 01:39:31] Epoch 07 train batch [1120/1875] loss=0.0890 avg_loss=0.1621
[2026-06-03 01:39:35] Epoch 07 train batch [1140/1875] loss=0.1646 avg_loss=0.1626
[2026-06-03 01:39:39] Epoch 07 train batch [1160/1875] loss=0.2397 avg_loss=0.1630
[2026-06-03 01:39:44] Epoch 07 train batch [1180/1875] loss=0.0021 avg_loss=0.1626
[2026-06-03 01:39:48] Epoch 07 train batch [1200/1875] loss=0.0950 avg_loss=0.1623
[2026-06-03 01:39:52] Epoch 07 train batch [1220/1875] loss=0.1197 avg_loss=0.1624
[2026-06-03 01:39:56] Epoch 07 train batch [1240/1875] loss=0.1769 avg_loss=0.1628
[2026-06-03 01:40:01] Epoch 07 train batch [1260/1875] loss=0.3143 avg_loss=0.1629
[2026-06-03 01:40:05] Epoch 07 train batch [1280/1875] loss=0.3735 avg_loss=0.1635
[2026-06-03 01:40:09] Epoch 07 train batch [1300/1875] loss=0.2396 avg_loss=0.1639
[2026-06-03 01:40:13] Epoch 07 train batch [1320/1875] loss=0.1468 avg_loss=0.1637
[2026-06-03 01:40:17] Epoch 07 train batch [1340/1875] loss=0.2896 avg_loss=0.1636
[2026-06-03 01:40:21] Epoch 07 train batch [1360/1875] loss=0.1351 avg_loss=0.1638
[2026-06-03 01:40:25] Epoch 07 train batch [1380/1875] loss=0.0601 avg_loss=0.1640
[2026-06-03 01:40:30] Epoch 07 train batch [1400/1875] loss=0.1969 avg_loss=0.1639
[2026-06-03 01:40:34] Epoch 07 train batch [1420/1875] loss=0.0210 avg_loss=0.1637
[2026-06-03 01:40:38] Epoch 07 train batch [1440/1875] loss=0.2564 avg_loss=0.1641
[2026-06-03 01:40:42] Epoch 07 train batch [1460/1875] loss=0.1919 avg_loss=0.1646
[2026-06-03 01:40:47] Epoch 07 train batch [1480/1875] loss=0.2002 avg_loss=0.1651
[2026-06-03 01:40:51] Epoch 07 train batch [1500/1875] loss=0.1598 avg_loss=0.1654
[2026-06-03 01:40:55] Epoch 07 train batch [1520/1875] loss=0.0481 avg_loss=0.1651
[2026-06-03 01:40:59] Epoch 07 train batch [1540/1875] loss=0.0326 avg_loss=0.1651
[2026-06-03 01:41:03] Epoch 07 train batch [1560/1875] loss=0.1374 avg_loss=0.1654
[2026-06-03 01:41:08] Epoch 07 train batch [1580/1875] loss=0.0831 avg_loss=0.1652
[2026-06-03 01:41:12] Epoch 07 train batch [1600/1875] loss=0.0904 avg_loss=0.1650
[2026-06-03 01:41:16] Epoch 07 train batch [1620/1875] loss=0.3863 avg_loss=0.1654
[2026-06-03 01:41:20] Epoch 07 train batch [1640/1875] loss=0.0447 avg_loss=0.1652
[2026-06-03 01:41:25] Epoch 07 train batch [1660/1875] loss=0.2209 avg_loss=0.1653
[2026-06-03 01:41:29] Epoch 07 train batch [1680/1875] loss=0.0575 avg_loss=0.1655
[2026-06-03 01:41:33] Epoch 07 train batch [1700/1875] loss=0.1053 avg_loss=0.1650
[2026-06-03 01:41:37] Epoch 07 train batch [1720/1875] loss=0.0894 avg_loss=0.1649
[2026-06-03 01:41:42] Epoch 07 train batch [1740/1875] loss=0.3036 avg_loss=0.1646
[2026-06-03 01:41:46] Epoch 07 train batch [1760/1875] loss=0.1090 avg_loss=0.1643
[2026-06-03 01:41:50] Epoch 07 train batch [1780/1875] loss=0.0051 avg_loss=0.1637
[2026-06-03 01:41:54] Epoch 07 train batch [1800/1875] loss=0.1736 avg_loss=0.1642
[2026-06-03 01:41:58] Epoch 07 train batch [1820/1875] loss=0.1599 avg_loss=0.1642
[2026-06-03 01:42:03] Epoch 07 train batch [1840/1875] loss=0.2989 avg_loss=0.1641
[2026-06-03 01:42:07] Epoch 07 train batch [1860/1875] loss=0.1172 avg_loss=0.1643
[2026-06-03 01:42:10] Epoch 07 train batch [1875/1875] loss=0.0672 avg_loss=0.1641
[2026-06-03 01:42:10] Epoch 07 training completed. Computing validation loss.
[2026-06-03 01:42:54] Epoch 07 validation loss completed: 0.1873. Computing detection metrics.
[2026-06-03 01:43:33] Epoch 07 metrics computed. Saving artifacts.
[2026-06-03 01:43:34] Epoch 07 did not improve mAP@0.5 enough. Early stopping counter: 1/7.
Epoch [07/30]
├── Train Loss : 0.1641
│   ├── loss_classifier  : 0.0533
│   ├── loss_box_reg     : 0.0990
│   ├── loss_objectness  : 0.0064
│   └── loss_rpn_box_reg : 0.0054
├── Val Loss   : 0.1873
├── mAP@0.5    : 0.7449
├── mAP@0.75   : 0.4050
├── mAP@0.5:0.95 : 0.4107
├── Precision  : 0.5441
├── Recall     : 0.8298
├── GT Boxes   : 2021
├── Predictions: 3082
├── Per-class AP
│   ├── person  : AP50=0.8165, AP75=0.3660, AP50:95=0.4113, P=0.5763, R=0.8724
│   ├── car     : AP50=0.7410, AP75=0.4209, AP50:95=0.4144, P=0.4142, R=0.8445
│   ├── dog     : AP50=0.8639, AP75=0.6041, AP50:95=0.5320, P=0.5911, R=0.8981
│   ├── cat     : AP50=0.8079, AP75=0.4506, AP50:95=0.4624, P=0.8212, R=0.8352
│   └── chair   : AP50=0.4951, AP75=0.1833, AP50:95=0.2334, P=0.4367, R=0.5993
├── LR         : 0.001000
└── Time       : 476.9s
[2026-06-03 01:43:34] Epoch [07/30] completed.
[2026-06-03 01:43:34] Epoch [08/30] started.
[2026-06-03 01:43:38] Epoch 08 train batch [20/1875] loss=0.0969 avg_loss=0.1559
[2026-06-03 01:43:42] Epoch 08 train batch [40/1875] loss=0.1265 avg_loss=0.1569
[2026-06-03 01:43:46] Epoch 08 train batch [60/1875] loss=0.0900 avg_loss=0.1526
[2026-06-03 01:43:50] Epoch 08 train batch [80/1875] loss=0.0890 avg_loss=0.1523
[2026-06-03 01:43:54] Epoch 08 train batch [100/1875] loss=0.1689 avg_loss=0.1543
[2026-06-03 01:43:58] Epoch 08 train batch [120/1875] loss=0.1053 avg_loss=0.1564
[2026-06-03 01:44:02] Epoch 08 train batch [140/1875] loss=0.1221 avg_loss=0.1517
[2026-06-03 01:44:07] Epoch 08 train batch [160/1875] loss=0.1169 avg_loss=0.1553
[2026-06-03 01:44:11] Epoch 08 train batch [180/1875] loss=0.0619 avg_loss=0.1501
[2026-06-03 01:44:15] Epoch 08 train batch [200/1875] loss=0.1047 avg_loss=0.1508
[2026-06-03 01:44:19] Epoch 08 train batch [220/1875] loss=0.2277 avg_loss=0.1499
[2026-06-03 01:44:23] Epoch 08 train batch [240/1875] loss=0.2316 avg_loss=0.1491
[2026-06-03 01:44:27] Epoch 08 train batch [260/1875] loss=0.4007 avg_loss=0.1501
[2026-06-03 01:44:32] Epoch 08 train batch [280/1875] loss=0.1357 avg_loss=0.1526
[2026-06-03 01:44:36] Epoch 08 train batch [300/1875] loss=0.0686 avg_loss=0.1509
[2026-06-03 01:44:40] Epoch 08 train batch [320/1875] loss=0.1210 avg_loss=0.1518
[2026-06-03 01:44:44] Epoch 08 train batch [340/1875] loss=0.1801 avg_loss=0.1505
[2026-06-03 01:44:48] Epoch 08 train batch [360/1875] loss=0.4442 avg_loss=0.1519
[2026-06-03 01:44:52] Epoch 08 train batch [380/1875] loss=0.1552 avg_loss=0.1545
[2026-06-03 01:44:57] Epoch 08 train batch [400/1875] loss=0.2204 avg_loss=0.1567
[2026-06-03 01:45:01] Epoch 08 train batch [420/1875] loss=0.1916 avg_loss=0.1568
[2026-06-03 01:45:05] Epoch 08 train batch [440/1875] loss=0.1080 avg_loss=0.1594
[2026-06-03 01:45:10] Epoch 08 train batch [460/1875] loss=0.1042 avg_loss=0.1588
[2026-06-03 01:45:14] Epoch 08 train batch [480/1875] loss=0.1577 avg_loss=0.1577
[2026-06-03 01:45:18] Epoch 08 train batch [500/1875] loss=0.2634 avg_loss=0.1577
[2026-06-03 01:45:22] Epoch 08 train batch [520/1875] loss=0.1509 avg_loss=0.1577
[2026-06-03 01:45:27] Epoch 08 train batch [540/1875] loss=0.1658 avg_loss=0.1576
[2026-06-03 01:45:31] Epoch 08 train batch [560/1875] loss=0.2343 avg_loss=0.1572
[2026-06-03 01:45:35] Epoch 08 train batch [580/1875] loss=0.1208 avg_loss=0.1560
[2026-06-03 01:45:39] Epoch 08 train batch [600/1875] loss=0.2456 avg_loss=0.1577
[2026-06-03 01:45:44] Epoch 08 train batch [620/1875] loss=0.0150 avg_loss=0.1583
[2026-06-03 01:45:48] Epoch 08 train batch [640/1875] loss=0.0314 avg_loss=0.1579
[2026-06-03 01:45:52] Epoch 08 train batch [660/1875] loss=0.4501 avg_loss=0.1583
[2026-06-03 01:45:56] Epoch 08 train batch [680/1875] loss=0.1320 avg_loss=0.1575
[2026-06-03 01:46:00] Epoch 08 train batch [700/1875] loss=0.0540 avg_loss=0.1594
[2026-06-03 01:46:04] Epoch 08 train batch [720/1875] loss=0.0500 avg_loss=0.1594
[2026-06-03 01:46:09] Epoch 08 train batch [740/1875] loss=0.0667 avg_loss=0.1587
[2026-06-03 01:46:13] Epoch 08 train batch [760/1875] loss=0.0547 avg_loss=0.1579
[2026-06-03 01:46:17] Epoch 08 train batch [780/1875] loss=0.0800 avg_loss=0.1590
[2026-06-03 01:46:21] Epoch 08 train batch [800/1875] loss=0.1142 avg_loss=0.1581
[2026-06-03 01:46:25] Epoch 08 train batch [820/1875] loss=0.3090 avg_loss=0.1581
[2026-06-03 01:46:30] Epoch 08 train batch [840/1875] loss=0.1258 avg_loss=0.1575
[2026-06-03 01:46:34] Epoch 08 train batch [860/1875] loss=0.1750 avg_loss=0.1571
[2026-06-03 01:46:38] Epoch 08 train batch [880/1875] loss=0.3213 avg_loss=0.1564
[2026-06-03 01:46:43] Epoch 08 train batch [900/1875] loss=0.1376 avg_loss=0.1575
[2026-06-03 01:46:47] Epoch 08 train batch [920/1875] loss=0.0465 avg_loss=0.1583
[2026-06-03 01:46:51] Epoch 08 train batch [940/1875] loss=0.2003 avg_loss=0.1584
[2026-06-03 01:46:56] Epoch 08 train batch [960/1875] loss=0.2053 avg_loss=0.1590
[2026-06-03 01:47:00] Epoch 08 train batch [980/1875] loss=0.0833 avg_loss=0.1587
[2026-06-03 01:47:04] Epoch 08 train batch [1000/1875] loss=0.1329 avg_loss=0.1585
[2026-06-03 01:47:08] Epoch 08 train batch [1020/1875] loss=0.0987 avg_loss=0.1579
[2026-06-03 01:47:12] Epoch 08 train batch [1040/1875] loss=0.1204 avg_loss=0.1574
[2026-06-03 01:47:17] Epoch 08 train batch [1060/1875] loss=0.0854 avg_loss=0.1568
[2026-06-03 01:47:21] Epoch 08 train batch [1080/1875] loss=0.1437 avg_loss=0.1571
[2026-06-03 01:47:25] Epoch 08 train batch [1100/1875] loss=0.0909 avg_loss=0.1577
[2026-06-03 01:47:29] Epoch 08 train batch [1120/1875] loss=0.1045 avg_loss=0.1572
[2026-06-03 01:47:34] Epoch 08 train batch [1140/1875] loss=0.1830 avg_loss=0.1574
[2026-06-03 01:47:38] Epoch 08 train batch [1160/1875] loss=0.0579 avg_loss=0.1572
[2026-06-03 01:47:42] Epoch 08 train batch [1180/1875] loss=0.4557 avg_loss=0.1579
[2026-06-03 01:47:46] Epoch 08 train batch [1200/1875] loss=0.0423 avg_loss=0.1573
[2026-06-03 01:47:50] Epoch 08 train batch [1220/1875] loss=0.1000 avg_loss=0.1561
[2026-06-03 01:47:55] Epoch 08 train batch [1240/1875] loss=0.0864 avg_loss=0.1563
[2026-06-03 01:47:59] Epoch 08 train batch [1260/1875] loss=0.0523 avg_loss=0.1562
[2026-06-03 01:48:03] Epoch 08 train batch [1280/1875] loss=0.1047 avg_loss=0.1569
[2026-06-03 01:48:08] Epoch 08 train batch [1300/1875] loss=0.1347 avg_loss=0.1565
[2026-06-03 01:48:12] Epoch 08 train batch [1320/1875] loss=0.2822 avg_loss=0.1565
[2026-06-03 01:48:16] Epoch 08 train batch [1340/1875] loss=0.0999 avg_loss=0.1559
[2026-06-03 01:48:20] Epoch 08 train batch [1360/1875] loss=0.0967 avg_loss=0.1553
[2026-06-03 01:48:24] Epoch 08 train batch [1380/1875] loss=0.1410 avg_loss=0.1557
[2026-06-03 01:48:29] Epoch 08 train batch [1400/1875] loss=0.0471 avg_loss=0.1557
[2026-06-03 01:48:33] Epoch 08 train batch [1420/1875] loss=0.2393 avg_loss=0.1552
[2026-06-03 01:48:37] Epoch 08 train batch [1440/1875] loss=0.0767 avg_loss=0.1556
[2026-06-03 01:48:41] Epoch 08 train batch [1460/1875] loss=0.1850 avg_loss=0.1552
[2026-06-03 01:48:45] Epoch 08 train batch [1480/1875] loss=0.1632 avg_loss=0.1548
[2026-06-03 01:48:50] Epoch 08 train batch [1500/1875] loss=0.0909 avg_loss=0.1543
[2026-06-03 01:48:54] Epoch 08 train batch [1520/1875] loss=0.1871 avg_loss=0.1543
[2026-06-03 01:48:58] Epoch 08 train batch [1540/1875] loss=0.4902 avg_loss=0.1542
[2026-06-03 01:49:03] Epoch 08 train batch [1560/1875] loss=0.2998 avg_loss=0.1549
[2026-06-03 01:49:07] Epoch 08 train batch [1580/1875] loss=0.1689 avg_loss=0.1550
[2026-06-03 01:49:11] Epoch 08 train batch [1600/1875] loss=0.0613 avg_loss=0.1546
[2026-06-03 01:49:15] Epoch 08 train batch [1620/1875] loss=0.1215 avg_loss=0.1549
[2026-06-03 01:49:20] Epoch 08 train batch [1640/1875] loss=0.1003 avg_loss=0.1547
[2026-06-03 01:49:24] Epoch 08 train batch [1660/1875] loss=0.1189 avg_loss=0.1549
[2026-06-03 01:49:28] Epoch 08 train batch [1680/1875] loss=0.0815 avg_loss=0.1548
[2026-06-03 01:49:32] Epoch 08 train batch [1700/1875] loss=0.3289 avg_loss=0.1555
[2026-06-03 01:49:36] Epoch 08 train batch [1720/1875] loss=0.0068 avg_loss=0.1555
[2026-06-03 01:49:40] Epoch 08 train batch [1740/1875] loss=0.1893 avg_loss=0.1555
[2026-06-03 01:49:45] Epoch 08 train batch [1760/1875] loss=0.0746 avg_loss=0.1552
[2026-06-03 01:49:49] Epoch 08 train batch [1780/1875] loss=0.3496 avg_loss=0.1554
[2026-06-03 01:49:53] Epoch 08 train batch [1800/1875] loss=0.2742 avg_loss=0.1556
[2026-06-03 01:49:57] Epoch 08 train batch [1820/1875] loss=0.0464 avg_loss=0.1554
[2026-06-03 01:50:02] Epoch 08 train batch [1840/1875] loss=0.0585 avg_loss=0.1560
[2026-06-03 01:50:06] Epoch 08 train batch [1860/1875] loss=0.1842 avg_loss=0.1561
[2026-06-03 01:50:09] Epoch 08 train batch [1875/1875] loss=0.1591 avg_loss=0.1560
[2026-06-03 01:50:09] Epoch 08 training completed. Computing validation loss.
[2026-06-03 01:50:51] Epoch 08 validation loss completed: 0.1828. Computing detection metrics.
[2026-06-03 01:51:31] Epoch 08 metrics computed. Saving artifacts.
[2026-06-03 01:51:33] Epoch 08 improved mAP@0.5 to 0.7669. Saved best checkpoint: best_model-20260603-004728.pth.
Epoch [08/30]
├── Train Loss : 0.1560
│   ├── loss_classifier  : 0.0503
│   ├── loss_box_reg     : 0.0949
│   ├── loss_objectness  : 0.0058
│   └── loss_rpn_box_reg : 0.0051
├── Val Loss   : 0.1828
├── mAP@0.5    : 0.7669
├── mAP@0.75   : 0.4651
├── mAP@0.5:0.95 : 0.4453
├── Precision  : 0.6265
├── Recall     : 0.8258
├── GT Boxes   : 2021
├── Predictions: 2664
├── Per-class AP
│   ├── person  : AP50=0.8273, AP75=0.4593, AP50:95=0.4621, P=0.6713, R=0.8575
│   ├── car     : AP50=0.7523, AP75=0.4451, AP50:95=0.4377, P=0.4784, R=0.8198
│   ├── dog     : AP50=0.8291, AP75=0.5622, AP50:95=0.5064, P=0.8325, R=0.8447
│   ├── cat     : AP50=0.8726, AP75=0.6344, AP50:95=0.5516, P=0.7573, R=0.8864
│   └── chair   : AP50=0.5528, AP75=0.2247, AP50:95=0.2688, P=0.4745, R=0.6596
├── LR         : 0.001000
└── Time       : 476.4s
[2026-06-03 01:51:33] Epoch [08/30] completed.
[2026-06-03 01:51:33] Epoch [09/30] started.
[2026-06-03 01:51:36] Epoch 09 train batch [20/1875] loss=0.1007 avg_loss=0.1357
[2026-06-03 01:51:41] Epoch 09 train batch [40/1875] loss=0.1119 avg_loss=0.1373
[2026-06-03 01:51:45] Epoch 09 train batch [60/1875] loss=0.1608 avg_loss=0.1450
[2026-06-03 01:51:49] Epoch 09 train batch [80/1875] loss=0.0744 avg_loss=0.1506
[2026-06-03 01:51:53] Epoch 09 train batch [100/1875] loss=0.2134 avg_loss=0.1488
[2026-06-03 01:51:57] Epoch 09 train batch [120/1875] loss=0.1658 avg_loss=0.1467
[2026-06-03 01:52:01] Epoch 09 train batch [140/1875] loss=0.0592 avg_loss=0.1455
[2026-06-03 01:52:06] Epoch 09 train batch [160/1875] loss=0.2235 avg_loss=0.1502
[2026-06-03 01:52:10] Epoch 09 train batch [180/1875] loss=0.1280 avg_loss=0.1474
[2026-06-03 01:52:14] Epoch 09 train batch [200/1875] loss=0.0682 avg_loss=0.1474
[2026-06-03 01:52:18] Epoch 09 train batch [220/1875] loss=0.1940 avg_loss=0.1481
[2026-06-03 01:52:22] Epoch 09 train batch [240/1875] loss=0.1903 avg_loss=0.1493
[2026-06-03 01:52:27] Epoch 09 train batch [260/1875] loss=0.1443 avg_loss=0.1508
[2026-06-03 01:52:31] Epoch 09 train batch [280/1875] loss=0.5532 avg_loss=0.1518
[2026-06-03 01:52:35] Epoch 09 train batch [300/1875] loss=0.2195 avg_loss=0.1511
[2026-06-03 01:52:39] Epoch 09 train batch [320/1875] loss=0.1246 avg_loss=0.1532
[2026-06-03 01:52:43] Epoch 09 train batch [340/1875] loss=0.2228 avg_loss=0.1531
[2026-06-03 01:52:48] Epoch 09 train batch [360/1875] loss=0.1007 avg_loss=0.1522
[2026-06-03 01:52:52] Epoch 09 train batch [380/1875] loss=0.1235 avg_loss=0.1545
[2026-06-03 01:52:56] Epoch 09 train batch [400/1875] loss=0.0470 avg_loss=0.1520
[2026-06-03 01:53:00] Epoch 09 train batch [420/1875] loss=0.0888 avg_loss=0.1501
[2026-06-03 01:53:05] Epoch 09 train batch [440/1875] loss=0.1052 avg_loss=0.1494
[2026-06-03 01:53:09] Epoch 09 train batch [460/1875] loss=0.1349 avg_loss=0.1486
[2026-06-03 01:53:13] Epoch 09 train batch [480/1875] loss=0.0997 avg_loss=0.1478
[2026-06-03 01:53:17] Epoch 09 train batch [500/1875] loss=0.0821 avg_loss=0.1474
[2026-06-03 01:53:22] Epoch 09 train batch [520/1875] loss=0.1073 avg_loss=0.1463
[2026-06-03 01:53:26] Epoch 09 train batch [540/1875] loss=0.1357 avg_loss=0.1468
[2026-06-03 01:53:30] Epoch 09 train batch [560/1875] loss=0.3312 avg_loss=0.1474
[2026-06-03 01:53:34] Epoch 09 train batch [580/1875] loss=0.1698 avg_loss=0.1482
[2026-06-03 01:53:38] Epoch 09 train batch [600/1875] loss=0.2657 avg_loss=0.1485
[2026-06-03 01:53:43] Epoch 09 train batch [620/1875] loss=0.0784 avg_loss=0.1487
[2026-06-03 01:53:47] Epoch 09 train batch [640/1875] loss=0.1519 avg_loss=0.1495
[2026-06-03 01:53:51] Epoch 09 train batch [660/1875] loss=0.0226 avg_loss=0.1491
[2026-06-03 01:53:55] Epoch 09 train batch [680/1875] loss=0.2771 avg_loss=0.1494
[2026-06-03 01:54:00] Epoch 09 train batch [700/1875] loss=0.0257 avg_loss=0.1498
[2026-06-03 01:54:04] Epoch 09 train batch [720/1875] loss=0.0489 avg_loss=0.1499
[2026-06-03 01:54:08] Epoch 09 train batch [740/1875] loss=0.1743 avg_loss=0.1499
[2026-06-03 01:54:12] Epoch 09 train batch [760/1875] loss=0.2493 avg_loss=0.1495
[2026-06-03 01:54:16] Epoch 09 train batch [780/1875] loss=0.1359 avg_loss=0.1493
[2026-06-03 01:54:21] Epoch 09 train batch [800/1875] loss=0.1282 avg_loss=0.1487
[2026-06-03 01:54:25] Epoch 09 train batch [820/1875] loss=0.0294 avg_loss=0.1493
[2026-06-03 01:54:29] Epoch 09 train batch [840/1875] loss=0.2078 avg_loss=0.1500
[2026-06-03 01:54:33] Epoch 09 train batch [860/1875] loss=0.3127 avg_loss=0.1493
[2026-06-03 01:54:38] Epoch 09 train batch [880/1875] loss=0.1052 avg_loss=0.1492
[2026-06-03 01:54:42] Epoch 09 train batch [900/1875] loss=0.1056 avg_loss=0.1490
[2026-06-03 01:54:46] Epoch 09 train batch [920/1875] loss=0.1643 avg_loss=0.1490
[2026-06-03 01:54:50] Epoch 09 train batch [940/1875] loss=0.3213 avg_loss=0.1492
[2026-06-03 01:54:54] Epoch 09 train batch [960/1875] loss=0.1738 avg_loss=0.1489
[2026-06-03 01:54:58] Epoch 09 train batch [980/1875] loss=0.1295 avg_loss=0.1489
[2026-06-03 01:55:03] Epoch 09 train batch [1000/1875] loss=0.0711 avg_loss=0.1493
[2026-06-03 01:55:07] Epoch 09 train batch [1020/1875] loss=0.0542 avg_loss=0.1491
[2026-06-03 01:55:11] Epoch 09 train batch [1040/1875] loss=0.1049 avg_loss=0.1501
[2026-06-03 01:55:15] Epoch 09 train batch [1060/1875] loss=0.0830 avg_loss=0.1495
[2026-06-03 01:55:20] Epoch 09 train batch [1080/1875] loss=0.1809 avg_loss=0.1495
[2026-06-03 01:55:24] Epoch 09 train batch [1100/1875] loss=0.1094 avg_loss=0.1492
[2026-06-03 01:55:28] Epoch 09 train batch [1120/1875] loss=0.0686 avg_loss=0.1490
[2026-06-03 01:55:32] Epoch 09 train batch [1140/1875] loss=0.0984 avg_loss=0.1486
[2026-06-03 01:55:36] Epoch 09 train batch [1160/1875] loss=0.1528 avg_loss=0.1485
[2026-06-03 01:55:41] Epoch 09 train batch [1180/1875] loss=0.1781 avg_loss=0.1477
[2026-06-03 01:55:45] Epoch 09 train batch [1200/1875] loss=0.0918 avg_loss=0.1478
[2026-06-03 01:55:49] Epoch 09 train batch [1220/1875] loss=0.0291 avg_loss=0.1481
[2026-06-03 01:55:53] Epoch 09 train batch [1240/1875] loss=0.0588 avg_loss=0.1482
[2026-06-03 01:55:57] Epoch 09 train batch [1260/1875] loss=0.2020 avg_loss=0.1484
[2026-06-03 01:56:01] Epoch 09 train batch [1280/1875] loss=0.1310 avg_loss=0.1485
[2026-06-03 01:56:06] Epoch 09 train batch [1300/1875] loss=0.0769 avg_loss=0.1482
[2026-06-03 01:56:10] Epoch 09 train batch [1320/1875] loss=0.1456 avg_loss=0.1483
[2026-06-03 01:56:14] Epoch 09 train batch [1340/1875] loss=0.1074 avg_loss=0.1479
[2026-06-03 01:56:18] Epoch 09 train batch [1360/1875] loss=0.2827 avg_loss=0.1478
[2026-06-03 01:56:22] Epoch 09 train batch [1380/1875] loss=0.3077 avg_loss=0.1482
[2026-06-03 01:56:27] Epoch 09 train batch [1400/1875] loss=0.0845 avg_loss=0.1484
[2026-06-03 01:56:31] Epoch 09 train batch [1420/1875] loss=0.0577 avg_loss=0.1482
[2026-06-03 01:56:35] Epoch 09 train batch [1440/1875] loss=0.1202 avg_loss=0.1479
[2026-06-03 01:56:39] Epoch 09 train batch [1460/1875] loss=0.2712 avg_loss=0.1480
[2026-06-03 01:56:44] Epoch 09 train batch [1480/1875] loss=0.0204 avg_loss=0.1480
[2026-06-03 01:56:48] Epoch 09 train batch [1500/1875] loss=0.3478 avg_loss=0.1477
[2026-06-03 01:56:52] Epoch 09 train batch [1520/1875] loss=0.1968 avg_loss=0.1486
[2026-06-03 01:56:56] Epoch 09 train batch [1540/1875] loss=0.0206 avg_loss=0.1481
[2026-06-03 01:57:00] Epoch 09 train batch [1560/1875] loss=0.0869 avg_loss=0.1480
[2026-06-03 01:57:05] Epoch 09 train batch [1580/1875] loss=0.2292 avg_loss=0.1480
[2026-06-03 01:57:09] Epoch 09 train batch [1600/1875] loss=0.0952 avg_loss=0.1482
[2026-06-03 01:57:13] Epoch 09 train batch [1620/1875] loss=0.0917 avg_loss=0.1482
[2026-06-03 01:57:18] Epoch 09 train batch [1640/1875] loss=0.2372 avg_loss=0.1482
[2026-06-03 01:57:22] Epoch 09 train batch [1660/1875] loss=0.0785 avg_loss=0.1484
[2026-06-03 01:57:26] Epoch 09 train batch [1680/1875] loss=0.0858 avg_loss=0.1481
[2026-06-03 01:57:30] Epoch 09 train batch [1700/1875] loss=0.3594 avg_loss=0.1485
[2026-06-03 01:57:35] Epoch 09 train batch [1720/1875] loss=0.0848 avg_loss=0.1488
[2026-06-03 01:57:39] Epoch 09 train batch [1740/1875] loss=0.1586 avg_loss=0.1490
[2026-06-03 01:57:43] Epoch 09 train batch [1760/1875] loss=0.0512 avg_loss=0.1488
[2026-06-03 01:57:47] Epoch 09 train batch [1780/1875] loss=0.0479 avg_loss=0.1489
[2026-06-03 01:57:51] Epoch 09 train batch [1800/1875] loss=0.0460 avg_loss=0.1487
[2026-06-03 01:57:56] Epoch 09 train batch [1820/1875] loss=0.0941 avg_loss=0.1487
[2026-06-03 01:58:00] Epoch 09 train batch [1840/1875] loss=0.1364 avg_loss=0.1486
[2026-06-03 01:58:04] Epoch 09 train batch [1860/1875] loss=0.2584 avg_loss=0.1484
[2026-06-03 01:58:07] Epoch 09 train batch [1875/1875] loss=0.0823 avg_loss=0.1483
[2026-06-03 01:58:07] Epoch 09 training completed. Computing validation loss.
[2026-06-03 01:58:46] Epoch 09 validation loss completed: 0.1882. Computing detection metrics.
[2026-06-03 01:59:26] Epoch 09 metrics computed. Saving artifacts.
[2026-06-03 01:59:28] Epoch 09 improved mAP@0.5 to 0.7775. Saved best checkpoint: best_model-20260603-004728.pth.
Epoch [09/30]
├── Train Loss : 0.1483
│   ├── loss_classifier  : 0.0473
│   ├── loss_box_reg     : 0.0909
│   ├── loss_objectness  : 0.0052
│   └── loss_rpn_box_reg : 0.0048
├── Val Loss   : 0.1882
├── mAP@0.5    : 0.7775
├── mAP@0.75   : 0.4622
├── mAP@0.5:0.95 : 0.4401
├── Precision  : 0.5373
├── Recall     : 0.8521
├── GT Boxes   : 2021
├── Predictions: 3205
├── Per-class AP
│   ├── person  : AP50=0.8428, AP75=0.4498, AP50:95=0.4649, P=0.6211, R=0.8762
│   ├── car     : AP50=0.7186, AP75=0.4066, AP50:95=0.4027, P=0.4686, R=0.8163
│   ├── dog     : AP50=0.8941, AP75=0.6542, AP50:95=0.5434, P=0.4185, R=0.9466
│   ├── cat     : AP50=0.8554, AP75=0.5779, AP50:95=0.5142, P=0.8370, R=0.8750
│   └── chair   : AP50=0.5764, AP75=0.2224, AP50:95=0.2753, P=0.3675, R=0.7128
├── LR         : 0.001000
└── Time       : 473.2s
[2026-06-03 01:59:28] Epoch [09/30] completed.
[2026-06-03 01:59:28] Epoch [10/30] started.
[2026-06-03 01:59:32] Epoch 10 train batch [20/1875] loss=0.2413 avg_loss=0.1294
[2026-06-03 01:59:37] Epoch 10 train batch [40/1875] loss=0.0875 avg_loss=0.1221
[2026-06-03 01:59:41] Epoch 10 train batch [60/1875] loss=0.1029 avg_loss=0.1273
[2026-06-03 01:59:45] Epoch 10 train batch [80/1875] loss=0.1729 avg_loss=0.1345
[2026-06-03 01:59:49] Epoch 10 train batch [100/1875] loss=0.0838 avg_loss=0.1355
[2026-06-03 01:59:54] Epoch 10 train batch [120/1875] loss=0.0507 avg_loss=0.1336
[2026-06-03 01:59:58] Epoch 10 train batch [140/1875] loss=0.0650 avg_loss=0.1313
[2026-06-03 02:00:02] Epoch 10 train batch [160/1875] loss=0.1350 avg_loss=0.1336
[2026-06-03 02:00:06] Epoch 10 train batch [180/1875] loss=0.1836 avg_loss=0.1359
[2026-06-03 02:00:10] Epoch 10 train batch [200/1875] loss=0.0914 avg_loss=0.1396
[2026-06-03 02:00:15] Epoch 10 train batch [220/1875] loss=0.1455 avg_loss=0.1378
[2026-06-03 02:00:19] Epoch 10 train batch [240/1875] loss=0.0231 avg_loss=0.1379
[2026-06-03 02:00:23] Epoch 10 train batch [260/1875] loss=0.0733 avg_loss=0.1364
[2026-06-03 02:00:27] Epoch 10 train batch [280/1875] loss=0.1829 avg_loss=0.1367
[2026-06-03 02:00:31] Epoch 10 train batch [300/1875] loss=0.3138 avg_loss=0.1369
[2026-06-03 02:00:36] Epoch 10 train batch [320/1875] loss=0.1570 avg_loss=0.1364
[2026-06-03 02:00:40] Epoch 10 train batch [340/1875] loss=0.2327 avg_loss=0.1354
[2026-06-03 02:00:44] Epoch 10 train batch [360/1875] loss=0.2593 avg_loss=0.1350
[2026-06-03 02:00:49] Epoch 10 train batch [380/1875] loss=0.0757 avg_loss=0.1368
[2026-06-03 02:00:53] Epoch 10 train batch [400/1875] loss=0.0460 avg_loss=0.1374
[2026-06-03 02:00:57] Epoch 10 train batch [420/1875] loss=0.0922 avg_loss=0.1367
[2026-06-03 02:01:01] Epoch 10 train batch [440/1875] loss=0.1421 avg_loss=0.1358
[2026-06-03 02:01:05] Epoch 10 train batch [460/1875] loss=0.0597 avg_loss=0.1343
[2026-06-03 02:01:10] Epoch 10 train batch [480/1875] loss=0.2746 avg_loss=0.1345
[2026-06-03 02:01:14] Epoch 10 train batch [500/1875] loss=0.1773 avg_loss=0.1349
[2026-06-03 02:01:18] Epoch 10 train batch [520/1875] loss=0.1667 avg_loss=0.1350
[2026-06-03 02:01:22] Epoch 10 train batch [540/1875] loss=0.2911 avg_loss=0.1355
[2026-06-03 02:01:27] Epoch 10 train batch [560/1875] loss=0.2169 avg_loss=0.1372
[2026-06-03 02:01:31] Epoch 10 train batch [580/1875] loss=0.1117 avg_loss=0.1371
[2026-06-03 02:01:35] Epoch 10 train batch [600/1875] loss=0.2518 avg_loss=0.1380
[2026-06-03 02:01:39] Epoch 10 train batch [620/1875] loss=0.0376 avg_loss=0.1374
[2026-06-03 02:01:43] Epoch 10 train batch [640/1875] loss=0.0714 avg_loss=0.1369
[2026-06-03 02:01:48] Epoch 10 train batch [660/1875] loss=0.1169 avg_loss=0.1366
[2026-06-03 02:01:52] Epoch 10 train batch [680/1875] loss=0.1768 avg_loss=0.1366
[2026-06-03 02:01:56] Epoch 10 train batch [700/1875] loss=0.3113 avg_loss=0.1368
[2026-06-03 02:02:00] Epoch 10 train batch [720/1875] loss=0.1559 avg_loss=0.1363
[2026-06-03 02:02:04] Epoch 10 train batch [740/1875] loss=0.1979 avg_loss=0.1366
[2026-06-03 02:02:08] Epoch 10 train batch [760/1875] loss=0.3805 avg_loss=0.1375
[2026-06-03 02:02:13] Epoch 10 train batch [780/1875] loss=0.1917 avg_loss=0.1377
[2026-06-03 02:02:17] Epoch 10 train batch [800/1875] loss=0.0693 avg_loss=0.1382
[2026-06-03 02:02:21] Epoch 10 train batch [820/1875] loss=0.1411 avg_loss=0.1401
[2026-06-03 02:02:25] Epoch 10 train batch [840/1875] loss=0.3460 avg_loss=0.1409
[2026-06-03 02:02:29] Epoch 10 train batch [860/1875] loss=0.1319 avg_loss=0.1409
[2026-06-03 02:02:34] Epoch 10 train batch [880/1875] loss=0.0451 avg_loss=0.1415
[2026-06-03 02:02:38] Epoch 10 train batch [900/1875] loss=0.0157 avg_loss=0.1412
[2026-06-03 02:02:42] Epoch 10 train batch [920/1875] loss=0.1504 avg_loss=0.1408
[2026-06-03 02:02:46] Epoch 10 train batch [940/1875] loss=0.2310 avg_loss=0.1402
[2026-06-03 02:02:50] Epoch 10 train batch [960/1875] loss=0.3336 avg_loss=0.1401
[2026-06-03 02:02:54] Epoch 10 train batch [980/1875] loss=0.1603 avg_loss=0.1390
[2026-06-03 02:02:59] Epoch 10 train batch [1000/1875] loss=0.0114 avg_loss=0.1387
[2026-06-03 02:03:03] Epoch 10 train batch [1020/1875] loss=0.1558 avg_loss=0.1384
[2026-06-03 02:03:07] Epoch 10 train batch [1040/1875] loss=0.0638 avg_loss=0.1387
[2026-06-03 02:03:11] Epoch 10 train batch [1060/1875] loss=0.0434 avg_loss=0.1385
[2026-06-03 02:03:16] Epoch 10 train batch [1080/1875] loss=0.1151 avg_loss=0.1395
[2026-06-03 02:03:20] Epoch 10 train batch [1100/1875] loss=0.1468 avg_loss=0.1395
[2026-06-03 02:03:24] Epoch 10 train batch [1120/1875] loss=0.0816 avg_loss=0.1391
[2026-06-03 02:03:28] Epoch 10 train batch [1140/1875] loss=0.0352 avg_loss=0.1390
[2026-06-03 02:03:33] Epoch 10 train batch [1160/1875] loss=0.0535 avg_loss=0.1390
[2026-06-03 02:03:37] Epoch 10 train batch [1180/1875] loss=0.3561 avg_loss=0.1397
[2026-06-03 02:03:42] Epoch 10 train batch [1200/1875] loss=0.1761 avg_loss=0.1395
[2026-06-03 02:03:46] Epoch 10 train batch [1220/1875] loss=0.1047 avg_loss=0.1395
[2026-06-03 02:03:50] Epoch 10 train batch [1240/1875] loss=0.0318 avg_loss=0.1391
[2026-06-03 02:03:55] Epoch 10 train batch [1260/1875] loss=0.0571 avg_loss=0.1387
[2026-06-03 02:03:59] Epoch 10 train batch [1280/1875] loss=0.3065 avg_loss=0.1391
[2026-06-03 02:04:03] Epoch 10 train batch [1300/1875] loss=0.1093 avg_loss=0.1394
[2026-06-03 02:04:07] Epoch 10 train batch [1320/1875] loss=0.0804 avg_loss=0.1395
[2026-06-03 02:04:11] Epoch 10 train batch [1340/1875] loss=0.0525 avg_loss=0.1399
[2026-06-03 02:04:16] Epoch 10 train batch [1360/1875] loss=0.3230 avg_loss=0.1399
[2026-06-03 02:04:20] Epoch 10 train batch [1380/1875] loss=0.1541 avg_loss=0.1405
[2026-06-03 02:04:24] Epoch 10 train batch [1400/1875] loss=0.0481 avg_loss=0.1405
[2026-06-03 02:04:28] Epoch 10 train batch [1420/1875] loss=0.0480 avg_loss=0.1401
[2026-06-03 02:04:33] Epoch 10 train batch [1440/1875] loss=0.1114 avg_loss=0.1400
[2026-06-03 02:04:37] Epoch 10 train batch [1460/1875] loss=0.3405 avg_loss=0.1401
[2026-06-03 02:04:41] Epoch 10 train batch [1480/1875] loss=0.0582 avg_loss=0.1400
[2026-06-03 02:04:45] Epoch 10 train batch [1500/1875] loss=0.0741 avg_loss=0.1403
[2026-06-03 02:04:50] Epoch 10 train batch [1520/1875] loss=0.1097 avg_loss=0.1407
[2026-06-03 02:04:54] Epoch 10 train batch [1540/1875] loss=0.1079 avg_loss=0.1405
[2026-06-03 02:04:58] Epoch 10 train batch [1560/1875] loss=0.0048 avg_loss=0.1401
[2026-06-03 02:05:02] Epoch 10 train batch [1580/1875] loss=0.0351 avg_loss=0.1407
[2026-06-03 02:05:06] Epoch 10 train batch [1600/1875] loss=0.0165 avg_loss=0.1406
[2026-06-03 02:05:11] Epoch 10 train batch [1620/1875] loss=0.3979 avg_loss=0.1409
[2026-06-03 02:05:15] Epoch 10 train batch [1640/1875] loss=0.1472 avg_loss=0.1411
[2026-06-03 02:05:19] Epoch 10 train batch [1660/1875] loss=0.0884 avg_loss=0.1412
[2026-06-03 02:05:23] Epoch 10 train batch [1680/1875] loss=0.3015 avg_loss=0.1412
[2026-06-03 02:05:27] Epoch 10 train batch [1700/1875] loss=0.1405 avg_loss=0.1414
[2026-06-03 02:05:32] Epoch 10 train batch [1720/1875] loss=0.0930 avg_loss=0.1416
[2026-06-03 02:05:36] Epoch 10 train batch [1740/1875] loss=0.0993 avg_loss=0.1414
[2026-06-03 02:05:40] Epoch 10 train batch [1760/1875] loss=0.3442 avg_loss=0.1418
[2026-06-03 02:05:44] Epoch 10 train batch [1780/1875] loss=0.1839 avg_loss=0.1415
[2026-06-03 02:05:49] Epoch 10 train batch [1800/1875] loss=0.4035 avg_loss=0.1417
[2026-06-03 02:05:53] Epoch 10 train batch [1820/1875] loss=0.2269 avg_loss=0.1421
[2026-06-03 02:05:57] Epoch 10 train batch [1840/1875] loss=0.2548 avg_loss=0.1422
[2026-06-03 02:06:01] Epoch 10 train batch [1860/1875] loss=0.0680 avg_loss=0.1420
[2026-06-03 02:06:04] Epoch 10 train batch [1875/1875] loss=0.1662 avg_loss=0.1421
[2026-06-03 02:06:04] Epoch 10 training completed. Computing validation loss.
[2026-06-03 02:06:43] Epoch 10 validation loss completed: 0.1795. Computing detection metrics.
[2026-06-03 02:07:23] Epoch 10 metrics computed. Saving artifacts.
[2026-06-03 02:07:25] Epoch 10 did not improve mAP@0.5 enough. Early stopping counter: 1/7.
Epoch [10/30]
├── Train Loss : 0.1421
│   ├── loss_classifier  : 0.0450
│   ├── loss_box_reg     : 0.0878
│   ├── loss_objectness  : 0.0047
│   └── loss_rpn_box_reg : 0.0046
├── Val Loss   : 0.1795
├── mAP@0.5    : 0.7719
├── mAP@0.75   : 0.4416
├── mAP@0.5:0.95 : 0.4268
├── Precision  : 0.5315
├── Recall     : 0.8481
├── GT Boxes   : 2021
├── Predictions: 3225
├── Per-class AP
│   ├── person  : AP50=0.8407, AP75=0.4988, AP50:95=0.4738, P=0.5787, R=0.8799
│   ├── car     : AP50=0.7584, AP75=0.4306, AP50:95=0.4033, P=0.3922, R=0.8551
│   ├── dog     : AP50=0.8673, AP75=0.5823, AP50:95=0.5190, P=0.6548, R=0.8932
│   ├── cat     : AP50=0.8840, AP75=0.5845, AP50:95=0.5266, P=0.7822, R=0.8977
│   └── chair   : AP50=0.5089, AP75=0.1117, AP50:95=0.2111, P=0.3760, R=0.6560
├── LR         : 0.001000
└── Time       : 475.2s
[2026-06-03 02:07:25] Epoch [10/30] completed.
[2026-06-03 02:07:25] Epoch [11/30] started.
[2026-06-03 02:07:29] Epoch 11 train batch [20/1875] loss=0.2511 avg_loss=0.1214
[2026-06-03 02:07:33] Epoch 11 train batch [40/1875] loss=0.0115 avg_loss=0.1377
[2026-06-03 02:07:38] Epoch 11 train batch [60/1875] loss=0.1177 avg_loss=0.1336
[2026-06-03 02:07:42] Epoch 11 train batch [80/1875] loss=0.0519 avg_loss=0.1293
[2026-06-03 02:07:46] Epoch 11 train batch [100/1875] loss=0.0556 avg_loss=0.1362
[2026-06-03 02:07:50] Epoch 11 train batch [120/1875] loss=0.1712 avg_loss=0.1357
[2026-06-03 02:07:55] Epoch 11 train batch [140/1875] loss=0.1091 avg_loss=0.1311
[2026-06-03 02:07:59] Epoch 11 train batch [160/1875] loss=0.2097 avg_loss=0.1309
[2026-06-03 02:08:03] Epoch 11 train batch [180/1875] loss=0.2068 avg_loss=0.1305
[2026-06-03 02:08:07] Epoch 11 train batch [200/1875] loss=0.1132 avg_loss=0.1319
[2026-06-03 02:08:12] Epoch 11 train batch [220/1875] loss=0.0272 avg_loss=0.1344
[2026-06-03 02:08:16] Epoch 11 train batch [240/1875] loss=0.1304 avg_loss=0.1327
[2026-06-03 02:08:20] Epoch 11 train batch [260/1875] loss=0.0658 avg_loss=0.1313
[2026-06-03 02:08:24] Epoch 11 train batch [280/1875] loss=0.1332 avg_loss=0.1327
[2026-06-03 02:08:28] Epoch 11 train batch [300/1875] loss=0.1598 avg_loss=0.1346
[2026-06-03 02:08:33] Epoch 11 train batch [320/1875] loss=0.0066 avg_loss=0.1357
[2026-06-03 02:08:37] Epoch 11 train batch [340/1875] loss=0.1011 avg_loss=0.1350
[2026-06-03 02:08:41] Epoch 11 train batch [360/1875] loss=0.0913 avg_loss=0.1351
[2026-06-03 02:08:45] Epoch 11 train batch [380/1875] loss=0.0519 avg_loss=0.1340
[2026-06-03 02:08:49] Epoch 11 train batch [400/1875] loss=0.2627 avg_loss=0.1353
[2026-06-03 02:08:54] Epoch 11 train batch [420/1875] loss=0.0702 avg_loss=0.1335
[2026-06-03 02:08:58] Epoch 11 train batch [440/1875] loss=0.1112 avg_loss=0.1353
[2026-06-03 02:09:02] Epoch 11 train batch [460/1875] loss=0.2453 avg_loss=0.1379
[2026-06-03 02:09:06] Epoch 11 train batch [480/1875] loss=0.1014 avg_loss=0.1376
[2026-06-03 02:09:10] Epoch 11 train batch [500/1875] loss=0.0782 avg_loss=0.1373
[2026-06-03 02:09:15] Epoch 11 train batch [520/1875] loss=0.0384 avg_loss=0.1369
[2026-06-03 02:09:19] Epoch 11 train batch [540/1875] loss=0.1730 avg_loss=0.1368
[2026-06-03 02:09:23] Epoch 11 train batch [560/1875] loss=0.3178 avg_loss=0.1381
[2026-06-03 02:09:28] Epoch 11 train batch [580/1875] loss=0.0636 avg_loss=0.1383
[2026-06-03 02:09:32] Epoch 11 train batch [600/1875] loss=0.0703 avg_loss=0.1382
[2026-06-03 02:09:36] Epoch 11 train batch [620/1875] loss=0.1171 avg_loss=0.1385
[2026-06-03 02:09:40] Epoch 11 train batch [640/1875] loss=0.0939 avg_loss=0.1376
[2026-06-03 02:09:44] Epoch 11 train batch [660/1875] loss=0.0664 avg_loss=0.1367
[2026-06-03 02:09:49] Epoch 11 train batch [680/1875] loss=0.1091 avg_loss=0.1368
[2026-06-03 02:09:53] Epoch 11 train batch [700/1875] loss=0.0571 avg_loss=0.1363
[2026-06-03 02:09:57] Epoch 11 train batch [720/1875] loss=0.0355 avg_loss=0.1368
[2026-06-03 02:10:01] Epoch 11 train batch [740/1875] loss=0.1300 avg_loss=0.1360
[2026-06-03 02:10:06] Epoch 11 train batch [760/1875] loss=0.0752 avg_loss=0.1353
[2026-06-03 02:10:10] Epoch 11 train batch [780/1875] loss=0.1149 avg_loss=0.1349
[2026-06-03 02:10:14] Epoch 11 train batch [800/1875] loss=0.1061 avg_loss=0.1347
[2026-06-03 02:10:18] Epoch 11 train batch [820/1875] loss=0.0881 avg_loss=0.1346
[2026-06-03 02:10:22] Epoch 11 train batch [840/1875] loss=0.0224 avg_loss=0.1349
[2026-06-03 02:10:26] Epoch 11 train batch [860/1875] loss=0.0448 avg_loss=0.1353
[2026-06-03 02:10:30] Epoch 11 train batch [880/1875] loss=0.2455 avg_loss=0.1357
[2026-06-03 02:10:34] Epoch 11 train batch [900/1875] loss=0.1059 avg_loss=0.1354
[2026-06-03 02:10:39] Epoch 11 train batch [920/1875] loss=0.1603 avg_loss=0.1352
[2026-06-03 02:10:43] Epoch 11 train batch [940/1875] loss=0.0413 avg_loss=0.1352
[2026-06-03 02:10:47] Epoch 11 train batch [960/1875] loss=0.1415 avg_loss=0.1350
[2026-06-03 02:10:51] Epoch 11 train batch [980/1875] loss=0.1442 avg_loss=0.1348
[2026-06-03 02:10:56] Epoch 11 train batch [1000/1875] loss=0.1027 avg_loss=0.1345
[2026-06-03 02:11:00] Epoch 11 train batch [1020/1875] loss=0.0444 avg_loss=0.1342
[2026-06-03 02:11:04] Epoch 11 train batch [1040/1875] loss=0.3123 avg_loss=0.1340
[2026-06-03 02:11:08] Epoch 11 train batch [1060/1875] loss=0.3452 avg_loss=0.1349
[2026-06-03 02:11:12] Epoch 11 train batch [1080/1875] loss=0.0895 avg_loss=0.1343
[2026-06-03 02:11:17] Epoch 11 train batch [1100/1875] loss=0.1209 avg_loss=0.1344
[2026-06-03 02:11:21] Epoch 11 train batch [1120/1875] loss=0.2646 avg_loss=0.1342
[2026-06-03 02:11:25] Epoch 11 train batch [1140/1875] loss=0.2964 avg_loss=0.1344
[2026-06-03 02:11:29] Epoch 11 train batch [1160/1875] loss=0.1850 avg_loss=0.1342
[2026-06-03 02:11:34] Epoch 11 train batch [1180/1875] loss=0.0415 avg_loss=0.1343
[2026-06-03 02:11:38] Epoch 11 train batch [1200/1875] loss=0.2547 avg_loss=0.1345
[2026-06-03 02:11:42] Epoch 11 train batch [1220/1875] loss=0.3256 avg_loss=0.1351
[2026-06-03 02:11:46] Epoch 11 train batch [1240/1875] loss=0.0512 avg_loss=0.1352
[2026-06-03 02:11:50] Epoch 11 train batch [1260/1875] loss=0.0448 avg_loss=0.1349
[2026-06-03 02:11:54] Epoch 11 train batch [1280/1875] loss=0.1762 avg_loss=0.1351
[2026-06-03 02:11:59] Epoch 11 train batch [1300/1875] loss=0.0943 avg_loss=0.1354
[2026-06-03 02:12:03] Epoch 11 train batch [1320/1875] loss=0.2594 avg_loss=0.1351
[2026-06-03 02:12:07] Epoch 11 train batch [1340/1875] loss=0.1271 avg_loss=0.1349
[2026-06-03 02:12:11] Epoch 11 train batch [1360/1875] loss=0.0953 avg_loss=0.1347
[2026-06-03 02:12:16] Epoch 11 train batch [1380/1875] loss=0.1080 avg_loss=0.1346
[2026-06-03 02:12:20] Epoch 11 train batch [1400/1875] loss=0.1497 avg_loss=0.1340
[2026-06-03 02:12:24] Epoch 11 train batch [1420/1875] loss=0.1167 avg_loss=0.1341
[2026-06-03 02:12:29] Epoch 11 train batch [1440/1875] loss=0.0984 avg_loss=0.1339
[2026-06-03 02:12:33] Epoch 11 train batch [1460/1875] loss=0.0577 avg_loss=0.1340
[2026-06-03 02:12:37] Epoch 11 train batch [1480/1875] loss=0.0293 avg_loss=0.1342
[2026-06-03 02:12:41] Epoch 11 train batch [1500/1875] loss=0.0875 avg_loss=0.1344
[2026-06-03 02:12:45] Epoch 11 train batch [1520/1875] loss=0.1530 avg_loss=0.1341
[2026-06-03 02:12:50] Epoch 11 train batch [1540/1875] loss=0.0862 avg_loss=0.1339
[2026-06-03 02:12:54] Epoch 11 train batch [1560/1875] loss=0.1441 avg_loss=0.1339
[2026-06-03 02:12:58] Epoch 11 train batch [1580/1875] loss=0.5419 avg_loss=0.1343
[2026-06-03 02:13:02] Epoch 11 train batch [1600/1875] loss=0.0844 avg_loss=0.1343
[2026-06-03 02:13:06] Epoch 11 train batch [1620/1875] loss=0.0344 avg_loss=0.1341
[2026-06-03 02:13:11] Epoch 11 train batch [1640/1875] loss=0.0698 avg_loss=0.1340
[2026-06-03 02:13:15] Epoch 11 train batch [1660/1875] loss=0.2855 avg_loss=0.1338
[2026-06-03 02:13:19] Epoch 11 train batch [1680/1875] loss=0.0866 avg_loss=0.1338
[2026-06-03 02:13:23] Epoch 11 train batch [1700/1875] loss=0.0372 avg_loss=0.1339
[2026-06-03 02:13:27] Epoch 11 train batch [1720/1875] loss=0.1565 avg_loss=0.1339
[2026-06-03 02:13:31] Epoch 11 train batch [1740/1875] loss=0.0733 avg_loss=0.1339
[2026-06-03 02:13:36] Epoch 11 train batch [1760/1875] loss=0.1387 avg_loss=0.1341
[2026-06-03 02:13:40] Epoch 11 train batch [1780/1875] loss=0.1553 avg_loss=0.1346
[2026-06-03 02:13:44] Epoch 11 train batch [1800/1875] loss=0.0378 avg_loss=0.1343
[2026-06-03 02:13:48] Epoch 11 train batch [1820/1875] loss=0.1361 avg_loss=0.1347
[2026-06-03 02:13:52] Epoch 11 train batch [1840/1875] loss=0.1395 avg_loss=0.1348
[2026-06-03 02:13:56] Epoch 11 train batch [1860/1875] loss=0.0315 avg_loss=0.1347
[2026-06-03 02:13:59] Epoch 11 train batch [1875/1875] loss=0.2031 avg_loss=0.1347
[2026-06-03 02:13:59] Epoch 11 training completed. Computing validation loss.
[2026-06-03 02:14:38] Epoch 11 validation loss completed: 0.1750. Computing detection metrics.
[2026-06-03 02:15:18] Epoch 11 metrics computed. Saving artifacts.
[2026-06-03 02:15:20] Epoch 11 improved mAP@0.5 to 0.7887. Saved best checkpoint: best_model-20260603-004728.pth.
Epoch [11/30]
├── Train Loss : 0.1347
│   ├── loss_classifier  : 0.0422
│   ├── loss_box_reg     : 0.0837
│   ├── loss_objectness  : 0.0044
│   └── loss_rpn_box_reg : 0.0044
├── Val Loss   : 0.1750
├── mAP@0.5    : 0.7887
├── mAP@0.75   : 0.4845
├── mAP@0.5:0.95 : 0.4624
├── Precision  : 0.5378
├── Recall     : 0.8615
├── GT Boxes   : 2021
├── Predictions: 3237
├── Per-class AP
│   ├── person  : AP50=0.8429, AP75=0.4592, AP50:95=0.4648, P=0.6003, R=0.8808
│   ├── car     : AP50=0.7753, AP75=0.4221, AP50:95=0.4370, P=0.3881, R=0.8763
│   ├── dog     : AP50=0.8569, AP75=0.6654, AP50:95=0.5645, P=0.6329, R=0.8786
│   ├── cat     : AP50=0.8766, AP75=0.6077, AP50:95=0.5405, P=0.7783, R=0.8977
│   └── chair   : AP50=0.5917, AP75=0.2681, AP50:95=0.3049, P=0.3902, R=0.7376
├── LR         : 0.001000
└── Time       : 473.4s
[2026-06-03 02:15:20] Epoch [11/30] completed.
[2026-06-03 02:15:20] Epoch [12/30] started.
[2026-06-03 02:15:24] Epoch 12 train batch [20/1875] loss=0.1636 avg_loss=0.1107
[2026-06-03 02:15:29] Epoch 12 train batch [40/1875] loss=0.1135 avg_loss=0.1332
[2026-06-03 02:15:33] Epoch 12 train batch [60/1875] loss=0.0749 avg_loss=0.1291
[2026-06-03 02:15:37] Epoch 12 train batch [80/1875] loss=0.0714 avg_loss=0.1313
[2026-06-03 02:15:41] Epoch 12 train batch [100/1875] loss=0.0271 avg_loss=0.1314
[2026-06-03 02:15:45] Epoch 12 train batch [120/1875] loss=0.0228 avg_loss=0.1320
[2026-06-03 02:15:50] Epoch 12 train batch [140/1875] loss=0.1305 avg_loss=0.1244
[2026-06-03 02:15:54] Epoch 12 train batch [160/1875] loss=0.0350 avg_loss=0.1205
[2026-06-03 02:15:58] Epoch 12 train batch [180/1875] loss=0.3024 avg_loss=0.1250
[2026-06-03 02:16:02] Epoch 12 train batch [200/1875] loss=0.1190 avg_loss=0.1286
[2026-06-03 02:16:07] Epoch 12 train batch [220/1875] loss=0.0736 avg_loss=0.1263
[2026-06-03 02:16:11] Epoch 12 train batch [240/1875] loss=0.0510 avg_loss=0.1254
[2026-06-03 02:16:15] Epoch 12 train batch [260/1875] loss=0.1238 avg_loss=0.1256
[2026-06-03 02:16:19] Epoch 12 train batch [280/1875] loss=0.1895 avg_loss=0.1278
[2026-06-03 02:16:23] Epoch 12 train batch [300/1875] loss=0.0387 avg_loss=0.1275
[2026-06-03 02:16:28] Epoch 12 train batch [320/1875] loss=0.2152 avg_loss=0.1275
[2026-06-03 02:16:32] Epoch 12 train batch [340/1875] loss=0.2920 avg_loss=0.1285
[2026-06-03 02:16:36] Epoch 12 train batch [360/1875] loss=0.0235 avg_loss=0.1284
[2026-06-03 02:16:40] Epoch 12 train batch [380/1875] loss=0.0111 avg_loss=0.1280
[2026-06-03 02:16:44] Epoch 12 train batch [400/1875] loss=0.1311 avg_loss=0.1260
[2026-06-03 02:16:49] Epoch 12 train batch [420/1875] loss=0.0448 avg_loss=0.1295
[2026-06-03 02:16:53] Epoch 12 train batch [440/1875] loss=0.1840 avg_loss=0.1291
[2026-06-03 02:16:57] Epoch 12 train batch [460/1875] loss=0.1428 avg_loss=0.1295
[2026-06-03 02:17:01] Epoch 12 train batch [480/1875] loss=0.1130 avg_loss=0.1296
[2026-06-03 02:17:05] Epoch 12 train batch [500/1875] loss=0.0867 avg_loss=0.1287
[2026-06-03 02:17:10] Epoch 12 train batch [520/1875] loss=0.2307 avg_loss=0.1290
[2026-06-03 02:17:14] Epoch 12 train batch [540/1875] loss=0.0239 avg_loss=0.1289
[2026-06-03 02:17:18] Epoch 12 train batch [560/1875] loss=0.0175 avg_loss=0.1288
[2026-06-03 02:17:22] Epoch 12 train batch [580/1875] loss=0.0936 avg_loss=0.1293
[2026-06-03 02:17:26] Epoch 12 train batch [600/1875] loss=0.2533 avg_loss=0.1296
[2026-06-03 02:17:31] Epoch 12 train batch [620/1875] loss=0.1109 avg_loss=0.1299
[2026-06-03 02:17:35] Epoch 12 train batch [640/1875] loss=0.0808 avg_loss=0.1297
[2026-06-03 02:17:39] Epoch 12 train batch [660/1875] loss=0.0356 avg_loss=0.1288
[2026-06-03 02:17:43] Epoch 12 train batch [680/1875] loss=0.0006 avg_loss=0.1284
[2026-06-03 02:17:47] Epoch 12 train batch [700/1875] loss=0.0733 avg_loss=0.1290
[2026-06-03 02:17:52] Epoch 12 train batch [720/1875] loss=0.1630 avg_loss=0.1284
[2026-06-03 02:17:56] Epoch 12 train batch [740/1875] loss=0.0536 avg_loss=0.1282
[2026-06-03 02:18:00] Epoch 12 train batch [760/1875] loss=0.0666 avg_loss=0.1286
[2026-06-03 02:18:04] Epoch 12 train batch [780/1875] loss=0.1309 avg_loss=0.1288
[2026-06-03 02:18:08] Epoch 12 train batch [800/1875] loss=0.1491 avg_loss=0.1286
[2026-06-03 02:18:13] Epoch 12 train batch [820/1875] loss=0.3053 avg_loss=0.1287
[2026-06-03 02:18:17] Epoch 12 train batch [840/1875] loss=0.0947 avg_loss=0.1291
[2026-06-03 02:18:21] Epoch 12 train batch [860/1875] loss=0.2634 avg_loss=0.1289
[2026-06-03 02:18:25] Epoch 12 train batch [880/1875] loss=0.0339 avg_loss=0.1287
[2026-06-03 02:18:29] Epoch 12 train batch [900/1875] loss=0.2252 avg_loss=0.1291
[2026-06-03 02:18:33] Epoch 12 train batch [920/1875] loss=0.2738 avg_loss=0.1290
[2026-06-03 02:18:38] Epoch 12 train batch [940/1875] loss=0.0495 avg_loss=0.1284
[2026-06-03 02:18:42] Epoch 12 train batch [960/1875] loss=0.0379 avg_loss=0.1287
[2026-06-03 02:18:46] Epoch 12 train batch [980/1875] loss=0.3128 avg_loss=0.1288
[2026-06-03 02:18:50] Epoch 12 train batch [1000/1875] loss=0.0506 avg_loss=0.1289
[2026-06-03 02:18:54] Epoch 12 train batch [1020/1875] loss=0.0001 avg_loss=0.1286
[2026-06-03 02:18:59] Epoch 12 train batch [1040/1875] loss=0.0443 avg_loss=0.1285
[2026-06-03 02:19:03] Epoch 12 train batch [1060/1875] loss=0.1111 avg_loss=0.1281
[2026-06-03 02:19:07] Epoch 12 train batch [1080/1875] loss=0.4243 avg_loss=0.1283
[2026-06-03 02:19:11] Epoch 12 train batch [1100/1875] loss=0.0789 avg_loss=0.1283
[2026-06-03 02:19:16] Epoch 12 train batch [1120/1875] loss=0.1334 avg_loss=0.1284
[2026-06-03 02:19:20] Epoch 12 train batch [1140/1875] loss=0.0432 avg_loss=0.1281
[2026-06-03 02:19:24] Epoch 12 train batch [1160/1875] loss=0.3573 avg_loss=0.1282
[2026-06-03 02:19:28] Epoch 12 train batch [1180/1875] loss=0.1955 avg_loss=0.1288
[2026-06-03 02:19:33] Epoch 12 train batch [1200/1875] loss=0.0442 avg_loss=0.1283
[2026-06-03 02:19:37] Epoch 12 train batch [1220/1875] loss=0.0396 avg_loss=0.1279
[2026-06-03 02:19:41] Epoch 12 train batch [1240/1875] loss=0.2598 avg_loss=0.1282
[2026-06-03 02:19:45] Epoch 12 train batch [1260/1875] loss=0.1012 avg_loss=0.1281
[2026-06-03 02:19:49] Epoch 12 train batch [1280/1875] loss=0.1612 avg_loss=0.1281
[2026-06-03 02:19:53] Epoch 12 train batch [1300/1875] loss=0.2272 avg_loss=0.1288
[2026-06-03 02:19:58] Epoch 12 train batch [1320/1875] loss=0.1257 avg_loss=0.1288
[2026-06-03 02:20:02] Epoch 12 train batch [1340/1875] loss=0.0802 avg_loss=0.1295
[2026-06-03 02:20:06] Epoch 12 train batch [1360/1875] loss=0.0888 avg_loss=0.1298
[2026-06-03 02:20:10] Epoch 12 train batch [1380/1875] loss=0.1447 avg_loss=0.1298
[2026-06-03 02:20:14] Epoch 12 train batch [1400/1875] loss=0.1568 avg_loss=0.1298
[2026-06-03 02:20:19] Epoch 12 train batch [1420/1875] loss=0.0176 avg_loss=0.1297
[2026-06-03 02:20:23] Epoch 12 train batch [1440/1875] loss=0.0873 avg_loss=0.1295
[2026-06-03 02:20:27] Epoch 12 train batch [1460/1875] loss=0.1685 avg_loss=0.1294
[2026-06-03 02:20:31] Epoch 12 train batch [1480/1875] loss=0.1085 avg_loss=0.1298
[2026-06-03 02:20:35] Epoch 12 train batch [1500/1875] loss=0.0477 avg_loss=0.1297
[2026-06-03 02:20:40] Epoch 12 train batch [1520/1875] loss=0.2090 avg_loss=0.1295
[2026-06-03 02:20:44] Epoch 12 train batch [1540/1875] loss=0.0615 avg_loss=0.1293
[2026-06-03 02:20:48] Epoch 12 train batch [1560/1875] loss=0.1004 avg_loss=0.1294
[2026-06-03 02:20:52] Epoch 12 train batch [1580/1875] loss=0.4171 avg_loss=0.1294
[2026-06-03 02:20:56] Epoch 12 train batch [1600/1875] loss=0.0767 avg_loss=0.1296
[2026-06-03 02:21:01] Epoch 12 train batch [1620/1875] loss=0.0709 avg_loss=0.1293
[2026-06-03 02:21:05] Epoch 12 train batch [1640/1875] loss=0.0413 avg_loss=0.1297
[2026-06-03 02:21:09] Epoch 12 train batch [1660/1875] loss=0.0577 avg_loss=0.1294
[2026-06-03 02:21:13] Epoch 12 train batch [1680/1875] loss=0.3364 avg_loss=0.1295
[2026-06-03 02:21:17] Epoch 12 train batch [1700/1875] loss=0.0305 avg_loss=0.1295
[2026-06-03 02:21:22] Epoch 12 train batch [1720/1875] loss=0.0761 avg_loss=0.1295
[2026-06-03 02:21:26] Epoch 12 train batch [1740/1875] loss=0.0981 avg_loss=0.1296
[2026-06-03 02:21:30] Epoch 12 train batch [1760/1875] loss=0.1563 avg_loss=0.1294
[2026-06-03 02:21:34] Epoch 12 train batch [1780/1875] loss=0.0878 avg_loss=0.1293
[2026-06-03 02:21:39] Epoch 12 train batch [1800/1875] loss=0.0732 avg_loss=0.1294
[2026-06-03 02:21:43] Epoch 12 train batch [1820/1875] loss=0.0394 avg_loss=0.1295
[2026-06-03 02:21:47] Epoch 12 train batch [1840/1875] loss=0.1354 avg_loss=0.1298
[2026-06-03 02:21:51] Epoch 12 train batch [1860/1875] loss=0.0819 avg_loss=0.1296
[2026-06-03 02:21:54] Epoch 12 train batch [1875/1875] loss=0.2527 avg_loss=0.1297
[2026-06-03 02:21:54] Epoch 12 training completed. Computing validation loss.
[2026-06-03 02:22:33] Epoch 12 validation loss completed: 0.1787. Computing detection metrics.
[2026-06-03 02:23:13] Epoch 12 metrics computed. Saving artifacts.
[2026-06-03 02:23:15] Epoch 12 improved mAP@0.5 to 0.7936. Saved best checkpoint: best_model-20260603-004728.pth.
Epoch [12/30]
├── Train Loss : 0.1297
│   ├── loss_classifier  : 0.0404
│   ├── loss_box_reg     : 0.0809
│   ├── loss_objectness  : 0.0041
│   └── loss_rpn_box_reg : 0.0042
├── Val Loss   : 0.1787
├── mAP@0.5    : 0.7936
├── mAP@0.75   : 0.4913
├── mAP@0.5:0.95 : 0.4664
├── Precision  : 0.5912
├── Recall     : 0.8530
├── GT Boxes   : 2021
├── Predictions: 2916
├── Per-class AP
│   ├── person  : AP50=0.8475, AP75=0.4652, AP50:95=0.4705, P=0.6089, R=0.8827
│   ├── car     : AP50=0.7549, AP75=0.4663, AP50:95=0.4294, P=0.5370, R=0.8198
│   ├── dog     : AP50=0.8852, AP75=0.6510, AP50:95=0.5732, P=0.6703, R=0.9078
│   ├── cat     : AP50=0.9086, AP75=0.6292, AP50:95=0.5713, P=0.6996, R=0.9261
│   └── chair   : AP50=0.5716, AP75=0.2446, AP50:95=0.2876, P=0.4675, R=0.6879
├── LR         : 0.001000
└── Time       : 472.9s
[2026-06-03 02:23:15] Epoch [12/30] completed.
[2026-06-03 02:23:15] Epoch [13/30] started.
[2026-06-03 02:23:20] Epoch 13 train batch [20/1875] loss=0.2371 avg_loss=0.1305
[2026-06-03 02:23:24] Epoch 13 train batch [40/1875] loss=0.1203 avg_loss=0.1384
[2026-06-03 02:23:28] Epoch 13 train batch [60/1875] loss=0.0187 avg_loss=0.1350
[2026-06-03 02:23:32] Epoch 13 train batch [80/1875] loss=0.3141 avg_loss=0.1274
[2026-06-03 02:23:37] Epoch 13 train batch [100/1875] loss=0.1253 avg_loss=0.1238
[2026-06-03 02:23:41] Epoch 13 train batch [120/1875] loss=0.0380 avg_loss=0.1288
[2026-06-03 02:23:45] Epoch 13 train batch [140/1875] loss=0.0112 avg_loss=0.1269
[2026-06-03 02:23:49] Epoch 13 train batch [160/1875] loss=0.2477 avg_loss=0.1256
[2026-06-03 02:23:53] Epoch 13 train batch [180/1875] loss=0.1110 avg_loss=0.1244
[2026-06-03 02:23:58] Epoch 13 train batch [200/1875] loss=0.1316 avg_loss=0.1223
[2026-06-03 02:24:02] Epoch 13 train batch [220/1875] loss=0.3860 avg_loss=0.1225
[2026-06-03 02:24:06] Epoch 13 train batch [240/1875] loss=0.0005 avg_loss=0.1233
[2026-06-03 02:24:10] Epoch 13 train batch [260/1875] loss=0.0672 avg_loss=0.1215
[2026-06-03 02:24:14] Epoch 13 train batch [280/1875] loss=0.0603 avg_loss=0.1207
[2026-06-03 02:24:19] Epoch 13 train batch [300/1875] loss=0.0689 avg_loss=0.1189
[2026-06-03 02:24:23] Epoch 13 train batch [320/1875] loss=0.0824 avg_loss=0.1175
[2026-06-03 02:24:27] Epoch 13 train batch [340/1875] loss=0.2097 avg_loss=0.1173
[2026-06-03 02:24:31] Epoch 13 train batch [360/1875] loss=0.0214 avg_loss=0.1186
[2026-06-03 02:24:36] Epoch 13 train batch [380/1875] loss=0.1577 avg_loss=0.1201
[2026-06-03 02:24:40] Epoch 13 train batch [400/1875] loss=0.0360 avg_loss=0.1204
[2026-06-03 02:24:44] Epoch 13 train batch [420/1875] loss=0.0984 avg_loss=0.1216
[2026-06-03 02:24:48] Epoch 13 train batch [440/1875] loss=0.0782 avg_loss=0.1216
[2026-06-03 02:24:52] Epoch 13 train batch [460/1875] loss=0.1204 avg_loss=0.1220
[2026-06-03 02:24:57] Epoch 13 train batch [480/1875] loss=0.0687 avg_loss=0.1216
[2026-06-03 02:25:01] Epoch 13 train batch [500/1875] loss=0.0707 avg_loss=0.1211
[2026-06-03 02:25:05] Epoch 13 train batch [520/1875] loss=0.1303 avg_loss=0.1212
[2026-06-03 02:25:09] Epoch 13 train batch [540/1875] loss=0.2415 avg_loss=0.1211
[2026-06-03 02:25:13] Epoch 13 train batch [560/1875] loss=0.0420 avg_loss=0.1207
[2026-06-03 02:25:18] Epoch 13 train batch [580/1875] loss=0.1441 avg_loss=0.1200
[2026-06-03 02:25:22] Epoch 13 train batch [600/1875] loss=0.0064 avg_loss=0.1209
[2026-06-03 02:25:26] Epoch 13 train batch [620/1875] loss=0.1219 avg_loss=0.1201
[2026-06-03 02:25:30] Epoch 13 train batch [640/1875] loss=0.1053 avg_loss=0.1197
[2026-06-03 02:25:34] Epoch 13 train batch [660/1875] loss=0.2081 avg_loss=0.1201
[2026-06-03 02:25:38] Epoch 13 train batch [680/1875] loss=0.1125 avg_loss=0.1201
[2026-06-03 02:25:43] Epoch 13 train batch [700/1875] loss=0.3675 avg_loss=0.1209
[2026-06-03 02:25:47] Epoch 13 train batch [720/1875] loss=0.0442 avg_loss=0.1207
[2026-06-03 02:25:51] Epoch 13 train batch [740/1875] loss=0.2623 avg_loss=0.1208
[2026-06-03 02:25:55] Epoch 13 train batch [760/1875] loss=0.0310 avg_loss=0.1201
[2026-06-03 02:25:59] Epoch 13 train batch [780/1875] loss=0.0892 avg_loss=0.1196
[2026-06-03 02:26:03] Epoch 13 train batch [800/1875] loss=0.1452 avg_loss=0.1209
[2026-06-03 02:26:08] Epoch 13 train batch [820/1875] loss=0.0098 avg_loss=0.1208
[2026-06-03 02:26:12] Epoch 13 train batch [840/1875] loss=0.3052 avg_loss=0.1212
[2026-06-03 02:26:16] Epoch 13 train batch [860/1875] loss=0.1552 avg_loss=0.1217
[2026-06-03 02:26:20] Epoch 13 train batch [880/1875] loss=0.3589 avg_loss=0.1224
[2026-06-03 02:26:25] Epoch 13 train batch [900/1875] loss=0.1398 avg_loss=0.1221
[2026-06-03 02:26:29] Epoch 13 train batch [920/1875] loss=0.1724 avg_loss=0.1221
[2026-06-03 02:26:33] Epoch 13 train batch [940/1875] loss=0.1693 avg_loss=0.1231
[2026-06-03 02:26:37] Epoch 13 train batch [960/1875] loss=0.1076 avg_loss=0.1232
[2026-06-03 02:26:41] Epoch 13 train batch [980/1875] loss=0.1330 avg_loss=0.1226
[2026-06-03 02:26:45] Epoch 13 train batch [1000/1875] loss=0.0899 avg_loss=0.1235
[2026-06-03 02:26:50] Epoch 13 train batch [1020/1875] loss=0.2071 avg_loss=0.1243
[2026-06-03 02:26:54] Epoch 13 train batch [1040/1875] loss=0.1047 avg_loss=0.1241
[2026-06-03 02:26:58] Epoch 13 train batch [1060/1875] loss=0.0125 avg_loss=0.1236
[2026-06-03 02:27:02] Epoch 13 train batch [1080/1875] loss=0.1427 avg_loss=0.1242
[2026-06-03 02:27:07] Epoch 13 train batch [1100/1875] loss=0.0681 avg_loss=0.1243
[2026-06-03 02:27:11] Epoch 13 train batch [1120/1875] loss=0.0163 avg_loss=0.1243
[2026-06-03 02:27:15] Epoch 13 train batch [1140/1875] loss=0.1075 avg_loss=0.1243
[2026-06-03 02:27:19] Epoch 13 train batch [1160/1875] loss=0.0598 avg_loss=0.1249
[2026-06-03 02:27:23] Epoch 13 train batch [1180/1875] loss=0.1456 avg_loss=0.1243
[2026-06-03 02:27:27] Epoch 13 train batch [1200/1875] loss=0.1209 avg_loss=0.1243
[2026-06-03 02:27:32] Epoch 13 train batch [1220/1875] loss=0.2619 avg_loss=0.1243
[2026-06-03 02:27:36] Epoch 13 train batch [1240/1875] loss=0.3905 avg_loss=0.1248
[2026-06-03 02:27:40] Epoch 13 train batch [1260/1875] loss=0.0351 avg_loss=0.1245
[2026-06-03 02:27:44] Epoch 13 train batch [1280/1875] loss=0.2589 avg_loss=0.1250
[2026-06-03 02:27:49] Epoch 13 train batch [1300/1875] loss=0.0367 avg_loss=0.1247
[2026-06-03 02:27:53] Epoch 13 train batch [1320/1875] loss=0.1216 avg_loss=0.1253
[2026-06-03 02:27:57] Epoch 13 train batch [1340/1875] loss=0.1374 avg_loss=0.1250
[2026-06-03 02:28:01] Epoch 13 train batch [1360/1875] loss=0.0698 avg_loss=0.1256
[2026-06-03 02:28:06] Epoch 13 train batch [1380/1875] loss=0.0254 avg_loss=0.1256
[2026-06-03 02:28:10] Epoch 13 train batch [1400/1875] loss=0.0974 avg_loss=0.1257
[2026-06-03 02:28:14] Epoch 13 train batch [1420/1875] loss=0.0725 avg_loss=0.1260
[2026-06-03 02:28:18] Epoch 13 train batch [1440/1875] loss=0.1882 avg_loss=0.1260
[2026-06-03 02:28:23] Epoch 13 train batch [1460/1875] loss=0.1423 avg_loss=0.1261
[2026-06-03 02:28:27] Epoch 13 train batch [1480/1875] loss=0.0493 avg_loss=0.1264
[2026-06-03 02:28:31] Epoch 13 train batch [1500/1875] loss=0.1506 avg_loss=0.1266
[2026-06-03 02:28:35] Epoch 13 train batch [1520/1875] loss=0.1672 avg_loss=0.1267
[2026-06-03 02:28:40] Epoch 13 train batch [1540/1875] loss=0.0585 avg_loss=0.1263
[2026-06-03 02:28:44] Epoch 13 train batch [1560/1875] loss=0.0294 avg_loss=0.1266
[2026-06-03 02:28:48] Epoch 13 train batch [1580/1875] loss=0.0818 avg_loss=0.1263
[2026-06-03 02:28:52] Epoch 13 train batch [1600/1875] loss=0.0313 avg_loss=0.1263
[2026-06-03 02:28:56] Epoch 13 train batch [1620/1875] loss=0.1090 avg_loss=0.1261
[2026-06-03 02:29:00] Epoch 13 train batch [1640/1875] loss=0.1421 avg_loss=0.1258
[2026-06-03 02:29:05] Epoch 13 train batch [1660/1875] loss=0.1719 avg_loss=0.1262
[2026-06-03 02:29:09] Epoch 13 train batch [1680/1875] loss=0.0076 avg_loss=0.1260
[2026-06-03 02:29:13] Epoch 13 train batch [1700/1875] loss=0.1315 avg_loss=0.1263
[2026-06-03 02:29:17] Epoch 13 train batch [1720/1875] loss=0.0659 avg_loss=0.1258
[2026-06-03 02:29:22] Epoch 13 train batch [1740/1875] loss=0.0533 avg_loss=0.1261
[2026-06-03 02:29:26] Epoch 13 train batch [1760/1875] loss=0.0802 avg_loss=0.1260
[2026-06-03 02:29:30] Epoch 13 train batch [1780/1875] loss=0.1104 avg_loss=0.1258
[2026-06-03 02:29:35] Epoch 13 train batch [1800/1875] loss=0.0364 avg_loss=0.1258
[2026-06-03 02:29:39] Epoch 13 train batch [1820/1875] loss=0.0636 avg_loss=0.1254
[2026-06-03 02:29:43] Epoch 13 train batch [1840/1875] loss=0.1028 avg_loss=0.1253
[2026-06-03 02:29:47] Epoch 13 train batch [1860/1875] loss=0.1342 avg_loss=0.1253
[2026-06-03 02:29:49] Epoch 13 train batch [1875/1875] loss=0.2906 avg_loss=0.1255
[2026-06-03 02:29:49] Epoch 13 training completed. Computing validation loss.
[2026-06-03 02:30:29] Epoch 13 validation loss completed: 0.1812. Computing detection metrics.
[2026-06-03 02:31:09] Epoch 13 metrics computed. Saving artifacts.
[2026-06-03 02:31:10] Epoch 13 did not improve mAP@0.5 enough. Early stopping counter: 1/7.
Epoch [13/30]
├── Train Loss : 0.1255
│   ├── loss_classifier  : 0.0388
│   ├── loss_box_reg     : 0.0789
│   ├── loss_objectness  : 0.0036
│   └── loss_rpn_box_reg : 0.0041
├── Val Loss   : 0.1812
├── mAP@0.5    : 0.7835
├── mAP@0.75   : 0.4908
├── mAP@0.5:0.95 : 0.4631
├── Precision  : 0.5991
├── Recall     : 0.8422
├── GT Boxes   : 2021
├── Predictions: 2841
├── Per-class AP
│   ├── person  : AP50=0.8361, AP75=0.4734, AP50:95=0.4726, P=0.6246, R=0.8706
│   ├── car     : AP50=0.6942, AP75=0.4247, AP50:95=0.4032, P=0.6614, R=0.7385
│   ├── dog     : AP50=0.8737, AP75=0.6780, AP50:95=0.5728, P=0.6740, R=0.8932
│   ├── cat     : AP50=0.9123, AP75=0.6585, AP50:95=0.5743, P=0.8109, R=0.9261
│   └── chair   : AP50=0.6013, AP75=0.2194, AP50:95=0.2925, P=0.3809, R=0.7482
├── LR         : 0.001000
└── Time       : 473.5s
[2026-06-03 02:31:10] Epoch [13/30] completed.
[2026-06-03 02:31:10] Epoch [14/30] started.
[2026-06-03 02:31:14] Epoch 14 train batch [20/1875] loss=0.2197 avg_loss=0.1515
[2026-06-03 02:31:19] Epoch 14 train batch [40/1875] loss=0.0464 avg_loss=0.1359
[2026-06-03 02:31:23] Epoch 14 train batch [60/1875] loss=0.0986 avg_loss=0.1364
[2026-06-03 02:31:27] Epoch 14 train batch [80/1875] loss=0.0918 avg_loss=0.1229
[2026-06-03 02:31:32] Epoch 14 train batch [100/1875] loss=0.0378 avg_loss=0.1193
[2026-06-03 02:31:36] Epoch 14 train batch [120/1875] loss=0.0601 avg_loss=0.1193
[2026-06-03 02:31:40] Epoch 14 train batch [140/1875] loss=0.0801 avg_loss=0.1155
[2026-06-03 02:31:44] Epoch 14 train batch [160/1875] loss=0.1738 avg_loss=0.1151
[2026-06-03 02:31:48] Epoch 14 train batch [180/1875] loss=0.1482 avg_loss=0.1142
[2026-06-03 02:31:53] Epoch 14 train batch [200/1875] loss=0.1538 avg_loss=0.1162
[2026-06-03 02:31:57] Epoch 14 train batch [220/1875] loss=0.0388 avg_loss=0.1161
[2026-06-03 02:32:01] Epoch 14 train batch [240/1875] loss=0.0416 avg_loss=0.1129
[2026-06-03 02:32:06] Epoch 14 train batch [260/1875] loss=0.1481 avg_loss=0.1135
[2026-06-03 02:32:10] Epoch 14 train batch [280/1875] loss=0.1008 avg_loss=0.1137
[2026-06-03 02:32:14] Epoch 14 train batch [300/1875] loss=0.1217 avg_loss=0.1129
[2026-06-03 02:32:18] Epoch 14 train batch [320/1875] loss=0.1523 avg_loss=0.1148
[2026-06-03 02:32:23] Epoch 14 train batch [340/1875] loss=0.0478 avg_loss=0.1144
[2026-06-03 02:32:27] Epoch 14 train batch [360/1875] loss=0.1016 avg_loss=0.1157
[2026-06-03 02:32:31] Epoch 14 train batch [380/1875] loss=0.0780 avg_loss=0.1158
[2026-06-03 02:32:35] Epoch 14 train batch [400/1875] loss=0.1705 avg_loss=0.1151
[2026-06-03 02:32:39] Epoch 14 train batch [420/1875] loss=0.2268 avg_loss=0.1150
[2026-06-03 02:32:43] Epoch 14 train batch [440/1875] loss=0.1673 avg_loss=0.1160
[2026-06-03 02:32:48] Epoch 14 train batch [460/1875] loss=0.0165 avg_loss=0.1161
[2026-06-03 02:32:52] Epoch 14 train batch [480/1875] loss=0.2325 avg_loss=0.1160
[2026-06-03 02:32:56] Epoch 14 train batch [500/1875] loss=0.2728 avg_loss=0.1164
[2026-06-03 02:33:01] Epoch 14 train batch [520/1875] loss=0.0796 avg_loss=0.1164
[2026-06-03 02:33:05] Epoch 14 train batch [540/1875] loss=0.3397 avg_loss=0.1168
[2026-06-03 02:33:09] Epoch 14 train batch [560/1875] loss=0.0382 avg_loss=0.1165
[2026-06-03 02:33:13] Epoch 14 train batch [580/1875] loss=0.0643 avg_loss=0.1178
[2026-06-03 02:33:17] Epoch 14 train batch [600/1875] loss=0.1909 avg_loss=0.1176
[2026-06-03 02:33:22] Epoch 14 train batch [620/1875] loss=0.0809 avg_loss=0.1167
[2026-06-03 02:33:26] Epoch 14 train batch [640/1875] loss=0.1040 avg_loss=0.1164
[2026-06-03 02:33:30] Epoch 14 train batch [660/1875] loss=0.0626 avg_loss=0.1171
[2026-06-03 02:33:34] Epoch 14 train batch [680/1875] loss=0.1883 avg_loss=0.1180
[2026-06-03 02:33:38] Epoch 14 train batch [700/1875] loss=0.2260 avg_loss=0.1184
[2026-06-03 02:33:43] Epoch 14 train batch [720/1875] loss=0.0320 avg_loss=0.1186
[2026-06-03 02:33:47] Epoch 14 train batch [740/1875] loss=0.0828 avg_loss=0.1183
[2026-06-03 02:33:51] Epoch 14 train batch [760/1875] loss=0.1944 avg_loss=0.1177
[2026-06-03 02:33:55] Epoch 14 train batch [780/1875] loss=0.1286 avg_loss=0.1173
[2026-06-03 02:34:00] Epoch 14 train batch [800/1875] loss=0.0757 avg_loss=0.1169
[2026-06-03 02:34:04] Epoch 14 train batch [820/1875] loss=0.0830 avg_loss=0.1179
[2026-06-03 02:34:08] Epoch 14 train batch [840/1875] loss=0.1555 avg_loss=0.1177
[2026-06-03 02:34:12] Epoch 14 train batch [860/1875] loss=0.1246 avg_loss=0.1172
[2026-06-03 02:34:16] Epoch 14 train batch [880/1875] loss=0.0775 avg_loss=0.1170
[2026-06-03 02:34:20] Epoch 14 train batch [900/1875] loss=0.0319 avg_loss=0.1165
[2026-06-03 02:34:24] Epoch 14 train batch [920/1875] loss=0.0015 avg_loss=0.1165
[2026-06-03 02:34:29] Epoch 14 train batch [940/1875] loss=0.0544 avg_loss=0.1164
[2026-06-03 02:34:33] Epoch 14 train batch [960/1875] loss=0.1092 avg_loss=0.1167
[2026-06-03 02:34:37] Epoch 14 train batch [980/1875] loss=0.2009 avg_loss=0.1169
[2026-06-03 02:34:41] Epoch 14 train batch [1000/1875] loss=0.0817 avg_loss=0.1169
[2026-06-03 02:34:45] Epoch 14 train batch [1020/1875] loss=0.0776 avg_loss=0.1168
[2026-06-03 02:34:50] Epoch 14 train batch [1040/1875] loss=0.1353 avg_loss=0.1170
[2026-06-03 02:34:54] Epoch 14 train batch [1060/1875] loss=0.0851 avg_loss=0.1166
[2026-06-03 02:34:58] Epoch 14 train batch [1080/1875] loss=0.0215 avg_loss=0.1164
[2026-06-03 02:35:02] Epoch 14 train batch [1100/1875] loss=0.0979 avg_loss=0.1167
[2026-06-03 02:35:07] Epoch 14 train batch [1120/1875] loss=0.0259 avg_loss=0.1166
[2026-06-03 02:35:11] Epoch 14 train batch [1140/1875] loss=0.1984 avg_loss=0.1166
[2026-06-03 02:35:15] Epoch 14 train batch [1160/1875] loss=0.1956 avg_loss=0.1169
[2026-06-03 02:35:19] Epoch 14 train batch [1180/1875] loss=0.1100 avg_loss=0.1166
[2026-06-03 02:35:23] Epoch 14 train batch [1200/1875] loss=0.2261 avg_loss=0.1172
[2026-06-03 02:35:28] Epoch 14 train batch [1220/1875] loss=0.2084 avg_loss=0.1173
[2026-06-03 02:35:32] Epoch 14 train batch [1240/1875] loss=0.2749 avg_loss=0.1177
[2026-06-03 02:35:36] Epoch 14 train batch [1260/1875] loss=0.1629 avg_loss=0.1179
[2026-06-03 02:35:40] Epoch 14 train batch [1280/1875] loss=0.1134 avg_loss=0.1181
[2026-06-03 02:35:44] Epoch 14 train batch [1300/1875] loss=0.0190 avg_loss=0.1178
[2026-06-03 02:35:48] Epoch 14 train batch [1320/1875] loss=0.2625 avg_loss=0.1183
[2026-06-03 02:35:53] Epoch 14 train batch [1340/1875] loss=0.1683 avg_loss=0.1183
[2026-06-03 02:35:57] Epoch 14 train batch [1360/1875] loss=0.0237 avg_loss=0.1185
[2026-06-03 02:36:01] Epoch 14 train batch [1380/1875] loss=0.0212 avg_loss=0.1186
[2026-06-03 02:36:05] Epoch 14 train batch [1400/1875] loss=0.1797 avg_loss=0.1187
[2026-06-03 02:36:09] Epoch 14 train batch [1420/1875] loss=0.0962 avg_loss=0.1191
[2026-06-03 02:36:14] Epoch 14 train batch [1440/1875] loss=0.2045 avg_loss=0.1196
[2026-06-03 02:36:18] Epoch 14 train batch [1460/1875] loss=0.1778 avg_loss=0.1196
[2026-06-03 02:36:22] Epoch 14 train batch [1480/1875] loss=0.2421 avg_loss=0.1193
[2026-06-03 02:36:26] Epoch 14 train batch [1500/1875] loss=0.2292 avg_loss=0.1193
[2026-06-03 02:36:30] Epoch 14 train batch [1520/1875] loss=0.0141 avg_loss=0.1190
[2026-06-03 02:36:34] Epoch 14 train batch [1540/1875] loss=0.1148 avg_loss=0.1188
[2026-06-03 02:36:38] Epoch 14 train batch [1560/1875] loss=0.0546 avg_loss=0.1187
[2026-06-03 02:36:42] Epoch 14 train batch [1580/1875] loss=0.0688 avg_loss=0.1186
[2026-06-03 02:36:47] Epoch 14 train batch [1600/1875] loss=0.0374 avg_loss=0.1185
[2026-06-03 02:36:51] Epoch 14 train batch [1620/1875] loss=0.2360 avg_loss=0.1182
[2026-06-03 02:36:55] Epoch 14 train batch [1640/1875] loss=0.2176 avg_loss=0.1182
[2026-06-03 02:36:59] Epoch 14 train batch [1660/1875] loss=0.2143 avg_loss=0.1181
[2026-06-03 02:37:03] Epoch 14 train batch [1680/1875] loss=0.1396 avg_loss=0.1183
[2026-06-03 02:37:08] Epoch 14 train batch [1700/1875] loss=0.2867 avg_loss=0.1183
[2026-06-03 02:37:12] Epoch 14 train batch [1720/1875] loss=0.0274 avg_loss=0.1185
[2026-06-03 02:37:16] Epoch 14 train batch [1740/1875] loss=0.2065 avg_loss=0.1188
[2026-06-03 02:37:20] Epoch 14 train batch [1760/1875] loss=0.1121 avg_loss=0.1192
[2026-06-03 02:37:25] Epoch 14 train batch [1780/1875] loss=0.2614 avg_loss=0.1195
[2026-06-03 02:37:29] Epoch 14 train batch [1800/1875] loss=0.0480 avg_loss=0.1197
[2026-06-03 02:37:33] Epoch 14 train batch [1820/1875] loss=0.0650 avg_loss=0.1198
[2026-06-03 02:37:37] Epoch 14 train batch [1840/1875] loss=0.0380 avg_loss=0.1197
[2026-06-03 02:37:40] Epoch 14 train batch [1860/1875] loss=0.2748 avg_loss=0.1197
[2026-06-03 02:37:43] Epoch 14 train batch [1875/1875] loss=0.0576 avg_loss=0.1195
[2026-06-03 02:37:43] Epoch 14 training completed. Computing validation loss.
[2026-06-03 02:38:21] Epoch 14 validation loss completed: 0.1774. Computing detection metrics.
[2026-06-03 02:39:01] Epoch 14 metrics computed. Saving artifacts.
[2026-06-03 02:39:03] Epoch 14 improved mAP@0.5 to 0.7969. Saved best checkpoint: best_model-20260603-004728.pth.
Epoch [14/30]
├── Train Loss : 0.1195
│   ├── loss_classifier  : 0.0366
│   ├── loss_box_reg     : 0.0755
│   ├── loss_objectness  : 0.0034
│   └── loss_rpn_box_reg : 0.0040
├── Val Loss   : 0.1774
├── mAP@0.5    : 0.7969
├── mAP@0.75   : 0.5089
├── mAP@0.5:0.95 : 0.4662
├── Precision  : 0.5473
├── Recall     : 0.8738
├── GT Boxes   : 2021
├── Predictions: 3227
├── Per-class AP
│   ├── person  : AP50=0.8555, AP75=0.4816, AP50:95=0.4781, P=0.6213, R=0.8920
│   ├── car     : AP50=0.7568, AP75=0.4475, AP50:95=0.4331, P=0.5592, R=0.8339
│   ├── dog     : AP50=0.8805, AP75=0.6646, AP50:95=0.5602, P=0.5462, R=0.9175
│   ├── cat     : AP50=0.8986, AP75=0.6700, AP50:95=0.5578, P=0.7864, R=0.9205
│   └── chair   : AP50=0.5930, AP75=0.2807, AP50:95=0.3017, P=0.3108, R=0.7837
├── LR         : 0.001000
└── Time       : 471.2s
[2026-06-03 02:39:03] Epoch [14/30] completed.
[2026-06-03 02:39:03] Epoch [15/30] started.
[2026-06-03 02:39:08] Epoch 15 train batch [20/1875] loss=0.0886 avg_loss=0.0854
[2026-06-03 02:39:12] Epoch 15 train batch [40/1875] loss=0.1516 avg_loss=0.1029
[2026-06-03 02:39:16] Epoch 15 train batch [60/1875] loss=0.0136 avg_loss=0.1064
[2026-06-03 02:39:20] Epoch 15 train batch [80/1875] loss=0.0447 avg_loss=0.1036
[2026-06-03 02:39:25] Epoch 15 train batch [100/1875] loss=0.0289 avg_loss=0.1008
[2026-06-03 02:39:29] Epoch 15 train batch [120/1875] loss=0.1729 avg_loss=0.1037
[2026-06-03 02:39:33] Epoch 15 train batch [140/1875] loss=0.1685 avg_loss=0.1036
[2026-06-03 02:39:38] Epoch 15 train batch [160/1875] loss=0.0811 avg_loss=0.1046
[2026-06-03 02:39:42] Epoch 15 train batch [180/1875] loss=0.0774 avg_loss=0.1082
[2026-06-03 02:39:46] Epoch 15 train batch [200/1875] loss=0.0155 avg_loss=0.1106
[2026-06-03 02:39:50] Epoch 15 train batch [220/1875] loss=0.0572 avg_loss=0.1123
[2026-06-03 02:39:54] Epoch 15 train batch [240/1875] loss=0.1354 avg_loss=0.1107
[2026-06-03 02:39:59] Epoch 15 train batch [260/1875] loss=0.1443 avg_loss=0.1101
[2026-06-03 02:40:03] Epoch 15 train batch [280/1875] loss=0.2431 avg_loss=0.1102
[2026-06-03 02:40:07] Epoch 15 train batch [300/1875] loss=0.3580 avg_loss=0.1111
[2026-06-03 02:40:11] Epoch 15 train batch [320/1875] loss=0.0213 avg_loss=0.1087
[2026-06-03 02:40:15] Epoch 15 train batch [340/1875] loss=0.0441 avg_loss=0.1085
[2026-06-03 02:40:20] Epoch 15 train batch [360/1875] loss=0.0812 avg_loss=0.1091
[2026-06-03 02:40:24] Epoch 15 train batch [380/1875] loss=0.0285 avg_loss=0.1084
[2026-06-03 02:40:28] Epoch 15 train batch [400/1875] loss=0.1677 avg_loss=0.1086
[2026-06-03 02:40:32] Epoch 15 train batch [420/1875] loss=0.1261 avg_loss=0.1085
[2026-06-03 02:40:36] Epoch 15 train batch [440/1875] loss=0.0988 avg_loss=0.1088
[2026-06-03 02:40:41] Epoch 15 train batch [460/1875] loss=0.0380 avg_loss=0.1085
[2026-06-03 02:40:45] Epoch 15 train batch [480/1875] loss=0.0265 avg_loss=0.1080
[2026-06-03 02:40:49] Epoch 15 train batch [500/1875] loss=0.0766 avg_loss=0.1076
[2026-06-03 02:40:53] Epoch 15 train batch [520/1875] loss=0.0185 avg_loss=0.1075
[2026-06-03 02:40:57] Epoch 15 train batch [540/1875] loss=0.0657 avg_loss=0.1077
[2026-06-03 02:41:02] Epoch 15 train batch [560/1875] loss=0.0475 avg_loss=0.1075
[2026-06-03 02:41:06] Epoch 15 train batch [580/1875] loss=0.0514 avg_loss=0.1077
[2026-06-03 02:41:10] Epoch 15 train batch [600/1875] loss=0.0897 avg_loss=0.1073
[2026-06-03 02:41:14] Epoch 15 train batch [620/1875] loss=0.0036 avg_loss=0.1068
[2026-06-03 02:41:19] Epoch 15 train batch [640/1875] loss=0.1605 avg_loss=0.1062
[2026-06-03 02:41:23] Epoch 15 train batch [660/1875] loss=0.0481 avg_loss=0.1073
[2026-06-03 02:41:27] Epoch 15 train batch [680/1875] loss=0.2192 avg_loss=0.1076
[2026-06-03 02:41:32] Epoch 15 train batch [700/1875] loss=0.1805 avg_loss=0.1081
[2026-06-03 02:41:36] Epoch 15 train batch [720/1875] loss=0.0728 avg_loss=0.1075
[2026-06-03 02:41:40] Epoch 15 train batch [740/1875] loss=0.0329 avg_loss=0.1087
[2026-06-03 02:41:45] Epoch 15 train batch [760/1875] loss=0.1091 avg_loss=0.1083
[2026-06-03 02:41:49] Epoch 15 train batch [780/1875] loss=0.0820 avg_loss=0.1081
[2026-06-03 02:41:53] Epoch 15 train batch [800/1875] loss=0.1406 avg_loss=0.1081
[2026-06-03 02:41:57] Epoch 15 train batch [820/1875] loss=0.1836 avg_loss=0.1079
[2026-06-03 02:42:02] Epoch 15 train batch [840/1875] loss=0.0950 avg_loss=0.1079
[2026-06-03 02:42:06] Epoch 15 train batch [860/1875] loss=0.0303 avg_loss=0.1080
[2026-06-03 02:42:10] Epoch 15 train batch [880/1875] loss=0.0824 avg_loss=0.1094
[2026-06-03 02:42:14] Epoch 15 train batch [900/1875] loss=0.1782 avg_loss=0.1089
[2026-06-03 02:42:18] Epoch 15 train batch [920/1875] loss=0.0401 avg_loss=0.1090
[2026-06-03 02:42:22] Epoch 15 train batch [940/1875] loss=0.2109 avg_loss=0.1095
[2026-06-03 02:42:27] Epoch 15 train batch [960/1875] loss=0.0989 avg_loss=0.1095
[2026-06-03 02:42:31] Epoch 15 train batch [980/1875] loss=0.0537 avg_loss=0.1101
[2026-06-03 02:42:35] Epoch 15 train batch [1000/1875] loss=0.3333 avg_loss=0.1114
[2026-06-03 02:42:40] Epoch 15 train batch [1020/1875] loss=0.1058 avg_loss=0.1113
[2026-06-03 02:42:44] Epoch 15 train batch [1040/1875] loss=0.0218 avg_loss=0.1114
[2026-06-03 02:42:48] Epoch 15 train batch [1060/1875] loss=0.1901 avg_loss=0.1114
[2026-06-03 02:42:52] Epoch 15 train batch [1080/1875] loss=0.3250 avg_loss=0.1118
[2026-06-03 02:42:56] Epoch 15 train batch [1100/1875] loss=0.1236 avg_loss=0.1118
[2026-06-03 02:43:01] Epoch 15 train batch [1120/1875] loss=0.1143 avg_loss=0.1124
[2026-06-03 02:43:05] Epoch 15 train batch [1140/1875] loss=0.1255 avg_loss=0.1124
[2026-06-03 02:43:09] Epoch 15 train batch [1160/1875] loss=0.2179 avg_loss=0.1122
[2026-06-03 02:43:13] Epoch 15 train batch [1180/1875] loss=0.0862 avg_loss=0.1120
[2026-06-03 02:43:17] Epoch 15 train batch [1200/1875] loss=0.0992 avg_loss=0.1122
[2026-06-03 02:43:22] Epoch 15 train batch [1220/1875] loss=0.3006 avg_loss=0.1124
[2026-06-03 02:43:26] Epoch 15 train batch [1240/1875] loss=0.0441 avg_loss=0.1122
[2026-06-03 02:43:30] Epoch 15 train batch [1260/1875] loss=0.0281 avg_loss=0.1128
[2026-06-03 02:43:34] Epoch 15 train batch [1280/1875] loss=0.5540 avg_loss=0.1133
[2026-06-03 02:43:38] Epoch 15 train batch [1300/1875] loss=0.0735 avg_loss=0.1136
[2026-06-03 02:43:42] Epoch 15 train batch [1320/1875] loss=0.1347 avg_loss=0.1135
[2026-06-03 02:43:47] Epoch 15 train batch [1340/1875] loss=0.0384 avg_loss=0.1140
[2026-06-03 02:43:51] Epoch 15 train batch [1360/1875] loss=0.0336 avg_loss=0.1138
[2026-06-03 02:43:55] Epoch 15 train batch [1380/1875] loss=0.1732 avg_loss=0.1140
[2026-06-03 02:43:59] Epoch 15 train batch [1400/1875] loss=0.1189 avg_loss=0.1145
[2026-06-03 02:44:04] Epoch 15 train batch [1420/1875] loss=0.1080 avg_loss=0.1144
[2026-06-03 02:44:08] Epoch 15 train batch [1440/1875] loss=0.0389 avg_loss=0.1145
[2026-06-03 02:44:12] Epoch 15 train batch [1460/1875] loss=0.2656 avg_loss=0.1149
[2026-06-03 02:44:16] Epoch 15 train batch [1480/1875] loss=0.2173 avg_loss=0.1151
[2026-06-03 02:44:20] Epoch 15 train batch [1500/1875] loss=0.1099 avg_loss=0.1150
[2026-06-03 02:44:25] Epoch 15 train batch [1520/1875] loss=0.0419 avg_loss=0.1149
[2026-06-03 02:44:29] Epoch 15 train batch [1540/1875] loss=0.0188 avg_loss=0.1149
[2026-06-03 02:44:33] Epoch 15 train batch [1560/1875] loss=0.0803 avg_loss=0.1147
[2026-06-03 02:44:37] Epoch 15 train batch [1580/1875] loss=0.0420 avg_loss=0.1147
[2026-06-03 02:44:42] Epoch 15 train batch [1600/1875] loss=0.0598 avg_loss=0.1149
[2026-06-03 02:44:46] Epoch 15 train batch [1620/1875] loss=0.0874 avg_loss=0.1150
[2026-06-03 02:44:50] Epoch 15 train batch [1640/1875] loss=0.1003 avg_loss=0.1152
[2026-06-03 02:44:54] Epoch 15 train batch [1660/1875] loss=0.1061 avg_loss=0.1150
[2026-06-03 02:44:58] Epoch 15 train batch [1680/1875] loss=0.0945 avg_loss=0.1152
[2026-06-03 02:45:02] Epoch 15 train batch [1700/1875] loss=0.1846 avg_loss=0.1152
[2026-06-03 02:45:07] Epoch 15 train batch [1720/1875] loss=0.1322 avg_loss=0.1152
[2026-06-03 02:45:11] Epoch 15 train batch [1740/1875] loss=0.1912 avg_loss=0.1149
[2026-06-03 02:45:15] Epoch 15 train batch [1760/1875] loss=0.1272 avg_loss=0.1149
[2026-06-03 02:45:19] Epoch 15 train batch [1780/1875] loss=0.1274 avg_loss=0.1154
[2026-06-03 02:45:23] Epoch 15 train batch [1800/1875] loss=0.0557 avg_loss=0.1155
[2026-06-03 02:45:28] Epoch 15 train batch [1820/1875] loss=0.4237 avg_loss=0.1158
[2026-06-03 02:45:31] Epoch 15 train batch [1840/1875] loss=0.0443 avg_loss=0.1157
[2026-06-03 02:45:35] Epoch 15 train batch [1860/1875] loss=0.0684 avg_loss=0.1158
[2026-06-03 02:45:38] Epoch 15 train batch [1875/1875] loss=0.0132 avg_loss=0.1157
[2026-06-03 02:45:38] Epoch 15 training completed. Computing validation loss.
[2026-06-03 02:46:17] Epoch 15 validation loss completed: 0.1709. Computing detection metrics.
[2026-06-03 02:46:56] Epoch 15 metrics computed. Saving artifacts.
[2026-06-03 02:46:57] Epoch 15 did not improve mAP@0.5 enough. Early stopping counter: 1/7.
Epoch [15/30]
├── Train Loss : 0.1157
│   ├── loss_classifier  : 0.0355
│   ├── loss_box_reg     : 0.0731
│   ├── loss_objectness  : 0.0032
│   └── loss_rpn_box_reg : 0.0038
├── Val Loss   : 0.1709
├── mAP@0.5    : 0.7967
├── mAP@0.75   : 0.4903
├── mAP@0.5:0.95 : 0.4670
├── Precision  : 0.6026
├── Recall     : 0.8530
├── GT Boxes   : 2021
├── Predictions: 2861
├── Per-class AP
│   ├── person  : AP50=0.8306, AP75=0.4576, AP50:95=0.4627, P=0.6353, R=0.8724
│   ├── car     : AP50=0.7729, AP75=0.4525, AP50:95=0.4380, P=0.5369, R=0.8481
│   ├── dog     : AP50=0.8807, AP75=0.6625, AP50:95=0.5644, P=0.7110, R=0.9078
│   ├── cat     : AP50=0.9058, AP75=0.6280, AP50:95=0.5711, P=0.7714, R=0.9205
│   └── chair   : AP50=0.5933, AP75=0.2509, AP50:95=0.2985, P=0.4249, R=0.7021
├── LR         : 0.001000
└── Time       : 472.7s
[2026-06-03 02:46:57] Epoch [15/30] completed.
[2026-06-03 02:46:57] Epoch [16/30] started.
[2026-06-03 02:47:01] Epoch 16 train batch [20/1875] loss=0.0569 avg_loss=0.0892
[2026-06-03 02:47:05] Epoch 16 train batch [40/1875] loss=0.0419 avg_loss=0.0956
[2026-06-03 02:47:09] Epoch 16 train batch [60/1875] loss=0.0785 avg_loss=0.0905
[2026-06-03 02:47:14] Epoch 16 train batch [80/1875] loss=0.0860 avg_loss=0.0944
[2026-06-03 02:47:18] Epoch 16 train batch [100/1875] loss=0.0632 avg_loss=0.0925
[2026-06-03 02:47:22] Epoch 16 train batch [120/1875] loss=0.0793 avg_loss=0.0909
[2026-06-03 02:47:26] Epoch 16 train batch [140/1875] loss=0.2364 avg_loss=0.0920
[2026-06-03 02:47:30] Epoch 16 train batch [160/1875] loss=0.0620 avg_loss=0.0936
[2026-06-03 02:47:35] Epoch 16 train batch [180/1875] loss=0.1368 avg_loss=0.0930
[2026-06-03 02:47:39] Epoch 16 train batch [200/1875] loss=0.2593 avg_loss=0.0944
[2026-06-03 02:47:43] Epoch 16 train batch [220/1875] loss=0.0822 avg_loss=0.0927
[2026-06-03 02:47:47] Epoch 16 train batch [240/1875] loss=0.0837 avg_loss=0.0933
[2026-06-03 02:47:51] Epoch 16 train batch [260/1875] loss=0.0686 avg_loss=0.0921
[2026-06-03 02:47:56] Epoch 16 train batch [280/1875] loss=0.0988 avg_loss=0.0921
[2026-06-03 02:48:00] Epoch 16 train batch [300/1875] loss=0.0249 avg_loss=0.0932
[2026-06-03 02:48:04] Epoch 16 train batch [320/1875] loss=0.2737 avg_loss=0.0942
[2026-06-03 02:48:08] Epoch 16 train batch [340/1875] loss=0.0426 avg_loss=0.0941
[2026-06-03 02:48:12] Epoch 16 train batch [360/1875] loss=0.0526 avg_loss=0.0954
[2026-06-03 02:48:17] Epoch 16 train batch [380/1875] loss=0.1517 avg_loss=0.0954
[2026-06-03 02:48:21] Epoch 16 train batch [400/1875] loss=0.0526 avg_loss=0.0954
[2026-06-03 02:48:25] Epoch 16 train batch [420/1875] loss=0.1266 avg_loss=0.0949
[2026-06-03 02:48:30] Epoch 16 train batch [440/1875] loss=0.1231 avg_loss=0.0949
[2026-06-03 02:48:34] Epoch 16 train batch [460/1875] loss=0.0487 avg_loss=0.0956
[2026-06-03 02:48:38] Epoch 16 train batch [480/1875] loss=0.0281 avg_loss=0.0962
[2026-06-03 02:48:42] Epoch 16 train batch [500/1875] loss=0.2204 avg_loss=0.0957
[2026-06-03 02:48:46] Epoch 16 train batch [520/1875] loss=0.0462 avg_loss=0.0962
[2026-06-03 02:48:51] Epoch 16 train batch [540/1875] loss=0.1042 avg_loss=0.0962
[2026-06-03 02:48:55] Epoch 16 train batch [560/1875] loss=0.1691 avg_loss=0.0959
[2026-06-03 02:48:59] Epoch 16 train batch [580/1875] loss=0.1492 avg_loss=0.0962
[2026-06-03 02:49:03] Epoch 16 train batch [600/1875] loss=0.0653 avg_loss=0.0960
[2026-06-03 02:49:08] Epoch 16 train batch [620/1875] loss=0.0269 avg_loss=0.0966
[2026-06-03 02:49:12] Epoch 16 train batch [640/1875] loss=0.1756 avg_loss=0.0969
[2026-06-03 02:49:16] Epoch 16 train batch [660/1875] loss=0.0596 avg_loss=0.0965
[2026-06-03 02:49:20] Epoch 16 train batch [680/1875] loss=0.1014 avg_loss=0.0961
[2026-06-03 02:49:25] Epoch 16 train batch [700/1875] loss=0.1678 avg_loss=0.0959
[2026-06-03 02:49:29] Epoch 16 train batch [720/1875] loss=0.0449 avg_loss=0.0958
[2026-06-03 02:49:33] Epoch 16 train batch [740/1875] loss=0.1090 avg_loss=0.0960
[2026-06-03 02:49:37] Epoch 16 train batch [760/1875] loss=0.0738 avg_loss=0.0965
[2026-06-03 02:49:41] Epoch 16 train batch [780/1875] loss=0.0894 avg_loss=0.0972
[2026-06-03 02:49:46] Epoch 16 train batch [800/1875] loss=0.0377 avg_loss=0.0979
[2026-06-03 02:49:50] Epoch 16 train batch [820/1875] loss=0.1205 avg_loss=0.0980
[2026-06-03 02:49:54] Epoch 16 train batch [840/1875] loss=0.0494 avg_loss=0.0981
[2026-06-03 02:49:58] Epoch 16 train batch [860/1875] loss=0.1033 avg_loss=0.0979
[2026-06-03 02:50:02] Epoch 16 train batch [880/1875] loss=0.0307 avg_loss=0.0976
[2026-06-03 02:50:07] Epoch 16 train batch [900/1875] loss=0.0593 avg_loss=0.0974
[2026-06-03 02:50:11] Epoch 16 train batch [920/1875] loss=0.0880 avg_loss=0.0976
[2026-06-03 02:50:15] Epoch 16 train batch [940/1875] loss=0.1160 avg_loss=0.0977
[2026-06-03 02:50:20] Epoch 16 train batch [960/1875] loss=0.1475 avg_loss=0.0973
[2026-06-03 02:50:24] Epoch 16 train batch [980/1875] loss=0.0330 avg_loss=0.0981
[2026-06-03 02:50:28] Epoch 16 train batch [1000/1875] loss=0.0051 avg_loss=0.0983
[2026-06-03 02:50:32] Epoch 16 train batch [1020/1875] loss=0.0009 avg_loss=0.0978
[2026-06-03 02:50:37] Epoch 16 train batch [1040/1875] loss=0.0725 avg_loss=0.0975
[2026-06-03 02:50:41] Epoch 16 train batch [1060/1875] loss=0.0001 avg_loss=0.0973
[2026-06-03 02:50:45] Epoch 16 train batch [1080/1875] loss=0.2569 avg_loss=0.0969
[2026-06-03 02:50:49] Epoch 16 train batch [1100/1875] loss=0.0476 avg_loss=0.0971
[2026-06-03 02:50:53] Epoch 16 train batch [1120/1875] loss=0.3003 avg_loss=0.0968
[2026-06-03 02:50:57] Epoch 16 train batch [1140/1875] loss=0.1311 avg_loss=0.0967
[2026-06-03 02:51:02] Epoch 16 train batch [1160/1875] loss=0.1818 avg_loss=0.0967
[2026-06-03 02:51:06] Epoch 16 train batch [1180/1875] loss=0.1681 avg_loss=0.0966
[2026-06-03 02:51:10] Epoch 16 train batch [1200/1875] loss=0.0276 avg_loss=0.0972
[2026-06-03 02:51:14] Epoch 16 train batch [1220/1875] loss=0.2336 avg_loss=0.0971
[2026-06-03 02:51:19] Epoch 16 train batch [1240/1875] loss=0.0395 avg_loss=0.0971
[2026-06-03 02:51:23] Epoch 16 train batch [1260/1875] loss=0.1660 avg_loss=0.0970
[2026-06-03 02:51:27] Epoch 16 train batch [1280/1875] loss=0.0095 avg_loss=0.0968
[2026-06-03 02:51:31] Epoch 16 train batch [1300/1875] loss=0.0619 avg_loss=0.0970
[2026-06-03 02:51:35] Epoch 16 train batch [1320/1875] loss=0.0237 avg_loss=0.0971
[2026-06-03 02:51:39] Epoch 16 train batch [1340/1875] loss=0.0524 avg_loss=0.0972
[2026-06-03 02:51:44] Epoch 16 train batch [1360/1875] loss=0.1166 avg_loss=0.0972
[2026-06-03 02:51:48] Epoch 16 train batch [1380/1875] loss=0.0349 avg_loss=0.0974
[2026-06-03 02:51:52] Epoch 16 train batch [1400/1875] loss=0.1414 avg_loss=0.0977
[2026-06-03 02:51:57] Epoch 16 train batch [1420/1875] loss=0.1723 avg_loss=0.0975
[2026-06-03 02:52:01] Epoch 16 train batch [1440/1875] loss=0.2010 avg_loss=0.0977
[2026-06-03 02:52:05] Epoch 16 train batch [1460/1875] loss=0.0719 avg_loss=0.0974
[2026-06-03 02:52:09] Epoch 16 train batch [1480/1875] loss=0.1497 avg_loss=0.0977
[2026-06-03 02:52:13] Epoch 16 train batch [1500/1875] loss=0.2581 avg_loss=0.0982
[2026-06-03 02:52:18] Epoch 16 train batch [1520/1875] loss=0.0334 avg_loss=0.0983
[2026-06-03 02:52:22] Epoch 16 train batch [1540/1875] loss=0.1085 avg_loss=0.0982
[2026-06-03 02:52:26] Epoch 16 train batch [1560/1875] loss=0.1005 avg_loss=0.0983
[2026-06-03 02:52:31] Epoch 16 train batch [1580/1875] loss=0.0434 avg_loss=0.0980
[2026-06-03 02:52:35] Epoch 16 train batch [1600/1875] loss=0.1191 avg_loss=0.0979
[2026-06-03 02:52:39] Epoch 16 train batch [1620/1875] loss=0.1070 avg_loss=0.0980
[2026-06-03 02:52:43] Epoch 16 train batch [1640/1875] loss=0.0475 avg_loss=0.0978
[2026-06-03 02:52:48] Epoch 16 train batch [1660/1875] loss=0.1218 avg_loss=0.0979
[2026-06-03 02:52:52] Epoch 16 train batch [1680/1875] loss=0.0215 avg_loss=0.0976
[2026-06-03 02:52:56] Epoch 16 train batch [1700/1875] loss=0.0985 avg_loss=0.0978
[2026-06-03 02:53:00] Epoch 16 train batch [1720/1875] loss=0.1378 avg_loss=0.0979
[2026-06-03 02:53:04] Epoch 16 train batch [1740/1875] loss=0.2001 avg_loss=0.0978
[2026-06-03 02:53:09] Epoch 16 train batch [1760/1875] loss=0.1086 avg_loss=0.0976
[2026-06-03 02:53:13] Epoch 16 train batch [1780/1875] loss=0.0476 avg_loss=0.0975
[2026-06-03 02:53:17] Epoch 16 train batch [1800/1875] loss=0.0429 avg_loss=0.0975
[2026-06-03 02:53:21] Epoch 16 train batch [1820/1875] loss=0.0755 avg_loss=0.0976
[2026-06-03 02:53:25] Epoch 16 train batch [1840/1875] loss=0.2396 avg_loss=0.0977
[2026-06-03 02:53:29] Epoch 16 train batch [1860/1875] loss=0.0120 avg_loss=0.0976
[2026-06-03 02:53:32] Epoch 16 train batch [1875/1875] loss=0.1392 avg_loss=0.0978
[2026-06-03 02:53:32] Epoch 16 training completed. Computing validation loss.
[2026-06-03 02:54:10] Epoch 16 validation loss completed: 0.1765. Computing detection metrics.
[2026-06-03 02:54:50] Epoch 16 metrics computed. Saving artifacts.
[2026-06-03 02:54:51] Epoch 16 improved mAP@0.5 to 0.7993. Saved best checkpoint: best_model-20260603-004728.pth.
Epoch [16/30]
├── Train Loss : 0.0978
│   ├── loss_classifier  : 0.0299
│   ├── loss_box_reg     : 0.0620
│   ├── loss_objectness  : 0.0026
│   └── loss_rpn_box_reg : 0.0033
├── Val Loss   : 0.1765
├── mAP@0.5    : 0.7993
├── mAP@0.75   : 0.5392
├── mAP@0.5:0.95 : 0.4933
├── Precision  : 0.6378
├── Recall     : 0.8521
├── GT Boxes   : 2021
├── Predictions: 2700
├── Per-class AP
│   ├── person  : AP50=0.8421, AP75=0.5117, AP50:95=0.4881, P=0.6760, R=0.8762
│   ├── car     : AP50=0.7711, AP75=0.4631, AP50:95=0.4611, P=0.5980, R=0.8304
│   ├── dog     : AP50=0.8764, AP75=0.7371, AP50:95=0.5985, P=0.7572, R=0.8932
│   ├── cat     : AP50=0.9049, AP75=0.7140, AP50:95=0.6083, P=0.8256, R=0.9148
│   └── chair   : AP50=0.6018, AP75=0.2703, AP50:95=0.3106, P=0.4214, R=0.7128
├── LR         : 0.000100
└── Time       : 472.6s
[2026-06-03 02:54:51] Epoch [16/30] completed.
[2026-06-03 02:54:51] Epoch [17/30] started.
[2026-06-03 02:54:55] Epoch 17 train batch [20/1875] loss=0.0930 avg_loss=0.0886
[2026-06-03 02:55:00] Epoch 17 train batch [40/1875] loss=0.0848 avg_loss=0.0869
[2026-06-03 02:55:04] Epoch 17 train batch [60/1875] loss=0.1082 avg_loss=0.0872
[2026-06-03 02:55:08] Epoch 17 train batch [80/1875] loss=0.0241 avg_loss=0.0869
[2026-06-03 02:55:13] Epoch 17 train batch [100/1875] loss=0.0297 avg_loss=0.0855
[2026-06-03 02:55:17] Epoch 17 train batch [120/1875] loss=0.2229 avg_loss=0.0885
[2026-06-03 02:55:21] Epoch 17 train batch [140/1875] loss=0.0102 avg_loss=0.0884
[2026-06-03 02:55:25] Epoch 17 train batch [160/1875] loss=0.0615 avg_loss=0.0923
[2026-06-03 02:55:30] Epoch 17 train batch [180/1875] loss=0.0804 avg_loss=0.0924
[2026-06-03 02:55:34] Epoch 17 train batch [200/1875] loss=0.0386 avg_loss=0.0912
[2026-06-03 02:55:38] Epoch 17 train batch [220/1875] loss=0.1820 avg_loss=0.0908
[2026-06-03 02:55:42] Epoch 17 train batch [240/1875] loss=0.2798 avg_loss=0.0903
[2026-06-03 02:55:46] Epoch 17 train batch [260/1875] loss=0.0735 avg_loss=0.0904
[2026-06-03 02:55:51] Epoch 17 train batch [280/1875] loss=0.0006 avg_loss=0.0929
[2026-06-03 02:55:55] Epoch 17 train batch [300/1875] loss=0.0766 avg_loss=0.0910
[2026-06-03 02:55:59] Epoch 17 train batch [320/1875] loss=0.1517 avg_loss=0.0919
[2026-06-03 02:56:03] Epoch 17 train batch [340/1875] loss=0.0660 avg_loss=0.0920
[2026-06-03 02:56:08] Epoch 17 train batch [360/1875] loss=0.2357 avg_loss=0.0916
[2026-06-03 02:56:12] Epoch 17 train batch [380/1875] loss=0.0390 avg_loss=0.0920
[2026-06-03 02:56:16] Epoch 17 train batch [400/1875] loss=0.0448 avg_loss=0.0909
[2026-06-03 02:56:20] Epoch 17 train batch [420/1875] loss=0.0774 avg_loss=0.0908
[2026-06-03 02:56:24] Epoch 17 train batch [440/1875] loss=0.0672 avg_loss=0.0909
[2026-06-03 02:56:29] Epoch 17 train batch [460/1875] loss=0.1233 avg_loss=0.0905
[2026-06-03 02:56:32] Epoch 17 train batch [480/1875] loss=0.0312 avg_loss=0.0905
[2026-06-03 02:56:36] Epoch 17 train batch [500/1875] loss=0.0836 avg_loss=0.0915
[2026-06-03 02:56:41] Epoch 17 train batch [520/1875] loss=0.0184 avg_loss=0.0906
[2026-06-03 02:56:45] Epoch 17 train batch [540/1875] loss=0.2976 avg_loss=0.0911
[2026-06-03 02:56:49] Epoch 17 train batch [560/1875] loss=0.0811 avg_loss=0.0918
[2026-06-03 02:56:53] Epoch 17 train batch [580/1875] loss=0.1063 avg_loss=0.0919
[2026-06-03 02:56:58] Epoch 17 train batch [600/1875] loss=0.1675 avg_loss=0.0920
[2026-06-03 02:57:02] Epoch 17 train batch [620/1875] loss=0.0066 avg_loss=0.0932
[2026-06-03 02:57:06] Epoch 17 train batch [640/1875] loss=0.0609 avg_loss=0.0941
[2026-06-03 02:57:11] Epoch 17 train batch [660/1875] loss=0.1844 avg_loss=0.0952
[2026-06-03 02:57:15] Epoch 17 train batch [680/1875] loss=0.0262 avg_loss=0.0951
[2026-06-03 02:57:19] Epoch 17 train batch [700/1875] loss=0.0665 avg_loss=0.0959
[2026-06-03 02:57:23] Epoch 17 train batch [720/1875] loss=0.0162 avg_loss=0.0959
[2026-06-03 02:57:28] Epoch 17 train batch [740/1875] loss=0.0221 avg_loss=0.0961
[2026-06-03 02:57:32] Epoch 17 train batch [760/1875] loss=0.0356 avg_loss=0.0961
[2026-06-03 02:57:36] Epoch 17 train batch [780/1875] loss=0.0118 avg_loss=0.0969
[2026-06-03 02:57:41] Epoch 17 train batch [800/1875] loss=0.0635 avg_loss=0.0966
[2026-06-03 02:57:45] Epoch 17 train batch [820/1875] loss=0.0837 avg_loss=0.0960
[2026-06-03 02:57:49] Epoch 17 train batch [840/1875] loss=0.0132 avg_loss=0.0960
[2026-06-03 02:57:53] Epoch 17 train batch [860/1875] loss=0.0303 avg_loss=0.0963
[2026-06-03 02:57:57] Epoch 17 train batch [880/1875] loss=0.0727 avg_loss=0.0967
[2026-06-03 02:58:02] Epoch 17 train batch [900/1875] loss=0.0900 avg_loss=0.0968
[2026-06-03 02:58:06] Epoch 17 train batch [920/1875] loss=0.0659 avg_loss=0.0963
[2026-06-03 02:58:10] Epoch 17 train batch [940/1875] loss=0.0731 avg_loss=0.0965
[2026-06-03 02:58:14] Epoch 17 train batch [960/1875] loss=0.0883 avg_loss=0.0966
[2026-06-03 02:58:18] Epoch 17 train batch [980/1875] loss=0.0971 avg_loss=0.0968
[2026-06-03 02:58:22] Epoch 17 train batch [1000/1875] loss=0.0236 avg_loss=0.0964
[2026-06-03 02:58:27] Epoch 17 train batch [1020/1875] loss=0.0289 avg_loss=0.0971
[2026-06-03 02:58:31] Epoch 17 train batch [1040/1875] loss=0.0372 avg_loss=0.0971
[2026-06-03 02:58:35] Epoch 17 train batch [1060/1875] loss=0.0946 avg_loss=0.0969
[2026-06-03 02:58:39] Epoch 17 train batch [1080/1875] loss=0.0994 avg_loss=0.0970
[2026-06-03 02:58:44] Epoch 17 train batch [1100/1875] loss=0.0935 avg_loss=0.0966
[2026-06-03 02:58:48] Epoch 17 train batch [1120/1875] loss=0.0729 avg_loss=0.0966
[2026-06-03 02:58:52] Epoch 17 train batch [1140/1875] loss=0.0233 avg_loss=0.0967
[2026-06-03 02:58:56] Epoch 17 train batch [1160/1875] loss=0.0728 avg_loss=0.0968
[2026-06-03 02:59:00] Epoch 17 train batch [1180/1875] loss=0.1978 avg_loss=0.0970
[2026-06-03 02:59:04] Epoch 17 train batch [1200/1875] loss=0.0243 avg_loss=0.0974
[2026-06-03 02:59:08] Epoch 17 train batch [1220/1875] loss=0.0740 avg_loss=0.0971
[2026-06-03 02:59:13] Epoch 17 train batch [1240/1875] loss=0.0365 avg_loss=0.0968
[2026-06-03 02:59:17] Epoch 17 train batch [1260/1875] loss=0.0273 avg_loss=0.0968
[2026-06-03 02:59:21] Epoch 17 train batch [1280/1875] loss=0.0596 avg_loss=0.0968
[2026-06-03 02:59:25] Epoch 17 train batch [1300/1875] loss=0.0692 avg_loss=0.0969
[2026-06-03 02:59:29] Epoch 17 train batch [1320/1875] loss=0.0246 avg_loss=0.0968
[2026-06-03 02:59:34] Epoch 17 train batch [1340/1875] loss=0.0110 avg_loss=0.0967
[2026-06-03 02:59:38] Epoch 17 train batch [1360/1875] loss=0.0138 avg_loss=0.0967
[2026-06-03 02:59:42] Epoch 17 train batch [1380/1875] loss=0.0576 avg_loss=0.0966
[2026-06-03 02:59:46] Epoch 17 train batch [1400/1875] loss=0.0870 avg_loss=0.0966
[2026-06-03 02:59:50] Epoch 17 train batch [1420/1875] loss=0.0738 avg_loss=0.0969
[2026-06-03 02:59:55] Epoch 17 train batch [1440/1875] loss=0.3287 avg_loss=0.0972
[2026-06-03 02:59:59] Epoch 17 train batch [1460/1875] loss=0.0632 avg_loss=0.0973
[2026-06-03 03:00:03] Epoch 17 train batch [1480/1875] loss=0.1942 avg_loss=0.0975
[2026-06-03 03:00:07] Epoch 17 train batch [1500/1875] loss=0.1396 avg_loss=0.0979
[2026-06-03 03:00:11] Epoch 17 train batch [1520/1875] loss=0.0214 avg_loss=0.0979
[2026-06-03 03:00:16] Epoch 17 train batch [1540/1875] loss=0.0467 avg_loss=0.0978
[2026-06-03 03:00:20] Epoch 17 train batch [1560/1875] loss=0.0460 avg_loss=0.0973
[2026-06-03 03:00:24] Epoch 17 train batch [1580/1875] loss=0.0801 avg_loss=0.0974
[2026-06-03 03:00:28] Epoch 17 train batch [1600/1875] loss=0.1476 avg_loss=0.0975
[2026-06-03 03:00:33] Epoch 17 train batch [1620/1875] loss=0.0603 avg_loss=0.0972
[2026-06-03 03:00:37] Epoch 17 train batch [1640/1875] loss=0.1004 avg_loss=0.0969
[2026-06-03 03:00:41] Epoch 17 train batch [1660/1875] loss=0.0473 avg_loss=0.0968
[2026-06-03 03:00:45] Epoch 17 train batch [1680/1875] loss=0.0492 avg_loss=0.0970
[2026-06-03 03:00:50] Epoch 17 train batch [1700/1875] loss=0.0464 avg_loss=0.0971
[2026-06-03 03:00:54] Epoch 17 train batch [1720/1875] loss=0.1489 avg_loss=0.0972
[2026-06-03 03:00:58] Epoch 17 train batch [1740/1875] loss=0.1107 avg_loss=0.0973
[2026-06-03 03:01:02] Epoch 17 train batch [1760/1875] loss=0.1953 avg_loss=0.0973
[2026-06-03 03:01:07] Epoch 17 train batch [1780/1875] loss=0.1906 avg_loss=0.0971
[2026-06-03 03:01:11] Epoch 17 train batch [1800/1875] loss=0.0240 avg_loss=0.0970
[2026-06-03 03:01:15] Epoch 17 train batch [1820/1875] loss=0.0538 avg_loss=0.0969
[2026-06-03 03:01:19] Epoch 17 train batch [1840/1875] loss=0.0365 avg_loss=0.0965
[2026-06-03 03:01:22] Epoch 17 train batch [1860/1875] loss=0.0982 avg_loss=0.0961
[2026-06-03 03:01:25] Epoch 17 train batch [1875/1875] loss=0.1967 avg_loss=0.0962
[2026-06-03 03:01:25] Epoch 17 training completed. Computing validation loss.
[2026-06-03 03:02:04] Epoch 17 validation loss completed: 0.1798. Computing detection metrics.
[2026-06-03 03:02:44] Epoch 17 metrics computed. Saving artifacts.
[2026-06-03 03:02:45] Epoch 17 did not improve mAP@0.5 enough. Early stopping counter: 1/7.
Epoch [17/30]
├── Train Loss : 0.0962
│   ├── loss_classifier  : 0.0294
│   ├── loss_box_reg     : 0.0610
│   ├── loss_objectness  : 0.0025
│   └── loss_rpn_box_reg : 0.0032
├── Val Loss   : 0.1798
├── mAP@0.5    : 0.7986
├── mAP@0.75   : 0.5506
├── mAP@0.5:0.95 : 0.4952
├── Precision  : 0.6506
├── Recall     : 0.8506
├── GT Boxes   : 2021
├── Predictions: 2642
├── Per-class AP
│   ├── person  : AP50=0.8413, AP75=0.5124, AP50:95=0.4906, P=0.6814, R=0.8743
│   ├── car     : AP50=0.7647, AP75=0.4917, AP50:95=0.4598, P=0.6105, R=0.8198
│   ├── dog     : AP50=0.8750, AP75=0.7292, AP50:95=0.5945, P=0.7699, R=0.8932
│   ├── cat     : AP50=0.9090, AP75=0.7248, AP50:95=0.6194, P=0.8265, R=0.9205
│   └── chair   : AP50=0.6031, AP75=0.2947, AP50:95=0.3114, P=0.4499, R=0.7163
├── LR         : 0.000100
└── Time       : 472.6s
[2026-06-03 03:02:45] Epoch [17/30] completed.
[2026-06-03 03:02:45] Epoch [18/30] started.
[2026-06-03 03:02:49] Epoch 18 train batch [20/1875] loss=0.0077 avg_loss=0.0855
[2026-06-03 03:02:53] Epoch 18 train batch [40/1875] loss=0.0555 avg_loss=0.1058
[2026-06-03 03:02:58] Epoch 18 train batch [60/1875] loss=0.1893 avg_loss=0.0963
[2026-06-03 03:03:02] Epoch 18 train batch [80/1875] loss=0.0389 avg_loss=0.0935
[2026-06-03 03:03:06] Epoch 18 train batch [100/1875] loss=0.0440 avg_loss=0.0900
[2026-06-03 03:03:11] Epoch 18 train batch [120/1875] loss=0.2699 avg_loss=0.0888
[2026-06-03 03:03:15] Epoch 18 train batch [140/1875] loss=0.0802 avg_loss=0.0890
[2026-06-03 03:03:19] Epoch 18 train batch [160/1875] loss=0.0831 avg_loss=0.0878
[2026-06-03 03:03:23] Epoch 18 train batch [180/1875] loss=0.0732 avg_loss=0.0892
[2026-06-03 03:03:27] Epoch 18 train batch [200/1875] loss=0.0498 avg_loss=0.0908
[2026-06-03 03:03:31] Epoch 18 train batch [220/1875] loss=0.0486 avg_loss=0.0909
[2026-06-03 03:03:35] Epoch 18 train batch [240/1875] loss=0.0482 avg_loss=0.0919
[2026-06-03 03:03:39] Epoch 18 train batch [260/1875] loss=0.1127 avg_loss=0.0920
[2026-06-03 03:03:44] Epoch 18 train batch [280/1875] loss=0.0545 avg_loss=0.0914
[2026-06-03 03:03:48] Epoch 18 train batch [300/1875] loss=0.0709 avg_loss=0.0915
[2026-06-03 03:03:52] Epoch 18 train batch [320/1875] loss=0.1348 avg_loss=0.0933
[2026-06-03 03:03:56] Epoch 18 train batch [340/1875] loss=0.1027 avg_loss=0.0935
[2026-06-03 03:04:01] Epoch 18 train batch [360/1875] loss=0.0665 avg_loss=0.0915
[2026-06-03 03:04:05] Epoch 18 train batch [380/1875] loss=0.2221 avg_loss=0.0914
[2026-06-03 03:04:09] Epoch 18 train batch [400/1875] loss=0.0344 avg_loss=0.0905
[2026-06-03 03:04:14] Epoch 18 train batch [420/1875] loss=0.0578 avg_loss=0.0911
[2026-06-03 03:04:18] Epoch 18 train batch [440/1875] loss=0.1372 avg_loss=0.0903
[2026-06-03 03:04:22] Epoch 18 train batch [460/1875] loss=0.0802 avg_loss=0.0907
[2026-06-03 03:04:26] Epoch 18 train batch [480/1875] loss=0.0140 avg_loss=0.0900
[2026-06-03 03:04:30] Epoch 18 train batch [500/1875] loss=0.0913 avg_loss=0.0908
[2026-06-03 03:04:35] Epoch 18 train batch [520/1875] loss=0.1082 avg_loss=0.0904
[2026-06-03 03:04:39] Epoch 18 train batch [540/1875] loss=0.1167 avg_loss=0.0911
[2026-06-03 03:04:43] Epoch 18 train batch [560/1875] loss=0.0560 avg_loss=0.0904
[2026-06-03 03:04:47] Epoch 18 train batch [580/1875] loss=0.1027 avg_loss=0.0909
[2026-06-03 03:04:51] Epoch 18 train batch [600/1875] loss=0.1160 avg_loss=0.0914
[2026-06-03 03:04:55] Epoch 18 train batch [620/1875] loss=0.2055 avg_loss=0.0921
[2026-06-03 03:05:00] Epoch 18 train batch [640/1875] loss=0.0646 avg_loss=0.0920
[2026-06-03 03:05:04] Epoch 18 train batch [660/1875] loss=0.1096 avg_loss=0.0921
[2026-06-03 03:05:08] Epoch 18 train batch [680/1875] loss=0.1018 avg_loss=0.0920
[2026-06-03 03:05:12] Epoch 18 train batch [700/1875] loss=0.0226 avg_loss=0.0920
[2026-06-03 03:05:16] Epoch 18 train batch [720/1875] loss=0.0757 avg_loss=0.0915
[2026-06-03 03:05:21] Epoch 18 train batch [740/1875] loss=0.0672 avg_loss=0.0915
[2026-06-03 03:05:25] Epoch 18 train batch [760/1875] loss=0.0208 avg_loss=0.0918
[2026-06-03 03:05:29] Epoch 18 train batch [780/1875] loss=0.1742 avg_loss=0.0927
[2026-06-03 03:05:33] Epoch 18 train batch [800/1875] loss=0.0612 avg_loss=0.0932
[2026-06-03 03:05:38] Epoch 18 train batch [820/1875] loss=0.0284 avg_loss=0.0925
[2026-06-03 03:05:42] Epoch 18 train batch [840/1875] loss=0.1777 avg_loss=0.0926
[2026-06-03 03:05:46] Epoch 18 train batch [860/1875] loss=0.0333 avg_loss=0.0924
[2026-06-03 03:05:50] Epoch 18 train batch [880/1875] loss=0.2378 avg_loss=0.0931
[2026-06-03 03:05:55] Epoch 18 train batch [900/1875] loss=0.0644 avg_loss=0.0930
[2026-06-03 03:05:59] Epoch 18 train batch [920/1875] loss=0.1258 avg_loss=0.0936
[2026-06-03 03:06:03] Epoch 18 train batch [940/1875] loss=0.0698 avg_loss=0.0933
[2026-06-03 03:06:07] Epoch 18 train batch [960/1875] loss=0.2926 avg_loss=0.0933
[2026-06-03 03:06:12] Epoch 18 train batch [980/1875] loss=0.0365 avg_loss=0.0937
[2026-06-03 03:06:16] Epoch 18 train batch [1000/1875] loss=0.0882 avg_loss=0.0934
[2026-06-03 03:06:20] Epoch 18 train batch [1020/1875] loss=0.1442 avg_loss=0.0930
[2026-06-03 03:06:24] Epoch 18 train batch [1040/1875] loss=0.3032 avg_loss=0.0927
[2026-06-03 03:06:29] Epoch 18 train batch [1060/1875] loss=0.0006 avg_loss=0.0929
[2026-06-03 03:06:33] Epoch 18 train batch [1080/1875] loss=0.0973 avg_loss=0.0935
[2026-06-03 03:06:37] Epoch 18 train batch [1100/1875] loss=0.0144 avg_loss=0.0934
[2026-06-03 03:06:41] Epoch 18 train batch [1120/1875] loss=0.0481 avg_loss=0.0933
[2026-06-03 03:06:45] Epoch 18 train batch [1140/1875] loss=0.0812 avg_loss=0.0935
[2026-06-03 03:06:50] Epoch 18 train batch [1160/1875] loss=0.1193 avg_loss=0.0936
[2026-06-03 03:06:54] Epoch 18 train batch [1180/1875] loss=0.0360 avg_loss=0.0939
[2026-06-03 03:06:58] Epoch 18 train batch [1200/1875] loss=0.0178 avg_loss=0.0939
[2026-06-03 03:07:02] Epoch 18 train batch [1220/1875] loss=0.0574 avg_loss=0.0936
[2026-06-03 03:07:06] Epoch 18 train batch [1240/1875] loss=0.1248 avg_loss=0.0941
[2026-06-03 03:07:10] Epoch 18 train batch [1260/1875] loss=0.1024 avg_loss=0.0942
[2026-06-03 03:07:15] Epoch 18 train batch [1280/1875] loss=0.0884 avg_loss=0.0943
[2026-06-03 03:07:19] Epoch 18 train batch [1300/1875] loss=0.0795 avg_loss=0.0940
[2026-06-03 03:07:23] Epoch 18 train batch [1320/1875] loss=0.0989 avg_loss=0.0938
[2026-06-03 03:07:27] Epoch 18 train batch [1340/1875] loss=0.0873 avg_loss=0.0939
[2026-06-03 03:07:32] Epoch 18 train batch [1360/1875] loss=0.1167 avg_loss=0.0941
[2026-06-03 03:07:36] Epoch 18 train batch [1380/1875] loss=0.3055 avg_loss=0.0942
[2026-06-03 03:07:40] Epoch 18 train batch [1400/1875] loss=0.0713 avg_loss=0.0945
[2026-06-03 03:07:44] Epoch 18 train batch [1420/1875] loss=0.0204 avg_loss=0.0946
[2026-06-03 03:07:49] Epoch 18 train batch [1440/1875] loss=0.0412 avg_loss=0.0944
[2026-06-03 03:07:53] Epoch 18 train batch [1460/1875] loss=0.0992 avg_loss=0.0944
[2026-06-03 03:07:57] Epoch 18 train batch [1480/1875] loss=0.0718 avg_loss=0.0947
[2026-06-03 03:08:01] Epoch 18 train batch [1500/1875] loss=0.0640 avg_loss=0.0948
[2026-06-03 03:08:05] Epoch 18 train batch [1520/1875] loss=0.0285 avg_loss=0.0949
[2026-06-03 03:08:10] Epoch 18 train batch [1540/1875] loss=0.0818 avg_loss=0.0950
[2026-06-03 03:08:14] Epoch 18 train batch [1560/1875] loss=0.1220 avg_loss=0.0951
[2026-06-03 03:08:18] Epoch 18 train batch [1580/1875] loss=0.0532 avg_loss=0.0947
[2026-06-03 03:08:22] Epoch 18 train batch [1600/1875] loss=0.1227 avg_loss=0.0953
[2026-06-03 03:08:27] Epoch 18 train batch [1620/1875] loss=0.0434 avg_loss=0.0951
[2026-06-03 03:08:31] Epoch 18 train batch [1640/1875] loss=0.0248 avg_loss=0.0951
[2026-06-03 03:08:36] Epoch 18 train batch [1660/1875] loss=0.0889 avg_loss=0.0950
[2026-06-03 03:08:40] Epoch 18 train batch [1680/1875] loss=0.0315 avg_loss=0.0950
[2026-06-03 03:08:44] Epoch 18 train batch [1700/1875] loss=0.0567 avg_loss=0.0949
[2026-06-03 03:08:48] Epoch 18 train batch [1720/1875] loss=0.0182 avg_loss=0.0948
[2026-06-03 03:08:52] Epoch 18 train batch [1740/1875] loss=0.1026 avg_loss=0.0946
[2026-06-03 03:08:57] Epoch 18 train batch [1760/1875] loss=0.1051 avg_loss=0.0949
[2026-06-03 03:09:01] Epoch 18 train batch [1780/1875] loss=0.0507 avg_loss=0.0949
[2026-06-03 03:09:05] Epoch 18 train batch [1800/1875] loss=0.1120 avg_loss=0.0949
[2026-06-03 03:09:10] Epoch 18 train batch [1820/1875] loss=0.0204 avg_loss=0.0949
[2026-06-03 03:09:13] Epoch 18 train batch [1840/1875] loss=0.0544 avg_loss=0.0948
[2026-06-03 03:09:16] Epoch 18 train batch [1860/1875] loss=0.0570 avg_loss=0.0946
[2026-06-03 03:09:19] Epoch 18 train batch [1875/1875] loss=0.0304 avg_loss=0.0946
[2026-06-03 03:09:19] Epoch 18 training completed. Computing validation loss.
[2026-06-03 03:09:58] Epoch 18 validation loss completed: 0.1808. Computing detection metrics.
[2026-06-03 03:10:38] Epoch 18 metrics computed. Saving artifacts.
[2026-06-03 03:10:39] Epoch 18 did not improve mAP@0.5 enough. Early stopping counter: 2/7.
Epoch [18/30]
├── Train Loss : 0.0946
│   ├── loss_classifier  : 0.0290
│   ├── loss_box_reg     : 0.0600
│   ├── loss_objectness  : 0.0025
│   └── loss_rpn_box_reg : 0.0031
├── Val Loss   : 0.1808
├── mAP@0.5    : 0.7953
├── mAP@0.75   : 0.5418
├── mAP@0.5:0.95 : 0.4902
├── Precision  : 0.6506
├── Recall     : 0.8466
├── GT Boxes   : 2021
├── Predictions: 2630
├── Per-class AP
│   ├── person  : AP50=0.8424, AP75=0.5094, AP50:95=0.4902, P=0.6773, R=0.8734
│   ├── car     : AP50=0.7701, AP75=0.4704, AP50:95=0.4600, P=0.6132, R=0.8233
│   ├── dog     : AP50=0.8679, AP75=0.7338, AP50:95=0.5925, P=0.7647, R=0.8835
│   ├── cat     : AP50=0.8980, AP75=0.7145, AP50:95=0.6006, P=0.8377, R=0.9091
│   └── chair   : AP50=0.5981, AP75=0.2809, AP50:95=0.3080, P=0.4541, R=0.7021
├── LR         : 0.000100
└── Time       : 472.7s
[2026-06-03 03:10:39] Epoch [18/30] completed.
[2026-06-03 03:10:39] Epoch [19/30] started.
[2026-06-03 03:10:44] Epoch 19 train batch [20/1875] loss=0.1423 avg_loss=0.0879
[2026-06-03 03:10:48] Epoch 19 train batch [40/1875] loss=0.0526 avg_loss=0.0921
[2026-06-03 03:10:52] Epoch 19 train batch [60/1875] loss=0.0338 avg_loss=0.0846
[2026-06-03 03:10:56] Epoch 19 train batch [80/1875] loss=0.1451 avg_loss=0.0906
[2026-06-03 03:11:01] Epoch 19 train batch [100/1875] loss=0.0535 avg_loss=0.0871
[2026-06-03 03:11:05] Epoch 19 train batch [120/1875] loss=0.0658 avg_loss=0.0895
[2026-06-03 03:11:09] Epoch 19 train batch [140/1875] loss=0.0550 avg_loss=0.0866
[2026-06-03 03:11:13] Epoch 19 train batch [160/1875] loss=0.2051 avg_loss=0.0892
[2026-06-03 03:11:17] Epoch 19 train batch [180/1875] loss=0.0414 avg_loss=0.0889
[2026-06-03 03:11:21] Epoch 19 train batch [200/1875] loss=0.0133 avg_loss=0.0881
[2026-06-03 03:11:25] Epoch 19 train batch [220/1875] loss=0.1922 avg_loss=0.0916
[2026-06-03 03:11:30] Epoch 19 train batch [240/1875] loss=0.1204 avg_loss=0.0908
[2026-06-03 03:11:34] Epoch 19 train batch [260/1875] loss=0.0837 avg_loss=0.0901
[2026-06-03 03:11:38] Epoch 19 train batch [280/1875] loss=0.1633 avg_loss=0.0905
[2026-06-03 03:11:42] Epoch 19 train batch [300/1875] loss=0.0089 avg_loss=0.0905
[2026-06-03 03:11:47] Epoch 19 train batch [320/1875] loss=0.0540 avg_loss=0.0911
[2026-06-03 03:11:51] Epoch 19 train batch [340/1875] loss=0.0238 avg_loss=0.0899
[2026-06-03 03:11:55] Epoch 19 train batch [360/1875] loss=0.0557 avg_loss=0.0901
[2026-06-03 03:12:00] Epoch 19 train batch [380/1875] loss=0.1271 avg_loss=0.0905
[2026-06-03 03:12:04] Epoch 19 train batch [400/1875] loss=0.0787 avg_loss=0.0909
[2026-06-03 03:12:08] Epoch 19 train batch [420/1875] loss=0.0607 avg_loss=0.0925
[2026-06-03 03:12:12] Epoch 19 train batch [440/1875] loss=0.2353 avg_loss=0.0919
[2026-06-03 03:12:16] Epoch 19 train batch [460/1875] loss=0.2509 avg_loss=0.0925
[2026-06-03 03:12:21] Epoch 19 train batch [480/1875] loss=0.0192 avg_loss=0.0913
[2026-06-03 03:12:25] Epoch 19 train batch [500/1875] loss=0.0095 avg_loss=0.0918
[2026-06-03 03:12:29] Epoch 19 train batch [520/1875] loss=0.0282 avg_loss=0.0916
[2026-06-03 03:12:33] Epoch 19 train batch [540/1875] loss=0.1356 avg_loss=0.0920
[2026-06-03 03:12:37] Epoch 19 train batch [560/1875] loss=0.0315 avg_loss=0.0926
[2026-06-03 03:12:41] Epoch 19 train batch [580/1875] loss=0.0170 avg_loss=0.0919
[2026-06-03 03:12:46] Epoch 19 train batch [600/1875] loss=0.0854 avg_loss=0.0921
[2026-06-03 03:12:50] Epoch 19 train batch [620/1875] loss=0.1076 avg_loss=0.0924
[2026-06-03 03:12:54] Epoch 19 train batch [640/1875] loss=0.0574 avg_loss=0.0930
[2026-06-03 03:12:59] Epoch 19 train batch [660/1875] loss=0.0442 avg_loss=0.0936
[2026-06-03 03:13:03] Epoch 19 train batch [680/1875] loss=0.0478 avg_loss=0.0935
[2026-06-03 03:13:07] Epoch 19 train batch [700/1875] loss=0.1206 avg_loss=0.0925
[2026-06-03 03:13:11] Epoch 19 train batch [720/1875] loss=0.1003 avg_loss=0.0922
[2026-06-03 03:13:15] Epoch 19 train batch [740/1875] loss=0.0460 avg_loss=0.0918
[2026-06-03 03:13:20] Epoch 19 train batch [760/1875] loss=0.0406 avg_loss=0.0916
[2026-06-03 03:13:24] Epoch 19 train batch [780/1875] loss=0.0017 avg_loss=0.0913
[2026-06-03 03:13:28] Epoch 19 train batch [800/1875] loss=0.1331 avg_loss=0.0905
[2026-06-03 03:13:32] Epoch 19 train batch [820/1875] loss=0.0009 avg_loss=0.0905
[2026-06-03 03:13:36] Epoch 19 train batch [840/1875] loss=0.0223 avg_loss=0.0904
[2026-06-03 03:13:40] Epoch 19 train batch [860/1875] loss=0.0653 avg_loss=0.0900
[2026-06-03 03:13:45] Epoch 19 train batch [880/1875] loss=0.0852 avg_loss=0.0903
[2026-06-03 03:13:49] Epoch 19 train batch [900/1875] loss=0.0701 avg_loss=0.0900
[2026-06-03 03:13:53] Epoch 19 train batch [920/1875] loss=0.0499 avg_loss=0.0895
[2026-06-03 03:13:58] Epoch 19 train batch [940/1875] loss=0.1820 avg_loss=0.0900
[2026-06-03 03:14:02] Epoch 19 train batch [960/1875] loss=0.1391 avg_loss=0.0902
[2026-06-03 03:14:06] Epoch 19 train batch [980/1875] loss=0.1754 avg_loss=0.0903
[2026-06-03 03:14:10] Epoch 19 train batch [1000/1875] loss=0.1708 avg_loss=0.0906
[2026-06-03 03:14:14] Epoch 19 train batch [1020/1875] loss=0.2243 avg_loss=0.0911
[2026-06-03 03:14:19] Epoch 19 train batch [1040/1875] loss=0.0951 avg_loss=0.0912
[2026-06-03 03:14:23] Epoch 19 train batch [1060/1875] loss=0.0323 avg_loss=0.0908
[2026-06-03 03:14:27] Epoch 19 train batch [1080/1875] loss=0.0460 avg_loss=0.0914
[2026-06-03 03:14:31] Epoch 19 train batch [1100/1875] loss=0.0511 avg_loss=0.0915
[2026-06-03 03:14:36] Epoch 19 train batch [1120/1875] loss=0.0900 avg_loss=0.0918
[2026-06-03 03:14:40] Epoch 19 train batch [1140/1875] loss=0.0614 avg_loss=0.0919
[2026-06-03 03:14:44] Epoch 19 train batch [1160/1875] loss=0.0770 avg_loss=0.0919
[2026-06-03 03:14:48] Epoch 19 train batch [1180/1875] loss=0.1079 avg_loss=0.0922
[2026-06-03 03:14:52] Epoch 19 train batch [1200/1875] loss=0.1030 avg_loss=0.0919
[2026-06-03 03:14:56] Epoch 19 train batch [1220/1875] loss=0.0876 avg_loss=0.0918
[2026-06-03 03:15:01] Epoch 19 train batch [1240/1875] loss=0.0433 avg_loss=0.0919
[2026-06-03 03:15:05] Epoch 19 train batch [1260/1875] loss=0.0635 avg_loss=0.0922
[2026-06-03 03:15:09] Epoch 19 train batch [1280/1875] loss=0.1234 avg_loss=0.0922
[2026-06-03 03:15:13] Epoch 19 train batch [1300/1875] loss=0.0257 avg_loss=0.0923
[2026-06-03 03:15:17] Epoch 19 train batch [1320/1875] loss=0.0507 avg_loss=0.0923
[2026-06-03 03:15:21] Epoch 19 train batch [1340/1875] loss=0.0697 avg_loss=0.0926
[2026-06-03 03:15:25] Epoch 19 train batch [1360/1875] loss=0.0622 avg_loss=0.0929
[2026-06-03 03:15:30] Epoch 19 train batch [1380/1875] loss=0.0998 avg_loss=0.0926
[2026-06-03 03:15:34] Epoch 19 train batch [1400/1875] loss=0.0020 avg_loss=0.0925
[2026-06-03 03:15:38] Epoch 19 train batch [1420/1875] loss=0.1033 avg_loss=0.0926
[2026-06-03 03:15:42] Epoch 19 train batch [1440/1875] loss=0.0113 avg_loss=0.0926
[2026-06-03 03:15:47] Epoch 19 train batch [1460/1875] loss=0.1466 avg_loss=0.0927
[2026-06-03 03:15:51] Epoch 19 train batch [1480/1875] loss=0.1820 avg_loss=0.0928
[2026-06-03 03:15:55] Epoch 19 train batch [1500/1875] loss=0.0575 avg_loss=0.0930
[2026-06-03 03:15:59] Epoch 19 train batch [1520/1875] loss=0.0913 avg_loss=0.0933
[2026-06-03 03:16:03] Epoch 19 train batch [1540/1875] loss=0.1217 avg_loss=0.0936
[2026-06-03 03:16:07] Epoch 19 train batch [1560/1875] loss=0.1032 avg_loss=0.0937
[2026-06-03 03:16:12] Epoch 19 train batch [1580/1875] loss=0.1021 avg_loss=0.0938
[2026-06-03 03:16:16] Epoch 19 train batch [1600/1875] loss=0.0195 avg_loss=0.0937
[2026-06-03 03:16:20] Epoch 19 train batch [1620/1875] loss=0.2091 avg_loss=0.0938
[2026-06-03 03:16:25] Epoch 19 train batch [1640/1875] loss=0.1533 avg_loss=0.0939
[2026-06-03 03:16:29] Epoch 19 train batch [1660/1875] loss=0.0793 avg_loss=0.0938
[2026-06-03 03:16:33] Epoch 19 train batch [1680/1875] loss=0.0702 avg_loss=0.0937
[2026-06-03 03:16:37] Epoch 19 train batch [1700/1875] loss=0.1314 avg_loss=0.0938
[2026-06-03 03:16:42] Epoch 19 train batch [1720/1875] loss=0.0704 avg_loss=0.0935
[2026-06-03 03:16:46] Epoch 19 train batch [1740/1875] loss=0.1254 avg_loss=0.0936
[2026-06-03 03:16:50] Epoch 19 train batch [1760/1875] loss=0.0716 avg_loss=0.0934
[2026-06-03 03:16:54] Epoch 19 train batch [1780/1875] loss=0.0742 avg_loss=0.0935
[2026-06-03 03:16:59] Epoch 19 train batch [1800/1875] loss=0.0720 avg_loss=0.0933
[2026-06-03 03:17:03] Epoch 19 train batch [1820/1875] loss=0.1030 avg_loss=0.0934
[2026-06-03 03:17:07] Epoch 19 train batch [1840/1875] loss=0.2124 avg_loss=0.0935
[2026-06-03 03:17:10] Epoch 19 train batch [1860/1875] loss=0.0184 avg_loss=0.0938
[2026-06-03 03:17:12] Epoch 19 train batch [1875/1875] loss=0.0801 avg_loss=0.0937
[2026-06-03 03:17:12] Epoch 19 training completed. Computing validation loss.
[2026-06-03 03:17:51] Epoch 19 validation loss completed: 0.1794. Computing detection metrics.
[2026-06-03 03:18:31] Epoch 19 metrics computed. Saving artifacts.
[2026-06-03 03:18:32] Epoch 19 did not improve mAP@0.5 enough. Early stopping counter: 3/7.
Epoch [19/30]
├── Train Loss : 0.0937
│   ├── loss_classifier  : 0.0287
│   ├── loss_box_reg     : 0.0595
│   ├── loss_objectness  : 0.0024
│   └── loss_rpn_box_reg : 0.0031
├── Val Loss   : 0.1794
├── mAP@0.5    : 0.7949
├── mAP@0.75   : 0.5315
├── mAP@0.5:0.95 : 0.4899
├── Precision  : 0.6334
├── Recall     : 0.8471
├── GT Boxes   : 2021
├── Predictions: 2703
├── Per-class AP
│   ├── person  : AP50=0.8417, AP75=0.4996, AP50:95=0.4873, P=0.6714, R=0.8734
│   ├── car     : AP50=0.7665, AP75=0.4702, AP50:95=0.4606, P=0.6042, R=0.8198
│   ├── dog     : AP50=0.8721, AP75=0.7209, AP50:95=0.5912, P=0.7349, R=0.8883
│   ├── cat     : AP50=0.8935, AP75=0.6762, AP50:95=0.5986, P=0.8325, R=0.9034
│   └── chair   : AP50=0.6010, AP75=0.2906, AP50:95=0.3116, P=0.4149, R=0.7092
├── LR         : 0.000100
└── Time       : 471.7s
[2026-06-03 03:18:32] Epoch [19/30] completed.
[2026-06-03 03:18:32] Epoch [20/30] started.
[2026-06-03 03:18:36] Epoch 20 train batch [20/1875] loss=0.0825 avg_loss=0.0917
[2026-06-03 03:18:41] Epoch 20 train batch [40/1875] loss=0.0652 avg_loss=0.0922
[2026-06-03 03:18:45] Epoch 20 train batch [60/1875] loss=0.0677 avg_loss=0.0914
[2026-06-03 03:18:49] Epoch 20 train batch [80/1875] loss=0.1080 avg_loss=0.0943
[2026-06-03 03:18:53] Epoch 20 train batch [100/1875] loss=0.0061 avg_loss=0.0945
[2026-06-03 03:18:57] Epoch 20 train batch [120/1875] loss=0.0479 avg_loss=0.0940
[2026-06-03 03:19:02] Epoch 20 train batch [140/1875] loss=0.0277 avg_loss=0.0918
[2026-06-03 03:19:06] Epoch 20 train batch [160/1875] loss=0.1455 avg_loss=0.0927
[2026-06-03 03:19:10] Epoch 20 train batch [180/1875] loss=0.1559 avg_loss=0.0945
[2026-06-03 03:19:15] Epoch 20 train batch [200/1875] loss=0.0675 avg_loss=0.0920
[2026-06-03 03:19:19] Epoch 20 train batch [220/1875] loss=0.1468 avg_loss=0.0917
[2026-06-03 03:19:23] Epoch 20 train batch [240/1875] loss=0.0218 avg_loss=0.0906
[2026-06-03 03:19:27] Epoch 20 train batch [260/1875] loss=0.0379 avg_loss=0.0894
[2026-06-03 03:19:31] Epoch 20 train batch [280/1875] loss=0.0110 avg_loss=0.0890
[2026-06-03 03:19:36] Epoch 20 train batch [300/1875] loss=0.0430 avg_loss=0.0884
[2026-06-03 03:19:40] Epoch 20 train batch [320/1875] loss=0.2578 avg_loss=0.0881
[2026-06-03 03:19:44] Epoch 20 train batch [340/1875] loss=0.2489 avg_loss=0.0881
[2026-06-03 03:19:48] Epoch 20 train batch [360/1875] loss=0.0936 avg_loss=0.0904
[2026-06-03 03:19:52] Epoch 20 train batch [380/1875] loss=0.1928 avg_loss=0.0901
[2026-06-03 03:19:56] Epoch 20 train batch [400/1875] loss=0.0686 avg_loss=0.0906
[2026-06-03 03:20:01] Epoch 20 train batch [420/1875] loss=0.0767 avg_loss=0.0899
[2026-06-03 03:20:05] Epoch 20 train batch [440/1875] loss=0.1980 avg_loss=0.0891
[2026-06-03 03:20:09] Epoch 20 train batch [460/1875] loss=0.0386 avg_loss=0.0886
[2026-06-03 03:20:13] Epoch 20 train batch [480/1875] loss=0.1841 avg_loss=0.0886
[2026-06-03 03:20:17] Epoch 20 train batch [500/1875] loss=0.0075 avg_loss=0.0888
[2026-06-03 03:20:22] Epoch 20 train batch [520/1875] loss=0.0569 avg_loss=0.0895
[2026-06-03 03:20:26] Epoch 20 train batch [540/1875] loss=0.0462 avg_loss=0.0890
[2026-06-03 03:20:30] Epoch 20 train batch [560/1875] loss=0.0665 avg_loss=0.0891
[2026-06-03 03:20:34] Epoch 20 train batch [580/1875] loss=0.0354 avg_loss=0.0890
[2026-06-03 03:20:39] Epoch 20 train batch [600/1875] loss=0.0924 avg_loss=0.0883
[2026-06-03 03:20:43] Epoch 20 train batch [620/1875] loss=0.0447 avg_loss=0.0877
[2026-06-03 03:20:47] Epoch 20 train batch [640/1875] loss=0.0593 avg_loss=0.0883
[2026-06-03 03:20:51] Epoch 20 train batch [660/1875] loss=0.0418 avg_loss=0.0878
[2026-06-03 03:20:55] Epoch 20 train batch [680/1875] loss=0.0555 avg_loss=0.0883
[2026-06-03 03:21:00] Epoch 20 train batch [700/1875] loss=0.0440 avg_loss=0.0885
[2026-06-03 03:21:04] Epoch 20 train batch [720/1875] loss=0.1928 avg_loss=0.0887
[2026-06-03 03:21:08] Epoch 20 train batch [740/1875] loss=0.1732 avg_loss=0.0895
[2026-06-03 03:21:12] Epoch 20 train batch [760/1875] loss=0.0078 avg_loss=0.0898
[2026-06-03 03:21:16] Epoch 20 train batch [780/1875] loss=0.2408 avg_loss=0.0899
[2026-06-03 03:21:20] Epoch 20 train batch [800/1875] loss=0.0166 avg_loss=0.0897
[2026-06-03 03:21:25] Epoch 20 train batch [820/1875] loss=0.2430 avg_loss=0.0896
[2026-06-03 03:21:29] Epoch 20 train batch [840/1875] loss=0.0397 avg_loss=0.0897
[2026-06-03 03:21:33] Epoch 20 train batch [860/1875] loss=0.0480 avg_loss=0.0893
[2026-06-03 03:21:37] Epoch 20 train batch [880/1875] loss=0.0695 avg_loss=0.0896
[2026-06-03 03:21:41] Epoch 20 train batch [900/1875] loss=0.0141 avg_loss=0.0893
[2026-06-03 03:21:46] Epoch 20 train batch [920/1875] loss=0.1029 avg_loss=0.0894
[2026-06-03 03:21:50] Epoch 20 train batch [940/1875] loss=0.0629 avg_loss=0.0894
[2026-06-03 03:21:54] Epoch 20 train batch [960/1875] loss=0.0979 avg_loss=0.0901
[2026-06-03 03:21:58] Epoch 20 train batch [980/1875] loss=0.0764 avg_loss=0.0900
[2026-06-03 03:22:02] Epoch 20 train batch [1000/1875] loss=0.0095 avg_loss=0.0899
[2026-06-03 03:22:07] Epoch 20 train batch [1020/1875] loss=0.1451 avg_loss=0.0902
[2026-06-03 03:22:11] Epoch 20 train batch [1040/1875] loss=0.0334 avg_loss=0.0901
[2026-06-03 03:22:15] Epoch 20 train batch [1060/1875] loss=0.1273 avg_loss=0.0902
[2026-06-03 03:22:19] Epoch 20 train batch [1080/1875] loss=0.0422 avg_loss=0.0900
[2026-06-03 03:22:24] Epoch 20 train batch [1100/1875] loss=0.0927 avg_loss=0.0900
[2026-06-03 03:22:28] Epoch 20 train batch [1120/1875] loss=0.0973 avg_loss=0.0898
[2026-06-03 03:22:32] Epoch 20 train batch [1140/1875] loss=0.0596 avg_loss=0.0897
[2026-06-03 03:22:36] Epoch 20 train batch [1160/1875] loss=0.1530 avg_loss=0.0901
[2026-06-03 03:22:41] Epoch 20 train batch [1180/1875] loss=0.1456 avg_loss=0.0903
[2026-06-03 03:22:45] Epoch 20 train batch [1200/1875] loss=0.0723 avg_loss=0.0905
[2026-06-03 03:22:49] Epoch 20 train batch [1220/1875] loss=0.0089 avg_loss=0.0907
[2026-06-03 03:22:53] Epoch 20 train batch [1240/1875] loss=0.0411 avg_loss=0.0904
[2026-06-03 03:22:57] Epoch 20 train batch [1260/1875] loss=0.1757 avg_loss=0.0907
[2026-06-03 03:23:01] Epoch 20 train batch [1280/1875] loss=0.0826 avg_loss=0.0911
[2026-06-03 03:23:05] Epoch 20 train batch [1300/1875] loss=0.0931 avg_loss=0.0915
[2026-06-03 03:23:10] Epoch 20 train batch [1320/1875] loss=0.0507 avg_loss=0.0914
[2026-06-03 03:23:14] Epoch 20 train batch [1340/1875] loss=0.2202 avg_loss=0.0914
[2026-06-03 03:23:18] Epoch 20 train batch [1360/1875] loss=0.1792 avg_loss=0.0913
[2026-06-03 03:23:22] Epoch 20 train batch [1380/1875] loss=0.1983 avg_loss=0.0910
[2026-06-03 03:23:27] Epoch 20 train batch [1400/1875] loss=0.0880 avg_loss=0.0909
[2026-06-03 03:23:31] Epoch 20 train batch [1420/1875] loss=0.0206 avg_loss=0.0907
[2026-06-03 03:23:35] Epoch 20 train batch [1440/1875] loss=0.1784 avg_loss=0.0909
[2026-06-03 03:23:39] Epoch 20 train batch [1460/1875] loss=0.0145 avg_loss=0.0910
[2026-06-03 03:23:43] Epoch 20 train batch [1480/1875] loss=0.0620 avg_loss=0.0911
[2026-06-03 03:23:48] Epoch 20 train batch [1500/1875] loss=0.1785 avg_loss=0.0916
[2026-06-03 03:23:52] Epoch 20 train batch [1520/1875] loss=0.0548 avg_loss=0.0920
[2026-06-03 03:23:56] Epoch 20 train batch [1540/1875] loss=0.2532 avg_loss=0.0923
[2026-06-03 03:24:00] Epoch 20 train batch [1560/1875] loss=0.1119 avg_loss=0.0923
[2026-06-03 03:24:04] Epoch 20 train batch [1580/1875] loss=0.0833 avg_loss=0.0924
[2026-06-03 03:24:09] Epoch 20 train batch [1600/1875] loss=0.0847 avg_loss=0.0928
[2026-06-03 03:24:13] Epoch 20 train batch [1620/1875] loss=0.1607 avg_loss=0.0927
[2026-06-03 03:24:17] Epoch 20 train batch [1640/1875] loss=0.1915 avg_loss=0.0929
[2026-06-03 03:24:22] Epoch 20 train batch [1660/1875] loss=0.1767 avg_loss=0.0931
[2026-06-03 03:24:26] Epoch 20 train batch [1680/1875] loss=0.1560 avg_loss=0.0932
[2026-06-03 03:24:30] Epoch 20 train batch [1700/1875] loss=0.0326 avg_loss=0.0933
[2026-06-03 03:24:34] Epoch 20 train batch [1720/1875] loss=0.0000 avg_loss=0.0931
[2026-06-03 03:24:38] Epoch 20 train batch [1740/1875] loss=0.1983 avg_loss=0.0932
[2026-06-03 03:24:43] Epoch 20 train batch [1760/1875] loss=0.0385 avg_loss=0.0931
[2026-06-03 03:24:47] Epoch 20 train batch [1780/1875] loss=0.1320 avg_loss=0.0930
[2026-06-03 03:24:51] Epoch 20 train batch [1800/1875] loss=0.1034 avg_loss=0.0930
[2026-06-03 03:24:55] Epoch 20 train batch [1820/1875] loss=0.0205 avg_loss=0.0930
[2026-06-03 03:24:59] Epoch 20 train batch [1840/1875] loss=0.0679 avg_loss=0.0928
[2026-06-03 03:25:02] Epoch 20 train batch [1860/1875] loss=0.0539 avg_loss=0.0925
[2026-06-03 03:25:05] Epoch 20 train batch [1875/1875] loss=0.0850 avg_loss=0.0924
[2026-06-03 03:25:05] Epoch 20 training completed. Computing validation loss.
[2026-06-03 03:25:43] Epoch 20 validation loss completed: 0.1805. Computing detection metrics.
[2026-06-03 03:26:23] Epoch 20 metrics computed. Saving artifacts.
[2026-06-03 03:26:24] Epoch 20 did not improve mAP@0.5 enough. Early stopping counter: 4/7.
Epoch [20/30]
├── Train Loss : 0.0924
│   ├── loss_classifier  : 0.0284
│   ├── loss_box_reg     : 0.0586
│   ├── loss_objectness  : 0.0024
│   └── loss_rpn_box_reg : 0.0031
├── Val Loss   : 0.1805
├── mAP@0.5    : 0.7939
├── mAP@0.75   : 0.5390
├── mAP@0.5:0.95 : 0.4903
├── Precision  : 0.6570
├── Recall     : 0.8436
├── GT Boxes   : 2021
├── Predictions: 2595
├── Per-class AP
│   ├── person  : AP50=0.8414, AP75=0.5147, AP50:95=0.4901, P=0.6939, R=0.8696
│   ├── car     : AP50=0.7687, AP75=0.4890, AP50:95=0.4643, P=0.6015, R=0.8269
│   ├── dog     : AP50=0.8694, AP75=0.7272, AP50:95=0.5951, P=0.7583, R=0.8835
│   ├── cat     : AP50=0.8905, AP75=0.6881, AP50:95=0.5962, P=0.8503, R=0.9034
│   └── chair   : AP50=0.5993, AP75=0.2758, AP50:95=0.3058, P=0.4527, R=0.6950
├── LR         : 0.000100
└── Time       : 471.6s
[2026-06-03 03:26:24] Epoch [20/30] completed.
[2026-06-03 03:26:24] Epoch [21/30] started.
[2026-06-03 03:26:29] Epoch 21 train batch [20/1875] loss=0.0633 avg_loss=0.0933
[2026-06-03 03:26:33] Epoch 21 train batch [40/1875] loss=0.0411 avg_loss=0.0891
[2026-06-03 03:26:37] Epoch 21 train batch [60/1875] loss=0.0306 avg_loss=0.0851
[2026-06-03 03:26:41] Epoch 21 train batch [80/1875] loss=0.2498 avg_loss=0.0954
[2026-06-03 03:26:45] Epoch 21 train batch [100/1875] loss=0.2158 avg_loss=0.0948
[2026-06-03 03:26:50] Epoch 21 train batch [120/1875] loss=0.1062 avg_loss=0.0919
[2026-06-03 03:26:54] Epoch 21 train batch [140/1875] loss=0.0320 avg_loss=0.0893
[2026-06-03 03:26:58] Epoch 21 train batch [160/1875] loss=0.0568 avg_loss=0.0894
[2026-06-03 03:27:02] Epoch 21 train batch [180/1875] loss=0.0798 avg_loss=0.0905
[2026-06-03 03:27:06] Epoch 21 train batch [200/1875] loss=0.0876 avg_loss=0.0900
[2026-06-03 03:27:10] Epoch 21 train batch [220/1875] loss=0.1142 avg_loss=0.0895
[2026-06-03 03:27:15] Epoch 21 train batch [240/1875] loss=0.1171 avg_loss=0.0888
[2026-06-03 03:27:19] Epoch 21 train batch [260/1875] loss=0.0391 avg_loss=0.0891
[2026-06-03 03:27:23] Epoch 21 train batch [280/1875] loss=0.0094 avg_loss=0.0874
[2026-06-03 03:27:27] Epoch 21 train batch [300/1875] loss=0.2533 avg_loss=0.0877
[2026-06-03 03:27:32] Epoch 21 train batch [320/1875] loss=0.0665 avg_loss=0.0874
[2026-06-03 03:27:36] Epoch 21 train batch [340/1875] loss=0.0771 avg_loss=0.0874
[2026-06-03 03:27:40] Epoch 21 train batch [360/1875] loss=0.0451 avg_loss=0.0875
[2026-06-03 03:27:44] Epoch 21 train batch [380/1875] loss=0.0705 avg_loss=0.0887
[2026-06-03 03:27:48] Epoch 21 train batch [400/1875] loss=0.1101 avg_loss=0.0890
[2026-06-03 03:27:53] Epoch 21 train batch [420/1875] loss=0.0398 avg_loss=0.0880
[2026-06-03 03:27:57] Epoch 21 train batch [440/1875] loss=0.1002 avg_loss=0.0874
[2026-06-03 03:28:01] Epoch 21 train batch [460/1875] loss=0.1346 avg_loss=0.0879
[2026-06-03 03:28:05] Epoch 21 train batch [480/1875] loss=0.2224 avg_loss=0.0886
[2026-06-03 03:28:09] Epoch 21 train batch [500/1875] loss=0.0225 avg_loss=0.0889
[2026-06-03 03:28:13] Epoch 21 train batch [520/1875] loss=0.0580 avg_loss=0.0890
[2026-06-03 03:28:18] Epoch 21 train batch [540/1875] loss=0.1045 avg_loss=0.0894
[2026-06-03 03:28:22] Epoch 21 train batch [560/1875] loss=0.0789 avg_loss=0.0893
[2026-06-03 03:28:26] Epoch 21 train batch [580/1875] loss=0.1440 avg_loss=0.0899
[2026-06-03 03:28:30] Epoch 21 train batch [600/1875] loss=0.0629 avg_loss=0.0898
[2026-06-03 03:28:35] Epoch 21 train batch [620/1875] loss=0.2829 avg_loss=0.0902
[2026-06-03 03:28:39] Epoch 21 train batch [640/1875] loss=0.1177 avg_loss=0.0908
[2026-06-03 03:28:43] Epoch 21 train batch [660/1875] loss=0.0344 avg_loss=0.0906
[2026-06-03 03:28:48] Epoch 21 train batch [680/1875] loss=0.1656 avg_loss=0.0902
[2026-06-03 03:28:52] Epoch 21 train batch [700/1875] loss=0.1576 avg_loss=0.0904
[2026-06-03 03:28:56] Epoch 21 train batch [720/1875] loss=0.0775 avg_loss=0.0898
[2026-06-03 03:29:00] Epoch 21 train batch [740/1875] loss=0.0434 avg_loss=0.0899
[2026-06-03 03:29:04] Epoch 21 train batch [760/1875] loss=0.1872 avg_loss=0.0907
[2026-06-03 03:29:08] Epoch 21 train batch [780/1875] loss=0.0419 avg_loss=0.0906
[2026-06-03 03:29:13] Epoch 21 train batch [800/1875] loss=0.0649 avg_loss=0.0910
[2026-06-03 03:29:17] Epoch 21 train batch [820/1875] loss=0.0402 avg_loss=0.0904
[2026-06-03 03:29:21] Epoch 21 train batch [840/1875] loss=0.0571 avg_loss=0.0903
[2026-06-03 03:29:26] Epoch 21 train batch [860/1875] loss=0.0610 avg_loss=0.0898
[2026-06-03 03:29:30] Epoch 21 train batch [880/1875] loss=0.0440 avg_loss=0.0900
[2026-06-03 03:29:34] Epoch 21 train batch [900/1875] loss=0.1524 avg_loss=0.0898
[2026-06-03 03:29:38] Epoch 21 train batch [920/1875] loss=0.1052 avg_loss=0.0902
[2026-06-03 03:29:42] Epoch 21 train batch [940/1875] loss=0.1344 avg_loss=0.0904
[2026-06-03 03:29:47] Epoch 21 train batch [960/1875] loss=0.0395 avg_loss=0.0899
[2026-06-03 03:29:51] Epoch 21 train batch [980/1875] loss=0.0393 avg_loss=0.0899
[2026-06-03 03:29:55] Epoch 21 train batch [1000/1875] loss=0.0489 avg_loss=0.0899
[2026-06-03 03:30:00] Epoch 21 train batch [1020/1875] loss=0.1276 avg_loss=0.0900
[2026-06-03 03:30:04] Epoch 21 train batch [1040/1875] loss=0.0915 avg_loss=0.0902
[2026-06-03 03:30:08] Epoch 21 train batch [1060/1875] loss=0.0373 avg_loss=0.0904
[2026-06-03 03:30:12] Epoch 21 train batch [1080/1875] loss=0.0736 avg_loss=0.0905
[2026-06-03 03:30:16] Epoch 21 train batch [1100/1875] loss=0.0739 avg_loss=0.0907
[2026-06-03 03:30:21] Epoch 21 train batch [1120/1875] loss=0.1801 avg_loss=0.0909
[2026-06-03 03:30:25] Epoch 21 train batch [1140/1875] loss=0.0177 avg_loss=0.0911
[2026-06-03 03:30:29] Epoch 21 train batch [1160/1875] loss=0.2576 avg_loss=0.0910
[2026-06-03 03:30:33] Epoch 21 train batch [1180/1875] loss=0.0226 avg_loss=0.0911
[2026-06-03 03:30:37] Epoch 21 train batch [1200/1875] loss=0.0884 avg_loss=0.0911
[2026-06-03 03:30:42] Epoch 21 train batch [1220/1875] loss=0.0538 avg_loss=0.0908
[2026-06-03 03:30:46] Epoch 21 train batch [1240/1875] loss=0.0756 avg_loss=0.0906
[2026-06-03 03:30:50] Epoch 21 train batch [1260/1875] loss=0.1241 avg_loss=0.0906
[2026-06-03 03:30:54] Epoch 21 train batch [1280/1875] loss=0.1036 avg_loss=0.0906
[2026-06-03 03:30:58] Epoch 21 train batch [1300/1875] loss=0.0086 avg_loss=0.0906
[2026-06-03 03:31:02] Epoch 21 train batch [1320/1875] loss=0.1189 avg_loss=0.0907
[2026-06-03 03:31:07] Epoch 21 train batch [1340/1875] loss=0.0162 avg_loss=0.0902
[2026-06-03 03:31:11] Epoch 21 train batch [1360/1875] loss=0.1194 avg_loss=0.0903
[2026-06-03 03:31:15] Epoch 21 train batch [1380/1875] loss=0.1042 avg_loss=0.0903
[2026-06-03 03:31:19] Epoch 21 train batch [1400/1875] loss=0.1721 avg_loss=0.0903
[2026-06-03 03:31:24] Epoch 21 train batch [1420/1875] loss=0.0887 avg_loss=0.0902
[2026-06-03 03:31:28] Epoch 21 train batch [1440/1875] loss=0.0908 avg_loss=0.0900
[2026-06-03 03:31:32] Epoch 21 train batch [1460/1875] loss=0.0493 avg_loss=0.0900
[2026-06-03 03:31:36] Epoch 21 train batch [1480/1875] loss=0.0799 avg_loss=0.0900
[2026-06-03 03:31:41] Epoch 21 train batch [1500/1875] loss=0.1332 avg_loss=0.0899
[2026-06-03 03:31:45] Epoch 21 train batch [1520/1875] loss=0.0752 avg_loss=0.0899
[2026-06-03 03:31:49] Epoch 21 train batch [1540/1875] loss=0.0573 avg_loss=0.0902
[2026-06-03 03:31:53] Epoch 21 train batch [1560/1875] loss=0.0183 avg_loss=0.0903
[2026-06-03 03:31:57] Epoch 21 train batch [1580/1875] loss=0.5226 avg_loss=0.0904
[2026-06-03 03:32:01] Epoch 21 train batch [1600/1875] loss=0.0549 avg_loss=0.0905
[2026-06-03 03:32:05] Epoch 21 train batch [1620/1875] loss=0.0368 avg_loss=0.0906
[2026-06-03 03:32:10] Epoch 21 train batch [1640/1875] loss=0.1128 avg_loss=0.0904
[2026-06-03 03:32:14] Epoch 21 train batch [1660/1875] loss=0.0872 avg_loss=0.0904
[2026-06-03 03:32:18] Epoch 21 train batch [1680/1875] loss=0.0505 avg_loss=0.0904
[2026-06-03 03:32:22] Epoch 21 train batch [1700/1875] loss=0.0282 avg_loss=0.0904
[2026-06-03 03:32:26] Epoch 21 train batch [1720/1875] loss=0.0911 avg_loss=0.0904
[2026-06-03 03:32:31] Epoch 21 train batch [1740/1875] loss=0.1137 avg_loss=0.0907
[2026-06-03 03:32:35] Epoch 21 train batch [1760/1875] loss=0.1174 avg_loss=0.0908
[2026-06-03 03:32:39] Epoch 21 train batch [1780/1875] loss=0.2215 avg_loss=0.0909
[2026-06-03 03:32:44] Epoch 21 train batch [1800/1875] loss=0.0632 avg_loss=0.0911
[2026-06-03 03:32:48] Epoch 21 train batch [1820/1875] loss=0.0533 avg_loss=0.0911
[2026-06-03 03:32:52] Epoch 21 train batch [1840/1875] loss=0.1919 avg_loss=0.0912
[2026-06-03 03:32:55] Epoch 21 train batch [1860/1875] loss=0.0905 avg_loss=0.0912
[2026-06-03 03:32:58] Epoch 21 train batch [1875/1875] loss=0.0911 avg_loss=0.0916
[2026-06-03 03:32:58] Epoch 21 training completed. Computing validation loss.
[2026-06-03 03:33:37] Epoch 21 validation loss completed: 0.1806. Computing detection metrics.
[2026-06-03 03:34:17] Epoch 21 metrics computed. Saving artifacts.
[2026-06-03 03:34:18] Epoch 21 did not improve mAP@0.5 enough. Early stopping counter: 5/7.
Epoch [21/30]
├── Train Loss : 0.0916
│   ├── loss_classifier  : 0.0282
│   ├── loss_box_reg     : 0.0580
│   ├── loss_objectness  : 0.0023
│   └── loss_rpn_box_reg : 0.0031
├── Val Loss   : 0.1806
├── mAP@0.5    : 0.7975
├── mAP@0.75   : 0.5416
├── mAP@0.5:0.95 : 0.4940
├── Precision  : 0.6450
├── Recall     : 0.8506
├── GT Boxes   : 2021
├── Predictions: 2665
├── Per-class AP
│   ├── person  : AP50=0.8445, AP75=0.5025, AP50:95=0.4917, P=0.6787, R=0.8771
│   ├── car     : AP50=0.7558, AP75=0.4791, AP50:95=0.4622, P=0.6096, R=0.8057
│   ├── dog     : AP50=0.8678, AP75=0.7318, AP50:95=0.5930, P=0.7615, R=0.8835
│   ├── cat     : AP50=0.9096, AP75=0.7159, AP50:95=0.6098, P=0.8438, R=0.9205
│   └── chair   : AP50=0.6099, AP75=0.2788, AP50:95=0.3136, P=0.4343, R=0.7270
├── LR         : 0.000100
└── Time       : 472.5s
[2026-06-03 03:34:18] Epoch [21/30] completed.
[2026-06-03 03:34:18] Epoch [22/30] started.
[2026-06-03 03:34:22] Epoch 22 train batch [20/1875] loss=0.2571 avg_loss=0.1005
[2026-06-03 03:34:26] Epoch 22 train batch [40/1875] loss=0.1559 avg_loss=0.0968
[2026-06-03 03:34:30] Epoch 22 train batch [60/1875] loss=0.0946 avg_loss=0.0936
[2026-06-03 03:34:35] Epoch 22 train batch [80/1875] loss=0.0129 avg_loss=0.0865
[2026-06-03 03:34:39] Epoch 22 train batch [100/1875] loss=0.0924 avg_loss=0.0921
[2026-06-03 03:34:43] Epoch 22 train batch [120/1875] loss=0.0146 avg_loss=0.0942
[2026-06-03 03:34:47] Epoch 22 train batch [140/1875] loss=0.0571 avg_loss=0.0946
[2026-06-03 03:34:52] Epoch 22 train batch [160/1875] loss=0.1189 avg_loss=0.0904
[2026-06-03 03:34:56] Epoch 22 train batch [180/1875] loss=0.1323 avg_loss=0.0917
[2026-06-03 03:35:00] Epoch 22 train batch [200/1875] loss=0.0681 avg_loss=0.0923
[2026-06-03 03:35:04] Epoch 22 train batch [220/1875] loss=0.0486 avg_loss=0.0914
[2026-06-03 03:35:08] Epoch 22 train batch [240/1875] loss=0.0866 avg_loss=0.0909
[2026-06-03 03:35:13] Epoch 22 train batch [260/1875] loss=0.2089 avg_loss=0.0908
[2026-06-03 03:35:17] Epoch 22 train batch [280/1875] loss=0.1558 avg_loss=0.0897
[2026-06-03 03:35:21] Epoch 22 train batch [300/1875] loss=0.0849 avg_loss=0.0910
[2026-06-03 03:35:25] Epoch 22 train batch [320/1875] loss=0.0946 avg_loss=0.0913
[2026-06-03 03:35:29] Epoch 22 train batch [340/1875] loss=0.0551 avg_loss=0.0908
[2026-06-03 03:35:34] Epoch 22 train batch [360/1875] loss=0.0996 avg_loss=0.0904
[2026-06-03 03:35:38] Epoch 22 train batch [380/1875] loss=0.0107 avg_loss=0.0901
[2026-06-03 03:35:42] Epoch 22 train batch [400/1875] loss=0.0857 avg_loss=0.0897
[2026-06-03 03:35:46] Epoch 22 train batch [420/1875] loss=0.1300 avg_loss=0.0903
[2026-06-03 03:35:51] Epoch 22 train batch [440/1875] loss=0.0243 avg_loss=0.0907
[2026-06-03 03:35:55] Epoch 22 train batch [460/1875] loss=0.0705 avg_loss=0.0904
[2026-06-03 03:35:59] Epoch 22 train batch [480/1875] loss=0.2137 avg_loss=0.0904
[2026-06-03 03:36:03] Epoch 22 train batch [500/1875] loss=0.1702 avg_loss=0.0901
[2026-06-03 03:36:07] Epoch 22 train batch [520/1875] loss=0.0678 avg_loss=0.0906
[2026-06-03 03:36:11] Epoch 22 train batch [540/1875] loss=0.2048 avg_loss=0.0903
[2026-06-03 03:36:15] Epoch 22 train batch [560/1875] loss=0.0387 avg_loss=0.0908
[2026-06-03 03:36:19] Epoch 22 train batch [580/1875] loss=0.0569 avg_loss=0.0900
[2026-06-03 03:36:24] Epoch 22 train batch [600/1875] loss=0.1489 avg_loss=0.0902
[2026-06-03 03:36:28] Epoch 22 train batch [620/1875] loss=0.0820 avg_loss=0.0904
[2026-06-03 03:36:32] Epoch 22 train batch [640/1875] loss=0.1172 avg_loss=0.0910
[2026-06-03 03:36:36] Epoch 22 train batch [660/1875] loss=0.1480 avg_loss=0.0911
[2026-06-03 03:36:40] Epoch 22 train batch [680/1875] loss=0.1167 avg_loss=0.0914
[2026-06-03 03:36:45] Epoch 22 train batch [700/1875] loss=0.0427 avg_loss=0.0912
[2026-06-03 03:36:49] Epoch 22 train batch [720/1875] loss=0.0921 avg_loss=0.0911
[2026-06-03 03:36:53] Epoch 22 train batch [740/1875] loss=0.2311 avg_loss=0.0907
[2026-06-03 03:36:57] Epoch 22 train batch [760/1875] loss=0.0831 avg_loss=0.0905
[2026-06-03 03:37:02] Epoch 22 train batch [780/1875] loss=0.1111 avg_loss=0.0902
[2026-06-03 03:37:06] Epoch 22 train batch [800/1875] loss=0.0613 avg_loss=0.0903
[2026-06-03 03:37:10] Epoch 22 train batch [820/1875] loss=0.1515 avg_loss=0.0906
[2026-06-03 03:37:14] Epoch 22 train batch [840/1875] loss=0.1373 avg_loss=0.0907
[2026-06-03 03:37:18] Epoch 22 train batch [860/1875] loss=0.1422 avg_loss=0.0907
[2026-06-03 03:37:23] Epoch 22 train batch [880/1875] loss=0.0980 avg_loss=0.0907
[2026-06-03 03:37:27] Epoch 22 train batch [900/1875] loss=0.3211 avg_loss=0.0906
[2026-06-03 03:37:31] Epoch 22 train batch [920/1875] loss=0.0643 avg_loss=0.0904
[2026-06-03 03:37:35] Epoch 22 train batch [940/1875] loss=0.0438 avg_loss=0.0905
[2026-06-03 03:37:39] Epoch 22 train batch [960/1875] loss=0.0943 avg_loss=0.0903
[2026-06-03 03:37:44] Epoch 22 train batch [980/1875] loss=0.1311 avg_loss=0.0900
[2026-06-03 03:37:48] Epoch 22 train batch [1000/1875] loss=0.0434 avg_loss=0.0896
[2026-06-03 03:37:52] Epoch 22 train batch [1020/1875] loss=0.0941 avg_loss=0.0897
[2026-06-03 03:37:56] Epoch 22 train batch [1040/1875] loss=0.2038 avg_loss=0.0896
[2026-06-03 03:38:01] Epoch 22 train batch [1060/1875] loss=0.0764 avg_loss=0.0893
[2026-06-03 03:38:05] Epoch 22 train batch [1080/1875] loss=0.0594 avg_loss=0.0895
[2026-06-03 03:38:09] Epoch 22 train batch [1100/1875] loss=0.1092 avg_loss=0.0893
[2026-06-03 03:38:13] Epoch 22 train batch [1120/1875] loss=0.1817 avg_loss=0.0892
[2026-06-03 03:38:17] Epoch 22 train batch [1140/1875] loss=0.0261 avg_loss=0.0895
[2026-06-03 03:38:21] Epoch 22 train batch [1160/1875] loss=0.0447 avg_loss=0.0893
[2026-06-03 03:38:26] Epoch 22 train batch [1180/1875] loss=0.1332 avg_loss=0.0891
[2026-06-03 03:38:30] Epoch 22 train batch [1200/1875] loss=0.1611 avg_loss=0.0892
[2026-06-03 03:38:34] Epoch 22 train batch [1220/1875] loss=0.1735 avg_loss=0.0892
[2026-06-03 03:38:39] Epoch 22 train batch [1240/1875] loss=0.2452 avg_loss=0.0894
[2026-06-03 03:38:43] Epoch 22 train batch [1260/1875] loss=0.0766 avg_loss=0.0896
[2026-06-03 03:38:47] Epoch 22 train batch [1280/1875] loss=0.3485 avg_loss=0.0900
[2026-06-03 03:38:51] Epoch 22 train batch [1300/1875] loss=0.0085 avg_loss=0.0899
[2026-06-03 03:38:55] Epoch 22 train batch [1320/1875] loss=0.0648 avg_loss=0.0905
[2026-06-03 03:39:00] Epoch 22 train batch [1340/1875] loss=0.0409 avg_loss=0.0906
[2026-06-03 03:39:04] Epoch 22 train batch [1360/1875] loss=0.0430 avg_loss=0.0910
[2026-06-03 03:39:08] Epoch 22 train batch [1380/1875] loss=0.0516 avg_loss=0.0909
[2026-06-03 03:39:12] Epoch 22 train batch [1400/1875] loss=0.0615 avg_loss=0.0906
[2026-06-03 03:39:16] Epoch 22 train batch [1420/1875] loss=0.0805 avg_loss=0.0908
[2026-06-03 03:39:21] Epoch 22 train batch [1440/1875] loss=0.0174 avg_loss=0.0908
[2026-06-03 03:39:25] Epoch 22 train batch [1460/1875] loss=0.0298 avg_loss=0.0909
[2026-06-03 03:39:29] Epoch 22 train batch [1480/1875] loss=0.0233 avg_loss=0.0909
[2026-06-03 03:39:34] Epoch 22 train batch [1500/1875] loss=0.1571 avg_loss=0.0905
[2026-06-03 03:39:38] Epoch 22 train batch [1520/1875] loss=0.0557 avg_loss=0.0904
[2026-06-03 03:39:42] Epoch 22 train batch [1540/1875] loss=0.0799 avg_loss=0.0908
[2026-06-03 03:39:46] Epoch 22 train batch [1560/1875] loss=0.0967 avg_loss=0.0907
[2026-06-03 03:39:50] Epoch 22 train batch [1580/1875] loss=0.0963 avg_loss=0.0910
[2026-06-03 03:39:55] Epoch 22 train batch [1600/1875] loss=0.0481 avg_loss=0.0911
[2026-06-03 03:39:59] Epoch 22 train batch [1620/1875] loss=0.0067 avg_loss=0.0913
[2026-06-03 03:40:03] Epoch 22 train batch [1640/1875] loss=0.0443 avg_loss=0.0913
[2026-06-03 03:40:07] Epoch 22 train batch [1660/1875] loss=0.0863 avg_loss=0.0911
[2026-06-03 03:40:11] Epoch 22 train batch [1680/1875] loss=0.0450 avg_loss=0.0910
[2026-06-03 03:40:15] Epoch 22 train batch [1700/1875] loss=0.0862 avg_loss=0.0908
[2026-06-03 03:40:20] Epoch 22 train batch [1720/1875] loss=0.0507 avg_loss=0.0907
[2026-06-03 03:40:24] Epoch 22 train batch [1740/1875] loss=0.1265 avg_loss=0.0907
[2026-06-03 03:40:28] Epoch 22 train batch [1760/1875] loss=0.0865 avg_loss=0.0908
[2026-06-03 03:40:33] Epoch 22 train batch [1780/1875] loss=0.0593 avg_loss=0.0907
[2026-06-03 03:40:37] Epoch 22 train batch [1800/1875] loss=0.0320 avg_loss=0.0905
[2026-06-03 03:40:41] Epoch 22 train batch [1820/1875] loss=0.0285 avg_loss=0.0905
[2026-06-03 03:40:45] Epoch 22 train batch [1840/1875] loss=0.1010 avg_loss=0.0906
[2026-06-03 03:40:48] Epoch 22 train batch [1860/1875] loss=0.0525 avg_loss=0.0906
[2026-06-03 03:40:51] Epoch 22 train batch [1875/1875] loss=0.1898 avg_loss=0.0906
[2026-06-03 03:40:51] Epoch 22 training completed. Computing validation loss.
[2026-06-03 03:41:29] Epoch 22 validation loss completed: 0.1814. Computing detection metrics.
[2026-06-03 03:42:06] Epoch 22 metrics computed. Saving artifacts.
[2026-06-03 03:42:08] Epoch 22 did not improve mAP@0.5 enough. Early stopping counter: 6/7.
Epoch [22/30]
├── Train Loss : 0.0906
│   ├── loss_classifier  : 0.0280
│   ├── loss_box_reg     : 0.0573
│   ├── loss_objectness  : 0.0023
│   └── loss_rpn_box_reg : 0.0031
├── Val Loss   : 0.1814
├── mAP@0.5    : 0.7919
├── mAP@0.75   : 0.5327
├── mAP@0.5:0.95 : 0.4892
├── Precision  : 0.6491
├── Recall     : 0.8456
├── GT Boxes   : 2021
├── Predictions: 2633
├── Per-class AP
│   ├── person  : AP50=0.8411, AP75=0.5003, AP50:95=0.4873, P=0.6996, R=0.8715
│   ├── car     : AP50=0.7606, AP75=0.4836, AP50:95=0.4585, P=0.5918, R=0.8198
│   ├── dog     : AP50=0.8722, AP75=0.7279, AP50:95=0.5884, P=0.7593, R=0.8883
│   ├── cat     : AP50=0.8888, AP75=0.6991, AP50:95=0.6111, P=0.8187, R=0.8977
│   └── chair   : AP50=0.5968, AP75=0.2527, AP50:95=0.3005, P=0.4264, R=0.7092
├── LR         : 0.000100
└── Time       : 468.3s
[2026-06-03 03:42:08] Epoch [22/30] completed.
[2026-06-03 03:42:08] Epoch [23/30] started.
[2026-06-03 03:42:10] Epoch 23 train batch [20/1875] loss=0.0484 avg_loss=0.0990
[2026-06-03 03:42:12] Epoch 23 train batch [40/1875] loss=0.0241 avg_loss=0.0931
[2026-06-03 03:42:14] Epoch 23 train batch [60/1875] loss=0.1908 avg_loss=0.0905
[2026-06-03 03:42:17] Epoch 23 train batch [80/1875] loss=0.0947 avg_loss=0.0938
[2026-06-03 03:42:19] Epoch 23 train batch [100/1875] loss=0.0830 avg_loss=0.0922
[2026-06-03 03:42:21] Epoch 23 train batch [120/1875] loss=0.0426 avg_loss=0.0871
[2026-06-03 03:42:23] Epoch 23 train batch [140/1875] loss=0.0771 avg_loss=0.0873
[2026-06-03 03:42:25] Epoch 23 train batch [160/1875] loss=0.1325 avg_loss=0.0893
[2026-06-03 03:42:28] Epoch 23 train batch [180/1875] loss=0.0563 avg_loss=0.0884
[2026-06-03 03:42:30] Epoch 23 train batch [200/1875] loss=0.0619 avg_loss=0.0882
[2026-06-03 03:42:32] Epoch 23 train batch [220/1875] loss=0.1717 avg_loss=0.0878
[2026-06-03 03:42:34] Epoch 23 train batch [240/1875] loss=0.2122 avg_loss=0.0881
[2026-06-03 03:42:38] Epoch 23 train batch [260/1875] loss=0.4205 avg_loss=0.0886
[2026-06-03 03:42:42] Epoch 23 train batch [280/1875] loss=0.1214 avg_loss=0.0888
[2026-06-03 03:42:47] Epoch 23 train batch [300/1875] loss=0.0214 avg_loss=0.0892
[2026-06-03 03:42:51] Epoch 23 train batch [320/1875] loss=0.0880 avg_loss=0.0891
[2026-06-03 03:42:55] Epoch 23 train batch [340/1875] loss=0.0553 avg_loss=0.0895
[2026-06-03 03:42:59] Epoch 23 train batch [360/1875] loss=0.2820 avg_loss=0.0899
[2026-06-03 03:43:04] Epoch 23 train batch [380/1875] loss=0.0942 avg_loss=0.0902
[2026-06-03 03:43:08] Epoch 23 train batch [400/1875] loss=0.0109 avg_loss=0.0892
[2026-06-03 03:43:12] Epoch 23 train batch [420/1875] loss=0.0928 avg_loss=0.0885
[2026-06-03 03:43:16] Epoch 23 train batch [440/1875] loss=0.1333 avg_loss=0.0886
[2026-06-03 03:43:20] Epoch 23 train batch [460/1875] loss=0.0917 avg_loss=0.0887
[2026-06-03 03:43:25] Epoch 23 train batch [480/1875] loss=0.0819 avg_loss=0.0887
[2026-06-03 03:43:29] Epoch 23 train batch [500/1875] loss=0.0437 avg_loss=0.0880
[2026-06-03 03:43:33] Epoch 23 train batch [520/1875] loss=0.0721 avg_loss=0.0876
[2026-06-03 03:43:38] Epoch 23 train batch [540/1875] loss=0.0847 avg_loss=0.0878
[2026-06-03 03:43:42] Epoch 23 train batch [560/1875] loss=0.0444 avg_loss=0.0883
[2026-06-03 03:43:46] Epoch 23 train batch [580/1875] loss=0.1233 avg_loss=0.0881
[2026-06-03 03:43:50] Epoch 23 train batch [600/1875] loss=0.0249 avg_loss=0.0878
[2026-06-03 03:43:54] Epoch 23 train batch [620/1875] loss=0.0954 avg_loss=0.0876
[2026-06-03 03:43:59] Epoch 23 train batch [640/1875] loss=0.0669 avg_loss=0.0873
[2026-06-03 03:44:03] Epoch 23 train batch [660/1875] loss=0.0554 avg_loss=0.0869
[2026-06-03 03:44:07] Epoch 23 train batch [680/1875] loss=0.0158 avg_loss=0.0867
[2026-06-03 03:44:12] Epoch 23 train batch [700/1875] loss=0.0685 avg_loss=0.0868
[2026-06-03 03:44:16] Epoch 23 train batch [720/1875] loss=0.0417 avg_loss=0.0865
[2026-06-03 03:44:21] Epoch 23 train batch [740/1875] loss=0.0594 avg_loss=0.0863
[2026-06-03 03:44:25] Epoch 23 train batch [760/1875] loss=0.0894 avg_loss=0.0863
[2026-06-03 03:44:29] Epoch 23 train batch [780/1875] loss=0.0696 avg_loss=0.0862
[2026-06-03 03:44:33] Epoch 23 train batch [800/1875] loss=0.0345 avg_loss=0.0861
[2026-06-03 03:44:37] Epoch 23 train batch [820/1875] loss=0.3865 avg_loss=0.0861
[2026-06-03 03:44:41] Epoch 23 train batch [840/1875] loss=0.0636 avg_loss=0.0870
[2026-06-03 03:44:46] Epoch 23 train batch [860/1875] loss=0.0757 avg_loss=0.0869
[2026-06-03 03:44:50] Epoch 23 train batch [880/1875] loss=0.1726 avg_loss=0.0873
[2026-06-03 03:44:54] Epoch 23 train batch [900/1875] loss=0.1554 avg_loss=0.0873
[2026-06-03 03:44:58] Epoch 23 train batch [920/1875] loss=0.0976 avg_loss=0.0872
[2026-06-03 03:45:03] Epoch 23 train batch [940/1875] loss=0.1028 avg_loss=0.0869
[2026-06-03 03:45:07] Epoch 23 train batch [960/1875] loss=0.0602 avg_loss=0.0869
[2026-06-03 03:45:11] Epoch 23 train batch [980/1875] loss=0.0577 avg_loss=0.0867
[2026-06-03 03:45:15] Epoch 23 train batch [1000/1875] loss=0.0818 avg_loss=0.0870
[2026-06-03 03:45:20] Epoch 23 train batch [1020/1875] loss=0.0483 avg_loss=0.0876
[2026-06-03 03:45:24] Epoch 23 train batch [1040/1875] loss=0.1028 avg_loss=0.0877
[2026-06-03 03:45:28] Epoch 23 train batch [1060/1875] loss=0.0384 avg_loss=0.0880
[2026-06-03 03:45:32] Epoch 23 train batch [1080/1875] loss=0.0178 avg_loss=0.0883
[2026-06-03 03:45:36] Epoch 23 train batch [1100/1875] loss=0.1456 avg_loss=0.0886
[2026-06-03 03:45:40] Epoch 23 train batch [1120/1875] loss=0.0764 avg_loss=0.0882
[2026-06-03 03:45:45] Epoch 23 train batch [1140/1875] loss=0.1279 avg_loss=0.0883
[2026-06-03 03:45:49] Epoch 23 train batch [1160/1875] loss=0.0435 avg_loss=0.0885
[2026-06-03 03:45:53] Epoch 23 train batch [1180/1875] loss=0.0663 avg_loss=0.0891
[2026-06-03 03:45:57] Epoch 23 train batch [1200/1875] loss=0.0951 avg_loss=0.0889
[2026-06-03 03:46:01] Epoch 23 train batch [1220/1875] loss=0.0571 avg_loss=0.0889
[2026-06-03 03:46:05] Epoch 23 train batch [1240/1875] loss=0.1939 avg_loss=0.0889
[2026-06-03 03:46:09] Epoch 23 train batch [1260/1875] loss=0.1589 avg_loss=0.0896
[2026-06-03 03:46:14] Epoch 23 train batch [1280/1875] loss=0.0931 avg_loss=0.0897
[2026-06-03 03:46:18] Epoch 23 train batch [1300/1875] loss=0.0967 avg_loss=0.0898
[2026-06-03 03:46:22] Epoch 23 train batch [1320/1875] loss=0.2478 avg_loss=0.0899
[2026-06-03 03:46:26] Epoch 23 train batch [1340/1875] loss=0.0233 avg_loss=0.0898
[2026-06-03 03:46:31] Epoch 23 train batch [1360/1875] loss=0.0636 avg_loss=0.0896
[2026-06-03 03:46:35] Epoch 23 train batch [1380/1875] loss=0.0887 avg_loss=0.0896
[2026-06-03 03:46:39] Epoch 23 train batch [1400/1875] loss=0.0189 avg_loss=0.0894
[2026-06-03 03:46:43] Epoch 23 train batch [1420/1875] loss=0.0746 avg_loss=0.0895
[2026-06-03 03:46:47] Epoch 23 train batch [1440/1875] loss=0.1397 avg_loss=0.0897
[2026-06-03 03:46:51] Epoch 23 train batch [1460/1875] loss=0.1942 avg_loss=0.0896
[2026-06-03 03:46:56] Epoch 23 train batch [1480/1875] loss=0.0871 avg_loss=0.0894
[2026-06-03 03:47:00] Epoch 23 train batch [1500/1875] loss=0.1089 avg_loss=0.0892
[2026-06-03 03:47:04] Epoch 23 train batch [1520/1875] loss=0.0598 avg_loss=0.0891
[2026-06-03 03:47:08] Epoch 23 train batch [1540/1875] loss=0.2261 avg_loss=0.0892
[2026-06-03 03:47:13] Epoch 23 train batch [1560/1875] loss=0.0828 avg_loss=0.0890
[2026-06-03 03:47:17] Epoch 23 train batch [1580/1875] loss=0.0456 avg_loss=0.0890
[2026-06-03 03:47:21] Epoch 23 train batch [1600/1875] loss=0.0981 avg_loss=0.0891
[2026-06-03 03:47:25] Epoch 23 train batch [1620/1875] loss=0.0611 avg_loss=0.0891
[2026-06-03 03:47:29] Epoch 23 train batch [1640/1875] loss=0.2570 avg_loss=0.0893
[2026-06-03 03:47:33] Epoch 23 train batch [1660/1875] loss=0.1166 avg_loss=0.0897
[2026-06-03 03:47:38] Epoch 23 train batch [1680/1875] loss=0.0635 avg_loss=0.0896
[2026-06-03 03:47:42] Epoch 23 train batch [1700/1875] loss=0.0407 avg_loss=0.0896
[2026-06-03 03:47:46] Epoch 23 train batch [1720/1875] loss=0.0766 avg_loss=0.0896
[2026-06-03 03:47:50] Epoch 23 train batch [1740/1875] loss=0.0583 avg_loss=0.0897
[2026-06-03 03:47:55] Epoch 23 train batch [1760/1875] loss=0.1566 avg_loss=0.0897
[2026-06-03 03:47:59] Epoch 23 train batch [1780/1875] loss=0.0988 avg_loss=0.0897
[2026-06-03 03:48:03] Epoch 23 train batch [1800/1875] loss=0.0672 avg_loss=0.0897
[2026-06-03 03:48:07] Epoch 23 train batch [1820/1875] loss=0.0097 avg_loss=0.0899
[2026-06-03 03:48:12] Epoch 23 train batch [1840/1875] loss=0.0685 avg_loss=0.0898
[2026-06-03 03:48:16] Epoch 23 train batch [1860/1875] loss=0.0327 avg_loss=0.0897
[2026-06-03 03:48:19] Epoch 23 train batch [1875/1875] loss=0.1513 avg_loss=0.0897
[2026-06-03 03:48:19] Epoch 23 training completed. Computing validation loss.
[2026-06-03 03:49:07] Epoch 23 validation loss completed: 0.1835. Computing detection metrics.
[2026-06-03 03:49:46] Epoch 23 metrics computed. Saving artifacts.
[2026-06-03 03:49:48] Epoch 23 did not improve mAP@0.5 enough. Early stopping counter: 7/7.
Epoch [23/30]
├── Train Loss : 0.0897
│   ├── loss_classifier  : 0.0275
│   ├── loss_box_reg     : 0.0568
│   ├── loss_objectness  : 0.0023
│   └── loss_rpn_box_reg : 0.0030
├── Val Loss   : 0.1835
├── mAP@0.5    : 0.7955
├── mAP@0.75   : 0.5311
├── mAP@0.5:0.95 : 0.4895
├── Precision  : 0.6598
├── Recall     : 0.8446
├── GT Boxes   : 2021
├── Predictions: 2587
├── Per-class AP
│   ├── person  : AP50=0.8400, AP75=0.4989, AP50:95=0.4872, P=0.6996, R=0.8696
│   ├── car     : AP50=0.7676, AP75=0.4904, AP50:95=0.4622, P=0.6132, R=0.8233
│   ├── dog     : AP50=0.8716, AP75=0.7096, AP50:95=0.5875, P=0.7689, R=0.8883
│   ├── cat     : AP50=0.8987, AP75=0.6864, AP50:95=0.6029, P=0.8377, R=0.9091
│   └── chair   : AP50=0.5995, AP75=0.2701, AP50:95=0.3076, P=0.4447, R=0.6986
├── LR         : 0.000100
└── Time       : 458.4s
[2026-06-03 03:49:48] Epoch [23/30] completed.
[2026-06-03 03:49:48] Early stopping triggered at epoch 23. Best mAP@0.5=0.7993.
[2026-06-03 03:49:50] Training session completed.
