========== Training Session ==========
Started: 20260610-021156
Run name: retina-00_no_augmentation
Device: cuda:0
CUDA: NVIDIA GeForce RTX 4090 (47.38 GB)
Torch: 2.6.0+cu124
Classes: person, car, dog, cat, chair
Train dataset: 7500 images, 10642 boxes, 2500 empty images
Val dataset: 1500 images, 2021 boxes, 500 empty images
Train class counts: {'dog': 1028, 'person': 5829, 'chair': 1613, 'cat': 833, 'car': 1339}
Val class counts: {'dog': 206, 'chair': 282, 'person': 1074, 'car': 283, 'cat': 176}
Resume: disabled
Sampling: strategy=class_small_balanced, class=None, factor=1.0, target_images=0/7500, small_object_images=644, weight_range=[0.500, 3.968]
Model: retina resnet50 (30,190,363/31,635,291 trainable/total params)
Hyperparameters
├── Training
│   ├── epochs             : 30
│   ├── batch_size         : 4
│   ├── num_workers        : 0
│   ├── augmentation       : False
│   ├── flip_probability   : 0.0
│   ├── color_probability  : 0.0
│   ├── grayscale_prob     : 0.0
│   ├── scale_jitter_prob  : 0.0
│   ├── scale_jitter_range : [0.9, 1.15]
│   ├── safe_crop_prob     : 0.0
│   ├── safe_crop_scale    : 0.75
│   ├── safe_crop_visible  : 0.5
│   ├── blur_probability   : 0.0
│   ├── blur_kernel_size   : 5
│   ├── noise_probability  : 0.0
│   ├── noise_std          : 0.02
│   ├── sampler_strategy   : class_small_balanced
│   ├── small_object_boost : 1.5
│   ├── empty_image_weight : 0.5
│   ├── oversample_class   : disabled
│   └── oversample_factor  : 1.0
├── Optimizer
│   ├── lr                 : 0.001
│   ├── momentum           : 0.9
│   ├── weight_decay       : 0.001
│   └── grad_clip_norm     : 10.0
├── LR Scheduler
│   ├── type               : plateau
│   ├── milestones         : [15, 25]
│   ├── gamma              : 0.1
│   ├── min_lr             : 1e-05
│   ├── plateau_patience   : 3
│   └── plateau_factor     : 0.5
├── Model
│   ├── implementation     : retina
│   ├── backbone           : resnet50
│   ├── trainable_layers   : 2
│   ├── pretrained_backbone: True
│   ├── roi_dropout        : 0.2
│   ├── retina_topk       : 1000
│   ├── retina_max_det    : 300
│   ├── yolo_topk         : 1000
│   ├── yolo_max_det      : 300
│   ├── min_size           : 512
│   ├── max_size           : 768
│   ├── anchor_sizes       : model_default
│   ├── anchor_ratios      : model_default
│   ├── train_pre_nms_top_n : 2000
│   ├── train_post_nms_top_n: 2000
│   ├── test_pre_nms_top_n  : 1000
│   ├── test_post_nms_top_n : 1000
│   └── fixed_batch_shape   : False
├── Validation
│   ├── score_threshold    : 0.5
│   ├── eval_max_images    : all
│   └── full_coco_interval : disabled
├── Early Stopping
│   ├── enabled            : True
│   ├── patience           : 10
│   └── min_delta          : 0.01
└── Logging
    ├── log_interval       : 20
    ├── empty_cache_interval: disabled
    └── use_wandb          : True
Saved results dir: saved_results/augmentation_ablation/retina/retina-00_no_augmentation
Checkpoint dir: saved_results/augmentation_ablation/retina/retina-00_no_augmentation/checkpoints
Best checkpoint: saved_results/augmentation_ablation/retina/retina-00_no_augmentation/checkpoints/best_model-20260610-021156.pth
Last checkpoint: saved_results/augmentation_ablation/retina/retina-00_no_augmentation/checkpoints/last_model-20260610-021156.pth
Log dir: saved_results/augmentation_ablation/retina/retina-00_no_augmentation/logs
=====================================
[2026-06-10 02:11:56] Training session initialized.
========== Training Session ==========
Started: 20260610-021221
Run name: retina-00_no_augmentation
Device: cuda:0
CUDA: NVIDIA GeForce RTX 4090 (47.38 GB)
Torch: 2.7.1+cu126
Classes: person, car, dog, cat, chair
Train dataset: 7500 images, 10642 boxes, 2500 empty images
Val dataset: 1500 images, 2021 boxes, 500 empty images
Train class counts: {'dog': 1028, 'person': 5829, 'chair': 1613, 'cat': 833, 'car': 1339}
Val class counts: {'dog': 206, 'chair': 282, 'person': 1074, 'car': 283, 'cat': 176}
Resume: disabled
Sampling: strategy=class_small_balanced, class=None, factor=1.0, target_images=0/7500, small_object_images=644, weight_range=[0.500, 3.968]
Model: retina resnet50 (30,190,363/31,635,291 trainable/total params)
Hyperparameters
├── Training
│   ├── epochs             : 30
│   ├── batch_size         : 4
│   ├── num_workers        : 0
│   ├── augmentation       : False
│   ├── flip_probability   : 0.0
│   ├── color_probability  : 0.0
│   ├── grayscale_prob     : 0.0
│   ├── scale_jitter_prob  : 0.0
│   ├── scale_jitter_range : [0.9, 1.15]
│   ├── safe_crop_prob     : 0.0
│   ├── safe_crop_scale    : 0.75
│   ├── safe_crop_visible  : 0.5
│   ├── blur_probability   : 0.0
│   ├── blur_kernel_size   : 5
│   ├── noise_probability  : 0.0
│   ├── noise_std          : 0.02
│   ├── sampler_strategy   : class_small_balanced
│   ├── small_object_boost : 1.5
│   ├── empty_image_weight : 0.5
│   ├── oversample_class   : disabled
│   └── oversample_factor  : 1.0
├── Optimizer
│   ├── lr                 : 0.001
│   ├── momentum           : 0.9
│   ├── weight_decay       : 0.001
│   └── grad_clip_norm     : 10.0
├── LR Scheduler
│   ├── type               : plateau
│   ├── milestones         : [15, 25]
│   ├── gamma              : 0.1
│   ├── min_lr             : 1e-05
│   ├── plateau_patience   : 3
│   └── plateau_factor     : 0.5
├── Model
│   ├── implementation     : retina
│   ├── backbone           : resnet50
│   ├── trainable_layers   : 2
│   ├── pretrained_backbone: True
│   ├── roi_dropout        : 0.2
│   ├── retina_topk       : 1000
│   ├── retina_max_det    : 300
│   ├── yolo_topk         : 1000
│   ├── yolo_max_det      : 300
│   ├── min_size           : 512
│   ├── max_size           : 768
│   ├── anchor_sizes       : model_default
│   ├── anchor_ratios      : model_default
│   ├── train_pre_nms_top_n : 2000
│   ├── train_post_nms_top_n: 2000
│   ├── test_pre_nms_top_n  : 1000
│   ├── test_post_nms_top_n : 1000
│   └── fixed_batch_shape   : False
├── Validation
│   ├── score_threshold    : 0.5
│   ├── eval_max_images    : all
│   └── full_coco_interval : disabled
├── Early Stopping
│   ├── enabled            : True
│   ├── patience           : 10
│   └── min_delta          : 0.01
└── Logging
    ├── log_interval       : 20
    ├── empty_cache_interval: disabled
    └── use_wandb          : True
Saved results dir: saved_results/augmentation_ablation/retina/retina-00_no_augmentation
Checkpoint dir: saved_results/augmentation_ablation/retina/retina-00_no_augmentation/checkpoints
Best checkpoint: saved_results/augmentation_ablation/retina/retina-00_no_augmentation/checkpoints/best_model-20260610-021221.pth
Last checkpoint: saved_results/augmentation_ablation/retina/retina-00_no_augmentation/checkpoints/last_model-20260610-021221.pth
Log dir: saved_results/augmentation_ablation/retina/retina-00_no_augmentation/logs
=====================================
[2026-06-10 02:12:22] Training session initialized.
[2026-06-10 02:12:23] Epoch [01/30] started. Resources: rss=779.3MB, peak_rss=826.7MB, cuda_alloc=120.9MB, cuda_reserved=140.0MB, cuda_peak_alloc=120.9MB, cuda_free=47900.9MB, cuda_total=48519.1MB
[2026-06-10 02:12:26] Epoch 01 train batch [20/1875] loss=1.7182 avg_loss=1.7832. Resources: rss=1782.5MB, peak_rss=1782.5MB, cuda_alloc=351.3MB, cuda_reserved=35362.0MB, cuda_peak_alloc=3289.7MB, cuda_free=12606.9MB, cuda_total=48519.1MB
[2026-06-10 02:12:30] Epoch 01 train batch [40/1875] loss=1.7046 avg_loss=1.7652. Resources: rss=1796.3MB, peak_rss=1796.3MB, cuda_alloc=351.3MB, cuda_reserved=15962.0MB, cuda_peak_alloc=3637.5MB, cuda_free=32006.9MB, cuda_total=48519.1MB
[2026-06-10 02:12:33] Epoch 01 train batch [60/1875] loss=1.7211 avg_loss=1.7596. Resources: rss=1799.8MB, peak_rss=1799.8MB, cuda_alloc=351.3MB, cuda_reserved=17382.0MB, cuda_peak_alloc=3637.5MB, cuda_free=30586.9MB, cuda_total=48519.1MB
[2026-06-10 02:12:36] Epoch 01 train batch [80/1875] loss=1.6236 avg_loss=1.7551. Resources: rss=1802.5MB, peak_rss=1802.5MB, cuda_alloc=351.3MB, cuda_reserved=17382.0MB, cuda_peak_alloc=3637.5MB, cuda_free=30586.9MB, cuda_total=48519.1MB
[2026-06-10 02:12:39] Epoch 01 train batch [100/1875] loss=1.7366 avg_loss=1.7573. Resources: rss=1802.5MB, peak_rss=1802.5MB, cuda_alloc=351.3MB, cuda_reserved=17542.0MB, cuda_peak_alloc=3638.2MB, cuda_free=30426.9MB, cuda_total=48519.1MB
[2026-06-10 02:12:42] Epoch 01 train batch [120/1875] loss=1.9604 avg_loss=1.7536. Resources: rss=1802.8MB, peak_rss=1802.8MB, cuda_alloc=351.3MB, cuda_reserved=17542.0MB, cuda_peak_alloc=3638.2MB, cuda_free=30426.9MB, cuda_total=48519.1MB
[2026-06-10 02:12:45] Epoch 01 train batch [140/1875] loss=1.6860 avg_loss=1.7459. Resources: rss=1807.8MB, peak_rss=1807.8MB, cuda_alloc=351.3MB, cuda_reserved=18222.0MB, cuda_peak_alloc=3638.2MB, cuda_free=29746.9MB, cuda_total=48519.1MB
[2026-06-10 02:12:48] Epoch 01 train batch [160/1875] loss=1.6204 avg_loss=1.7362. Resources: rss=1813.0MB, peak_rss=1813.0MB, cuda_alloc=351.3MB, cuda_reserved=18222.0MB, cuda_peak_alloc=3638.2MB, cuda_free=29746.9MB, cuda_total=48519.1MB
[2026-06-10 02:12:51] Epoch 01 train batch [180/1875] loss=1.5581 avg_loss=1.7304. Resources: rss=1817.5MB, peak_rss=1817.5MB, cuda_alloc=351.3MB, cuda_reserved=18222.0MB, cuda_peak_alloc=3638.2MB, cuda_free=29746.9MB, cuda_total=48519.1MB
[2026-06-10 02:12:54] Epoch 01 train batch [200/1875] loss=1.6496 avg_loss=1.7236. Resources: rss=1821.0MB, peak_rss=1821.0MB, cuda_alloc=351.3MB, cuda_reserved=23942.0MB, cuda_peak_alloc=3638.2MB, cuda_free=24026.9MB, cuda_total=48519.1MB
[2026-06-10 02:12:57] Epoch 01 train batch [220/1875] loss=1.4742 avg_loss=1.7168. Resources: rss=1825.3MB, peak_rss=1825.3MB, cuda_alloc=351.3MB, cuda_reserved=23942.0MB, cuda_peak_alloc=3638.2MB, cuda_free=24026.9MB, cuda_total=48519.1MB
[2026-06-10 02:13:00] Epoch 01 train batch [240/1875] loss=1.4355 avg_loss=1.7093. Resources: rss=1829.8MB, peak_rss=1829.8MB, cuda_alloc=351.3MB, cuda_reserved=23942.0MB, cuda_peak_alloc=3638.2MB, cuda_free=24026.9MB, cuda_total=48519.1MB
[2026-06-10 02:13:03] Epoch 01 train batch [260/1875] loss=1.7138 avg_loss=1.7043. Resources: rss=1834.3MB, peak_rss=1834.3MB, cuda_alloc=351.3MB, cuda_reserved=23942.0MB, cuda_peak_alloc=3638.2MB, cuda_free=24026.9MB, cuda_total=48519.1MB
[2026-06-10 02:13:06] Epoch 01 train batch [280/1875] loss=1.5791 avg_loss=1.6950. Resources: rss=1835.8MB, peak_rss=1835.8MB, cuda_alloc=351.3MB, cuda_reserved=23942.0MB, cuda_peak_alloc=3638.2MB, cuda_free=24026.9MB, cuda_total=48519.1MB
[2026-06-10 02:13:09] Epoch 01 train batch [300/1875] loss=1.7997 avg_loss=1.6864. Resources: rss=1839.5MB, peak_rss=1839.5MB, cuda_alloc=351.3MB, cuda_reserved=29562.0MB, cuda_peak_alloc=3638.2MB, cuda_free=18406.9MB, cuda_total=48519.1MB
[2026-06-10 02:13:12] Epoch 01 train batch [320/1875] loss=1.6466 avg_loss=1.6714. Resources: rss=1841.0MB, peak_rss=1841.0MB, cuda_alloc=351.3MB, cuda_reserved=29562.0MB, cuda_peak_alloc=3638.2MB, cuda_free=18406.9MB, cuda_total=48519.1MB
[2026-06-10 02:13:15] Epoch 01 train batch [340/1875] loss=1.4669 avg_loss=1.6518. Resources: rss=1843.8MB, peak_rss=1843.8MB, cuda_alloc=351.3MB, cuda_reserved=29562.0MB, cuda_peak_alloc=3638.2MB, cuda_free=18406.9MB, cuda_total=48519.1MB
[2026-06-10 02:13:18] Epoch 01 train batch [360/1875] loss=1.4930 avg_loss=1.6319. Resources: rss=1846.0MB, peak_rss=1846.0MB, cuda_alloc=351.3MB, cuda_reserved=29562.0MB, cuda_peak_alloc=3638.2MB, cuda_free=18406.9MB, cuda_total=48519.1MB
[2026-06-10 02:13:21] Epoch 01 train batch [380/1875] loss=1.3873 avg_loss=1.6127. Resources: rss=1846.0MB, peak_rss=1846.0MB, cuda_alloc=351.3MB, cuda_reserved=29562.0MB, cuda_peak_alloc=3638.2MB, cuda_free=18406.9MB, cuda_total=48519.1MB
[2026-06-10 02:13:24] Epoch 01 train batch [400/1875] loss=1.2563 avg_loss=1.5926. Resources: rss=1847.8MB, peak_rss=1847.8MB, cuda_alloc=351.3MB, cuda_reserved=29562.0MB, cuda_peak_alloc=3638.2MB, cuda_free=18406.9MB, cuda_total=48519.1MB
[2026-06-10 02:13:26] Epoch 01 train batch [420/1875] loss=1.2346 avg_loss=1.5749. Resources: rss=1847.8MB, peak_rss=1847.8MB, cuda_alloc=351.3MB, cuda_reserved=29562.0MB, cuda_peak_alloc=3638.2MB, cuda_free=18406.9MB, cuda_total=48519.1MB
[2026-06-10 02:13:29] Epoch 01 train batch [440/1875] loss=1.1938 avg_loss=1.5568. Resources: rss=1847.8MB, peak_rss=1847.8MB, cuda_alloc=351.3MB, cuda_reserved=29562.0MB, cuda_peak_alloc=3638.2MB, cuda_free=18406.9MB, cuda_total=48519.1MB
[2026-06-10 02:13:32] Epoch 01 train batch [460/1875] loss=1.0830 avg_loss=1.5414. Resources: rss=1848.5MB, peak_rss=1848.5MB, cuda_alloc=351.3MB, cuda_reserved=29562.0MB, cuda_peak_alloc=3638.2MB, cuda_free=18406.9MB, cuda_total=48519.1MB
[2026-06-10 02:13:34] Epoch 01 train batch [480/1875] loss=1.1999 avg_loss=1.5249. Resources: rss=1850.0MB, peak_rss=1850.0MB, cuda_alloc=351.3MB, cuda_reserved=29562.0MB, cuda_peak_alloc=3638.2MB, cuda_free=18406.9MB, cuda_total=48519.1MB
[2026-06-10 02:13:37] Epoch 01 train batch [500/1875] loss=1.1027 avg_loss=1.5106. Resources: rss=1851.5MB, peak_rss=1851.5MB, cuda_alloc=351.3MB, cuda_reserved=29562.0MB, cuda_peak_alloc=3638.2MB, cuda_free=18406.9MB, cuda_total=48519.1MB
[2026-06-10 02:13:40] Epoch 01 train batch [520/1875] loss=1.1676 avg_loss=1.4967. Resources: rss=1852.0MB, peak_rss=1852.0MB, cuda_alloc=351.3MB, cuda_reserved=29562.0MB, cuda_peak_alloc=3638.2MB, cuda_free=18406.9MB, cuda_total=48519.1MB
[2026-06-10 02:13:43] Epoch 01 train batch [540/1875] loss=1.1474 avg_loss=1.4822. Resources: rss=1852.0MB, peak_rss=1852.0MB, cuda_alloc=351.3MB, cuda_reserved=29562.0MB, cuda_peak_alloc=3638.2MB, cuda_free=18406.9MB, cuda_total=48519.1MB
[2026-06-10 02:13:46] Epoch 01 train batch [560/1875] loss=1.1675 avg_loss=1.4715. Resources: rss=1853.8MB, peak_rss=1853.8MB, cuda_alloc=351.3MB, cuda_reserved=29562.0MB, cuda_peak_alloc=3638.2MB, cuda_free=18406.9MB, cuda_total=48519.1MB
[2026-06-10 02:13:48] Epoch 01 train batch [580/1875] loss=1.1565 avg_loss=1.4590. Resources: rss=1854.5MB, peak_rss=1854.5MB, cuda_alloc=351.3MB, cuda_reserved=29562.0MB, cuda_peak_alloc=3638.2MB, cuda_free=18406.9MB, cuda_total=48519.1MB
[2026-06-10 02:13:51] Epoch 01 train batch [600/1875] loss=1.1521 avg_loss=1.4465. Resources: rss=1849.8MB, peak_rss=1858.0MB, cuda_alloc=351.3MB, cuda_reserved=29562.0MB, cuda_peak_alloc=3638.2MB, cuda_free=18406.9MB, cuda_total=48519.1MB
[2026-06-10 02:13:54] Epoch 01 train batch [620/1875] loss=1.3249 avg_loss=1.4374. Resources: rss=1855.6MB, peak_rss=1858.0MB, cuda_alloc=351.3MB, cuda_reserved=29562.0MB, cuda_peak_alloc=3638.2MB, cuda_free=18406.9MB, cuda_total=48519.1MB
[2026-06-10 02:13:56] Epoch 01 train batch [640/1875] loss=1.0061 avg_loss=1.4276. Resources: rss=1857.6MB, peak_rss=1858.0MB, cuda_alloc=351.3MB, cuda_reserved=29562.0MB, cuda_peak_alloc=3638.2MB, cuda_free=18406.9MB, cuda_total=48519.1MB
[2026-06-10 02:13:59] Epoch 01 train batch [660/1875] loss=0.9260 avg_loss=1.4171. Resources: rss=1857.6MB, peak_rss=1858.0MB, cuda_alloc=351.3MB, cuda_reserved=29562.0MB, cuda_peak_alloc=3638.2MB, cuda_free=18406.9MB, cuda_total=48519.1MB
[2026-06-10 02:14:02] Epoch 01 train batch [680/1875] loss=1.0302 avg_loss=1.4059. Resources: rss=1857.8MB, peak_rss=1858.0MB, cuda_alloc=351.3MB, cuda_reserved=29562.0MB, cuda_peak_alloc=3638.2MB, cuda_free=18406.9MB, cuda_total=48519.1MB
[2026-06-10 02:14:04] Epoch 01 train batch [700/1875] loss=1.1697 avg_loss=1.3961. Resources: rss=1857.8MB, peak_rss=1858.0MB, cuda_alloc=351.3MB, cuda_reserved=29562.0MB, cuda_peak_alloc=3638.2MB, cuda_free=18406.9MB, cuda_total=48519.1MB
[2026-06-10 02:14:07] Epoch 01 train batch [720/1875] loss=1.1005 avg_loss=1.3875. Resources: rss=1857.8MB, peak_rss=1858.0MB, cuda_alloc=351.3MB, cuda_reserved=29562.0MB, cuda_peak_alloc=3638.2MB, cuda_free=18406.9MB, cuda_total=48519.1MB
[2026-06-10 02:14:09] Epoch 01 train batch [740/1875] loss=1.0448 avg_loss=1.3782. Resources: rss=1857.8MB, peak_rss=1858.0MB, cuda_alloc=351.3MB, cuda_reserved=29562.0MB, cuda_peak_alloc=3638.2MB, cuda_free=18406.9MB, cuda_total=48519.1MB
[2026-06-10 02:14:12] Epoch 01 train batch [760/1875] loss=1.2117 avg_loss=1.3707. Resources: rss=1857.8MB, peak_rss=1858.0MB, cuda_alloc=351.3MB, cuda_reserved=29562.0MB, cuda_peak_alloc=3638.2MB, cuda_free=18406.9MB, cuda_total=48519.1MB
[2026-06-10 02:14:15] Epoch 01 train batch [780/1875] loss=1.0037 avg_loss=1.3625. Resources: rss=1858.8MB, peak_rss=1858.8MB, cuda_alloc=351.3MB, cuda_reserved=29562.0MB, cuda_peak_alloc=3638.2MB, cuda_free=18406.9MB, cuda_total=48519.1MB
[2026-06-10 02:14:18] Epoch 01 train batch [800/1875] loss=1.1386 avg_loss=1.3552. Resources: rss=1858.8MB, peak_rss=1858.8MB, cuda_alloc=351.3MB, cuda_reserved=29562.0MB, cuda_peak_alloc=3638.2MB, cuda_free=18406.9MB, cuda_total=48519.1MB
[2026-06-10 02:14:20] Epoch 01 train batch [820/1875] loss=0.9243 avg_loss=1.3476. Resources: rss=1859.6MB, peak_rss=1859.6MB, cuda_alloc=351.3MB, cuda_reserved=29562.0MB, cuda_peak_alloc=3638.2MB, cuda_free=18406.9MB, cuda_total=48519.1MB
[2026-06-10 02:14:23] Epoch 01 train batch [840/1875] loss=0.9533 avg_loss=1.3397. Resources: rss=1859.6MB, peak_rss=1859.6MB, cuda_alloc=351.3MB, cuda_reserved=29562.0MB, cuda_peak_alloc=3638.2MB, cuda_free=18406.9MB, cuda_total=48519.1MB
[2026-06-10 02:14:26] Epoch 01 train batch [860/1875] loss=0.9313 avg_loss=1.3308. Resources: rss=1860.6MB, peak_rss=1860.6MB, cuda_alloc=351.3MB, cuda_reserved=29562.0MB, cuda_peak_alloc=3638.2MB, cuda_free=18406.9MB, cuda_total=48519.1MB
[2026-06-10 02:14:28] Epoch 01 train batch [880/1875] loss=0.8803 avg_loss=1.3237. Resources: rss=1861.8MB, peak_rss=1861.8MB, cuda_alloc=351.3MB, cuda_reserved=29562.0MB, cuda_peak_alloc=3638.2MB, cuda_free=18406.9MB, cuda_total=48519.1MB
[2026-06-10 02:14:31] Epoch 01 train batch [900/1875] loss=1.1376 avg_loss=1.3170. Resources: rss=1861.8MB, peak_rss=1861.8MB, cuda_alloc=351.3MB, cuda_reserved=29562.0MB, cuda_peak_alloc=3638.2MB, cuda_free=18406.9MB, cuda_total=48519.1MB
[2026-06-10 02:14:34] Epoch 01 train batch [920/1875] loss=1.0749 avg_loss=1.3108. Resources: rss=1861.8MB, peak_rss=1861.8MB, cuda_alloc=351.3MB, cuda_reserved=29562.0MB, cuda_peak_alloc=3638.2MB, cuda_free=18406.9MB, cuda_total=48519.1MB
[2026-06-10 02:14:36] Epoch 01 train batch [940/1875] loss=1.0031 avg_loss=1.3052. Resources: rss=1861.8MB, peak_rss=1861.8MB, cuda_alloc=351.3MB, cuda_reserved=29562.0MB, cuda_peak_alloc=3638.2MB, cuda_free=18406.9MB, cuda_total=48519.1MB
[2026-06-10 02:14:39] Epoch 01 train batch [960/1875] loss=0.9556 avg_loss=1.2982. Resources: rss=1861.8MB, peak_rss=1861.8MB, cuda_alloc=351.3MB, cuda_reserved=29562.0MB, cuda_peak_alloc=3638.2MB, cuda_free=18406.9MB, cuda_total=48519.1MB
[2026-06-10 02:14:41] Epoch 01 train batch [980/1875] loss=1.1655 avg_loss=1.2922. Resources: rss=1863.1MB, peak_rss=1863.1MB, cuda_alloc=351.3MB, cuda_reserved=29562.0MB, cuda_peak_alloc=3638.2MB, cuda_free=18406.9MB, cuda_total=48519.1MB
[2026-06-10 02:14:44] Epoch 01 train batch [1000/1875] loss=1.0983 avg_loss=1.2857. Resources: rss=1864.3MB, peak_rss=1864.3MB, cuda_alloc=351.3MB, cuda_reserved=29562.0MB, cuda_peak_alloc=3638.2MB, cuda_free=18406.9MB, cuda_total=48519.1MB
[2026-06-10 02:14:47] Epoch 01 train batch [1020/1875] loss=0.8588 avg_loss=1.2802. Resources: rss=1864.6MB, peak_rss=1864.6MB, cuda_alloc=351.3MB, cuda_reserved=29562.0MB, cuda_peak_alloc=3638.2MB, cuda_free=18406.9MB, cuda_total=48519.1MB
[2026-06-10 02:14:49] Epoch 01 train batch [1040/1875] loss=1.3223 avg_loss=1.2749. Resources: rss=1867.3MB, peak_rss=1867.3MB, cuda_alloc=351.3MB, cuda_reserved=29562.0MB, cuda_peak_alloc=3638.2MB, cuda_free=18406.9MB, cuda_total=48519.1MB
[2026-06-10 02:14:52] Epoch 01 train batch [1060/1875] loss=0.8298 avg_loss=1.2699. Resources: rss=1867.3MB, peak_rss=1867.3MB, cuda_alloc=351.3MB, cuda_reserved=29562.0MB, cuda_peak_alloc=3638.2MB, cuda_free=18406.9MB, cuda_total=48519.1MB
[2026-06-10 02:14:55] Epoch 01 train batch [1080/1875] loss=0.9544 avg_loss=1.2654. Resources: rss=1867.3MB, peak_rss=1867.3MB, cuda_alloc=351.3MB, cuda_reserved=29562.0MB, cuda_peak_alloc=3638.2MB, cuda_free=18406.9MB, cuda_total=48519.1MB
[2026-06-10 02:14:57] Epoch 01 train batch [1100/1875] loss=0.8091 avg_loss=1.2594. Resources: rss=1868.3MB, peak_rss=1868.3MB, cuda_alloc=351.3MB, cuda_reserved=29562.0MB, cuda_peak_alloc=3638.2MB, cuda_free=18406.9MB, cuda_total=48519.1MB
[2026-06-10 02:15:00] Epoch 01 train batch [1120/1875] loss=1.0041 avg_loss=1.2543. Resources: rss=1869.1MB, peak_rss=1869.1MB, cuda_alloc=351.3MB, cuda_reserved=29562.0MB, cuda_peak_alloc=3638.2MB, cuda_free=18406.9MB, cuda_total=48519.1MB
[2026-06-10 02:15:03] Epoch 01 train batch [1140/1875] loss=1.1649 avg_loss=1.2502. Resources: rss=1869.8MB, peak_rss=1869.8MB, cuda_alloc=351.3MB, cuda_reserved=29562.0MB, cuda_peak_alloc=3638.2MB, cuda_free=18406.9MB, cuda_total=48519.1MB
[2026-06-10 02:15:05] Epoch 01 train batch [1160/1875] loss=0.9740 avg_loss=1.2453. Resources: rss=1872.8MB, peak_rss=1872.8MB, cuda_alloc=351.3MB, cuda_reserved=29562.0MB, cuda_peak_alloc=3638.2MB, cuda_free=18406.9MB, cuda_total=48519.1MB
[2026-06-10 02:15:08] Epoch 01 train batch [1180/1875] loss=0.9662 avg_loss=1.2406. Resources: rss=1873.1MB, peak_rss=1873.1MB, cuda_alloc=351.3MB, cuda_reserved=29562.0MB, cuda_peak_alloc=3638.2MB, cuda_free=18406.9MB, cuda_total=48519.1MB
[2026-06-10 02:15:11] Epoch 01 train batch [1200/1875] loss=0.9016 avg_loss=1.2365. Resources: rss=1873.1MB, peak_rss=1873.1MB, cuda_alloc=351.3MB, cuda_reserved=29562.0MB, cuda_peak_alloc=3638.2MB, cuda_free=18406.9MB, cuda_total=48519.1MB
[2026-06-10 02:15:13] Epoch 01 train batch [1220/1875] loss=0.9682 avg_loss=1.2321. Resources: rss=1875.3MB, peak_rss=1875.3MB, cuda_alloc=351.3MB, cuda_reserved=29562.0MB, cuda_peak_alloc=3638.2MB, cuda_free=18406.9MB, cuda_total=48519.1MB
[2026-06-10 02:15:16] Epoch 01 train batch [1240/1875] loss=0.8757 avg_loss=1.2277. Resources: rss=1875.5MB, peak_rss=1875.5MB, cuda_alloc=351.3MB, cuda_reserved=29562.0MB, cuda_peak_alloc=3638.2MB, cuda_free=18406.9MB, cuda_total=48519.1MB
[2026-06-10 02:15:19] Epoch 01 train batch [1260/1875] loss=1.0811 avg_loss=1.2233. Resources: rss=1875.5MB, peak_rss=1875.5MB, cuda_alloc=351.3MB, cuda_reserved=29562.0MB, cuda_peak_alloc=3638.2MB, cuda_free=18406.9MB, cuda_total=48519.1MB
[2026-06-10 02:15:21] Epoch 01 train batch [1280/1875] loss=0.9310 avg_loss=1.2196. Resources: rss=1875.5MB, peak_rss=1875.5MB, cuda_alloc=351.3MB, cuda_reserved=29562.0MB, cuda_peak_alloc=3638.2MB, cuda_free=18406.9MB, cuda_total=48519.1MB
[2026-06-10 02:15:24] Epoch 01 train batch [1300/1875] loss=0.9109 avg_loss=1.2153. Resources: rss=1876.5MB, peak_rss=1876.5MB, cuda_alloc=351.3MB, cuda_reserved=29562.0MB, cuda_peak_alloc=3638.2MB, cuda_free=18406.9MB, cuda_total=48519.1MB
[2026-06-10 02:15:27] Epoch 01 train batch [1320/1875] loss=0.9819 avg_loss=1.2109. Resources: rss=1876.5MB, peak_rss=1876.5MB, cuda_alloc=351.3MB, cuda_reserved=29562.0MB, cuda_peak_alloc=3638.2MB, cuda_free=18406.9MB, cuda_total=48519.1MB
[2026-06-10 02:15:29] Epoch 01 train batch [1340/1875] loss=0.8989 avg_loss=1.2062. Resources: rss=1877.3MB, peak_rss=1877.3MB, cuda_alloc=351.3MB, cuda_reserved=29562.0MB, cuda_peak_alloc=3638.2MB, cuda_free=18406.9MB, cuda_total=48519.1MB
[2026-06-10 02:15:32] Epoch 01 train batch [1360/1875] loss=1.0264 avg_loss=1.2026. Resources: rss=1877.3MB, peak_rss=1877.3MB, cuda_alloc=351.3MB, cuda_reserved=29562.0MB, cuda_peak_alloc=3638.2MB, cuda_free=18406.9MB, cuda_total=48519.1MB
[2026-06-10 02:15:35] Epoch 01 train batch [1380/1875] loss=0.8424 avg_loss=1.1985. Resources: rss=1877.3MB, peak_rss=1877.3MB, cuda_alloc=351.3MB, cuda_reserved=29562.0MB, cuda_peak_alloc=3638.2MB, cuda_free=18406.9MB, cuda_total=48519.1MB
[2026-06-10 02:15:38] Epoch 01 train batch [1400/1875] loss=0.6920 avg_loss=1.1942. Resources: rss=1878.8MB, peak_rss=1878.8MB, cuda_alloc=351.3MB, cuda_reserved=29562.0MB, cuda_peak_alloc=3638.2MB, cuda_free=18406.9MB, cuda_total=48519.1MB
[2026-06-10 02:15:40] Epoch 01 train batch [1420/1875] loss=1.0413 avg_loss=1.1906. Resources: rss=1878.8MB, peak_rss=1878.8MB, cuda_alloc=351.3MB, cuda_reserved=29562.0MB, cuda_peak_alloc=3638.2MB, cuda_free=18406.9MB, cuda_total=48519.1MB
[2026-06-10 02:15:43] Epoch 01 train batch [1440/1875] loss=0.8427 avg_loss=1.1859. Resources: rss=1878.8MB, peak_rss=1878.8MB, cuda_alloc=351.3MB, cuda_reserved=29562.0MB, cuda_peak_alloc=3638.2MB, cuda_free=18406.9MB, cuda_total=48519.1MB
[2026-06-10 02:15:46] Epoch 01 train batch [1460/1875] loss=0.9075 avg_loss=1.1820. Resources: rss=1879.5MB, peak_rss=1879.5MB, cuda_alloc=351.3MB, cuda_reserved=29562.0MB, cuda_peak_alloc=3638.2MB, cuda_free=18406.9MB, cuda_total=48519.1MB
[2026-06-10 02:15:48] Epoch 01 train batch [1480/1875] loss=0.7385 avg_loss=1.1780. Resources: rss=1879.5MB, peak_rss=1879.5MB, cuda_alloc=351.3MB, cuda_reserved=29562.0MB, cuda_peak_alloc=3638.2MB, cuda_free=18406.9MB, cuda_total=48519.1MB
[2026-06-10 02:15:51] Epoch 01 train batch [1500/1875] loss=0.7365 avg_loss=1.1746. Resources: rss=1880.3MB, peak_rss=1880.3MB, cuda_alloc=351.3MB, cuda_reserved=29562.0MB, cuda_peak_alloc=3638.2MB, cuda_free=18406.9MB, cuda_total=48519.1MB
[2026-06-10 02:15:53] Epoch 01 train batch [1520/1875] loss=0.8763 avg_loss=1.1705. Resources: rss=1881.0MB, peak_rss=1881.0MB, cuda_alloc=351.3MB, cuda_reserved=29562.0MB, cuda_peak_alloc=3638.2MB, cuda_free=18406.9MB, cuda_total=48519.1MB
[2026-06-10 02:15:56] Epoch 01 train batch [1540/1875] loss=0.8263 avg_loss=1.1658. Resources: rss=1881.0MB, peak_rss=1881.0MB, cuda_alloc=351.3MB, cuda_reserved=29562.0MB, cuda_peak_alloc=3638.2MB, cuda_free=18406.9MB, cuda_total=48519.1MB
[2026-06-10 02:15:59] Epoch 01 train batch [1560/1875] loss=0.9645 avg_loss=1.1617. Resources: rss=1881.0MB, peak_rss=1881.0MB, cuda_alloc=351.3MB, cuda_reserved=29562.0MB, cuda_peak_alloc=3638.2MB, cuda_free=18406.9MB, cuda_total=48519.1MB
[2026-06-10 02:16:01] Epoch 01 train batch [1580/1875] loss=0.8264 avg_loss=1.1572. Resources: rss=1881.0MB, peak_rss=1881.0MB, cuda_alloc=351.3MB, cuda_reserved=29562.0MB, cuda_peak_alloc=3638.2MB, cuda_free=18406.9MB, cuda_total=48519.1MB
[2026-06-10 02:16:04] Epoch 01 train batch [1600/1875] loss=0.8454 avg_loss=1.1535. Resources: rss=1881.0MB, peak_rss=1881.0MB, cuda_alloc=351.3MB, cuda_reserved=29562.0MB, cuda_peak_alloc=3638.2MB, cuda_free=18406.9MB, cuda_total=48519.1MB
[2026-06-10 02:16:07] Epoch 01 train batch [1620/1875] loss=0.8012 avg_loss=1.1492. Resources: rss=1882.0MB, peak_rss=1882.0MB, cuda_alloc=351.3MB, cuda_reserved=29562.0MB, cuda_peak_alloc=3638.2MB, cuda_free=18406.9MB, cuda_total=48519.1MB
[2026-06-10 02:16:09] Epoch 01 train batch [1640/1875] loss=0.7333 avg_loss=1.1454. Resources: rss=1882.0MB, peak_rss=1882.0MB, cuda_alloc=351.3MB, cuda_reserved=29562.0MB, cuda_peak_alloc=3638.2MB, cuda_free=18406.9MB, cuda_total=48519.1MB
[2026-06-10 02:16:12] Epoch 01 train batch [1660/1875] loss=0.6766 avg_loss=1.1418. Resources: rss=1882.0MB, peak_rss=1882.0MB, cuda_alloc=351.3MB, cuda_reserved=29562.0MB, cuda_peak_alloc=3638.2MB, cuda_free=18406.9MB, cuda_total=48519.1MB
[2026-06-10 02:16:15] Epoch 01 train batch [1680/1875] loss=0.7620 avg_loss=1.1382. Resources: rss=1882.0MB, peak_rss=1882.0MB, cuda_alloc=351.3MB, cuda_reserved=29562.0MB, cuda_peak_alloc=3638.2MB, cuda_free=18406.9MB, cuda_total=48519.1MB
[2026-06-10 02:16:17] Epoch 01 train batch [1700/1875] loss=0.6910 avg_loss=1.1343. Resources: rss=1882.0MB, peak_rss=1882.0MB, cuda_alloc=351.3MB, cuda_reserved=29562.0MB, cuda_peak_alloc=3638.2MB, cuda_free=18406.9MB, cuda_total=48519.1MB
[2026-06-10 02:16:20] Epoch 01 train batch [1720/1875] loss=0.7239 avg_loss=1.1304. Resources: rss=1882.0MB, peak_rss=1882.0MB, cuda_alloc=351.3MB, cuda_reserved=29562.0MB, cuda_peak_alloc=3638.2MB, cuda_free=18406.9MB, cuda_total=48519.1MB
[2026-06-10 02:16:22] Epoch 01 train batch [1740/1875] loss=0.7463 avg_loss=1.1271. Resources: rss=1883.3MB, peak_rss=1883.3MB, cuda_alloc=351.3MB, cuda_reserved=29562.0MB, cuda_peak_alloc=3638.2MB, cuda_free=18406.9MB, cuda_total=48519.1MB
[2026-06-10 02:16:25] Epoch 01 train batch [1760/1875] loss=0.6166 avg_loss=1.1237. Resources: rss=1883.3MB, peak_rss=1883.3MB, cuda_alloc=351.3MB, cuda_reserved=29562.0MB, cuda_peak_alloc=3638.2MB, cuda_free=18406.9MB, cuda_total=48519.1MB
[2026-06-10 02:16:28] Epoch 01 train batch [1780/1875] loss=0.7554 avg_loss=1.1206. Resources: rss=1883.3MB, peak_rss=1883.3MB, cuda_alloc=351.3MB, cuda_reserved=29562.0MB, cuda_peak_alloc=3638.2MB, cuda_free=18406.9MB, cuda_total=48519.1MB
[2026-06-10 02:16:30] Epoch 01 train batch [1800/1875] loss=0.8518 avg_loss=1.1171. Resources: rss=1883.3MB, peak_rss=1883.3MB, cuda_alloc=351.3MB, cuda_reserved=29562.0MB, cuda_peak_alloc=3638.2MB, cuda_free=18406.9MB, cuda_total=48519.1MB
[2026-06-10 02:16:33] Epoch 01 train batch [1820/1875] loss=0.9012 avg_loss=1.1139. Resources: rss=1883.3MB, peak_rss=1883.3MB, cuda_alloc=351.3MB, cuda_reserved=29562.0MB, cuda_peak_alloc=3638.2MB, cuda_free=18406.9MB, cuda_total=48519.1MB
[2026-06-10 02:16:36] Epoch 01 train batch [1840/1875] loss=0.7306 avg_loss=1.1102. Resources: rss=1874.5MB, peak_rss=1883.3MB, cuda_alloc=351.3MB, cuda_reserved=29564.0MB, cuda_peak_alloc=3638.2MB, cuda_free=18404.9MB, cuda_total=48519.1MB
[2026-06-10 02:16:38] Epoch 01 train batch [1860/1875] loss=0.7020 avg_loss=1.1067. Resources: rss=1880.2MB, peak_rss=1883.3MB, cuda_alloc=351.3MB, cuda_reserved=29564.0MB, cuda_peak_alloc=3638.2MB, cuda_free=18404.9MB, cuda_total=48519.1MB
[2026-06-10 02:16:40] Epoch 01 train batch [1875/1875] loss=0.6151 avg_loss=1.1042. Resources: rss=1880.2MB, peak_rss=1883.3MB, cuda_alloc=351.3MB, cuda_reserved=29564.0MB, cuda_peak_alloc=3638.2MB, cuda_free=18404.9MB, cuda_total=48519.1MB
[2026-06-10 02:16:40] Epoch 01 training completed. Resources: rss=1880.2MB, peak_rss=1883.3MB, cuda_alloc=351.3MB, cuda_reserved=29564.0MB, cuda_peak_alloc=3638.2MB, cuda_free=18404.9MB, cuda_total=48519.1MB
[2026-06-10 02:16:41] Epoch 01 cache released before validation loss. Resources: rss=1843.1MB, peak_rss=1883.3MB, cuda_alloc=351.3MB, cuda_reserved=552.0MB, cuda_peak_alloc=351.3MB, cuda_free=47416.9MB, cuda_total=48519.1MB
[2026-06-10 02:17:02] Epoch 01 validation loss completed: 0.8144. Resources: rss=1893.4MB, peak_rss=1893.4MB, cuda_alloc=351.3MB, cuda_reserved=10180.0MB, cuda_peak_alloc=1426.1MB, cuda_free=37788.9MB, cuda_total=48519.1MB
[2026-06-10 02:17:03] Epoch 01 cache released before detection metrics. Resources: rss=1841.1MB, peak_rss=1893.4MB, cuda_alloc=351.3MB, cuda_reserved=552.0MB, cuda_peak_alloc=351.3MB, cuda_free=47416.9MB, cuda_total=48519.1MB
[2026-06-10 02:17:23] Epoch 01 prediction tensors moved to CPU. Computing metrics. Resources: rss=1931.9MB, peak_rss=1976.9MB, cuda_alloc=351.3MB, cuda_reserved=552.0MB, cuda_peak_alloc=351.3MB, cuda_free=47414.9MB, cuda_total=48519.1MB
[2026-06-10 02:17:23] Epoch 01 metrics computed (mAP@0.5 only). Saving artifacts. Resources: rss=1934.7MB, peak_rss=1976.9MB, cuda_alloc=351.3MB, cuda_reserved=552.0MB, cuda_peak_alloc=351.3MB, cuda_free=47414.9MB, cuda_total=48519.1MB
[2026-06-10 02:17:23] Epoch 01 improved mAP@0.5 to 0.0019. Saved best checkpoint: best_model-20260610-021221.pth. Resources: rss=2405.7MB, peak_rss=2405.7MB, cuda_alloc=351.3MB, cuda_reserved=552.0MB, cuda_peak_alloc=351.3MB, cuda_free=47414.9MB, cuda_total=48519.1MB
Epoch [01/30]
├── Train Loss : 1.1042
│   ├── loss_classifier  : 0.6675
│   ├── loss_box_reg     : 0.4367
│   ├── loss_objectness  : 0.0000
│   └── loss_rpn_box_reg : 0.0000
├── Val Loss   : 0.8144
├── mAP@0.5    : 0.0019
├── mAP@0.75   : n/a
├── mAP@0.5:0.95 : n/a
├── Precision  : 0.0625
├── Recall     : 0.0272
├── GT Boxes   : 2021
├── Predictions: 880
├── Per-class AP
│   ├── person  : AP50=0.0069, AP75=n/a, AP50:95=n/a, P=0.1706, R=0.0400
│   ├── car     : AP50=0.0000, AP75=n/a, AP50:95=n/a, P=0.0000, R=0.0000
│   ├── dog     : AP50=0.0012, AP75=n/a, AP50:95=n/a, P=0.0380, R=0.0291
│   ├── cat     : AP50=0.0014, AP75=n/a, AP50:95=n/a, P=0.0387, R=0.0341
│   └── chair   : AP50=0.0000, AP75=n/a, AP50:95=n/a, P=0.0000, R=0.0000
├── LR         : 0.001000
└── Time       : 299.6s
[2026-06-10 02:17:23] Epoch [01/30] completed. Resources: rss=1932.7MB, peak_rss=2405.7MB, cuda_alloc=351.3MB, cuda_reserved=552.0MB, cuda_peak_alloc=351.3MB, cuda_free=47414.9MB, cuda_total=48519.1MB
[2026-06-10 02:17:24] Epoch [02/30] started. Resources: rss=1932.7MB, peak_rss=2405.7MB, cuda_alloc=351.3MB, cuda_reserved=552.0MB, cuda_peak_alloc=351.3MB, cuda_free=47414.9MB, cuda_total=48519.1MB
[2026-06-10 02:17:26] Epoch 02 train batch [20/1875] loss=0.8551 avg_loss=0.7643. Resources: rss=1983.8MB, peak_rss=2405.7MB, cuda_alloc=351.3MB, cuda_reserved=23922.0MB, cuda_peak_alloc=3637.2MB, cuda_free=24044.9MB, cuda_total=48519.1MB
[2026-06-10 02:17:29] Epoch 02 train batch [40/1875] loss=0.8853 avg_loss=0.7610. Resources: rss=1978.8MB, peak_rss=2405.7MB, cuda_alloc=351.3MB, cuda_reserved=25582.0MB, cuda_peak_alloc=3638.1MB, cuda_free=22384.9MB, cuda_total=48519.1MB
[2026-06-10 02:17:32] Epoch 02 train batch [60/1875] loss=0.6173 avg_loss=0.7580. Resources: rss=1986.5MB, peak_rss=2405.7MB, cuda_alloc=351.3MB, cuda_reserved=32864.0MB, cuda_peak_alloc=3638.1MB, cuda_free=15102.9MB, cuda_total=48519.1MB
[2026-06-10 02:17:34] Epoch 02 train batch [80/1875] loss=0.7218 avg_loss=0.7595. Resources: rss=1984.6MB, peak_rss=2405.7MB, cuda_alloc=351.3MB, cuda_reserved=32864.0MB, cuda_peak_alloc=3638.1MB, cuda_free=15102.9MB, cuda_total=48519.1MB
[2026-06-10 02:17:37] Epoch 02 train batch [100/1875] loss=0.8055 avg_loss=0.7527. Resources: rss=1984.6MB, peak_rss=2405.7MB, cuda_alloc=351.3MB, cuda_reserved=32864.0MB, cuda_peak_alloc=3638.1MB, cuda_free=15102.9MB, cuda_total=48519.1MB
[2026-06-10 02:17:40] Epoch 02 train batch [120/1875] loss=0.6142 avg_loss=0.7501. Resources: rss=1982.7MB, peak_rss=2405.7MB, cuda_alloc=351.3MB, cuda_reserved=32864.0MB, cuda_peak_alloc=3638.1MB, cuda_free=15102.9MB, cuda_total=48519.1MB
[2026-06-10 02:17:42] Epoch 02 train batch [140/1875] loss=0.7919 avg_loss=0.7650. Resources: rss=1986.7MB, peak_rss=2405.7MB, cuda_alloc=351.3MB, cuda_reserved=32864.0MB, cuda_peak_alloc=3638.1MB, cuda_free=15102.9MB, cuda_total=48519.1MB
[2026-06-10 02:17:45] Epoch 02 train batch [160/1875] loss=0.7261 avg_loss=0.7650. Resources: rss=1986.9MB, peak_rss=2405.7MB, cuda_alloc=351.3MB, cuda_reserved=38484.0MB, cuda_peak_alloc=3638.1MB, cuda_free=9482.9MB, cuda_total=48519.1MB
[2026-06-10 02:17:48] Epoch 02 train batch [180/1875] loss=0.7444 avg_loss=0.7625. Resources: rss=1986.9MB, peak_rss=2405.7MB, cuda_alloc=351.3MB, cuda_reserved=38484.0MB, cuda_peak_alloc=3638.1MB, cuda_free=9482.9MB, cuda_total=48519.1MB
[2026-06-10 02:17:50] Epoch 02 train batch [200/1875] loss=0.8763 avg_loss=0.7654. Resources: rss=1986.9MB, peak_rss=2405.7MB, cuda_alloc=351.3MB, cuda_reserved=40644.0MB, cuda_peak_alloc=3638.1MB, cuda_free=7322.9MB, cuda_total=48519.1MB
[2026-06-10 02:17:53] Epoch 02 train batch [220/1875] loss=0.5016 avg_loss=0.7669. Resources: rss=1983.4MB, peak_rss=2405.7MB, cuda_alloc=351.3MB, cuda_reserved=43264.0MB, cuda_peak_alloc=3638.1MB, cuda_free=4702.9MB, cuda_total=48519.1MB
[2026-06-10 02:17:56] Epoch 02 train batch [240/1875] loss=0.7630 avg_loss=0.7596. Resources: rss=1989.1MB, peak_rss=2405.7MB, cuda_alloc=351.3MB, cuda_reserved=43264.0MB, cuda_peak_alloc=3638.1MB, cuda_free=4702.9MB, cuda_total=48519.1MB
[2026-06-10 02:17:58] Epoch 02 train batch [260/1875] loss=0.7049 avg_loss=0.7570. Resources: rss=1989.1MB, peak_rss=2405.7MB, cuda_alloc=351.3MB, cuda_reserved=43264.0MB, cuda_peak_alloc=3638.1MB, cuda_free=4702.9MB, cuda_total=48519.1MB
[2026-06-10 02:18:01] Epoch 02 train batch [280/1875] loss=0.7032 avg_loss=0.7584. Resources: rss=1989.9MB, peak_rss=2405.7MB, cuda_alloc=351.3MB, cuda_reserved=43264.0MB, cuda_peak_alloc=3638.1MB, cuda_free=4702.9MB, cuda_total=48519.1MB
[2026-06-10 02:18:04] Epoch 02 train batch [300/1875] loss=0.9110 avg_loss=0.7575. Resources: rss=1989.9MB, peak_rss=2405.7MB, cuda_alloc=351.3MB, cuda_reserved=43264.0MB, cuda_peak_alloc=3638.1MB, cuda_free=4702.9MB, cuda_total=48519.1MB
[2026-06-10 02:18:06] Epoch 02 train batch [320/1875] loss=0.8542 avg_loss=0.7544. Resources: rss=1991.9MB, peak_rss=2405.7MB, cuda_alloc=351.3MB, cuda_reserved=43264.0MB, cuda_peak_alloc=3638.1MB, cuda_free=4702.9MB, cuda_total=48519.1MB
[2026-06-10 02:18:09] Epoch 02 train batch [340/1875] loss=0.8351 avg_loss=0.7518. Resources: rss=1992.9MB, peak_rss=2405.7MB, cuda_alloc=351.3MB, cuda_reserved=43264.0MB, cuda_peak_alloc=3638.1MB, cuda_free=4702.9MB, cuda_total=48519.1MB
[2026-06-10 02:18:11] Epoch 02 train batch [360/1875] loss=0.5231 avg_loss=0.7492. Resources: rss=1992.9MB, peak_rss=2405.7MB, cuda_alloc=351.3MB, cuda_reserved=43264.0MB, cuda_peak_alloc=3638.1MB, cuda_free=4702.9MB, cuda_total=48519.1MB
[2026-06-10 02:18:14] Epoch 02 train batch [380/1875] loss=0.6871 avg_loss=0.7461. Resources: rss=1992.9MB, peak_rss=2405.7MB, cuda_alloc=351.3MB, cuda_reserved=45424.0MB, cuda_peak_alloc=3638.1MB, cuda_free=2542.9MB, cuda_total=48519.1MB
[2026-06-10 02:18:17] Epoch 02 train batch [400/1875] loss=0.7179 avg_loss=0.7431. Resources: rss=1992.9MB, peak_rss=2405.7MB, cuda_alloc=351.3MB, cuda_reserved=45424.0MB, cuda_peak_alloc=3638.1MB, cuda_free=2542.9MB, cuda_total=48519.1MB
[2026-06-10 02:18:19] Epoch 02 train batch [420/1875] loss=0.6150 avg_loss=0.7423. Resources: rss=1994.9MB, peak_rss=2405.7MB, cuda_alloc=351.3MB, cuda_reserved=45424.0MB, cuda_peak_alloc=3638.1MB, cuda_free=2542.9MB, cuda_total=48519.1MB
[2026-06-10 02:18:22] Epoch 02 train batch [440/1875] loss=0.8298 avg_loss=0.7423. Resources: rss=1994.9MB, peak_rss=2405.7MB, cuda_alloc=351.3MB, cuda_reserved=45424.0MB, cuda_peak_alloc=3638.1MB, cuda_free=2542.9MB, cuda_total=48519.1MB
[2026-06-10 02:18:25] Epoch 02 train batch [460/1875] loss=0.7426 avg_loss=0.7408. Resources: rss=1994.9MB, peak_rss=2405.7MB, cuda_alloc=351.3MB, cuda_reserved=45424.0MB, cuda_peak_alloc=3638.1MB, cuda_free=2542.9MB, cuda_total=48519.1MB
[2026-06-10 02:18:28] Epoch 02 train batch [480/1875] loss=0.6924 avg_loss=0.7381. Resources: rss=1994.9MB, peak_rss=2405.7MB, cuda_alloc=351.3MB, cuda_reserved=45424.0MB, cuda_peak_alloc=3638.1MB, cuda_free=2542.9MB, cuda_total=48519.1MB
[2026-06-10 02:18:30] Epoch 02 train batch [500/1875] loss=0.5976 avg_loss=0.7367. Resources: rss=1994.9MB, peak_rss=2405.7MB, cuda_alloc=351.3MB, cuda_reserved=45424.0MB, cuda_peak_alloc=3638.1MB, cuda_free=2542.9MB, cuda_total=48519.1MB
[2026-06-10 02:18:34] Epoch 02 train batch [520/1875] loss=0.5082 avg_loss=0.7360. Resources: rss=1994.9MB, peak_rss=2405.7MB, cuda_alloc=351.3MB, cuda_reserved=26062.0MB, cuda_peak_alloc=3638.1MB, cuda_free=21904.9MB, cuda_total=48519.1MB
[2026-06-10 02:18:37] Epoch 02 train batch [540/1875] loss=0.6722 avg_loss=0.7346. Resources: rss=1994.9MB, peak_rss=2405.7MB, cuda_alloc=351.3MB, cuda_reserved=26062.0MB, cuda_peak_alloc=3638.1MB, cuda_free=21904.9MB, cuda_total=48519.1MB
[2026-06-10 02:18:39] Epoch 02 train batch [560/1875] loss=0.7345 avg_loss=0.7345. Resources: rss=1994.9MB, peak_rss=2405.7MB, cuda_alloc=351.3MB, cuda_reserved=26062.0MB, cuda_peak_alloc=3638.1MB, cuda_free=21904.9MB, cuda_total=48519.1MB
[2026-06-10 02:18:42] Epoch 02 train batch [580/1875] loss=0.7311 avg_loss=0.7351. Resources: rss=1994.9MB, peak_rss=2405.7MB, cuda_alloc=351.3MB, cuda_reserved=26062.0MB, cuda_peak_alloc=3638.2MB, cuda_free=21904.9MB, cuda_total=48519.1MB
[2026-06-10 02:18:45] Epoch 02 train batch [600/1875] loss=0.4834 avg_loss=0.7345. Resources: rss=1994.9MB, peak_rss=2405.7MB, cuda_alloc=351.3MB, cuda_reserved=26062.0MB, cuda_peak_alloc=3638.2MB, cuda_free=21904.9MB, cuda_total=48519.1MB
[2026-06-10 02:18:47] Epoch 02 train batch [620/1875] loss=0.6946 avg_loss=0.7324. Resources: rss=1994.9MB, peak_rss=2405.7MB, cuda_alloc=351.3MB, cuda_reserved=39642.0MB, cuda_peak_alloc=3638.2MB, cuda_free=8324.9MB, cuda_total=48519.1MB
[2026-06-10 02:18:50] Epoch 02 train batch [640/1875] loss=0.5360 avg_loss=0.7339. Resources: rss=1994.9MB, peak_rss=2405.7MB, cuda_alloc=351.3MB, cuda_reserved=39642.0MB, cuda_peak_alloc=3638.2MB, cuda_free=8324.9MB, cuda_total=48519.1MB
[2026-06-10 02:18:53] Epoch 02 train batch [660/1875] loss=0.8023 avg_loss=0.7322. Resources: rss=1994.9MB, peak_rss=2405.7MB, cuda_alloc=351.3MB, cuda_reserved=39642.0MB, cuda_peak_alloc=3638.2MB, cuda_free=8324.9MB, cuda_total=48519.1MB
[2026-06-10 02:18:55] Epoch 02 train batch [680/1875] loss=0.7129 avg_loss=0.7311. Resources: rss=1994.9MB, peak_rss=2405.7MB, cuda_alloc=351.3MB, cuda_reserved=39642.0MB, cuda_peak_alloc=3638.2MB, cuda_free=8324.9MB, cuda_total=48519.1MB
[2026-06-10 02:18:58] Epoch 02 train batch [700/1875] loss=0.6616 avg_loss=0.7302. Resources: rss=1994.9MB, peak_rss=2405.7MB, cuda_alloc=351.3MB, cuda_reserved=39644.0MB, cuda_peak_alloc=3638.2MB, cuda_free=8322.9MB, cuda_total=48519.1MB
[2026-06-10 02:19:01] Epoch 02 train batch [720/1875] loss=1.0361 avg_loss=0.7286. Resources: rss=1995.9MB, peak_rss=2405.7MB, cuda_alloc=351.3MB, cuda_reserved=39644.0MB, cuda_peak_alloc=3638.2MB, cuda_free=8322.9MB, cuda_total=48519.1MB
[2026-06-10 02:19:03] Epoch 02 train batch [740/1875] loss=0.6814 avg_loss=0.7278. Resources: rss=1997.6MB, peak_rss=2405.7MB, cuda_alloc=351.3MB, cuda_reserved=39644.0MB, cuda_peak_alloc=3638.2MB, cuda_free=8322.9MB, cuda_total=48519.1MB
[2026-06-10 02:19:06] Epoch 02 train batch [760/1875] loss=0.7753 avg_loss=0.7271. Resources: rss=1997.6MB, peak_rss=2405.7MB, cuda_alloc=351.3MB, cuda_reserved=39644.0MB, cuda_peak_alloc=3638.2MB, cuda_free=8322.9MB, cuda_total=48519.1MB
[2026-06-10 02:19:08] Epoch 02 train batch [780/1875] loss=0.7410 avg_loss=0.7265. Resources: rss=1997.6MB, peak_rss=2405.7MB, cuda_alloc=351.3MB, cuda_reserved=39644.0MB, cuda_peak_alloc=3638.2MB, cuda_free=8322.9MB, cuda_total=48519.1MB
[2026-06-10 02:19:11] Epoch 02 train batch [800/1875] loss=0.5229 avg_loss=0.7251. Resources: rss=1997.6MB, peak_rss=2405.7MB, cuda_alloc=351.3MB, cuda_reserved=39644.0MB, cuda_peak_alloc=3638.2MB, cuda_free=8322.9MB, cuda_total=48519.1MB
[2026-06-10 02:19:13] Epoch 02 train batch [820/1875] loss=0.7548 avg_loss=0.7240. Resources: rss=1979.9MB, peak_rss=2405.7MB, cuda_alloc=351.3MB, cuda_reserved=39644.0MB, cuda_peak_alloc=3638.2MB, cuda_free=8322.9MB, cuda_total=48519.1MB
[2026-06-10 02:19:16] Epoch 02 train batch [840/1875] loss=0.6118 avg_loss=0.7236. Resources: rss=1998.2MB, peak_rss=2405.7MB, cuda_alloc=351.3MB, cuda_reserved=39644.0MB, cuda_peak_alloc=3638.2MB, cuda_free=8322.9MB, cuda_total=48519.1MB
[2026-06-10 02:19:19] Epoch 02 train batch [860/1875] loss=0.8157 avg_loss=0.7221. Resources: rss=1998.2MB, peak_rss=2405.7MB, cuda_alloc=351.3MB, cuda_reserved=39644.0MB, cuda_peak_alloc=3638.2MB, cuda_free=8322.9MB, cuda_total=48519.1MB
[2026-06-10 02:19:21] Epoch 02 train batch [880/1875] loss=0.6774 avg_loss=0.7211. Resources: rss=1998.2MB, peak_rss=2405.7MB, cuda_alloc=351.3MB, cuda_reserved=39644.0MB, cuda_peak_alloc=3638.2MB, cuda_free=8322.9MB, cuda_total=48519.1MB
[2026-06-10 02:19:24] Epoch 02 train batch [900/1875] loss=0.5494 avg_loss=0.7203. Resources: rss=1998.2MB, peak_rss=2405.7MB, cuda_alloc=351.3MB, cuda_reserved=39644.0MB, cuda_peak_alloc=3638.2MB, cuda_free=8322.9MB, cuda_total=48519.1MB
[2026-06-10 02:19:26] Epoch 02 train batch [920/1875] loss=0.6718 avg_loss=0.7185. Resources: rss=1998.2MB, peak_rss=2405.7MB, cuda_alloc=351.3MB, cuda_reserved=39644.0MB, cuda_peak_alloc=3638.2MB, cuda_free=8322.9MB, cuda_total=48519.1MB
[2026-06-10 02:19:29] Epoch 02 train batch [940/1875] loss=1.0821 avg_loss=0.7184. Resources: rss=1998.2MB, peak_rss=2405.7MB, cuda_alloc=351.3MB, cuda_reserved=39644.0MB, cuda_peak_alloc=3638.2MB, cuda_free=8322.9MB, cuda_total=48519.1MB
[2026-06-10 02:19:32] Epoch 02 train batch [960/1875] loss=0.5995 avg_loss=0.7170. Resources: rss=1998.2MB, peak_rss=2405.7MB, cuda_alloc=351.3MB, cuda_reserved=39644.0MB, cuda_peak_alloc=3638.2MB, cuda_free=8322.9MB, cuda_total=48519.1MB
[2026-06-10 02:19:34] Epoch 02 train batch [980/1875] loss=0.6338 avg_loss=0.7155. Resources: rss=1998.2MB, peak_rss=2405.7MB, cuda_alloc=351.3MB, cuda_reserved=39644.0MB, cuda_peak_alloc=3638.2MB, cuda_free=8322.9MB, cuda_total=48519.1MB
[2026-06-10 02:19:37] Epoch 02 train batch [1000/1875] loss=0.5016 avg_loss=0.7138. Resources: rss=2001.9MB, peak_rss=2405.7MB, cuda_alloc=351.3MB, cuda_reserved=39644.0MB, cuda_peak_alloc=3638.2MB, cuda_free=8322.9MB, cuda_total=48519.1MB
[2026-06-10 02:19:40] Epoch 02 train batch [1020/1875] loss=0.4805 avg_loss=0.7129. Resources: rss=2001.9MB, peak_rss=2405.7MB, cuda_alloc=351.3MB, cuda_reserved=39644.0MB, cuda_peak_alloc=3638.2MB, cuda_free=8322.9MB, cuda_total=48519.1MB
[2026-06-10 02:19:43] Epoch 02 train batch [1040/1875] loss=0.4828 avg_loss=0.7118. Resources: rss=2001.9MB, peak_rss=2405.7MB, cuda_alloc=351.3MB, cuda_reserved=42664.0MB, cuda_peak_alloc=3638.2MB, cuda_free=5302.9MB, cuda_total=48519.1MB
[2026-06-10 02:19:45] Epoch 02 train batch [1060/1875] loss=0.5322 avg_loss=0.7105. Resources: rss=2002.9MB, peak_rss=2405.7MB, cuda_alloc=351.3MB, cuda_reserved=42664.0MB, cuda_peak_alloc=3638.2MB, cuda_free=5302.9MB, cuda_total=48519.1MB
[2026-06-10 02:19:48] Epoch 02 train batch [1080/1875] loss=0.5903 avg_loss=0.7093. Resources: rss=2002.9MB, peak_rss=2405.7MB, cuda_alloc=351.3MB, cuda_reserved=42664.0MB, cuda_peak_alloc=3638.2MB, cuda_free=5302.9MB, cuda_total=48519.1MB
[2026-06-10 02:19:51] Epoch 02 train batch [1100/1875] loss=0.5863 avg_loss=0.7075. Resources: rss=2002.9MB, peak_rss=2405.7MB, cuda_alloc=351.3MB, cuda_reserved=42664.0MB, cuda_peak_alloc=3638.2MB, cuda_free=5302.9MB, cuda_total=48519.1MB
[2026-06-10 02:19:53] Epoch 02 train batch [1120/1875] loss=0.6527 avg_loss=0.7062. Resources: rss=2003.7MB, peak_rss=2405.7MB, cuda_alloc=351.3MB, cuda_reserved=42664.0MB, cuda_peak_alloc=3638.2MB, cuda_free=5302.9MB, cuda_total=48519.1MB
[2026-06-10 02:19:56] Epoch 02 train batch [1140/1875] loss=0.5593 avg_loss=0.7042. Resources: rss=2003.7MB, peak_rss=2405.7MB, cuda_alloc=351.3MB, cuda_reserved=42664.0MB, cuda_peak_alloc=3638.2MB, cuda_free=5302.9MB, cuda_total=48519.1MB
[2026-06-10 02:19:58] Epoch 02 train batch [1160/1875] loss=0.6616 avg_loss=0.7028. Resources: rss=2003.7MB, peak_rss=2405.7MB, cuda_alloc=351.3MB, cuda_reserved=42664.0MB, cuda_peak_alloc=3638.2MB, cuda_free=5302.9MB, cuda_total=48519.1MB
[2026-06-10 02:20:01] Epoch 02 train batch [1180/1875] loss=0.5076 avg_loss=0.7016. Resources: rss=2003.7MB, peak_rss=2405.7MB, cuda_alloc=351.3MB, cuda_reserved=42664.0MB, cuda_peak_alloc=3638.2MB, cuda_free=5302.9MB, cuda_total=48519.1MB
[2026-06-10 02:20:04] Epoch 02 train batch [1200/1875] loss=0.6442 avg_loss=0.7005. Resources: rss=2003.7MB, peak_rss=2405.7MB, cuda_alloc=351.3MB, cuda_reserved=42664.0MB, cuda_peak_alloc=3638.2MB, cuda_free=5302.9MB, cuda_total=48519.1MB
[2026-06-10 02:20:06] Epoch 02 train batch [1220/1875] loss=0.6809 avg_loss=0.6992. Resources: rss=2003.7MB, peak_rss=2405.7MB, cuda_alloc=351.3MB, cuda_reserved=42664.0MB, cuda_peak_alloc=3638.2MB, cuda_free=5302.9MB, cuda_total=48519.1MB
[2026-06-10 02:20:09] Epoch 02 train batch [1240/1875] loss=0.5499 avg_loss=0.6985. Resources: rss=2003.7MB, peak_rss=2405.7MB, cuda_alloc=351.3MB, cuda_reserved=42664.0MB, cuda_peak_alloc=3638.2MB, cuda_free=5302.9MB, cuda_total=48519.1MB
[2026-06-10 02:20:12] Epoch 02 train batch [1260/1875] loss=0.5485 avg_loss=0.6979. Resources: rss=2004.4MB, peak_rss=2405.7MB, cuda_alloc=351.3MB, cuda_reserved=26202.0MB, cuda_peak_alloc=3638.2MB, cuda_free=21764.9MB, cuda_total=48519.1MB
[2026-06-10 02:20:16] Epoch 02 train batch [1280/1875] loss=0.6854 avg_loss=0.6965. Resources: rss=2005.9MB, peak_rss=2405.7MB, cuda_alloc=351.3MB, cuda_reserved=16042.0MB, cuda_peak_alloc=3638.2MB, cuda_free=31924.9MB, cuda_total=48519.1MB
[2026-06-10 02:20:19] Epoch 02 train batch [1300/1875] loss=0.8137 avg_loss=0.6956. Resources: rss=2005.9MB, peak_rss=2405.7MB, cuda_alloc=351.3MB, cuda_reserved=27262.0MB, cuda_peak_alloc=3638.2MB, cuda_free=20704.9MB, cuda_total=48519.1MB
[2026-06-10 02:20:21] Epoch 02 train batch [1320/1875] loss=0.5369 avg_loss=0.6949. Resources: rss=2005.9MB, peak_rss=2405.7MB, cuda_alloc=351.3MB, cuda_reserved=27262.0MB, cuda_peak_alloc=3638.2MB, cuda_free=20704.9MB, cuda_total=48519.1MB
[2026-06-10 02:20:24] Epoch 02 train batch [1340/1875] loss=0.5478 avg_loss=0.6940. Resources: rss=2005.9MB, peak_rss=2405.7MB, cuda_alloc=351.3MB, cuda_reserved=27262.0MB, cuda_peak_alloc=3638.2MB, cuda_free=20704.9MB, cuda_total=48519.1MB
[2026-06-10 02:20:26] Epoch 02 train batch [1360/1875] loss=0.8410 avg_loss=0.6935. Resources: rss=2005.9MB, peak_rss=2405.7MB, cuda_alloc=351.3MB, cuda_reserved=33682.0MB, cuda_peak_alloc=3638.2MB, cuda_free=14284.9MB, cuda_total=48519.1MB
[2026-06-10 02:20:29] Epoch 02 train batch [1380/1875] loss=0.4764 avg_loss=0.6932. Resources: rss=2008.2MB, peak_rss=2405.7MB, cuda_alloc=351.3MB, cuda_reserved=33682.0MB, cuda_peak_alloc=3638.2MB, cuda_free=14284.9MB, cuda_total=48519.1MB
[2026-06-10 02:20:32] Epoch 02 train batch [1400/1875] loss=0.6586 avg_loss=0.6920. Resources: rss=2008.2MB, peak_rss=2405.7MB, cuda_alloc=351.3MB, cuda_reserved=33682.0MB, cuda_peak_alloc=3638.2MB, cuda_free=14284.9MB, cuda_total=48519.1MB
[2026-06-10 02:20:35] Epoch 02 train batch [1420/1875] loss=0.6262 avg_loss=0.6911. Resources: rss=2008.2MB, peak_rss=2405.7MB, cuda_alloc=351.3MB, cuda_reserved=33682.0MB, cuda_peak_alloc=3638.2MB, cuda_free=14284.9MB, cuda_total=48519.1MB
[2026-06-10 02:20:37] Epoch 02 train batch [1440/1875] loss=0.6375 avg_loss=0.6901. Resources: rss=1998.6MB, peak_rss=2405.7MB, cuda_alloc=351.3MB, cuda_reserved=41462.0MB, cuda_peak_alloc=3638.2MB, cuda_free=6504.9MB, cuda_total=48519.1MB
[2026-06-10 02:20:41] Epoch 02 train batch [1460/1875] loss=0.6980 avg_loss=0.6891. Resources: rss=2007.6MB, peak_rss=2405.7MB, cuda_alloc=351.3MB, cuda_reserved=31562.0MB, cuda_peak_alloc=3638.2MB, cuda_free=16404.9MB, cuda_total=48519.1MB
[2026-06-10 02:20:45] Epoch 02 train batch [1480/1875] loss=0.6749 avg_loss=0.6888. Resources: rss=2001.5MB, peak_rss=2405.7MB, cuda_alloc=351.3MB, cuda_reserved=20802.0MB, cuda_peak_alloc=3638.2MB, cuda_free=27164.9MB, cuda_total=48519.1MB
[2026-06-10 02:20:47] Epoch 02 train batch [1500/1875] loss=0.5781 avg_loss=0.6882. Resources: rss=2004.8MB, peak_rss=2405.7MB, cuda_alloc=351.3MB, cuda_reserved=36924.0MB, cuda_peak_alloc=3638.2MB, cuda_free=11042.9MB, cuda_total=48519.1MB
[2026-06-10 02:20:50] Epoch 02 train batch [1520/1875] loss=0.9711 avg_loss=0.6875. Resources: rss=2005.8MB, peak_rss=2405.7MB, cuda_alloc=351.3MB, cuda_reserved=36924.0MB, cuda_peak_alloc=3638.2MB, cuda_free=11042.9MB, cuda_total=48519.1MB
[2026-06-10 02:20:52] Epoch 02 train batch [1540/1875] loss=0.5199 avg_loss=0.6861. Resources: rss=2008.5MB, peak_rss=2405.7MB, cuda_alloc=351.3MB, cuda_reserved=36924.0MB, cuda_peak_alloc=3638.2MB, cuda_free=11042.9MB, cuda_total=48519.1MB
[2026-06-10 02:20:55] Epoch 02 train batch [1560/1875] loss=0.7015 avg_loss=0.6849. Resources: rss=2008.5MB, peak_rss=2405.7MB, cuda_alloc=351.3MB, cuda_reserved=36924.0MB, cuda_peak_alloc=3638.2MB, cuda_free=11042.9MB, cuda_total=48519.1MB
[2026-06-10 02:20:58] Epoch 02 train batch [1580/1875] loss=0.6149 avg_loss=0.6842. Resources: rss=2008.5MB, peak_rss=2405.7MB, cuda_alloc=351.3MB, cuda_reserved=41864.0MB, cuda_peak_alloc=3638.2MB, cuda_free=6102.9MB, cuda_total=48519.1MB
[2026-06-10 02:21:01] Epoch 02 train batch [1600/1875] loss=0.4843 avg_loss=0.6833. Resources: rss=2008.5MB, peak_rss=2405.7MB, cuda_alloc=351.3MB, cuda_reserved=41864.0MB, cuda_peak_alloc=3638.2MB, cuda_free=6102.9MB, cuda_total=48519.1MB
[2026-06-10 02:21:03] Epoch 02 train batch [1620/1875] loss=0.7024 avg_loss=0.6824. Resources: rss=2008.5MB, peak_rss=2405.7MB, cuda_alloc=351.3MB, cuda_reserved=41864.0MB, cuda_peak_alloc=3638.2MB, cuda_free=6102.9MB, cuda_total=48519.1MB
[2026-06-10 02:21:07] Epoch 02 train batch [1640/1875] loss=0.7127 avg_loss=0.6820. Resources: rss=1990.4MB, peak_rss=2405.7MB, cuda_alloc=351.3MB, cuda_reserved=22362.0MB, cuda_peak_alloc=3638.2MB, cuda_free=25604.9MB, cuda_total=48519.1MB
[2026-06-10 02:21:11] Epoch 02 train batch [1660/1875] loss=0.4620 avg_loss=0.6809. Resources: rss=2003.2MB, peak_rss=2405.7MB, cuda_alloc=351.3MB, cuda_reserved=9262.0MB, cuda_peak_alloc=3638.2MB, cuda_free=38704.9MB, cuda_total=48519.1MB
[2026-06-10 02:21:14] Epoch 02 train batch [1680/1875] loss=0.5146 avg_loss=0.6798. Resources: rss=2003.2MB, peak_rss=2405.7MB, cuda_alloc=351.3MB, cuda_reserved=16302.0MB, cuda_peak_alloc=3638.2MB, cuda_free=31664.9MB, cuda_total=48519.1MB
[2026-06-10 02:21:16] Epoch 02 train batch [1700/1875] loss=0.6239 avg_loss=0.6787. Resources: rss=2003.2MB, peak_rss=2405.7MB, cuda_alloc=351.3MB, cuda_reserved=22862.0MB, cuda_peak_alloc=3638.2MB, cuda_free=25104.9MB, cuda_total=48519.1MB
[2026-06-10 02:21:19] Epoch 02 train batch [1720/1875] loss=0.7208 avg_loss=0.6773. Resources: rss=2003.2MB, peak_rss=2405.7MB, cuda_alloc=351.3MB, cuda_reserved=24622.0MB, cuda_peak_alloc=3638.2MB, cuda_free=23344.9MB, cuda_total=48519.1MB
[2026-06-10 02:21:21] Epoch 02 train batch [1740/1875] loss=0.5229 avg_loss=0.6762. Resources: rss=2007.7MB, peak_rss=2405.7MB, cuda_alloc=351.3MB, cuda_reserved=24622.0MB, cuda_peak_alloc=3638.2MB, cuda_free=23344.9MB, cuda_total=48519.1MB
[2026-06-10 02:21:24] Epoch 02 train batch [1760/1875] loss=0.3608 avg_loss=0.6752. Resources: rss=2007.7MB, peak_rss=2405.7MB, cuda_alloc=351.3MB, cuda_reserved=24622.0MB, cuda_peak_alloc=3638.2MB, cuda_free=23344.9MB, cuda_total=48519.1MB
[2026-06-10 02:21:27] Epoch 02 train batch [1780/1875] loss=0.5740 avg_loss=0.6743. Resources: rss=2007.7MB, peak_rss=2405.7MB, cuda_alloc=351.3MB, cuda_reserved=24622.0MB, cuda_peak_alloc=3638.2MB, cuda_free=23344.9MB, cuda_total=48519.1MB
[2026-06-10 02:21:29] Epoch 02 train batch [1800/1875] loss=0.6261 avg_loss=0.6741. Resources: rss=2007.9MB, peak_rss=2405.7MB, cuda_alloc=351.3MB, cuda_reserved=24622.0MB, cuda_peak_alloc=3638.2MB, cuda_free=23344.9MB, cuda_total=48519.1MB
[2026-06-10 02:21:32] Epoch 02 train batch [1820/1875] loss=0.4425 avg_loss=0.6737. Resources: rss=2007.9MB, peak_rss=2405.7MB, cuda_alloc=351.3MB, cuda_reserved=24622.0MB, cuda_peak_alloc=3638.2MB, cuda_free=23344.9MB, cuda_total=48519.1MB
[2026-06-10 02:21:35] Epoch 02 train batch [1840/1875] loss=0.5873 avg_loss=0.6727. Resources: rss=2007.9MB, peak_rss=2405.7MB, cuda_alloc=351.3MB, cuda_reserved=30024.0MB, cuda_peak_alloc=3638.2MB, cuda_free=17942.9MB, cuda_total=48519.1MB
[2026-06-10 02:21:37] Epoch 02 train batch [1860/1875] loss=0.7555 avg_loss=0.6720. Resources: rss=2007.9MB, peak_rss=2405.7MB, cuda_alloc=351.3MB, cuda_reserved=30024.0MB, cuda_peak_alloc=3638.2MB, cuda_free=17942.9MB, cuda_total=48519.1MB
[2026-06-10 02:21:39] Epoch 02 train batch [1875/1875] loss=0.7042 avg_loss=0.6715. Resources: rss=2007.9MB, peak_rss=2405.7MB, cuda_alloc=351.3MB, cuda_reserved=30024.0MB, cuda_peak_alloc=3638.2MB, cuda_free=17942.9MB, cuda_total=48519.1MB
[2026-06-10 02:21:39] Epoch 02 training completed. Resources: rss=2007.9MB, peak_rss=2405.7MB, cuda_alloc=351.3MB, cuda_reserved=30024.0MB, cuda_peak_alloc=3638.2MB, cuda_free=17942.9MB, cuda_total=48519.1MB
[2026-06-10 02:21:40] Epoch 02 cache released before validation loss. Resources: rss=1954.1MB, peak_rss=2405.7MB, cuda_alloc=351.3MB, cuda_reserved=530.0MB, cuda_peak_alloc=351.3MB, cuda_free=47436.9MB, cuda_total=48519.1MB
[2026-06-10 02:22:01] Epoch 02 validation loss completed: 0.6578. Resources: rss=2002.9MB, peak_rss=2405.7MB, cuda_alloc=351.3MB, cuda_reserved=7960.0MB, cuda_peak_alloc=1426.1MB, cuda_free=40007.8MB, cuda_total=48519.1MB
[2026-06-10 02:22:01] Epoch 02 cache released before detection metrics. Resources: rss=1952.0MB, peak_rss=2405.7MB, cuda_alloc=351.3MB, cuda_reserved=530.0MB, cuda_peak_alloc=351.3MB, cuda_free=47437.8MB, cuda_total=48519.1MB
[2026-06-10 02:22:21] Epoch 02 prediction tensors moved to CPU. Computing metrics. Resources: rss=1952.0MB, peak_rss=2405.7MB, cuda_alloc=351.3MB, cuda_reserved=530.0MB, cuda_peak_alloc=351.3MB, cuda_free=47437.8MB, cuda_total=48519.1MB
[2026-06-10 02:22:21] Epoch 02 metrics computed (mAP@0.5 only). Saving artifacts. Resources: rss=1953.0MB, peak_rss=2405.7MB, cuda_alloc=351.3MB, cuda_reserved=530.0MB, cuda_peak_alloc=351.3MB, cuda_free=47437.8MB, cuda_total=48519.1MB
[2026-06-10 02:22:22] Epoch 02 improved mAP@0.5 to 0.2203. Saved best checkpoint: best_model-20260610-021221.pth. Resources: rss=2424.0MB, peak_rss=2424.0MB, cuda_alloc=351.3MB, cuda_reserved=530.0MB, cuda_peak_alloc=351.3MB, cuda_free=47437.8MB, cuda_total=48519.1MB
Epoch [02/30]
├── Train Loss : 0.6715
│   ├── loss_classifier  : 0.3820
│   ├── loss_box_reg     : 0.2895
│   ├── loss_objectness  : 0.0000
│   └── loss_rpn_box_reg : 0.0000
├── Val Loss   : 0.6578
├── mAP@0.5    : 0.2203
├── mAP@0.75   : n/a
├── mAP@0.5:0.95 : n/a
├── Precision  : 0.6501
├── Recall     : 0.3622
├── GT Boxes   : 2021
├── Predictions: 1126
├── Per-class AP
│   ├── person  : AP50=0.3868, AP75=n/a, AP50:95=n/a, P=0.6097, R=0.5149
│   ├── car     : AP50=0.2049, AP75=n/a, AP50:95=n/a, P=0.9831, R=0.2049
│   ├── dog     : AP50=0.1580, AP75=n/a, AP50:95=n/a, P=0.8000, R=0.1748
│   ├── cat     : AP50=0.2461, AP75=n/a, AP50:95=n/a, P=0.8246, R=0.2670
│   └── chair   : AP50=0.1056, AP75=n/a, AP50:95=n/a, P=0.6552, R=0.1348
├── LR         : 0.001000
└── Time       : 297.8s
[2026-06-10 02:22:22] Epoch [02/30] completed. Resources: rss=1952.0MB, peak_rss=2424.0MB, cuda_alloc=351.3MB, cuda_reserved=530.0MB, cuda_peak_alloc=351.3MB, cuda_free=47437.8MB, cuda_total=48519.1MB
[2026-06-10 02:22:22] Epoch [03/30] started. Resources: rss=1952.0MB, peak_rss=2424.0MB, cuda_alloc=351.3MB, cuda_reserved=530.0MB, cuda_peak_alloc=351.3MB, cuda_free=47437.8MB, cuda_total=48519.1MB
[2026-06-10 02:22:25] Epoch 03 train batch [20/1875] loss=0.6993 avg_loss=0.5704. Resources: rss=2002.2MB, peak_rss=2424.0MB, cuda_alloc=351.3MB, cuda_reserved=46602.0MB, cuda_peak_alloc=3637.4MB, cuda_free=1365.8MB, cuda_total=48519.1MB
[2026-06-10 02:22:29] Epoch 03 train batch [40/1875] loss=0.5094 avg_loss=0.5786. Resources: rss=2003.2MB, peak_rss=2424.0MB, cuda_alloc=351.3MB, cuda_reserved=35282.0MB, cuda_peak_alloc=3637.4MB, cuda_free=12685.8MB, cuda_total=48519.1MB
[2026-06-10 02:22:32] Epoch 03 train batch [60/1875] loss=0.5049 avg_loss=0.5786. Resources: rss=2005.2MB, peak_rss=2424.0MB, cuda_alloc=351.3MB, cuda_reserved=21402.0MB, cuda_peak_alloc=3637.4MB, cuda_free=26565.8MB, cuda_total=48519.1MB
[2026-06-10 02:22:35] Epoch 03 train batch [80/1875] loss=0.4238 avg_loss=0.5796. Resources: rss=2006.5MB, peak_rss=2424.0MB, cuda_alloc=351.3MB, cuda_reserved=40062.0MB, cuda_peak_alloc=3638.0MB, cuda_free=7905.8MB, cuda_total=48519.1MB
[2026-06-10 02:22:37] Epoch 03 train batch [100/1875] loss=0.3878 avg_loss=0.5974. Resources: rss=2009.5MB, peak_rss=2424.0MB, cuda_alloc=351.3MB, cuda_reserved=40062.0MB, cuda_peak_alloc=3638.0MB, cuda_free=7905.8MB, cuda_total=48519.1MB
[2026-06-10 02:22:40] Epoch 03 train batch [120/1875] loss=0.4453 avg_loss=0.5968. Resources: rss=2009.5MB, peak_rss=2424.0MB, cuda_alloc=351.3MB, cuda_reserved=40062.0MB, cuda_peak_alloc=3638.0MB, cuda_free=7905.8MB, cuda_total=48519.1MB
[2026-06-10 02:22:43] Epoch 03 train batch [140/1875] loss=0.5843 avg_loss=0.5980. Resources: rss=2009.5MB, peak_rss=2424.0MB, cuda_alloc=351.3MB, cuda_reserved=40062.0MB, cuda_peak_alloc=3638.0MB, cuda_free=7905.8MB, cuda_total=48519.1MB
[2026-06-10 02:22:45] Epoch 03 train batch [160/1875] loss=0.6127 avg_loss=0.5862. Resources: rss=2009.5MB, peak_rss=2424.0MB, cuda_alloc=351.3MB, cuda_reserved=40062.0MB, cuda_peak_alloc=3638.0MB, cuda_free=7905.8MB, cuda_total=48519.1MB
[2026-06-10 02:22:48] Epoch 03 train batch [180/1875] loss=0.5402 avg_loss=0.5850. Resources: rss=2009.5MB, peak_rss=2424.0MB, cuda_alloc=351.3MB, cuda_reserved=44122.0MB, cuda_peak_alloc=3638.0MB, cuda_free=3845.8MB, cuda_total=48519.1MB
[2026-06-10 02:22:51] Epoch 03 train batch [200/1875] loss=0.5870 avg_loss=0.5862. Resources: rss=2002.8MB, peak_rss=2424.0MB, cuda_alloc=351.3MB, cuda_reserved=39882.0MB, cuda_peak_alloc=3638.0MB, cuda_free=8085.8MB, cuda_total=48519.1MB
[2026-06-10 02:22:55] Epoch 03 train batch [220/1875] loss=0.5064 avg_loss=0.5841. Resources: rss=2004.3MB, peak_rss=2424.0MB, cuda_alloc=351.3MB, cuda_reserved=21182.0MB, cuda_peak_alloc=3638.0MB, cuda_free=26785.8MB, cuda_total=48519.1MB
[2026-06-10 02:22:58] Epoch 03 train batch [240/1875] loss=0.5322 avg_loss=0.5844. Resources: rss=2006.5MB, peak_rss=2424.0MB, cuda_alloc=351.3MB, cuda_reserved=32882.0MB, cuda_peak_alloc=3638.0MB, cuda_free=15085.8MB, cuda_total=48519.1MB
[2026-06-10 02:23:00] Epoch 03 train batch [260/1875] loss=0.6642 avg_loss=0.5868. Resources: rss=2006.5MB, peak_rss=2424.0MB, cuda_alloc=351.3MB, cuda_reserved=32882.0MB, cuda_peak_alloc=3638.0MB, cuda_free=15085.8MB, cuda_total=48519.1MB
[2026-06-10 02:23:03] Epoch 03 train batch [280/1875] loss=0.6947 avg_loss=0.5853. Resources: rss=2006.5MB, peak_rss=2424.0MB, cuda_alloc=351.3MB, cuda_reserved=32882.0MB, cuda_peak_alloc=3638.0MB, cuda_free=15085.8MB, cuda_total=48519.1MB
[2026-06-10 02:23:06] Epoch 03 train batch [300/1875] loss=0.5929 avg_loss=0.5870. Resources: rss=2007.0MB, peak_rss=2424.0MB, cuda_alloc=351.3MB, cuda_reserved=32882.0MB, cuda_peak_alloc=3638.0MB, cuda_free=15085.8MB, cuda_total=48519.1MB
[2026-06-10 02:23:08] Epoch 03 train batch [320/1875] loss=0.5678 avg_loss=0.5851. Resources: rss=2007.0MB, peak_rss=2424.0MB, cuda_alloc=351.3MB, cuda_reserved=32882.0MB, cuda_peak_alloc=3638.0MB, cuda_free=15085.8MB, cuda_total=48519.1MB
[2026-06-10 02:23:11] Epoch 03 train batch [340/1875] loss=0.5706 avg_loss=0.5834. Resources: rss=2007.0MB, peak_rss=2424.0MB, cuda_alloc=351.3MB, cuda_reserved=32882.0MB, cuda_peak_alloc=3638.0MB, cuda_free=15085.8MB, cuda_total=48519.1MB
[2026-06-10 02:23:14] Epoch 03 train batch [360/1875] loss=0.3279 avg_loss=0.5801. Resources: rss=2007.0MB, peak_rss=2424.0MB, cuda_alloc=351.3MB, cuda_reserved=32882.0MB, cuda_peak_alloc=3638.0MB, cuda_free=15085.8MB, cuda_total=48519.1MB
[2026-06-10 02:23:16] Epoch 03 train batch [380/1875] loss=0.4354 avg_loss=0.5816. Resources: rss=2007.0MB, peak_rss=2424.0MB, cuda_alloc=351.3MB, cuda_reserved=32882.0MB, cuda_peak_alloc=3638.0MB, cuda_free=15085.8MB, cuda_total=48519.1MB
[2026-06-10 02:23:19] Epoch 03 train batch [400/1875] loss=0.8086 avg_loss=0.5824. Resources: rss=2007.0MB, peak_rss=2424.0MB, cuda_alloc=351.3MB, cuda_reserved=32882.0MB, cuda_peak_alloc=3638.0MB, cuda_free=15085.8MB, cuda_total=48519.1MB
[2026-06-10 02:23:22] Epoch 03 train batch [420/1875] loss=0.6611 avg_loss=0.5821. Resources: rss=2007.0MB, peak_rss=2424.0MB, cuda_alloc=351.3MB, cuda_reserved=32882.0MB, cuda_peak_alloc=3638.0MB, cuda_free=15085.8MB, cuda_total=48519.1MB
[2026-06-10 02:23:24] Epoch 03 train batch [440/1875] loss=0.4550 avg_loss=0.5804. Resources: rss=1999.0MB, peak_rss=2424.0MB, cuda_alloc=351.3MB, cuda_reserved=32882.0MB, cuda_peak_alloc=3638.0MB, cuda_free=15085.8MB, cuda_total=48519.1MB
[2026-06-10 02:23:27] Epoch 03 train batch [460/1875] loss=0.7155 avg_loss=0.5782. Resources: rss=2003.5MB, peak_rss=2424.0MB, cuda_alloc=351.3MB, cuda_reserved=32882.0MB, cuda_peak_alloc=3638.0MB, cuda_free=15085.8MB, cuda_total=48519.1MB
[2026-06-10 02:23:30] Epoch 03 train batch [480/1875] loss=0.6105 avg_loss=0.5796. Resources: rss=2003.8MB, peak_rss=2424.0MB, cuda_alloc=351.3MB, cuda_reserved=32882.0MB, cuda_peak_alloc=3638.0MB, cuda_free=15085.8MB, cuda_total=48519.1MB
[2026-06-10 02:23:32] Epoch 03 train batch [500/1875] loss=0.4635 avg_loss=0.5787. Resources: rss=2004.8MB, peak_rss=2424.0MB, cuda_alloc=351.3MB, cuda_reserved=32882.0MB, cuda_peak_alloc=3638.0MB, cuda_free=15085.8MB, cuda_total=48519.1MB
[2026-06-10 02:23:35] Epoch 03 train batch [520/1875] loss=0.5925 avg_loss=0.5766. Resources: rss=2004.8MB, peak_rss=2424.0MB, cuda_alloc=351.3MB, cuda_reserved=32882.0MB, cuda_peak_alloc=3638.0MB, cuda_free=15085.8MB, cuda_total=48519.1MB
[2026-06-10 02:23:38] Epoch 03 train batch [540/1875] loss=0.4420 avg_loss=0.5766. Resources: rss=2005.3MB, peak_rss=2424.0MB, cuda_alloc=351.3MB, cuda_reserved=41562.0MB, cuda_peak_alloc=3638.0MB, cuda_free=6405.8MB, cuda_total=48519.1MB
[2026-06-10 02:23:40] Epoch 03 train batch [560/1875] loss=0.4670 avg_loss=0.5772. Resources: rss=2008.0MB, peak_rss=2424.0MB, cuda_alloc=351.3MB, cuda_reserved=41562.0MB, cuda_peak_alloc=3638.0MB, cuda_free=6405.8MB, cuda_total=48519.1MB
[2026-06-10 02:23:43] Epoch 03 train batch [580/1875] loss=0.4644 avg_loss=0.5757. Resources: rss=2008.0MB, peak_rss=2424.0MB, cuda_alloc=351.3MB, cuda_reserved=41562.0MB, cuda_peak_alloc=3638.0MB, cuda_free=6405.8MB, cuda_total=48519.1MB
[2026-06-10 02:23:46] Epoch 03 train batch [600/1875] loss=0.4430 avg_loss=0.5735. Resources: rss=2008.0MB, peak_rss=2424.0MB, cuda_alloc=351.3MB, cuda_reserved=41562.0MB, cuda_peak_alloc=3638.0MB, cuda_free=6405.8MB, cuda_total=48519.1MB
[2026-06-10 02:23:48] Epoch 03 train batch [620/1875] loss=0.8106 avg_loss=0.5739. Resources: rss=2008.0MB, peak_rss=2424.0MB, cuda_alloc=351.3MB, cuda_reserved=41562.0MB, cuda_peak_alloc=3638.0MB, cuda_free=6405.8MB, cuda_total=48519.1MB
[2026-06-10 02:23:51] Epoch 03 train batch [640/1875] loss=0.6125 avg_loss=0.5735. Resources: rss=2008.0MB, peak_rss=2424.0MB, cuda_alloc=351.3MB, cuda_reserved=41562.0MB, cuda_peak_alloc=3638.0MB, cuda_free=6405.8MB, cuda_total=48519.1MB
[2026-06-10 02:23:53] Epoch 03 train batch [660/1875] loss=0.3998 avg_loss=0.5732. Resources: rss=2008.0MB, peak_rss=2424.0MB, cuda_alloc=351.3MB, cuda_reserved=41562.0MB, cuda_peak_alloc=3638.0MB, cuda_free=6405.8MB, cuda_total=48519.1MB
[2026-06-10 02:23:56] Epoch 03 train batch [680/1875] loss=0.5630 avg_loss=0.5714. Resources: rss=2008.0MB, peak_rss=2424.0MB, cuda_alloc=351.3MB, cuda_reserved=41562.0MB, cuda_peak_alloc=3638.0MB, cuda_free=6405.8MB, cuda_total=48519.1MB
[2026-06-10 02:23:59] Epoch 03 train batch [700/1875] loss=0.5725 avg_loss=0.5703. Resources: rss=2010.3MB, peak_rss=2424.0MB, cuda_alloc=351.3MB, cuda_reserved=41562.0MB, cuda_peak_alloc=3638.0MB, cuda_free=6405.8MB, cuda_total=48519.1MB
[2026-06-10 02:24:01] Epoch 03 train batch [720/1875] loss=0.5358 avg_loss=0.5696. Resources: rss=2010.3MB, peak_rss=2424.0MB, cuda_alloc=351.3MB, cuda_reserved=41562.0MB, cuda_peak_alloc=3638.0MB, cuda_free=6405.8MB, cuda_total=48519.1MB
[2026-06-10 02:24:04] Epoch 03 train batch [740/1875] loss=0.5739 avg_loss=0.5686. Resources: rss=2010.3MB, peak_rss=2424.0MB, cuda_alloc=351.3MB, cuda_reserved=41562.0MB, cuda_peak_alloc=3638.0MB, cuda_free=6405.8MB, cuda_total=48519.1MB
[2026-06-10 02:24:06] Epoch 03 train batch [760/1875] loss=0.5720 avg_loss=0.5673. Resources: rss=2010.3MB, peak_rss=2424.0MB, cuda_alloc=351.3MB, cuda_reserved=41562.0MB, cuda_peak_alloc=3638.0MB, cuda_free=6405.8MB, cuda_total=48519.1MB
[2026-06-10 02:24:09] Epoch 03 train batch [780/1875] loss=0.6446 avg_loss=0.5668. Resources: rss=2010.3MB, peak_rss=2424.0MB, cuda_alloc=351.3MB, cuda_reserved=41562.0MB, cuda_peak_alloc=3638.0MB, cuda_free=6405.8MB, cuda_total=48519.1MB
[2026-06-10 02:24:12] Epoch 03 train batch [800/1875] loss=0.4123 avg_loss=0.5652. Resources: rss=2010.3MB, peak_rss=2424.0MB, cuda_alloc=351.3MB, cuda_reserved=41562.0MB, cuda_peak_alloc=3638.0MB, cuda_free=6405.8MB, cuda_total=48519.1MB
[2026-06-10 02:24:14] Epoch 03 train batch [820/1875] loss=0.4762 avg_loss=0.5654. Resources: rss=2010.3MB, peak_rss=2424.0MB, cuda_alloc=351.3MB, cuda_reserved=41562.0MB, cuda_peak_alloc=3638.0MB, cuda_free=6405.8MB, cuda_total=48519.1MB
[2026-06-10 02:24:17] Epoch 03 train batch [840/1875] loss=0.6844 avg_loss=0.5654. Resources: rss=2010.3MB, peak_rss=2424.0MB, cuda_alloc=351.3MB, cuda_reserved=41562.0MB, cuda_peak_alloc=3638.0MB, cuda_free=6405.8MB, cuda_total=48519.1MB
[2026-06-10 02:24:20] Epoch 03 train batch [860/1875] loss=0.4969 avg_loss=0.5653. Resources: rss=2010.3MB, peak_rss=2424.0MB, cuda_alloc=351.3MB, cuda_reserved=41562.0MB, cuda_peak_alloc=3638.0MB, cuda_free=6405.8MB, cuda_total=48519.1MB
[2026-06-10 02:24:22] Epoch 03 train batch [880/1875] loss=0.6377 avg_loss=0.5650. Resources: rss=2011.3MB, peak_rss=2424.0MB, cuda_alloc=351.3MB, cuda_reserved=41562.0MB, cuda_peak_alloc=3638.0MB, cuda_free=6405.8MB, cuda_total=48519.1MB
[2026-06-10 02:24:25] Epoch 03 train batch [900/1875] loss=0.5182 avg_loss=0.5643. Resources: rss=2011.3MB, peak_rss=2424.0MB, cuda_alloc=351.3MB, cuda_reserved=41562.0MB, cuda_peak_alloc=3638.0MB, cuda_free=6405.8MB, cuda_total=48519.1MB
[2026-06-10 02:24:28] Epoch 03 train batch [920/1875] loss=0.4724 avg_loss=0.5627. Resources: rss=2011.3MB, peak_rss=2424.0MB, cuda_alloc=351.3MB, cuda_reserved=41562.0MB, cuda_peak_alloc=3638.0MB, cuda_free=6405.8MB, cuda_total=48519.1MB
[2026-06-10 02:24:30] Epoch 03 train batch [940/1875] loss=0.5816 avg_loss=0.5610. Resources: rss=2011.3MB, peak_rss=2424.0MB, cuda_alloc=351.3MB, cuda_reserved=41562.0MB, cuda_peak_alloc=3638.0MB, cuda_free=6405.8MB, cuda_total=48519.1MB
[2026-06-10 02:24:33] Epoch 03 train batch [960/1875] loss=0.5142 avg_loss=0.5608. Resources: rss=2011.3MB, peak_rss=2424.0MB, cuda_alloc=351.3MB, cuda_reserved=41562.0MB, cuda_peak_alloc=3638.0MB, cuda_free=6405.8MB, cuda_total=48519.1MB
[2026-06-10 02:24:36] Epoch 03 train batch [980/1875] loss=0.8021 avg_loss=0.5602. Resources: rss=2011.3MB, peak_rss=2424.0MB, cuda_alloc=351.3MB, cuda_reserved=41562.0MB, cuda_peak_alloc=3638.0MB, cuda_free=6405.8MB, cuda_total=48519.1MB
[2026-06-10 02:24:38] Epoch 03 train batch [1000/1875] loss=0.4770 avg_loss=0.5600. Resources: rss=2011.3MB, peak_rss=2424.0MB, cuda_alloc=351.3MB, cuda_reserved=41562.0MB, cuda_peak_alloc=3638.0MB, cuda_free=6405.8MB, cuda_total=48519.1MB
[2026-06-10 02:24:41] Epoch 03 train batch [1020/1875] loss=0.4545 avg_loss=0.5590. Resources: rss=2011.3MB, peak_rss=2424.0MB, cuda_alloc=351.3MB, cuda_reserved=41562.0MB, cuda_peak_alloc=3638.0MB, cuda_free=6405.8MB, cuda_total=48519.1MB
[2026-06-10 02:24:43] Epoch 03 train batch [1040/1875] loss=0.4020 avg_loss=0.5582. Resources: rss=2011.3MB, peak_rss=2424.0MB, cuda_alloc=351.3MB, cuda_reserved=41562.0MB, cuda_peak_alloc=3638.0MB, cuda_free=6405.8MB, cuda_total=48519.1MB
[2026-06-10 02:24:46] Epoch 03 train batch [1060/1875] loss=0.5572 avg_loss=0.5580. Resources: rss=2004.3MB, peak_rss=2424.0MB, cuda_alloc=351.3MB, cuda_reserved=41562.0MB, cuda_peak_alloc=3638.2MB, cuda_free=6405.8MB, cuda_total=48519.1MB
[2026-06-10 02:24:48] Epoch 03 train batch [1080/1875] loss=0.4247 avg_loss=0.5577. Resources: rss=2012.3MB, peak_rss=2424.0MB, cuda_alloc=351.3MB, cuda_reserved=41562.0MB, cuda_peak_alloc=3638.2MB, cuda_free=6405.8MB, cuda_total=48519.1MB
[2026-06-10 02:24:51] Epoch 03 train batch [1100/1875] loss=0.6651 avg_loss=0.5571. Resources: rss=2014.5MB, peak_rss=2424.0MB, cuda_alloc=351.3MB, cuda_reserved=41562.0MB, cuda_peak_alloc=3638.2MB, cuda_free=6405.8MB, cuda_total=48519.1MB
[2026-06-10 02:24:53] Epoch 03 train batch [1120/1875] loss=0.2647 avg_loss=0.5565. Resources: rss=2014.5MB, peak_rss=2424.0MB, cuda_alloc=351.3MB, cuda_reserved=41562.0MB, cuda_peak_alloc=3638.2MB, cuda_free=6405.8MB, cuda_total=48519.1MB
[2026-06-10 02:24:56] Epoch 03 train batch [1140/1875] loss=0.4091 avg_loss=0.5546. Resources: rss=2014.5MB, peak_rss=2424.0MB, cuda_alloc=351.3MB, cuda_reserved=41562.0MB, cuda_peak_alloc=3638.2MB, cuda_free=6405.8MB, cuda_total=48519.1MB
[2026-06-10 02:24:59] Epoch 03 train batch [1160/1875] loss=0.6814 avg_loss=0.5539. Resources: rss=2014.8MB, peak_rss=2424.0MB, cuda_alloc=351.3MB, cuda_reserved=47582.0MB, cuda_peak_alloc=3638.2MB, cuda_free=385.8MB, cuda_total=48519.1MB
[2026-06-10 02:25:01] Epoch 03 train batch [1180/1875] loss=0.4824 avg_loss=0.5539. Resources: rss=2014.8MB, peak_rss=2424.0MB, cuda_alloc=351.3MB, cuda_reserved=47582.0MB, cuda_peak_alloc=3638.2MB, cuda_free=385.8MB, cuda_total=48519.1MB
[2026-06-10 02:25:05] Epoch 03 train batch [1200/1875] loss=0.4606 avg_loss=0.5532. Resources: rss=2014.8MB, peak_rss=2424.0MB, cuda_alloc=351.3MB, cuda_reserved=22944.0MB, cuda_peak_alloc=3638.2MB, cuda_free=25023.8MB, cuda_total=48519.1MB
[2026-06-10 02:25:08] Epoch 03 train batch [1220/1875] loss=0.4724 avg_loss=0.5531. Resources: rss=2014.8MB, peak_rss=2424.0MB, cuda_alloc=351.3MB, cuda_reserved=14882.0MB, cuda_peak_alloc=3638.2MB, cuda_free=33085.8MB, cuda_total=48519.1MB
[2026-06-10 02:25:11] Epoch 03 train batch [1240/1875] loss=0.2886 avg_loss=0.5518. Resources: rss=2015.0MB, peak_rss=2424.0MB, cuda_alloc=351.3MB, cuda_reserved=36282.0MB, cuda_peak_alloc=3638.2MB, cuda_free=11685.8MB, cuda_total=48519.1MB
[2026-06-10 02:25:14] Epoch 03 train batch [1260/1875] loss=0.3969 avg_loss=0.5512. Resources: rss=2015.0MB, peak_rss=2424.0MB, cuda_alloc=351.3MB, cuda_reserved=44402.0MB, cuda_peak_alloc=3638.2MB, cuda_free=3565.8MB, cuda_total=48519.1MB
[2026-06-10 02:25:17] Epoch 03 train batch [1280/1875] loss=0.3720 avg_loss=0.5504. Resources: rss=2015.3MB, peak_rss=2424.0MB, cuda_alloc=351.3MB, cuda_reserved=24662.0MB, cuda_peak_alloc=3638.2MB, cuda_free=23305.8MB, cuda_total=48519.1MB
[2026-06-10 02:25:20] Epoch 03 train batch [1300/1875] loss=0.7922 avg_loss=0.5499. Resources: rss=2015.3MB, peak_rss=2424.0MB, cuda_alloc=351.3MB, cuda_reserved=35082.0MB, cuda_peak_alloc=3638.2MB, cuda_free=12885.8MB, cuda_total=48519.1MB
[2026-06-10 02:25:23] Epoch 03 train batch [1320/1875] loss=0.3828 avg_loss=0.5494. Resources: rss=2015.3MB, peak_rss=2424.0MB, cuda_alloc=351.3MB, cuda_reserved=35302.0MB, cuda_peak_alloc=3638.2MB, cuda_free=12665.8MB, cuda_total=48519.1MB
[2026-06-10 02:25:25] Epoch 03 train batch [1340/1875] loss=0.6030 avg_loss=0.5490. Resources: rss=2015.8MB, peak_rss=2424.0MB, cuda_alloc=351.3MB, cuda_reserved=35302.0MB, cuda_peak_alloc=3638.2MB, cuda_free=12665.8MB, cuda_total=48519.1MB
[2026-06-10 02:25:28] Epoch 03 train batch [1360/1875] loss=0.6547 avg_loss=0.5479. Resources: rss=2015.8MB, peak_rss=2424.0MB, cuda_alloc=351.3MB, cuda_reserved=35302.0MB, cuda_peak_alloc=3638.2MB, cuda_free=12665.8MB, cuda_total=48519.1MB
[2026-06-10 02:25:31] Epoch 03 train batch [1380/1875] loss=0.4917 avg_loss=0.5475. Resources: rss=2016.5MB, peak_rss=2424.0MB, cuda_alloc=351.3MB, cuda_reserved=11182.0MB, cuda_peak_alloc=3638.2MB, cuda_free=36785.8MB, cuda_total=48519.1MB
[2026-06-10 02:25:34] Epoch 03 train batch [1400/1875] loss=0.4262 avg_loss=0.5464. Resources: rss=2018.0MB, peak_rss=2424.0MB, cuda_alloc=351.3MB, cuda_reserved=42422.0MB, cuda_peak_alloc=3638.2MB, cuda_free=5545.8MB, cuda_total=48519.1MB
[2026-06-10 02:25:38] Epoch 03 train batch [1420/1875] loss=0.6236 avg_loss=0.5459. Resources: rss=2018.3MB, peak_rss=2424.0MB, cuda_alloc=351.3MB, cuda_reserved=28762.0MB, cuda_peak_alloc=3638.2MB, cuda_free=19205.8MB, cuda_total=48519.1MB
[2026-06-10 02:25:41] Epoch 03 train batch [1440/1875] loss=0.5979 avg_loss=0.5458. Resources: rss=2019.3MB, peak_rss=2424.0MB, cuda_alloc=351.3MB, cuda_reserved=11522.0MB, cuda_peak_alloc=3638.2MB, cuda_free=36445.8MB, cuda_total=48519.1MB
[2026-06-10 02:25:45] Epoch 03 train batch [1460/1875] loss=0.5573 avg_loss=0.5455. Resources: rss=2019.3MB, peak_rss=2424.0MB, cuda_alloc=351.3MB, cuda_reserved=2722.0MB, cuda_peak_alloc=3638.2MB, cuda_free=45245.8MB, cuda_total=48519.1MB
[2026-06-10 02:25:47] Epoch 03 train batch [1480/1875] loss=0.5894 avg_loss=0.5445. Resources: rss=2019.3MB, peak_rss=2424.0MB, cuda_alloc=351.3MB, cuda_reserved=17982.0MB, cuda_peak_alloc=3638.2MB, cuda_free=29985.8MB, cuda_total=48519.1MB
[2026-06-10 02:25:50] Epoch 03 train batch [1500/1875] loss=0.4784 avg_loss=0.5445. Resources: rss=2021.5MB, peak_rss=2424.0MB, cuda_alloc=351.3MB, cuda_reserved=18782.0MB, cuda_peak_alloc=3638.2MB, cuda_free=29185.8MB, cuda_total=48519.1MB
[2026-06-10 02:25:52] Epoch 03 train batch [1520/1875] loss=0.7727 avg_loss=0.5438. Resources: rss=2021.5MB, peak_rss=2424.0MB, cuda_alloc=351.3MB, cuda_reserved=22562.0MB, cuda_peak_alloc=3638.2MB, cuda_free=25405.8MB, cuda_total=48519.1MB
[2026-06-10 02:25:55] Epoch 03 train batch [1540/1875] loss=0.7160 avg_loss=0.5435. Resources: rss=2021.5MB, peak_rss=2424.0MB, cuda_alloc=351.3MB, cuda_reserved=31282.0MB, cuda_peak_alloc=3638.2MB, cuda_free=16685.8MB, cuda_total=48519.1MB
[2026-06-10 02:25:58] Epoch 03 train batch [1560/1875] loss=0.5446 avg_loss=0.5427. Resources: rss=2021.5MB, peak_rss=2424.0MB, cuda_alloc=351.3MB, cuda_reserved=31282.0MB, cuda_peak_alloc=3638.2MB, cuda_free=16685.8MB, cuda_total=48519.1MB
[2026-06-10 02:26:00] Epoch 03 train batch [1580/1875] loss=0.4194 avg_loss=0.5420. Resources: rss=2021.5MB, peak_rss=2424.0MB, cuda_alloc=351.3MB, cuda_reserved=31282.0MB, cuda_peak_alloc=3638.2MB, cuda_free=16685.8MB, cuda_total=48519.1MB
[2026-06-10 02:26:03] Epoch 03 train batch [1600/1875] loss=0.6242 avg_loss=0.5414. Resources: rss=2021.5MB, peak_rss=2424.0MB, cuda_alloc=351.3MB, cuda_reserved=31282.0MB, cuda_peak_alloc=3638.2MB, cuda_free=16685.8MB, cuda_total=48519.1MB
[2026-06-10 02:26:06] Epoch 03 train batch [1620/1875] loss=0.5917 avg_loss=0.5408. Resources: rss=2021.5MB, peak_rss=2424.0MB, cuda_alloc=351.3MB, cuda_reserved=31282.0MB, cuda_peak_alloc=3638.2MB, cuda_free=16685.8MB, cuda_total=48519.1MB
[2026-06-10 02:26:08] Epoch 03 train batch [1640/1875] loss=0.4945 avg_loss=0.5403. Resources: rss=2021.5MB, peak_rss=2424.0MB, cuda_alloc=351.3MB, cuda_reserved=31282.0MB, cuda_peak_alloc=3638.2MB, cuda_free=16685.8MB, cuda_total=48519.1MB
[2026-06-10 02:26:11] Epoch 03 train batch [1660/1875] loss=0.3674 avg_loss=0.5400. Resources: rss=1997.1MB, peak_rss=2424.0MB, cuda_alloc=351.3MB, cuda_reserved=31282.0MB, cuda_peak_alloc=3638.2MB, cuda_free=16685.8MB, cuda_total=48519.1MB
[2026-06-10 02:26:13] Epoch 03 train batch [1680/1875] loss=0.3573 avg_loss=0.5396. Resources: rss=2014.1MB, peak_rss=2424.0MB, cuda_alloc=351.3MB, cuda_reserved=31282.0MB, cuda_peak_alloc=3638.2MB, cuda_free=16685.8MB, cuda_total=48519.1MB
[2026-06-10 02:26:16] Epoch 03 train batch [1700/1875] loss=0.5271 avg_loss=0.5394. Resources: rss=2015.6MB, peak_rss=2424.0MB, cuda_alloc=351.3MB, cuda_reserved=31282.0MB, cuda_peak_alloc=3638.2MB, cuda_free=16685.8MB, cuda_total=48519.1MB
[2026-06-10 02:26:19] Epoch 03 train batch [1720/1875] loss=0.6514 avg_loss=0.5393. Resources: rss=2019.8MB, peak_rss=2424.0MB, cuda_alloc=351.3MB, cuda_reserved=31282.0MB, cuda_peak_alloc=3638.2MB, cuda_free=16685.8MB, cuda_total=48519.1MB
[2026-06-10 02:26:21] Epoch 03 train batch [1740/1875] loss=0.7324 avg_loss=0.5391. Resources: rss=2019.8MB, peak_rss=2424.0MB, cuda_alloc=351.3MB, cuda_reserved=31282.0MB, cuda_peak_alloc=3638.2MB, cuda_free=16685.8MB, cuda_total=48519.1MB
[2026-06-10 02:26:24] Epoch 03 train batch [1760/1875] loss=0.4015 avg_loss=0.5384. Resources: rss=2020.1MB, peak_rss=2424.0MB, cuda_alloc=351.3MB, cuda_reserved=31282.0MB, cuda_peak_alloc=3638.2MB, cuda_free=16685.8MB, cuda_total=48519.1MB
[2026-06-10 02:26:27] Epoch 03 train batch [1780/1875] loss=0.7224 avg_loss=0.5386. Resources: rss=2020.1MB, peak_rss=2424.0MB, cuda_alloc=351.3MB, cuda_reserved=31282.0MB, cuda_peak_alloc=3638.2MB, cuda_free=16685.8MB, cuda_total=48519.1MB
[2026-06-10 02:26:29] Epoch 03 train batch [1800/1875] loss=0.5611 avg_loss=0.5381. Resources: rss=2020.1MB, peak_rss=2424.0MB, cuda_alloc=351.3MB, cuda_reserved=31282.0MB, cuda_peak_alloc=3638.2MB, cuda_free=16685.8MB, cuda_total=48519.1MB
[2026-06-10 02:26:32] Epoch 03 train batch [1820/1875] loss=0.4901 avg_loss=0.5376. Resources: rss=2020.1MB, peak_rss=2424.0MB, cuda_alloc=351.3MB, cuda_reserved=31282.0MB, cuda_peak_alloc=3638.2MB, cuda_free=16685.8MB, cuda_total=48519.1MB
[2026-06-10 02:26:34] Epoch 03 train batch [1840/1875] loss=0.4402 avg_loss=0.5375. Resources: rss=2020.1MB, peak_rss=2424.0MB, cuda_alloc=351.3MB, cuda_reserved=31282.0MB, cuda_peak_alloc=3638.2MB, cuda_free=16685.8MB, cuda_total=48519.1MB
[2026-06-10 02:26:37] Epoch 03 train batch [1860/1875] loss=0.4783 avg_loss=0.5377. Resources: rss=2020.1MB, peak_rss=2424.0MB, cuda_alloc=351.3MB, cuda_reserved=31282.0MB, cuda_peak_alloc=3638.2MB, cuda_free=16685.8MB, cuda_total=48519.1MB
[2026-06-10 02:26:39] Epoch 03 train batch [1875/1875] loss=0.3793 avg_loss=0.5369. Resources: rss=2020.1MB, peak_rss=2424.0MB, cuda_alloc=351.3MB, cuda_reserved=31282.0MB, cuda_peak_alloc=3638.2MB, cuda_free=16685.8MB, cuda_total=48519.1MB
[2026-06-10 02:26:39] Epoch 03 training completed. Resources: rss=2020.1MB, peak_rss=2424.0MB, cuda_alloc=351.3MB, cuda_reserved=31282.0MB, cuda_peak_alloc=3638.2MB, cuda_free=16685.8MB, cuda_total=48519.1MB
[2026-06-10 02:26:39] Epoch 03 cache released before validation loss. Resources: rss=1968.0MB, peak_rss=2424.0MB, cuda_alloc=351.3MB, cuda_reserved=530.0MB, cuda_peak_alloc=351.3MB, cuda_free=47437.8MB, cuda_total=48519.1MB
[2026-06-10 02:27:00] Epoch 03 validation loss completed: 0.6130. Resources: rss=2019.8MB, peak_rss=2424.0MB, cuda_alloc=351.3MB, cuda_reserved=10060.0MB, cuda_peak_alloc=1426.1MB, cuda_free=37907.8MB, cuda_total=48519.1MB
[2026-06-10 02:27:01] Epoch 03 cache released before detection metrics. Resources: rss=1965.2MB, peak_rss=2424.0MB, cuda_alloc=351.3MB, cuda_reserved=530.0MB, cuda_peak_alloc=351.3MB, cuda_free=47437.8MB, cuda_total=48519.1MB
[2026-06-10 02:27:21] Epoch 03 prediction tensors moved to CPU. Computing metrics. Resources: rss=1964.5MB, peak_rss=2424.0MB, cuda_alloc=351.3MB, cuda_reserved=530.0MB, cuda_peak_alloc=351.3MB, cuda_free=47437.8MB, cuda_total=48519.1MB
[2026-06-10 02:27:21] Epoch 03 metrics computed (mAP@0.5 only). Saving artifacts. Resources: rss=1965.3MB, peak_rss=2424.0MB, cuda_alloc=351.3MB, cuda_reserved=530.0MB, cuda_peak_alloc=351.3MB, cuda_free=47437.8MB, cuda_total=48519.1MB
[2026-06-10 02:27:22] Epoch 03 improved mAP@0.5 to 0.4949. Saved best checkpoint: best_model-20260610-021221.pth. Resources: rss=2436.3MB, peak_rss=2436.3MB, cuda_alloc=351.3MB, cuda_reserved=530.0MB, cuda_peak_alloc=351.3MB, cuda_free=47437.8MB, cuda_total=48519.1MB
Epoch [03/30]
├── Train Loss : 0.5369
│   ├── loss_classifier  : 0.2996
│   ├── loss_box_reg     : 0.2374
│   ├── loss_objectness  : 0.0000
│   └── loss_rpn_box_reg : 0.0000
├── Val Loss   : 0.6130
├── mAP@0.5    : 0.4949
├── mAP@0.75   : n/a
├── mAP@0.5:0.95 : n/a
├── Precision  : 0.7265
├── Recall     : 0.4824
├── GT Boxes   : 2021
├── Predictions: 1342
├── Per-class AP
│   ├── person  : AP50=0.3854, AP75=n/a, AP50:95=n/a, P=0.8352, R=0.4246
│   ├── car     : AP50=0.5274, AP75=n/a, AP50:95=n/a, P=0.5744, R=0.5866
│   ├── dog     : AP50=0.6583, AP75=n/a, AP50:95=n/a, P=0.6537, R=0.7330
│   ├── cat     : AP50=0.6840, AP75=n/a, AP50:95=n/a, P=0.7683, R=0.7159
│   └── chair   : AP50=0.2194, AP75=n/a, AP50:95=n/a, P=0.6786, R=0.2695
├── LR         : 0.001000
└── Time       : 299.2s
[2026-06-10 02:27:22] Epoch [03/30] completed. Resources: rss=1964.3MB, peak_rss=2436.3MB, cuda_alloc=351.3MB, cuda_reserved=530.0MB, cuda_peak_alloc=351.3MB, cuda_free=47437.8MB, cuda_total=48519.1MB
[2026-06-10 02:27:22] Epoch [04/30] started. Resources: rss=1964.3MB, peak_rss=2436.3MB, cuda_alloc=351.3MB, cuda_reserved=530.0MB, cuda_peak_alloc=351.3MB, cuda_free=47437.8MB, cuda_total=48519.1MB
[2026-06-10 02:27:25] Epoch 04 train batch [20/1875] loss=0.4394 avg_loss=0.5501. Resources: rss=2013.3MB, peak_rss=2436.3MB, cuda_alloc=351.3MB, cuda_reserved=25662.0MB, cuda_peak_alloc=3637.4MB, cuda_free=22305.8MB, cuda_total=48519.1MB
[2026-06-10 02:27:28] Epoch 04 train batch [40/1875] loss=0.6238 avg_loss=0.5092. Resources: rss=2008.9MB, peak_rss=2436.3MB, cuda_alloc=351.3MB, cuda_reserved=13382.0MB, cuda_peak_alloc=3637.9MB, cuda_free=34585.8MB, cuda_total=48519.1MB
[2026-06-10 02:27:31] Epoch 04 train batch [60/1875] loss=0.3767 avg_loss=0.5028. Resources: rss=2017.9MB, peak_rss=2436.3MB, cuda_alloc=351.3MB, cuda_reserved=27602.0MB, cuda_peak_alloc=3637.9MB, cuda_free=20365.8MB, cuda_total=48519.1MB
[2026-06-10 02:27:33] Epoch 04 train batch [80/1875] loss=0.5187 avg_loss=0.4979. Resources: rss=2018.2MB, peak_rss=2436.3MB, cuda_alloc=351.3MB, cuda_reserved=27602.0MB, cuda_peak_alloc=3637.9MB, cuda_free=20365.8MB, cuda_total=48519.1MB
[2026-06-10 02:27:36] Epoch 04 train batch [100/1875] loss=0.3746 avg_loss=0.4893. Resources: rss=2018.2MB, peak_rss=2436.3MB, cuda_alloc=351.3MB, cuda_reserved=27602.0MB, cuda_peak_alloc=3637.9MB, cuda_free=20365.8MB, cuda_total=48519.1MB
[2026-06-10 02:27:39] Epoch 04 train batch [120/1875] loss=0.7841 avg_loss=0.4935. Resources: rss=2018.2MB, peak_rss=2436.3MB, cuda_alloc=351.3MB, cuda_reserved=27602.0MB, cuda_peak_alloc=3637.9MB, cuda_free=20365.8MB, cuda_total=48519.1MB
[2026-06-10 02:27:41] Epoch 04 train batch [140/1875] loss=0.9866 avg_loss=0.4968. Resources: rss=2018.2MB, peak_rss=2436.3MB, cuda_alloc=351.3MB, cuda_reserved=27602.0MB, cuda_peak_alloc=3637.9MB, cuda_free=20365.8MB, cuda_total=48519.1MB
[2026-06-10 02:27:44] Epoch 04 train batch [160/1875] loss=0.3961 avg_loss=0.4938. Resources: rss=2018.2MB, peak_rss=2436.3MB, cuda_alloc=351.3MB, cuda_reserved=27622.0MB, cuda_peak_alloc=3638.1MB, cuda_free=20345.8MB, cuda_total=48519.1MB
[2026-06-10 02:27:47] Epoch 04 train batch [180/1875] loss=0.5091 avg_loss=0.4985. Resources: rss=2018.2MB, peak_rss=2436.3MB, cuda_alloc=351.3MB, cuda_reserved=27622.0MB, cuda_peak_alloc=3638.1MB, cuda_free=20345.8MB, cuda_total=48519.1MB
[2026-06-10 02:27:49] Epoch 04 train batch [200/1875] loss=0.6047 avg_loss=0.4981. Resources: rss=2018.4MB, peak_rss=2436.3MB, cuda_alloc=351.3MB, cuda_reserved=30822.0MB, cuda_peak_alloc=3638.1MB, cuda_free=17145.8MB, cuda_total=48519.1MB
[2026-06-10 02:27:52] Epoch 04 train batch [220/1875] loss=0.4562 avg_loss=0.4982. Resources: rss=2018.4MB, peak_rss=2436.3MB, cuda_alloc=351.3MB, cuda_reserved=30822.0MB, cuda_peak_alloc=3638.1MB, cuda_free=17145.8MB, cuda_total=48519.1MB
[2026-06-10 02:27:55] Epoch 04 train batch [240/1875] loss=0.4019 avg_loss=0.4957. Resources: rss=2018.7MB, peak_rss=2436.3MB, cuda_alloc=351.3MB, cuda_reserved=30822.0MB, cuda_peak_alloc=3638.1MB, cuda_free=17145.8MB, cuda_total=48519.1MB
[2026-06-10 02:27:57] Epoch 04 train batch [260/1875] loss=0.7269 avg_loss=0.4912. Resources: rss=2018.7MB, peak_rss=2436.3MB, cuda_alloc=351.3MB, cuda_reserved=30822.0MB, cuda_peak_alloc=3638.1MB, cuda_free=17145.8MB, cuda_total=48519.1MB
[2026-06-10 02:28:00] Epoch 04 train batch [280/1875] loss=0.4932 avg_loss=0.4909. Resources: rss=2020.7MB, peak_rss=2436.3MB, cuda_alloc=351.3MB, cuda_reserved=30822.0MB, cuda_peak_alloc=3638.1MB, cuda_free=17145.8MB, cuda_total=48519.1MB
[2026-06-10 02:28:02] Epoch 04 train batch [300/1875] loss=0.3512 avg_loss=0.4859. Resources: rss=2021.9MB, peak_rss=2436.3MB, cuda_alloc=351.3MB, cuda_reserved=30822.0MB, cuda_peak_alloc=3638.1MB, cuda_free=17145.8MB, cuda_total=48519.1MB
[2026-06-10 02:28:05] Epoch 04 train batch [320/1875] loss=0.5755 avg_loss=0.4864. Resources: rss=2021.9MB, peak_rss=2436.3MB, cuda_alloc=351.3MB, cuda_reserved=31302.0MB, cuda_peak_alloc=3638.1MB, cuda_free=16665.8MB, cuda_total=48519.1MB
[2026-06-10 02:28:08] Epoch 04 train batch [340/1875] loss=0.8239 avg_loss=0.4853. Resources: rss=2022.4MB, peak_rss=2436.3MB, cuda_alloc=351.3MB, cuda_reserved=36342.0MB, cuda_peak_alloc=3638.1MB, cuda_free=11625.8MB, cuda_total=48519.1MB
[2026-06-10 02:28:10] Epoch 04 train batch [360/1875] loss=0.5830 avg_loss=0.4844. Resources: rss=2022.4MB, peak_rss=2436.3MB, cuda_alloc=351.3MB, cuda_reserved=36342.0MB, cuda_peak_alloc=3638.1MB, cuda_free=11625.8MB, cuda_total=48519.1MB
[2026-06-10 02:28:13] Epoch 04 train batch [380/1875] loss=0.3580 avg_loss=0.4834. Resources: rss=2024.2MB, peak_rss=2436.3MB, cuda_alloc=351.3MB, cuda_reserved=36342.0MB, cuda_peak_alloc=3638.1MB, cuda_free=11625.8MB, cuda_total=48519.1MB
[2026-06-10 02:28:15] Epoch 04 train batch [400/1875] loss=0.5213 avg_loss=0.4834. Resources: rss=2024.2MB, peak_rss=2436.3MB, cuda_alloc=351.3MB, cuda_reserved=36342.0MB, cuda_peak_alloc=3638.1MB, cuda_free=11625.8MB, cuda_total=48519.1MB
[2026-06-10 02:28:18] Epoch 04 train batch [420/1875] loss=0.6710 avg_loss=0.4829. Resources: rss=2024.2MB, peak_rss=2436.3MB, cuda_alloc=351.3MB, cuda_reserved=36342.0MB, cuda_peak_alloc=3638.1MB, cuda_free=11625.8MB, cuda_total=48519.1MB
[2026-06-10 02:28:20] Epoch 04 train batch [440/1875] loss=0.4880 avg_loss=0.4830. Resources: rss=2024.2MB, peak_rss=2436.3MB, cuda_alloc=351.3MB, cuda_reserved=36342.0MB, cuda_peak_alloc=3638.1MB, cuda_free=11625.8MB, cuda_total=48519.1MB
[2026-06-10 02:28:23] Epoch 04 train batch [460/1875] loss=0.3603 avg_loss=0.4848. Resources: rss=2024.2MB, peak_rss=2436.3MB, cuda_alloc=351.3MB, cuda_reserved=36342.0MB, cuda_peak_alloc=3638.1MB, cuda_free=11625.8MB, cuda_total=48519.1MB
[2026-06-10 02:28:25] Epoch 04 train batch [480/1875] loss=0.4233 avg_loss=0.4861. Resources: rss=2024.2MB, peak_rss=2436.3MB, cuda_alloc=351.3MB, cuda_reserved=36342.0MB, cuda_peak_alloc=3638.1MB, cuda_free=11625.8MB, cuda_total=48519.1MB
[2026-06-10 02:28:28] Epoch 04 train batch [500/1875] loss=0.4724 avg_loss=0.4851. Resources: rss=2024.2MB, peak_rss=2436.3MB, cuda_alloc=351.3MB, cuda_reserved=36342.0MB, cuda_peak_alloc=3638.1MB, cuda_free=11625.8MB, cuda_total=48519.1MB
[2026-06-10 02:28:31] Epoch 04 train batch [520/1875] loss=0.4617 avg_loss=0.4856. Resources: rss=2024.2MB, peak_rss=2436.3MB, cuda_alloc=351.3MB, cuda_reserved=36342.0MB, cuda_peak_alloc=3638.1MB, cuda_free=11625.8MB, cuda_total=48519.1MB
[2026-06-10 02:28:33] Epoch 04 train batch [540/1875] loss=0.3942 avg_loss=0.4851. Resources: rss=2024.2MB, peak_rss=2436.3MB, cuda_alloc=351.3MB, cuda_reserved=36342.0MB, cuda_peak_alloc=3638.1MB, cuda_free=11625.8MB, cuda_total=48519.1MB
[2026-06-10 02:28:36] Epoch 04 train batch [560/1875] loss=0.4056 avg_loss=0.4847. Resources: rss=2024.2MB, peak_rss=2436.3MB, cuda_alloc=351.3MB, cuda_reserved=36342.0MB, cuda_peak_alloc=3638.1MB, cuda_free=11625.8MB, cuda_total=48519.1MB
[2026-06-10 02:28:38] Epoch 04 train batch [580/1875] loss=0.4001 avg_loss=0.4850. Resources: rss=2024.2MB, peak_rss=2436.3MB, cuda_alloc=351.3MB, cuda_reserved=36342.0MB, cuda_peak_alloc=3638.1MB, cuda_free=11625.8MB, cuda_total=48519.1MB
[2026-06-10 02:28:41] Epoch 04 train batch [600/1875] loss=0.5487 avg_loss=0.4846. Resources: rss=2024.2MB, peak_rss=2436.3MB, cuda_alloc=351.3MB, cuda_reserved=36342.0MB, cuda_peak_alloc=3638.1MB, cuda_free=11625.8MB, cuda_total=48519.1MB
[2026-06-10 02:28:44] Epoch 04 train batch [620/1875] loss=0.3361 avg_loss=0.4838. Resources: rss=2024.2MB, peak_rss=2436.3MB, cuda_alloc=351.3MB, cuda_reserved=36342.0MB, cuda_peak_alloc=3638.1MB, cuda_free=11625.8MB, cuda_total=48519.1MB
[2026-06-10 02:28:46] Epoch 04 train batch [640/1875] loss=0.5264 avg_loss=0.4831. Resources: rss=2024.2MB, peak_rss=2436.3MB, cuda_alloc=351.3MB, cuda_reserved=36342.0MB, cuda_peak_alloc=3638.1MB, cuda_free=11625.8MB, cuda_total=48519.1MB
[2026-06-10 02:28:49] Epoch 04 train batch [660/1875] loss=0.5046 avg_loss=0.4820. Resources: rss=2010.1MB, peak_rss=2436.3MB, cuda_alloc=351.3MB, cuda_reserved=36342.0MB, cuda_peak_alloc=3638.1MB, cuda_free=11625.8MB, cuda_total=48519.1MB
[2026-06-10 02:28:52] Epoch 04 train batch [680/1875] loss=0.4571 avg_loss=0.4813. Resources: rss=2019.9MB, peak_rss=2436.3MB, cuda_alloc=351.3MB, cuda_reserved=36342.0MB, cuda_peak_alloc=3638.1MB, cuda_free=11625.8MB, cuda_total=48519.1MB
[2026-06-10 02:28:54] Epoch 04 train batch [700/1875] loss=0.3457 avg_loss=0.4802. Resources: rss=2019.9MB, peak_rss=2436.3MB, cuda_alloc=351.3MB, cuda_reserved=36342.0MB, cuda_peak_alloc=3638.1MB, cuda_free=11625.8MB, cuda_total=48519.1MB
[2026-06-10 02:28:57] Epoch 04 train batch [720/1875] loss=0.5466 avg_loss=0.4807. Resources: rss=2019.9MB, peak_rss=2436.3MB, cuda_alloc=351.3MB, cuda_reserved=36342.0MB, cuda_peak_alloc=3638.1MB, cuda_free=11625.8MB, cuda_total=48519.1MB
[2026-06-10 02:28:59] Epoch 04 train batch [740/1875] loss=0.3749 avg_loss=0.4798. Resources: rss=2020.1MB, peak_rss=2436.3MB, cuda_alloc=351.3MB, cuda_reserved=36342.0MB, cuda_peak_alloc=3638.4MB, cuda_free=11625.8MB, cuda_total=48519.1MB
[2026-06-10 02:29:02] Epoch 04 train batch [760/1875] loss=0.6754 avg_loss=0.4800. Resources: rss=2020.6MB, peak_rss=2436.3MB, cuda_alloc=351.3MB, cuda_reserved=36342.0MB, cuda_peak_alloc=3638.4MB, cuda_free=11625.8MB, cuda_total=48519.1MB
[2026-06-10 02:29:05] Epoch 04 train batch [780/1875] loss=0.3340 avg_loss=0.4794. Resources: rss=2020.6MB, peak_rss=2436.3MB, cuda_alloc=351.3MB, cuda_reserved=36342.0MB, cuda_peak_alloc=3638.4MB, cuda_free=11625.8MB, cuda_total=48519.1MB
[2026-06-10 02:29:07] Epoch 04 train batch [800/1875] loss=0.7533 avg_loss=0.4792. Resources: rss=2020.6MB, peak_rss=2436.3MB, cuda_alloc=351.3MB, cuda_reserved=36342.0MB, cuda_peak_alloc=3638.4MB, cuda_free=11625.8MB, cuda_total=48519.1MB
[2026-06-10 02:29:10] Epoch 04 train batch [820/1875] loss=0.4154 avg_loss=0.4774. Resources: rss=2020.6MB, peak_rss=2436.3MB, cuda_alloc=351.3MB, cuda_reserved=36342.0MB, cuda_peak_alloc=3638.4MB, cuda_free=11625.8MB, cuda_total=48519.1MB
[2026-06-10 02:29:12] Epoch 04 train batch [840/1875] loss=0.5283 avg_loss=0.4771. Resources: rss=2020.9MB, peak_rss=2436.3MB, cuda_alloc=351.3MB, cuda_reserved=36862.0MB, cuda_peak_alloc=3638.4MB, cuda_free=11105.8MB, cuda_total=48519.1MB
[2026-06-10 02:29:15] Epoch 04 train batch [860/1875] loss=0.4840 avg_loss=0.4769. Resources: rss=2020.9MB, peak_rss=2436.3MB, cuda_alloc=351.3MB, cuda_reserved=36862.0MB, cuda_peak_alloc=3638.4MB, cuda_free=11105.8MB, cuda_total=48519.1MB
[2026-06-10 02:29:17] Epoch 04 train batch [880/1875] loss=0.4605 avg_loss=0.4773. Resources: rss=2022.4MB, peak_rss=2436.3MB, cuda_alloc=351.3MB, cuda_reserved=36862.0MB, cuda_peak_alloc=3638.4MB, cuda_free=11105.8MB, cuda_total=48519.1MB
[2026-06-10 02:29:20] Epoch 04 train batch [900/1875] loss=0.4272 avg_loss=0.4773. Resources: rss=2022.4MB, peak_rss=2436.3MB, cuda_alloc=351.3MB, cuda_reserved=36862.0MB, cuda_peak_alloc=3638.4MB, cuda_free=11105.8MB, cuda_total=48519.1MB
[2026-06-10 02:29:23] Epoch 04 train batch [920/1875] loss=0.6393 avg_loss=0.4771. Resources: rss=2022.4MB, peak_rss=2436.3MB, cuda_alloc=351.3MB, cuda_reserved=36862.0MB, cuda_peak_alloc=3638.4MB, cuda_free=11105.8MB, cuda_total=48519.1MB
[2026-06-10 02:29:25] Epoch 04 train batch [940/1875] loss=0.6370 avg_loss=0.4759. Resources: rss=2022.4MB, peak_rss=2436.3MB, cuda_alloc=351.3MB, cuda_reserved=36862.0MB, cuda_peak_alloc=3638.4MB, cuda_free=11105.8MB, cuda_total=48519.1MB
[2026-06-10 02:29:28] Epoch 04 train batch [960/1875] loss=0.6434 avg_loss=0.4751. Resources: rss=2022.4MB, peak_rss=2436.3MB, cuda_alloc=351.3MB, cuda_reserved=36862.0MB, cuda_peak_alloc=3638.4MB, cuda_free=11105.8MB, cuda_total=48519.1MB
[2026-06-10 02:29:31] Epoch 04 train batch [980/1875] loss=0.3611 avg_loss=0.4750. Resources: rss=2022.4MB, peak_rss=2436.3MB, cuda_alloc=351.3MB, cuda_reserved=36862.0MB, cuda_peak_alloc=3638.4MB, cuda_free=11105.8MB, cuda_total=48519.1MB
[2026-06-10 02:29:33] Epoch 04 train batch [1000/1875] loss=0.3269 avg_loss=0.4752. Resources: rss=2022.4MB, peak_rss=2436.3MB, cuda_alloc=351.3MB, cuda_reserved=36862.0MB, cuda_peak_alloc=3638.4MB, cuda_free=11105.8MB, cuda_total=48519.1MB
[2026-06-10 02:29:36] Epoch 04 train batch [1020/1875] loss=0.2719 avg_loss=0.4745. Resources: rss=2022.4MB, peak_rss=2436.3MB, cuda_alloc=351.3MB, cuda_reserved=36862.0MB, cuda_peak_alloc=3638.4MB, cuda_free=11105.8MB, cuda_total=48519.1MB
[2026-06-10 02:29:38] Epoch 04 train batch [1040/1875] loss=0.3805 avg_loss=0.4735. Resources: rss=2022.4MB, peak_rss=2436.3MB, cuda_alloc=351.3MB, cuda_reserved=36862.0MB, cuda_peak_alloc=3638.4MB, cuda_free=11105.8MB, cuda_total=48519.1MB
[2026-06-10 02:29:41] Epoch 04 train batch [1060/1875] loss=0.3896 avg_loss=0.4723. Resources: rss=2022.4MB, peak_rss=2436.3MB, cuda_alloc=351.3MB, cuda_reserved=36862.0MB, cuda_peak_alloc=3638.4MB, cuda_free=11105.8MB, cuda_total=48519.1MB
[2026-06-10 02:29:44] Epoch 04 train batch [1080/1875] loss=0.5191 avg_loss=0.4726. Resources: rss=2023.9MB, peak_rss=2436.3MB, cuda_alloc=351.3MB, cuda_reserved=36862.0MB, cuda_peak_alloc=3638.4MB, cuda_free=11105.8MB, cuda_total=48519.1MB
[2026-06-10 02:29:46] Epoch 04 train batch [1100/1875] loss=0.4823 avg_loss=0.4722. Resources: rss=2023.9MB, peak_rss=2436.3MB, cuda_alloc=351.3MB, cuda_reserved=36862.0MB, cuda_peak_alloc=3638.4MB, cuda_free=11105.8MB, cuda_total=48519.1MB
[2026-06-10 02:29:49] Epoch 04 train batch [1120/1875] loss=0.5401 avg_loss=0.4721. Resources: rss=2023.9MB, peak_rss=2436.3MB, cuda_alloc=351.3MB, cuda_reserved=36862.0MB, cuda_peak_alloc=3638.4MB, cuda_free=11105.8MB, cuda_total=48519.1MB
[2026-06-10 02:29:52] Epoch 04 train batch [1140/1875] loss=0.5628 avg_loss=0.4718. Resources: rss=2023.9MB, peak_rss=2436.3MB, cuda_alloc=351.3MB, cuda_reserved=36862.0MB, cuda_peak_alloc=3638.4MB, cuda_free=11105.8MB, cuda_total=48519.1MB
[2026-06-10 02:29:54] Epoch 04 train batch [1160/1875] loss=0.4470 avg_loss=0.4713. Resources: rss=2023.9MB, peak_rss=2436.3MB, cuda_alloc=351.3MB, cuda_reserved=36862.0MB, cuda_peak_alloc=3638.4MB, cuda_free=11105.8MB, cuda_total=48519.1MB
[2026-06-10 02:29:57] Epoch 04 train batch [1180/1875] loss=0.4520 avg_loss=0.4712. Resources: rss=2023.9MB, peak_rss=2436.3MB, cuda_alloc=351.3MB, cuda_reserved=36862.0MB, cuda_peak_alloc=3638.4MB, cuda_free=11105.8MB, cuda_total=48519.1MB
[2026-06-10 02:30:00] Epoch 04 train batch [1200/1875] loss=0.3182 avg_loss=0.4709. Resources: rss=2023.9MB, peak_rss=2436.3MB, cuda_alloc=351.3MB, cuda_reserved=36862.0MB, cuda_peak_alloc=3638.4MB, cuda_free=11105.8MB, cuda_total=48519.1MB
[2026-06-10 02:30:02] Epoch 04 train batch [1220/1875] loss=0.3305 avg_loss=0.4703. Resources: rss=2023.9MB, peak_rss=2436.3MB, cuda_alloc=351.3MB, cuda_reserved=36862.0MB, cuda_peak_alloc=3638.4MB, cuda_free=11105.8MB, cuda_total=48519.1MB
[2026-06-10 02:30:05] Epoch 04 train batch [1240/1875] loss=0.3332 avg_loss=0.4695. Resources: rss=2023.9MB, peak_rss=2436.3MB, cuda_alloc=351.3MB, cuda_reserved=36862.0MB, cuda_peak_alloc=3638.4MB, cuda_free=11105.8MB, cuda_total=48519.1MB
[2026-06-10 02:30:08] Epoch 04 train batch [1260/1875] loss=0.5544 avg_loss=0.4692. Resources: rss=2023.9MB, peak_rss=2436.3MB, cuda_alloc=351.3MB, cuda_reserved=36862.0MB, cuda_peak_alloc=3638.4MB, cuda_free=11105.8MB, cuda_total=48519.1MB
[2026-06-10 02:30:10] Epoch 04 train batch [1280/1875] loss=0.5556 avg_loss=0.4685. Resources: rss=2017.7MB, peak_rss=2436.3MB, cuda_alloc=351.3MB, cuda_reserved=36862.0MB, cuda_peak_alloc=3638.4MB, cuda_free=11105.8MB, cuda_total=48519.1MB
[2026-06-10 02:30:13] Epoch 04 train batch [1300/1875] loss=0.4762 avg_loss=0.4677. Resources: rss=2018.2MB, peak_rss=2436.3MB, cuda_alloc=351.3MB, cuda_reserved=36862.0MB, cuda_peak_alloc=3638.4MB, cuda_free=11105.8MB, cuda_total=48519.1MB
[2026-06-10 02:30:15] Epoch 04 train batch [1320/1875] loss=0.3977 avg_loss=0.4669. Resources: rss=2020.7MB, peak_rss=2436.3MB, cuda_alloc=351.3MB, cuda_reserved=36862.0MB, cuda_peak_alloc=3638.4MB, cuda_free=11105.8MB, cuda_total=48519.1MB
[2026-06-10 02:30:18] Epoch 04 train batch [1340/1875] loss=0.5116 avg_loss=0.4660. Resources: rss=2021.0MB, peak_rss=2436.3MB, cuda_alloc=351.3MB, cuda_reserved=36862.0MB, cuda_peak_alloc=3638.4MB, cuda_free=11105.8MB, cuda_total=48519.1MB
[2026-06-10 02:30:21] Epoch 04 train batch [1360/1875] loss=0.4980 avg_loss=0.4659. Resources: rss=2021.0MB, peak_rss=2436.3MB, cuda_alloc=351.3MB, cuda_reserved=36862.0MB, cuda_peak_alloc=3638.4MB, cuda_free=11105.8MB, cuda_total=48519.1MB
[2026-06-10 02:30:23] Epoch 04 train batch [1380/1875] loss=0.4420 avg_loss=0.4649. Resources: rss=2021.0MB, peak_rss=2436.3MB, cuda_alloc=351.3MB, cuda_reserved=36862.0MB, cuda_peak_alloc=3638.4MB, cuda_free=11105.8MB, cuda_total=48519.1MB
[2026-06-10 02:30:26] Epoch 04 train batch [1400/1875] loss=0.5128 avg_loss=0.4640. Resources: rss=2021.0MB, peak_rss=2436.3MB, cuda_alloc=351.3MB, cuda_reserved=36862.0MB, cuda_peak_alloc=3638.4MB, cuda_free=11105.8MB, cuda_total=48519.1MB
[2026-06-10 02:30:29] Epoch 04 train batch [1420/1875] loss=0.4532 avg_loss=0.4643. Resources: rss=2021.0MB, peak_rss=2436.3MB, cuda_alloc=351.3MB, cuda_reserved=36862.0MB, cuda_peak_alloc=3638.4MB, cuda_free=11105.8MB, cuda_total=48519.1MB
[2026-06-10 02:30:31] Epoch 04 train batch [1440/1875] loss=0.3917 avg_loss=0.4636. Resources: rss=2021.0MB, peak_rss=2436.3MB, cuda_alloc=351.3MB, cuda_reserved=36862.0MB, cuda_peak_alloc=3638.4MB, cuda_free=11105.8MB, cuda_total=48519.1MB
[2026-06-10 02:30:34] Epoch 04 train batch [1460/1875] loss=0.5595 avg_loss=0.4631. Resources: rss=2022.2MB, peak_rss=2436.3MB, cuda_alloc=351.3MB, cuda_reserved=46962.0MB, cuda_peak_alloc=3638.4MB, cuda_free=1005.8MB, cuda_total=48519.1MB
[2026-06-10 02:30:37] Epoch 04 train batch [1480/1875] loss=0.4430 avg_loss=0.4626. Resources: rss=2023.5MB, peak_rss=2436.3MB, cuda_alloc=351.3MB, cuda_reserved=37862.0MB, cuda_peak_alloc=3638.4MB, cuda_free=10105.8MB, cuda_total=48519.1MB
[2026-06-10 02:30:41] Epoch 04 train batch [1500/1875] loss=0.4525 avg_loss=0.4622. Resources: rss=2031.0MB, peak_rss=2436.3MB, cuda_alloc=351.3MB, cuda_reserved=27442.0MB, cuda_peak_alloc=3638.4MB, cuda_free=20525.8MB, cuda_total=48519.1MB
[2026-06-10 02:30:43] Epoch 04 train batch [1520/1875] loss=0.4973 avg_loss=0.4621. Resources: rss=2031.0MB, peak_rss=2436.3MB, cuda_alloc=351.3MB, cuda_reserved=34302.0MB, cuda_peak_alloc=3638.4MB, cuda_free=13665.8MB, cuda_total=48519.1MB
[2026-06-10 02:30:46] Epoch 04 train batch [1540/1875] loss=0.4090 avg_loss=0.4621. Resources: rss=2031.7MB, peak_rss=2436.3MB, cuda_alloc=351.3MB, cuda_reserved=34302.0MB, cuda_peak_alloc=3638.4MB, cuda_free=13665.8MB, cuda_total=48519.1MB
[2026-06-10 02:30:48] Epoch 04 train batch [1560/1875] loss=0.2009 avg_loss=0.4612. Resources: rss=2031.7MB, peak_rss=2436.3MB, cuda_alloc=351.3MB, cuda_reserved=34302.0MB, cuda_peak_alloc=3638.4MB, cuda_free=13665.8MB, cuda_total=48519.1MB
[2026-06-10 02:30:51] Epoch 04 train batch [1580/1875] loss=0.4946 avg_loss=0.4605. Resources: rss=2033.0MB, peak_rss=2436.3MB, cuda_alloc=351.3MB, cuda_reserved=34302.0MB, cuda_peak_alloc=3638.4MB, cuda_free=13665.8MB, cuda_total=48519.1MB
[2026-06-10 02:30:54] Epoch 04 train batch [1600/1875] loss=0.2933 avg_loss=0.4602. Resources: rss=2033.0MB, peak_rss=2436.3MB, cuda_alloc=351.3MB, cuda_reserved=34302.0MB, cuda_peak_alloc=3638.4MB, cuda_free=13665.8MB, cuda_total=48519.1MB
[2026-06-10 02:30:56] Epoch 04 train batch [1620/1875] loss=0.4856 avg_loss=0.4591. Resources: rss=2033.0MB, peak_rss=2436.3MB, cuda_alloc=351.3MB, cuda_reserved=36562.0MB, cuda_peak_alloc=3638.4MB, cuda_free=11405.8MB, cuda_total=48519.1MB
[2026-06-10 02:30:59] Epoch 04 train batch [1640/1875] loss=0.3939 avg_loss=0.4589. Resources: rss=2033.0MB, peak_rss=2436.3MB, cuda_alloc=351.3MB, cuda_reserved=36562.0MB, cuda_peak_alloc=3638.4MB, cuda_free=11405.8MB, cuda_total=48519.1MB
[2026-06-10 02:31:01] Epoch 04 train batch [1660/1875] loss=0.4455 avg_loss=0.4584. Resources: rss=2034.0MB, peak_rss=2436.3MB, cuda_alloc=351.3MB, cuda_reserved=36564.0MB, cuda_peak_alloc=3638.4MB, cuda_free=11403.8MB, cuda_total=48519.1MB
[2026-06-10 02:31:04] Epoch 04 train batch [1680/1875] loss=0.3341 avg_loss=0.4588. Resources: rss=2034.0MB, peak_rss=2436.3MB, cuda_alloc=351.3MB, cuda_reserved=40864.0MB, cuda_peak_alloc=3638.4MB, cuda_free=7103.8MB, cuda_total=48519.1MB
[2026-06-10 02:31:07] Epoch 04 train batch [1700/1875] loss=0.5534 avg_loss=0.4588. Resources: rss=2034.0MB, peak_rss=2436.3MB, cuda_alloc=351.3MB, cuda_reserved=40864.0MB, cuda_peak_alloc=3638.4MB, cuda_free=7103.8MB, cuda_total=48519.1MB
[2026-06-10 02:31:09] Epoch 04 train batch [1720/1875] loss=0.2531 avg_loss=0.4590. Resources: rss=2034.0MB, peak_rss=2436.3MB, cuda_alloc=351.3MB, cuda_reserved=40864.0MB, cuda_peak_alloc=3638.4MB, cuda_free=7103.8MB, cuda_total=48519.1MB
[2026-06-10 02:31:12] Epoch 04 train batch [1740/1875] loss=0.4317 avg_loss=0.4591. Resources: rss=2034.0MB, peak_rss=2436.3MB, cuda_alloc=351.3MB, cuda_reserved=40864.0MB, cuda_peak_alloc=3638.4MB, cuda_free=7103.8MB, cuda_total=48519.1MB
[2026-06-10 02:31:15] Epoch 04 train batch [1760/1875] loss=0.5198 avg_loss=0.4589. Resources: rss=2034.0MB, peak_rss=2436.3MB, cuda_alloc=351.3MB, cuda_reserved=40864.0MB, cuda_peak_alloc=3638.4MB, cuda_free=7103.8MB, cuda_total=48519.1MB
[2026-06-10 02:31:17] Epoch 04 train batch [1780/1875] loss=0.4845 avg_loss=0.4584. Resources: rss=2034.0MB, peak_rss=2436.3MB, cuda_alloc=351.3MB, cuda_reserved=40864.0MB, cuda_peak_alloc=3638.4MB, cuda_free=7103.8MB, cuda_total=48519.1MB
[2026-06-10 02:31:20] Epoch 04 train batch [1800/1875] loss=0.5601 avg_loss=0.4580. Resources: rss=2034.0MB, peak_rss=2436.3MB, cuda_alloc=351.3MB, cuda_reserved=40864.0MB, cuda_peak_alloc=3638.4MB, cuda_free=7103.8MB, cuda_total=48519.1MB
[2026-06-10 02:31:22] Epoch 04 train batch [1820/1875] loss=0.3022 avg_loss=0.4578. Resources: rss=2034.0MB, peak_rss=2436.3MB, cuda_alloc=351.3MB, cuda_reserved=40864.0MB, cuda_peak_alloc=3638.4MB, cuda_free=7103.8MB, cuda_total=48519.1MB
[2026-06-10 02:31:25] Epoch 04 train batch [1840/1875] loss=0.3683 avg_loss=0.4574. Resources: rss=2035.0MB, peak_rss=2436.3MB, cuda_alloc=351.3MB, cuda_reserved=40864.0MB, cuda_peak_alloc=3638.4MB, cuda_free=7103.8MB, cuda_total=48519.1MB
[2026-06-10 02:31:28] Epoch 04 train batch [1860/1875] loss=0.6187 avg_loss=0.4571. Resources: rss=2035.0MB, peak_rss=2436.3MB, cuda_alloc=351.3MB, cuda_reserved=40864.0MB, cuda_peak_alloc=3638.4MB, cuda_free=7103.8MB, cuda_total=48519.1MB
[2026-06-10 02:31:30] Epoch 04 train batch [1875/1875] loss=0.4104 avg_loss=0.4569. Resources: rss=2035.0MB, peak_rss=2436.3MB, cuda_alloc=351.3MB, cuda_reserved=40864.0MB, cuda_peak_alloc=3638.4MB, cuda_free=7103.8MB, cuda_total=48519.1MB
[2026-06-10 02:31:30] Epoch 04 training completed. Resources: rss=2035.0MB, peak_rss=2436.3MB, cuda_alloc=351.3MB, cuda_reserved=40864.0MB, cuda_peak_alloc=3638.4MB, cuda_free=7103.8MB, cuda_total=48519.1MB
[2026-06-10 02:31:31] Epoch 04 cache released before validation loss. Resources: rss=1977.1MB, peak_rss=2436.3MB, cuda_alloc=351.3MB, cuda_reserved=510.0MB, cuda_peak_alloc=351.3MB, cuda_free=47457.8MB, cuda_total=48519.1MB
[2026-06-10 02:31:51] Epoch 04 validation loss completed: 0.5246. Resources: rss=2034.5MB, peak_rss=2436.3MB, cuda_alloc=351.3MB, cuda_reserved=11280.0MB, cuda_peak_alloc=1426.1MB, cuda_free=36687.8MB, cuda_total=48519.1MB
[2026-06-10 02:31:52] Epoch 04 cache released before detection metrics. Resources: rss=1974.4MB, peak_rss=2436.3MB, cuda_alloc=351.3MB, cuda_reserved=510.0MB, cuda_peak_alloc=351.3MB, cuda_free=47457.8MB, cuda_total=48519.1MB
[2026-06-10 02:32:12] Epoch 04 prediction tensors moved to CPU. Computing metrics. Resources: rss=1974.3MB, peak_rss=2436.3MB, cuda_alloc=351.3MB, cuda_reserved=510.0MB, cuda_peak_alloc=351.3MB, cuda_free=47457.8MB, cuda_total=48519.1MB
[2026-06-10 02:32:12] Epoch 04 metrics computed (mAP@0.5 only). Saving artifacts. Resources: rss=1975.1MB, peak_rss=2436.3MB, cuda_alloc=351.3MB, cuda_reserved=510.0MB, cuda_peak_alloc=351.3MB, cuda_free=47457.8MB, cuda_total=48519.1MB
[2026-06-10 02:32:13] Epoch 04 improved mAP@0.5 to 0.5180. Saved best checkpoint: best_model-20260610-021221.pth. Resources: rss=2446.3MB, peak_rss=2446.3MB, cuda_alloc=351.3MB, cuda_reserved=510.0MB, cuda_peak_alloc=351.3MB, cuda_free=47457.8MB, cuda_total=48519.1MB
Epoch [04/30]
├── Train Loss : 0.4569
│   ├── loss_classifier  : 0.2511
│   ├── loss_box_reg     : 0.2058
│   ├── loss_objectness  : 0.0000
│   └── loss_rpn_box_reg : 0.0000
├── Val Loss   : 0.5246
├── mAP@0.5    : 0.5180
├── mAP@0.75   : n/a
├── mAP@0.5:0.95 : n/a
├── Precision  : 0.8128
├── Recall     : 0.5735
├── GT Boxes   : 2021
├── Predictions: 1426
├── Per-class AP
│   ├── person  : AP50=0.5883, AP75=n/a, AP50:95=n/a, P=0.7849, R=0.6387
│   ├── car     : AP50=0.4843, AP75=n/a, AP50:95=n/a, P=0.8421, R=0.5088
│   ├── dog     : AP50=0.5722, AP75=n/a, AP50:95=n/a, P=0.8841, R=0.5922
│   ├── cat     : AP50=0.7038, AP75=n/a, AP50:95=n/a, P=0.8881, R=0.7216
│   └── chair   : AP50=0.2414, AP75=n/a, AP50:95=n/a, P=0.8000, R=0.2837
├── LR         : 0.001000
└── Time       : 290.4s
[2026-06-10 02:32:13] Epoch [04/30] completed. Resources: rss=1974.4MB, peak_rss=2446.3MB, cuda_alloc=351.3MB, cuda_reserved=510.0MB, cuda_peak_alloc=351.3MB, cuda_free=47457.8MB, cuda_total=48519.1MB
[2026-06-10 02:32:13] Epoch [05/30] started. Resources: rss=1974.4MB, peak_rss=2446.3MB, cuda_alloc=351.3MB, cuda_reserved=510.0MB, cuda_peak_alloc=351.3MB, cuda_free=47457.8MB, cuda_total=48519.1MB
[2026-06-10 02:32:16] Epoch 05 train batch [20/1875] loss=0.3560 avg_loss=0.4376. Resources: rss=2030.1MB, peak_rss=2446.3MB, cuda_alloc=351.3MB, cuda_reserved=46462.0MB, cuda_peak_alloc=3637.7MB, cuda_free=1505.8MB, cuda_total=48519.1MB
[2026-06-10 02:32:19] Epoch 05 train batch [40/1875] loss=0.3137 avg_loss=0.4063. Resources: rss=2036.6MB, peak_rss=2446.3MB, cuda_alloc=351.3MB, cuda_reserved=34102.0MB, cuda_peak_alloc=3638.1MB, cuda_free=13865.8MB, cuda_total=48519.1MB
[2026-06-10 02:32:22] Epoch 05 train batch [60/1875] loss=0.4324 avg_loss=0.3967. Resources: rss=2036.6MB, peak_rss=2446.3MB, cuda_alloc=351.3MB, cuda_reserved=34102.0MB, cuda_peak_alloc=3638.1MB, cuda_free=13865.8MB, cuda_total=48519.1MB
[2026-06-10 02:32:25] Epoch 05 train batch [80/1875] loss=0.2584 avg_loss=0.4014. Resources: rss=2036.6MB, peak_rss=2446.3MB, cuda_alloc=351.3MB, cuda_reserved=40862.0MB, cuda_peak_alloc=3638.1MB, cuda_free=7105.8MB, cuda_total=48519.1MB
[2026-06-10 02:32:27] Epoch 05 train batch [100/1875] loss=0.4152 avg_loss=0.4058. Resources: rss=2036.6MB, peak_rss=2446.3MB, cuda_alloc=351.3MB, cuda_reserved=40862.0MB, cuda_peak_alloc=3638.1MB, cuda_free=7105.8MB, cuda_total=48519.1MB
[2026-06-10 02:32:30] Epoch 05 train batch [120/1875] loss=0.3227 avg_loss=0.4063. Resources: rss=2036.9MB, peak_rss=2446.3MB, cuda_alloc=351.3MB, cuda_reserved=43202.0MB, cuda_peak_alloc=3638.1MB, cuda_free=4765.8MB, cuda_total=48519.1MB
[2026-06-10 02:32:33] Epoch 05 train batch [140/1875] loss=0.4963 avg_loss=0.4114. Resources: rss=2037.1MB, peak_rss=2446.3MB, cuda_alloc=351.3MB, cuda_reserved=17442.0MB, cuda_peak_alloc=3638.1MB, cuda_free=30525.8MB, cuda_total=48519.1MB
[2026-06-10 02:32:35] Epoch 05 train batch [160/1875] loss=0.4684 avg_loss=0.4168. Resources: rss=2037.1MB, peak_rss=2446.3MB, cuda_alloc=351.3MB, cuda_reserved=31482.0MB, cuda_peak_alloc=3638.1MB, cuda_free=16485.8MB, cuda_total=48519.1MB
[2026-06-10 02:32:38] Epoch 05 train batch [180/1875] loss=0.5606 avg_loss=0.4202. Resources: rss=2037.1MB, peak_rss=2446.3MB, cuda_alloc=351.3MB, cuda_reserved=31482.0MB, cuda_peak_alloc=3638.1MB, cuda_free=16485.8MB, cuda_total=48519.1MB
[2026-06-10 02:32:41] Epoch 05 train batch [200/1875] loss=0.3090 avg_loss=0.4243. Resources: rss=2037.6MB, peak_rss=2446.3MB, cuda_alloc=351.3MB, cuda_reserved=38802.0MB, cuda_peak_alloc=3638.1MB, cuda_free=9165.8MB, cuda_total=48519.1MB
[2026-06-10 02:32:43] Epoch 05 train batch [220/1875] loss=0.2459 avg_loss=0.4258. Resources: rss=2037.6MB, peak_rss=2446.3MB, cuda_alloc=351.3MB, cuda_reserved=38802.0MB, cuda_peak_alloc=3638.1MB, cuda_free=9165.8MB, cuda_total=48519.1MB
[2026-06-10 02:32:46] Epoch 05 train batch [240/1875] loss=0.3325 avg_loss=0.4232. Resources: rss=2037.6MB, peak_rss=2446.3MB, cuda_alloc=351.3MB, cuda_reserved=38802.0MB, cuda_peak_alloc=3638.1MB, cuda_free=9165.8MB, cuda_total=48519.1MB
[2026-06-10 02:32:48] Epoch 05 train batch [260/1875] loss=0.3861 avg_loss=0.4205. Resources: rss=2037.6MB, peak_rss=2446.3MB, cuda_alloc=351.3MB, cuda_reserved=38802.0MB, cuda_peak_alloc=3638.1MB, cuda_free=9165.8MB, cuda_total=48519.1MB
[2026-06-10 02:32:51] Epoch 05 train batch [280/1875] loss=0.2799 avg_loss=0.4172. Resources: rss=2023.3MB, peak_rss=2446.3MB, cuda_alloc=351.3MB, cuda_reserved=38802.0MB, cuda_peak_alloc=3638.1MB, cuda_free=9165.8MB, cuda_total=48519.1MB
[2026-06-10 02:32:54] Epoch 05 train batch [300/1875] loss=0.3804 avg_loss=0.4152. Resources: rss=2033.8MB, peak_rss=2446.3MB, cuda_alloc=351.3MB, cuda_reserved=38802.0MB, cuda_peak_alloc=3638.1MB, cuda_free=9165.8MB, cuda_total=48519.1MB
[2026-06-10 02:32:56] Epoch 05 train batch [320/1875] loss=0.3162 avg_loss=0.4141. Resources: rss=2033.8MB, peak_rss=2446.3MB, cuda_alloc=351.3MB, cuda_reserved=38802.0MB, cuda_peak_alloc=3638.1MB, cuda_free=9165.8MB, cuda_total=48519.1MB
[2026-06-10 02:32:59] Epoch 05 train batch [340/1875] loss=0.2337 avg_loss=0.4116. Resources: rss=2033.8MB, peak_rss=2446.3MB, cuda_alloc=351.3MB, cuda_reserved=38802.0MB, cuda_peak_alloc=3638.1MB, cuda_free=9165.8MB, cuda_total=48519.1MB
[2026-06-10 02:33:01] Epoch 05 train batch [360/1875] loss=0.4726 avg_loss=0.4131. Resources: rss=2033.8MB, peak_rss=2446.3MB, cuda_alloc=351.3MB, cuda_reserved=38802.0MB, cuda_peak_alloc=3638.1MB, cuda_free=9165.8MB, cuda_total=48519.1MB
[2026-06-10 02:33:04] Epoch 05 train batch [380/1875] loss=0.3711 avg_loss=0.4125. Resources: rss=2033.8MB, peak_rss=2446.3MB, cuda_alloc=351.3MB, cuda_reserved=38802.0MB, cuda_peak_alloc=3638.1MB, cuda_free=9165.8MB, cuda_total=48519.1MB
[2026-06-10 02:33:08] Epoch 05 train batch [400/1875] loss=0.3367 avg_loss=0.4136. Resources: rss=2035.3MB, peak_rss=2446.3MB, cuda_alloc=351.3MB, cuda_reserved=25342.0MB, cuda_peak_alloc=3638.1MB, cuda_free=22625.8MB, cuda_total=48519.1MB
[2026-06-10 02:33:10] Epoch 05 train batch [420/1875] loss=0.5795 avg_loss=0.4126. Resources: rss=2035.3MB, peak_rss=2446.3MB, cuda_alloc=351.3MB, cuda_reserved=25342.0MB, cuda_peak_alloc=3638.1MB, cuda_free=22625.8MB, cuda_total=48519.1MB
[2026-06-10 02:33:13] Epoch 05 train batch [440/1875] loss=0.4707 avg_loss=0.4140. Resources: rss=2035.3MB, peak_rss=2446.3MB, cuda_alloc=351.3MB, cuda_reserved=33122.0MB, cuda_peak_alloc=3638.1MB, cuda_free=14845.8MB, cuda_total=48519.1MB
[2026-06-10 02:33:16] Epoch 05 train batch [460/1875] loss=0.3068 avg_loss=0.4139. Resources: rss=2035.3MB, peak_rss=2446.3MB, cuda_alloc=351.3MB, cuda_reserved=33122.0MB, cuda_peak_alloc=3638.1MB, cuda_free=14845.8MB, cuda_total=48519.1MB
[2026-06-10 02:33:18] Epoch 05 train batch [480/1875] loss=0.3807 avg_loss=0.4157. Resources: rss=2035.3MB, peak_rss=2446.3MB, cuda_alloc=351.3MB, cuda_reserved=33122.0MB, cuda_peak_alloc=3638.1MB, cuda_free=14845.8MB, cuda_total=48519.1MB
[2026-06-10 02:33:21] Epoch 05 train batch [500/1875] loss=0.2982 avg_loss=0.4151. Resources: rss=2035.3MB, peak_rss=2446.3MB, cuda_alloc=351.3MB, cuda_reserved=33122.0MB, cuda_peak_alloc=3638.1MB, cuda_free=14845.8MB, cuda_total=48519.1MB
[2026-06-10 02:33:23] Epoch 05 train batch [520/1875] loss=0.3160 avg_loss=0.4133. Resources: rss=2035.3MB, peak_rss=2446.3MB, cuda_alloc=351.3MB, cuda_reserved=34982.0MB, cuda_peak_alloc=3638.1MB, cuda_free=12985.8MB, cuda_total=48519.1MB
[2026-06-10 02:33:26] Epoch 05 train batch [540/1875] loss=0.4211 avg_loss=0.4144. Resources: rss=2035.8MB, peak_rss=2446.3MB, cuda_alloc=351.3MB, cuda_reserved=41622.0MB, cuda_peak_alloc=3638.1MB, cuda_free=6345.8MB, cuda_total=48519.1MB
[2026-06-10 02:33:29] Epoch 05 train batch [560/1875] loss=0.3153 avg_loss=0.4136. Resources: rss=2035.8MB, peak_rss=2446.3MB, cuda_alloc=351.3MB, cuda_reserved=41622.0MB, cuda_peak_alloc=3638.1MB, cuda_free=6345.8MB, cuda_total=48519.1MB
[2026-06-10 02:33:31] Epoch 05 train batch [580/1875] loss=0.3601 avg_loss=0.4130. Resources: rss=2035.8MB, peak_rss=2446.3MB, cuda_alloc=351.3MB, cuda_reserved=41622.0MB, cuda_peak_alloc=3638.1MB, cuda_free=6345.8MB, cuda_total=48519.1MB
[2026-06-10 02:33:34] Epoch 05 train batch [600/1875] loss=0.4482 avg_loss=0.4130. Resources: rss=2035.8MB, peak_rss=2446.3MB, cuda_alloc=351.3MB, cuda_reserved=41622.0MB, cuda_peak_alloc=3638.1MB, cuda_free=6345.8MB, cuda_total=48519.1MB
[2026-06-10 02:33:37] Epoch 05 train batch [620/1875] loss=0.2804 avg_loss=0.4121. Resources: rss=2035.8MB, peak_rss=2446.3MB, cuda_alloc=351.3MB, cuda_reserved=41622.0MB, cuda_peak_alloc=3638.2MB, cuda_free=6345.8MB, cuda_total=48519.1MB
[2026-06-10 02:33:39] Epoch 05 train batch [640/1875] loss=0.3994 avg_loss=0.4105. Resources: rss=2035.8MB, peak_rss=2446.3MB, cuda_alloc=351.3MB, cuda_reserved=41622.0MB, cuda_peak_alloc=3638.2MB, cuda_free=6345.8MB, cuda_total=48519.1MB
[2026-06-10 02:33:42] Epoch 05 train batch [660/1875] loss=0.4510 avg_loss=0.4108. Resources: rss=2039.3MB, peak_rss=2446.3MB, cuda_alloc=351.3MB, cuda_reserved=41622.0MB, cuda_peak_alloc=3638.2MB, cuda_free=6345.8MB, cuda_total=48519.1MB
[2026-06-10 02:33:44] Epoch 05 train batch [680/1875] loss=0.4671 avg_loss=0.4094. Resources: rss=2023.7MB, peak_rss=2446.3MB, cuda_alloc=351.3MB, cuda_reserved=41622.0MB, cuda_peak_alloc=3638.2MB, cuda_free=6345.8MB, cuda_total=48519.1MB
[2026-06-10 02:33:47] Epoch 05 train batch [700/1875] loss=0.4326 avg_loss=0.4086. Resources: rss=2036.7MB, peak_rss=2446.3MB, cuda_alloc=351.3MB, cuda_reserved=41622.0MB, cuda_peak_alloc=3638.2MB, cuda_free=6345.8MB, cuda_total=48519.1MB
[2026-06-10 02:33:50] Epoch 05 train batch [720/1875] loss=0.3670 avg_loss=0.4077. Resources: rss=2036.7MB, peak_rss=2446.3MB, cuda_alloc=351.3MB, cuda_reserved=41622.0MB, cuda_peak_alloc=3638.2MB, cuda_free=6345.8MB, cuda_total=48519.1MB
[2026-06-10 02:33:52] Epoch 05 train batch [740/1875] loss=0.4209 avg_loss=0.4071. Resources: rss=2037.7MB, peak_rss=2446.3MB, cuda_alloc=351.3MB, cuda_reserved=41622.0MB, cuda_peak_alloc=3638.2MB, cuda_free=6345.8MB, cuda_total=48519.1MB
[2026-06-10 02:33:55] Epoch 05 train batch [760/1875] loss=0.3818 avg_loss=0.4076. Resources: rss=2037.7MB, peak_rss=2446.3MB, cuda_alloc=351.3MB, cuda_reserved=41622.0MB, cuda_peak_alloc=3638.2MB, cuda_free=6345.8MB, cuda_total=48519.1MB
[2026-06-10 02:33:57] Epoch 05 train batch [780/1875] loss=0.5119 avg_loss=0.4076. Resources: rss=2037.7MB, peak_rss=2446.3MB, cuda_alloc=351.3MB, cuda_reserved=41622.0MB, cuda_peak_alloc=3638.2MB, cuda_free=6345.8MB, cuda_total=48519.1MB
[2026-06-10 02:34:00] Epoch 05 train batch [800/1875] loss=0.3356 avg_loss=0.4074. Resources: rss=2037.7MB, peak_rss=2446.3MB, cuda_alloc=351.3MB, cuda_reserved=41622.0MB, cuda_peak_alloc=3638.2MB, cuda_free=6345.8MB, cuda_total=48519.1MB
[2026-06-10 02:34:03] Epoch 05 train batch [820/1875] loss=0.4286 avg_loss=0.4071. Resources: rss=2037.7MB, peak_rss=2446.3MB, cuda_alloc=351.3MB, cuda_reserved=41622.0MB, cuda_peak_alloc=3638.2MB, cuda_free=6345.8MB, cuda_total=48519.1MB
[2026-06-10 02:34:05] Epoch 05 train batch [840/1875] loss=0.3465 avg_loss=0.4070. Resources: rss=2038.4MB, peak_rss=2446.3MB, cuda_alloc=351.3MB, cuda_reserved=44162.0MB, cuda_peak_alloc=3638.2MB, cuda_free=3805.8MB, cuda_total=48519.1MB
[2026-06-10 02:34:09] Epoch 05 train batch [860/1875] loss=0.3794 avg_loss=0.4077. Resources: rss=2038.7MB, peak_rss=2446.3MB, cuda_alloc=351.3MB, cuda_reserved=25262.0MB, cuda_peak_alloc=3638.2MB, cuda_free=22705.8MB, cuda_total=48519.1MB
[2026-06-10 02:34:11] Epoch 05 train batch [880/1875] loss=0.4374 avg_loss=0.4077. Resources: rss=2014.5MB, peak_rss=2446.3MB, cuda_alloc=351.3MB, cuda_reserved=38282.0MB, cuda_peak_alloc=3638.2MB, cuda_free=9685.8MB, cuda_total=48519.1MB
[2026-06-10 02:34:14] Epoch 05 train batch [900/1875] loss=0.3185 avg_loss=0.4077. Resources: rss=2034.8MB, peak_rss=2446.3MB, cuda_alloc=351.3MB, cuda_reserved=38282.0MB, cuda_peak_alloc=3638.2MB, cuda_free=9685.8MB, cuda_total=48519.1MB
[2026-06-10 02:34:17] Epoch 05 train batch [920/1875] loss=0.3935 avg_loss=0.4078. Resources: rss=2037.8MB, peak_rss=2446.3MB, cuda_alloc=351.3MB, cuda_reserved=12862.0MB, cuda_peak_alloc=3638.2MB, cuda_free=35105.8MB, cuda_total=48519.1MB
[2026-06-10 02:34:20] Epoch 05 train batch [940/1875] loss=0.3821 avg_loss=0.4081. Resources: rss=2038.5MB, peak_rss=2446.3MB, cuda_alloc=351.3MB, cuda_reserved=23522.0MB, cuda_peak_alloc=3638.2MB, cuda_free=24445.8MB, cuda_total=48519.1MB
[2026-06-10 02:34:23] Epoch 05 train batch [960/1875] loss=0.2973 avg_loss=0.4075. Resources: rss=2038.8MB, peak_rss=2446.3MB, cuda_alloc=351.3MB, cuda_reserved=23522.0MB, cuda_peak_alloc=3638.2MB, cuda_free=24445.8MB, cuda_total=48519.1MB
[2026-06-10 02:34:25] Epoch 05 train batch [980/1875] loss=0.3828 avg_loss=0.4071. Resources: rss=2038.8MB, peak_rss=2446.3MB, cuda_alloc=351.3MB, cuda_reserved=23524.0MB, cuda_peak_alloc=3638.2MB, cuda_free=24443.8MB, cuda_total=48519.1MB
[2026-06-10 02:34:28] Epoch 05 train batch [1000/1875] loss=0.3715 avg_loss=0.4064. Resources: rss=2038.8MB, peak_rss=2446.3MB, cuda_alloc=351.3MB, cuda_reserved=34704.0MB, cuda_peak_alloc=3638.2MB, cuda_free=13263.8MB, cuda_total=48519.1MB
[2026-06-10 02:34:30] Epoch 05 train batch [1020/1875] loss=0.5077 avg_loss=0.4064. Resources: rss=2038.8MB, peak_rss=2446.3MB, cuda_alloc=351.3MB, cuda_reserved=34704.0MB, cuda_peak_alloc=3638.2MB, cuda_free=13263.8MB, cuda_total=48519.1MB
[2026-06-10 02:34:33] Epoch 05 train batch [1040/1875] loss=0.3764 avg_loss=0.4061. Resources: rss=2038.8MB, peak_rss=2446.3MB, cuda_alloc=351.3MB, cuda_reserved=34704.0MB, cuda_peak_alloc=3638.2MB, cuda_free=13263.8MB, cuda_total=48519.1MB
[2026-06-10 02:34:36] Epoch 05 train batch [1060/1875] loss=0.3524 avg_loss=0.4056. Resources: rss=2038.8MB, peak_rss=2446.3MB, cuda_alloc=351.3MB, cuda_reserved=35584.0MB, cuda_peak_alloc=3638.2MB, cuda_free=12383.8MB, cuda_total=48519.1MB
[2026-06-10 02:34:38] Epoch 05 train batch [1080/1875] loss=0.4160 avg_loss=0.4044. Resources: rss=2038.8MB, peak_rss=2446.3MB, cuda_alloc=351.3MB, cuda_reserved=35584.0MB, cuda_peak_alloc=3638.2MB, cuda_free=12383.8MB, cuda_total=48519.1MB
[2026-06-10 02:34:41] Epoch 05 train batch [1100/1875] loss=0.3790 avg_loss=0.4048. Resources: rss=2038.8MB, peak_rss=2446.3MB, cuda_alloc=351.3MB, cuda_reserved=35584.0MB, cuda_peak_alloc=3638.2MB, cuda_free=12383.8MB, cuda_total=48519.1MB
[2026-06-10 02:34:43] Epoch 05 train batch [1120/1875] loss=0.4007 avg_loss=0.4043. Resources: rss=2038.8MB, peak_rss=2446.3MB, cuda_alloc=351.3MB, cuda_reserved=35584.0MB, cuda_peak_alloc=3638.2MB, cuda_free=12383.8MB, cuda_total=48519.1MB
[2026-06-10 02:34:46] Epoch 05 train batch [1140/1875] loss=0.4381 avg_loss=0.4036. Resources: rss=2038.8MB, peak_rss=2446.3MB, cuda_alloc=351.3MB, cuda_reserved=35584.0MB, cuda_peak_alloc=3638.2MB, cuda_free=12383.8MB, cuda_total=48519.1MB
[2026-06-10 02:34:49] Epoch 05 train batch [1160/1875] loss=0.4183 avg_loss=0.4030. Resources: rss=2039.3MB, peak_rss=2446.3MB, cuda_alloc=351.3MB, cuda_reserved=35584.0MB, cuda_peak_alloc=3638.2MB, cuda_free=12383.8MB, cuda_total=48519.1MB
[2026-06-10 02:34:52] Epoch 05 train batch [1180/1875] loss=1.1000 avg_loss=0.4036. Resources: rss=2040.8MB, peak_rss=2446.3MB, cuda_alloc=351.3MB, cuda_reserved=22524.0MB, cuda_peak_alloc=3638.2MB, cuda_free=25443.8MB, cuda_total=48519.1MB
[2026-06-10 02:34:56] Epoch 05 train batch [1200/1875] loss=0.3081 avg_loss=0.4031. Resources: rss=2044.3MB, peak_rss=2446.3MB, cuda_alloc=351.3MB, cuda_reserved=22342.0MB, cuda_peak_alloc=3638.2MB, cuda_free=25625.8MB, cuda_total=48519.1MB
[2026-06-10 02:34:59] Epoch 05 train batch [1220/1875] loss=0.4091 avg_loss=0.4030. Resources: rss=2044.3MB, peak_rss=2446.3MB, cuda_alloc=351.3MB, cuda_reserved=7322.0MB, cuda_peak_alloc=3638.2MB, cuda_free=40645.8MB, cuda_total=48519.1MB
[2026-06-10 02:35:02] Epoch 05 train batch [1240/1875] loss=0.3003 avg_loss=0.4032. Resources: rss=2044.3MB, peak_rss=2446.3MB, cuda_alloc=351.3MB, cuda_reserved=24022.0MB, cuda_peak_alloc=3638.2MB, cuda_free=23945.8MB, cuda_total=48519.1MB
[2026-06-10 02:35:05] Epoch 05 train batch [1260/1875] loss=0.6221 avg_loss=0.4029. Resources: rss=2044.3MB, peak_rss=2446.3MB, cuda_alloc=351.3MB, cuda_reserved=24022.0MB, cuda_peak_alloc=3638.2MB, cuda_free=23945.8MB, cuda_total=48519.1MB
[2026-06-10 02:35:07] Epoch 05 train batch [1280/1875] loss=0.3460 avg_loss=0.4026. Resources: rss=2044.3MB, peak_rss=2446.3MB, cuda_alloc=351.3MB, cuda_reserved=31182.0MB, cuda_peak_alloc=3638.2MB, cuda_free=16785.8MB, cuda_total=48519.1MB
[2026-06-10 02:35:10] Epoch 05 train batch [1300/1875] loss=0.6591 avg_loss=0.4025. Resources: rss=2044.3MB, peak_rss=2446.3MB, cuda_alloc=351.3MB, cuda_reserved=35562.0MB, cuda_peak_alloc=3638.2MB, cuda_free=12405.8MB, cuda_total=48519.1MB
[2026-06-10 02:35:12] Epoch 05 train batch [1320/1875] loss=0.6850 avg_loss=0.4031. Resources: rss=2044.3MB, peak_rss=2446.3MB, cuda_alloc=351.3MB, cuda_reserved=35562.0MB, cuda_peak_alloc=3638.2MB, cuda_free=12405.8MB, cuda_total=48519.1MB
[2026-06-10 02:35:15] Epoch 05 train batch [1340/1875] loss=0.3660 avg_loss=0.4030. Resources: rss=2044.3MB, peak_rss=2446.3MB, cuda_alloc=351.3MB, cuda_reserved=35562.0MB, cuda_peak_alloc=3638.2MB, cuda_free=12405.8MB, cuda_total=48519.1MB
[2026-06-10 02:35:18] Epoch 05 train batch [1360/1875] loss=0.3939 avg_loss=0.4027. Resources: rss=2044.3MB, peak_rss=2446.3MB, cuda_alloc=351.3MB, cuda_reserved=35562.0MB, cuda_peak_alloc=3638.2MB, cuda_free=12405.8MB, cuda_total=48519.1MB
[2026-06-10 02:35:20] Epoch 05 train batch [1380/1875] loss=0.3992 avg_loss=0.4031. Resources: rss=2044.3MB, peak_rss=2446.3MB, cuda_alloc=351.3MB, cuda_reserved=35562.0MB, cuda_peak_alloc=3638.2MB, cuda_free=12405.8MB, cuda_total=48519.1MB
[2026-06-10 02:35:23] Epoch 05 train batch [1400/1875] loss=0.4821 avg_loss=0.4035. Resources: rss=2044.3MB, peak_rss=2446.3MB, cuda_alloc=351.3MB, cuda_reserved=35562.0MB, cuda_peak_alloc=3638.2MB, cuda_free=12405.8MB, cuda_total=48519.1MB
[2026-06-10 02:35:25] Epoch 05 train batch [1420/1875] loss=0.5788 avg_loss=0.4030. Resources: rss=2044.3MB, peak_rss=2446.3MB, cuda_alloc=351.3MB, cuda_reserved=35562.0MB, cuda_peak_alloc=3638.2MB, cuda_free=12405.8MB, cuda_total=48519.1MB
[2026-06-10 02:35:28] Epoch 05 train batch [1440/1875] loss=0.2145 avg_loss=0.4021. Resources: rss=2044.3MB, peak_rss=2446.3MB, cuda_alloc=351.3MB, cuda_reserved=35562.0MB, cuda_peak_alloc=3638.2MB, cuda_free=12405.8MB, cuda_total=48519.1MB
[2026-06-10 02:35:31] Epoch 05 train batch [1460/1875] loss=0.3855 avg_loss=0.4015. Resources: rss=2044.3MB, peak_rss=2446.3MB, cuda_alloc=351.3MB, cuda_reserved=35562.0MB, cuda_peak_alloc=3638.2MB, cuda_free=12405.8MB, cuda_total=48519.1MB
[2026-06-10 02:35:33] Epoch 05 train batch [1480/1875] loss=0.3523 avg_loss=0.4010. Resources: rss=2044.3MB, peak_rss=2446.3MB, cuda_alloc=351.3MB, cuda_reserved=35562.0MB, cuda_peak_alloc=3638.2MB, cuda_free=12405.8MB, cuda_total=48519.1MB
[2026-06-10 02:35:36] Epoch 05 train batch [1500/1875] loss=0.8530 avg_loss=0.4016. Resources: rss=2033.5MB, peak_rss=2446.3MB, cuda_alloc=351.3MB, cuda_reserved=35562.0MB, cuda_peak_alloc=3638.2MB, cuda_free=12405.8MB, cuda_total=48519.1MB
[2026-06-10 02:35:39] Epoch 05 train batch [1520/1875] loss=0.3871 avg_loss=0.4015. Resources: rss=2039.5MB, peak_rss=2446.3MB, cuda_alloc=351.3MB, cuda_reserved=35562.0MB, cuda_peak_alloc=3638.2MB, cuda_free=12405.8MB, cuda_total=48519.1MB
[2026-06-10 02:35:41] Epoch 05 train batch [1540/1875] loss=0.3988 avg_loss=0.4011. Resources: rss=2044.2MB, peak_rss=2446.3MB, cuda_alloc=351.3MB, cuda_reserved=35562.0MB, cuda_peak_alloc=3638.2MB, cuda_free=12405.8MB, cuda_total=48519.1MB
[2026-06-10 02:35:43] Epoch 05 train batch [1560/1875] loss=0.4420 avg_loss=0.4008. Resources: rss=2044.7MB, peak_rss=2446.3MB, cuda_alloc=351.3MB, cuda_reserved=35562.0MB, cuda_peak_alloc=3638.2MB, cuda_free=12405.8MB, cuda_total=48519.1MB
[2026-06-10 02:35:46] Epoch 05 train batch [1580/1875] loss=0.3775 avg_loss=0.4009. Resources: rss=2044.7MB, peak_rss=2446.3MB, cuda_alloc=351.3MB, cuda_reserved=35562.0MB, cuda_peak_alloc=3638.2MB, cuda_free=12405.8MB, cuda_total=48519.1MB
[2026-06-10 02:35:49] Epoch 05 train batch [1600/1875] loss=0.3700 avg_loss=0.4011. Resources: rss=2044.7MB, peak_rss=2446.3MB, cuda_alloc=351.3MB, cuda_reserved=35562.0MB, cuda_peak_alloc=3638.2MB, cuda_free=12405.8MB, cuda_total=48519.1MB
[2026-06-10 02:35:51] Epoch 05 train batch [1620/1875] loss=0.3940 avg_loss=0.4008. Resources: rss=2044.7MB, peak_rss=2446.3MB, cuda_alloc=351.3MB, cuda_reserved=35562.0MB, cuda_peak_alloc=3638.2MB, cuda_free=12405.8MB, cuda_total=48519.1MB
[2026-06-10 02:35:54] Epoch 05 train batch [1640/1875] loss=0.4603 avg_loss=0.4006. Resources: rss=2044.7MB, peak_rss=2446.3MB, cuda_alloc=351.3MB, cuda_reserved=35562.0MB, cuda_peak_alloc=3638.2MB, cuda_free=12405.8MB, cuda_total=48519.1MB
[2026-06-10 02:35:56] Epoch 05 train batch [1660/1875] loss=0.3164 avg_loss=0.4004. Resources: rss=2045.0MB, peak_rss=2446.3MB, cuda_alloc=351.3MB, cuda_reserved=35562.0MB, cuda_peak_alloc=3638.2MB, cuda_free=12405.8MB, cuda_total=48519.1MB
[2026-06-10 02:35:59] Epoch 05 train batch [1680/1875] loss=0.3305 avg_loss=0.4001. Resources: rss=2045.2MB, peak_rss=2446.3MB, cuda_alloc=351.3MB, cuda_reserved=38102.0MB, cuda_peak_alloc=3638.2MB, cuda_free=9865.8MB, cuda_total=48519.1MB
[2026-06-10 02:36:02] Epoch 05 train batch [1700/1875] loss=0.2926 avg_loss=0.3994. Resources: rss=2045.2MB, peak_rss=2446.3MB, cuda_alloc=351.3MB, cuda_reserved=38102.0MB, cuda_peak_alloc=3638.2MB, cuda_free=9865.8MB, cuda_total=48519.1MB
[2026-06-10 02:36:04] Epoch 05 train batch [1720/1875] loss=0.3093 avg_loss=0.3987. Resources: rss=2045.2MB, peak_rss=2446.3MB, cuda_alloc=351.3MB, cuda_reserved=38102.0MB, cuda_peak_alloc=3638.2MB, cuda_free=9865.8MB, cuda_total=48519.1MB
[2026-06-10 02:36:07] Epoch 05 train batch [1740/1875] loss=0.5203 avg_loss=0.3981. Resources: rss=2045.2MB, peak_rss=2446.3MB, cuda_alloc=351.3MB, cuda_reserved=38102.0MB, cuda_peak_alloc=3638.2MB, cuda_free=9865.8MB, cuda_total=48519.1MB
[2026-06-10 02:36:09] Epoch 05 train batch [1760/1875] loss=0.6664 avg_loss=0.3982. Resources: rss=2045.2MB, peak_rss=2446.3MB, cuda_alloc=351.3MB, cuda_reserved=38102.0MB, cuda_peak_alloc=3638.2MB, cuda_free=9865.8MB, cuda_total=48519.1MB
[2026-06-10 02:36:12] Epoch 05 train batch [1780/1875] loss=0.3404 avg_loss=0.3981. Resources: rss=2045.2MB, peak_rss=2446.3MB, cuda_alloc=351.3MB, cuda_reserved=38102.0MB, cuda_peak_alloc=3638.2MB, cuda_free=9865.8MB, cuda_total=48519.1MB
[2026-06-10 02:36:14] Epoch 05 train batch [1800/1875] loss=0.4240 avg_loss=0.3979. Resources: rss=2045.2MB, peak_rss=2446.3MB, cuda_alloc=351.3MB, cuda_reserved=38102.0MB, cuda_peak_alloc=3638.2MB, cuda_free=9865.8MB, cuda_total=48519.1MB
[2026-06-10 02:36:17] Epoch 05 train batch [1820/1875] loss=0.3111 avg_loss=0.3978. Resources: rss=2045.2MB, peak_rss=2446.3MB, cuda_alloc=351.3MB, cuda_reserved=38102.0MB, cuda_peak_alloc=3638.2MB, cuda_free=9865.8MB, cuda_total=48519.1MB
[2026-06-10 02:36:20] Epoch 05 train batch [1840/1875] loss=0.3145 avg_loss=0.3980. Resources: rss=2045.2MB, peak_rss=2446.3MB, cuda_alloc=351.3MB, cuda_reserved=38102.0MB, cuda_peak_alloc=3638.2MB, cuda_free=9865.8MB, cuda_total=48519.1MB
[2026-06-10 02:36:22] Epoch 05 train batch [1860/1875] loss=0.4249 avg_loss=0.3977. Resources: rss=2046.0MB, peak_rss=2446.3MB, cuda_alloc=351.3MB, cuda_reserved=43582.0MB, cuda_peak_alloc=3638.2MB, cuda_free=4385.8MB, cuda_total=48519.1MB
[2026-06-10 02:36:24] Epoch 05 train batch [1875/1875] loss=0.3371 avg_loss=0.3975. Resources: rss=2046.0MB, peak_rss=2446.3MB, cuda_alloc=351.3MB, cuda_reserved=43582.0MB, cuda_peak_alloc=3638.2MB, cuda_free=4385.8MB, cuda_total=48519.1MB
[2026-06-10 02:36:24] Epoch 05 training completed. Resources: rss=2046.0MB, peak_rss=2446.3MB, cuda_alloc=351.3MB, cuda_reserved=43582.0MB, cuda_peak_alloc=3638.2MB, cuda_free=4385.8MB, cuda_total=48519.1MB
[2026-06-10 02:36:25] Epoch 05 cache released before validation loss. Resources: rss=1990.0MB, peak_rss=2446.3MB, cuda_alloc=351.3MB, cuda_reserved=550.0MB, cuda_peak_alloc=351.3MB, cuda_free=47417.8MB, cuda_total=48519.1MB
[2026-06-10 02:36:46] Epoch 05 validation loss completed: 0.5204. Resources: rss=2038.4MB, peak_rss=2446.3MB, cuda_alloc=351.3MB, cuda_reserved=7980.0MB, cuda_peak_alloc=1426.1MB, cuda_free=39987.8MB, cuda_total=48519.1MB
[2026-06-10 02:36:46] Epoch 05 cache released before detection metrics. Resources: rss=1986.6MB, peak_rss=2446.3MB, cuda_alloc=351.3MB, cuda_reserved=550.0MB, cuda_peak_alloc=351.3MB, cuda_free=47417.8MB, cuda_total=48519.1MB
[2026-06-10 02:37:07] Epoch 05 prediction tensors moved to CPU. Computing metrics. Resources: rss=1986.5MB, peak_rss=2446.3MB, cuda_alloc=351.3MB, cuda_reserved=550.0MB, cuda_peak_alloc=351.3MB, cuda_free=47417.8MB, cuda_total=48519.1MB
[2026-06-10 02:37:07] Epoch 05 metrics computed (mAP@0.5 only). Saving artifacts. Resources: rss=1987.3MB, peak_rss=2446.3MB, cuda_alloc=351.3MB, cuda_reserved=550.0MB, cuda_peak_alloc=351.3MB, cuda_free=47417.8MB, cuda_total=48519.1MB
[2026-06-10 02:37:08] Epoch 05 improved mAP@0.5 to 0.5443. Saved best checkpoint: best_model-20260610-021221.pth. Resources: rss=2458.3MB, peak_rss=2458.3MB, cuda_alloc=351.3MB, cuda_reserved=550.0MB, cuda_peak_alloc=351.3MB, cuda_free=47417.8MB, cuda_total=48519.1MB
Epoch [05/30]
├── Train Loss : 0.3975
│   ├── loss_classifier  : 0.2165
│   ├── loss_box_reg     : 0.1810
│   ├── loss_objectness  : 0.0000
│   └── loss_rpn_box_reg : 0.0000
├── Val Loss   : 0.5204
├── mAP@0.5    : 0.5443
├── mAP@0.75   : n/a
├── mAP@0.5:0.95 : n/a
├── Precision  : 0.7666
├── Recall     : 0.5755
├── GT Boxes   : 2021
├── Predictions: 1517
├── Per-class AP
│   ├── person  : AP50=0.5300, AP75=n/a, AP50:95=n/a, P=0.8021, R=0.5810
│   ├── car     : AP50=0.5046, AP75=n/a, AP50:95=n/a, P=0.8362, R=0.5230
│   ├── dog     : AP50=0.6364, AP75=n/a, AP50:95=n/a, P=0.6827, R=0.6893
│   ├── cat     : AP50=0.7004, AP75=n/a, AP50:95=n/a, P=0.9058, R=0.7102
│   └── chair   : AP50=0.3503, AP75=n/a, AP50:95=n/a, P=0.5741, R=0.4397
├── LR         : 0.001000
└── Time       : 293.8s
[2026-06-10 02:37:08] Epoch [05/30] completed. Resources: rss=1986.6MB, peak_rss=2458.3MB, cuda_alloc=351.3MB, cuda_reserved=550.0MB, cuda_peak_alloc=351.3MB, cuda_free=47417.8MB, cuda_total=48519.1MB
[2026-06-10 02:37:08] Epoch [06/30] started. Resources: rss=1986.6MB, peak_rss=2458.3MB, cuda_alloc=351.3MB, cuda_reserved=550.0MB, cuda_peak_alloc=351.3MB, cuda_free=47417.8MB, cuda_total=48519.1MB
[2026-06-10 02:37:10] Epoch 06 train batch [20/1875] loss=0.3217 avg_loss=0.3498. Resources: rss=2041.1MB, peak_rss=2458.3MB, cuda_alloc=351.3MB, cuda_reserved=17402.0MB, cuda_peak_alloc=3637.5MB, cuda_free=30565.8MB, cuda_total=48519.1MB
[2026-06-10 02:37:13] Epoch 06 train batch [40/1875] loss=0.3252 avg_loss=0.3615. Resources: rss=2044.3MB, peak_rss=2458.3MB, cuda_alloc=351.3MB, cuda_reserved=17402.0MB, cuda_peak_alloc=3637.5MB, cuda_free=30565.8MB, cuda_total=48519.1MB
[2026-06-10 02:37:15] Epoch 06 train batch [60/1875] loss=0.6906 avg_loss=0.3700. Resources: rss=2044.6MB, peak_rss=2458.3MB, cuda_alloc=351.3MB, cuda_reserved=17822.0MB, cuda_peak_alloc=3637.5MB, cuda_free=30145.8MB, cuda_total=48519.1MB
[2026-06-10 02:37:19] Epoch 06 train batch [80/1875] loss=0.3003 avg_loss=0.3635. Resources: rss=2047.3MB, peak_rss=2458.3MB, cuda_alloc=351.3MB, cuda_reserved=6902.0MB, cuda_peak_alloc=3637.5MB, cuda_free=41065.8MB, cuda_total=48519.1MB
[2026-06-10 02:37:21] Epoch 06 train batch [100/1875] loss=0.3607 avg_loss=0.3620. Resources: rss=2047.3MB, peak_rss=2458.3MB, cuda_alloc=351.3MB, cuda_reserved=22182.0MB, cuda_peak_alloc=3637.6MB, cuda_free=25785.8MB, cuda_total=48519.1MB
[2026-06-10 02:37:24] Epoch 06 train batch [120/1875] loss=0.3154 avg_loss=0.3641. Resources: rss=2047.6MB, peak_rss=2458.3MB, cuda_alloc=351.3MB, cuda_reserved=24802.0MB, cuda_peak_alloc=3637.6MB, cuda_free=23165.8MB, cuda_total=48519.1MB
[2026-06-10 02:37:26] Epoch 06 train batch [140/1875] loss=0.3573 avg_loss=0.3651. Resources: rss=2047.6MB, peak_rss=2458.3MB, cuda_alloc=351.3MB, cuda_reserved=24802.0MB, cuda_peak_alloc=3637.6MB, cuda_free=23165.8MB, cuda_total=48519.1MB
[2026-06-10 02:37:29] Epoch 06 train batch [160/1875] loss=0.2918 avg_loss=0.3633. Resources: rss=2047.6MB, peak_rss=2458.3MB, cuda_alloc=351.3MB, cuda_reserved=27622.0MB, cuda_peak_alloc=3638.2MB, cuda_free=20345.8MB, cuda_total=48519.1MB
[2026-06-10 02:37:32] Epoch 06 train batch [180/1875] loss=0.3074 avg_loss=0.3620. Resources: rss=2048.6MB, peak_rss=2458.3MB, cuda_alloc=351.3MB, cuda_reserved=38302.0MB, cuda_peak_alloc=3638.2MB, cuda_free=9665.8MB, cuda_total=48519.1MB
[2026-06-10 02:37:34] Epoch 06 train batch [200/1875] loss=0.3157 avg_loss=0.3632. Resources: rss=2048.6MB, peak_rss=2458.3MB, cuda_alloc=351.3MB, cuda_reserved=38302.0MB, cuda_peak_alloc=3638.2MB, cuda_free=9665.8MB, cuda_total=48519.1MB
[2026-06-10 02:37:37] Epoch 06 train batch [220/1875] loss=0.3685 avg_loss=0.3629. Resources: rss=2048.6MB, peak_rss=2458.3MB, cuda_alloc=351.3MB, cuda_reserved=38304.0MB, cuda_peak_alloc=3638.2MB, cuda_free=9663.8MB, cuda_total=48519.1MB
[2026-06-10 02:37:40] Epoch 06 train batch [240/1875] loss=0.2978 avg_loss=0.3631. Resources: rss=2048.6MB, peak_rss=2458.3MB, cuda_alloc=351.3MB, cuda_reserved=38304.0MB, cuda_peak_alloc=3638.2MB, cuda_free=9663.8MB, cuda_total=48519.1MB
[2026-06-10 02:37:42] Epoch 06 train batch [260/1875] loss=0.3581 avg_loss=0.3630. Resources: rss=2048.6MB, peak_rss=2458.3MB, cuda_alloc=351.3MB, cuda_reserved=38304.0MB, cuda_peak_alloc=3638.2MB, cuda_free=9663.8MB, cuda_total=48519.1MB
[2026-06-10 02:37:45] Epoch 06 train batch [280/1875] loss=0.3544 avg_loss=0.3630. Resources: rss=2048.8MB, peak_rss=2458.3MB, cuda_alloc=351.3MB, cuda_reserved=38964.0MB, cuda_peak_alloc=3638.2MB, cuda_free=9003.8MB, cuda_total=48519.1MB
[2026-06-10 02:37:48] Epoch 06 train batch [300/1875] loss=0.3286 avg_loss=0.3641. Resources: rss=2049.1MB, peak_rss=2458.3MB, cuda_alloc=351.3MB, cuda_reserved=41644.0MB, cuda_peak_alloc=3638.2MB, cuda_free=6323.8MB, cuda_total=48519.1MB
[2026-06-10 02:37:50] Epoch 06 train batch [320/1875] loss=0.2535 avg_loss=0.3621. Resources: rss=2049.1MB, peak_rss=2458.3MB, cuda_alloc=351.3MB, cuda_reserved=41644.0MB, cuda_peak_alloc=3638.2MB, cuda_free=6323.8MB, cuda_total=48519.1MB
[2026-06-10 02:37:53] Epoch 06 train batch [340/1875] loss=0.3386 avg_loss=0.3639. Resources: rss=2049.1MB, peak_rss=2458.3MB, cuda_alloc=351.3MB, cuda_reserved=41644.0MB, cuda_peak_alloc=3638.2MB, cuda_free=6323.8MB, cuda_total=48519.1MB
[2026-06-10 02:37:55] Epoch 06 train batch [360/1875] loss=0.5164 avg_loss=0.3677. Resources: rss=2049.3MB, peak_rss=2458.3MB, cuda_alloc=351.3MB, cuda_reserved=43344.0MB, cuda_peak_alloc=3638.2MB, cuda_free=4623.8MB, cuda_total=48519.1MB
[2026-06-10 02:37:58] Epoch 06 train batch [380/1875] loss=0.3457 avg_loss=0.3681. Resources: rss=2049.3MB, peak_rss=2458.3MB, cuda_alloc=351.3MB, cuda_reserved=43344.0MB, cuda_peak_alloc=3638.2MB, cuda_free=4623.8MB, cuda_total=48519.1MB
[2026-06-10 02:38:01] Epoch 06 train batch [400/1875] loss=0.3613 avg_loss=0.3662. Resources: rss=2049.3MB, peak_rss=2458.3MB, cuda_alloc=351.3MB, cuda_reserved=43344.0MB, cuda_peak_alloc=3638.2MB, cuda_free=4623.8MB, cuda_total=48519.1MB
[2026-06-10 02:38:03] Epoch 06 train batch [420/1875] loss=0.3519 avg_loss=0.3667. Resources: rss=2049.3MB, peak_rss=2458.3MB, cuda_alloc=351.3MB, cuda_reserved=43344.0MB, cuda_peak_alloc=3638.2MB, cuda_free=4623.8MB, cuda_total=48519.1MB
[2026-06-10 02:38:06] Epoch 06 train batch [440/1875] loss=0.3288 avg_loss=0.3657. Resources: rss=2049.3MB, peak_rss=2458.3MB, cuda_alloc=351.3MB, cuda_reserved=43344.0MB, cuda_peak_alloc=3638.2MB, cuda_free=4623.8MB, cuda_total=48519.1MB
[2026-06-10 02:38:08] Epoch 06 train batch [460/1875] loss=0.4322 avg_loss=0.3644. Resources: rss=2049.3MB, peak_rss=2458.3MB, cuda_alloc=351.3MB, cuda_reserved=43344.0MB, cuda_peak_alloc=3638.2MB, cuda_free=4623.8MB, cuda_total=48519.1MB
[2026-06-10 02:38:11] Epoch 06 train batch [480/1875] loss=0.1952 avg_loss=0.3638. Resources: rss=2049.6MB, peak_rss=2458.3MB, cuda_alloc=351.3MB, cuda_reserved=44004.0MB, cuda_peak_alloc=3638.2MB, cuda_free=3963.8MB, cuda_total=48519.1MB
[2026-06-10 02:38:14] Epoch 06 train batch [500/1875] loss=0.2232 avg_loss=0.3640. Resources: rss=2041.4MB, peak_rss=2458.3MB, cuda_alloc=351.3MB, cuda_reserved=44004.0MB, cuda_peak_alloc=3638.2MB, cuda_free=3963.8MB, cuda_total=48519.1MB
[2026-06-10 02:38:16] Epoch 06 train batch [520/1875] loss=0.3327 avg_loss=0.3665. Resources: rss=2047.9MB, peak_rss=2458.3MB, cuda_alloc=351.3MB, cuda_reserved=44004.0MB, cuda_peak_alloc=3638.2MB, cuda_free=3963.8MB, cuda_total=48519.1MB
[2026-06-10 02:38:19] Epoch 06 train batch [540/1875] loss=0.3551 avg_loss=0.3669. Resources: rss=2048.9MB, peak_rss=2458.3MB, cuda_alloc=351.3MB, cuda_reserved=12202.0MB, cuda_peak_alloc=3638.2MB, cuda_free=35765.8MB, cuda_total=48519.1MB
[2026-06-10 02:38:22] Epoch 06 train batch [560/1875] loss=0.3718 avg_loss=0.3659. Resources: rss=2048.9MB, peak_rss=2458.3MB, cuda_alloc=351.3MB, cuda_reserved=16642.0MB, cuda_peak_alloc=3638.2MB, cuda_free=31325.8MB, cuda_total=48519.1MB
[2026-06-10 02:38:25] Epoch 06 train batch [580/1875] loss=0.3282 avg_loss=0.3649. Resources: rss=2049.2MB, peak_rss=2458.3MB, cuda_alloc=351.3MB, cuda_reserved=22022.0MB, cuda_peak_alloc=3638.2MB, cuda_free=25945.8MB, cuda_total=48519.1MB
[2026-06-10 02:38:27] Epoch 06 train batch [600/1875] loss=0.8538 avg_loss=0.3670. Resources: rss=2049.2MB, peak_rss=2458.3MB, cuda_alloc=351.3MB, cuda_reserved=26362.0MB, cuda_peak_alloc=3638.2MB, cuda_free=21605.8MB, cuda_total=48519.1MB
[2026-06-10 02:38:30] Epoch 06 train batch [620/1875] loss=0.3651 avg_loss=0.3670. Resources: rss=2049.2MB, peak_rss=2458.3MB, cuda_alloc=351.3MB, cuda_reserved=26362.0MB, cuda_peak_alloc=3638.2MB, cuda_free=21605.8MB, cuda_total=48519.1MB
[2026-06-10 02:38:32] Epoch 06 train batch [640/1875] loss=0.4183 avg_loss=0.3674. Resources: rss=2049.2MB, peak_rss=2458.3MB, cuda_alloc=351.3MB, cuda_reserved=26362.0MB, cuda_peak_alloc=3638.2MB, cuda_free=21605.8MB, cuda_total=48519.1MB
[2026-06-10 02:38:35] Epoch 06 train batch [660/1875] loss=0.4577 avg_loss=0.3678. Resources: rss=2049.2MB, peak_rss=2458.3MB, cuda_alloc=351.3MB, cuda_reserved=26362.0MB, cuda_peak_alloc=3638.2MB, cuda_free=21605.8MB, cuda_total=48519.1MB
[2026-06-10 02:38:37] Epoch 06 train batch [680/1875] loss=0.3481 avg_loss=0.3687. Resources: rss=2049.2MB, peak_rss=2458.3MB, cuda_alloc=351.3MB, cuda_reserved=26364.0MB, cuda_peak_alloc=3638.2MB, cuda_free=21603.8MB, cuda_total=48519.1MB
[2026-06-10 02:38:40] Epoch 06 train batch [700/1875] loss=0.2060 avg_loss=0.3679. Resources: rss=2049.4MB, peak_rss=2458.3MB, cuda_alloc=351.3MB, cuda_reserved=26364.0MB, cuda_peak_alloc=3638.2MB, cuda_free=21603.8MB, cuda_total=48519.1MB
[2026-06-10 02:38:43] Epoch 06 train batch [720/1875] loss=0.3998 avg_loss=0.3687. Resources: rss=2049.4MB, peak_rss=2458.3MB, cuda_alloc=351.3MB, cuda_reserved=26364.0MB, cuda_peak_alloc=3638.2MB, cuda_free=21603.8MB, cuda_total=48519.1MB
[2026-06-10 02:38:45] Epoch 06 train batch [740/1875] loss=0.4062 avg_loss=0.3679. Resources: rss=2049.4MB, peak_rss=2458.3MB, cuda_alloc=351.3MB, cuda_reserved=26364.0MB, cuda_peak_alloc=3638.2MB, cuda_free=21603.8MB, cuda_total=48519.1MB
[2026-06-10 02:38:48] Epoch 06 train batch [760/1875] loss=0.2488 avg_loss=0.3682. Resources: rss=2049.4MB, peak_rss=2458.3MB, cuda_alloc=351.3MB, cuda_reserved=26364.0MB, cuda_peak_alloc=3638.2MB, cuda_free=21603.8MB, cuda_total=48519.1MB
[2026-06-10 02:38:51] Epoch 06 train batch [780/1875] loss=0.3722 avg_loss=0.3673. Resources: rss=2049.4MB, peak_rss=2458.3MB, cuda_alloc=351.3MB, cuda_reserved=26364.0MB, cuda_peak_alloc=3638.2MB, cuda_free=21603.8MB, cuda_total=48519.1MB
[2026-06-10 02:38:54] Epoch 06 train batch [800/1875] loss=0.3008 avg_loss=0.3660. Resources: rss=2049.4MB, peak_rss=2458.3MB, cuda_alloc=351.3MB, cuda_reserved=26364.0MB, cuda_peak_alloc=3638.2MB, cuda_free=21603.8MB, cuda_total=48519.1MB
[2026-06-10 02:38:56] Epoch 06 train batch [820/1875] loss=0.4356 avg_loss=0.3645. Resources: rss=2049.4MB, peak_rss=2458.3MB, cuda_alloc=351.3MB, cuda_reserved=26364.0MB, cuda_peak_alloc=3638.2MB, cuda_free=21603.8MB, cuda_total=48519.1MB
[2026-06-10 02:38:59] Epoch 06 train batch [840/1875] loss=0.4913 avg_loss=0.3644. Resources: rss=2049.4MB, peak_rss=2458.3MB, cuda_alloc=351.3MB, cuda_reserved=26364.0MB, cuda_peak_alloc=3638.2MB, cuda_free=21603.8MB, cuda_total=48519.1MB
[2026-06-10 02:39:01] Epoch 06 train batch [860/1875] loss=0.3668 avg_loss=0.3640. Resources: rss=2049.4MB, peak_rss=2458.3MB, cuda_alloc=351.3MB, cuda_reserved=26364.0MB, cuda_peak_alloc=3638.2MB, cuda_free=21603.8MB, cuda_total=48519.1MB
[2026-06-10 02:39:04] Epoch 06 train batch [880/1875] loss=0.3174 avg_loss=0.3646. Resources: rss=2049.4MB, peak_rss=2458.3MB, cuda_alloc=351.3MB, cuda_reserved=29004.0MB, cuda_peak_alloc=3638.2MB, cuda_free=18963.8MB, cuda_total=48519.1MB
[2026-06-10 02:39:07] Epoch 06 train batch [900/1875] loss=0.3582 avg_loss=0.3644. Resources: rss=2049.4MB, peak_rss=2458.3MB, cuda_alloc=351.3MB, cuda_reserved=29004.0MB, cuda_peak_alloc=3638.2MB, cuda_free=18963.8MB, cuda_total=48519.1MB
[2026-06-10 02:39:09] Epoch 06 train batch [920/1875] loss=0.3049 avg_loss=0.3642. Resources: rss=2049.4MB, peak_rss=2458.3MB, cuda_alloc=351.3MB, cuda_reserved=31384.0MB, cuda_peak_alloc=3638.2MB, cuda_free=16583.8MB, cuda_total=48519.1MB
[2026-06-10 02:39:12] Epoch 06 train batch [940/1875] loss=0.2709 avg_loss=0.3646. Resources: rss=2049.4MB, peak_rss=2458.3MB, cuda_alloc=351.3MB, cuda_reserved=31384.0MB, cuda_peak_alloc=3638.2MB, cuda_free=16583.8MB, cuda_total=48519.1MB
[2026-06-10 02:39:14] Epoch 06 train batch [960/1875] loss=0.4722 avg_loss=0.3643. Resources: rss=2049.4MB, peak_rss=2458.3MB, cuda_alloc=351.3MB, cuda_reserved=31384.0MB, cuda_peak_alloc=3638.2MB, cuda_free=16583.8MB, cuda_total=48519.1MB
[2026-06-10 02:39:17] Epoch 06 train batch [980/1875] loss=0.3295 avg_loss=0.3634. Resources: rss=2049.4MB, peak_rss=2458.3MB, cuda_alloc=351.3MB, cuda_reserved=31384.0MB, cuda_peak_alloc=3638.2MB, cuda_free=16583.8MB, cuda_total=48519.1MB
[2026-06-10 02:39:20] Epoch 06 train batch [1000/1875] loss=0.4153 avg_loss=0.3630. Resources: rss=2049.4MB, peak_rss=2458.3MB, cuda_alloc=351.3MB, cuda_reserved=31384.0MB, cuda_peak_alloc=3638.2MB, cuda_free=16583.8MB, cuda_total=48519.1MB
[2026-06-10 02:39:22] Epoch 06 train batch [1020/1875] loss=0.2180 avg_loss=0.3625. Resources: rss=2049.4MB, peak_rss=2458.3MB, cuda_alloc=351.3MB, cuda_reserved=31384.0MB, cuda_peak_alloc=3638.2MB, cuda_free=16583.8MB, cuda_total=48519.1MB
[2026-06-10 02:39:25] Epoch 06 train batch [1040/1875] loss=0.5109 avg_loss=0.3622. Resources: rss=2049.4MB, peak_rss=2458.3MB, cuda_alloc=351.3MB, cuda_reserved=31384.0MB, cuda_peak_alloc=3638.2MB, cuda_free=16583.8MB, cuda_total=48519.1MB
[2026-06-10 02:39:27] Epoch 06 train batch [1060/1875] loss=0.3897 avg_loss=0.3621. Resources: rss=2049.4MB, peak_rss=2458.3MB, cuda_alloc=351.3MB, cuda_reserved=31384.0MB, cuda_peak_alloc=3638.2MB, cuda_free=16583.8MB, cuda_total=48519.1MB
[2026-06-10 02:39:30] Epoch 06 train batch [1080/1875] loss=0.2225 avg_loss=0.3620. Resources: rss=2049.4MB, peak_rss=2458.3MB, cuda_alloc=351.3MB, cuda_reserved=32984.0MB, cuda_peak_alloc=3638.2MB, cuda_free=14983.8MB, cuda_total=48519.1MB
[2026-06-10 02:39:33] Epoch 06 train batch [1100/1875] loss=0.4857 avg_loss=0.3622. Resources: rss=2049.4MB, peak_rss=2458.3MB, cuda_alloc=351.3MB, cuda_reserved=32984.0MB, cuda_peak_alloc=3638.2MB, cuda_free=14983.8MB, cuda_total=48519.1MB
[2026-06-10 02:39:35] Epoch 06 train batch [1120/1875] loss=0.2440 avg_loss=0.3612. Resources: rss=2043.9MB, peak_rss=2458.3MB, cuda_alloc=351.3MB, cuda_reserved=32984.0MB, cuda_peak_alloc=3638.2MB, cuda_free=14983.8MB, cuda_total=48519.1MB
[2026-06-10 02:39:38] Epoch 06 train batch [1140/1875] loss=0.3111 avg_loss=0.3609. Resources: rss=2045.7MB, peak_rss=2458.3MB, cuda_alloc=351.3MB, cuda_reserved=32984.0MB, cuda_peak_alloc=3638.2MB, cuda_free=14983.8MB, cuda_total=48519.1MB
[2026-06-10 02:39:40] Epoch 06 train batch [1160/1875] loss=0.3526 avg_loss=0.3605. Resources: rss=2045.7MB, peak_rss=2458.3MB, cuda_alloc=351.3MB, cuda_reserved=32984.0MB, cuda_peak_alloc=3638.2MB, cuda_free=14983.8MB, cuda_total=48519.1MB
[2026-06-10 02:39:43] Epoch 06 train batch [1180/1875] loss=0.5487 avg_loss=0.3609. Resources: rss=2045.7MB, peak_rss=2458.3MB, cuda_alloc=351.3MB, cuda_reserved=32984.0MB, cuda_peak_alloc=3638.2MB, cuda_free=14983.8MB, cuda_total=48519.1MB
[2026-06-10 02:39:46] Epoch 06 train batch [1200/1875] loss=0.4522 avg_loss=0.3606. Resources: rss=2045.9MB, peak_rss=2458.3MB, cuda_alloc=351.3MB, cuda_reserved=32984.0MB, cuda_peak_alloc=3638.2MB, cuda_free=14983.8MB, cuda_total=48519.1MB
[2026-06-10 02:39:48] Epoch 06 train batch [1220/1875] loss=0.3463 avg_loss=0.3606. Resources: rss=2045.9MB, peak_rss=2458.3MB, cuda_alloc=351.3MB, cuda_reserved=32984.0MB, cuda_peak_alloc=3638.2MB, cuda_free=14983.8MB, cuda_total=48519.1MB
[2026-06-10 02:39:51] Epoch 06 train batch [1240/1875] loss=0.7034 avg_loss=0.3607. Resources: rss=2045.9MB, peak_rss=2458.3MB, cuda_alloc=351.3MB, cuda_reserved=32984.0MB, cuda_peak_alloc=3638.2MB, cuda_free=14983.8MB, cuda_total=48519.1MB
[2026-06-10 02:39:53] Epoch 06 train batch [1260/1875] loss=0.2902 avg_loss=0.3598. Resources: rss=2046.2MB, peak_rss=2458.3MB, cuda_alloc=351.3MB, cuda_reserved=32984.0MB, cuda_peak_alloc=3638.2MB, cuda_free=14983.8MB, cuda_total=48519.1MB
[2026-06-10 02:39:56] Epoch 06 train batch [1280/1875] loss=0.3580 avg_loss=0.3598. Resources: rss=2046.2MB, peak_rss=2458.3MB, cuda_alloc=351.3MB, cuda_reserved=32984.0MB, cuda_peak_alloc=3638.2MB, cuda_free=14983.8MB, cuda_total=48519.1MB
[2026-06-10 02:39:58] Epoch 06 train batch [1300/1875] loss=0.2904 avg_loss=0.3594. Resources: rss=2046.2MB, peak_rss=2458.3MB, cuda_alloc=351.3MB, cuda_reserved=32984.0MB, cuda_peak_alloc=3638.2MB, cuda_free=14983.8MB, cuda_total=48519.1MB
[2026-06-10 02:40:01] Epoch 06 train batch [1320/1875] loss=0.4574 avg_loss=0.3593. Resources: rss=2046.2MB, peak_rss=2458.3MB, cuda_alloc=351.3MB, cuda_reserved=32984.0MB, cuda_peak_alloc=3638.2MB, cuda_free=14983.8MB, cuda_total=48519.1MB
[2026-06-10 02:40:03] Epoch 06 train batch [1340/1875] loss=0.3971 avg_loss=0.3590. Resources: rss=2046.2MB, peak_rss=2458.3MB, cuda_alloc=351.3MB, cuda_reserved=32984.0MB, cuda_peak_alloc=3638.2MB, cuda_free=14983.8MB, cuda_total=48519.1MB
[2026-06-10 02:40:06] Epoch 06 train batch [1360/1875] loss=0.4985 avg_loss=0.3595. Resources: rss=2046.2MB, peak_rss=2458.3MB, cuda_alloc=351.3MB, cuda_reserved=32984.0MB, cuda_peak_alloc=3638.2MB, cuda_free=14983.8MB, cuda_total=48519.1MB
[2026-06-10 02:40:09] Epoch 06 train batch [1380/1875] loss=0.2270 avg_loss=0.3592. Resources: rss=2046.2MB, peak_rss=2458.3MB, cuda_alloc=351.3MB, cuda_reserved=32984.0MB, cuda_peak_alloc=3638.2MB, cuda_free=14983.8MB, cuda_total=48519.1MB
[2026-06-10 02:40:11] Epoch 06 train batch [1400/1875] loss=0.3646 avg_loss=0.3584. Resources: rss=2046.2MB, peak_rss=2458.3MB, cuda_alloc=351.3MB, cuda_reserved=32984.0MB, cuda_peak_alloc=3638.2MB, cuda_free=14983.8MB, cuda_total=48519.1MB
[2026-06-10 02:40:14] Epoch 06 train batch [1420/1875] loss=0.6255 avg_loss=0.3583. Resources: rss=2046.2MB, peak_rss=2458.3MB, cuda_alloc=351.3MB, cuda_reserved=32984.0MB, cuda_peak_alloc=3638.2MB, cuda_free=14983.8MB, cuda_total=48519.1MB
[2026-06-10 02:40:16] Epoch 06 train batch [1440/1875] loss=0.3443 avg_loss=0.3585. Resources: rss=2046.2MB, peak_rss=2458.3MB, cuda_alloc=351.3MB, cuda_reserved=32984.0MB, cuda_peak_alloc=3638.2MB, cuda_free=14983.8MB, cuda_total=48519.1MB
[2026-06-10 02:40:19] Epoch 06 train batch [1460/1875] loss=0.3785 avg_loss=0.3580. Resources: rss=2046.2MB, peak_rss=2458.3MB, cuda_alloc=351.3MB, cuda_reserved=32984.0MB, cuda_peak_alloc=3638.2MB, cuda_free=14983.8MB, cuda_total=48519.1MB
[2026-06-10 02:40:22] Epoch 06 train batch [1480/1875] loss=0.3071 avg_loss=0.3583. Resources: rss=2046.2MB, peak_rss=2458.3MB, cuda_alloc=351.3MB, cuda_reserved=32984.0MB, cuda_peak_alloc=3638.2MB, cuda_free=14983.8MB, cuda_total=48519.1MB
[2026-06-10 02:40:24] Epoch 06 train batch [1500/1875] loss=0.4123 avg_loss=0.3580. Resources: rss=2046.2MB, peak_rss=2458.3MB, cuda_alloc=351.3MB, cuda_reserved=32984.0MB, cuda_peak_alloc=3638.2MB, cuda_free=14983.8MB, cuda_total=48519.1MB
[2026-06-10 02:40:27] Epoch 06 train batch [1520/1875] loss=0.2633 avg_loss=0.3582. Resources: rss=2046.2MB, peak_rss=2458.3MB, cuda_alloc=351.3MB, cuda_reserved=32984.0MB, cuda_peak_alloc=3638.2MB, cuda_free=14983.8MB, cuda_total=48519.1MB
[2026-06-10 02:40:30] Epoch 06 train batch [1540/1875] loss=0.3080 avg_loss=0.3576. Resources: rss=2046.2MB, peak_rss=2458.3MB, cuda_alloc=351.3MB, cuda_reserved=32984.0MB, cuda_peak_alloc=3638.2MB, cuda_free=14983.8MB, cuda_total=48519.1MB
[2026-06-10 02:40:33] Epoch 06 train batch [1560/1875] loss=0.3847 avg_loss=0.3574. Resources: rss=2046.2MB, peak_rss=2458.3MB, cuda_alloc=351.3MB, cuda_reserved=32984.0MB, cuda_peak_alloc=3638.2MB, cuda_free=14983.8MB, cuda_total=48519.1MB
[2026-06-10 02:40:35] Epoch 06 train batch [1580/1875] loss=0.2206 avg_loss=0.3570. Resources: rss=2046.2MB, peak_rss=2458.3MB, cuda_alloc=351.3MB, cuda_reserved=32984.0MB, cuda_peak_alloc=3638.2MB, cuda_free=14983.8MB, cuda_total=48519.1MB
[2026-06-10 02:40:38] Epoch 06 train batch [1600/1875] loss=0.3645 avg_loss=0.3568. Resources: rss=2046.2MB, peak_rss=2458.3MB, cuda_alloc=351.3MB, cuda_reserved=32984.0MB, cuda_peak_alloc=3638.2MB, cuda_free=14983.8MB, cuda_total=48519.1MB
[2026-06-10 02:40:40] Epoch 06 train batch [1620/1875] loss=0.2897 avg_loss=0.3569. Resources: rss=2046.2MB, peak_rss=2458.3MB, cuda_alloc=351.3MB, cuda_reserved=32984.0MB, cuda_peak_alloc=3638.2MB, cuda_free=14983.8MB, cuda_total=48519.1MB
[2026-06-10 02:40:43] Epoch 06 train batch [1640/1875] loss=0.3608 avg_loss=0.3566. Resources: rss=2047.2MB, peak_rss=2458.3MB, cuda_alloc=351.3MB, cuda_reserved=32984.0MB, cuda_peak_alloc=3638.2MB, cuda_free=14983.8MB, cuda_total=48519.1MB
[2026-06-10 02:40:46] Epoch 06 train batch [1660/1875] loss=0.1244 avg_loss=0.3573. Resources: rss=2048.7MB, peak_rss=2458.3MB, cuda_alloc=351.3MB, cuda_reserved=32984.0MB, cuda_peak_alloc=3638.2MB, cuda_free=14983.8MB, cuda_total=48519.1MB
[2026-06-10 02:40:48] Epoch 06 train batch [1680/1875] loss=0.4809 avg_loss=0.3569. Resources: rss=2048.7MB, peak_rss=2458.3MB, cuda_alloc=351.3MB, cuda_reserved=39284.0MB, cuda_peak_alloc=3638.2MB, cuda_free=8683.8MB, cuda_total=48519.1MB
[2026-06-10 02:40:51] Epoch 06 train batch [1700/1875] loss=0.3596 avg_loss=0.3560. Resources: rss=2048.7MB, peak_rss=2458.3MB, cuda_alloc=351.3MB, cuda_reserved=39284.0MB, cuda_peak_alloc=3638.2MB, cuda_free=8683.8MB, cuda_total=48519.1MB
[2026-06-10 02:40:54] Epoch 06 train batch [1720/1875] loss=0.8537 avg_loss=0.3558. Resources: rss=2028.7MB, peak_rss=2458.3MB, cuda_alloc=351.3MB, cuda_reserved=39284.0MB, cuda_peak_alloc=3638.2MB, cuda_free=8683.8MB, cuda_total=48519.1MB
[2026-06-10 02:40:56] Epoch 06 train batch [1740/1875] loss=0.4259 avg_loss=0.3555. Resources: rss=2045.7MB, peak_rss=2458.3MB, cuda_alloc=351.3MB, cuda_reserved=39284.0MB, cuda_peak_alloc=3638.2MB, cuda_free=8683.8MB, cuda_total=48519.1MB
[2026-06-10 02:40:59] Epoch 06 train batch [1760/1875] loss=0.3753 avg_loss=0.3557. Resources: rss=2045.7MB, peak_rss=2458.3MB, cuda_alloc=351.3MB, cuda_reserved=39284.0MB, cuda_peak_alloc=3638.2MB, cuda_free=8683.8MB, cuda_total=48519.1MB
[2026-06-10 02:41:02] Epoch 06 train batch [1780/1875] loss=0.4054 avg_loss=0.3555. Resources: rss=2045.7MB, peak_rss=2458.3MB, cuda_alloc=351.3MB, cuda_reserved=39284.0MB, cuda_peak_alloc=3638.2MB, cuda_free=8683.8MB, cuda_total=48519.1MB
[2026-06-10 02:41:04] Epoch 06 train batch [1800/1875] loss=0.2676 avg_loss=0.3552. Resources: rss=2046.7MB, peak_rss=2458.3MB, cuda_alloc=351.3MB, cuda_reserved=39284.0MB, cuda_peak_alloc=3638.2MB, cuda_free=8683.8MB, cuda_total=48519.1MB
[2026-06-10 02:41:07] Epoch 06 train batch [1820/1875] loss=0.2966 avg_loss=0.3551. Resources: rss=2048.2MB, peak_rss=2458.3MB, cuda_alloc=351.3MB, cuda_reserved=39284.0MB, cuda_peak_alloc=3638.2MB, cuda_free=8683.8MB, cuda_total=48519.1MB
[2026-06-10 02:41:10] Epoch 06 train batch [1840/1875] loss=0.2417 avg_loss=0.3549. Resources: rss=2048.2MB, peak_rss=2458.3MB, cuda_alloc=351.3MB, cuda_reserved=39284.0MB, cuda_peak_alloc=3638.2MB, cuda_free=8683.8MB, cuda_total=48519.1MB
[2026-06-10 02:41:12] Epoch 06 train batch [1860/1875] loss=0.2633 avg_loss=0.3542. Resources: rss=2048.2MB, peak_rss=2458.3MB, cuda_alloc=351.3MB, cuda_reserved=39284.0MB, cuda_peak_alloc=3638.2MB, cuda_free=8683.8MB, cuda_total=48519.1MB
[2026-06-10 02:41:14] Epoch 06 train batch [1875/1875] loss=0.3193 avg_loss=0.3541. Resources: rss=2048.2MB, peak_rss=2458.3MB, cuda_alloc=351.3MB, cuda_reserved=39284.0MB, cuda_peak_alloc=3638.2MB, cuda_free=8683.8MB, cuda_total=48519.1MB
[2026-06-10 02:41:14] Epoch 06 training completed. Resources: rss=2048.2MB, peak_rss=2458.3MB, cuda_alloc=351.3MB, cuda_reserved=39284.0MB, cuda_peak_alloc=3638.2MB, cuda_free=8683.8MB, cuda_total=48519.1MB
[2026-06-10 02:41:15] Epoch 06 cache released before validation loss. Resources: rss=1992.5MB, peak_rss=2458.3MB, cuda_alloc=351.3MB, cuda_reserved=470.0MB, cuda_peak_alloc=351.3MB, cuda_free=47497.8MB, cuda_total=48519.1MB
[2026-06-10 02:41:36] Epoch 06 validation loss completed: 0.4795. Resources: rss=2053.0MB, peak_rss=2458.3MB, cuda_alloc=351.3MB, cuda_reserved=10540.0MB, cuda_peak_alloc=1426.1MB, cuda_free=37427.8MB, cuda_total=48519.1MB
[2026-06-10 02:41:36] Epoch 06 cache released before detection metrics. Resources: rss=1990.7MB, peak_rss=2458.3MB, cuda_alloc=351.3MB, cuda_reserved=470.0MB, cuda_peak_alloc=351.3MB, cuda_free=47497.8MB, cuda_total=48519.1MB
[2026-06-10 02:41:57] Epoch 06 prediction tensors moved to CPU. Computing metrics. Resources: rss=1989.9MB, peak_rss=2458.3MB, cuda_alloc=351.3MB, cuda_reserved=470.0MB, cuda_peak_alloc=351.3MB, cuda_free=47497.8MB, cuda_total=48519.1MB
[2026-06-10 02:41:57] Epoch 06 metrics computed (mAP@0.5 only). Saving artifacts. Resources: rss=1990.7MB, peak_rss=2458.3MB, cuda_alloc=351.3MB, cuda_reserved=470.0MB, cuda_peak_alloc=351.3MB, cuda_free=47497.8MB, cuda_total=48519.1MB
[2026-06-10 02:41:58] Epoch 06 improved mAP@0.5 to 0.5772. Saved best checkpoint: best_model-20260610-021221.pth. Resources: rss=2461.7MB, peak_rss=2461.7MB, cuda_alloc=351.3MB, cuda_reserved=470.0MB, cuda_peak_alloc=351.3MB, cuda_free=47497.8MB, cuda_total=48519.1MB
Epoch [06/30]
├── Train Loss : 0.3541
│   ├── loss_classifier  : 0.1919
│   ├── loss_box_reg     : 0.1621
│   ├── loss_objectness  : 0.0000
│   └── loss_rpn_box_reg : 0.0000
├── Val Loss   : 0.4795
├── mAP@0.5    : 0.5772
├── mAP@0.75   : n/a
├── mAP@0.5:0.95 : n/a
├── Precision  : 0.8354
├── Recall     : 0.5952
├── GT Boxes   : 2021
├── Predictions: 1440
├── Per-class AP
│   ├── person  : AP50=0.5870, AP75=n/a, AP50:95=n/a, P=0.8463, R=0.6201
│   ├── car     : AP50=0.5313, AP75=n/a, AP50:95=n/a, P=0.8571, R=0.5512
│   ├── dog     : AP50=0.7449, AP75=n/a, AP50:95=n/a, P=0.8541, R=0.7670
│   ├── cat     : AP50=0.8008, AP75=n/a, AP50:95=n/a, P=0.7812, R=0.8523
│   └── chair   : AP50=0.2219, AP75=n/a, AP50:95=n/a, P=0.7766, R=0.2589
├── LR         : 0.001000
└── Time       : 288.9s
[2026-06-10 02:41:58] Epoch [06/30] completed. Resources: rss=1989.6MB, peak_rss=2461.7MB, cuda_alloc=351.3MB, cuda_reserved=470.0MB, cuda_peak_alloc=351.3MB, cuda_free=47497.8MB, cuda_total=48519.1MB
[2026-06-10 02:41:58] Epoch [07/30] started. Resources: rss=1989.6MB, peak_rss=2461.7MB, cuda_alloc=351.3MB, cuda_reserved=470.0MB, cuda_peak_alloc=351.3MB, cuda_free=47497.8MB, cuda_total=48519.1MB
[2026-06-10 02:42:01] Epoch 07 train batch [20/1875] loss=0.2411 avg_loss=0.3189. Resources: rss=2047.6MB, peak_rss=2461.7MB, cuda_alloc=351.3MB, cuda_reserved=30102.0MB, cuda_peak_alloc=3637.5MB, cuda_free=17865.8MB, cuda_total=48519.1MB
[2026-06-10 02:42:04] Epoch 07 train batch [40/1875] loss=0.4471 avg_loss=0.3228. Resources: rss=2049.4MB, peak_rss=2461.7MB, cuda_alloc=351.3MB, cuda_reserved=43362.0MB, cuda_peak_alloc=3637.5MB, cuda_free=4605.8MB, cuda_total=48519.1MB
[2026-06-10 02:42:06] Epoch 07 train batch [60/1875] loss=0.3605 avg_loss=0.3189. Resources: rss=2049.6MB, peak_rss=2461.7MB, cuda_alloc=351.3MB, cuda_reserved=43362.0MB, cuda_peak_alloc=3638.2MB, cuda_free=4605.8MB, cuda_total=48519.1MB
[2026-06-10 02:42:09] Epoch 07 train batch [80/1875] loss=0.3224 avg_loss=0.3150. Resources: rss=2050.9MB, peak_rss=2461.7MB, cuda_alloc=351.3MB, cuda_reserved=43362.0MB, cuda_peak_alloc=3638.2MB, cuda_free=4605.8MB, cuda_total=48519.1MB
[2026-06-10 02:42:11] Epoch 07 train batch [100/1875] loss=0.2370 avg_loss=0.3180. Resources: rss=2034.2MB, peak_rss=2461.7MB, cuda_alloc=351.3MB, cuda_reserved=43362.0MB, cuda_peak_alloc=3638.2MB, cuda_free=4605.8MB, cuda_total=48519.1MB
[2026-06-10 02:42:14] Epoch 07 train batch [120/1875] loss=0.2207 avg_loss=0.3167. Resources: rss=2043.2MB, peak_rss=2461.7MB, cuda_alloc=351.3MB, cuda_reserved=43362.0MB, cuda_peak_alloc=3638.2MB, cuda_free=4605.8MB, cuda_total=48519.1MB
[2026-06-10 02:42:17] Epoch 07 train batch [140/1875] loss=0.3787 avg_loss=0.3343. Resources: rss=2048.0MB, peak_rss=2461.7MB, cuda_alloc=351.3MB, cuda_reserved=13342.0MB, cuda_peak_alloc=3638.2MB, cuda_free=34625.8MB, cuda_total=48519.1MB
[2026-06-10 02:42:20] Epoch 07 train batch [160/1875] loss=0.5239 avg_loss=0.3354. Resources: rss=2048.0MB, peak_rss=2461.7MB, cuda_alloc=351.3MB, cuda_reserved=24002.0MB, cuda_peak_alloc=3638.2MB, cuda_free=23965.8MB, cuda_total=48519.1MB
[2026-06-10 02:42:22] Epoch 07 train batch [180/1875] loss=0.3387 avg_loss=0.3377. Resources: rss=2048.0MB, peak_rss=2461.7MB, cuda_alloc=351.3MB, cuda_reserved=25382.0MB, cuda_peak_alloc=3638.2MB, cuda_free=22585.8MB, cuda_total=48519.1MB
[2026-06-10 02:42:25] Epoch 07 train batch [200/1875] loss=0.2640 avg_loss=0.3420. Resources: rss=2048.0MB, peak_rss=2461.7MB, cuda_alloc=351.3MB, cuda_reserved=25382.0MB, cuda_peak_alloc=3638.2MB, cuda_free=22585.8MB, cuda_total=48519.1MB
[2026-06-10 02:42:28] Epoch 07 train batch [220/1875] loss=0.1907 avg_loss=0.3397. Resources: rss=2048.0MB, peak_rss=2461.7MB, cuda_alloc=351.3MB, cuda_reserved=26442.0MB, cuda_peak_alloc=3638.2MB, cuda_free=21525.8MB, cuda_total=48519.1MB
[2026-06-10 02:42:30] Epoch 07 train batch [240/1875] loss=0.2489 avg_loss=0.3379. Resources: rss=2048.0MB, peak_rss=2461.7MB, cuda_alloc=351.3MB, cuda_reserved=26442.0MB, cuda_peak_alloc=3638.2MB, cuda_free=21525.8MB, cuda_total=48519.1MB
[2026-06-10 02:42:33] Epoch 07 train batch [260/1875] loss=0.3946 avg_loss=0.3361. Resources: rss=2050.2MB, peak_rss=2461.7MB, cuda_alloc=351.3MB, cuda_reserved=43622.0MB, cuda_peak_alloc=3638.2MB, cuda_free=4345.8MB, cuda_total=48519.1MB
[2026-06-10 02:42:36] Epoch 07 train batch [280/1875] loss=0.4102 avg_loss=0.3343. Resources: rss=2052.7MB, peak_rss=2461.7MB, cuda_alloc=351.3MB, cuda_reserved=43642.0MB, cuda_peak_alloc=3638.2MB, cuda_free=4325.8MB, cuda_total=48519.1MB
[2026-06-10 02:42:38] Epoch 07 train batch [300/1875] loss=0.3513 avg_loss=0.3335. Resources: rss=2052.7MB, peak_rss=2461.7MB, cuda_alloc=351.3MB, cuda_reserved=43642.0MB, cuda_peak_alloc=3638.2MB, cuda_free=4325.8MB, cuda_total=48519.1MB
[2026-06-10 02:42:41] Epoch 07 train batch [320/1875] loss=0.2238 avg_loss=0.3318. Resources: rss=2052.7MB, peak_rss=2461.7MB, cuda_alloc=351.3MB, cuda_reserved=43642.0MB, cuda_peak_alloc=3638.2MB, cuda_free=4325.8MB, cuda_total=48519.1MB
[2026-06-10 02:42:43] Epoch 07 train batch [340/1875] loss=0.3604 avg_loss=0.3300. Resources: rss=2052.7MB, peak_rss=2461.7MB, cuda_alloc=351.3MB, cuda_reserved=43642.0MB, cuda_peak_alloc=3638.2MB, cuda_free=4325.8MB, cuda_total=48519.1MB
[2026-06-10 02:42:46] Epoch 07 train batch [360/1875] loss=0.2965 avg_loss=0.3298. Resources: rss=2052.7MB, peak_rss=2461.7MB, cuda_alloc=351.3MB, cuda_reserved=43642.0MB, cuda_peak_alloc=3638.2MB, cuda_free=4325.8MB, cuda_total=48519.1MB
[2026-06-10 02:42:48] Epoch 07 train batch [380/1875] loss=0.3152 avg_loss=0.3295. Resources: rss=2052.7MB, peak_rss=2461.7MB, cuda_alloc=351.3MB, cuda_reserved=43642.0MB, cuda_peak_alloc=3638.2MB, cuda_free=4325.8MB, cuda_total=48519.1MB
[2026-06-10 02:42:51] Epoch 07 train batch [400/1875] loss=0.5363 avg_loss=0.3283. Resources: rss=2052.7MB, peak_rss=2461.7MB, cuda_alloc=351.3MB, cuda_reserved=43642.0MB, cuda_peak_alloc=3638.2MB, cuda_free=4325.8MB, cuda_total=48519.1MB
[2026-06-10 02:42:54] Epoch 07 train batch [420/1875] loss=0.3266 avg_loss=0.3287. Resources: rss=2052.7MB, peak_rss=2461.7MB, cuda_alloc=351.3MB, cuda_reserved=43642.0MB, cuda_peak_alloc=3638.2MB, cuda_free=4325.8MB, cuda_total=48519.1MB
[2026-06-10 02:42:56] Epoch 07 train batch [440/1875] loss=0.2508 avg_loss=0.3275. Resources: rss=2052.7MB, peak_rss=2461.7MB, cuda_alloc=351.3MB, cuda_reserved=43642.0MB, cuda_peak_alloc=3638.2MB, cuda_free=4325.8MB, cuda_total=48519.1MB
[2026-06-10 02:42:59] Epoch 07 train batch [460/1875] loss=0.2124 avg_loss=0.3268. Resources: rss=2052.7MB, peak_rss=2461.7MB, cuda_alloc=351.3MB, cuda_reserved=43642.0MB, cuda_peak_alloc=3638.2MB, cuda_free=4325.8MB, cuda_total=48519.1MB
[2026-06-10 02:43:02] Epoch 07 train batch [480/1875] loss=0.2459 avg_loss=0.3283. Resources: rss=2052.7MB, peak_rss=2461.7MB, cuda_alloc=351.3MB, cuda_reserved=43642.0MB, cuda_peak_alloc=3638.2MB, cuda_free=4325.8MB, cuda_total=48519.1MB
[2026-06-10 02:43:04] Epoch 07 train batch [500/1875] loss=0.3556 avg_loss=0.3273. Resources: rss=2052.7MB, peak_rss=2461.7MB, cuda_alloc=351.3MB, cuda_reserved=43642.0MB, cuda_peak_alloc=3638.2MB, cuda_free=4325.8MB, cuda_total=48519.1MB
[2026-06-10 02:43:07] Epoch 07 train batch [520/1875] loss=0.3842 avg_loss=0.3269. Resources: rss=2052.7MB, peak_rss=2461.7MB, cuda_alloc=351.3MB, cuda_reserved=43642.0MB, cuda_peak_alloc=3638.2MB, cuda_free=4325.8MB, cuda_total=48519.1MB
[2026-06-10 02:43:09] Epoch 07 train batch [540/1875] loss=0.3354 avg_loss=0.3250. Resources: rss=2052.7MB, peak_rss=2461.7MB, cuda_alloc=351.3MB, cuda_reserved=43642.0MB, cuda_peak_alloc=3638.2MB, cuda_free=4325.8MB, cuda_total=48519.1MB
[2026-06-10 02:43:12] Epoch 07 train batch [560/1875] loss=0.3497 avg_loss=0.3237. Resources: rss=2052.7MB, peak_rss=2461.7MB, cuda_alloc=351.3MB, cuda_reserved=43644.0MB, cuda_peak_alloc=3638.2MB, cuda_free=4323.8MB, cuda_total=48519.1MB
[2026-06-10 02:43:15] Epoch 07 train batch [580/1875] loss=0.3870 avg_loss=0.3235. Resources: rss=2052.7MB, peak_rss=2461.7MB, cuda_alloc=351.3MB, cuda_reserved=43644.0MB, cuda_peak_alloc=3638.2MB, cuda_free=4323.8MB, cuda_total=48519.1MB
[2026-06-10 02:43:17] Epoch 07 train batch [600/1875] loss=0.3887 avg_loss=0.3237. Resources: rss=2054.0MB, peak_rss=2461.7MB, cuda_alloc=351.3MB, cuda_reserved=43644.0MB, cuda_peak_alloc=3638.2MB, cuda_free=4323.8MB, cuda_total=48519.1MB
[2026-06-10 02:43:20] Epoch 07 train batch [620/1875] loss=0.3692 avg_loss=0.3233. Resources: rss=2054.0MB, peak_rss=2461.7MB, cuda_alloc=351.3MB, cuda_reserved=43644.0MB, cuda_peak_alloc=3638.2MB, cuda_free=4323.8MB, cuda_total=48519.1MB
[2026-06-10 02:43:22] Epoch 07 train batch [640/1875] loss=0.4077 avg_loss=0.3224. Resources: rss=2054.0MB, peak_rss=2461.7MB, cuda_alloc=351.3MB, cuda_reserved=43644.0MB, cuda_peak_alloc=3638.2MB, cuda_free=4323.8MB, cuda_total=48519.1MB
[2026-06-10 02:43:25] Epoch 07 train batch [660/1875] loss=0.3057 avg_loss=0.3232. Resources: rss=2054.0MB, peak_rss=2461.7MB, cuda_alloc=351.3MB, cuda_reserved=43644.0MB, cuda_peak_alloc=3638.2MB, cuda_free=4323.8MB, cuda_total=48519.1MB
[2026-06-10 02:43:27] Epoch 07 train batch [680/1875] loss=0.3565 avg_loss=0.3235. Resources: rss=2054.0MB, peak_rss=2461.7MB, cuda_alloc=351.3MB, cuda_reserved=43644.0MB, cuda_peak_alloc=3638.2MB, cuda_free=4323.8MB, cuda_total=48519.1MB
[2026-06-10 02:43:30] Epoch 07 train batch [700/1875] loss=0.3811 avg_loss=0.3231. Resources: rss=2054.7MB, peak_rss=2461.7MB, cuda_alloc=351.3MB, cuda_reserved=43644.0MB, cuda_peak_alloc=3638.2MB, cuda_free=4323.8MB, cuda_total=48519.1MB
[2026-06-10 02:43:32] Epoch 07 train batch [720/1875] loss=0.3797 avg_loss=0.3226. Resources: rss=2044.5MB, peak_rss=2461.7MB, cuda_alloc=351.3MB, cuda_reserved=43644.0MB, cuda_peak_alloc=3638.2MB, cuda_free=4323.8MB, cuda_total=48519.1MB
[2026-06-10 02:43:36] Epoch 07 train batch [740/1875] loss=0.3005 avg_loss=0.3232. Resources: rss=2048.5MB, peak_rss=2461.7MB, cuda_alloc=351.3MB, cuda_reserved=12142.0MB, cuda_peak_alloc=3638.2MB, cuda_free=35825.8MB, cuda_total=48519.1MB
[2026-06-10 02:43:38] Epoch 07 train batch [760/1875] loss=0.2173 avg_loss=0.3227. Resources: rss=2051.7MB, peak_rss=2461.7MB, cuda_alloc=351.3MB, cuda_reserved=20344.0MB, cuda_peak_alloc=3638.2MB, cuda_free=27623.8MB, cuda_total=48519.1MB
[2026-06-10 02:43:41] Epoch 07 train batch [780/1875] loss=0.4632 avg_loss=0.3232. Resources: rss=2051.7MB, peak_rss=2461.7MB, cuda_alloc=351.3MB, cuda_reserved=29024.0MB, cuda_peak_alloc=3638.2MB, cuda_free=18943.8MB, cuda_total=48519.1MB
[2026-06-10 02:43:44] Epoch 07 train batch [800/1875] loss=0.2554 avg_loss=0.3231. Resources: rss=2054.5MB, peak_rss=2461.7MB, cuda_alloc=351.3MB, cuda_reserved=30004.0MB, cuda_peak_alloc=3638.2MB, cuda_free=17963.8MB, cuda_total=48519.1MB
[2026-06-10 02:43:46] Epoch 07 train batch [820/1875] loss=0.2964 avg_loss=0.3223. Resources: rss=2054.5MB, peak_rss=2461.7MB, cuda_alloc=351.3MB, cuda_reserved=45964.0MB, cuda_peak_alloc=3638.2MB, cuda_free=2003.8MB, cuda_total=48519.1MB
[2026-06-10 02:43:49] Epoch 07 train batch [840/1875] loss=0.2303 avg_loss=0.3209. Resources: rss=2054.5MB, peak_rss=2461.7MB, cuda_alloc=351.3MB, cuda_reserved=45964.0MB, cuda_peak_alloc=3638.2MB, cuda_free=2003.8MB, cuda_total=48519.1MB
[2026-06-10 02:43:52] Epoch 07 train batch [860/1875] loss=0.2845 avg_loss=0.3198. Resources: rss=2054.5MB, peak_rss=2461.7MB, cuda_alloc=351.3MB, cuda_reserved=16342.0MB, cuda_peak_alloc=3638.2MB, cuda_free=31625.8MB, cuda_total=48519.1MB
[2026-06-10 02:43:55] Epoch 07 train batch [880/1875] loss=0.3590 avg_loss=0.3192. Resources: rss=2054.5MB, peak_rss=2461.7MB, cuda_alloc=351.3MB, cuda_reserved=24842.0MB, cuda_peak_alloc=3638.2MB, cuda_free=23125.8MB, cuda_total=48519.1MB
[2026-06-10 02:43:58] Epoch 07 train batch [900/1875] loss=0.4238 avg_loss=0.3187. Resources: rss=2054.5MB, peak_rss=2461.7MB, cuda_alloc=351.3MB, cuda_reserved=24842.0MB, cuda_peak_alloc=3638.2MB, cuda_free=23125.8MB, cuda_total=48519.1MB
[2026-06-10 02:44:00] Epoch 07 train batch [920/1875] loss=0.2641 avg_loss=0.3177. Resources: rss=2054.5MB, peak_rss=2461.7MB, cuda_alloc=351.3MB, cuda_reserved=29482.0MB, cuda_peak_alloc=3638.2MB, cuda_free=18485.8MB, cuda_total=48519.1MB
[2026-06-10 02:44:03] Epoch 07 train batch [940/1875] loss=0.2081 avg_loss=0.3173. Resources: rss=2054.5MB, peak_rss=2461.7MB, cuda_alloc=351.3MB, cuda_reserved=29482.0MB, cuda_peak_alloc=3638.2MB, cuda_free=18485.8MB, cuda_total=48519.1MB
[2026-06-10 02:44:05] Epoch 07 train batch [960/1875] loss=0.2477 avg_loss=0.3188. Resources: rss=2054.5MB, peak_rss=2461.7MB, cuda_alloc=351.3MB, cuda_reserved=29482.0MB, cuda_peak_alloc=3638.2MB, cuda_free=18485.8MB, cuda_total=48519.1MB
[2026-06-10 02:44:08] Epoch 07 train batch [980/1875] loss=0.5007 avg_loss=0.3183. Resources: rss=2054.5MB, peak_rss=2461.7MB, cuda_alloc=351.3MB, cuda_reserved=29482.0MB, cuda_peak_alloc=3638.2MB, cuda_free=18485.8MB, cuda_total=48519.1MB
[2026-06-10 02:44:11] Epoch 07 train batch [1000/1875] loss=0.2888 avg_loss=0.3186. Resources: rss=2054.5MB, peak_rss=2461.7MB, cuda_alloc=351.3MB, cuda_reserved=31082.0MB, cuda_peak_alloc=3638.2MB, cuda_free=16885.8MB, cuda_total=48519.1MB
[2026-06-10 02:44:13] Epoch 07 train batch [1020/1875] loss=0.4284 avg_loss=0.3186. Resources: rss=2054.5MB, peak_rss=2461.7MB, cuda_alloc=351.3MB, cuda_reserved=32762.0MB, cuda_peak_alloc=3638.2MB, cuda_free=15205.8MB, cuda_total=48519.1MB
[2026-06-10 02:44:16] Epoch 07 train batch [1040/1875] loss=0.5118 avg_loss=0.3190. Resources: rss=2054.5MB, peak_rss=2461.7MB, cuda_alloc=351.3MB, cuda_reserved=32762.0MB, cuda_peak_alloc=3638.2MB, cuda_free=15205.8MB, cuda_total=48519.1MB
[2026-06-10 02:44:19] Epoch 07 train batch [1060/1875] loss=0.2553 avg_loss=0.3183. Resources: rss=2054.5MB, peak_rss=2461.7MB, cuda_alloc=351.3MB, cuda_reserved=32762.0MB, cuda_peak_alloc=3638.2MB, cuda_free=15205.8MB, cuda_total=48519.1MB
[2026-06-10 02:44:21] Epoch 07 train batch [1080/1875] loss=0.3170 avg_loss=0.3182. Resources: rss=2054.5MB, peak_rss=2461.7MB, cuda_alloc=351.3MB, cuda_reserved=32762.0MB, cuda_peak_alloc=3638.2MB, cuda_free=15205.8MB, cuda_total=48519.1MB
[2026-06-10 02:44:24] Epoch 07 train batch [1100/1875] loss=0.3159 avg_loss=0.3176. Resources: rss=2054.5MB, peak_rss=2461.7MB, cuda_alloc=351.3MB, cuda_reserved=32762.0MB, cuda_peak_alloc=3638.2MB, cuda_free=15205.8MB, cuda_total=48519.1MB
[2026-06-10 02:44:26] Epoch 07 train batch [1120/1875] loss=0.3901 avg_loss=0.3169. Resources: rss=2054.5MB, peak_rss=2461.7MB, cuda_alloc=351.3MB, cuda_reserved=32762.0MB, cuda_peak_alloc=3638.2MB, cuda_free=15205.8MB, cuda_total=48519.1MB
[2026-06-10 02:44:29] Epoch 07 train batch [1140/1875] loss=0.1995 avg_loss=0.3165. Resources: rss=2054.5MB, peak_rss=2461.7MB, cuda_alloc=351.3MB, cuda_reserved=32762.0MB, cuda_peak_alloc=3638.2MB, cuda_free=15205.8MB, cuda_total=48519.1MB
[2026-06-10 02:44:32] Epoch 07 train batch [1160/1875] loss=0.6289 avg_loss=0.3165. Resources: rss=2054.5MB, peak_rss=2461.7MB, cuda_alloc=351.3MB, cuda_reserved=32762.0MB, cuda_peak_alloc=3638.2MB, cuda_free=15205.8MB, cuda_total=48519.1MB
[2026-06-10 02:44:35] Epoch 07 train batch [1180/1875] loss=0.6189 avg_loss=0.3167. Resources: rss=2054.5MB, peak_rss=2461.7MB, cuda_alloc=351.3MB, cuda_reserved=32762.0MB, cuda_peak_alloc=3638.2MB, cuda_free=15205.8MB, cuda_total=48519.1MB
[2026-06-10 02:44:37] Epoch 07 train batch [1200/1875] loss=0.3049 avg_loss=0.3169. Resources: rss=2054.5MB, peak_rss=2461.7MB, cuda_alloc=351.3MB, cuda_reserved=32762.0MB, cuda_peak_alloc=3638.2MB, cuda_free=15205.8MB, cuda_total=48519.1MB
[2026-06-10 02:44:40] Epoch 07 train batch [1220/1875] loss=0.4253 avg_loss=0.3173. Resources: rss=2054.5MB, peak_rss=2461.7MB, cuda_alloc=351.3MB, cuda_reserved=32762.0MB, cuda_peak_alloc=3638.2MB, cuda_free=15205.8MB, cuda_total=48519.1MB
[2026-06-10 02:44:42] Epoch 07 train batch [1240/1875] loss=0.2399 avg_loss=0.3167. Resources: rss=2055.2MB, peak_rss=2461.7MB, cuda_alloc=351.3MB, cuda_reserved=32762.0MB, cuda_peak_alloc=3638.2MB, cuda_free=15205.8MB, cuda_total=48519.1MB
[2026-06-10 02:44:45] Epoch 07 train batch [1260/1875] loss=0.2982 avg_loss=0.3172. Resources: rss=2055.2MB, peak_rss=2461.7MB, cuda_alloc=351.3MB, cuda_reserved=32762.0MB, cuda_peak_alloc=3638.2MB, cuda_free=15205.8MB, cuda_total=48519.1MB
[2026-06-10 02:44:48] Epoch 07 train batch [1280/1875] loss=0.2456 avg_loss=0.3173. Resources: rss=2055.2MB, peak_rss=2461.7MB, cuda_alloc=351.3MB, cuda_reserved=32762.0MB, cuda_peak_alloc=3638.2MB, cuda_free=15205.8MB, cuda_total=48519.1MB
[2026-06-10 02:44:50] Epoch 07 train batch [1300/1875] loss=0.3699 avg_loss=0.3173. Resources: rss=2055.2MB, peak_rss=2461.7MB, cuda_alloc=351.3MB, cuda_reserved=33142.0MB, cuda_peak_alloc=3638.2MB, cuda_free=14825.8MB, cuda_total=48519.1MB
[2026-06-10 02:44:53] Epoch 07 train batch [1320/1875] loss=0.2671 avg_loss=0.3175. Resources: rss=2055.2MB, peak_rss=2461.7MB, cuda_alloc=351.3MB, cuda_reserved=33142.0MB, cuda_peak_alloc=3638.2MB, cuda_free=14825.8MB, cuda_total=48519.1MB
[2026-06-10 02:44:55] Epoch 07 train batch [1340/1875] loss=0.2963 avg_loss=0.3174. Resources: rss=2041.6MB, peak_rss=2461.7MB, cuda_alloc=351.3MB, cuda_reserved=33142.0MB, cuda_peak_alloc=3638.2MB, cuda_free=14825.8MB, cuda_total=48519.1MB
[2026-06-10 02:44:58] Epoch 07 train batch [1360/1875] loss=0.3022 avg_loss=0.3170. Resources: rss=2052.6MB, peak_rss=2461.7MB, cuda_alloc=351.3MB, cuda_reserved=33142.0MB, cuda_peak_alloc=3638.2MB, cuda_free=14825.8MB, cuda_total=48519.1MB
[2026-06-10 02:45:00] Epoch 07 train batch [1380/1875] loss=0.4160 avg_loss=0.3174. Resources: rss=2054.4MB, peak_rss=2461.7MB, cuda_alloc=351.3MB, cuda_reserved=33142.0MB, cuda_peak_alloc=3638.2MB, cuda_free=14825.8MB, cuda_total=48519.1MB
[2026-06-10 02:45:03] Epoch 07 train batch [1400/1875] loss=0.4232 avg_loss=0.3182. Resources: rss=2054.4MB, peak_rss=2461.7MB, cuda_alloc=351.3MB, cuda_reserved=33142.0MB, cuda_peak_alloc=3638.2MB, cuda_free=14825.8MB, cuda_total=48519.1MB
[2026-06-10 02:45:06] Epoch 07 train batch [1420/1875] loss=0.3294 avg_loss=0.3181. Resources: rss=2054.9MB, peak_rss=2461.7MB, cuda_alloc=351.3MB, cuda_reserved=33142.0MB, cuda_peak_alloc=3638.2MB, cuda_free=14809.1MB, cuda_total=48519.1MB
[2026-06-10 02:45:08] Epoch 07 train batch [1440/1875] loss=0.1639 avg_loss=0.3175. Resources: rss=2054.9MB, peak_rss=2461.7MB, cuda_alloc=351.3MB, cuda_reserved=33142.0MB, cuda_peak_alloc=3638.2MB, cuda_free=9128.4MB, cuda_total=48519.1MB
[2026-06-10 02:45:11] Epoch 07 train batch [1460/1875] loss=0.2858 avg_loss=0.3177. Resources: rss=2054.9MB, peak_rss=2461.7MB, cuda_alloc=351.3MB, cuda_reserved=33142.0MB, cuda_peak_alloc=3638.2MB, cuda_free=8049.1MB, cuda_total=48519.1MB
[2026-06-10 02:45:15] Epoch 07 train batch [1480/1875] loss=0.2194 avg_loss=0.3181. Resources: rss=2054.9MB, peak_rss=2461.7MB, cuda_alloc=351.3MB, cuda_reserved=33142.0MB, cuda_peak_alloc=3638.2MB, cuda_free=8033.1MB, cuda_total=48519.1MB
[2026-06-10 02:45:19] Epoch 07 train batch [1500/1875] loss=0.2747 avg_loss=0.3178. Resources: rss=2054.9MB, peak_rss=2461.7MB, cuda_alloc=351.3MB, cuda_reserved=33144.0MB, cuda_peak_alloc=3638.2MB, cuda_free=8031.1MB, cuda_total=48519.1MB
[2026-06-10 02:45:21] Epoch 07 train batch [1520/1875] loss=0.2134 avg_loss=0.3174. Resources: rss=2054.9MB, peak_rss=2461.7MB, cuda_alloc=351.3MB, cuda_reserved=33144.0MB, cuda_peak_alloc=3638.2MB, cuda_free=8031.1MB, cuda_total=48519.1MB
[2026-06-10 02:45:24] Epoch 07 train batch [1540/1875] loss=0.1576 avg_loss=0.3168. Resources: rss=2056.4MB, peak_rss=2461.7MB, cuda_alloc=351.3MB, cuda_reserved=33144.0MB, cuda_peak_alloc=3638.2MB, cuda_free=8031.1MB, cuda_total=48519.1MB
[2026-06-10 02:45:27] Epoch 07 train batch [1560/1875] loss=0.3952 avg_loss=0.3167. Resources: rss=2056.4MB, peak_rss=2461.7MB, cuda_alloc=351.3MB, cuda_reserved=33144.0MB, cuda_peak_alloc=3638.2MB, cuda_free=8031.1MB, cuda_total=48519.1MB
[2026-06-10 02:45:29] Epoch 07 train batch [1580/1875] loss=0.4035 avg_loss=0.3166. Resources: rss=2056.4MB, peak_rss=2461.7MB, cuda_alloc=351.3MB, cuda_reserved=33144.0MB, cuda_peak_alloc=3638.2MB, cuda_free=8031.1MB, cuda_total=48519.1MB
[2026-06-10 02:45:32] Epoch 07 train batch [1600/1875] loss=0.3466 avg_loss=0.3162. Resources: rss=2056.4MB, peak_rss=2461.7MB, cuda_alloc=351.3MB, cuda_reserved=33144.0MB, cuda_peak_alloc=3638.2MB, cuda_free=8031.1MB, cuda_total=48519.1MB
[2026-06-10 02:45:35] Epoch 07 train batch [1620/1875] loss=0.2681 avg_loss=0.3160. Resources: rss=2056.4MB, peak_rss=2461.7MB, cuda_alloc=351.3MB, cuda_reserved=36184.0MB, cuda_peak_alloc=3638.2MB, cuda_free=4991.1MB, cuda_total=48519.1MB
[2026-06-10 02:45:37] Epoch 07 train batch [1640/1875] loss=0.3020 avg_loss=0.3158. Resources: rss=2056.4MB, peak_rss=2461.7MB, cuda_alloc=351.3MB, cuda_reserved=36184.0MB, cuda_peak_alloc=3638.2MB, cuda_free=4991.1MB, cuda_total=48519.1MB
[2026-06-10 02:45:40] Epoch 07 train batch [1660/1875] loss=0.6268 avg_loss=0.3159. Resources: rss=2056.6MB, peak_rss=2461.7MB, cuda_alloc=351.3MB, cuda_reserved=39704.0MB, cuda_peak_alloc=3638.2MB, cuda_free=1471.1MB, cuda_total=48519.1MB
[2026-06-10 02:45:43] Epoch 07 train batch [1680/1875] loss=0.2395 avg_loss=0.3157. Resources: rss=2056.6MB, peak_rss=2461.7MB, cuda_alloc=351.3MB, cuda_reserved=39704.0MB, cuda_peak_alloc=3638.2MB, cuda_free=1471.1MB, cuda_total=48519.1MB
[2026-06-10 02:45:45] Epoch 07 train batch [1700/1875] loss=0.2696 avg_loss=0.3151. Resources: rss=2056.6MB, peak_rss=2461.7MB, cuda_alloc=351.3MB, cuda_reserved=39704.0MB, cuda_peak_alloc=3638.2MB, cuda_free=1471.1MB, cuda_total=48519.1MB
[2026-06-10 02:45:47] Epoch 07 train batch [1720/1875] loss=0.3020 avg_loss=0.3150. Resources: rss=2056.6MB, peak_rss=2461.7MB, cuda_alloc=351.3MB, cuda_reserved=39704.0MB, cuda_peak_alloc=3638.2MB, cuda_free=1471.1MB, cuda_total=48519.1MB
[2026-06-10 02:45:50] Epoch 07 train batch [1740/1875] loss=0.2008 avg_loss=0.3147. Resources: rss=2057.4MB, peak_rss=2461.7MB, cuda_alloc=351.3MB, cuda_reserved=39704.0MB, cuda_peak_alloc=3638.2MB, cuda_free=1471.1MB, cuda_total=48519.1MB
[2026-06-10 02:45:53] Epoch 07 train batch [1760/1875] loss=0.3428 avg_loss=0.3144. Resources: rss=2057.4MB, peak_rss=2461.7MB, cuda_alloc=351.3MB, cuda_reserved=39704.0MB, cuda_peak_alloc=3638.2MB, cuda_free=1471.1MB, cuda_total=48519.1MB
[2026-06-10 02:45:55] Epoch 07 train batch [1780/1875] loss=0.2639 avg_loss=0.3144. Resources: rss=2057.4MB, peak_rss=2461.7MB, cuda_alloc=351.3MB, cuda_reserved=39704.0MB, cuda_peak_alloc=3638.2MB, cuda_free=1471.1MB, cuda_total=48519.1MB
[2026-06-10 02:45:58] Epoch 07 train batch [1800/1875] loss=0.3808 avg_loss=0.3144. Resources: rss=2057.4MB, peak_rss=2461.7MB, cuda_alloc=351.3MB, cuda_reserved=39704.0MB, cuda_peak_alloc=3638.2MB, cuda_free=1471.1MB, cuda_total=48519.1MB
[2026-06-10 02:46:01] Epoch 07 train batch [1820/1875] loss=0.2582 avg_loss=0.3144. Resources: rss=2057.4MB, peak_rss=2461.7MB, cuda_alloc=351.3MB, cuda_reserved=39704.0MB, cuda_peak_alloc=3638.2MB, cuda_free=1471.1MB, cuda_total=48519.1MB
[2026-06-10 02:46:03] Epoch 07 train batch [1840/1875] loss=0.3552 avg_loss=0.3142. Resources: rss=2057.4MB, peak_rss=2461.7MB, cuda_alloc=351.3MB, cuda_reserved=39704.0MB, cuda_peak_alloc=3638.2MB, cuda_free=1471.1MB, cuda_total=48519.1MB
[2026-06-10 02:46:06] Epoch 07 train batch [1860/1875] loss=0.1540 avg_loss=0.3139. Resources: rss=2057.4MB, peak_rss=2461.7MB, cuda_alloc=351.3MB, cuda_reserved=39704.0MB, cuda_peak_alloc=3638.2MB, cuda_free=1471.1MB, cuda_total=48519.1MB
[2026-06-10 02:46:08] Epoch 07 train batch [1875/1875] loss=0.3694 avg_loss=0.3139. Resources: rss=2057.4MB, peak_rss=2461.7MB, cuda_alloc=351.3MB, cuda_reserved=39704.0MB, cuda_peak_alloc=3638.2MB, cuda_free=1471.1MB, cuda_total=48519.1MB
[2026-06-10 02:46:08] Epoch 07 training completed. Resources: rss=2057.4MB, peak_rss=2461.7MB, cuda_alloc=351.3MB, cuda_reserved=39704.0MB, cuda_peak_alloc=3638.2MB, cuda_free=1471.1MB, cuda_total=48519.1MB
[2026-06-10 02:46:09] Epoch 07 cache released before validation loss. Resources: rss=2000.0MB, peak_rss=2461.7MB, cuda_alloc=351.3MB, cuda_reserved=530.0MB, cuda_peak_alloc=351.3MB, cuda_free=40645.1MB, cuda_total=48519.1MB
[2026-06-10 02:46:31] Epoch 07 validation loss completed: 0.5003. Resources: rss=2058.3MB, peak_rss=2461.7MB, cuda_alloc=351.3MB, cuda_reserved=10240.0MB, cuda_peak_alloc=1426.1MB, cuda_free=30917.1MB, cuda_total=48519.1MB
[2026-06-10 02:46:31] Epoch 07 cache released before detection metrics. Resources: rss=1997.6MB, peak_rss=2461.7MB, cuda_alloc=351.3MB, cuda_reserved=530.0MB, cuda_peak_alloc=351.3MB, cuda_free=40627.1MB, cuda_total=48519.1MB
[2026-06-10 02:46:52] Epoch 07 prediction tensors moved to CPU. Computing metrics. Resources: rss=1996.8MB, peak_rss=2461.7MB, cuda_alloc=351.3MB, cuda_reserved=530.0MB, cuda_peak_alloc=351.3MB, cuda_free=40627.1MB, cuda_total=48519.1MB
[2026-06-10 02:46:52] Epoch 07 metrics computed (mAP@0.5 only). Saving artifacts. Resources: rss=1997.8MB, peak_rss=2461.7MB, cuda_alloc=351.3MB, cuda_reserved=530.0MB, cuda_peak_alloc=351.3MB, cuda_free=40627.1MB, cuda_total=48519.1MB
[2026-06-10 02:46:53] Epoch 07 improved mAP@0.5 to 0.6253. Saved best checkpoint: best_model-20260610-021221.pth. Resources: rss=2468.8MB, peak_rss=2468.8MB, cuda_alloc=351.3MB, cuda_reserved=530.0MB, cuda_peak_alloc=351.3MB, cuda_free=40627.1MB, cuda_total=48519.1MB
Epoch [07/30]
├── Train Loss : 0.3139
│   ├── loss_classifier  : 0.1692
│   ├── loss_box_reg     : 0.1447
│   ├── loss_objectness  : 0.0000
│   └── loss_rpn_box_reg : 0.0000
├── Val Loss   : 0.5003
├── mAP@0.5    : 0.6253
├── mAP@0.75   : n/a
├── mAP@0.5:0.95 : n/a
├── Precision  : 0.7045
├── Recall     : 0.6888
├── GT Boxes   : 2021
├── Predictions: 1976
├── Per-class AP
│   ├── person  : AP50=0.7036, AP75=n/a, AP50:95=n/a, P=0.7150, R=0.7570
│   ├── car     : AP50=0.6251, AP75=n/a, AP50:95=n/a, P=0.6809, R=0.6784
│   ├── dog     : AP50=0.7828, AP75=n/a, AP50:95=n/a, P=0.6232, R=0.8350
│   ├── cat     : AP50=0.8347, AP75=n/a, AP50:95=n/a, P=0.7512, R=0.8750
│   └── chair   : AP50=0.1802, AP75=n/a, AP50:95=n/a, P=0.8026, R=0.2163
├── LR         : 0.001000
└── Time       : 293.8s
[2026-06-10 02:46:53] Epoch [07/30] completed. Resources: rss=1997.0MB, peak_rss=2468.8MB, cuda_alloc=351.3MB, cuda_reserved=530.0MB, cuda_peak_alloc=351.3MB, cuda_free=40627.1MB, cuda_total=48519.1MB
[2026-06-10 02:46:53] Epoch [08/30] started. Resources: rss=1997.0MB, peak_rss=2468.8MB, cuda_alloc=351.3MB, cuda_reserved=530.0MB, cuda_peak_alloc=351.3MB, cuda_free=40627.1MB, cuda_total=48519.1MB
[2026-06-10 02:46:56] Epoch 08 train batch [20/1875] loss=0.2527 avg_loss=0.3104. Resources: rss=2050.8MB, peak_rss=2468.8MB, cuda_alloc=351.3MB, cuda_reserved=6282.0MB, cuda_peak_alloc=3290.4MB, cuda_free=34875.1MB, cuda_total=48519.1MB
[2026-06-10 02:46:59] Epoch 08 train batch [40/1875] loss=0.2190 avg_loss=0.3101. Resources: rss=2054.0MB, peak_rss=2468.8MB, cuda_alloc=351.3MB, cuda_reserved=3562.0MB, cuda_peak_alloc=3637.4MB, cuda_free=37595.1MB, cuda_total=48519.1MB
[2026-06-10 02:47:02] Epoch 08 train batch [60/1875] loss=0.3327 avg_loss=0.3175. Resources: rss=2055.5MB, peak_rss=2468.8MB, cuda_alloc=351.3MB, cuda_reserved=22842.0MB, cuda_peak_alloc=3637.4MB, cuda_free=18315.1MB, cuda_total=48519.1MB
[2026-06-10 02:47:05] Epoch 08 train batch [80/1875] loss=0.2977 avg_loss=0.3134. Resources: rss=2055.8MB, peak_rss=2468.8MB, cuda_alloc=351.3MB, cuda_reserved=31442.0MB, cuda_peak_alloc=3637.4MB, cuda_free=9715.1MB, cuda_total=48519.1MB
[2026-06-10 02:47:08] Epoch 08 train batch [100/1875] loss=0.2385 avg_loss=0.3015. Resources: rss=2056.8MB, peak_rss=2468.8MB, cuda_alloc=351.3MB, cuda_reserved=14862.0MB, cuda_peak_alloc=3637.5MB, cuda_free=26295.1MB, cuda_total=48519.1MB
[2026-06-10 02:47:11] Epoch 08 train batch [120/1875] loss=0.3299 avg_loss=0.2971. Resources: rss=2056.8MB, peak_rss=2468.8MB, cuda_alloc=351.3MB, cuda_reserved=19862.0MB, cuda_peak_alloc=3637.6MB, cuda_free=21295.1MB, cuda_total=48519.1MB
[2026-06-10 02:47:13] Epoch 08 train batch [140/1875] loss=0.2755 avg_loss=0.2941. Resources: rss=2056.8MB, peak_rss=2468.8MB, cuda_alloc=351.3MB, cuda_reserved=22402.0MB, cuda_peak_alloc=3637.6MB, cuda_free=18755.1MB, cuda_total=48519.1MB
[2026-06-10 02:47:16] Epoch 08 train batch [160/1875] loss=0.1278 avg_loss=0.2912. Resources: rss=2057.0MB, peak_rss=2468.8MB, cuda_alloc=351.3MB, cuda_reserved=22402.0MB, cuda_peak_alloc=3637.6MB, cuda_free=18755.1MB, cuda_total=48519.1MB
[2026-06-10 02:47:19] Epoch 08 train batch [180/1875] loss=0.2413 avg_loss=0.2953. Resources: rss=2057.0MB, peak_rss=2468.8MB, cuda_alloc=351.3MB, cuda_reserved=29102.0MB, cuda_peak_alloc=3638.1MB, cuda_free=12055.1MB, cuda_total=48519.1MB
[2026-06-10 02:47:21] Epoch 08 train batch [200/1875] loss=0.1412 avg_loss=0.2905. Resources: rss=2057.0MB, peak_rss=2468.8MB, cuda_alloc=351.3MB, cuda_reserved=29102.0MB, cuda_peak_alloc=3638.1MB, cuda_free=12055.1MB, cuda_total=48519.1MB
[2026-06-10 02:47:24] Epoch 08 train batch [220/1875] loss=0.3380 avg_loss=0.2889. Resources: rss=2057.0MB, peak_rss=2468.8MB, cuda_alloc=351.3MB, cuda_reserved=29102.0MB, cuda_peak_alloc=3638.1MB, cuda_free=12055.1MB, cuda_total=48519.1MB
[2026-06-10 02:47:27] Epoch 08 train batch [240/1875] loss=0.3699 avg_loss=0.2863. Resources: rss=2057.0MB, peak_rss=2468.8MB, cuda_alloc=351.3MB, cuda_reserved=30842.0MB, cuda_peak_alloc=3638.1MB, cuda_free=10315.1MB, cuda_total=48519.1MB
[2026-06-10 02:47:29] Epoch 08 train batch [260/1875] loss=0.3620 avg_loss=0.2863. Resources: rss=2059.3MB, peak_rss=2468.8MB, cuda_alloc=351.3MB, cuda_reserved=37322.0MB, cuda_peak_alloc=3638.1MB, cuda_free=3835.1MB, cuda_total=48519.1MB
[2026-06-10 02:47:32] Epoch 08 train batch [280/1875] loss=0.2316 avg_loss=0.2875. Resources: rss=2059.3MB, peak_rss=2468.8MB, cuda_alloc=351.3MB, cuda_reserved=37322.0MB, cuda_peak_alloc=3638.1MB, cuda_free=3835.1MB, cuda_total=48519.1MB
[2026-06-10 02:47:35] Epoch 08 train batch [300/1875] loss=0.2233 avg_loss=0.2891. Resources: rss=2059.3MB, peak_rss=2468.8MB, cuda_alloc=351.3MB, cuda_reserved=37322.0MB, cuda_peak_alloc=3638.1MB, cuda_free=3835.1MB, cuda_total=48519.1MB
[2026-06-10 02:47:37] Epoch 08 train batch [320/1875] loss=0.3144 avg_loss=0.2886. Resources: rss=2042.0MB, peak_rss=2468.8MB, cuda_alloc=351.3MB, cuda_reserved=37322.0MB, cuda_peak_alloc=3638.1MB, cuda_free=3835.1MB, cuda_total=48519.1MB
[2026-06-10 02:47:40] Epoch 08 train batch [340/1875] loss=0.2704 avg_loss=0.2885. Resources: rss=2059.8MB, peak_rss=2468.8MB, cuda_alloc=351.3MB, cuda_reserved=37322.0MB, cuda_peak_alloc=3638.1MB, cuda_free=3835.1MB, cuda_total=48519.1MB
[2026-06-10 02:47:43] Epoch 08 train batch [360/1875] loss=0.2944 avg_loss=0.2876. Resources: rss=2062.3MB, peak_rss=2468.8MB, cuda_alloc=351.3MB, cuda_reserved=37322.0MB, cuda_peak_alloc=3638.1MB, cuda_free=3835.1MB, cuda_total=48519.1MB
[2026-06-10 02:47:45] Epoch 08 train batch [380/1875] loss=0.2768 avg_loss=0.2874. Resources: rss=2062.3MB, peak_rss=2468.8MB, cuda_alloc=351.3MB, cuda_reserved=37322.0MB, cuda_peak_alloc=3638.1MB, cuda_free=3835.1MB, cuda_total=48519.1MB
[2026-06-10 02:47:48] Epoch 08 train batch [400/1875] loss=0.2008 avg_loss=0.2883. Resources: rss=2062.3MB, peak_rss=2468.8MB, cuda_alloc=351.3MB, cuda_reserved=37322.0MB, cuda_peak_alloc=3638.1MB, cuda_free=3835.1MB, cuda_total=48519.1MB
[2026-06-10 02:47:52] Epoch 08 train batch [420/1875] loss=0.3063 avg_loss=0.2894. Resources: rss=2062.3MB, peak_rss=2468.8MB, cuda_alloc=351.3MB, cuda_reserved=37322.0MB, cuda_peak_alloc=3638.1MB, cuda_free=3833.1MB, cuda_total=48519.1MB
[2026-06-10 02:47:56] Epoch 08 train batch [440/1875] loss=0.2422 avg_loss=0.2882. Resources: rss=2062.3MB, peak_rss=2468.8MB, cuda_alloc=351.3MB, cuda_reserved=37322.0MB, cuda_peak_alloc=3638.1MB, cuda_free=3833.1MB, cuda_total=48519.1MB
[2026-06-10 02:47:59] Epoch 08 train batch [460/1875] loss=0.3319 avg_loss=0.2885. Resources: rss=2062.3MB, peak_rss=2468.8MB, cuda_alloc=351.3MB, cuda_reserved=37322.0MB, cuda_peak_alloc=3638.1MB, cuda_free=3833.1MB, cuda_total=48519.1MB
[2026-06-10 02:48:01] Epoch 08 train batch [480/1875] loss=0.2914 avg_loss=0.2892. Resources: rss=2062.3MB, peak_rss=2468.8MB, cuda_alloc=351.3MB, cuda_reserved=37322.0MB, cuda_peak_alloc=3638.1MB, cuda_free=3833.1MB, cuda_total=48519.1MB
[2026-06-10 02:48:04] Epoch 08 train batch [500/1875] loss=0.2186 avg_loss=0.2882. Resources: rss=2062.3MB, peak_rss=2468.8MB, cuda_alloc=351.3MB, cuda_reserved=37322.0MB, cuda_peak_alloc=3638.1MB, cuda_free=3833.1MB, cuda_total=48519.1MB
[2026-06-10 02:48:08] Epoch 08 train batch [520/1875] loss=0.3999 avg_loss=0.2881. Resources: rss=2062.3MB, peak_rss=2468.8MB, cuda_alloc=351.3MB, cuda_reserved=37324.0MB, cuda_peak_alloc=3638.1MB, cuda_free=3831.1MB, cuda_total=48519.1MB
[2026-06-10 02:48:12] Epoch 08 train batch [540/1875] loss=0.3097 avg_loss=0.2877. Resources: rss=2062.3MB, peak_rss=2468.8MB, cuda_alloc=351.3MB, cuda_reserved=37324.0MB, cuda_peak_alloc=3638.1MB, cuda_free=3831.1MB, cuda_total=48519.1MB
[2026-06-10 02:48:15] Epoch 08 train batch [560/1875] loss=0.5098 avg_loss=0.2873. Resources: rss=2062.3MB, peak_rss=2468.8MB, cuda_alloc=351.3MB, cuda_reserved=37324.0MB, cuda_peak_alloc=3638.1MB, cuda_free=3831.1MB, cuda_total=48519.1MB
[2026-06-10 02:48:18] Epoch 08 train batch [580/1875] loss=0.1984 avg_loss=0.2863. Resources: rss=2062.3MB, peak_rss=2468.8MB, cuda_alloc=351.3MB, cuda_reserved=37324.0MB, cuda_peak_alloc=3638.1MB, cuda_free=3831.1MB, cuda_total=48519.1MB
[2026-06-10 02:48:20] Epoch 08 train batch [600/1875] loss=0.1555 avg_loss=0.2860. Resources: rss=2062.3MB, peak_rss=2468.8MB, cuda_alloc=351.3MB, cuda_reserved=37324.0MB, cuda_peak_alloc=3638.1MB, cuda_free=3831.1MB, cuda_total=48519.1MB
[2026-06-10 02:48:24] Epoch 08 train batch [620/1875] loss=0.5206 avg_loss=0.2884. Resources: rss=2062.3MB, peak_rss=2468.8MB, cuda_alloc=351.3MB, cuda_reserved=37324.0MB, cuda_peak_alloc=3638.1MB, cuda_free=3831.1MB, cuda_total=48519.1MB
[2026-06-10 02:48:27] Epoch 08 train batch [640/1875] loss=0.2598 avg_loss=0.2891. Resources: rss=2062.3MB, peak_rss=2468.8MB, cuda_alloc=351.3MB, cuda_reserved=37324.0MB, cuda_peak_alloc=3638.1MB, cuda_free=3831.1MB, cuda_total=48519.1MB
[2026-06-10 02:48:29] Epoch 08 train batch [660/1875] loss=0.1759 avg_loss=0.2891. Resources: rss=2062.3MB, peak_rss=2468.8MB, cuda_alloc=351.3MB, cuda_reserved=38044.0MB, cuda_peak_alloc=3638.1MB, cuda_free=3111.1MB, cuda_total=48519.1MB
[2026-06-10 02:48:33] Epoch 08 train batch [680/1875] loss=0.2239 avg_loss=0.2884. Resources: rss=2062.3MB, peak_rss=2468.8MB, cuda_alloc=351.3MB, cuda_reserved=14202.0MB, cuda_peak_alloc=3638.1MB, cuda_free=26953.1MB, cuda_total=48519.1MB
[2026-06-10 02:48:35] Epoch 08 train batch [700/1875] loss=0.4216 avg_loss=0.2883. Resources: rss=2062.3MB, peak_rss=2468.8MB, cuda_alloc=351.3MB, cuda_reserved=31182.0MB, cuda_peak_alloc=3638.1MB, cuda_free=9973.1MB, cuda_total=48519.1MB
[2026-06-10 02:48:38] Epoch 08 train batch [720/1875] loss=0.2742 avg_loss=0.2885. Resources: rss=2062.3MB, peak_rss=2468.8MB, cuda_alloc=351.3MB, cuda_reserved=31182.0MB, cuda_peak_alloc=3638.1MB, cuda_free=9973.1MB, cuda_total=48519.1MB
[2026-06-10 02:48:41] Epoch 08 train batch [740/1875] loss=0.2791 avg_loss=0.2873. Resources: rss=2062.3MB, peak_rss=2468.8MB, cuda_alloc=351.3MB, cuda_reserved=31182.0MB, cuda_peak_alloc=3638.1MB, cuda_free=9973.1MB, cuda_total=48519.1MB
[2026-06-10 02:48:44] Epoch 08 train batch [760/1875] loss=0.2978 avg_loss=0.2874. Resources: rss=2062.3MB, peak_rss=2468.8MB, cuda_alloc=351.3MB, cuda_reserved=37422.0MB, cuda_peak_alloc=3638.1MB, cuda_free=3733.1MB, cuda_total=48519.1MB
[2026-06-10 02:48:46] Epoch 08 train batch [780/1875] loss=0.2161 avg_loss=0.2878. Resources: rss=2062.3MB, peak_rss=2468.8MB, cuda_alloc=351.3MB, cuda_reserved=37422.0MB, cuda_peak_alloc=3638.1MB, cuda_free=3733.1MB, cuda_total=48519.1MB
[2026-06-10 02:48:49] Epoch 08 train batch [800/1875] loss=0.2374 avg_loss=0.2886. Resources: rss=2062.3MB, peak_rss=2468.8MB, cuda_alloc=351.3MB, cuda_reserved=37422.0MB, cuda_peak_alloc=3638.1MB, cuda_free=3733.1MB, cuda_total=48519.1MB
[2026-06-10 02:48:52] Epoch 08 train batch [820/1875] loss=0.2084 avg_loss=0.2905. Resources: rss=2062.3MB, peak_rss=2468.8MB, cuda_alloc=351.3MB, cuda_reserved=37422.0MB, cuda_peak_alloc=3638.1MB, cuda_free=3733.1MB, cuda_total=48519.1MB
[2026-06-10 02:48:54] Epoch 08 train batch [840/1875] loss=0.0954 avg_loss=0.2896. Resources: rss=2062.3MB, peak_rss=2468.8MB, cuda_alloc=351.3MB, cuda_reserved=37422.0MB, cuda_peak_alloc=3638.1MB, cuda_free=3733.1MB, cuda_total=48519.1MB
[2026-06-10 02:48:57] Epoch 08 train batch [860/1875] loss=0.4219 avg_loss=0.2903. Resources: rss=2062.3MB, peak_rss=2468.8MB, cuda_alloc=351.3MB, cuda_reserved=37422.0MB, cuda_peak_alloc=3638.1MB, cuda_free=3733.1MB, cuda_total=48519.1MB
[2026-06-10 02:48:59] Epoch 08 train batch [880/1875] loss=0.2881 avg_loss=0.2904. Resources: rss=2062.3MB, peak_rss=2468.8MB, cuda_alloc=351.3MB, cuda_reserved=37422.0MB, cuda_peak_alloc=3638.1MB, cuda_free=3733.1MB, cuda_total=48519.1MB
[2026-06-10 02:49:02] Epoch 08 train batch [900/1875] loss=0.3368 avg_loss=0.2902. Resources: rss=2062.3MB, peak_rss=2468.8MB, cuda_alloc=351.3MB, cuda_reserved=37422.0MB, cuda_peak_alloc=3638.1MB, cuda_free=3733.1MB, cuda_total=48519.1MB
[2026-06-10 02:49:04] Epoch 08 train batch [920/1875] loss=0.3203 avg_loss=0.2905. Resources: rss=2062.3MB, peak_rss=2468.8MB, cuda_alloc=351.3MB, cuda_reserved=37422.0MB, cuda_peak_alloc=3638.1MB, cuda_free=3733.1MB, cuda_total=48519.1MB
[2026-06-10 02:49:07] Epoch 08 train batch [940/1875] loss=0.2476 avg_loss=0.2898. Resources: rss=2043.0MB, peak_rss=2468.8MB, cuda_alloc=351.3MB, cuda_reserved=37422.0MB, cuda_peak_alloc=3638.1MB, cuda_free=3733.1MB, cuda_total=48519.1MB
[2026-06-10 02:49:09] Epoch 08 train batch [960/1875] loss=0.5624 avg_loss=0.2901. Resources: rss=2054.7MB, peak_rss=2468.8MB, cuda_alloc=351.3MB, cuda_reserved=37422.0MB, cuda_peak_alloc=3638.1MB, cuda_free=3733.1MB, cuda_total=48519.1MB
[2026-06-10 02:49:12] Epoch 08 train batch [980/1875] loss=0.2903 avg_loss=0.2893. Resources: rss=2063.5MB, peak_rss=2468.8MB, cuda_alloc=351.3MB, cuda_reserved=37422.0MB, cuda_peak_alloc=3638.1MB, cuda_free=3733.1MB, cuda_total=48519.1MB
[2026-06-10 02:49:14] Epoch 08 train batch [1000/1875] loss=0.2077 avg_loss=0.2892. Resources: rss=2063.5MB, peak_rss=2468.8MB, cuda_alloc=351.3MB, cuda_reserved=37422.0MB, cuda_peak_alloc=3638.1MB, cuda_free=3733.1MB, cuda_total=48519.1MB
[2026-06-10 02:49:17] Epoch 08 train batch [1020/1875] loss=0.1844 avg_loss=0.2893. Resources: rss=2063.5MB, peak_rss=2468.8MB, cuda_alloc=351.3MB, cuda_reserved=37422.0MB, cuda_peak_alloc=3638.1MB, cuda_free=3733.1MB, cuda_total=48519.1MB
[2026-06-10 02:49:19] Epoch 08 train batch [1040/1875] loss=0.2077 avg_loss=0.2889. Resources: rss=2063.5MB, peak_rss=2468.8MB, cuda_alloc=351.3MB, cuda_reserved=37422.0MB, cuda_peak_alloc=3638.1MB, cuda_free=3733.1MB, cuda_total=48519.1MB
[2026-06-10 02:49:22] Epoch 08 train batch [1060/1875] loss=0.2204 avg_loss=0.2890. Resources: rss=2063.5MB, peak_rss=2468.8MB, cuda_alloc=351.3MB, cuda_reserved=37422.0MB, cuda_peak_alloc=3638.1MB, cuda_free=3733.1MB, cuda_total=48519.1MB
[2026-06-10 02:49:25] Epoch 08 train batch [1080/1875] loss=0.3049 avg_loss=0.2882. Resources: rss=2063.5MB, peak_rss=2468.8MB, cuda_alloc=351.3MB, cuda_reserved=37422.0MB, cuda_peak_alloc=3638.1MB, cuda_free=3733.1MB, cuda_total=48519.1MB
[2026-06-10 02:49:27] Epoch 08 train batch [1100/1875] loss=0.3024 avg_loss=0.2885. Resources: rss=2063.5MB, peak_rss=2468.8MB, cuda_alloc=351.3MB, cuda_reserved=37422.0MB, cuda_peak_alloc=3638.1MB, cuda_free=3733.1MB, cuda_total=48519.1MB
[2026-06-10 02:49:30] Epoch 08 train batch [1120/1875] loss=0.3061 avg_loss=0.2881. Resources: rss=2064.7MB, peak_rss=2468.8MB, cuda_alloc=351.3MB, cuda_reserved=37422.0MB, cuda_peak_alloc=3638.1MB, cuda_free=3733.1MB, cuda_total=48519.1MB
[2026-06-10 02:49:33] Epoch 08 train batch [1140/1875] loss=0.1722 avg_loss=0.2871. Resources: rss=2064.7MB, peak_rss=2468.8MB, cuda_alloc=351.3MB, cuda_reserved=37422.0MB, cuda_peak_alloc=3638.1MB, cuda_free=3733.1MB, cuda_total=48519.1MB
[2026-06-10 02:49:35] Epoch 08 train batch [1160/1875] loss=0.2570 avg_loss=0.2873. Resources: rss=2064.7MB, peak_rss=2468.8MB, cuda_alloc=351.3MB, cuda_reserved=37422.0MB, cuda_peak_alloc=3638.1MB, cuda_free=3733.1MB, cuda_total=48519.1MB
[2026-06-10 02:49:38] Epoch 08 train batch [1180/1875] loss=0.3718 avg_loss=0.2870. Resources: rss=2064.7MB, peak_rss=2468.8MB, cuda_alloc=351.3MB, cuda_reserved=37422.0MB, cuda_peak_alloc=3638.1MB, cuda_free=3733.1MB, cuda_total=48519.1MB
[2026-06-10 02:49:40] Epoch 08 train batch [1200/1875] loss=0.2242 avg_loss=0.2870. Resources: rss=2064.7MB, peak_rss=2468.8MB, cuda_alloc=351.3MB, cuda_reserved=37422.0MB, cuda_peak_alloc=3638.1MB, cuda_free=3733.1MB, cuda_total=48519.1MB
[2026-06-10 02:49:43] Epoch 08 train batch [1220/1875] loss=0.1741 avg_loss=0.2866. Resources: rss=2064.7MB, peak_rss=2468.8MB, cuda_alloc=351.3MB, cuda_reserved=37422.0MB, cuda_peak_alloc=3638.1MB, cuda_free=3733.1MB, cuda_total=48519.1MB
[2026-06-10 02:49:45] Epoch 08 train batch [1240/1875] loss=0.2039 avg_loss=0.2861. Resources: rss=2065.0MB, peak_rss=2468.8MB, cuda_alloc=351.3MB, cuda_reserved=37422.0MB, cuda_peak_alloc=3638.1MB, cuda_free=3733.1MB, cuda_total=48519.1MB
[2026-06-10 02:49:48] Epoch 08 train batch [1260/1875] loss=0.2861 avg_loss=0.2866. Resources: rss=2065.0MB, peak_rss=2468.8MB, cuda_alloc=351.3MB, cuda_reserved=37422.0MB, cuda_peak_alloc=3638.1MB, cuda_free=3733.1MB, cuda_total=48519.1MB
[2026-06-10 02:49:51] Epoch 08 train batch [1280/1875] loss=0.2497 avg_loss=0.2865. Resources: rss=2065.0MB, peak_rss=2468.8MB, cuda_alloc=351.3MB, cuda_reserved=37422.0MB, cuda_peak_alloc=3638.1MB, cuda_free=3733.1MB, cuda_total=48519.1MB
[2026-06-10 02:49:53] Epoch 08 train batch [1300/1875] loss=0.1825 avg_loss=0.2862. Resources: rss=2065.0MB, peak_rss=2468.8MB, cuda_alloc=351.3MB, cuda_reserved=37422.0MB, cuda_peak_alloc=3638.1MB, cuda_free=3733.1MB, cuda_total=48519.1MB
[2026-06-10 02:49:56] Epoch 08 train batch [1320/1875] loss=0.1828 avg_loss=0.2863. Resources: rss=2065.2MB, peak_rss=2468.8MB, cuda_alloc=351.3MB, cuda_reserved=37422.0MB, cuda_peak_alloc=3638.1MB, cuda_free=3733.1MB, cuda_total=48519.1MB
[2026-06-10 02:49:59] Epoch 08 train batch [1340/1875] loss=0.3874 avg_loss=0.2854. Resources: rss=2065.2MB, peak_rss=2468.8MB, cuda_alloc=351.3MB, cuda_reserved=37422.0MB, cuda_peak_alloc=3638.1MB, cuda_free=3733.1MB, cuda_total=48519.1MB
[2026-06-10 02:50:01] Epoch 08 train batch [1360/1875] loss=0.4041 avg_loss=0.2849. Resources: rss=2065.2MB, peak_rss=2468.8MB, cuda_alloc=351.3MB, cuda_reserved=37422.0MB, cuda_peak_alloc=3638.1MB, cuda_free=3733.1MB, cuda_total=48519.1MB
[2026-06-10 02:50:04] Epoch 08 train batch [1380/1875] loss=0.1423 avg_loss=0.2845. Resources: rss=2065.2MB, peak_rss=2468.8MB, cuda_alloc=351.3MB, cuda_reserved=37422.0MB, cuda_peak_alloc=3638.1MB, cuda_free=3733.1MB, cuda_total=48519.1MB
[2026-06-10 02:50:07] Epoch 08 train batch [1400/1875] loss=0.3027 avg_loss=0.2841. Resources: rss=2065.2MB, peak_rss=2468.8MB, cuda_alloc=351.3MB, cuda_reserved=37422.0MB, cuda_peak_alloc=3638.1MB, cuda_free=3733.1MB, cuda_total=48519.1MB
[2026-06-10 02:50:09] Epoch 08 train batch [1420/1875] loss=0.2615 avg_loss=0.2838. Resources: rss=2065.2MB, peak_rss=2468.8MB, cuda_alloc=351.3MB, cuda_reserved=37422.0MB, cuda_peak_alloc=3638.1MB, cuda_free=3733.1MB, cuda_total=48519.1MB
[2026-06-10 02:50:12] Epoch 08 train batch [1440/1875] loss=0.2095 avg_loss=0.2836. Resources: rss=2065.2MB, peak_rss=2468.8MB, cuda_alloc=351.3MB, cuda_reserved=37422.0MB, cuda_peak_alloc=3638.1MB, cuda_free=3733.1MB, cuda_total=48519.1MB
[2026-06-10 02:50:14] Epoch 08 train batch [1460/1875] loss=0.2597 avg_loss=0.2832. Resources: rss=2065.2MB, peak_rss=2468.8MB, cuda_alloc=351.3MB, cuda_reserved=37422.0MB, cuda_peak_alloc=3638.1MB, cuda_free=3733.1MB, cuda_total=48519.1MB
[2026-06-10 02:50:17] Epoch 08 train batch [1480/1875] loss=0.2980 avg_loss=0.2835. Resources: rss=2065.2MB, peak_rss=2468.8MB, cuda_alloc=351.3MB, cuda_reserved=37422.0MB, cuda_peak_alloc=3638.1MB, cuda_free=3733.1MB, cuda_total=48519.1MB
[2026-06-10 02:50:20] Epoch 08 train batch [1500/1875] loss=0.2246 avg_loss=0.2836. Resources: rss=2065.2MB, peak_rss=2468.8MB, cuda_alloc=351.3MB, cuda_reserved=37422.0MB, cuda_peak_alloc=3638.1MB, cuda_free=3733.1MB, cuda_total=48519.1MB
[2026-06-10 02:50:23] Epoch 08 train batch [1520/1875] loss=0.1506 avg_loss=0.2835. Resources: rss=2065.2MB, peak_rss=2468.8MB, cuda_alloc=351.3MB, cuda_reserved=37424.0MB, cuda_peak_alloc=3638.1MB, cuda_free=3731.1MB, cuda_total=48519.1MB
[2026-06-10 02:50:25] Epoch 08 train batch [1540/1875] loss=0.4664 avg_loss=0.2838. Resources: rss=2065.2MB, peak_rss=2468.8MB, cuda_alloc=351.3MB, cuda_reserved=37424.0MB, cuda_peak_alloc=3638.1MB, cuda_free=3731.1MB, cuda_total=48519.1MB
[2026-06-10 02:50:28] Epoch 08 train batch [1560/1875] loss=0.1582 avg_loss=0.2837. Resources: rss=2048.4MB, peak_rss=2468.8MB, cuda_alloc=351.3MB, cuda_reserved=37424.0MB, cuda_peak_alloc=3638.3MB, cuda_free=3731.1MB, cuda_total=48519.1MB
[2026-06-10 02:50:31] Epoch 08 train batch [1580/1875] loss=0.2732 avg_loss=0.2833. Resources: rss=2054.9MB, peak_rss=2468.8MB, cuda_alloc=351.3MB, cuda_reserved=37424.0MB, cuda_peak_alloc=3638.3MB, cuda_free=3731.1MB, cuda_total=48519.1MB
[2026-06-10 02:50:33] Epoch 08 train batch [1600/1875] loss=0.1521 avg_loss=0.2825. Resources: rss=2059.4MB, peak_rss=2468.8MB, cuda_alloc=351.3MB, cuda_reserved=37424.0MB, cuda_peak_alloc=3638.3MB, cuda_free=3731.1MB, cuda_total=48519.1MB
[2026-06-10 02:50:36] Epoch 08 train batch [1620/1875] loss=0.2613 avg_loss=0.2825. Resources: rss=2059.9MB, peak_rss=2468.8MB, cuda_alloc=351.3MB, cuda_reserved=37424.0MB, cuda_peak_alloc=3638.3MB, cuda_free=3731.1MB, cuda_total=48519.1MB
[2026-06-10 02:50:38] Epoch 08 train batch [1640/1875] loss=0.2622 avg_loss=0.2824. Resources: rss=2059.9MB, peak_rss=2468.8MB, cuda_alloc=351.3MB, cuda_reserved=37424.0MB, cuda_peak_alloc=3638.3MB, cuda_free=3731.1MB, cuda_total=48519.1MB
[2026-06-10 02:50:41] Epoch 08 train batch [1660/1875] loss=0.2526 avg_loss=0.2826. Resources: rss=2059.9MB, peak_rss=2468.8MB, cuda_alloc=351.3MB, cuda_reserved=37424.0MB, cuda_peak_alloc=3638.3MB, cuda_free=3731.1MB, cuda_total=48519.1MB
[2026-06-10 02:50:44] Epoch 08 train batch [1680/1875] loss=0.2414 avg_loss=0.2823. Resources: rss=2059.9MB, peak_rss=2468.8MB, cuda_alloc=351.3MB, cuda_reserved=37424.0MB, cuda_peak_alloc=3638.3MB, cuda_free=3731.1MB, cuda_total=48519.1MB
[2026-06-10 02:50:46] Epoch 08 train batch [1700/1875] loss=0.1950 avg_loss=0.2823. Resources: rss=2059.9MB, peak_rss=2468.8MB, cuda_alloc=351.3MB, cuda_reserved=37424.0MB, cuda_peak_alloc=3638.3MB, cuda_free=3731.1MB, cuda_total=48519.1MB
[2026-06-10 02:50:49] Epoch 08 train batch [1720/1875] loss=0.1926 avg_loss=0.2821. Resources: rss=2059.9MB, peak_rss=2468.8MB, cuda_alloc=351.3MB, cuda_reserved=37424.0MB, cuda_peak_alloc=3638.3MB, cuda_free=3731.1MB, cuda_total=48519.1MB
[2026-06-10 02:50:51] Epoch 08 train batch [1740/1875] loss=0.2066 avg_loss=0.2819. Resources: rss=2059.9MB, peak_rss=2468.8MB, cuda_alloc=351.3MB, cuda_reserved=37424.0MB, cuda_peak_alloc=3638.3MB, cuda_free=3731.1MB, cuda_total=48519.1MB
[2026-06-10 02:50:54] Epoch 08 train batch [1760/1875] loss=0.4148 avg_loss=0.2824. Resources: rss=2059.9MB, peak_rss=2468.8MB, cuda_alloc=351.3MB, cuda_reserved=37424.0MB, cuda_peak_alloc=3638.3MB, cuda_free=3731.1MB, cuda_total=48519.1MB
[2026-06-10 02:50:57] Epoch 08 train batch [1780/1875] loss=0.3675 avg_loss=0.2821. Resources: rss=2061.1MB, peak_rss=2468.8MB, cuda_alloc=351.3MB, cuda_reserved=37424.0MB, cuda_peak_alloc=3638.3MB, cuda_free=3731.1MB, cuda_total=48519.1MB
[2026-06-10 02:50:59] Epoch 08 train batch [1800/1875] loss=0.2578 avg_loss=0.2817. Resources: rss=2061.1MB, peak_rss=2468.8MB, cuda_alloc=351.3MB, cuda_reserved=37424.0MB, cuda_peak_alloc=3638.3MB, cuda_free=3731.1MB, cuda_total=48519.1MB
[2026-06-10 02:51:02] Epoch 08 train batch [1820/1875] loss=0.1186 avg_loss=0.2816. Resources: rss=2061.1MB, peak_rss=2468.8MB, cuda_alloc=351.3MB, cuda_reserved=37424.0MB, cuda_peak_alloc=3638.3MB, cuda_free=3731.1MB, cuda_total=48519.1MB
[2026-06-10 02:51:04] Epoch 08 train batch [1840/1875] loss=0.1881 avg_loss=0.2819. Resources: rss=2061.1MB, peak_rss=2468.8MB, cuda_alloc=351.3MB, cuda_reserved=37424.0MB, cuda_peak_alloc=3638.3MB, cuda_free=3731.1MB, cuda_total=48519.1MB
[2026-06-10 02:51:07] Epoch 08 train batch [1860/1875] loss=0.3083 avg_loss=0.2817. Resources: rss=2061.1MB, peak_rss=2468.8MB, cuda_alloc=351.3MB, cuda_reserved=37424.0MB, cuda_peak_alloc=3638.3MB, cuda_free=3731.1MB, cuda_total=48519.1MB
[2026-06-10 02:51:09] Epoch 08 train batch [1875/1875] loss=0.4284 avg_loss=0.2815. Resources: rss=2061.1MB, peak_rss=2468.8MB, cuda_alloc=351.3MB, cuda_reserved=37424.0MB, cuda_peak_alloc=3638.3MB, cuda_free=3731.1MB, cuda_total=48519.1MB
[2026-06-10 02:51:09] Epoch 08 training completed. Resources: rss=2061.1MB, peak_rss=2468.8MB, cuda_alloc=351.3MB, cuda_reserved=37424.0MB, cuda_peak_alloc=3638.3MB, cuda_free=3731.1MB, cuda_total=48519.1MB
[2026-06-10 02:51:10] Epoch 08 cache released before validation loss. Resources: rss=2003.3MB, peak_rss=2468.8MB, cuda_alloc=351.3MB, cuda_reserved=510.0MB, cuda_peak_alloc=351.3MB, cuda_free=40645.1MB, cuda_total=48519.1MB
[2026-06-10 02:51:30] Epoch 08 validation loss completed: 0.5230. Resources: rss=2061.5MB, peak_rss=2468.8MB, cuda_alloc=351.3MB, cuda_reserved=9580.0MB, cuda_peak_alloc=1426.1MB, cuda_free=31575.1MB, cuda_total=48519.1MB
[2026-06-10 02:51:31] Epoch 08 cache released before detection metrics. Resources: rss=2001.7MB, peak_rss=2468.8MB, cuda_alloc=351.3MB, cuda_reserved=510.0MB, cuda_peak_alloc=351.3MB, cuda_free=40645.1MB, cuda_total=48519.1MB
[2026-06-10 02:51:51] Epoch 08 prediction tensors moved to CPU. Computing metrics. Resources: rss=2001.0MB, peak_rss=2468.8MB, cuda_alloc=351.3MB, cuda_reserved=510.0MB, cuda_peak_alloc=351.3MB, cuda_free=40255.8MB, cuda_total=48519.1MB
[2026-06-10 02:51:51] Epoch 08 metrics computed (mAP@0.5 only). Saving artifacts. Resources: rss=2001.7MB, peak_rss=2468.8MB, cuda_alloc=351.3MB, cuda_reserved=510.0MB, cuda_peak_alloc=351.3MB, cuda_free=40255.8MB, cuda_total=48519.1MB
[2026-06-10 02:51:52] Epoch 08 improved mAP@0.5 to 0.6640. Saved best checkpoint: best_model-20260610-021221.pth. Resources: rss=2472.7MB, peak_rss=2472.7MB, cuda_alloc=351.3MB, cuda_reserved=510.0MB, cuda_peak_alloc=351.3MB, cuda_free=38857.8MB, cuda_total=48519.1MB
Epoch [08/30]
├── Train Loss : 0.2815
│   ├── loss_classifier  : 0.1513
│   ├── loss_box_reg     : 0.1303
│   ├── loss_objectness  : 0.0000
│   └── loss_rpn_box_reg : 0.0000
├── Val Loss   : 0.5230
├── mAP@0.5    : 0.6640
├── mAP@0.75   : n/a
├── mAP@0.5:0.95 : n/a
├── Precision  : 0.7103
├── Recall     : 0.7061
├── GT Boxes   : 2021
├── Predictions: 2009
├── Per-class AP
│   ├── person  : AP50=0.6689, AP75=n/a, AP50:95=n/a, P=0.7831, R=0.7160
│   ├── car     : AP50=0.6447, AP75=n/a, AP50:95=n/a, P=0.6490, R=0.6926
│   ├── dog     : AP50=0.7688, AP75=n/a, AP50:95=n/a, P=0.6404, R=0.8301
│   ├── cat     : AP50=0.8383, AP75=n/a, AP50:95=n/a, P=0.6923, R=0.8693
│   └── chair   : AP50=0.3994, AP75=n/a, AP50:95=n/a, P=0.5823, R=0.4894
├── LR         : 0.001000
└── Time       : 298.4s
[2026-06-10 02:51:52] Epoch [08/30] completed. Resources: rss=2000.9MB, peak_rss=2472.7MB, cuda_alloc=351.3MB, cuda_reserved=510.0MB, cuda_peak_alloc=351.3MB, cuda_free=38199.8MB, cuda_total=48519.1MB
[2026-06-10 02:51:52] Epoch [09/30] started. Resources: rss=2000.9MB, peak_rss=2472.7MB, cuda_alloc=351.3MB, cuda_reserved=510.0MB, cuda_peak_alloc=351.3MB, cuda_free=38199.8MB, cuda_total=48519.1MB
[2026-06-10 02:51:55] Epoch 09 train batch [20/1875] loss=0.3471 avg_loss=0.2959. Resources: rss=2056.2MB, peak_rss=2472.7MB, cuda_alloc=351.3MB, cuda_reserved=32862.0MB, cuda_peak_alloc=3637.3MB, cuda_free=5829.8MB, cuda_total=48519.1MB
[2026-06-10 02:51:59] Epoch 09 train batch [40/1875] loss=0.2641 avg_loss=0.3011. Resources: rss=2058.9MB, peak_rss=2472.7MB, cuda_alloc=351.3MB, cuda_reserved=22042.0MB, cuda_peak_alloc=3637.3MB, cuda_free=16649.8MB, cuda_total=48519.1MB
[2026-06-10 02:52:03] Epoch 09 train batch [60/1875] loss=0.1922 avg_loss=0.2819. Resources: rss=2059.2MB, peak_rss=2472.7MB, cuda_alloc=351.3MB, cuda_reserved=25902.0MB, cuda_peak_alloc=3637.3MB, cuda_free=12777.8MB, cuda_total=48519.1MB
[2026-06-10 02:52:07] Epoch 09 train batch [80/1875] loss=0.2833 avg_loss=0.2829. Resources: rss=2060.7MB, peak_rss=2472.7MB, cuda_alloc=351.3MB, cuda_reserved=26322.0MB, cuda_peak_alloc=3637.3MB, cuda_free=12357.8MB, cuda_total=48519.1MB
[2026-06-10 02:52:11] Epoch 09 train batch [100/1875] loss=0.2796 avg_loss=0.2781. Resources: rss=2060.7MB, peak_rss=2472.7MB, cuda_alloc=351.3MB, cuda_reserved=23762.0MB, cuda_peak_alloc=3637.5MB, cuda_free=14917.8MB, cuda_total=48519.1MB
[2026-06-10 02:52:15] Epoch 09 train batch [120/1875] loss=0.2918 avg_loss=0.2759. Resources: rss=2060.9MB, peak_rss=2472.7MB, cuda_alloc=351.3MB, cuda_reserved=30822.0MB, cuda_peak_alloc=3637.5MB, cuda_free=7857.8MB, cuda_total=48519.1MB
[2026-06-10 02:52:19] Epoch 09 train batch [140/1875] loss=0.2062 avg_loss=0.2745. Resources: rss=2062.9MB, peak_rss=2472.7MB, cuda_alloc=351.3MB, cuda_reserved=15862.0MB, cuda_peak_alloc=3637.5MB, cuda_free=22817.8MB, cuda_total=48519.1MB
[2026-06-10 02:52:22] Epoch 09 train batch [160/1875] loss=0.3182 avg_loss=0.2749. Resources: rss=2062.9MB, peak_rss=2472.7MB, cuda_alloc=351.3MB, cuda_reserved=15862.0MB, cuda_peak_alloc=3637.5MB, cuda_free=22817.8MB, cuda_total=48519.1MB
[2026-06-10 02:52:26] Epoch 09 train batch [180/1875] loss=0.2261 avg_loss=0.2750. Resources: rss=2062.9MB, peak_rss=2472.7MB, cuda_alloc=351.3MB, cuda_reserved=19062.0MB, cuda_peak_alloc=3637.5MB, cuda_free=19617.8MB, cuda_total=48519.1MB
[2026-06-10 02:52:28] Epoch 09 train batch [200/1875] loss=0.3341 avg_loss=0.2752. Resources: rss=2062.9MB, peak_rss=2472.7MB, cuda_alloc=351.3MB, cuda_reserved=26302.0MB, cuda_peak_alloc=3638.1MB, cuda_free=12377.8MB, cuda_total=48519.1MB
[2026-06-10 02:52:31] Epoch 09 train batch [220/1875] loss=0.2333 avg_loss=0.2730. Resources: rss=2062.9MB, peak_rss=2472.7MB, cuda_alloc=351.3MB, cuda_reserved=28402.0MB, cuda_peak_alloc=3638.1MB, cuda_free=10277.8MB, cuda_total=48519.1MB
[2026-06-10 02:52:34] Epoch 09 train batch [240/1875] loss=0.1884 avg_loss=0.2744. Resources: rss=2062.9MB, peak_rss=2472.7MB, cuda_alloc=351.3MB, cuda_reserved=28402.0MB, cuda_peak_alloc=3638.1MB, cuda_free=10277.8MB, cuda_total=48519.1MB
[2026-06-10 02:52:36] Epoch 09 train batch [260/1875] loss=0.2281 avg_loss=0.2750. Resources: rss=2062.9MB, peak_rss=2472.7MB, cuda_alloc=351.3MB, cuda_reserved=28402.0MB, cuda_peak_alloc=3638.1MB, cuda_free=10277.8MB, cuda_total=48519.1MB
[2026-06-10 02:52:39] Epoch 09 train batch [280/1875] loss=0.3109 avg_loss=0.2741. Resources: rss=2062.9MB, peak_rss=2472.7MB, cuda_alloc=351.3MB, cuda_reserved=28402.0MB, cuda_peak_alloc=3638.1MB, cuda_free=10277.8MB, cuda_total=48519.1MB
[2026-06-10 02:52:42] Epoch 09 train batch [300/1875] loss=0.2969 avg_loss=0.2731. Resources: rss=2064.9MB, peak_rss=2472.7MB, cuda_alloc=351.3MB, cuda_reserved=28402.0MB, cuda_peak_alloc=3638.1MB, cuda_free=10277.8MB, cuda_total=48519.1MB
[2026-06-10 02:52:45] Epoch 09 train batch [320/1875] loss=0.2543 avg_loss=0.2742. Resources: rss=2064.9MB, peak_rss=2472.7MB, cuda_alloc=351.3MB, cuda_reserved=28402.0MB, cuda_peak_alloc=3638.1MB, cuda_free=10277.8MB, cuda_total=48519.1MB
[2026-06-10 02:52:47] Epoch 09 train batch [340/1875] loss=0.2381 avg_loss=0.2727. Resources: rss=2064.9MB, peak_rss=2472.7MB, cuda_alloc=351.3MB, cuda_reserved=28402.0MB, cuda_peak_alloc=3638.1MB, cuda_free=10277.8MB, cuda_total=48519.1MB
[2026-06-10 02:52:50] Epoch 09 train batch [360/1875] loss=0.4525 avg_loss=0.2738. Resources: rss=2064.9MB, peak_rss=2472.7MB, cuda_alloc=351.3MB, cuda_reserved=33142.0MB, cuda_peak_alloc=3638.1MB, cuda_free=5537.8MB, cuda_total=48519.1MB
[2026-06-10 02:52:52] Epoch 09 train batch [380/1875] loss=0.2771 avg_loss=0.2711. Resources: rss=2064.9MB, peak_rss=2472.7MB, cuda_alloc=351.3MB, cuda_reserved=33142.0MB, cuda_peak_alloc=3638.1MB, cuda_free=5537.8MB, cuda_total=48519.1MB
[2026-06-10 02:52:55] Epoch 09 train batch [400/1875] loss=0.1916 avg_loss=0.2705. Resources: rss=2064.9MB, peak_rss=2472.7MB, cuda_alloc=351.3MB, cuda_reserved=33142.0MB, cuda_peak_alloc=3638.1MB, cuda_free=5537.8MB, cuda_total=48519.1MB
[2026-06-10 02:52:57] Epoch 09 train batch [420/1875] loss=0.1711 avg_loss=0.2684. Resources: rss=2064.9MB, peak_rss=2472.7MB, cuda_alloc=351.3MB, cuda_reserved=33142.0MB, cuda_peak_alloc=3638.1MB, cuda_free=5537.8MB, cuda_total=48519.1MB
[2026-06-10 02:53:00] Epoch 09 train batch [440/1875] loss=0.3369 avg_loss=0.2688. Resources: rss=2064.9MB, peak_rss=2472.7MB, cuda_alloc=351.3MB, cuda_reserved=33142.0MB, cuda_peak_alloc=3638.1MB, cuda_free=5537.8MB, cuda_total=48519.1MB
[2026-06-10 02:53:03] Epoch 09 train batch [460/1875] loss=0.1833 avg_loss=0.2685. Resources: rss=2064.9MB, peak_rss=2472.7MB, cuda_alloc=351.3MB, cuda_reserved=33142.0MB, cuda_peak_alloc=3638.1MB, cuda_free=5537.8MB, cuda_total=48519.1MB
[2026-06-10 02:53:05] Epoch 09 train batch [480/1875] loss=0.1812 avg_loss=0.2675. Resources: rss=2064.9MB, peak_rss=2472.7MB, cuda_alloc=351.3MB, cuda_reserved=33142.0MB, cuda_peak_alloc=3638.1MB, cuda_free=5537.8MB, cuda_total=48519.1MB
[2026-06-10 02:53:08] Epoch 09 train batch [500/1875] loss=0.2619 avg_loss=0.2669. Resources: rss=2064.9MB, peak_rss=2472.7MB, cuda_alloc=351.3MB, cuda_reserved=33142.0MB, cuda_peak_alloc=3638.1MB, cuda_free=5537.8MB, cuda_total=48519.1MB
[2026-06-10 02:53:10] Epoch 09 train batch [520/1875] loss=0.2998 avg_loss=0.2682. Resources: rss=2064.9MB, peak_rss=2472.7MB, cuda_alloc=351.3MB, cuda_reserved=33142.0MB, cuda_peak_alloc=3638.1MB, cuda_free=5537.8MB, cuda_total=48519.1MB
[2026-06-10 02:53:13] Epoch 09 train batch [540/1875] loss=0.1789 avg_loss=0.2675. Resources: rss=2064.9MB, peak_rss=2472.7MB, cuda_alloc=351.3MB, cuda_reserved=33144.0MB, cuda_peak_alloc=3638.1MB, cuda_free=5535.8MB, cuda_total=48519.1MB
[2026-06-10 02:53:15] Epoch 09 train batch [560/1875] loss=0.1884 avg_loss=0.2666. Resources: rss=2055.1MB, peak_rss=2472.7MB, cuda_alloc=351.3MB, cuda_reserved=33144.0MB, cuda_peak_alloc=3638.1MB, cuda_free=5535.8MB, cuda_total=48519.1MB
[2026-06-10 02:53:18] Epoch 09 train batch [580/1875] loss=0.4486 avg_loss=0.2670. Resources: rss=2058.6MB, peak_rss=2472.7MB, cuda_alloc=351.3MB, cuda_reserved=33144.0MB, cuda_peak_alloc=3638.1MB, cuda_free=5535.8MB, cuda_total=48519.1MB
[2026-06-10 02:53:22] Epoch 09 train batch [600/1875] loss=0.2008 avg_loss=0.2660. Resources: rss=2059.8MB, peak_rss=2472.7MB, cuda_alloc=351.3MB, cuda_reserved=33144.0MB, cuda_peak_alloc=3638.1MB, cuda_free=5535.8MB, cuda_total=48519.1MB
[2026-06-10 02:53:25] Epoch 09 train batch [620/1875] loss=0.1457 avg_loss=0.2663. Resources: rss=2059.8MB, peak_rss=2472.7MB, cuda_alloc=351.3MB, cuda_reserved=33144.0MB, cuda_peak_alloc=3638.1MB, cuda_free=6621.1MB, cuda_total=48519.1MB
[2026-06-10 02:53:28] Epoch 09 train batch [640/1875] loss=0.2607 avg_loss=0.2671. Resources: rss=2062.1MB, peak_rss=2472.7MB, cuda_alloc=351.3MB, cuda_reserved=33144.0MB, cuda_peak_alloc=3638.1MB, cuda_free=12348.4MB, cuda_total=48519.1MB
[2026-06-10 02:53:32] Epoch 09 train batch [660/1875] loss=0.4194 avg_loss=0.2670. Resources: rss=2062.1MB, peak_rss=2472.7MB, cuda_alloc=351.3MB, cuda_reserved=33144.0MB, cuda_peak_alloc=3638.1MB, cuda_free=12348.4MB, cuda_total=48519.1MB
[2026-06-10 02:53:35] Epoch 09 train batch [680/1875] loss=0.2832 avg_loss=0.2666. Resources: rss=2062.1MB, peak_rss=2472.7MB, cuda_alloc=351.3MB, cuda_reserved=33144.0MB, cuda_peak_alloc=3638.1MB, cuda_free=12348.4MB, cuda_total=48519.1MB
[2026-06-10 02:53:38] Epoch 09 train batch [700/1875] loss=0.2247 avg_loss=0.2659. Resources: rss=2064.6MB, peak_rss=2472.7MB, cuda_alloc=351.3MB, cuda_reserved=33144.0MB, cuda_peak_alloc=3638.1MB, cuda_free=12348.4MB, cuda_total=48519.1MB
[2026-06-10 02:53:41] Epoch 09 train batch [720/1875] loss=0.2664 avg_loss=0.2659. Resources: rss=2064.6MB, peak_rss=2472.7MB, cuda_alloc=351.3MB, cuda_reserved=33144.0MB, cuda_peak_alloc=3638.1MB, cuda_free=12348.4MB, cuda_total=48519.1MB
[2026-06-10 02:53:45] Epoch 09 train batch [740/1875] loss=0.1860 avg_loss=0.2653. Resources: rss=2064.6MB, peak_rss=2472.7MB, cuda_alloc=351.3MB, cuda_reserved=33144.0MB, cuda_peak_alloc=3638.1MB, cuda_free=12348.4MB, cuda_total=48519.1MB
[2026-06-10 02:53:48] Epoch 09 train batch [760/1875] loss=0.3616 avg_loss=0.2646. Resources: rss=2064.6MB, peak_rss=2472.7MB, cuda_alloc=351.3MB, cuda_reserved=33144.0MB, cuda_peak_alloc=3638.1MB, cuda_free=12348.4MB, cuda_total=48519.1MB
[2026-06-10 02:53:51] Epoch 09 train batch [780/1875] loss=0.2074 avg_loss=0.2651. Resources: rss=2064.6MB, peak_rss=2472.7MB, cuda_alloc=351.3MB, cuda_reserved=33344.0MB, cuda_peak_alloc=3638.1MB, cuda_free=12148.4MB, cuda_total=48519.1MB
[2026-06-10 02:53:54] Epoch 09 train batch [800/1875] loss=0.6112 avg_loss=0.2651. Resources: rss=2064.6MB, peak_rss=2472.7MB, cuda_alloc=351.3MB, cuda_reserved=33344.0MB, cuda_peak_alloc=3638.1MB, cuda_free=12148.4MB, cuda_total=48519.1MB
[2026-06-10 02:53:58] Epoch 09 train batch [820/1875] loss=0.2270 avg_loss=0.2657. Resources: rss=2064.6MB, peak_rss=2472.7MB, cuda_alloc=351.3MB, cuda_reserved=33344.0MB, cuda_peak_alloc=3638.1MB, cuda_free=12148.4MB, cuda_total=48519.1MB
[2026-06-10 02:54:00] Epoch 09 train batch [840/1875] loss=0.1239 avg_loss=0.2664. Resources: rss=2064.6MB, peak_rss=2472.7MB, cuda_alloc=351.3MB, cuda_reserved=33344.0MB, cuda_peak_alloc=3638.1MB, cuda_free=12148.4MB, cuda_total=48519.1MB
[2026-06-10 02:54:03] Epoch 09 train batch [860/1875] loss=0.2472 avg_loss=0.2672. Resources: rss=2067.3MB, peak_rss=2472.7MB, cuda_alloc=351.3MB, cuda_reserved=33344.0MB, cuda_peak_alloc=3638.1MB, cuda_free=12148.4MB, cuda_total=48519.1MB
[2026-06-10 02:54:06] Epoch 09 train batch [880/1875] loss=0.2376 avg_loss=0.2673. Resources: rss=2067.3MB, peak_rss=2472.7MB, cuda_alloc=351.3MB, cuda_reserved=33344.0MB, cuda_peak_alloc=3638.1MB, cuda_free=12148.4MB, cuda_total=48519.1MB
[2026-06-10 02:54:08] Epoch 09 train batch [900/1875] loss=0.2458 avg_loss=0.2670. Resources: rss=2067.3MB, peak_rss=2472.7MB, cuda_alloc=351.3MB, cuda_reserved=33344.0MB, cuda_peak_alloc=3638.1MB, cuda_free=12148.4MB, cuda_total=48519.1MB
[2026-06-10 02:54:11] Epoch 09 train batch [920/1875] loss=0.3869 avg_loss=0.2665. Resources: rss=2067.3MB, peak_rss=2472.7MB, cuda_alloc=351.3MB, cuda_reserved=33344.0MB, cuda_peak_alloc=3638.1MB, cuda_free=12148.4MB, cuda_total=48519.1MB
[2026-06-10 02:54:14] Epoch 09 train batch [940/1875] loss=0.1934 avg_loss=0.2660. Resources: rss=2067.3MB, peak_rss=2472.7MB, cuda_alloc=351.3MB, cuda_reserved=33344.0MB, cuda_peak_alloc=3638.1MB, cuda_free=12148.4MB, cuda_total=48519.1MB
[2026-06-10 02:54:16] Epoch 09 train batch [960/1875] loss=0.2070 avg_loss=0.2659. Resources: rss=2067.3MB, peak_rss=2472.7MB, cuda_alloc=351.3MB, cuda_reserved=33344.0MB, cuda_peak_alloc=3638.1MB, cuda_free=12148.4MB, cuda_total=48519.1MB
[2026-06-10 02:54:19] Epoch 09 train batch [980/1875] loss=0.1756 avg_loss=0.2657. Resources: rss=2067.3MB, peak_rss=2472.7MB, cuda_alloc=351.3MB, cuda_reserved=33344.0MB, cuda_peak_alloc=3638.1MB, cuda_free=12148.4MB, cuda_total=48519.1MB
[2026-06-10 02:54:21] Epoch 09 train batch [1000/1875] loss=0.3895 avg_loss=0.2653. Resources: rss=2067.3MB, peak_rss=2472.7MB, cuda_alloc=351.3MB, cuda_reserved=33344.0MB, cuda_peak_alloc=3638.1MB, cuda_free=12148.4MB, cuda_total=48519.1MB
[2026-06-10 02:54:24] Epoch 09 train batch [1020/1875] loss=0.3195 avg_loss=0.2650. Resources: rss=2067.3MB, peak_rss=2472.7MB, cuda_alloc=351.3MB, cuda_reserved=33344.0MB, cuda_peak_alloc=3638.1MB, cuda_free=12148.4MB, cuda_total=48519.1MB
[2026-06-10 02:54:26] Epoch 09 train batch [1040/1875] loss=0.1443 avg_loss=0.2643. Resources: rss=2067.6MB, peak_rss=2472.7MB, cuda_alloc=351.3MB, cuda_reserved=34444.0MB, cuda_peak_alloc=3638.1MB, cuda_free=11048.4MB, cuda_total=48519.1MB
[2026-06-10 02:54:29] Epoch 09 train batch [1060/1875] loss=0.3617 avg_loss=0.2652. Resources: rss=2067.6MB, peak_rss=2472.7MB, cuda_alloc=351.3MB, cuda_reserved=34444.0MB, cuda_peak_alloc=3638.1MB, cuda_free=11048.4MB, cuda_total=48519.1MB
[2026-06-10 02:54:32] Epoch 09 train batch [1080/1875] loss=0.1062 avg_loss=0.2647. Resources: rss=2067.6MB, peak_rss=2472.7MB, cuda_alloc=351.3MB, cuda_reserved=34444.0MB, cuda_peak_alloc=3638.1MB, cuda_free=11048.4MB, cuda_total=48519.1MB
[2026-06-10 02:54:34] Epoch 09 train batch [1100/1875] loss=0.4047 avg_loss=0.2643. Resources: rss=2067.6MB, peak_rss=2472.7MB, cuda_alloc=351.3MB, cuda_reserved=34444.0MB, cuda_peak_alloc=3638.1MB, cuda_free=11048.4MB, cuda_total=48519.1MB
[2026-06-10 02:54:37] Epoch 09 train batch [1120/1875] loss=0.2762 avg_loss=0.2640. Resources: rss=2067.6MB, peak_rss=2472.7MB, cuda_alloc=351.3MB, cuda_reserved=34444.0MB, cuda_peak_alloc=3638.1MB, cuda_free=11048.4MB, cuda_total=48519.1MB
[2026-06-10 02:54:40] Epoch 09 train batch [1140/1875] loss=0.1847 avg_loss=0.2634. Resources: rss=2067.8MB, peak_rss=2472.7MB, cuda_alloc=351.3MB, cuda_reserved=19422.0MB, cuda_peak_alloc=3638.1MB, cuda_free=26072.4MB, cuda_total=48519.1MB
[2026-06-10 02:54:43] Epoch 09 train batch [1160/1875] loss=0.2309 avg_loss=0.2634. Resources: rss=2042.3MB, peak_rss=2472.7MB, cuda_alloc=351.3MB, cuda_reserved=31942.0MB, cuda_peak_alloc=3638.1MB, cuda_free=13552.4MB, cuda_total=48519.1MB
[2026-06-10 02:54:46] Epoch 09 train batch [1180/1875] loss=0.2773 avg_loss=0.2632. Resources: rss=2059.3MB, peak_rss=2472.7MB, cuda_alloc=351.3MB, cuda_reserved=31942.0MB, cuda_peak_alloc=3638.1MB, cuda_free=13552.4MB, cuda_total=48519.1MB
[2026-06-10 02:54:48] Epoch 09 train batch [1200/1875] loss=0.4296 avg_loss=0.2629. Resources: rss=2062.8MB, peak_rss=2472.7MB, cuda_alloc=351.3MB, cuda_reserved=44142.0MB, cuda_peak_alloc=3638.1MB, cuda_free=1352.4MB, cuda_total=48519.1MB
[2026-06-10 02:54:51] Epoch 09 train batch [1220/1875] loss=0.2364 avg_loss=0.2626. Resources: rss=2065.8MB, peak_rss=2472.7MB, cuda_alloc=351.3MB, cuda_reserved=44142.0MB, cuda_peak_alloc=3638.1MB, cuda_free=1352.4MB, cuda_total=48519.1MB
[2026-06-10 02:54:53] Epoch 09 train batch [1240/1875] loss=0.2276 avg_loss=0.2625. Resources: rss=2065.8MB, peak_rss=2472.7MB, cuda_alloc=351.3MB, cuda_reserved=44142.0MB, cuda_peak_alloc=3638.2MB, cuda_free=1352.4MB, cuda_total=48519.1MB
[2026-06-10 02:54:56] Epoch 09 train batch [1260/1875] loss=0.2570 avg_loss=0.2620. Resources: rss=2065.8MB, peak_rss=2472.7MB, cuda_alloc=351.3MB, cuda_reserved=44142.0MB, cuda_peak_alloc=3638.2MB, cuda_free=1352.4MB, cuda_total=48519.1MB
[2026-06-10 02:54:58] Epoch 09 train batch [1280/1875] loss=0.1957 avg_loss=0.2619. Resources: rss=2070.6MB, peak_rss=2472.7MB, cuda_alloc=351.3MB, cuda_reserved=44142.0MB, cuda_peak_alloc=3638.2MB, cuda_free=1352.4MB, cuda_total=48519.1MB
[2026-06-10 02:55:01] Epoch 09 train batch [1300/1875] loss=0.3889 avg_loss=0.2617. Resources: rss=2070.6MB, peak_rss=2472.7MB, cuda_alloc=351.3MB, cuda_reserved=44142.0MB, cuda_peak_alloc=3638.2MB, cuda_free=1352.4MB, cuda_total=48519.1MB
[2026-06-10 02:55:04] Epoch 09 train batch [1320/1875] loss=0.3141 avg_loss=0.2617. Resources: rss=2070.6MB, peak_rss=2472.7MB, cuda_alloc=351.3MB, cuda_reserved=44142.0MB, cuda_peak_alloc=3638.2MB, cuda_free=1352.4MB, cuda_total=48519.1MB
[2026-06-10 02:55:07] Epoch 09 train batch [1340/1875] loss=0.3391 avg_loss=0.2616. Resources: rss=2070.6MB, peak_rss=2472.7MB, cuda_alloc=351.3MB, cuda_reserved=44142.0MB, cuda_peak_alloc=3638.2MB, cuda_free=1352.4MB, cuda_total=48519.1MB
[2026-06-10 02:55:09] Epoch 09 train batch [1360/1875] loss=0.4047 avg_loss=0.2613. Resources: rss=2070.6MB, peak_rss=2472.7MB, cuda_alloc=351.3MB, cuda_reserved=44142.0MB, cuda_peak_alloc=3638.2MB, cuda_free=1352.4MB, cuda_total=48519.1MB
[2026-06-10 02:55:12] Epoch 09 train batch [1380/1875] loss=0.4422 avg_loss=0.2611. Resources: rss=2070.6MB, peak_rss=2472.7MB, cuda_alloc=351.3MB, cuda_reserved=44142.0MB, cuda_peak_alloc=3638.2MB, cuda_free=1352.4MB, cuda_total=48519.1MB
[2026-06-10 02:55:15] Epoch 09 train batch [1400/1875] loss=0.2691 avg_loss=0.2607. Resources: rss=2070.6MB, peak_rss=2472.7MB, cuda_alloc=351.3MB, cuda_reserved=44142.0MB, cuda_peak_alloc=3638.2MB, cuda_free=1352.4MB, cuda_total=48519.1MB
[2026-06-10 02:55:17] Epoch 09 train batch [1420/1875] loss=0.3687 avg_loss=0.2605. Resources: rss=2070.6MB, peak_rss=2472.7MB, cuda_alloc=351.3MB, cuda_reserved=44142.0MB, cuda_peak_alloc=3638.2MB, cuda_free=1352.4MB, cuda_total=48519.1MB
[2026-06-10 02:55:20] Epoch 09 train batch [1440/1875] loss=0.3179 avg_loss=0.2604. Resources: rss=2071.3MB, peak_rss=2472.7MB, cuda_alloc=351.3MB, cuda_reserved=44722.0MB, cuda_peak_alloc=3638.2MB, cuda_free=772.4MB, cuda_total=48519.1MB
[2026-06-10 02:55:23] Epoch 09 train batch [1460/1875] loss=0.1833 avg_loss=0.2597. Resources: rss=2071.3MB, peak_rss=2472.7MB, cuda_alloc=351.3MB, cuda_reserved=44722.0MB, cuda_peak_alloc=3638.2MB, cuda_free=772.4MB, cuda_total=48519.1MB
[2026-06-10 02:55:25] Epoch 09 train batch [1480/1875] loss=0.1632 avg_loss=0.2591. Resources: rss=2071.3MB, peak_rss=2472.7MB, cuda_alloc=351.3MB, cuda_reserved=44722.0MB, cuda_peak_alloc=3638.2MB, cuda_free=772.4MB, cuda_total=48519.1MB
[2026-06-10 02:55:28] Epoch 09 train batch [1500/1875] loss=0.2241 avg_loss=0.2586. Resources: rss=2071.3MB, peak_rss=2472.7MB, cuda_alloc=351.3MB, cuda_reserved=44722.0MB, cuda_peak_alloc=3638.2MB, cuda_free=772.4MB, cuda_total=48519.1MB
[2026-06-10 02:55:30] Epoch 09 train batch [1520/1875] loss=0.1923 avg_loss=0.2582. Resources: rss=2071.3MB, peak_rss=2472.7MB, cuda_alloc=351.3MB, cuda_reserved=45382.0MB, cuda_peak_alloc=3638.2MB, cuda_free=112.4MB, cuda_total=48519.1MB
[2026-06-10 02:55:34] Epoch 09 train batch [1540/1875] loss=0.2077 avg_loss=0.2579. Resources: rss=2071.3MB, peak_rss=2472.7MB, cuda_alloc=351.3MB, cuda_reserved=23822.0MB, cuda_peak_alloc=3638.2MB, cuda_free=21672.4MB, cuda_total=48519.1MB
[2026-06-10 02:55:36] Epoch 09 train batch [1560/1875] loss=0.3082 avg_loss=0.2577. Resources: rss=2072.6MB, peak_rss=2472.7MB, cuda_alloc=351.3MB, cuda_reserved=44682.0MB, cuda_peak_alloc=3638.2MB, cuda_free=812.4MB, cuda_total=48519.1MB
[2026-06-10 02:55:40] Epoch 09 train batch [1580/1875] loss=0.1964 avg_loss=0.2573. Resources: rss=2072.6MB, peak_rss=2472.7MB, cuda_alloc=351.3MB, cuda_reserved=31682.0MB, cuda_peak_alloc=3638.2MB, cuda_free=13812.4MB, cuda_total=48519.1MB
[2026-06-10 02:55:42] Epoch 09 train batch [1600/1875] loss=0.1849 avg_loss=0.2572. Resources: rss=2072.6MB, peak_rss=2472.7MB, cuda_alloc=351.3MB, cuda_reserved=32642.0MB, cuda_peak_alloc=3638.2MB, cuda_free=12852.4MB, cuda_total=48519.1MB
[2026-06-10 02:55:45] Epoch 09 train batch [1620/1875] loss=0.2425 avg_loss=0.2571. Resources: rss=2072.6MB, peak_rss=2472.7MB, cuda_alloc=351.3MB, cuda_reserved=32642.0MB, cuda_peak_alloc=3638.2MB, cuda_free=12852.4MB, cuda_total=48519.1MB
[2026-06-10 02:55:48] Epoch 09 train batch [1640/1875] loss=0.2153 avg_loss=0.2568. Resources: rss=2072.6MB, peak_rss=2472.7MB, cuda_alloc=351.3MB, cuda_reserved=36962.0MB, cuda_peak_alloc=3638.2MB, cuda_free=8532.4MB, cuda_total=48519.1MB
[2026-06-10 02:55:50] Epoch 09 train batch [1660/1875] loss=0.2457 avg_loss=0.2567. Resources: rss=2072.6MB, peak_rss=2472.7MB, cuda_alloc=351.3MB, cuda_reserved=36962.0MB, cuda_peak_alloc=3638.2MB, cuda_free=8532.4MB, cuda_total=48519.1MB
[2026-06-10 02:55:53] Epoch 09 train batch [1680/1875] loss=0.1729 avg_loss=0.2561. Resources: rss=2072.6MB, peak_rss=2472.7MB, cuda_alloc=351.3MB, cuda_reserved=36962.0MB, cuda_peak_alloc=3638.2MB, cuda_free=8532.4MB, cuda_total=48519.1MB
[2026-06-10 02:55:55] Epoch 09 train batch [1700/1875] loss=0.4117 avg_loss=0.2563. Resources: rss=2073.3MB, peak_rss=2472.7MB, cuda_alloc=351.3MB, cuda_reserved=36962.0MB, cuda_peak_alloc=3638.2MB, cuda_free=8532.4MB, cuda_total=48519.1MB
[2026-06-10 02:55:58] Epoch 09 train batch [1720/1875] loss=0.2961 avg_loss=0.2560. Resources: rss=2074.8MB, peak_rss=2472.7MB, cuda_alloc=351.3MB, cuda_reserved=36962.0MB, cuda_peak_alloc=3638.2MB, cuda_free=8532.4MB, cuda_total=48519.1MB
[2026-06-10 02:56:00] Epoch 09 train batch [1740/1875] loss=0.2040 avg_loss=0.2563. Resources: rss=2074.8MB, peak_rss=2472.7MB, cuda_alloc=351.3MB, cuda_reserved=36962.0MB, cuda_peak_alloc=3638.2MB, cuda_free=8532.4MB, cuda_total=48519.1MB
[2026-06-10 02:56:03] Epoch 09 train batch [1760/1875] loss=0.2313 avg_loss=0.2563. Resources: rss=2074.8MB, peak_rss=2472.7MB, cuda_alloc=351.3MB, cuda_reserved=36964.0MB, cuda_peak_alloc=3638.2MB, cuda_free=8530.4MB, cuda_total=48519.1MB
[2026-06-10 02:56:06] Epoch 09 train batch [1780/1875] loss=0.1323 avg_loss=0.2561. Resources: rss=2059.6MB, peak_rss=2472.7MB, cuda_alloc=351.3MB, cuda_reserved=36964.0MB, cuda_peak_alloc=3638.2MB, cuda_free=8530.4MB, cuda_total=48519.1MB
[2026-06-10 02:56:08] Epoch 09 train batch [1800/1875] loss=0.2727 avg_loss=0.2561. Resources: rss=2069.8MB, peak_rss=2472.7MB, cuda_alloc=351.3MB, cuda_reserved=36964.0MB, cuda_peak_alloc=3638.2MB, cuda_free=8530.4MB, cuda_total=48519.1MB
[2026-06-10 02:56:11] Epoch 09 train batch [1820/1875] loss=0.2157 avg_loss=0.2563. Resources: rss=2073.1MB, peak_rss=2472.7MB, cuda_alloc=351.3MB, cuda_reserved=36964.0MB, cuda_peak_alloc=3638.2MB, cuda_free=8530.4MB, cuda_total=48519.1MB
[2026-06-10 02:56:14] Epoch 09 train batch [1840/1875] loss=0.1089 avg_loss=0.2560. Resources: rss=2073.1MB, peak_rss=2472.7MB, cuda_alloc=351.3MB, cuda_reserved=36964.0MB, cuda_peak_alloc=3638.2MB, cuda_free=8530.4MB, cuda_total=48519.1MB
[2026-06-10 02:56:16] Epoch 09 train batch [1860/1875] loss=0.1430 avg_loss=0.2559. Resources: rss=2073.1MB, peak_rss=2472.7MB, cuda_alloc=351.3MB, cuda_reserved=36964.0MB, cuda_peak_alloc=3638.2MB, cuda_free=8530.4MB, cuda_total=48519.1MB
[2026-06-10 02:56:18] Epoch 09 train batch [1875/1875] loss=0.1767 avg_loss=0.2557. Resources: rss=2073.1MB, peak_rss=2472.7MB, cuda_alloc=351.3MB, cuda_reserved=36964.0MB, cuda_peak_alloc=3638.2MB, cuda_free=8530.4MB, cuda_total=48519.1MB
[2026-06-10 02:56:18] Epoch 09 training completed. Resources: rss=2073.1MB, peak_rss=2472.7MB, cuda_alloc=351.3MB, cuda_reserved=36964.0MB, cuda_peak_alloc=3638.2MB, cuda_free=8530.4MB, cuda_total=48519.1MB
[2026-06-10 02:56:19] Epoch 09 cache released before validation loss. Resources: rss=2008.6MB, peak_rss=2472.7MB, cuda_alloc=351.3MB, cuda_reserved=490.0MB, cuda_peak_alloc=351.3MB, cuda_free=45004.4MB, cuda_total=48519.1MB
[2026-06-10 02:56:40] Epoch 09 validation loss completed: 0.4850. Resources: rss=2070.8MB, peak_rss=2472.7MB, cuda_alloc=351.3MB, cuda_reserved=8060.0MB, cuda_peak_alloc=1426.1MB, cuda_free=37434.4MB, cuda_total=48519.1MB
[2026-06-10 02:56:40] Epoch 09 cache released before detection metrics. Resources: rss=2007.0MB, peak_rss=2472.7MB, cuda_alloc=351.3MB, cuda_reserved=490.0MB, cuda_peak_alloc=351.3MB, cuda_free=45004.4MB, cuda_total=48519.1MB
[2026-06-10 02:57:00] Epoch 09 prediction tensors moved to CPU. Computing metrics. Resources: rss=2007.2MB, peak_rss=2472.7MB, cuda_alloc=351.3MB, cuda_reserved=490.0MB, cuda_peak_alloc=351.3MB, cuda_free=45004.4MB, cuda_total=48519.1MB
[2026-06-10 02:57:00] Epoch 09 metrics computed (mAP@0.5 only). Saving artifacts. Resources: rss=2008.2MB, peak_rss=2472.7MB, cuda_alloc=351.3MB, cuda_reserved=490.0MB, cuda_peak_alloc=351.3MB, cuda_free=45004.4MB, cuda_total=48519.1MB
[2026-06-10 02:57:01] Epoch 09 did not improve mAP@0.5 enough. Early stopping counter: 1/10.
Epoch [09/30]
├── Train Loss : 0.2557
│   ├── loss_classifier  : 0.1367
│   ├── loss_box_reg     : 0.1189
│   ├── loss_objectness  : 0.0000
│   └── loss_rpn_box_reg : 0.0000
├── Val Loss   : 0.4850
├── mAP@0.5    : 0.6494
├── mAP@0.75   : n/a
├── mAP@0.5:0.95 : n/a
├── Precision  : 0.7434
├── Recall     : 0.6922
├── GT Boxes   : 2021
├── Predictions: 1882
├── Per-class AP
│   ├── person  : AP50=0.6831, AP75=n/a, AP50:95=n/a, P=0.7422, R=0.7291
│   ├── car     : AP50=0.5923, AP75=n/a, AP50:95=n/a, P=0.7511, R=0.6290
│   ├── dog     : AP50=0.7768, AP75=n/a, AP50:95=n/a, P=0.7840, R=0.8107
│   ├── cat     : AP50=0.8384, AP75=n/a, AP50:95=n/a, P=0.7824, R=0.8580
│   └── chair   : AP50=0.3567, AP75=n/a, AP50:95=n/a, P=0.6522, R=0.4255
├── LR         : 0.001000
└── Time       : 308.2s
[2026-06-10 02:57:01] Epoch [09/30] completed. Resources: rss=2007.3MB, peak_rss=2472.7MB, cuda_alloc=351.3MB, cuda_reserved=490.0MB, cuda_peak_alloc=351.3MB, cuda_free=45004.4MB, cuda_total=48519.1MB
[2026-06-10 02:57:01] Epoch [10/30] started. Resources: rss=2007.3MB, peak_rss=2472.7MB, cuda_alloc=351.3MB, cuda_reserved=490.0MB, cuda_peak_alloc=351.3MB, cuda_free=45004.4MB, cuda_total=48519.1MB
[2026-06-10 02:57:03] Epoch 10 train batch [20/1875] loss=0.3416 avg_loss=0.2414. Resources: rss=2062.3MB, peak_rss=2472.7MB, cuda_alloc=351.3MB, cuda_reserved=40122.0MB, cuda_peak_alloc=3637.5MB, cuda_free=5372.4MB, cuda_total=48519.1MB
[2026-06-10 02:57:07] Epoch 10 train batch [40/1875] loss=0.2817 avg_loss=0.2655. Resources: rss=2067.6MB, peak_rss=2472.7MB, cuda_alloc=351.3MB, cuda_reserved=40102.0MB, cuda_peak_alloc=3637.5MB, cuda_free=5392.4MB, cuda_total=48519.1MB
[2026-06-10 02:57:10] Epoch 10 train batch [60/1875] loss=0.1598 avg_loss=0.2611. Resources: rss=2070.6MB, peak_rss=2472.7MB, cuda_alloc=351.3MB, cuda_reserved=27902.0MB, cuda_peak_alloc=3637.5MB, cuda_free=17592.4MB, cuda_total=48519.1MB
[2026-06-10 02:57:13] Epoch 10 train batch [80/1875] loss=0.2224 avg_loss=0.2627. Resources: rss=2070.6MB, peak_rss=2472.7MB, cuda_alloc=351.3MB, cuda_reserved=40022.0MB, cuda_peak_alloc=3637.7MB, cuda_free=5472.4MB, cuda_total=48519.1MB
[2026-06-10 02:57:16] Epoch 10 train batch [100/1875] loss=0.1246 avg_loss=0.2595. Resources: rss=2070.6MB, peak_rss=2472.7MB, cuda_alloc=351.3MB, cuda_reserved=35602.0MB, cuda_peak_alloc=3637.7MB, cuda_free=9892.4MB, cuda_total=48519.1MB
[2026-06-10 02:57:19] Epoch 10 train batch [120/1875] loss=0.3569 avg_loss=0.2599. Resources: rss=2070.6MB, peak_rss=2472.7MB, cuda_alloc=351.3MB, cuda_reserved=26882.0MB, cuda_peak_alloc=3637.7MB, cuda_free=18612.4MB, cuda_total=48519.1MB
[2026-06-10 02:57:23] Epoch 10 train batch [140/1875] loss=0.1613 avg_loss=0.2587. Resources: rss=2070.6MB, peak_rss=2472.7MB, cuda_alloc=351.3MB, cuda_reserved=14962.0MB, cuda_peak_alloc=3637.7MB, cuda_free=30532.4MB, cuda_total=48519.1MB
[2026-06-10 02:57:25] Epoch 10 train batch [160/1875] loss=0.3786 avg_loss=0.2532. Resources: rss=2053.3MB, peak_rss=2472.7MB, cuda_alloc=351.3MB, cuda_reserved=23302.0MB, cuda_peak_alloc=3637.7MB, cuda_free=22192.4MB, cuda_total=48519.1MB
[2026-06-10 02:57:28] Epoch 10 train batch [180/1875] loss=0.2965 avg_loss=0.2511. Resources: rss=2066.3MB, peak_rss=2472.7MB, cuda_alloc=351.3MB, cuda_reserved=24302.0MB, cuda_peak_alloc=3637.7MB, cuda_free=21192.4MB, cuda_total=48519.1MB
[2026-06-10 02:57:31] Epoch 10 train batch [200/1875] loss=0.1793 avg_loss=0.2517. Resources: rss=2067.6MB, peak_rss=2472.7MB, cuda_alloc=351.3MB, cuda_reserved=32782.0MB, cuda_peak_alloc=3637.7MB, cuda_free=12712.4MB, cuda_total=48519.1MB
[2026-06-10 02:57:33] Epoch 10 train batch [220/1875] loss=0.2521 avg_loss=0.2495. Resources: rss=2068.1MB, peak_rss=2472.7MB, cuda_alloc=351.3MB, cuda_reserved=35462.0MB, cuda_peak_alloc=3637.7MB, cuda_free=10032.4MB, cuda_total=48519.1MB
[2026-06-10 02:57:37] Epoch 10 train batch [240/1875] loss=0.2283 avg_loss=0.2474. Resources: rss=2069.3MB, peak_rss=2472.7MB, cuda_alloc=351.3MB, cuda_reserved=25162.0MB, cuda_peak_alloc=3637.7MB, cuda_free=20332.4MB, cuda_total=48519.1MB
[2026-06-10 02:57:39] Epoch 10 train batch [260/1875] loss=0.2591 avg_loss=0.2462. Resources: rss=2070.8MB, peak_rss=2472.7MB, cuda_alloc=351.3MB, cuda_reserved=40642.0MB, cuda_peak_alloc=3637.7MB, cuda_free=4852.4MB, cuda_total=48519.1MB
[2026-06-10 02:57:43] Epoch 10 train batch [280/1875] loss=0.2673 avg_loss=0.2433. Resources: rss=2066.6MB, peak_rss=2472.7MB, cuda_alloc=351.3MB, cuda_reserved=26342.0MB, cuda_peak_alloc=3637.7MB, cuda_free=19152.4MB, cuda_total=48519.1MB
[2026-06-10 02:57:45] Epoch 10 train batch [300/1875] loss=0.2439 avg_loss=0.2425. Resources: rss=2066.9MB, peak_rss=2472.7MB, cuda_alloc=351.3MB, cuda_reserved=26402.0MB, cuda_peak_alloc=3637.7MB, cuda_free=19092.4MB, cuda_total=48519.1MB
[2026-06-10 02:57:48] Epoch 10 train batch [320/1875] loss=0.2278 avg_loss=0.2409. Resources: rss=2056.7MB, peak_rss=2472.7MB, cuda_alloc=351.3MB, cuda_reserved=34922.0MB, cuda_peak_alloc=3637.7MB, cuda_free=10572.4MB, cuda_total=48519.1MB
[2026-06-10 02:57:51] Epoch 10 train batch [340/1875] loss=0.3502 avg_loss=0.2417. Resources: rss=2071.5MB, peak_rss=2472.7MB, cuda_alloc=351.3MB, cuda_reserved=41762.0MB, cuda_peak_alloc=3637.9MB, cuda_free=3732.4MB, cuda_total=48519.1MB
[2026-06-10 02:57:53] Epoch 10 train batch [360/1875] loss=0.3717 avg_loss=0.2401. Resources: rss=2074.2MB, peak_rss=2472.7MB, cuda_alloc=351.3MB, cuda_reserved=41762.0MB, cuda_peak_alloc=3638.1MB, cuda_free=3732.4MB, cuda_total=48519.1MB
[2026-06-10 02:57:56] Epoch 10 train batch [380/1875] loss=0.1557 avg_loss=0.2393. Resources: rss=2074.2MB, peak_rss=2472.7MB, cuda_alloc=351.3MB, cuda_reserved=41762.0MB, cuda_peak_alloc=3638.1MB, cuda_free=3732.4MB, cuda_total=48519.1MB
[2026-06-10 02:57:59] Epoch 10 train batch [400/1875] loss=0.1896 avg_loss=0.2397. Resources: rss=2074.2MB, peak_rss=2472.7MB, cuda_alloc=351.3MB, cuda_reserved=41762.0MB, cuda_peak_alloc=3638.1MB, cuda_free=3732.4MB, cuda_total=48519.1MB
[2026-06-10 02:58:01] Epoch 10 train batch [420/1875] loss=0.2444 avg_loss=0.2390. Resources: rss=2074.2MB, peak_rss=2472.7MB, cuda_alloc=351.3MB, cuda_reserved=41762.0MB, cuda_peak_alloc=3638.1MB, cuda_free=3732.4MB, cuda_total=48519.1MB
[2026-06-10 02:58:04] Epoch 10 train batch [440/1875] loss=0.2046 avg_loss=0.2375. Resources: rss=2074.2MB, peak_rss=2472.7MB, cuda_alloc=351.3MB, cuda_reserved=41762.0MB, cuda_peak_alloc=3638.1MB, cuda_free=3732.4MB, cuda_total=48519.1MB
[2026-06-10 02:58:06] Epoch 10 train batch [460/1875] loss=0.1035 avg_loss=0.2372. Resources: rss=2074.2MB, peak_rss=2472.7MB, cuda_alloc=351.3MB, cuda_reserved=41762.0MB, cuda_peak_alloc=3638.1MB, cuda_free=3732.4MB, cuda_total=48519.1MB
[2026-06-10 02:58:09] Epoch 10 train batch [480/1875] loss=0.2001 avg_loss=0.2367. Resources: rss=2074.2MB, peak_rss=2472.7MB, cuda_alloc=351.3MB, cuda_reserved=41762.0MB, cuda_peak_alloc=3638.1MB, cuda_free=3732.4MB, cuda_total=48519.1MB
[2026-06-10 02:58:11] Epoch 10 train batch [500/1875] loss=0.1538 avg_loss=0.2363. Resources: rss=2074.2MB, peak_rss=2472.7MB, cuda_alloc=351.3MB, cuda_reserved=41762.0MB, cuda_peak_alloc=3638.1MB, cuda_free=3732.4MB, cuda_total=48519.1MB
[2026-06-10 02:58:14] Epoch 10 train batch [520/1875] loss=0.2995 avg_loss=0.2373. Resources: rss=2074.2MB, peak_rss=2472.7MB, cuda_alloc=351.3MB, cuda_reserved=41762.0MB, cuda_peak_alloc=3638.1MB, cuda_free=3732.4MB, cuda_total=48519.1MB
[2026-06-10 02:58:17] Epoch 10 train batch [540/1875] loss=0.1768 avg_loss=0.2369. Resources: rss=2074.2MB, peak_rss=2472.7MB, cuda_alloc=351.3MB, cuda_reserved=41762.0MB, cuda_peak_alloc=3638.1MB, cuda_free=3732.4MB, cuda_total=48519.1MB
[2026-06-10 02:58:19] Epoch 10 train batch [560/1875] loss=0.1046 avg_loss=0.2362. Resources: rss=2074.2MB, peak_rss=2472.7MB, cuda_alloc=351.3MB, cuda_reserved=41762.0MB, cuda_peak_alloc=3638.1MB, cuda_free=3732.4MB, cuda_total=48519.1MB
[2026-06-10 02:58:22] Epoch 10 train batch [580/1875] loss=0.2303 avg_loss=0.2356. Resources: rss=2074.2MB, peak_rss=2472.7MB, cuda_alloc=351.3MB, cuda_reserved=41762.0MB, cuda_peak_alloc=3638.1MB, cuda_free=3732.4MB, cuda_total=48519.1MB
[2026-06-10 02:58:24] Epoch 10 train batch [600/1875] loss=0.3532 avg_loss=0.2356. Resources: rss=2074.2MB, peak_rss=2472.7MB, cuda_alloc=351.3MB, cuda_reserved=41762.0MB, cuda_peak_alloc=3638.1MB, cuda_free=3732.4MB, cuda_total=48519.1MB
[2026-06-10 02:58:27] Epoch 10 train batch [620/1875] loss=0.1624 avg_loss=0.2351. Resources: rss=2074.2MB, peak_rss=2472.7MB, cuda_alloc=351.3MB, cuda_reserved=41762.0MB, cuda_peak_alloc=3638.1MB, cuda_free=3732.4MB, cuda_total=48519.1MB
[2026-06-10 02:58:29] Epoch 10 train batch [640/1875] loss=0.4280 avg_loss=0.2353. Resources: rss=2074.2MB, peak_rss=2472.7MB, cuda_alloc=351.3MB, cuda_reserved=41762.0MB, cuda_peak_alloc=3638.1MB, cuda_free=3732.4MB, cuda_total=48519.1MB
[2026-06-10 02:58:32] Epoch 10 train batch [660/1875] loss=0.1942 avg_loss=0.2354. Resources: rss=2074.2MB, peak_rss=2472.7MB, cuda_alloc=351.3MB, cuda_reserved=41762.0MB, cuda_peak_alloc=3638.1MB, cuda_free=3732.4MB, cuda_total=48519.1MB
[2026-06-10 02:58:34] Epoch 10 train batch [680/1875] loss=0.2859 avg_loss=0.2359. Resources: rss=2074.2MB, peak_rss=2472.7MB, cuda_alloc=351.3MB, cuda_reserved=41762.0MB, cuda_peak_alloc=3638.1MB, cuda_free=3732.4MB, cuda_total=48519.1MB
[2026-06-10 02:58:37] Epoch 10 train batch [700/1875] loss=0.2772 avg_loss=0.2355. Resources: rss=2074.2MB, peak_rss=2472.7MB, cuda_alloc=351.3MB, cuda_reserved=41762.0MB, cuda_peak_alloc=3638.1MB, cuda_free=3732.4MB, cuda_total=48519.1MB
[2026-06-10 02:58:40] Epoch 10 train batch [720/1875] loss=0.1401 avg_loss=0.2345. Resources: rss=2074.2MB, peak_rss=2472.7MB, cuda_alloc=351.3MB, cuda_reserved=41762.0MB, cuda_peak_alloc=3638.1MB, cuda_free=3732.4MB, cuda_total=48519.1MB
[2026-06-10 02:58:42] Epoch 10 train batch [740/1875] loss=0.1382 avg_loss=0.2347. Resources: rss=2074.2MB, peak_rss=2472.7MB, cuda_alloc=351.3MB, cuda_reserved=41762.0MB, cuda_peak_alloc=3638.1MB, cuda_free=3732.4MB, cuda_total=48519.1MB
[2026-06-10 02:58:45] Epoch 10 train batch [760/1875] loss=0.1759 avg_loss=0.2347. Resources: rss=2074.2MB, peak_rss=2472.7MB, cuda_alloc=351.3MB, cuda_reserved=41762.0MB, cuda_peak_alloc=3638.1MB, cuda_free=3732.4MB, cuda_total=48519.1MB
[2026-06-10 02:58:48] Epoch 10 train batch [780/1875] loss=0.3065 avg_loss=0.2344. Resources: rss=2062.6MB, peak_rss=2472.7MB, cuda_alloc=351.3MB, cuda_reserved=41762.0MB, cuda_peak_alloc=3638.1MB, cuda_free=3732.4MB, cuda_total=48519.1MB
[2026-06-10 02:58:50] Epoch 10 train batch [800/1875] loss=0.3848 avg_loss=0.2352. Resources: rss=2064.6MB, peak_rss=2472.7MB, cuda_alloc=351.3MB, cuda_reserved=41762.0MB, cuda_peak_alloc=3638.1MB, cuda_free=3732.4MB, cuda_total=48519.1MB
[2026-06-10 02:58:53] Epoch 10 train batch [820/1875] loss=0.3226 avg_loss=0.2357. Resources: rss=2065.3MB, peak_rss=2472.7MB, cuda_alloc=351.3MB, cuda_reserved=9682.0MB, cuda_peak_alloc=3638.1MB, cuda_free=35812.4MB, cuda_total=48519.1MB
[2026-06-10 02:58:57] Epoch 10 train batch [840/1875] loss=0.3604 avg_loss=0.2358. Resources: rss=2069.3MB, peak_rss=2472.7MB, cuda_alloc=351.3MB, cuda_reserved=21742.0MB, cuda_peak_alloc=3638.1MB, cuda_free=22233.1MB, cuda_total=48519.1MB
[2026-06-10 02:59:00] Epoch 10 train batch [860/1875] loss=0.2403 avg_loss=0.2364. Resources: rss=2071.6MB, peak_rss=2472.7MB, cuda_alloc=351.3MB, cuda_reserved=25622.0MB, cuda_peak_alloc=3638.1MB, cuda_free=20818.4MB, cuda_total=48519.1MB
[2026-06-10 02:59:02] Epoch 10 train batch [880/1875] loss=0.1321 avg_loss=0.2366. Resources: rss=2071.6MB, peak_rss=2472.7MB, cuda_alloc=351.3MB, cuda_reserved=25622.0MB, cuda_peak_alloc=3638.2MB, cuda_free=20818.4MB, cuda_total=48519.1MB
[2026-06-10 02:59:05] Epoch 10 train batch [900/1875] loss=0.2893 avg_loss=0.2367. Resources: rss=2071.6MB, peak_rss=2472.7MB, cuda_alloc=351.3MB, cuda_reserved=25622.0MB, cuda_peak_alloc=3638.2MB, cuda_free=20818.4MB, cuda_total=48519.1MB
[2026-06-10 02:59:07] Epoch 10 train batch [920/1875] loss=0.2303 avg_loss=0.2367. Resources: rss=2073.1MB, peak_rss=2472.7MB, cuda_alloc=351.3MB, cuda_reserved=35362.0MB, cuda_peak_alloc=3638.2MB, cuda_free=11078.4MB, cuda_total=48519.1MB
[2026-06-10 02:59:10] Epoch 10 train batch [940/1875] loss=0.2374 avg_loss=0.2366. Resources: rss=2075.8MB, peak_rss=2472.7MB, cuda_alloc=351.3MB, cuda_reserved=44942.0MB, cuda_peak_alloc=3638.2MB, cuda_free=1498.4MB, cuda_total=48519.1MB
[2026-06-10 02:59:12] Epoch 10 train batch [960/1875] loss=0.4101 avg_loss=0.2372. Resources: rss=2075.8MB, peak_rss=2472.7MB, cuda_alloc=351.3MB, cuda_reserved=44942.0MB, cuda_peak_alloc=3638.2MB, cuda_free=1498.4MB, cuda_total=48519.1MB
[2026-06-10 02:59:15] Epoch 10 train batch [980/1875] loss=0.1815 avg_loss=0.2371. Resources: rss=2075.8MB, peak_rss=2472.7MB, cuda_alloc=351.3MB, cuda_reserved=44942.0MB, cuda_peak_alloc=3638.2MB, cuda_free=1498.4MB, cuda_total=48519.1MB
[2026-06-10 02:59:17] Epoch 10 train batch [1000/1875] loss=0.1430 avg_loss=0.2369. Resources: rss=2076.3MB, peak_rss=2472.7MB, cuda_alloc=351.3MB, cuda_reserved=44942.0MB, cuda_peak_alloc=3638.2MB, cuda_free=1498.4MB, cuda_total=48519.1MB
[2026-06-10 02:59:20] Epoch 10 train batch [1020/1875] loss=0.2969 avg_loss=0.2366. Resources: rss=2076.3MB, peak_rss=2472.7MB, cuda_alloc=351.3MB, cuda_reserved=44942.0MB, cuda_peak_alloc=3638.2MB, cuda_free=1498.4MB, cuda_total=48519.1MB
[2026-06-10 02:59:22] Epoch 10 train batch [1040/1875] loss=0.3518 avg_loss=0.2366. Resources: rss=2078.6MB, peak_rss=2472.7MB, cuda_alloc=351.3MB, cuda_reserved=44942.0MB, cuda_peak_alloc=3638.2MB, cuda_free=1498.4MB, cuda_total=48519.1MB
[2026-06-10 02:59:25] Epoch 10 train batch [1060/1875] loss=0.3064 avg_loss=0.2363. Resources: rss=2078.6MB, peak_rss=2472.7MB, cuda_alloc=351.3MB, cuda_reserved=44942.0MB, cuda_peak_alloc=3638.2MB, cuda_free=1498.4MB, cuda_total=48519.1MB
[2026-06-10 02:59:27] Epoch 10 train batch [1080/1875] loss=0.2469 avg_loss=0.2364. Resources: rss=2078.6MB, peak_rss=2472.7MB, cuda_alloc=351.3MB, cuda_reserved=44942.0MB, cuda_peak_alloc=3638.2MB, cuda_free=1498.4MB, cuda_total=48519.1MB
[2026-06-10 02:59:31] Epoch 10 train batch [1100/1875] loss=0.1983 avg_loss=0.2364. Resources: rss=2069.8MB, peak_rss=2472.7MB, cuda_alloc=351.3MB, cuda_reserved=18962.0MB, cuda_peak_alloc=3638.2MB, cuda_free=27478.4MB, cuda_total=48519.1MB
[2026-06-10 02:59:33] Epoch 10 train batch [1120/1875] loss=0.1434 avg_loss=0.2361. Resources: rss=2070.3MB, peak_rss=2472.7MB, cuda_alloc=351.3MB, cuda_reserved=38282.0MB, cuda_peak_alloc=3638.2MB, cuda_free=8158.4MB, cuda_total=48519.1MB
[2026-06-10 02:59:37] Epoch 10 train batch [1140/1875] loss=0.1702 avg_loss=0.2362. Resources: rss=2070.3MB, peak_rss=2472.7MB, cuda_alloc=351.3MB, cuda_reserved=38282.0MB, cuda_peak_alloc=3638.2MB, cuda_free=2457.1MB, cuda_total=48519.1MB
[2026-06-10 02:59:40] Epoch 10 train batch [1160/1875] loss=0.4326 avg_loss=0.2363. Resources: rss=2072.0MB, peak_rss=2472.7MB, cuda_alloc=351.3MB, cuda_reserved=38282.0MB, cuda_peak_alloc=3638.2MB, cuda_free=2457.1MB, cuda_total=48519.1MB
[2026-06-10 02:59:44] Epoch 10 train batch [1180/1875] loss=0.1868 avg_loss=0.2362. Resources: rss=2073.3MB, peak_rss=2472.7MB, cuda_alloc=351.3MB, cuda_reserved=38282.0MB, cuda_peak_alloc=3638.2MB, cuda_free=2443.1MB, cuda_total=48519.1MB
[2026-06-10 02:59:46] Epoch 10 train batch [1200/1875] loss=0.0756 avg_loss=0.2361. Resources: rss=2073.3MB, peak_rss=2472.7MB, cuda_alloc=351.3MB, cuda_reserved=38282.0MB, cuda_peak_alloc=3638.2MB, cuda_free=2443.1MB, cuda_total=48519.1MB
[2026-06-10 02:59:49] Epoch 10 train batch [1220/1875] loss=0.2114 avg_loss=0.2360. Resources: rss=2073.3MB, peak_rss=2472.7MB, cuda_alloc=351.3MB, cuda_reserved=38282.0MB, cuda_peak_alloc=3638.2MB, cuda_free=2443.1MB, cuda_total=48519.1MB
[2026-06-10 02:59:52] Epoch 10 train batch [1240/1875] loss=0.2979 avg_loss=0.2364. Resources: rss=2073.3MB, peak_rss=2472.7MB, cuda_alloc=351.3MB, cuda_reserved=38282.0MB, cuda_peak_alloc=3638.2MB, cuda_free=2443.1MB, cuda_total=48519.1MB
[2026-06-10 02:59:54] Epoch 10 train batch [1260/1875] loss=0.2280 avg_loss=0.2362. Resources: rss=2073.3MB, peak_rss=2472.7MB, cuda_alloc=351.3MB, cuda_reserved=38282.0MB, cuda_peak_alloc=3638.2MB, cuda_free=2443.1MB, cuda_total=48519.1MB
[2026-06-10 02:59:57] Epoch 10 train batch [1280/1875] loss=0.1630 avg_loss=0.2366. Resources: rss=2073.3MB, peak_rss=2472.7MB, cuda_alloc=351.3MB, cuda_reserved=38282.0MB, cuda_peak_alloc=3638.2MB, cuda_free=2443.1MB, cuda_total=48519.1MB
[2026-06-10 03:00:00] Epoch 10 train batch [1300/1875] loss=0.3029 avg_loss=0.2368. Resources: rss=2073.3MB, peak_rss=2472.7MB, cuda_alloc=351.3MB, cuda_reserved=38282.0MB, cuda_peak_alloc=3638.2MB, cuda_free=2443.1MB, cuda_total=48519.1MB
[2026-06-10 03:00:02] Epoch 10 train batch [1320/1875] loss=0.3151 avg_loss=0.2369. Resources: rss=2073.3MB, peak_rss=2472.7MB, cuda_alloc=351.3MB, cuda_reserved=38282.0MB, cuda_peak_alloc=3638.2MB, cuda_free=2443.1MB, cuda_total=48519.1MB
[2026-06-10 03:00:05] Epoch 10 train batch [1340/1875] loss=0.1969 avg_loss=0.2369. Resources: rss=2073.5MB, peak_rss=2472.7MB, cuda_alloc=351.3MB, cuda_reserved=38282.0MB, cuda_peak_alloc=3638.2MB, cuda_free=2443.1MB, cuda_total=48519.1MB
[2026-06-10 03:00:07] Epoch 10 train batch [1360/1875] loss=0.2557 avg_loss=0.2363. Resources: rss=2073.5MB, peak_rss=2472.7MB, cuda_alloc=351.3MB, cuda_reserved=38282.0MB, cuda_peak_alloc=3638.2MB, cuda_free=2443.1MB, cuda_total=48519.1MB
[2026-06-10 03:00:10] Epoch 10 train batch [1380/1875] loss=0.2210 avg_loss=0.2360. Resources: rss=2073.5MB, peak_rss=2472.7MB, cuda_alloc=351.3MB, cuda_reserved=38282.0MB, cuda_peak_alloc=3638.2MB, cuda_free=2443.1MB, cuda_total=48519.1MB
[2026-06-10 03:00:13] Epoch 10 train batch [1400/1875] loss=0.2075 avg_loss=0.2358. Resources: rss=2064.2MB, peak_rss=2472.7MB, cuda_alloc=351.3MB, cuda_reserved=38282.0MB, cuda_peak_alloc=3638.2MB, cuda_free=2443.1MB, cuda_total=48519.1MB
[2026-06-10 03:00:15] Epoch 10 train batch [1420/1875] loss=0.2569 avg_loss=0.2356. Resources: rss=2064.7MB, peak_rss=2472.7MB, cuda_alloc=351.3MB, cuda_reserved=38282.0MB, cuda_peak_alloc=3638.2MB, cuda_free=2443.1MB, cuda_total=48519.1MB
[2026-06-10 03:00:18] Epoch 10 train batch [1440/1875] loss=0.1653 avg_loss=0.2355. Resources: rss=2064.7MB, peak_rss=2472.7MB, cuda_alloc=351.3MB, cuda_reserved=38282.0MB, cuda_peak_alloc=3638.2MB, cuda_free=2443.1MB, cuda_total=48519.1MB
[2026-06-10 03:00:20] Epoch 10 train batch [1460/1875] loss=0.0940 avg_loss=0.2354. Resources: rss=2068.7MB, peak_rss=2472.7MB, cuda_alloc=351.3MB, cuda_reserved=38282.0MB, cuda_peak_alloc=3638.2MB, cuda_free=2443.1MB, cuda_total=48519.1MB
[2026-06-10 03:00:24] Epoch 10 train batch [1480/1875] loss=0.2676 avg_loss=0.2351. Resources: rss=2069.2MB, peak_rss=2472.7MB, cuda_alloc=351.3MB, cuda_reserved=38282.0MB, cuda_peak_alloc=3638.2MB, cuda_free=2441.1MB, cuda_total=48519.1MB
[2026-06-10 03:00:27] Epoch 10 train batch [1500/1875] loss=0.1645 avg_loss=0.2350. Resources: rss=2070.2MB, peak_rss=2472.7MB, cuda_alloc=351.3MB, cuda_reserved=38282.0MB, cuda_peak_alloc=3638.2MB, cuda_free=2441.1MB, cuda_total=48519.1MB
[2026-06-10 03:00:30] Epoch 10 train batch [1520/1875] loss=0.1380 avg_loss=0.2350. Resources: rss=2070.2MB, peak_rss=2472.7MB, cuda_alloc=351.3MB, cuda_reserved=38282.0MB, cuda_peak_alloc=3638.2MB, cuda_free=2441.1MB, cuda_total=48519.1MB
[2026-06-10 03:00:32] Epoch 10 train batch [1540/1875] loss=0.1038 avg_loss=0.2350. Resources: rss=2072.9MB, peak_rss=2472.7MB, cuda_alloc=351.3MB, cuda_reserved=38282.0MB, cuda_peak_alloc=3638.2MB, cuda_free=2441.1MB, cuda_total=48519.1MB
[2026-06-10 03:00:35] Epoch 10 train batch [1560/1875] loss=0.2262 avg_loss=0.2349. Resources: rss=2072.9MB, peak_rss=2472.7MB, cuda_alloc=351.3MB, cuda_reserved=38282.0MB, cuda_peak_alloc=3638.2MB, cuda_free=2441.1MB, cuda_total=48519.1MB
[2026-06-10 03:00:37] Epoch 10 train batch [1580/1875] loss=0.3578 avg_loss=0.2347. Resources: rss=2072.9MB, peak_rss=2472.7MB, cuda_alloc=351.3MB, cuda_reserved=38282.0MB, cuda_peak_alloc=3638.2MB, cuda_free=2441.1MB, cuda_total=48519.1MB
[2026-06-10 03:00:40] Epoch 10 train batch [1600/1875] loss=0.2808 avg_loss=0.2350. Resources: rss=2072.9MB, peak_rss=2472.7MB, cuda_alloc=351.3MB, cuda_reserved=38282.0MB, cuda_peak_alloc=3638.2MB, cuda_free=2441.1MB, cuda_total=48519.1MB
[2026-06-10 03:00:43] Epoch 10 train batch [1620/1875] loss=0.1637 avg_loss=0.2347. Resources: rss=2072.9MB, peak_rss=2472.7MB, cuda_alloc=351.3MB, cuda_reserved=38282.0MB, cuda_peak_alloc=3638.2MB, cuda_free=2441.1MB, cuda_total=48519.1MB
[2026-06-10 03:00:46] Epoch 10 train batch [1640/1875] loss=0.3703 avg_loss=0.2343. Resources: rss=2072.9MB, peak_rss=2472.7MB, cuda_alloc=351.3MB, cuda_reserved=38282.0MB, cuda_peak_alloc=3638.2MB, cuda_free=2441.1MB, cuda_total=48519.1MB
[2026-06-10 03:00:48] Epoch 10 train batch [1660/1875] loss=0.3407 avg_loss=0.2346. Resources: rss=2072.9MB, peak_rss=2472.7MB, cuda_alloc=351.3MB, cuda_reserved=38282.0MB, cuda_peak_alloc=3638.2MB, cuda_free=2441.1MB, cuda_total=48519.1MB
[2026-06-10 03:00:51] Epoch 10 train batch [1680/1875] loss=0.1607 avg_loss=0.2344. Resources: rss=2072.9MB, peak_rss=2472.7MB, cuda_alloc=351.3MB, cuda_reserved=38282.0MB, cuda_peak_alloc=3638.2MB, cuda_free=2441.1MB, cuda_total=48519.1MB
[2026-06-10 03:00:53] Epoch 10 train batch [1700/1875] loss=0.1240 avg_loss=0.2344. Resources: rss=2072.9MB, peak_rss=2472.7MB, cuda_alloc=351.3MB, cuda_reserved=38282.0MB, cuda_peak_alloc=3638.2MB, cuda_free=2441.1MB, cuda_total=48519.1MB
[2026-06-10 03:00:56] Epoch 10 train batch [1720/1875] loss=0.2697 avg_loss=0.2343. Resources: rss=2072.9MB, peak_rss=2472.7MB, cuda_alloc=351.3MB, cuda_reserved=38282.0MB, cuda_peak_alloc=3638.2MB, cuda_free=2441.1MB, cuda_total=48519.1MB
[2026-06-10 03:00:59] Epoch 10 train batch [1740/1875] loss=0.2484 avg_loss=0.2340. Resources: rss=2072.9MB, peak_rss=2472.7MB, cuda_alloc=351.3MB, cuda_reserved=38282.0MB, cuda_peak_alloc=3638.2MB, cuda_free=2441.1MB, cuda_total=48519.1MB
[2026-06-10 03:01:01] Epoch 10 train batch [1760/1875] loss=0.2376 avg_loss=0.2339. Resources: rss=2072.9MB, peak_rss=2472.7MB, cuda_alloc=351.3MB, cuda_reserved=38282.0MB, cuda_peak_alloc=3638.2MB, cuda_free=2441.1MB, cuda_total=48519.1MB
[2026-06-10 03:01:04] Epoch 10 train batch [1780/1875] loss=0.0913 avg_loss=0.2337. Resources: rss=2072.9MB, peak_rss=2472.7MB, cuda_alloc=351.3MB, cuda_reserved=38282.0MB, cuda_peak_alloc=3638.2MB, cuda_free=2441.1MB, cuda_total=48519.1MB
[2026-06-10 03:01:06] Epoch 10 train batch [1800/1875] loss=0.4375 avg_loss=0.2335. Resources: rss=2072.9MB, peak_rss=2472.7MB, cuda_alloc=351.3MB, cuda_reserved=38282.0MB, cuda_peak_alloc=3638.2MB, cuda_free=2441.1MB, cuda_total=48519.1MB
[2026-06-10 03:01:09] Epoch 10 train batch [1820/1875] loss=0.1266 avg_loss=0.2336. Resources: rss=2073.4MB, peak_rss=2472.7MB, cuda_alloc=351.3MB, cuda_reserved=40142.0MB, cuda_peak_alloc=3638.2MB, cuda_free=581.1MB, cuda_total=48519.1MB
[2026-06-10 03:01:11] Epoch 10 train batch [1840/1875] loss=0.1521 avg_loss=0.2335. Resources: rss=2073.4MB, peak_rss=2472.7MB, cuda_alloc=351.3MB, cuda_reserved=40142.0MB, cuda_peak_alloc=3638.2MB, cuda_free=581.1MB, cuda_total=48519.1MB
[2026-06-10 03:01:14] Epoch 10 train batch [1860/1875] loss=0.2666 avg_loss=0.2335. Resources: rss=2073.4MB, peak_rss=2472.7MB, cuda_alloc=351.3MB, cuda_reserved=40142.0MB, cuda_peak_alloc=3638.3MB, cuda_free=581.1MB, cuda_total=48519.1MB
[2026-06-10 03:01:16] Epoch 10 train batch [1875/1875] loss=0.2752 avg_loss=0.2334. Resources: rss=2073.4MB, peak_rss=2472.7MB, cuda_alloc=351.3MB, cuda_reserved=40142.0MB, cuda_peak_alloc=3638.3MB, cuda_free=581.1MB, cuda_total=48519.1MB
[2026-06-10 03:01:16] Epoch 10 training completed. Resources: rss=2073.4MB, peak_rss=2472.7MB, cuda_alloc=351.3MB, cuda_reserved=40142.0MB, cuda_peak_alloc=3638.3MB, cuda_free=581.1MB, cuda_total=48519.1MB
[2026-06-10 03:01:17] Epoch 10 cache released before validation loss. Resources: rss=2013.0MB, peak_rss=2472.7MB, cuda_alloc=351.3MB, cuda_reserved=490.0MB, cuda_peak_alloc=351.3MB, cuda_free=40233.1MB, cuda_total=48519.1MB
[2026-06-10 03:01:38] Epoch 10 validation loss completed: 0.4888. Resources: rss=2067.5MB, peak_rss=2472.7MB, cuda_alloc=351.3MB, cuda_reserved=8040.0MB, cuda_peak_alloc=1426.1MB, cuda_free=32683.1MB, cuda_total=48519.1MB
[2026-06-10 03:01:38] Epoch 10 cache released before detection metrics. Resources: rss=2008.9MB, peak_rss=2472.7MB, cuda_alloc=351.3MB, cuda_reserved=490.0MB, cuda_peak_alloc=351.3MB, cuda_free=40233.1MB, cuda_total=48519.1MB
[2026-06-10 03:01:59] Epoch 10 prediction tensors moved to CPU. Computing metrics. Resources: rss=2009.2MB, peak_rss=2472.7MB, cuda_alloc=351.3MB, cuda_reserved=490.0MB, cuda_peak_alloc=351.3MB, cuda_free=40233.1MB, cuda_total=48519.1MB
[2026-06-10 03:01:59] Epoch 10 metrics computed (mAP@0.5 only). Saving artifacts. Resources: rss=2010.2MB, peak_rss=2472.7MB, cuda_alloc=351.3MB, cuda_reserved=490.0MB, cuda_peak_alloc=351.3MB, cuda_free=40233.1MB, cuda_total=48519.1MB
[2026-06-10 03:01:59] Epoch 10 did not improve mAP@0.5 enough. Early stopping counter: 2/10.
Epoch [10/30]
├── Train Loss : 0.2334
│   ├── loss_classifier  : 0.1241
│   ├── loss_box_reg     : 0.1093
│   ├── loss_objectness  : 0.0000
│   └── loss_rpn_box_reg : 0.0000
├── Val Loss   : 0.4888
├── mAP@0.5    : 0.6512
├── mAP@0.75   : n/a
├── mAP@0.5:0.95 : n/a
├── Precision  : 0.7758
├── Recall     : 0.6833
├── GT Boxes   : 2021
├── Predictions: 1780
├── Per-class AP
│   ├── person  : AP50=0.6662, AP75=n/a, AP50:95=n/a, P=0.8047, R=0.7020
│   ├── car     : AP50=0.6377, AP75=n/a, AP50:95=n/a, P=0.7318, R=0.6749
│   ├── dog     : AP50=0.7378, AP75=n/a, AP50:95=n/a, P=0.8290, R=0.7767
│   ├── cat     : AP50=0.8124, AP75=n/a, AP50:95=n/a, P=0.8167, R=0.8352
│   └── chair   : AP50=0.4019, AP75=n/a, AP50:95=n/a, P=0.6172, R=0.4574
├── LR         : 0.001000
└── Time       : 297.9s
[2026-06-10 03:01:59] Epoch [10/30] completed. Resources: rss=2009.3MB, peak_rss=2472.7MB, cuda_alloc=351.3MB, cuda_reserved=490.0MB, cuda_peak_alloc=351.3MB, cuda_free=40233.1MB, cuda_total=48519.1MB
[2026-06-10 03:01:59] Epoch [11/30] started. Resources: rss=2009.3MB, peak_rss=2472.7MB, cuda_alloc=351.3MB, cuda_reserved=490.0MB, cuda_peak_alloc=351.3MB, cuda_free=40233.1MB, cuda_total=48519.1MB
[2026-06-10 03:02:02] Epoch 11 train batch [20/1875] loss=0.1537 avg_loss=0.1970. Resources: rss=2068.8MB, peak_rss=2472.7MB, cuda_alloc=351.3MB, cuda_reserved=25642.0MB, cuda_peak_alloc=3637.5MB, cuda_free=15081.1MB, cuda_total=48519.1MB
[2026-06-10 03:02:05] Epoch 11 train batch [40/1875] loss=0.2661 avg_loss=0.1999. Resources: rss=2067.6MB, peak_rss=2472.7MB, cuda_alloc=351.3MB, cuda_reserved=16962.0MB, cuda_peak_alloc=3637.5MB, cuda_free=23761.1MB, cuda_total=48519.1MB
[2026-06-10 03:02:07] Epoch 11 train batch [60/1875] loss=0.3170 avg_loss=0.2014. Resources: rss=2071.8MB, peak_rss=2472.7MB, cuda_alloc=351.3MB, cuda_reserved=28542.0MB, cuda_peak_alloc=3637.5MB, cuda_free=12181.1MB, cuda_total=48519.1MB
[2026-06-10 03:02:10] Epoch 11 train batch [80/1875] loss=0.2703 avg_loss=0.2059. Resources: rss=2071.8MB, peak_rss=2472.7MB, cuda_alloc=351.3MB, cuda_reserved=29162.0MB, cuda_peak_alloc=3637.6MB, cuda_free=11561.1MB, cuda_total=48519.1MB
[2026-06-10 03:02:13] Epoch 11 train batch [100/1875] loss=0.2192 avg_loss=0.2116. Resources: rss=2072.3MB, peak_rss=2472.7MB, cuda_alloc=351.3MB, cuda_reserved=40382.0MB, cuda_peak_alloc=3637.6MB, cuda_free=341.1MB, cuda_total=48519.1MB
[2026-06-10 03:02:16] Epoch 11 train batch [120/1875] loss=0.2639 avg_loss=0.2110. Resources: rss=2072.3MB, peak_rss=2472.7MB, cuda_alloc=351.3MB, cuda_reserved=21582.0MB, cuda_peak_alloc=3637.6MB, cuda_free=19141.1MB, cuda_total=48519.1MB
[2026-06-10 03:02:19] Epoch 11 train batch [140/1875] loss=0.2172 avg_loss=0.2106. Resources: rss=2072.3MB, peak_rss=2472.7MB, cuda_alloc=351.3MB, cuda_reserved=15322.0MB, cuda_peak_alloc=3637.6MB, cuda_free=25401.1MB, cuda_total=48519.1MB
[2026-06-10 03:02:23] Epoch 11 train batch [160/1875] loss=0.1523 avg_loss=0.2101. Resources: rss=2072.3MB, peak_rss=2472.7MB, cuda_alloc=351.3MB, cuda_reserved=16662.0MB, cuda_peak_alloc=3637.6MB, cuda_free=24061.1MB, cuda_total=48519.1MB
[2026-06-10 03:02:25] Epoch 11 train batch [180/1875] loss=0.1033 avg_loss=0.2068. Resources: rss=2072.6MB, peak_rss=2472.7MB, cuda_alloc=351.3MB, cuda_reserved=28002.0MB, cuda_peak_alloc=3637.6MB, cuda_free=12721.1MB, cuda_total=48519.1MB
[2026-06-10 03:02:29] Epoch 11 train batch [200/1875] loss=0.3358 avg_loss=0.2099. Resources: rss=2072.8MB, peak_rss=2472.7MB, cuda_alloc=351.3MB, cuda_reserved=35402.0MB, cuda_peak_alloc=3637.6MB, cuda_free=5321.1MB, cuda_total=48519.1MB
[2026-06-10 03:02:32] Epoch 11 train batch [220/1875] loss=0.1958 avg_loss=0.2108. Resources: rss=2072.8MB, peak_rss=2472.7MB, cuda_alloc=351.3MB, cuda_reserved=32942.0MB, cuda_peak_alloc=3637.6MB, cuda_free=7781.1MB, cuda_total=48519.1MB
[2026-06-10 03:02:35] Epoch 11 train batch [240/1875] loss=0.2209 avg_loss=0.2098. Resources: rss=2072.8MB, peak_rss=2472.7MB, cuda_alloc=351.3MB, cuda_reserved=8622.0MB, cuda_peak_alloc=3637.6MB, cuda_free=32101.1MB, cuda_total=48519.1MB
[2026-06-10 03:02:38] Epoch 11 train batch [260/1875] loss=0.2779 avg_loss=0.2190. Resources: rss=2072.8MB, peak_rss=2472.7MB, cuda_alloc=351.3MB, cuda_reserved=17262.0MB, cuda_peak_alloc=3637.6MB, cuda_free=23461.1MB, cuda_total=48519.1MB
[2026-06-10 03:02:40] Epoch 11 train batch [280/1875] loss=0.1405 avg_loss=0.2176. Resources: rss=2072.8MB, peak_rss=2472.7MB, cuda_alloc=351.3MB, cuda_reserved=19782.0MB, cuda_peak_alloc=3637.6MB, cuda_free=20941.1MB, cuda_total=48519.1MB
[2026-06-10 03:02:43] Epoch 11 train batch [300/1875] loss=0.2610 avg_loss=0.2192. Resources: rss=2072.8MB, peak_rss=2472.7MB, cuda_alloc=351.3MB, cuda_reserved=26062.0MB, cuda_peak_alloc=3637.6MB, cuda_free=14661.1MB, cuda_total=48519.1MB
[2026-06-10 03:02:46] Epoch 11 train batch [320/1875] loss=0.2647 avg_loss=0.2209. Resources: rss=2072.8MB, peak_rss=2472.7MB, cuda_alloc=351.3MB, cuda_reserved=26062.0MB, cuda_peak_alloc=3637.6MB, cuda_free=14661.1MB, cuda_total=48519.1MB
[2026-06-10 03:02:48] Epoch 11 train batch [340/1875] loss=0.3531 avg_loss=0.2217. Resources: rss=2072.8MB, peak_rss=2472.7MB, cuda_alloc=351.3MB, cuda_reserved=26062.0MB, cuda_peak_alloc=3637.6MB, cuda_free=14661.1MB, cuda_total=48519.1MB
[2026-06-10 03:02:51] Epoch 11 train batch [360/1875] loss=0.3152 avg_loss=0.2216. Resources: rss=2072.8MB, peak_rss=2472.7MB, cuda_alloc=351.3MB, cuda_reserved=26062.0MB, cuda_peak_alloc=3637.6MB, cuda_free=14661.1MB, cuda_total=48519.1MB
[2026-06-10 03:02:53] Epoch 11 train batch [380/1875] loss=0.2136 avg_loss=0.2223. Resources: rss=2051.9MB, peak_rss=2472.7MB, cuda_alloc=351.3MB, cuda_reserved=26062.0MB, cuda_peak_alloc=3637.6MB, cuda_free=14661.1MB, cuda_total=48519.1MB
[2026-06-10 03:02:56] Epoch 11 train batch [400/1875] loss=0.2946 avg_loss=0.2224. Resources: rss=2064.9MB, peak_rss=2472.7MB, cuda_alloc=351.3MB, cuda_reserved=27882.0MB, cuda_peak_alloc=3637.6MB, cuda_free=12841.1MB, cuda_total=48519.1MB
[2026-06-10 03:02:59] Epoch 11 train batch [420/1875] loss=0.1442 avg_loss=0.2206. Resources: rss=2066.9MB, peak_rss=2472.7MB, cuda_alloc=351.3MB, cuda_reserved=27882.0MB, cuda_peak_alloc=3637.6MB, cuda_free=12841.1MB, cuda_total=48519.1MB
[2026-06-10 03:03:01] Epoch 11 train batch [440/1875] loss=0.2443 avg_loss=0.2198. Resources: rss=2068.4MB, peak_rss=2472.7MB, cuda_alloc=351.3MB, cuda_reserved=27882.0MB, cuda_peak_alloc=3637.6MB, cuda_free=12841.1MB, cuda_total=48519.1MB
[2026-06-10 03:03:04] Epoch 11 train batch [460/1875] loss=0.1607 avg_loss=0.2214. Resources: rss=2068.7MB, peak_rss=2472.7MB, cuda_alloc=351.3MB, cuda_reserved=27882.0MB, cuda_peak_alloc=3637.6MB, cuda_free=12841.1MB, cuda_total=48519.1MB
[2026-06-10 03:03:06] Epoch 11 train batch [480/1875] loss=0.1523 avg_loss=0.2222. Resources: rss=2069.2MB, peak_rss=2472.7MB, cuda_alloc=351.3MB, cuda_reserved=27882.0MB, cuda_peak_alloc=3637.6MB, cuda_free=12841.1MB, cuda_total=48519.1MB
[2026-06-10 03:03:09] Epoch 11 train batch [500/1875] loss=0.2049 avg_loss=0.2214. Resources: rss=2069.2MB, peak_rss=2472.7MB, cuda_alloc=351.3MB, cuda_reserved=27882.0MB, cuda_peak_alloc=3637.6MB, cuda_free=12841.1MB, cuda_total=48519.1MB
[2026-06-10 03:03:11] Epoch 11 train batch [520/1875] loss=0.2130 avg_loss=0.2197. Resources: rss=2069.4MB, peak_rss=2472.7MB, cuda_alloc=351.3MB, cuda_reserved=27882.0MB, cuda_peak_alloc=3637.6MB, cuda_free=12841.1MB, cuda_total=48519.1MB
[2026-06-10 03:03:14] Epoch 11 train batch [540/1875] loss=0.2153 avg_loss=0.2204. Resources: rss=2069.4MB, peak_rss=2472.7MB, cuda_alloc=351.3MB, cuda_reserved=27882.0MB, cuda_peak_alloc=3637.6MB, cuda_free=12841.1MB, cuda_total=48519.1MB
[2026-06-10 03:03:16] Epoch 11 train batch [560/1875] loss=0.2125 avg_loss=0.2202. Resources: rss=2069.4MB, peak_rss=2472.7MB, cuda_alloc=351.3MB, cuda_reserved=27882.0MB, cuda_peak_alloc=3637.6MB, cuda_free=12841.1MB, cuda_total=48519.1MB
[2026-06-10 03:03:19] Epoch 11 train batch [580/1875] loss=0.2539 avg_loss=0.2198. Resources: rss=2069.4MB, peak_rss=2472.7MB, cuda_alloc=351.3MB, cuda_reserved=27884.0MB, cuda_peak_alloc=3637.6MB, cuda_free=12839.1MB, cuda_total=48519.1MB
[2026-06-10 03:03:22] Epoch 11 train batch [600/1875] loss=0.2914 avg_loss=0.2191. Resources: rss=2069.4MB, peak_rss=2472.7MB, cuda_alloc=351.3MB, cuda_reserved=27884.0MB, cuda_peak_alloc=3637.6MB, cuda_free=12839.1MB, cuda_total=48519.1MB
[2026-06-10 03:03:24] Epoch 11 train batch [620/1875] loss=0.2480 avg_loss=0.2184. Resources: rss=2069.4MB, peak_rss=2472.7MB, cuda_alloc=351.3MB, cuda_reserved=27884.0MB, cuda_peak_alloc=3637.6MB, cuda_free=12839.1MB, cuda_total=48519.1MB
[2026-06-10 03:03:27] Epoch 11 train batch [640/1875] loss=0.1008 avg_loss=0.2187. Resources: rss=2069.4MB, peak_rss=2472.7MB, cuda_alloc=351.3MB, cuda_reserved=27884.0MB, cuda_peak_alloc=3637.6MB, cuda_free=12839.1MB, cuda_total=48519.1MB
[2026-06-10 03:03:30] Epoch 11 train batch [660/1875] loss=0.2554 avg_loss=0.2203. Resources: rss=2069.7MB, peak_rss=2472.7MB, cuda_alloc=351.3MB, cuda_reserved=27884.0MB, cuda_peak_alloc=3637.8MB, cuda_free=12839.1MB, cuda_total=48519.1MB
[2026-06-10 03:03:32] Epoch 11 train batch [680/1875] loss=0.3371 avg_loss=0.2209. Resources: rss=2069.7MB, peak_rss=2472.7MB, cuda_alloc=351.3MB, cuda_reserved=27884.0MB, cuda_peak_alloc=3637.8MB, cuda_free=12839.1MB, cuda_total=48519.1MB
[2026-06-10 03:03:35] Epoch 11 train batch [700/1875] loss=0.0588 avg_loss=0.2206. Resources: rss=2069.7MB, peak_rss=2472.7MB, cuda_alloc=351.3MB, cuda_reserved=27884.0MB, cuda_peak_alloc=3637.8MB, cuda_free=12839.1MB, cuda_total=48519.1MB
[2026-06-10 03:03:38] Epoch 11 train batch [720/1875] loss=0.2661 avg_loss=0.2207. Resources: rss=2069.7MB, peak_rss=2472.7MB, cuda_alloc=351.3MB, cuda_reserved=27884.0MB, cuda_peak_alloc=3637.8MB, cuda_free=12839.1MB, cuda_total=48519.1MB
[2026-06-10 03:03:40] Epoch 11 train batch [740/1875] loss=0.1888 avg_loss=0.2200. Resources: rss=2069.7MB, peak_rss=2472.7MB, cuda_alloc=351.3MB, cuda_reserved=27884.0MB, cuda_peak_alloc=3637.8MB, cuda_free=12839.1MB, cuda_total=48519.1MB
[2026-06-10 03:03:43] Epoch 11 train batch [760/1875] loss=0.1753 avg_loss=0.2199. Resources: rss=2071.9MB, peak_rss=2472.7MB, cuda_alloc=351.3MB, cuda_reserved=27884.0MB, cuda_peak_alloc=3637.8MB, cuda_free=12839.1MB, cuda_total=48519.1MB
[2026-06-10 03:03:46] Epoch 11 train batch [780/1875] loss=0.1256 avg_loss=0.2199. Resources: rss=2071.9MB, peak_rss=2472.7MB, cuda_alloc=351.3MB, cuda_reserved=27884.0MB, cuda_peak_alloc=3637.8MB, cuda_free=12839.1MB, cuda_total=48519.1MB
[2026-06-10 03:03:48] Epoch 11 train batch [800/1875] loss=0.2174 avg_loss=0.2196. Resources: rss=2071.9MB, peak_rss=2472.7MB, cuda_alloc=351.3MB, cuda_reserved=27884.0MB, cuda_peak_alloc=3637.8MB, cuda_free=12839.1MB, cuda_total=48519.1MB
[2026-06-10 03:03:51] Epoch 11 train batch [820/1875] loss=0.2795 avg_loss=0.2197. Resources: rss=2071.9MB, peak_rss=2472.7MB, cuda_alloc=351.3MB, cuda_reserved=27884.0MB, cuda_peak_alloc=3637.8MB, cuda_free=12839.1MB, cuda_total=48519.1MB
[2026-06-10 03:03:53] Epoch 11 train batch [840/1875] loss=0.1777 avg_loss=0.2189. Resources: rss=2071.9MB, peak_rss=2472.7MB, cuda_alloc=351.3MB, cuda_reserved=27884.0MB, cuda_peak_alloc=3637.8MB, cuda_free=12839.1MB, cuda_total=48519.1MB
[2026-06-10 03:03:56] Epoch 11 train batch [860/1875] loss=0.2033 avg_loss=0.2186. Resources: rss=2071.9MB, peak_rss=2472.7MB, cuda_alloc=351.3MB, cuda_reserved=27884.0MB, cuda_peak_alloc=3638.0MB, cuda_free=12839.1MB, cuda_total=48519.1MB
[2026-06-10 03:03:58] Epoch 11 train batch [880/1875] loss=0.1267 avg_loss=0.2190. Resources: rss=2071.9MB, peak_rss=2472.7MB, cuda_alloc=351.3MB, cuda_reserved=27884.0MB, cuda_peak_alloc=3638.0MB, cuda_free=12839.1MB, cuda_total=48519.1MB
[2026-06-10 03:04:01] Epoch 11 train batch [900/1875] loss=0.1106 avg_loss=0.2187. Resources: rss=2071.9MB, peak_rss=2472.7MB, cuda_alloc=351.3MB, cuda_reserved=27884.0MB, cuda_peak_alloc=3638.0MB, cuda_free=12839.1MB, cuda_total=48519.1MB
[2026-06-10 03:04:03] Epoch 11 train batch [920/1875] loss=0.2492 avg_loss=0.2186. Resources: rss=2071.9MB, peak_rss=2472.7MB, cuda_alloc=351.3MB, cuda_reserved=27884.0MB, cuda_peak_alloc=3638.0MB, cuda_free=14366.4MB, cuda_total=48519.1MB
[2026-06-10 03:04:06] Epoch 11 train batch [940/1875] loss=0.2334 avg_loss=0.2185. Resources: rss=2071.9MB, peak_rss=2472.7MB, cuda_alloc=351.3MB, cuda_reserved=27884.0MB, cuda_peak_alloc=3638.0MB, cuda_free=14366.4MB, cuda_total=48519.1MB
[2026-06-10 03:04:09] Epoch 11 train batch [960/1875] loss=0.3511 avg_loss=0.2181. Resources: rss=2071.9MB, peak_rss=2472.7MB, cuda_alloc=351.3MB, cuda_reserved=27884.0MB, cuda_peak_alloc=3638.0MB, cuda_free=14366.4MB, cuda_total=48519.1MB
[2026-06-10 03:04:11] Epoch 11 train batch [980/1875] loss=0.1845 avg_loss=0.2180. Resources: rss=2072.4MB, peak_rss=2472.7MB, cuda_alloc=351.3MB, cuda_reserved=31584.0MB, cuda_peak_alloc=3638.0MB, cuda_free=10666.4MB, cuda_total=48519.1MB
[2026-06-10 03:04:14] Epoch 11 train batch [1000/1875] loss=0.2239 avg_loss=0.2177. Resources: rss=2059.3MB, peak_rss=2472.7MB, cuda_alloc=351.3MB, cuda_reserved=31584.0MB, cuda_peak_alloc=3638.0MB, cuda_free=10666.4MB, cuda_total=48519.1MB
[2026-06-10 03:04:17] Epoch 11 train batch [1020/1875] loss=0.1089 avg_loss=0.2175. Resources: rss=2066.8MB, peak_rss=2472.7MB, cuda_alloc=351.3MB, cuda_reserved=31584.0MB, cuda_peak_alloc=3638.0MB, cuda_free=10666.4MB, cuda_total=48519.1MB
[2026-06-10 03:04:19] Epoch 11 train batch [1040/1875] loss=0.2089 avg_loss=0.2170. Resources: rss=2066.8MB, peak_rss=2472.7MB, cuda_alloc=351.3MB, cuda_reserved=31584.0MB, cuda_peak_alloc=3638.0MB, cuda_free=10666.4MB, cuda_total=48519.1MB
[2026-06-10 03:04:22] Epoch 11 train batch [1060/1875] loss=0.2510 avg_loss=0.2173. Resources: rss=2073.8MB, peak_rss=2472.7MB, cuda_alloc=351.3MB, cuda_reserved=31584.0MB, cuda_peak_alloc=3638.0MB, cuda_free=10666.4MB, cuda_total=48519.1MB
[2026-06-10 03:04:24] Epoch 11 train batch [1080/1875] loss=0.1457 avg_loss=0.2173. Resources: rss=2065.2MB, peak_rss=2472.7MB, cuda_alloc=351.3MB, cuda_reserved=31584.0MB, cuda_peak_alloc=3638.0MB, cuda_free=10666.4MB, cuda_total=48519.1MB
[2026-06-10 03:04:27] Epoch 11 train batch [1100/1875] loss=0.1535 avg_loss=0.2172. Resources: rss=2068.0MB, peak_rss=2472.7MB, cuda_alloc=351.3MB, cuda_reserved=31584.0MB, cuda_peak_alloc=3638.0MB, cuda_free=10666.4MB, cuda_total=48519.1MB
[2026-06-10 03:04:30] Epoch 11 train batch [1120/1875] loss=0.1943 avg_loss=0.2169. Resources: rss=2069.5MB, peak_rss=2472.7MB, cuda_alloc=351.3MB, cuda_reserved=31584.0MB, cuda_peak_alloc=3638.0MB, cuda_free=10666.4MB, cuda_total=48519.1MB
[2026-06-10 03:04:32] Epoch 11 train batch [1140/1875] loss=0.2603 avg_loss=0.2168. Resources: rss=2070.2MB, peak_rss=2472.7MB, cuda_alloc=351.3MB, cuda_reserved=31584.0MB, cuda_peak_alloc=3638.0MB, cuda_free=10666.4MB, cuda_total=48519.1MB
[2026-06-10 03:04:35] Epoch 11 train batch [1160/1875] loss=0.1648 avg_loss=0.2171. Resources: rss=2070.2MB, peak_rss=2472.7MB, cuda_alloc=351.3MB, cuda_reserved=31584.0MB, cuda_peak_alloc=3638.0MB, cuda_free=10666.4MB, cuda_total=48519.1MB
[2026-06-10 03:04:38] Epoch 11 train batch [1180/1875] loss=0.1994 avg_loss=0.2166. Resources: rss=2071.7MB, peak_rss=2472.7MB, cuda_alloc=351.3MB, cuda_reserved=31584.0MB, cuda_peak_alloc=3638.0MB, cuda_free=10666.4MB, cuda_total=48519.1MB
[2026-06-10 03:04:40] Epoch 11 train batch [1200/1875] loss=0.3148 avg_loss=0.2166. Resources: rss=2071.7MB, peak_rss=2472.7MB, cuda_alloc=351.3MB, cuda_reserved=31584.0MB, cuda_peak_alloc=3638.0MB, cuda_free=10666.4MB, cuda_total=48519.1MB
[2026-06-10 03:04:43] Epoch 11 train batch [1220/1875] loss=0.1093 avg_loss=0.2168. Resources: rss=2071.7MB, peak_rss=2472.7MB, cuda_alloc=351.3MB, cuda_reserved=31584.0MB, cuda_peak_alloc=3638.0MB, cuda_free=10666.4MB, cuda_total=48519.1MB
[2026-06-10 03:04:46] Epoch 11 train batch [1240/1875] loss=0.3023 avg_loss=0.2168. Resources: rss=2071.7MB, peak_rss=2472.7MB, cuda_alloc=351.3MB, cuda_reserved=31584.0MB, cuda_peak_alloc=3638.0MB, cuda_free=10666.4MB, cuda_total=48519.1MB
[2026-06-10 03:04:48] Epoch 11 train batch [1260/1875] loss=0.1194 avg_loss=0.2169. Resources: rss=2071.7MB, peak_rss=2472.7MB, cuda_alloc=351.3MB, cuda_reserved=31584.0MB, cuda_peak_alloc=3638.1MB, cuda_free=10666.4MB, cuda_total=48519.1MB
[2026-06-10 03:04:51] Epoch 11 train batch [1280/1875] loss=0.2158 avg_loss=0.2167. Resources: rss=2071.7MB, peak_rss=2472.7MB, cuda_alloc=351.3MB, cuda_reserved=31584.0MB, cuda_peak_alloc=3638.1MB, cuda_free=10666.4MB, cuda_total=48519.1MB
[2026-06-10 03:04:53] Epoch 11 train batch [1300/1875] loss=0.1395 avg_loss=0.2166. Resources: rss=2071.7MB, peak_rss=2472.7MB, cuda_alloc=351.3MB, cuda_reserved=31584.0MB, cuda_peak_alloc=3638.1MB, cuda_free=10666.4MB, cuda_total=48519.1MB
[2026-06-10 03:04:56] Epoch 11 train batch [1320/1875] loss=0.1565 avg_loss=0.2166. Resources: rss=2071.7MB, peak_rss=2472.7MB, cuda_alloc=351.3MB, cuda_reserved=31584.0MB, cuda_peak_alloc=3638.1MB, cuda_free=10666.4MB, cuda_total=48519.1MB
[2026-06-10 03:04:59] Epoch 11 train batch [1340/1875] loss=0.1668 avg_loss=0.2162. Resources: rss=2071.7MB, peak_rss=2472.7MB, cuda_alloc=351.3MB, cuda_reserved=31584.0MB, cuda_peak_alloc=3638.1MB, cuda_free=10666.4MB, cuda_total=48519.1MB
[2026-06-10 03:05:01] Epoch 11 train batch [1360/1875] loss=0.1456 avg_loss=0.2161. Resources: rss=2071.7MB, peak_rss=2472.7MB, cuda_alloc=351.3MB, cuda_reserved=31584.0MB, cuda_peak_alloc=3638.1MB, cuda_free=10666.4MB, cuda_total=48519.1MB
[2026-06-10 03:05:04] Epoch 11 train batch [1380/1875] loss=0.1795 avg_loss=0.2158. Resources: rss=2071.7MB, peak_rss=2472.7MB, cuda_alloc=351.3MB, cuda_reserved=31584.0MB, cuda_peak_alloc=3638.1MB, cuda_free=10666.4MB, cuda_total=48519.1MB
[2026-06-10 03:05:07] Epoch 11 train batch [1400/1875] loss=0.1885 avg_loss=0.2156. Resources: rss=2071.7MB, peak_rss=2472.7MB, cuda_alloc=351.3MB, cuda_reserved=31584.0MB, cuda_peak_alloc=3638.1MB, cuda_free=10666.4MB, cuda_total=48519.1MB
[2026-06-10 03:05:09] Epoch 11 train batch [1420/1875] loss=0.2558 avg_loss=0.2156. Resources: rss=2071.7MB, peak_rss=2472.7MB, cuda_alloc=351.3MB, cuda_reserved=31584.0MB, cuda_peak_alloc=3638.1MB, cuda_free=10666.4MB, cuda_total=48519.1MB
[2026-06-10 03:05:12] Epoch 11 train batch [1440/1875] loss=0.2515 avg_loss=0.2153. Resources: rss=2071.7MB, peak_rss=2472.7MB, cuda_alloc=351.3MB, cuda_reserved=31584.0MB, cuda_peak_alloc=3638.1MB, cuda_free=10666.4MB, cuda_total=48519.1MB
[2026-06-10 03:05:14] Epoch 11 train batch [1460/1875] loss=0.1701 avg_loss=0.2145. Resources: rss=2071.7MB, peak_rss=2472.7MB, cuda_alloc=351.3MB, cuda_reserved=31584.0MB, cuda_peak_alloc=3638.1MB, cuda_free=10666.4MB, cuda_total=48519.1MB
[2026-06-10 03:05:17] Epoch 11 train batch [1480/1875] loss=0.2444 avg_loss=0.2145. Resources: rss=2071.7MB, peak_rss=2472.7MB, cuda_alloc=351.3MB, cuda_reserved=31584.0MB, cuda_peak_alloc=3638.1MB, cuda_free=10666.4MB, cuda_total=48519.1MB
[2026-06-10 03:05:20] Epoch 11 train batch [1500/1875] loss=0.3258 avg_loss=0.2143. Resources: rss=2072.0MB, peak_rss=2472.7MB, cuda_alloc=351.3MB, cuda_reserved=31584.0MB, cuda_peak_alloc=3638.1MB, cuda_free=10666.4MB, cuda_total=48519.1MB
[2026-06-10 03:05:22] Epoch 11 train batch [1520/1875] loss=0.0708 avg_loss=0.2137. Resources: rss=2072.2MB, peak_rss=2472.7MB, cuda_alloc=351.3MB, cuda_reserved=32224.0MB, cuda_peak_alloc=3638.1MB, cuda_free=10026.4MB, cuda_total=48519.1MB
[2026-06-10 03:05:25] Epoch 11 train batch [1540/1875] loss=0.1388 avg_loss=0.2136. Resources: rss=2072.2MB, peak_rss=2472.7MB, cuda_alloc=351.3MB, cuda_reserved=32224.0MB, cuda_peak_alloc=3638.1MB, cuda_free=10026.4MB, cuda_total=48519.1MB
[2026-06-10 03:05:28] Epoch 11 train batch [1560/1875] loss=0.2978 avg_loss=0.2135. Resources: rss=2072.2MB, peak_rss=2472.7MB, cuda_alloc=351.3MB, cuda_reserved=32224.0MB, cuda_peak_alloc=3638.1MB, cuda_free=15743.8MB, cuda_total=48519.1MB
[2026-06-10 03:05:30] Epoch 11 train batch [1580/1875] loss=0.1100 avg_loss=0.2135. Resources: rss=2072.2MB, peak_rss=2472.7MB, cuda_alloc=351.3MB, cuda_reserved=32224.0MB, cuda_peak_alloc=3638.1MB, cuda_free=15743.8MB, cuda_total=48519.1MB
[2026-06-10 03:05:33] Epoch 11 train batch [1600/1875] loss=0.1994 avg_loss=0.2135. Resources: rss=2072.2MB, peak_rss=2472.7MB, cuda_alloc=351.3MB, cuda_reserved=32224.0MB, cuda_peak_alloc=3638.1MB, cuda_free=15743.8MB, cuda_total=48519.1MB
[2026-06-10 03:05:35] Epoch 11 train batch [1620/1875] loss=0.1364 avg_loss=0.2134. Resources: rss=2060.3MB, peak_rss=2472.7MB, cuda_alloc=351.3MB, cuda_reserved=32224.0MB, cuda_peak_alloc=3638.1MB, cuda_free=15743.8MB, cuda_total=48519.1MB
[2026-06-10 03:05:38] Epoch 11 train batch [1640/1875] loss=0.2277 avg_loss=0.2133. Resources: rss=2070.1MB, peak_rss=2472.7MB, cuda_alloc=351.3MB, cuda_reserved=32224.0MB, cuda_peak_alloc=3638.1MB, cuda_free=15743.8MB, cuda_total=48519.1MB
[2026-06-10 03:05:41] Epoch 11 train batch [1660/1875] loss=0.2952 avg_loss=0.2133. Resources: rss=2070.1MB, peak_rss=2472.7MB, cuda_alloc=351.3MB, cuda_reserved=32224.0MB, cuda_peak_alloc=3638.1MB, cuda_free=15743.8MB, cuda_total=48519.1MB
[2026-06-10 03:05:43] Epoch 11 train batch [1680/1875] loss=0.2578 avg_loss=0.2132. Resources: rss=2071.3MB, peak_rss=2472.7MB, cuda_alloc=351.3MB, cuda_reserved=32224.0MB, cuda_peak_alloc=3638.1MB, cuda_free=15743.8MB, cuda_total=48519.1MB
[2026-06-10 03:05:46] Epoch 11 train batch [1700/1875] loss=0.2898 avg_loss=0.2132. Resources: rss=2071.3MB, peak_rss=2472.7MB, cuda_alloc=351.3MB, cuda_reserved=32224.0MB, cuda_peak_alloc=3638.1MB, cuda_free=15743.8MB, cuda_total=48519.1MB
[2026-06-10 03:05:49] Epoch 11 train batch [1720/1875] loss=0.2841 avg_loss=0.2130. Resources: rss=2071.3MB, peak_rss=2472.7MB, cuda_alloc=351.3MB, cuda_reserved=32224.0MB, cuda_peak_alloc=3638.1MB, cuda_free=15743.8MB, cuda_total=48519.1MB
[2026-06-10 03:05:51] Epoch 11 train batch [1740/1875] loss=0.2623 avg_loss=0.2132. Resources: rss=2071.3MB, peak_rss=2472.7MB, cuda_alloc=351.3MB, cuda_reserved=32224.0MB, cuda_peak_alloc=3638.1MB, cuda_free=15743.8MB, cuda_total=48519.1MB
[2026-06-10 03:05:54] Epoch 11 train batch [1760/1875] loss=0.0925 avg_loss=0.2134. Resources: rss=2071.3MB, peak_rss=2472.7MB, cuda_alloc=351.3MB, cuda_reserved=32224.0MB, cuda_peak_alloc=3638.1MB, cuda_free=15743.8MB, cuda_total=48519.1MB
[2026-06-10 03:05:56] Epoch 11 train batch [1780/1875] loss=0.2649 avg_loss=0.2136. Resources: rss=2071.3MB, peak_rss=2472.7MB, cuda_alloc=351.3MB, cuda_reserved=32224.0MB, cuda_peak_alloc=3638.1MB, cuda_free=15743.8MB, cuda_total=48519.1MB
[2026-06-10 03:05:59] Epoch 11 train batch [1800/1875] loss=0.1979 avg_loss=0.2135. Resources: rss=2071.3MB, peak_rss=2472.7MB, cuda_alloc=351.3MB, cuda_reserved=32224.0MB, cuda_peak_alloc=3638.1MB, cuda_free=15743.8MB, cuda_total=48519.1MB
[2026-06-10 03:06:02] Epoch 11 train batch [1820/1875] loss=0.3680 avg_loss=0.2136. Resources: rss=2071.3MB, peak_rss=2472.7MB, cuda_alloc=351.3MB, cuda_reserved=32224.0MB, cuda_peak_alloc=3638.1MB, cuda_free=15743.8MB, cuda_total=48519.1MB
[2026-06-10 03:06:04] Epoch 11 train batch [1840/1875] loss=0.2072 avg_loss=0.2133. Resources: rss=2071.3MB, peak_rss=2472.7MB, cuda_alloc=351.3MB, cuda_reserved=32224.0MB, cuda_peak_alloc=3638.1MB, cuda_free=15743.8MB, cuda_total=48519.1MB
[2026-06-10 03:06:07] Epoch 11 train batch [1860/1875] loss=0.1326 avg_loss=0.2132. Resources: rss=2064.5MB, peak_rss=2472.7MB, cuda_alloc=351.3MB, cuda_reserved=32224.0MB, cuda_peak_alloc=3638.1MB, cuda_free=15743.8MB, cuda_total=48519.1MB
[2026-06-10 03:06:09] Epoch 11 train batch [1875/1875] loss=0.0914 avg_loss=0.2129. Resources: rss=2068.8MB, peak_rss=2472.7MB, cuda_alloc=351.3MB, cuda_reserved=32224.0MB, cuda_peak_alloc=3638.1MB, cuda_free=15743.8MB, cuda_total=48519.1MB
[2026-06-10 03:06:09] Epoch 11 training completed. Resources: rss=2068.8MB, peak_rss=2472.7MB, cuda_alloc=351.3MB, cuda_reserved=32224.0MB, cuda_peak_alloc=3638.1MB, cuda_free=15743.8MB, cuda_total=48519.1MB
[2026-06-10 03:06:10] Epoch 11 cache released before validation loss. Resources: rss=2013.0MB, peak_rss=2472.7MB, cuda_alloc=351.3MB, cuda_reserved=510.0MB, cuda_peak_alloc=351.3MB, cuda_free=47457.8MB, cuda_total=48519.1MB
[2026-06-10 03:06:31] Epoch 11 validation loss completed: 0.5002. Resources: rss=2070.0MB, peak_rss=2472.7MB, cuda_alloc=351.3MB, cuda_reserved=9300.0MB, cuda_peak_alloc=1426.1MB, cuda_free=38667.8MB, cuda_total=48519.1MB
[2026-06-10 03:06:31] Epoch 11 cache released before detection metrics. Resources: rss=2011.2MB, peak_rss=2472.7MB, cuda_alloc=351.3MB, cuda_reserved=510.0MB, cuda_peak_alloc=351.3MB, cuda_free=47457.8MB, cuda_total=48519.1MB
[2026-06-10 03:06:51] Epoch 11 prediction tensors moved to CPU. Computing metrics. Resources: rss=2010.8MB, peak_rss=2472.7MB, cuda_alloc=351.3MB, cuda_reserved=510.0MB, cuda_peak_alloc=351.3MB, cuda_free=47457.8MB, cuda_total=48519.1MB
[2026-06-10 03:06:52] Epoch 11 metrics computed (mAP@0.5 only). Saving artifacts. Resources: rss=2011.5MB, peak_rss=2472.7MB, cuda_alloc=351.3MB, cuda_reserved=510.0MB, cuda_peak_alloc=351.3MB, cuda_free=47457.8MB, cuda_total=48519.1MB
[2026-06-10 03:06:52] Epoch 11 did not improve mAP@0.5 enough. Early stopping counter: 3/10.
Epoch [11/30]
├── Train Loss : 0.2129
│   ├── loss_classifier  : 0.1134
│   ├── loss_box_reg     : 0.0994
│   ├── loss_objectness  : 0.0000
│   └── loss_rpn_box_reg : 0.0000
├── Val Loss   : 0.5002
├── mAP@0.5    : 0.6439
├── mAP@0.75   : n/a
├── mAP@0.5:0.95 : n/a
├── Precision  : 0.7796
├── Recall     : 0.6616
├── GT Boxes   : 2021
├── Predictions: 1715
├── Per-class AP
│   ├── person  : AP50=0.6324, AP75=n/a, AP50:95=n/a, P=0.8398, R=0.6639
│   ├── car     : AP50=0.6598, AP75=n/a, AP50:95=n/a, P=0.7831, R=0.6890
│   ├── dog     : AP50=0.7802, AP75=n/a, AP50:95=n/a, P=0.6143, R=0.8350
│   ├── cat     : AP50=0.8101, AP75=n/a, AP50:95=n/a, P=0.7861, R=0.8352
│   └── chair   : AP50=0.3369, AP75=n/a, AP50:95=n/a, P=0.7333, R=0.3901
├── LR         : 0.001000
└── Time       : 292.5s
[2026-06-10 03:06:52] Epoch [11/30] completed. Resources: rss=2010.8MB, peak_rss=2472.7MB, cuda_alloc=351.3MB, cuda_reserved=510.0MB, cuda_peak_alloc=351.3MB, cuda_free=47457.8MB, cuda_total=48519.1MB
[2026-06-10 03:06:52] Epoch [12/30] started. Resources: rss=2010.8MB, peak_rss=2472.7MB, cuda_alloc=351.3MB, cuda_reserved=510.0MB, cuda_peak_alloc=351.3MB, cuda_free=47457.8MB, cuda_total=48519.1MB
[2026-06-10 03:06:55] Epoch 12 train batch [20/1875] loss=0.1592 avg_loss=0.2157. Resources: rss=2070.1MB, peak_rss=2472.7MB, cuda_alloc=351.3MB, cuda_reserved=34144.0MB, cuda_peak_alloc=3637.7MB, cuda_free=13823.8MB, cuda_total=48519.1MB
[2026-06-10 03:06:57] Epoch 12 train batch [40/1875] loss=0.2357 avg_loss=0.2029. Resources: rss=2070.3MB, peak_rss=2472.7MB, cuda_alloc=351.3MB, cuda_reserved=34144.0MB, cuda_peak_alloc=3638.0MB, cuda_free=13823.8MB, cuda_total=48519.1MB
[2026-06-10 03:07:01] Epoch 12 train batch [60/1875] loss=0.2569 avg_loss=0.2091. Resources: rss=2073.8MB, peak_rss=2472.7MB, cuda_alloc=351.3MB, cuda_reserved=11602.0MB, cuda_peak_alloc=3638.0MB, cuda_free=36365.8MB, cuda_total=48519.1MB
[2026-06-10 03:07:03] Epoch 12 train batch [80/1875] loss=0.1528 avg_loss=0.2012. Resources: rss=2073.8MB, peak_rss=2472.7MB, cuda_alloc=351.3MB, cuda_reserved=19422.0MB, cuda_peak_alloc=3638.0MB, cuda_free=28545.8MB, cuda_total=48519.1MB
[2026-06-10 03:07:06] Epoch 12 train batch [100/1875] loss=0.2103 avg_loss=0.2020. Resources: rss=2073.8MB, peak_rss=2472.7MB, cuda_alloc=351.3MB, cuda_reserved=26522.0MB, cuda_peak_alloc=3638.0MB, cuda_free=21445.8MB, cuda_total=48519.1MB
[2026-06-10 03:07:09] Epoch 12 train batch [120/1875] loss=0.1363 avg_loss=0.1997. Resources: rss=2073.8MB, peak_rss=2472.7MB, cuda_alloc=351.3MB, cuda_reserved=26522.0MB, cuda_peak_alloc=3638.0MB, cuda_free=21445.8MB, cuda_total=48519.1MB
[2026-06-10 03:07:11] Epoch 12 train batch [140/1875] loss=0.1578 avg_loss=0.2065. Resources: rss=2073.8MB, peak_rss=2472.7MB, cuda_alloc=351.3MB, cuda_reserved=26742.0MB, cuda_peak_alloc=3638.0MB, cuda_free=21225.8MB, cuda_total=48519.1MB
[2026-06-10 03:07:14] Epoch 12 train batch [160/1875] loss=0.1518 avg_loss=0.2035. Resources: rss=2073.8MB, peak_rss=2472.7MB, cuda_alloc=351.3MB, cuda_reserved=26742.0MB, cuda_peak_alloc=3638.0MB, cuda_free=21225.8MB, cuda_total=48519.1MB
[2026-06-10 03:07:16] Epoch 12 train batch [180/1875] loss=0.2427 avg_loss=0.1998. Resources: rss=2073.8MB, peak_rss=2472.7MB, cuda_alloc=351.3MB, cuda_reserved=30762.0MB, cuda_peak_alloc=3638.0MB, cuda_free=17205.8MB, cuda_total=48519.1MB
[2026-06-10 03:07:19] Epoch 12 train batch [200/1875] loss=0.2195 avg_loss=0.2006. Resources: rss=2073.8MB, peak_rss=2472.7MB, cuda_alloc=351.3MB, cuda_reserved=30762.0MB, cuda_peak_alloc=3638.0MB, cuda_free=17205.8MB, cuda_total=48519.1MB
[2026-06-10 03:07:21] Epoch 12 train batch [220/1875] loss=0.1824 avg_loss=0.1983. Resources: rss=2074.1MB, peak_rss=2472.7MB, cuda_alloc=351.3MB, cuda_reserved=30762.0MB, cuda_peak_alloc=3638.0MB, cuda_free=17205.8MB, cuda_total=48519.1MB
[2026-06-10 03:07:24] Epoch 12 train batch [240/1875] loss=0.2169 avg_loss=0.1969. Resources: rss=2074.1MB, peak_rss=2472.7MB, cuda_alloc=351.3MB, cuda_reserved=30762.0MB, cuda_peak_alloc=3638.0MB, cuda_free=17205.8MB, cuda_total=48519.1MB
[2026-06-10 03:07:27] Epoch 12 train batch [260/1875] loss=0.1371 avg_loss=0.1995. Resources: rss=2074.1MB, peak_rss=2472.7MB, cuda_alloc=351.3MB, cuda_reserved=30762.0MB, cuda_peak_alloc=3638.0MB, cuda_free=17205.8MB, cuda_total=48519.1MB
[2026-06-10 03:07:29] Epoch 12 train batch [280/1875] loss=0.1989 avg_loss=0.1984. Resources: rss=2074.1MB, peak_rss=2472.7MB, cuda_alloc=351.3MB, cuda_reserved=30762.0MB, cuda_peak_alloc=3638.0MB, cuda_free=17205.8MB, cuda_total=48519.1MB
[2026-06-10 03:07:32] Epoch 12 train batch [300/1875] loss=0.1250 avg_loss=0.1977. Resources: rss=2075.1MB, peak_rss=2472.7MB, cuda_alloc=351.3MB, cuda_reserved=30762.0MB, cuda_peak_alloc=3638.0MB, cuda_free=17205.8MB, cuda_total=48519.1MB
[2026-06-10 03:07:35] Epoch 12 train batch [320/1875] loss=0.2190 avg_loss=0.1978. Resources: rss=2075.1MB, peak_rss=2472.7MB, cuda_alloc=351.3MB, cuda_reserved=30762.0MB, cuda_peak_alloc=3638.0MB, cuda_free=17205.8MB, cuda_total=48519.1MB
[2026-06-10 03:07:37] Epoch 12 train batch [340/1875] loss=0.1380 avg_loss=0.1972. Resources: rss=2075.1MB, peak_rss=2472.7MB, cuda_alloc=351.3MB, cuda_reserved=30762.0MB, cuda_peak_alloc=3638.0MB, cuda_free=17205.8MB, cuda_total=48519.1MB
[2026-06-10 03:07:40] Epoch 12 train batch [360/1875] loss=0.1303 avg_loss=0.1961. Resources: rss=2076.3MB, peak_rss=2472.7MB, cuda_alloc=351.3MB, cuda_reserved=30762.0MB, cuda_peak_alloc=3638.0MB, cuda_free=17205.8MB, cuda_total=48519.1MB
[2026-06-10 03:07:43] Epoch 12 train batch [380/1875] loss=0.2781 avg_loss=0.1955. Resources: rss=2076.3MB, peak_rss=2472.7MB, cuda_alloc=351.3MB, cuda_reserved=30762.0MB, cuda_peak_alloc=3638.0MB, cuda_free=17205.8MB, cuda_total=48519.1MB
[2026-06-10 03:07:45] Epoch 12 train batch [400/1875] loss=0.1547 avg_loss=0.1952. Resources: rss=2076.3MB, peak_rss=2472.7MB, cuda_alloc=351.3MB, cuda_reserved=30762.0MB, cuda_peak_alloc=3638.0MB, cuda_free=17205.8MB, cuda_total=48519.1MB
[2026-06-10 03:07:48] Epoch 12 train batch [420/1875] loss=0.0724 avg_loss=0.1950. Resources: rss=2076.3MB, peak_rss=2472.7MB, cuda_alloc=351.3MB, cuda_reserved=30762.0MB, cuda_peak_alloc=3638.0MB, cuda_free=17205.8MB, cuda_total=48519.1MB
[2026-06-10 03:07:50] Epoch 12 train batch [440/1875] loss=0.1287 avg_loss=0.1958. Resources: rss=2076.3MB, peak_rss=2472.7MB, cuda_alloc=351.3MB, cuda_reserved=30762.0MB, cuda_peak_alloc=3638.0MB, cuda_free=17205.8MB, cuda_total=48519.1MB
[2026-06-10 03:07:53] Epoch 12 train batch [460/1875] loss=0.1662 avg_loss=0.1949. Resources: rss=2076.3MB, peak_rss=2472.7MB, cuda_alloc=351.3MB, cuda_reserved=30842.0MB, cuda_peak_alloc=3638.0MB, cuda_free=17125.8MB, cuda_total=48519.1MB
[2026-06-10 03:07:55] Epoch 12 train batch [480/1875] loss=0.2958 avg_loss=0.1963. Resources: rss=2076.3MB, peak_rss=2472.7MB, cuda_alloc=351.3MB, cuda_reserved=30842.0MB, cuda_peak_alloc=3638.0MB, cuda_free=17125.8MB, cuda_total=48519.1MB
[2026-06-10 03:07:58] Epoch 12 train batch [500/1875] loss=0.1885 avg_loss=0.1953. Resources: rss=2076.3MB, peak_rss=2472.7MB, cuda_alloc=351.3MB, cuda_reserved=30842.0MB, cuda_peak_alloc=3638.0MB, cuda_free=17125.8MB, cuda_total=48519.1MB
[2026-06-10 03:08:01] Epoch 12 train batch [520/1875] loss=0.2434 avg_loss=0.1958. Resources: rss=2076.3MB, peak_rss=2472.7MB, cuda_alloc=351.3MB, cuda_reserved=30842.0MB, cuda_peak_alloc=3638.0MB, cuda_free=17125.8MB, cuda_total=48519.1MB
[2026-06-10 03:08:03] Epoch 12 train batch [540/1875] loss=0.1717 avg_loss=0.1971. Resources: rss=2076.3MB, peak_rss=2472.7MB, cuda_alloc=351.3MB, cuda_reserved=30842.0MB, cuda_peak_alloc=3638.0MB, cuda_free=17125.8MB, cuda_total=48519.1MB
[2026-06-10 03:08:06] Epoch 12 train batch [560/1875] loss=0.2748 avg_loss=0.1976. Resources: rss=2076.3MB, peak_rss=2472.7MB, cuda_alloc=351.3MB, cuda_reserved=30842.0MB, cuda_peak_alloc=3638.2MB, cuda_free=17125.8MB, cuda_total=48519.1MB
[2026-06-10 03:08:09] Epoch 12 train batch [580/1875] loss=0.1870 avg_loss=0.1978. Resources: rss=2076.3MB, peak_rss=2472.7MB, cuda_alloc=351.3MB, cuda_reserved=30842.0MB, cuda_peak_alloc=3638.2MB, cuda_free=17125.8MB, cuda_total=48519.1MB
[2026-06-10 03:08:11] Epoch 12 train batch [600/1875] loss=0.2140 avg_loss=0.1983. Resources: rss=2048.7MB, peak_rss=2472.7MB, cuda_alloc=351.3MB, cuda_reserved=30842.0MB, cuda_peak_alloc=3638.2MB, cuda_free=17125.8MB, cuda_total=48519.1MB
[2026-06-10 03:08:14] Epoch 12 train batch [620/1875] loss=0.1611 avg_loss=0.1979. Resources: rss=2070.5MB, peak_rss=2472.7MB, cuda_alloc=351.3MB, cuda_reserved=30842.0MB, cuda_peak_alloc=3638.2MB, cuda_free=17125.8MB, cuda_total=48519.1MB
[2026-06-10 03:08:17] Epoch 12 train batch [640/1875] loss=0.1524 avg_loss=0.1972. Resources: rss=2073.0MB, peak_rss=2472.7MB, cuda_alloc=351.3MB, cuda_reserved=34402.0MB, cuda_peak_alloc=3638.2MB, cuda_free=13565.8MB, cuda_total=48519.1MB
[2026-06-10 03:08:19] Epoch 12 train batch [660/1875] loss=0.1925 avg_loss=0.1967. Resources: rss=2073.2MB, peak_rss=2472.7MB, cuda_alloc=351.3MB, cuda_reserved=34402.0MB, cuda_peak_alloc=3638.2MB, cuda_free=13565.8MB, cuda_total=48519.1MB
[2026-06-10 03:08:22] Epoch 12 train batch [680/1875] loss=0.2422 avg_loss=0.1969. Resources: rss=2074.5MB, peak_rss=2472.7MB, cuda_alloc=351.3MB, cuda_reserved=34402.0MB, cuda_peak_alloc=3638.2MB, cuda_free=13565.8MB, cuda_total=48519.1MB
[2026-06-10 03:08:25] Epoch 12 train batch [700/1875] loss=0.0930 avg_loss=0.1969. Resources: rss=2074.5MB, peak_rss=2472.7MB, cuda_alloc=351.3MB, cuda_reserved=34402.0MB, cuda_peak_alloc=3638.2MB, cuda_free=13565.8MB, cuda_total=48519.1MB
[2026-06-10 03:08:27] Epoch 12 train batch [720/1875] loss=0.2024 avg_loss=0.1977. Resources: rss=2074.5MB, peak_rss=2472.7MB, cuda_alloc=351.3MB, cuda_reserved=34402.0MB, cuda_peak_alloc=3638.2MB, cuda_free=13565.8MB, cuda_total=48519.1MB
[2026-06-10 03:08:30] Epoch 12 train batch [740/1875] loss=0.1196 avg_loss=0.1973. Resources: rss=2076.5MB, peak_rss=2472.7MB, cuda_alloc=351.3MB, cuda_reserved=45582.0MB, cuda_peak_alloc=3638.2MB, cuda_free=2385.8MB, cuda_total=48519.1MB
[2026-06-10 03:08:33] Epoch 12 train batch [760/1875] loss=0.1656 avg_loss=0.1963. Resources: rss=2076.5MB, peak_rss=2472.7MB, cuda_alloc=351.3MB, cuda_reserved=45582.0MB, cuda_peak_alloc=3638.2MB, cuda_free=2385.8MB, cuda_total=48519.1MB
[2026-06-10 03:08:35] Epoch 12 train batch [780/1875] loss=0.2190 avg_loss=0.1967. Resources: rss=2076.5MB, peak_rss=2472.7MB, cuda_alloc=351.3MB, cuda_reserved=45582.0MB, cuda_peak_alloc=3638.2MB, cuda_free=2385.8MB, cuda_total=48519.1MB
[2026-06-10 03:08:38] Epoch 12 train batch [800/1875] loss=0.1755 avg_loss=0.1970. Resources: rss=2076.5MB, peak_rss=2472.7MB, cuda_alloc=351.3MB, cuda_reserved=45582.0MB, cuda_peak_alloc=3638.2MB, cuda_free=2385.8MB, cuda_total=48519.1MB
[2026-06-10 03:08:41] Epoch 12 train batch [820/1875] loss=0.1651 avg_loss=0.1966. Resources: rss=2076.5MB, peak_rss=2472.7MB, cuda_alloc=351.3MB, cuda_reserved=45582.0MB, cuda_peak_alloc=3638.2MB, cuda_free=2385.8MB, cuda_total=48519.1MB
[2026-06-10 03:08:43] Epoch 12 train batch [840/1875] loss=0.3253 avg_loss=0.1964. Resources: rss=2076.5MB, peak_rss=2472.7MB, cuda_alloc=351.3MB, cuda_reserved=45582.0MB, cuda_peak_alloc=3638.2MB, cuda_free=2385.8MB, cuda_total=48519.1MB
[2026-06-10 03:08:46] Epoch 12 train batch [860/1875] loss=0.1914 avg_loss=0.1966. Resources: rss=2076.5MB, peak_rss=2472.7MB, cuda_alloc=351.3MB, cuda_reserved=45582.0MB, cuda_peak_alloc=3638.2MB, cuda_free=2385.8MB, cuda_total=48519.1MB
[2026-06-10 03:08:48] Epoch 12 train batch [880/1875] loss=0.2022 avg_loss=0.1971. Resources: rss=2076.5MB, peak_rss=2472.7MB, cuda_alloc=351.3MB, cuda_reserved=45582.0MB, cuda_peak_alloc=3638.2MB, cuda_free=2385.8MB, cuda_total=48519.1MB
[2026-06-10 03:08:51] Epoch 12 train batch [900/1875] loss=0.3118 avg_loss=0.1967. Resources: rss=2076.5MB, peak_rss=2472.7MB, cuda_alloc=351.3MB, cuda_reserved=45582.0MB, cuda_peak_alloc=3638.2MB, cuda_free=2385.8MB, cuda_total=48519.1MB
[2026-06-10 03:08:53] Epoch 12 train batch [920/1875] loss=0.2829 avg_loss=0.1965. Resources: rss=2076.5MB, peak_rss=2472.7MB, cuda_alloc=351.3MB, cuda_reserved=45582.0MB, cuda_peak_alloc=3638.2MB, cuda_free=2385.8MB, cuda_total=48519.1MB
[2026-06-10 03:08:56] Epoch 12 train batch [940/1875] loss=0.1134 avg_loss=0.1964. Resources: rss=2076.5MB, peak_rss=2472.7MB, cuda_alloc=351.3MB, cuda_reserved=45582.0MB, cuda_peak_alloc=3638.2MB, cuda_free=2385.8MB, cuda_total=48519.1MB
[2026-06-10 03:08:59] Epoch 12 train batch [960/1875] loss=0.2589 avg_loss=0.1959. Resources: rss=2076.5MB, peak_rss=2472.7MB, cuda_alloc=351.3MB, cuda_reserved=45582.0MB, cuda_peak_alloc=3638.2MB, cuda_free=2385.8MB, cuda_total=48519.1MB
[2026-06-10 03:09:01] Epoch 12 train batch [980/1875] loss=0.1023 avg_loss=0.1954. Resources: rss=2076.5MB, peak_rss=2472.7MB, cuda_alloc=351.3MB, cuda_reserved=45582.0MB, cuda_peak_alloc=3638.2MB, cuda_free=2385.8MB, cuda_total=48519.1MB
[2026-06-10 03:09:04] Epoch 12 train batch [1000/1875] loss=0.1320 avg_loss=0.1952. Resources: rss=2076.7MB, peak_rss=2472.7MB, cuda_alloc=351.3MB, cuda_reserved=45582.0MB, cuda_peak_alloc=3638.2MB, cuda_free=2385.8MB, cuda_total=48519.1MB
[2026-06-10 03:09:06] Epoch 12 train batch [1020/1875] loss=0.1850 avg_loss=0.1946. Resources: rss=2076.7MB, peak_rss=2472.7MB, cuda_alloc=351.3MB, cuda_reserved=45582.0MB, cuda_peak_alloc=3638.2MB, cuda_free=2385.8MB, cuda_total=48519.1MB
[2026-06-10 03:09:09] Epoch 12 train batch [1040/1875] loss=0.2100 avg_loss=0.1942. Resources: rss=2076.7MB, peak_rss=2472.7MB, cuda_alloc=351.3MB, cuda_reserved=45584.0MB, cuda_peak_alloc=3638.2MB, cuda_free=2383.8MB, cuda_total=48519.1MB
[2026-06-10 03:09:12] Epoch 12 train batch [1060/1875] loss=0.0851 avg_loss=0.1934. Resources: rss=2076.7MB, peak_rss=2472.7MB, cuda_alloc=351.3MB, cuda_reserved=45584.0MB, cuda_peak_alloc=3638.2MB, cuda_free=2383.8MB, cuda_total=48519.1MB
[2026-06-10 03:09:14] Epoch 12 train batch [1080/1875] loss=0.1983 avg_loss=0.1935. Resources: rss=2076.7MB, peak_rss=2472.7MB, cuda_alloc=351.3MB, cuda_reserved=45584.0MB, cuda_peak_alloc=3638.2MB, cuda_free=2383.8MB, cuda_total=48519.1MB
[2026-06-10 03:09:17] Epoch 12 train batch [1100/1875] loss=0.2802 avg_loss=0.1938. Resources: rss=2076.7MB, peak_rss=2472.7MB, cuda_alloc=351.3MB, cuda_reserved=45584.0MB, cuda_peak_alloc=3638.2MB, cuda_free=2383.8MB, cuda_total=48519.1MB
[2026-06-10 03:09:19] Epoch 12 train batch [1120/1875] loss=0.1122 avg_loss=0.1931. Resources: rss=2076.7MB, peak_rss=2472.7MB, cuda_alloc=351.3MB, cuda_reserved=45584.0MB, cuda_peak_alloc=3638.2MB, cuda_free=2383.8MB, cuda_total=48519.1MB
[2026-06-10 03:09:22] Epoch 12 train batch [1140/1875] loss=0.1654 avg_loss=0.1935. Resources: rss=2076.7MB, peak_rss=2472.7MB, cuda_alloc=351.3MB, cuda_reserved=45584.0MB, cuda_peak_alloc=3638.2MB, cuda_free=2383.8MB, cuda_total=48519.1MB
[2026-06-10 03:09:25] Epoch 12 train batch [1160/1875] loss=0.1223 avg_loss=0.1934. Resources: rss=2076.7MB, peak_rss=2472.7MB, cuda_alloc=351.3MB, cuda_reserved=45584.0MB, cuda_peak_alloc=3638.2MB, cuda_free=2383.8MB, cuda_total=48519.1MB
[2026-06-10 03:09:27] Epoch 12 train batch [1180/1875] loss=0.1340 avg_loss=0.1933. Resources: rss=2078.0MB, peak_rss=2472.7MB, cuda_alloc=351.3MB, cuda_reserved=45584.0MB, cuda_peak_alloc=3638.2MB, cuda_free=2383.8MB, cuda_total=48519.1MB
[2026-06-10 03:09:30] Epoch 12 train batch [1200/1875] loss=0.2616 avg_loss=0.1933. Resources: rss=2078.0MB, peak_rss=2472.7MB, cuda_alloc=351.3MB, cuda_reserved=45584.0MB, cuda_peak_alloc=3638.2MB, cuda_free=2383.8MB, cuda_total=48519.1MB
[2026-06-10 03:09:32] Epoch 12 train batch [1220/1875] loss=0.1020 avg_loss=0.1937. Resources: rss=2065.2MB, peak_rss=2472.7MB, cuda_alloc=351.3MB, cuda_reserved=45584.0MB, cuda_peak_alloc=3638.2MB, cuda_free=2383.8MB, cuda_total=48519.1MB
[2026-06-10 03:09:35] Epoch 12 train batch [1240/1875] loss=0.2110 avg_loss=0.1938. Resources: rss=2072.4MB, peak_rss=2472.7MB, cuda_alloc=351.3MB, cuda_reserved=45584.0MB, cuda_peak_alloc=3638.2MB, cuda_free=2383.8MB, cuda_total=48519.1MB
[2026-06-10 03:09:38] Epoch 12 train batch [1260/1875] loss=0.3865 avg_loss=0.1940. Resources: rss=2076.4MB, peak_rss=2472.7MB, cuda_alloc=351.3MB, cuda_reserved=45584.0MB, cuda_peak_alloc=3638.2MB, cuda_free=2383.8MB, cuda_total=48519.1MB
[2026-06-10 03:09:41] Epoch 12 train batch [1280/1875] loss=0.2267 avg_loss=0.1940. Resources: rss=2076.4MB, peak_rss=2472.7MB, cuda_alloc=351.3MB, cuda_reserved=5982.0MB, cuda_peak_alloc=3638.2MB, cuda_free=41985.8MB, cuda_total=48519.1MB
[2026-06-10 03:09:43] Epoch 12 train batch [1300/1875] loss=0.2247 avg_loss=0.1936. Resources: rss=2076.7MB, peak_rss=2472.7MB, cuda_alloc=351.3MB, cuda_reserved=28482.0MB, cuda_peak_alloc=3638.2MB, cuda_free=19485.8MB, cuda_total=48519.1MB
[2026-06-10 03:09:46] Epoch 12 train batch [1320/1875] loss=0.1143 avg_loss=0.1939. Resources: rss=2076.9MB, peak_rss=2472.7MB, cuda_alloc=351.3MB, cuda_reserved=28482.0MB, cuda_peak_alloc=3638.2MB, cuda_free=19485.8MB, cuda_total=48519.1MB
[2026-06-10 03:09:49] Epoch 12 train batch [1340/1875] loss=0.0933 avg_loss=0.1937. Resources: rss=2076.9MB, peak_rss=2472.7MB, cuda_alloc=351.3MB, cuda_reserved=28482.0MB, cuda_peak_alloc=3638.2MB, cuda_free=19485.8MB, cuda_total=48519.1MB
[2026-06-10 03:09:51] Epoch 12 train batch [1360/1875] loss=0.1306 avg_loss=0.1937. Resources: rss=2076.9MB, peak_rss=2472.7MB, cuda_alloc=351.3MB, cuda_reserved=28482.0MB, cuda_peak_alloc=3638.2MB, cuda_free=19485.8MB, cuda_total=48519.1MB
[2026-06-10 03:09:54] Epoch 12 train batch [1380/1875] loss=0.1301 avg_loss=0.1939. Resources: rss=2076.9MB, peak_rss=2472.7MB, cuda_alloc=351.3MB, cuda_reserved=28482.0MB, cuda_peak_alloc=3638.2MB, cuda_free=19485.8MB, cuda_total=48519.1MB
[2026-06-10 03:09:56] Epoch 12 train batch [1400/1875] loss=0.2107 avg_loss=0.1941. Resources: rss=2078.7MB, peak_rss=2472.7MB, cuda_alloc=351.3MB, cuda_reserved=28482.0MB, cuda_peak_alloc=3638.2MB, cuda_free=19485.8MB, cuda_total=48519.1MB
[2026-06-10 03:09:59] Epoch 12 train batch [1420/1875] loss=0.1553 avg_loss=0.1945. Resources: rss=2078.7MB, peak_rss=2472.7MB, cuda_alloc=351.3MB, cuda_reserved=30882.0MB, cuda_peak_alloc=3638.2MB, cuda_free=17085.8MB, cuda_total=48519.1MB
[2026-06-10 03:10:02] Epoch 12 train batch [1440/1875] loss=0.1806 avg_loss=0.1948. Resources: rss=2078.7MB, peak_rss=2472.7MB, cuda_alloc=351.3MB, cuda_reserved=30882.0MB, cuda_peak_alloc=3638.2MB, cuda_free=17085.8MB, cuda_total=48519.1MB
[2026-06-10 03:10:04] Epoch 12 train batch [1460/1875] loss=0.3115 avg_loss=0.1948. Resources: rss=2078.7MB, peak_rss=2472.7MB, cuda_alloc=351.3MB, cuda_reserved=30882.0MB, cuda_peak_alloc=3638.2MB, cuda_free=17085.8MB, cuda_total=48519.1MB
[2026-06-10 03:10:07] Epoch 12 train batch [1480/1875] loss=0.2370 avg_loss=0.1947. Resources: rss=2078.7MB, peak_rss=2472.7MB, cuda_alloc=351.3MB, cuda_reserved=30882.0MB, cuda_peak_alloc=3638.2MB, cuda_free=17085.8MB, cuda_total=48519.1MB
[2026-06-10 03:10:09] Epoch 12 train batch [1500/1875] loss=0.3001 avg_loss=0.1956. Resources: rss=2078.7MB, peak_rss=2472.7MB, cuda_alloc=351.3MB, cuda_reserved=34002.0MB, cuda_peak_alloc=3638.2MB, cuda_free=13965.8MB, cuda_total=48519.1MB
[2026-06-10 03:10:12] Epoch 12 train batch [1520/1875] loss=0.2228 avg_loss=0.1956. Resources: rss=2078.7MB, peak_rss=2472.7MB, cuda_alloc=351.3MB, cuda_reserved=34002.0MB, cuda_peak_alloc=3638.2MB, cuda_free=13965.8MB, cuda_total=48519.1MB
[2026-06-10 03:10:15] Epoch 12 train batch [1540/1875] loss=0.3471 avg_loss=0.1958. Resources: rss=2078.7MB, peak_rss=2472.7MB, cuda_alloc=351.3MB, cuda_reserved=34002.0MB, cuda_peak_alloc=3638.2MB, cuda_free=13965.8MB, cuda_total=48519.1MB
[2026-06-10 03:10:17] Epoch 12 train batch [1560/1875] loss=0.1296 avg_loss=0.1957. Resources: rss=2078.7MB, peak_rss=2472.7MB, cuda_alloc=351.3MB, cuda_reserved=41502.0MB, cuda_peak_alloc=3638.2MB, cuda_free=6465.8MB, cuda_total=48519.1MB
[2026-06-10 03:10:20] Epoch 12 train batch [1580/1875] loss=0.2264 avg_loss=0.1962. Resources: rss=2078.7MB, peak_rss=2472.7MB, cuda_alloc=351.3MB, cuda_reserved=45062.0MB, cuda_peak_alloc=3638.2MB, cuda_free=2905.8MB, cuda_total=48519.1MB
[2026-06-10 03:10:23] Epoch 12 train batch [1600/1875] loss=0.2117 avg_loss=0.1962. Resources: rss=2078.7MB, peak_rss=2472.7MB, cuda_alloc=351.3MB, cuda_reserved=45062.0MB, cuda_peak_alloc=3638.2MB, cuda_free=2905.8MB, cuda_total=48519.1MB
[2026-06-10 03:10:25] Epoch 12 train batch [1620/1875] loss=0.2527 avg_loss=0.1960. Resources: rss=2078.7MB, peak_rss=2472.7MB, cuda_alloc=351.3MB, cuda_reserved=45062.0MB, cuda_peak_alloc=3638.2MB, cuda_free=2905.8MB, cuda_total=48519.1MB
[2026-06-10 03:10:28] Epoch 12 train batch [1640/1875] loss=0.2098 avg_loss=0.1959. Resources: rss=2078.7MB, peak_rss=2472.7MB, cuda_alloc=351.3MB, cuda_reserved=45062.0MB, cuda_peak_alloc=3638.2MB, cuda_free=2905.8MB, cuda_total=48519.1MB
[2026-06-10 03:10:31] Epoch 12 train batch [1660/1875] loss=0.1609 avg_loss=0.1959. Resources: rss=2078.7MB, peak_rss=2472.7MB, cuda_alloc=351.3MB, cuda_reserved=45062.0MB, cuda_peak_alloc=3638.2MB, cuda_free=2905.8MB, cuda_total=48519.1MB
[2026-06-10 03:10:33] Epoch 12 train batch [1680/1875] loss=0.1554 avg_loss=0.1959. Resources: rss=2078.7MB, peak_rss=2472.7MB, cuda_alloc=351.3MB, cuda_reserved=45062.0MB, cuda_peak_alloc=3638.2MB, cuda_free=2905.8MB, cuda_total=48519.1MB
[2026-06-10 03:10:36] Epoch 12 train batch [1700/1875] loss=0.1294 avg_loss=0.1964. Resources: rss=2078.7MB, peak_rss=2472.7MB, cuda_alloc=351.3MB, cuda_reserved=45062.0MB, cuda_peak_alloc=3638.2MB, cuda_free=2905.8MB, cuda_total=48519.1MB
[2026-06-10 03:10:38] Epoch 12 train batch [1720/1875] loss=0.1365 avg_loss=0.1963. Resources: rss=2081.2MB, peak_rss=2472.7MB, cuda_alloc=351.3MB, cuda_reserved=45062.0MB, cuda_peak_alloc=3638.2MB, cuda_free=2905.8MB, cuda_total=48519.1MB
[2026-06-10 03:10:41] Epoch 12 train batch [1740/1875] loss=0.1584 avg_loss=0.1964. Resources: rss=2081.2MB, peak_rss=2472.7MB, cuda_alloc=351.3MB, cuda_reserved=45062.0MB, cuda_peak_alloc=3638.2MB, cuda_free=2905.8MB, cuda_total=48519.1MB
[2026-06-10 03:10:44] Epoch 12 train batch [1760/1875] loss=0.1524 avg_loss=0.1962. Resources: rss=2081.2MB, peak_rss=2472.7MB, cuda_alloc=351.3MB, cuda_reserved=45062.0MB, cuda_peak_alloc=3638.2MB, cuda_free=2905.8MB, cuda_total=48519.1MB
[2026-06-10 03:10:46] Epoch 12 train batch [1780/1875] loss=0.2188 avg_loss=0.1960. Resources: rss=2081.2MB, peak_rss=2472.7MB, cuda_alloc=351.3MB, cuda_reserved=45062.0MB, cuda_peak_alloc=3638.2MB, cuda_free=2905.8MB, cuda_total=48519.1MB
[2026-06-10 03:10:49] Epoch 12 train batch [1800/1875] loss=0.2235 avg_loss=0.1962. Resources: rss=2081.2MB, peak_rss=2472.7MB, cuda_alloc=351.3MB, cuda_reserved=45062.0MB, cuda_peak_alloc=3638.2MB, cuda_free=2905.8MB, cuda_total=48519.1MB
[2026-06-10 03:10:52] Epoch 12 train batch [1820/1875] loss=0.3012 avg_loss=0.1961. Resources: rss=2081.2MB, peak_rss=2472.7MB, cuda_alloc=351.3MB, cuda_reserved=45062.0MB, cuda_peak_alloc=3638.2MB, cuda_free=2905.8MB, cuda_total=48519.1MB
[2026-06-10 03:10:54] Epoch 12 train batch [1840/1875] loss=0.2001 avg_loss=0.1958. Resources: rss=2063.7MB, peak_rss=2472.7MB, cuda_alloc=351.3MB, cuda_reserved=45062.0MB, cuda_peak_alloc=3638.2MB, cuda_free=2905.8MB, cuda_total=48519.1MB
[2026-06-10 03:10:57] Epoch 12 train batch [1860/1875] loss=0.0882 avg_loss=0.1956. Resources: rss=2074.0MB, peak_rss=2472.7MB, cuda_alloc=351.3MB, cuda_reserved=45062.0MB, cuda_peak_alloc=3638.2MB, cuda_free=2905.8MB, cuda_total=48519.1MB
[2026-06-10 03:10:59] Epoch 12 train batch [1875/1875] loss=0.2407 avg_loss=0.1956. Resources: rss=2074.0MB, peak_rss=2472.7MB, cuda_alloc=351.3MB, cuda_reserved=45062.0MB, cuda_peak_alloc=3638.2MB, cuda_free=2905.8MB, cuda_total=48519.1MB
[2026-06-10 03:10:59] Epoch 12 training completed. Resources: rss=2074.0MB, peak_rss=2472.7MB, cuda_alloc=351.3MB, cuda_reserved=45062.0MB, cuda_peak_alloc=3638.2MB, cuda_free=2905.8MB, cuda_total=48519.1MB
[2026-06-10 03:11:00] Epoch 12 cache released before validation loss. Resources: rss=2018.6MB, peak_rss=2472.7MB, cuda_alloc=351.3MB, cuda_reserved=570.0MB, cuda_peak_alloc=351.3MB, cuda_free=47397.8MB, cuda_total=48519.1MB
[2026-06-10 03:11:20] Epoch 12 validation loss completed: 0.4760. Resources: rss=2075.8MB, peak_rss=2472.7MB, cuda_alloc=351.3MB, cuda_reserved=8140.0MB, cuda_peak_alloc=1426.1MB, cuda_free=39827.8MB, cuda_total=48519.1MB
[2026-06-10 03:11:21] Epoch 12 cache released before detection metrics. Resources: rss=2015.9MB, peak_rss=2472.7MB, cuda_alloc=351.3MB, cuda_reserved=570.0MB, cuda_peak_alloc=351.3MB, cuda_free=47397.8MB, cuda_total=48519.1MB
[2026-06-10 03:11:41] Epoch 12 prediction tensors moved to CPU. Computing metrics. Resources: rss=2017.0MB, peak_rss=2472.7MB, cuda_alloc=351.3MB, cuda_reserved=570.0MB, cuda_peak_alloc=351.3MB, cuda_free=47397.8MB, cuda_total=48519.1MB
[2026-06-10 03:11:41] Epoch 12 metrics computed (mAP@0.5 only). Saving artifacts. Resources: rss=2017.7MB, peak_rss=2472.7MB, cuda_alloc=351.3MB, cuda_reserved=570.0MB, cuda_peak_alloc=351.3MB, cuda_free=47397.8MB, cuda_total=48519.1MB
[2026-06-10 03:11:42] Epoch 12 did not improve mAP@0.5 enough. Early stopping counter: 4/10.
Epoch [12/30]
├── Train Loss : 0.1956
│   ├── loss_classifier  : 0.1029
│   ├── loss_box_reg     : 0.0927
│   ├── loss_objectness  : 0.0000
│   └── loss_rpn_box_reg : 0.0000
├── Val Loss   : 0.4760
├── mAP@0.5    : 0.6670
├── mAP@0.75   : n/a
├── mAP@0.5:0.95 : n/a
├── Precision  : 0.7764
├── Recall     : 0.6873
├── GT Boxes   : 2021
├── Predictions: 1789
├── Per-class AP
│   ├── person  : AP50=0.6634, AP75=n/a, AP50:95=n/a, P=0.8075, R=0.6993
│   ├── car     : AP50=0.6242, AP75=n/a, AP50:95=n/a, P=0.7922, R=0.6466
│   ├── dog     : AP50=0.7813, AP75=n/a, AP50:95=n/a, P=0.7215, R=0.8301
│   ├── cat     : AP50=0.8524, AP75=n/a, AP50:95=n/a, P=0.8172, R=0.8636
│   └── chair   : AP50=0.4137, AP75=n/a, AP50:95=n/a, P=0.6439, R=0.4681
├── LR         : 0.001000
└── Time       : 289.3s
[2026-06-10 03:11:42] Epoch [12/30] completed. Resources: rss=2016.9MB, peak_rss=2472.7MB, cuda_alloc=351.3MB, cuda_reserved=570.0MB, cuda_peak_alloc=351.3MB, cuda_free=47397.8MB, cuda_total=48519.1MB
[2026-06-10 03:11:42] Epoch [13/30] started. Resources: rss=2016.9MB, peak_rss=2472.7MB, cuda_alloc=351.3MB, cuda_reserved=570.0MB, cuda_peak_alloc=351.3MB, cuda_free=47397.8MB, cuda_total=48519.1MB
[2026-06-10 03:11:44] Epoch 13 train batch [20/1875] loss=0.0996 avg_loss=0.1649. Resources: rss=2069.7MB, peak_rss=2472.7MB, cuda_alloc=351.3MB, cuda_reserved=15462.0MB, cuda_peak_alloc=3637.9MB, cuda_free=32505.8MB, cuda_total=48519.1MB
[2026-06-10 03:11:47] Epoch 13 train batch [40/1875] loss=0.1661 avg_loss=0.1578. Resources: rss=2070.7MB, peak_rss=2472.7MB, cuda_alloc=351.3MB, cuda_reserved=15462.0MB, cuda_peak_alloc=3637.9MB, cuda_free=32505.8MB, cuda_total=48519.1MB
[2026-06-10 03:11:49] Epoch 13 train batch [60/1875] loss=0.2565 avg_loss=0.1626. Resources: rss=2072.4MB, peak_rss=2472.7MB, cuda_alloc=351.3MB, cuda_reserved=19122.0MB, cuda_peak_alloc=3637.9MB, cuda_free=28845.8MB, cuda_total=48519.1MB
[2026-06-10 03:11:52] Epoch 13 train batch [80/1875] loss=0.3739 avg_loss=0.1767. Resources: rss=2076.4MB, peak_rss=2472.7MB, cuda_alloc=351.3MB, cuda_reserved=20462.0MB, cuda_peak_alloc=3637.9MB, cuda_free=27505.8MB, cuda_total=48519.1MB
[2026-06-10 03:11:55] Epoch 13 train batch [100/1875] loss=0.0673 avg_loss=0.1777. Resources: rss=2077.7MB, peak_rss=2472.7MB, cuda_alloc=351.3MB, cuda_reserved=20462.0MB, cuda_peak_alloc=3637.9MB, cuda_free=27505.8MB, cuda_total=48519.1MB
[2026-06-10 03:11:57] Epoch 13 train batch [120/1875] loss=0.1038 avg_loss=0.1810. Resources: rss=2078.4MB, peak_rss=2472.7MB, cuda_alloc=351.3MB, cuda_reserved=27842.0MB, cuda_peak_alloc=3637.9MB, cuda_free=20124.9MB, cuda_total=48519.1MB
[2026-06-10 03:12:00] Epoch 13 train batch [140/1875] loss=0.0553 avg_loss=0.1783. Resources: rss=2079.4MB, peak_rss=2472.7MB, cuda_alloc=351.3MB, cuda_reserved=27842.0MB, cuda_peak_alloc=3637.9MB, cuda_free=20124.9MB, cuda_total=48519.1MB
[2026-06-10 03:12:03] Epoch 13 train batch [160/1875] loss=0.2692 avg_loss=0.1782. Resources: rss=2079.4MB, peak_rss=2472.7MB, cuda_alloc=351.3MB, cuda_reserved=27842.0MB, cuda_peak_alloc=3637.9MB, cuda_free=20124.9MB, cuda_total=48519.1MB
[2026-06-10 03:12:05] Epoch 13 train batch [180/1875] loss=0.1261 avg_loss=0.1770. Resources: rss=2079.9MB, peak_rss=2472.7MB, cuda_alloc=351.3MB, cuda_reserved=27842.0MB, cuda_peak_alloc=3637.9MB, cuda_free=20124.9MB, cuda_total=48519.1MB
[2026-06-10 03:12:08] Epoch 13 train batch [200/1875] loss=0.2198 avg_loss=0.1787. Resources: rss=2079.9MB, peak_rss=2472.7MB, cuda_alloc=351.3MB, cuda_reserved=27842.0MB, cuda_peak_alloc=3638.1MB, cuda_free=20124.9MB, cuda_total=48519.1MB
[2026-06-10 03:12:11] Epoch 13 train batch [220/1875] loss=0.1649 avg_loss=0.1774. Resources: rss=2071.4MB, peak_rss=2472.7MB, cuda_alloc=351.3MB, cuda_reserved=27842.0MB, cuda_peak_alloc=3638.1MB, cuda_free=20124.9MB, cuda_total=48519.1MB
[2026-06-10 03:12:13] Epoch 13 train batch [240/1875] loss=0.1710 avg_loss=0.1760. Resources: rss=2076.6MB, peak_rss=2472.7MB, cuda_alloc=351.3MB, cuda_reserved=27842.0MB, cuda_peak_alloc=3638.1MB, cuda_free=20124.9MB, cuda_total=48519.1MB
[2026-06-10 03:12:16] Epoch 13 train batch [260/1875] loss=0.1449 avg_loss=0.1776. Resources: rss=2076.6MB, peak_rss=2472.7MB, cuda_alloc=351.3MB, cuda_reserved=27842.0MB, cuda_peak_alloc=3638.1MB, cuda_free=20124.9MB, cuda_total=48519.1MB
[2026-06-10 03:12:19] Epoch 13 train batch [280/1875] loss=0.1132 avg_loss=0.1764. Resources: rss=2076.6MB, peak_rss=2472.7MB, cuda_alloc=351.3MB, cuda_reserved=27842.0MB, cuda_peak_alloc=3638.1MB, cuda_free=20124.9MB, cuda_total=48519.1MB
[2026-06-10 03:12:21] Epoch 13 train batch [300/1875] loss=0.0933 avg_loss=0.1783. Resources: rss=2078.1MB, peak_rss=2472.7MB, cuda_alloc=351.3MB, cuda_reserved=27842.0MB, cuda_peak_alloc=3638.1MB, cuda_free=20124.9MB, cuda_total=48519.1MB
[2026-06-10 03:12:24] Epoch 13 train batch [320/1875] loss=0.1296 avg_loss=0.1787. Resources: rss=2078.9MB, peak_rss=2472.7MB, cuda_alloc=351.3MB, cuda_reserved=27842.0MB, cuda_peak_alloc=3638.1MB, cuda_free=20124.9MB, cuda_total=48519.1MB
[2026-06-10 03:12:26] Epoch 13 train batch [340/1875] loss=0.0709 avg_loss=0.1771. Resources: rss=2078.9MB, peak_rss=2472.7MB, cuda_alloc=351.3MB, cuda_reserved=27842.0MB, cuda_peak_alloc=3638.1MB, cuda_free=20124.9MB, cuda_total=48519.1MB
[2026-06-10 03:12:29] Epoch 13 train batch [360/1875] loss=0.1521 avg_loss=0.1764. Resources: rss=2079.9MB, peak_rss=2472.7MB, cuda_alloc=351.3MB, cuda_reserved=27842.0MB, cuda_peak_alloc=3638.1MB, cuda_free=20124.9MB, cuda_total=48519.1MB
[2026-06-10 03:12:32] Epoch 13 train batch [380/1875] loss=0.2957 avg_loss=0.1773. Resources: rss=2079.9MB, peak_rss=2472.7MB, cuda_alloc=351.3MB, cuda_reserved=27842.0MB, cuda_peak_alloc=3638.1MB, cuda_free=20124.9MB, cuda_total=48519.1MB
[2026-06-10 03:12:34] Epoch 13 train batch [400/1875] loss=0.1482 avg_loss=0.1764. Resources: rss=2080.6MB, peak_rss=2472.7MB, cuda_alloc=351.3MB, cuda_reserved=27842.0MB, cuda_peak_alloc=3638.1MB, cuda_free=20124.9MB, cuda_total=48519.1MB
[2026-06-10 03:12:37] Epoch 13 train batch [420/1875] loss=0.1314 avg_loss=0.1753. Resources: rss=2080.6MB, peak_rss=2472.7MB, cuda_alloc=351.3MB, cuda_reserved=27842.0MB, cuda_peak_alloc=3638.1MB, cuda_free=20124.9MB, cuda_total=48519.1MB
[2026-06-10 03:12:39] Epoch 13 train batch [440/1875] loss=0.2341 avg_loss=0.1764. Resources: rss=2080.6MB, peak_rss=2472.7MB, cuda_alloc=351.3MB, cuda_reserved=27842.0MB, cuda_peak_alloc=3638.1MB, cuda_free=20124.9MB, cuda_total=48519.1MB
[2026-06-10 03:12:42] Epoch 13 train batch [460/1875] loss=0.1601 avg_loss=0.1765. Resources: rss=2080.6MB, peak_rss=2472.7MB, cuda_alloc=351.3MB, cuda_reserved=27842.0MB, cuda_peak_alloc=3638.1MB, cuda_free=20124.9MB, cuda_total=48519.1MB
[2026-06-10 03:12:45] Epoch 13 train batch [480/1875] loss=0.2359 avg_loss=0.1782. Resources: rss=2080.6MB, peak_rss=2472.7MB, cuda_alloc=351.3MB, cuda_reserved=27842.0MB, cuda_peak_alloc=3638.1MB, cuda_free=20124.9MB, cuda_total=48519.1MB
[2026-06-10 03:12:47] Epoch 13 train batch [500/1875] loss=0.1313 avg_loss=0.1788. Resources: rss=2080.6MB, peak_rss=2472.7MB, cuda_alloc=351.3MB, cuda_reserved=27842.0MB, cuda_peak_alloc=3638.1MB, cuda_free=20124.9MB, cuda_total=48519.1MB
[2026-06-10 03:12:50] Epoch 13 train batch [520/1875] loss=0.2261 avg_loss=0.1792. Resources: rss=2080.6MB, peak_rss=2472.7MB, cuda_alloc=351.3MB, cuda_reserved=27844.0MB, cuda_peak_alloc=3638.1MB, cuda_free=20122.9MB, cuda_total=48519.1MB
[2026-06-10 03:12:52] Epoch 13 train batch [540/1875] loss=0.1247 avg_loss=0.1790. Resources: rss=2080.6MB, peak_rss=2472.7MB, cuda_alloc=351.3MB, cuda_reserved=27844.0MB, cuda_peak_alloc=3638.1MB, cuda_free=20122.9MB, cuda_total=48519.1MB
[2026-06-10 03:12:55] Epoch 13 train batch [560/1875] loss=0.0909 avg_loss=0.1793. Resources: rss=2080.6MB, peak_rss=2472.7MB, cuda_alloc=351.3MB, cuda_reserved=27844.0MB, cuda_peak_alloc=3638.1MB, cuda_free=20122.9MB, cuda_total=48519.1MB
[2026-06-10 03:12:58] Epoch 13 train batch [580/1875] loss=0.1877 avg_loss=0.1801. Resources: rss=2080.6MB, peak_rss=2472.7MB, cuda_alloc=351.3MB, cuda_reserved=27844.0MB, cuda_peak_alloc=3638.1MB, cuda_free=20122.9MB, cuda_total=48519.1MB
[2026-06-10 03:13:00] Epoch 13 train batch [600/1875] loss=0.3063 avg_loss=0.1806. Resources: rss=2080.6MB, peak_rss=2472.7MB, cuda_alloc=351.3MB, cuda_reserved=27844.0MB, cuda_peak_alloc=3638.1MB, cuda_free=20122.9MB, cuda_total=48519.1MB
[2026-06-10 03:13:03] Epoch 13 train batch [620/1875] loss=0.2179 avg_loss=0.1804. Resources: rss=2080.6MB, peak_rss=2472.7MB, cuda_alloc=351.3MB, cuda_reserved=27844.0MB, cuda_peak_alloc=3638.1MB, cuda_free=20122.9MB, cuda_total=48519.1MB
[2026-06-10 03:13:06] Epoch 13 train batch [640/1875] loss=0.1871 avg_loss=0.1801. Resources: rss=2080.6MB, peak_rss=2472.7MB, cuda_alloc=351.3MB, cuda_reserved=27844.0MB, cuda_peak_alloc=3638.1MB, cuda_free=20122.9MB, cuda_total=48519.1MB
[2026-06-10 03:13:08] Epoch 13 train batch [660/1875] loss=0.2823 avg_loss=0.1795. Resources: rss=2080.6MB, peak_rss=2472.7MB, cuda_alloc=351.3MB, cuda_reserved=27844.0MB, cuda_peak_alloc=3638.1MB, cuda_free=20122.9MB, cuda_total=48519.1MB
[2026-06-10 03:13:11] Epoch 13 train batch [680/1875] loss=0.2711 avg_loss=0.1793. Resources: rss=2080.6MB, peak_rss=2472.7MB, cuda_alloc=351.3MB, cuda_reserved=27844.0MB, cuda_peak_alloc=3638.1MB, cuda_free=20122.9MB, cuda_total=48519.1MB
[2026-06-10 03:13:13] Epoch 13 train batch [700/1875] loss=0.1086 avg_loss=0.1787. Resources: rss=2080.6MB, peak_rss=2472.7MB, cuda_alloc=351.3MB, cuda_reserved=27844.0MB, cuda_peak_alloc=3638.1MB, cuda_free=20122.9MB, cuda_total=48519.1MB
[2026-06-10 03:13:16] Epoch 13 train batch [720/1875] loss=0.2297 avg_loss=0.1794. Resources: rss=2080.6MB, peak_rss=2472.7MB, cuda_alloc=351.3MB, cuda_reserved=27844.0MB, cuda_peak_alloc=3638.1MB, cuda_free=20122.9MB, cuda_total=48519.1MB
[2026-06-10 03:13:19] Epoch 13 train batch [740/1875] loss=0.0563 avg_loss=0.1791. Resources: rss=2080.6MB, peak_rss=2472.7MB, cuda_alloc=351.3MB, cuda_reserved=27844.0MB, cuda_peak_alloc=3638.1MB, cuda_free=20122.9MB, cuda_total=48519.1MB
[2026-06-10 03:13:21] Epoch 13 train batch [760/1875] loss=0.1794 avg_loss=0.1791. Resources: rss=2080.6MB, peak_rss=2472.7MB, cuda_alloc=351.3MB, cuda_reserved=27844.0MB, cuda_peak_alloc=3638.1MB, cuda_free=20122.9MB, cuda_total=48519.1MB
[2026-06-10 03:13:24] Epoch 13 train batch [780/1875] loss=0.1122 avg_loss=0.1790. Resources: rss=2080.6MB, peak_rss=2472.7MB, cuda_alloc=351.3MB, cuda_reserved=27844.0MB, cuda_peak_alloc=3638.1MB, cuda_free=20122.9MB, cuda_total=48519.1MB
[2026-06-10 03:13:26] Epoch 13 train batch [800/1875] loss=0.1706 avg_loss=0.1787. Resources: rss=2080.6MB, peak_rss=2472.7MB, cuda_alloc=351.3MB, cuda_reserved=27844.0MB, cuda_peak_alloc=3638.1MB, cuda_free=20122.9MB, cuda_total=48519.1MB
[2026-06-10 03:13:29] Epoch 13 train batch [820/1875] loss=0.2212 avg_loss=0.1788. Resources: rss=2080.6MB, peak_rss=2472.7MB, cuda_alloc=351.3MB, cuda_reserved=27844.0MB, cuda_peak_alloc=3638.1MB, cuda_free=20122.9MB, cuda_total=48519.1MB
[2026-06-10 03:13:32] Epoch 13 train batch [840/1875] loss=0.2504 avg_loss=0.1787. Resources: rss=2076.3MB, peak_rss=2472.7MB, cuda_alloc=351.3MB, cuda_reserved=27844.0MB, cuda_peak_alloc=3638.1MB, cuda_free=20122.9MB, cuda_total=48519.1MB
[2026-06-10 03:13:34] Epoch 13 train batch [860/1875] loss=0.1561 avg_loss=0.1787. Resources: rss=2077.8MB, peak_rss=2472.7MB, cuda_alloc=351.3MB, cuda_reserved=27844.0MB, cuda_peak_alloc=3638.1MB, cuda_free=20122.9MB, cuda_total=48519.1MB
[2026-06-10 03:13:37] Epoch 13 train batch [880/1875] loss=0.1372 avg_loss=0.1791. Resources: rss=2077.8MB, peak_rss=2472.7MB, cuda_alloc=351.3MB, cuda_reserved=27844.0MB, cuda_peak_alloc=3638.1MB, cuda_free=20122.9MB, cuda_total=48519.1MB
[2026-06-10 03:13:39] Epoch 13 train batch [900/1875] loss=0.2119 avg_loss=0.1792. Resources: rss=2078.0MB, peak_rss=2472.7MB, cuda_alloc=351.3MB, cuda_reserved=27844.0MB, cuda_peak_alloc=3638.1MB, cuda_free=20122.9MB, cuda_total=48519.1MB
[2026-06-10 03:13:42] Epoch 13 train batch [920/1875] loss=0.2320 avg_loss=0.1794. Resources: rss=2078.3MB, peak_rss=2472.7MB, cuda_alloc=351.3MB, cuda_reserved=27844.0MB, cuda_peak_alloc=3638.1MB, cuda_free=20122.9MB, cuda_total=48519.1MB
[2026-06-10 03:13:45] Epoch 13 train batch [940/1875] loss=0.1146 avg_loss=0.1800. Resources: rss=2078.3MB, peak_rss=2472.7MB, cuda_alloc=351.3MB, cuda_reserved=27844.0MB, cuda_peak_alloc=3638.1MB, cuda_free=20122.9MB, cuda_total=48519.1MB
[2026-06-10 03:13:47] Epoch 13 train batch [960/1875] loss=0.3026 avg_loss=0.1797. Resources: rss=2078.3MB, peak_rss=2472.7MB, cuda_alloc=351.3MB, cuda_reserved=27844.0MB, cuda_peak_alloc=3638.1MB, cuda_free=20122.9MB, cuda_total=48519.1MB
[2026-06-10 03:13:50] Epoch 13 train batch [980/1875] loss=0.1833 avg_loss=0.1795. Resources: rss=2078.3MB, peak_rss=2472.7MB, cuda_alloc=351.3MB, cuda_reserved=27844.0MB, cuda_peak_alloc=3638.1MB, cuda_free=20122.9MB, cuda_total=48519.1MB
[2026-06-10 03:13:52] Epoch 13 train batch [1000/1875] loss=0.2063 avg_loss=0.1792. Resources: rss=2078.3MB, peak_rss=2472.7MB, cuda_alloc=351.3MB, cuda_reserved=27844.0MB, cuda_peak_alloc=3638.1MB, cuda_free=20122.9MB, cuda_total=48519.1MB
[2026-06-10 03:13:55] Epoch 13 train batch [1020/1875] loss=0.1999 avg_loss=0.1795. Resources: rss=2078.3MB, peak_rss=2472.7MB, cuda_alloc=351.3MB, cuda_reserved=27844.0MB, cuda_peak_alloc=3638.1MB, cuda_free=20122.9MB, cuda_total=48519.1MB
[2026-06-10 03:13:58] Epoch 13 train batch [1040/1875] loss=0.1630 avg_loss=0.1789. Resources: rss=2079.5MB, peak_rss=2472.7MB, cuda_alloc=351.3MB, cuda_reserved=27844.0MB, cuda_peak_alloc=3638.1MB, cuda_free=20122.9MB, cuda_total=48519.1MB
[2026-06-10 03:14:00] Epoch 13 train batch [1060/1875] loss=0.2101 avg_loss=0.1788. Resources: rss=2079.5MB, peak_rss=2472.7MB, cuda_alloc=351.3MB, cuda_reserved=27844.0MB, cuda_peak_alloc=3638.1MB, cuda_free=20122.9MB, cuda_total=48519.1MB
[2026-06-10 03:14:03] Epoch 13 train batch [1080/1875] loss=0.1945 avg_loss=0.1789. Resources: rss=2080.5MB, peak_rss=2472.7MB, cuda_alloc=351.3MB, cuda_reserved=27844.0MB, cuda_peak_alloc=3638.1MB, cuda_free=20122.9MB, cuda_total=48519.1MB
[2026-06-10 03:14:06] Epoch 13 train batch [1100/1875] loss=0.1426 avg_loss=0.1785. Resources: rss=2080.5MB, peak_rss=2472.7MB, cuda_alloc=351.3MB, cuda_reserved=27844.0MB, cuda_peak_alloc=3638.1MB, cuda_free=20122.9MB, cuda_total=48519.1MB
[2026-06-10 03:14:08] Epoch 13 train batch [1120/1875] loss=0.1555 avg_loss=0.1786. Resources: rss=2080.5MB, peak_rss=2472.7MB, cuda_alloc=351.3MB, cuda_reserved=27844.0MB, cuda_peak_alloc=3638.1MB, cuda_free=20122.9MB, cuda_total=48519.1MB
[2026-06-10 03:14:11] Epoch 13 train batch [1140/1875] loss=0.2563 avg_loss=0.1784. Resources: rss=2081.8MB, peak_rss=2472.7MB, cuda_alloc=351.3MB, cuda_reserved=27844.0MB, cuda_peak_alloc=3638.1MB, cuda_free=20122.9MB, cuda_total=48519.1MB
[2026-06-10 03:14:13] Epoch 13 train batch [1160/1875] loss=0.1307 avg_loss=0.1784. Resources: rss=2081.8MB, peak_rss=2472.7MB, cuda_alloc=351.3MB, cuda_reserved=27844.0MB, cuda_peak_alloc=3638.1MB, cuda_free=20122.9MB, cuda_total=48519.1MB
[2026-06-10 03:14:16] Epoch 13 train batch [1180/1875] loss=0.2209 avg_loss=0.1782. Resources: rss=2081.8MB, peak_rss=2472.7MB, cuda_alloc=351.3MB, cuda_reserved=27844.0MB, cuda_peak_alloc=3638.1MB, cuda_free=20122.9MB, cuda_total=48519.1MB
[2026-06-10 03:14:19] Epoch 13 train batch [1200/1875] loss=0.1197 avg_loss=0.1781. Resources: rss=2081.8MB, peak_rss=2472.7MB, cuda_alloc=351.3MB, cuda_reserved=27844.0MB, cuda_peak_alloc=3638.1MB, cuda_free=20122.9MB, cuda_total=48519.1MB
[2026-06-10 03:14:21] Epoch 13 train batch [1220/1875] loss=0.2257 avg_loss=0.1780. Resources: rss=2081.8MB, peak_rss=2472.7MB, cuda_alloc=351.3MB, cuda_reserved=27844.0MB, cuda_peak_alloc=3638.1MB, cuda_free=20122.9MB, cuda_total=48519.1MB
[2026-06-10 03:14:24] Epoch 13 train batch [1240/1875] loss=0.1593 avg_loss=0.1781. Resources: rss=2081.8MB, peak_rss=2472.7MB, cuda_alloc=351.3MB, cuda_reserved=27844.0MB, cuda_peak_alloc=3638.1MB, cuda_free=20122.9MB, cuda_total=48519.1MB
[2026-06-10 03:14:27] Epoch 13 train batch [1260/1875] loss=0.1755 avg_loss=0.1778. Resources: rss=2081.8MB, peak_rss=2472.7MB, cuda_alloc=351.3MB, cuda_reserved=27844.0MB, cuda_peak_alloc=3638.1MB, cuda_free=20122.9MB, cuda_total=48519.1MB
[2026-06-10 03:14:29] Epoch 13 train batch [1280/1875] loss=0.0652 avg_loss=0.1773. Resources: rss=2081.8MB, peak_rss=2472.7MB, cuda_alloc=351.3MB, cuda_reserved=29384.0MB, cuda_peak_alloc=3638.1MB, cuda_free=18582.9MB, cuda_total=48519.1MB
[2026-06-10 03:14:32] Epoch 13 train batch [1300/1875] loss=0.1939 avg_loss=0.1771. Resources: rss=2081.8MB, peak_rss=2472.7MB, cuda_alloc=351.3MB, cuda_reserved=29384.0MB, cuda_peak_alloc=3638.1MB, cuda_free=18582.9MB, cuda_total=48519.1MB
[2026-06-10 03:14:34] Epoch 13 train batch [1320/1875] loss=0.2906 avg_loss=0.1769. Resources: rss=2081.8MB, peak_rss=2472.7MB, cuda_alloc=351.3MB, cuda_reserved=29384.0MB, cuda_peak_alloc=3638.1MB, cuda_free=18582.9MB, cuda_total=48519.1MB
[2026-06-10 03:14:37] Epoch 13 train batch [1340/1875] loss=0.2218 avg_loss=0.1770. Resources: rss=2081.8MB, peak_rss=2472.7MB, cuda_alloc=351.3MB, cuda_reserved=29384.0MB, cuda_peak_alloc=3638.1MB, cuda_free=18582.9MB, cuda_total=48519.1MB
[2026-06-10 03:14:40] Epoch 13 train batch [1360/1875] loss=0.2934 avg_loss=0.1772. Resources: rss=2081.8MB, peak_rss=2472.7MB, cuda_alloc=351.3MB, cuda_reserved=29384.0MB, cuda_peak_alloc=3638.2MB, cuda_free=18582.9MB, cuda_total=48519.1MB
[2026-06-10 03:14:42] Epoch 13 train batch [1380/1875] loss=0.1604 avg_loss=0.1775. Resources: rss=2081.8MB, peak_rss=2472.7MB, cuda_alloc=351.3MB, cuda_reserved=29384.0MB, cuda_peak_alloc=3638.2MB, cuda_free=18582.9MB, cuda_total=48519.1MB
[2026-06-10 03:14:45] Epoch 13 train batch [1400/1875] loss=0.1782 avg_loss=0.1775. Resources: rss=2083.5MB, peak_rss=2472.7MB, cuda_alloc=351.3MB, cuda_reserved=29384.0MB, cuda_peak_alloc=3638.2MB, cuda_free=18582.9MB, cuda_total=48519.1MB
[2026-06-10 03:14:47] Epoch 13 train batch [1420/1875] loss=0.0817 avg_loss=0.1775. Resources: rss=2083.5MB, peak_rss=2472.7MB, cuda_alloc=351.3MB, cuda_reserved=29384.0MB, cuda_peak_alloc=3638.2MB, cuda_free=18582.9MB, cuda_total=48519.1MB
[2026-06-10 03:14:50] Epoch 13 train batch [1440/1875] loss=0.1511 avg_loss=0.1772. Resources: rss=2052.5MB, peak_rss=2472.7MB, cuda_alloc=351.3MB, cuda_reserved=29384.0MB, cuda_peak_alloc=3638.2MB, cuda_free=18582.9MB, cuda_total=48519.1MB
[2026-06-10 03:14:53] Epoch 13 train batch [1460/1875] loss=0.1523 avg_loss=0.1772. Resources: rss=2072.8MB, peak_rss=2472.7MB, cuda_alloc=351.3MB, cuda_reserved=29384.0MB, cuda_peak_alloc=3638.2MB, cuda_free=18582.9MB, cuda_total=48519.1MB
[2026-06-10 03:14:55] Epoch 13 train batch [1480/1875] loss=0.1979 avg_loss=0.1775. Resources: rss=2079.8MB, peak_rss=2472.7MB, cuda_alloc=351.3MB, cuda_reserved=29384.0MB, cuda_peak_alloc=3638.2MB, cuda_free=18582.9MB, cuda_total=48519.1MB
[2026-06-10 03:14:58] Epoch 13 train batch [1500/1875] loss=0.2163 avg_loss=0.1775. Resources: rss=2081.0MB, peak_rss=2472.7MB, cuda_alloc=351.3MB, cuda_reserved=29384.0MB, cuda_peak_alloc=3638.2MB, cuda_free=18582.9MB, cuda_total=48519.1MB
[2026-06-10 03:15:01] Epoch 13 train batch [1520/1875] loss=0.1222 avg_loss=0.1778. Resources: rss=2081.8MB, peak_rss=2472.7MB, cuda_alloc=351.3MB, cuda_reserved=29384.0MB, cuda_peak_alloc=3638.2MB, cuda_free=18582.9MB, cuda_total=48519.1MB
[2026-06-10 03:15:04] Epoch 13 train batch [1540/1875] loss=0.4075 avg_loss=0.1777. Resources: rss=2081.8MB, peak_rss=2472.7MB, cuda_alloc=351.3MB, cuda_reserved=29384.0MB, cuda_peak_alloc=3638.2MB, cuda_free=18582.9MB, cuda_total=48519.1MB
[2026-06-10 03:15:06] Epoch 13 train batch [1560/1875] loss=0.1809 avg_loss=0.1775. Resources: rss=2081.8MB, peak_rss=2472.7MB, cuda_alloc=351.3MB, cuda_reserved=29384.0MB, cuda_peak_alloc=3638.2MB, cuda_free=18582.9MB, cuda_total=48519.1MB
[2026-06-10 03:15:09] Epoch 13 train batch [1580/1875] loss=0.1169 avg_loss=0.1774. Resources: rss=2081.8MB, peak_rss=2472.7MB, cuda_alloc=351.3MB, cuda_reserved=29384.0MB, cuda_peak_alloc=3638.2MB, cuda_free=18582.9MB, cuda_total=48519.1MB
[2026-06-10 03:15:11] Epoch 13 train batch [1600/1875] loss=0.1764 avg_loss=0.1774. Resources: rss=2081.8MB, peak_rss=2472.7MB, cuda_alloc=351.3MB, cuda_reserved=29384.0MB, cuda_peak_alloc=3638.2MB, cuda_free=18582.9MB, cuda_total=48519.1MB
[2026-06-10 03:15:14] Epoch 13 train batch [1620/1875] loss=0.0892 avg_loss=0.1776. Resources: rss=2081.8MB, peak_rss=2472.7MB, cuda_alloc=351.3MB, cuda_reserved=29384.0MB, cuda_peak_alloc=3638.2MB, cuda_free=18582.9MB, cuda_total=48519.1MB
[2026-06-10 03:15:16] Epoch 13 train batch [1640/1875] loss=0.1376 avg_loss=0.1779. Resources: rss=2081.8MB, peak_rss=2472.7MB, cuda_alloc=351.3MB, cuda_reserved=29384.0MB, cuda_peak_alloc=3638.2MB, cuda_free=18582.9MB, cuda_total=48519.1MB
[2026-06-10 03:15:19] Epoch 13 train batch [1660/1875] loss=0.1100 avg_loss=0.1779. Resources: rss=2081.8MB, peak_rss=2472.7MB, cuda_alloc=351.3MB, cuda_reserved=29384.0MB, cuda_peak_alloc=3638.2MB, cuda_free=18582.9MB, cuda_total=48519.1MB
[2026-06-10 03:15:21] Epoch 13 train batch [1680/1875] loss=0.1250 avg_loss=0.1778. Resources: rss=2081.8MB, peak_rss=2472.7MB, cuda_alloc=351.3MB, cuda_reserved=29384.0MB, cuda_peak_alloc=3638.2MB, cuda_free=18582.9MB, cuda_total=48519.1MB
[2026-06-10 03:15:24] Epoch 13 train batch [1700/1875] loss=0.1355 avg_loss=0.1777. Resources: rss=2081.8MB, peak_rss=2472.7MB, cuda_alloc=351.3MB, cuda_reserved=29384.0MB, cuda_peak_alloc=3638.2MB, cuda_free=18582.9MB, cuda_total=48519.1MB
[2026-06-10 03:15:27] Epoch 13 train batch [1720/1875] loss=0.1211 avg_loss=0.1775. Resources: rss=2081.8MB, peak_rss=2472.7MB, cuda_alloc=351.3MB, cuda_reserved=29384.0MB, cuda_peak_alloc=3638.2MB, cuda_free=18582.9MB, cuda_total=48519.1MB
[2026-06-10 03:15:30] Epoch 13 train batch [1740/1875] loss=0.1787 avg_loss=0.1774. Resources: rss=2081.8MB, peak_rss=2472.7MB, cuda_alloc=351.3MB, cuda_reserved=29384.0MB, cuda_peak_alloc=3638.2MB, cuda_free=18582.9MB, cuda_total=48519.1MB
[2026-06-10 03:15:32] Epoch 13 train batch [1760/1875] loss=0.0912 avg_loss=0.1775. Resources: rss=2081.8MB, peak_rss=2472.7MB, cuda_alloc=351.3MB, cuda_reserved=29384.0MB, cuda_peak_alloc=3638.2MB, cuda_free=18582.9MB, cuda_total=48519.1MB
[2026-06-10 03:15:35] Epoch 13 train batch [1780/1875] loss=0.1252 avg_loss=0.1774. Resources: rss=2081.8MB, peak_rss=2472.7MB, cuda_alloc=351.3MB, cuda_reserved=29384.0MB, cuda_peak_alloc=3638.2MB, cuda_free=18582.9MB, cuda_total=48519.1MB
[2026-06-10 03:15:37] Epoch 13 train batch [1800/1875] loss=0.1301 avg_loss=0.1771. Resources: rss=2081.8MB, peak_rss=2472.7MB, cuda_alloc=351.3MB, cuda_reserved=29384.0MB, cuda_peak_alloc=3638.2MB, cuda_free=18582.9MB, cuda_total=48519.1MB
[2026-06-10 03:15:40] Epoch 13 train batch [1820/1875] loss=0.0829 avg_loss=0.1767. Resources: rss=2081.8MB, peak_rss=2472.7MB, cuda_alloc=351.3MB, cuda_reserved=29384.0MB, cuda_peak_alloc=3638.2MB, cuda_free=18582.9MB, cuda_total=48519.1MB
[2026-06-10 03:15:43] Epoch 13 train batch [1840/1875] loss=0.2237 avg_loss=0.1771. Resources: rss=2081.8MB, peak_rss=2472.7MB, cuda_alloc=351.3MB, cuda_reserved=29384.0MB, cuda_peak_alloc=3638.2MB, cuda_free=18582.9MB, cuda_total=48519.1MB
[2026-06-10 03:15:45] Epoch 13 train batch [1860/1875] loss=0.1007 avg_loss=0.1770. Resources: rss=2081.8MB, peak_rss=2472.7MB, cuda_alloc=351.3MB, cuda_reserved=29384.0MB, cuda_peak_alloc=3638.2MB, cuda_free=18582.9MB, cuda_total=48519.1MB
[2026-06-10 03:15:47] Epoch 13 train batch [1875/1875] loss=0.1310 avg_loss=0.1768. Resources: rss=2081.8MB, peak_rss=2472.7MB, cuda_alloc=351.3MB, cuda_reserved=29384.0MB, cuda_peak_alloc=3638.2MB, cuda_free=18582.9MB, cuda_total=48519.1MB
[2026-06-10 03:15:47] Epoch 13 training completed. Resources: rss=2081.8MB, peak_rss=2472.7MB, cuda_alloc=351.3MB, cuda_reserved=29384.0MB, cuda_peak_alloc=3638.2MB, cuda_free=18582.9MB, cuda_total=48519.1MB
[2026-06-10 03:15:48] Epoch 13 cache released before validation loss. Resources: rss=2022.8MB, peak_rss=2472.7MB, cuda_alloc=351.3MB, cuda_reserved=510.0MB, cuda_peak_alloc=351.3MB, cuda_free=47456.9MB, cuda_total=48519.1MB
[2026-06-10 03:16:09] Epoch 13 validation loss completed: 0.4873. Resources: rss=2080.0MB, peak_rss=2472.7MB, cuda_alloc=351.3MB, cuda_reserved=10580.0MB, cuda_peak_alloc=1426.1MB, cuda_free=37386.9MB, cuda_total=48519.1MB
[2026-06-10 03:16:09] Epoch 13 cache released before detection metrics. Resources: rss=2022.0MB, peak_rss=2472.7MB, cuda_alloc=351.3MB, cuda_reserved=510.0MB, cuda_peak_alloc=351.3MB, cuda_free=47456.9MB, cuda_total=48519.1MB
[2026-06-10 03:16:30] Epoch 13 prediction tensors moved to CPU. Computing metrics. Resources: rss=2022.6MB, peak_rss=2472.7MB, cuda_alloc=351.3MB, cuda_reserved=510.0MB, cuda_peak_alloc=351.3MB, cuda_free=47456.9MB, cuda_total=48519.1MB
[2026-06-10 03:16:30] Epoch 13 metrics computed (mAP@0.5 only). Saving artifacts. Resources: rss=2023.1MB, peak_rss=2472.7MB, cuda_alloc=351.3MB, cuda_reserved=510.0MB, cuda_peak_alloc=351.3MB, cuda_free=47456.9MB, cuda_total=48519.1MB
[2026-06-10 03:16:30] Epoch 13 did not improve mAP@0.5 enough. Early stopping counter: 5/10.
Epoch [13/30]
├── Train Loss : 0.1768
│   ├── loss_classifier  : 0.0919
│   ├── loss_box_reg     : 0.0849
│   ├── loss_objectness  : 0.0000
│   └── loss_rpn_box_reg : 0.0000
├── Val Loss   : 0.4873
├── mAP@0.5    : 0.6727
├── mAP@0.75   : n/a
├── mAP@0.5:0.95 : n/a
├── Precision  : 0.7307
├── Recall     : 0.7249
├── GT Boxes   : 2021
├── Predictions: 2005
├── Per-class AP
│   ├── person  : AP50=0.7191, AP75=n/a, AP50:95=n/a, P=0.7412, R=0.7654
│   ├── car     : AP50=0.6301, AP75=n/a, AP50:95=n/a, P=0.7540, R=0.6608
│   ├── dog     : AP50=0.7517, AP75=n/a, AP50:95=n/a, P=0.7249, R=0.8058
│   ├── cat     : AP50=0.8468, AP75=n/a, AP50:95=n/a, P=0.8361, R=0.8693
│   └── chair   : AP50=0.4158, AP75=n/a, AP50:95=n/a, P=0.5805, R=0.4858
├── LR         : 0.001000
└── Time       : 288.3s
[2026-06-10 03:16:30] Epoch [13/30] completed. Resources: rss=2022.5MB, peak_rss=2472.7MB, cuda_alloc=351.3MB, cuda_reserved=510.0MB, cuda_peak_alloc=351.3MB, cuda_free=47456.9MB, cuda_total=48519.1MB
[2026-06-10 03:16:30] Epoch [14/30] started. Resources: rss=2022.5MB, peak_rss=2472.7MB, cuda_alloc=351.3MB, cuda_reserved=510.0MB, cuda_peak_alloc=351.3MB, cuda_free=47456.9MB, cuda_total=48519.1MB
[2026-06-10 03:16:33] Epoch 14 train batch [20/1875] loss=0.0729 avg_loss=0.1536. Resources: rss=2076.2MB, peak_rss=2472.7MB, cuda_alloc=351.3MB, cuda_reserved=26084.0MB, cuda_peak_alloc=3637.4MB, cuda_free=21882.9MB, cuda_total=48519.1MB
[2026-06-10 03:16:36] Epoch 14 train batch [40/1875] loss=0.1832 avg_loss=0.1542. Resources: rss=2078.2MB, peak_rss=2472.7MB, cuda_alloc=351.3MB, cuda_reserved=26344.0MB, cuda_peak_alloc=3637.5MB, cuda_free=21622.9MB, cuda_total=48519.1MB
[2026-06-10 03:16:38] Epoch 14 train batch [60/1875] loss=0.3222 avg_loss=0.1659. Resources: rss=2078.7MB, peak_rss=2472.7MB, cuda_alloc=351.3MB, cuda_reserved=32244.0MB, cuda_peak_alloc=3637.5MB, cuda_free=15722.9MB, cuda_total=48519.1MB
[2026-06-10 03:16:42] Epoch 14 train batch [80/1875] loss=0.1729 avg_loss=0.1618. Resources: rss=2081.7MB, peak_rss=2472.7MB, cuda_alloc=351.3MB, cuda_reserved=17442.0MB, cuda_peak_alloc=3637.7MB, cuda_free=30524.9MB, cuda_total=48519.1MB
[2026-06-10 03:16:44] Epoch 14 train batch [100/1875] loss=0.1906 avg_loss=0.1673. Resources: rss=2082.7MB, peak_rss=2472.7MB, cuda_alloc=351.3MB, cuda_reserved=18422.0MB, cuda_peak_alloc=3637.7MB, cuda_free=29544.9MB, cuda_total=48519.1MB
[2026-06-10 03:16:47] Epoch 14 train batch [120/1875] loss=0.2353 avg_loss=0.1687. Resources: rss=2083.0MB, peak_rss=2472.7MB, cuda_alloc=351.3MB, cuda_reserved=18422.0MB, cuda_peak_alloc=3637.7MB, cuda_free=29544.9MB, cuda_total=48519.1MB
[2026-06-10 03:16:49] Epoch 14 train batch [140/1875] loss=0.2109 avg_loss=0.1634. Resources: rss=2083.7MB, peak_rss=2472.7MB, cuda_alloc=351.3MB, cuda_reserved=18422.0MB, cuda_peak_alloc=3637.7MB, cuda_free=29544.9MB, cuda_total=48519.1MB
[2026-06-10 03:16:52] Epoch 14 train batch [160/1875] loss=0.1429 avg_loss=0.1664. Resources: rss=2083.7MB, peak_rss=2472.7MB, cuda_alloc=351.3MB, cuda_reserved=27462.0MB, cuda_peak_alloc=3637.7MB, cuda_free=20504.9MB, cuda_total=48519.1MB
[2026-06-10 03:16:55] Epoch 14 train batch [180/1875] loss=0.1171 avg_loss=0.1644. Resources: rss=2083.7MB, peak_rss=2472.7MB, cuda_alloc=351.3MB, cuda_reserved=33262.0MB, cuda_peak_alloc=3638.3MB, cuda_free=14704.9MB, cuda_total=48519.1MB
[2026-06-10 03:16:57] Epoch 14 train batch [200/1875] loss=0.2036 avg_loss=0.1656. Resources: rss=2084.5MB, peak_rss=2472.7MB, cuda_alloc=351.3MB, cuda_reserved=33262.0MB, cuda_peak_alloc=3638.3MB, cuda_free=14704.9MB, cuda_total=48519.1MB
[2026-06-10 03:17:00] Epoch 14 train batch [220/1875] loss=0.2176 avg_loss=0.1670. Resources: rss=2088.5MB, peak_rss=2472.7MB, cuda_alloc=351.3MB, cuda_reserved=33262.0MB, cuda_peak_alloc=3638.3MB, cuda_free=14704.9MB, cuda_total=48519.1MB
[2026-06-10 03:17:03] Epoch 14 train batch [240/1875] loss=0.2228 avg_loss=0.1658. Resources: rss=2088.5MB, peak_rss=2472.7MB, cuda_alloc=351.3MB, cuda_reserved=33262.0MB, cuda_peak_alloc=3638.3MB, cuda_free=14704.9MB, cuda_total=48519.1MB
[2026-06-10 03:17:05] Epoch 14 train batch [260/1875] loss=0.1275 avg_loss=0.1664. Resources: rss=2088.5MB, peak_rss=2472.7MB, cuda_alloc=351.3MB, cuda_reserved=33262.0MB, cuda_peak_alloc=3638.3MB, cuda_free=14704.9MB, cuda_total=48519.1MB
[2026-06-10 03:17:07] Epoch 14 train batch [280/1875] loss=0.1578 avg_loss=0.1659. Resources: rss=2088.7MB, peak_rss=2472.7MB, cuda_alloc=351.3MB, cuda_reserved=35222.0MB, cuda_peak_alloc=3638.3MB, cuda_free=12744.9MB, cuda_total=48519.1MB
[2026-06-10 03:17:10] Epoch 14 train batch [300/1875] loss=0.1593 avg_loss=0.1649. Resources: rss=2088.7MB, peak_rss=2472.7MB, cuda_alloc=351.3MB, cuda_reserved=35222.0MB, cuda_peak_alloc=3638.3MB, cuda_free=12744.9MB, cuda_total=48519.1MB
[2026-06-10 03:17:13] Epoch 14 train batch [320/1875] loss=0.1140 avg_loss=0.1663. Resources: rss=2088.7MB, peak_rss=2472.7MB, cuda_alloc=351.3MB, cuda_reserved=35222.0MB, cuda_peak_alloc=3638.3MB, cuda_free=12744.9MB, cuda_total=48519.1MB
[2026-06-10 03:17:15] Epoch 14 train batch [340/1875] loss=0.1370 avg_loss=0.1670. Resources: rss=2088.7MB, peak_rss=2472.7MB, cuda_alloc=351.3MB, cuda_reserved=35222.0MB, cuda_peak_alloc=3638.3MB, cuda_free=12744.9MB, cuda_total=48519.1MB
[2026-06-10 03:17:18] Epoch 14 train batch [360/1875] loss=0.1389 avg_loss=0.1683. Resources: rss=2088.7MB, peak_rss=2472.7MB, cuda_alloc=351.3MB, cuda_reserved=35222.0MB, cuda_peak_alloc=3638.3MB, cuda_free=12744.9MB, cuda_total=48519.1MB
[2026-06-10 03:17:21] Epoch 14 train batch [380/1875] loss=0.0592 avg_loss=0.1685. Resources: rss=2088.7MB, peak_rss=2472.7MB, cuda_alloc=351.3MB, cuda_reserved=35222.0MB, cuda_peak_alloc=3638.3MB, cuda_free=12744.9MB, cuda_total=48519.1MB
[2026-06-10 03:17:23] Epoch 14 train batch [400/1875] loss=0.2820 avg_loss=0.1685. Resources: rss=2088.7MB, peak_rss=2472.7MB, cuda_alloc=351.3MB, cuda_reserved=35222.0MB, cuda_peak_alloc=3638.3MB, cuda_free=12744.9MB, cuda_total=48519.1MB
[2026-06-10 03:17:26] Epoch 14 train batch [420/1875] loss=0.1578 avg_loss=0.1693. Resources: rss=2088.7MB, peak_rss=2472.7MB, cuda_alloc=351.3MB, cuda_reserved=35222.0MB, cuda_peak_alloc=3638.3MB, cuda_free=12744.9MB, cuda_total=48519.1MB
[2026-06-10 03:17:29] Epoch 14 train batch [440/1875] loss=0.0926 avg_loss=0.1693. Resources: rss=2079.7MB, peak_rss=2472.7MB, cuda_alloc=351.3MB, cuda_reserved=35222.0MB, cuda_peak_alloc=3638.3MB, cuda_free=12744.9MB, cuda_total=48519.1MB
[2026-06-10 03:17:31] Epoch 14 train batch [460/1875] loss=0.2433 avg_loss=0.1693. Resources: rss=2083.2MB, peak_rss=2472.7MB, cuda_alloc=351.3MB, cuda_reserved=35222.0MB, cuda_peak_alloc=3638.3MB, cuda_free=12744.9MB, cuda_total=48519.1MB
[2026-06-10 03:17:34] Epoch 14 train batch [480/1875] loss=0.2213 avg_loss=0.1698. Resources: rss=2084.4MB, peak_rss=2472.7MB, cuda_alloc=351.3MB, cuda_reserved=35222.0MB, cuda_peak_alloc=3638.3MB, cuda_free=12744.9MB, cuda_total=48519.1MB
[2026-06-10 03:17:37] Epoch 14 train batch [500/1875] loss=0.2679 avg_loss=0.1696. Resources: rss=2084.4MB, peak_rss=2472.7MB, cuda_alloc=351.3MB, cuda_reserved=35222.0MB, cuda_peak_alloc=3638.3MB, cuda_free=12744.9MB, cuda_total=48519.1MB
[2026-06-10 03:17:39] Epoch 14 train batch [520/1875] loss=0.2237 avg_loss=0.1693. Resources: rss=2085.4MB, peak_rss=2472.7MB, cuda_alloc=351.3MB, cuda_reserved=42522.0MB, cuda_peak_alloc=3638.3MB, cuda_free=5444.9MB, cuda_total=48519.1MB
[2026-06-10 03:17:42] Epoch 14 train batch [540/1875] loss=0.1444 avg_loss=0.1699. Resources: rss=2085.7MB, peak_rss=2472.7MB, cuda_alloc=351.3MB, cuda_reserved=42522.0MB, cuda_peak_alloc=3638.3MB, cuda_free=5444.9MB, cuda_total=48519.1MB
[2026-06-10 03:17:44] Epoch 14 train batch [560/1875] loss=0.1199 avg_loss=0.1694. Resources: rss=2086.9MB, peak_rss=2472.7MB, cuda_alloc=351.3MB, cuda_reserved=42522.0MB, cuda_peak_alloc=3638.3MB, cuda_free=5444.9MB, cuda_total=48519.1MB
[2026-06-10 03:17:47] Epoch 14 train batch [580/1875] loss=0.1342 avg_loss=0.1694. Resources: rss=2087.2MB, peak_rss=2472.7MB, cuda_alloc=351.3MB, cuda_reserved=42522.0MB, cuda_peak_alloc=3638.3MB, cuda_free=5444.9MB, cuda_total=48519.1MB
[2026-06-10 03:17:50] Epoch 14 train batch [600/1875] loss=0.1576 avg_loss=0.1691. Resources: rss=2087.2MB, peak_rss=2472.7MB, cuda_alloc=351.3MB, cuda_reserved=42522.0MB, cuda_peak_alloc=3638.3MB, cuda_free=5444.9MB, cuda_total=48519.1MB
[2026-06-10 03:17:52] Epoch 14 train batch [620/1875] loss=0.1852 avg_loss=0.1689. Resources: rss=2090.2MB, peak_rss=2472.7MB, cuda_alloc=351.3MB, cuda_reserved=42522.0MB, cuda_peak_alloc=3638.3MB, cuda_free=5444.9MB, cuda_total=48519.1MB
[2026-06-10 03:17:55] Epoch 14 train batch [640/1875] loss=0.1240 avg_loss=0.1693. Resources: rss=2092.2MB, peak_rss=2472.7MB, cuda_alloc=351.3MB, cuda_reserved=42522.0MB, cuda_peak_alloc=3638.3MB, cuda_free=5444.9MB, cuda_total=48519.1MB
[2026-06-10 03:17:57] Epoch 14 train batch [660/1875] loss=0.3579 avg_loss=0.1702. Resources: rss=2092.2MB, peak_rss=2472.7MB, cuda_alloc=351.3MB, cuda_reserved=42522.0MB, cuda_peak_alloc=3638.3MB, cuda_free=5444.9MB, cuda_total=48519.1MB
[2026-06-10 03:18:00] Epoch 14 train batch [680/1875] loss=0.3114 avg_loss=0.1704. Resources: rss=2092.2MB, peak_rss=2472.7MB, cuda_alloc=351.3MB, cuda_reserved=42522.0MB, cuda_peak_alloc=3638.3MB, cuda_free=5444.9MB, cuda_total=48519.1MB
[2026-06-10 03:18:03] Epoch 14 train batch [700/1875] loss=0.1368 avg_loss=0.1706. Resources: rss=2092.2MB, peak_rss=2472.7MB, cuda_alloc=351.3MB, cuda_reserved=42522.0MB, cuda_peak_alloc=3638.3MB, cuda_free=5444.9MB, cuda_total=48519.1MB
[2026-06-10 03:18:05] Epoch 14 train batch [720/1875] loss=0.2133 avg_loss=0.1720. Resources: rss=2092.2MB, peak_rss=2472.7MB, cuda_alloc=351.3MB, cuda_reserved=42522.0MB, cuda_peak_alloc=3638.3MB, cuda_free=5444.9MB, cuda_total=48519.1MB
[2026-06-10 03:18:08] Epoch 14 train batch [740/1875] loss=0.1858 avg_loss=0.1728. Resources: rss=2092.2MB, peak_rss=2472.7MB, cuda_alloc=351.3MB, cuda_reserved=42522.0MB, cuda_peak_alloc=3638.3MB, cuda_free=5444.9MB, cuda_total=48519.1MB
[2026-06-10 03:18:11] Epoch 14 train batch [760/1875] loss=0.1544 avg_loss=0.1730. Resources: rss=2092.2MB, peak_rss=2472.7MB, cuda_alloc=351.3MB, cuda_reserved=42524.0MB, cuda_peak_alloc=3638.3MB, cuda_free=5442.9MB, cuda_total=48519.1MB
[2026-06-10 03:18:13] Epoch 14 train batch [780/1875] loss=0.2675 avg_loss=0.1731. Resources: rss=2092.2MB, peak_rss=2472.7MB, cuda_alloc=351.3MB, cuda_reserved=42524.0MB, cuda_peak_alloc=3638.3MB, cuda_free=5442.9MB, cuda_total=48519.1MB
[2026-06-10 03:18:16] Epoch 14 train batch [800/1875] loss=0.3199 avg_loss=0.1734. Resources: rss=2092.2MB, peak_rss=2472.7MB, cuda_alloc=351.3MB, cuda_reserved=42524.0MB, cuda_peak_alloc=3638.3MB, cuda_free=5442.9MB, cuda_total=48519.1MB
[2026-06-10 03:18:19] Epoch 14 train batch [820/1875] loss=0.1192 avg_loss=0.1726. Resources: rss=2092.2MB, peak_rss=2472.7MB, cuda_alloc=351.3MB, cuda_reserved=42524.0MB, cuda_peak_alloc=3638.3MB, cuda_free=5442.9MB, cuda_total=48519.1MB
[2026-06-10 03:18:21] Epoch 14 train batch [840/1875] loss=0.1386 avg_loss=0.1721. Resources: rss=2092.2MB, peak_rss=2472.7MB, cuda_alloc=351.3MB, cuda_reserved=42524.0MB, cuda_peak_alloc=3638.3MB, cuda_free=5442.9MB, cuda_total=48519.1MB
[2026-06-10 03:18:24] Epoch 14 train batch [860/1875] loss=0.0537 avg_loss=0.1715. Resources: rss=2092.2MB, peak_rss=2472.7MB, cuda_alloc=351.3MB, cuda_reserved=42524.0MB, cuda_peak_alloc=3638.3MB, cuda_free=5442.9MB, cuda_total=48519.1MB
[2026-06-10 03:18:26] Epoch 14 train batch [880/1875] loss=0.1752 avg_loss=0.1718. Resources: rss=2092.2MB, peak_rss=2472.7MB, cuda_alloc=351.3MB, cuda_reserved=42524.0MB, cuda_peak_alloc=3638.3MB, cuda_free=5442.9MB, cuda_total=48519.1MB
[2026-06-10 03:18:29] Epoch 14 train batch [900/1875] loss=0.2808 avg_loss=0.1719. Resources: rss=2092.2MB, peak_rss=2472.7MB, cuda_alloc=351.3MB, cuda_reserved=42524.0MB, cuda_peak_alloc=3638.3MB, cuda_free=5442.9MB, cuda_total=48519.1MB
[2026-06-10 03:18:32] Epoch 14 train batch [920/1875] loss=0.1894 avg_loss=0.1722. Resources: rss=2092.2MB, peak_rss=2472.7MB, cuda_alloc=351.3MB, cuda_reserved=42524.0MB, cuda_peak_alloc=3638.3MB, cuda_free=5442.9MB, cuda_total=48519.1MB
[2026-06-10 03:18:34] Epoch 14 train batch [940/1875] loss=0.0742 avg_loss=0.1721. Resources: rss=2092.2MB, peak_rss=2472.7MB, cuda_alloc=351.3MB, cuda_reserved=42524.0MB, cuda_peak_alloc=3638.3MB, cuda_free=5442.9MB, cuda_total=48519.1MB
[2026-06-10 03:18:37] Epoch 14 train batch [960/1875] loss=0.1549 avg_loss=0.1722. Resources: rss=2092.2MB, peak_rss=2472.7MB, cuda_alloc=351.3MB, cuda_reserved=42524.0MB, cuda_peak_alloc=3638.3MB, cuda_free=5442.9MB, cuda_total=48519.1MB
[2026-06-10 03:18:39] Epoch 14 train batch [980/1875] loss=0.1072 avg_loss=0.1725. Resources: rss=2092.2MB, peak_rss=2472.7MB, cuda_alloc=351.3MB, cuda_reserved=42524.0MB, cuda_peak_alloc=3638.3MB, cuda_free=5442.9MB, cuda_total=48519.1MB
[2026-06-10 03:18:42] Epoch 14 train batch [1000/1875] loss=0.1483 avg_loss=0.1729. Resources: rss=2092.2MB, peak_rss=2472.7MB, cuda_alloc=351.3MB, cuda_reserved=42524.0MB, cuda_peak_alloc=3638.3MB, cuda_free=5442.9MB, cuda_total=48519.1MB
[2026-06-10 03:18:45] Epoch 14 train batch [1020/1875] loss=0.1569 avg_loss=0.1728. Resources: rss=2092.2MB, peak_rss=2472.7MB, cuda_alloc=351.3MB, cuda_reserved=42524.0MB, cuda_peak_alloc=3638.3MB, cuda_free=5442.9MB, cuda_total=48519.1MB
[2026-06-10 03:18:47] Epoch 14 train batch [1040/1875] loss=0.1266 avg_loss=0.1726. Resources: rss=2092.2MB, peak_rss=2472.7MB, cuda_alloc=351.3MB, cuda_reserved=42524.0MB, cuda_peak_alloc=3638.3MB, cuda_free=5442.9MB, cuda_total=48519.1MB
[2026-06-10 03:18:50] Epoch 14 train batch [1060/1875] loss=0.0618 avg_loss=0.1724. Resources: rss=2079.4MB, peak_rss=2472.7MB, cuda_alloc=351.3MB, cuda_reserved=42524.0MB, cuda_peak_alloc=3638.3MB, cuda_free=5442.9MB, cuda_total=48519.1MB
[2026-06-10 03:18:52] Epoch 14 train batch [1080/1875] loss=0.0865 avg_loss=0.1723. Resources: rss=2082.4MB, peak_rss=2472.7MB, cuda_alloc=351.3MB, cuda_reserved=42524.0MB, cuda_peak_alloc=3638.3MB, cuda_free=5442.9MB, cuda_total=48519.1MB
[2026-06-10 03:18:55] Epoch 14 train batch [1100/1875] loss=0.1297 avg_loss=0.1719. Resources: rss=2085.1MB, peak_rss=2472.7MB, cuda_alloc=351.3MB, cuda_reserved=42524.0MB, cuda_peak_alloc=3638.3MB, cuda_free=5442.9MB, cuda_total=48519.1MB
[2026-06-10 03:18:58] Epoch 14 train batch [1120/1875] loss=0.2108 avg_loss=0.1719. Resources: rss=2085.1MB, peak_rss=2472.7MB, cuda_alloc=351.3MB, cuda_reserved=42524.0MB, cuda_peak_alloc=3638.3MB, cuda_free=5442.9MB, cuda_total=48519.1MB
[2026-06-10 03:19:00] Epoch 14 train batch [1140/1875] loss=0.2371 avg_loss=0.1717. Resources: rss=2085.1MB, peak_rss=2472.7MB, cuda_alloc=351.3MB, cuda_reserved=42524.0MB, cuda_peak_alloc=3638.3MB, cuda_free=5443.8MB, cuda_total=48519.1MB
[2026-06-10 03:19:03] Epoch 14 train batch [1160/1875] loss=0.1616 avg_loss=0.1714. Resources: rss=2085.1MB, peak_rss=2472.7MB, cuda_alloc=351.3MB, cuda_reserved=42524.0MB, cuda_peak_alloc=3638.3MB, cuda_free=5443.8MB, cuda_total=48519.1MB
[2026-06-10 03:19:05] Epoch 14 train batch [1180/1875] loss=0.2604 avg_loss=0.1712. Resources: rss=2088.6MB, peak_rss=2472.7MB, cuda_alloc=351.3MB, cuda_reserved=42524.0MB, cuda_peak_alloc=3638.3MB, cuda_free=5443.8MB, cuda_total=48519.1MB
[2026-06-10 03:19:08] Epoch 14 train batch [1200/1875] loss=0.2097 avg_loss=0.1710. Resources: rss=2078.7MB, peak_rss=2472.7MB, cuda_alloc=351.3MB, cuda_reserved=42524.0MB, cuda_peak_alloc=3638.3MB, cuda_free=5443.8MB, cuda_total=48519.1MB
[2026-06-10 03:19:10] Epoch 14 train batch [1220/1875] loss=0.0982 avg_loss=0.1710. Resources: rss=2084.9MB, peak_rss=2472.7MB, cuda_alloc=351.3MB, cuda_reserved=42524.0MB, cuda_peak_alloc=3638.3MB, cuda_free=5443.8MB, cuda_total=48519.1MB
[2026-06-10 03:19:13] Epoch 14 train batch [1240/1875] loss=0.1495 avg_loss=0.1708. Resources: rss=2089.2MB, peak_rss=2472.7MB, cuda_alloc=351.3MB, cuda_reserved=42524.0MB, cuda_peak_alloc=3638.3MB, cuda_free=5443.8MB, cuda_total=48519.1MB
[2026-06-10 03:19:16] Epoch 14 train batch [1260/1875] loss=0.1921 avg_loss=0.1705. Resources: rss=2089.7MB, peak_rss=2472.7MB, cuda_alloc=351.3MB, cuda_reserved=42524.0MB, cuda_peak_alloc=3638.3MB, cuda_free=5443.8MB, cuda_total=48519.1MB
[2026-06-10 03:19:18] Epoch 14 train batch [1280/1875] loss=0.0734 avg_loss=0.1707. Resources: rss=2089.7MB, peak_rss=2472.7MB, cuda_alloc=351.3MB, cuda_reserved=42524.0MB, cuda_peak_alloc=3638.3MB, cuda_free=5443.8MB, cuda_total=48519.1MB
[2026-06-10 03:19:21] Epoch 14 train batch [1300/1875] loss=0.0982 avg_loss=0.1707. Resources: rss=2089.7MB, peak_rss=2472.7MB, cuda_alloc=351.3MB, cuda_reserved=42524.0MB, cuda_peak_alloc=3638.3MB, cuda_free=5443.8MB, cuda_total=48519.1MB
[2026-06-10 03:19:23] Epoch 14 train batch [1320/1875] loss=0.1063 avg_loss=0.1705. Resources: rss=2089.7MB, peak_rss=2472.7MB, cuda_alloc=351.3MB, cuda_reserved=42524.0MB, cuda_peak_alloc=3638.3MB, cuda_free=5443.8MB, cuda_total=48519.1MB
[2026-06-10 03:19:26] Epoch 14 train batch [1340/1875] loss=0.1761 avg_loss=0.1699. Resources: rss=2089.7MB, peak_rss=2472.7MB, cuda_alloc=351.3MB, cuda_reserved=42524.0MB, cuda_peak_alloc=3638.3MB, cuda_free=5443.8MB, cuda_total=48519.1MB
[2026-06-10 03:19:29] Epoch 14 train batch [1360/1875] loss=0.1270 avg_loss=0.1700. Resources: rss=2089.7MB, peak_rss=2472.7MB, cuda_alloc=351.3MB, cuda_reserved=42524.0MB, cuda_peak_alloc=3638.3MB, cuda_free=5443.8MB, cuda_total=48519.1MB
[2026-06-10 03:19:32] Epoch 14 train batch [1380/1875] loss=0.1409 avg_loss=0.1699. Resources: rss=2089.7MB, peak_rss=2472.7MB, cuda_alloc=351.3MB, cuda_reserved=42524.0MB, cuda_peak_alloc=3638.3MB, cuda_free=5443.8MB, cuda_total=48519.1MB
[2026-06-10 03:19:34] Epoch 14 train batch [1400/1875] loss=0.1413 avg_loss=0.1699. Resources: rss=2089.7MB, peak_rss=2472.7MB, cuda_alloc=351.3MB, cuda_reserved=42524.0MB, cuda_peak_alloc=3638.3MB, cuda_free=5443.8MB, cuda_total=48519.1MB
[2026-06-10 03:19:37] Epoch 14 train batch [1420/1875] loss=0.1089 avg_loss=0.1698. Resources: rss=2090.9MB, peak_rss=2472.7MB, cuda_alloc=351.3MB, cuda_reserved=42524.0MB, cuda_peak_alloc=3638.3MB, cuda_free=5443.8MB, cuda_total=48519.1MB
[2026-06-10 03:19:39] Epoch 14 train batch [1440/1875] loss=0.0971 avg_loss=0.1694. Resources: rss=2090.9MB, peak_rss=2472.7MB, cuda_alloc=351.3MB, cuda_reserved=42524.0MB, cuda_peak_alloc=3638.3MB, cuda_free=5443.8MB, cuda_total=48519.1MB
[2026-06-10 03:19:42] Epoch 14 train batch [1460/1875] loss=0.1513 avg_loss=0.1694. Resources: rss=2090.9MB, peak_rss=2472.7MB, cuda_alloc=351.3MB, cuda_reserved=42524.0MB, cuda_peak_alloc=3638.3MB, cuda_free=5443.8MB, cuda_total=48519.1MB
[2026-06-10 03:19:45] Epoch 14 train batch [1480/1875] loss=0.4115 avg_loss=0.1696. Resources: rss=2090.9MB, peak_rss=2472.7MB, cuda_alloc=351.3MB, cuda_reserved=42524.0MB, cuda_peak_alloc=3638.3MB, cuda_free=5443.8MB, cuda_total=48519.1MB
[2026-06-10 03:19:47] Epoch 14 train batch [1500/1875] loss=0.1479 avg_loss=0.1693. Resources: rss=2090.9MB, peak_rss=2472.7MB, cuda_alloc=351.3MB, cuda_reserved=42524.0MB, cuda_peak_alloc=3638.3MB, cuda_free=5443.8MB, cuda_total=48519.1MB
[2026-06-10 03:19:50] Epoch 14 train batch [1520/1875] loss=0.1292 avg_loss=0.1697. Resources: rss=2090.9MB, peak_rss=2472.7MB, cuda_alloc=351.3MB, cuda_reserved=42524.0MB, cuda_peak_alloc=3638.3MB, cuda_free=5443.8MB, cuda_total=48519.1MB
[2026-06-10 03:19:52] Epoch 14 train batch [1540/1875] loss=0.1636 avg_loss=0.1696. Resources: rss=2090.9MB, peak_rss=2472.7MB, cuda_alloc=351.3MB, cuda_reserved=42524.0MB, cuda_peak_alloc=3638.3MB, cuda_free=5443.8MB, cuda_total=48519.1MB
[2026-06-10 03:19:56] Epoch 14 train batch [1560/1875] loss=0.1317 avg_loss=0.1695. Resources: rss=2091.2MB, peak_rss=2472.7MB, cuda_alloc=351.3MB, cuda_reserved=20922.0MB, cuda_peak_alloc=3638.3MB, cuda_free=27045.8MB, cuda_total=48519.1MB
[2026-06-10 03:19:58] Epoch 14 train batch [1580/1875] loss=0.1551 avg_loss=0.1696. Resources: rss=2091.2MB, peak_rss=2472.7MB, cuda_alloc=351.3MB, cuda_reserved=20922.0MB, cuda_peak_alloc=3638.3MB, cuda_free=27045.8MB, cuda_total=48519.1MB
[2026-06-10 03:20:01] Epoch 14 train batch [1600/1875] loss=0.1153 avg_loss=0.1695. Resources: rss=2091.2MB, peak_rss=2472.7MB, cuda_alloc=351.3MB, cuda_reserved=20922.0MB, cuda_peak_alloc=3638.3MB, cuda_free=27045.8MB, cuda_total=48519.1MB
[2026-06-10 03:20:03] Epoch 14 train batch [1620/1875] loss=0.0911 avg_loss=0.1692. Resources: rss=2091.2MB, peak_rss=2472.7MB, cuda_alloc=351.3MB, cuda_reserved=22002.0MB, cuda_peak_alloc=3638.3MB, cuda_free=25965.8MB, cuda_total=48519.1MB
[2026-06-10 03:20:06] Epoch 14 train batch [1640/1875] loss=0.2530 avg_loss=0.1689. Resources: rss=2091.2MB, peak_rss=2472.7MB, cuda_alloc=351.3MB, cuda_reserved=22002.0MB, cuda_peak_alloc=3638.3MB, cuda_free=25965.8MB, cuda_total=48519.1MB
[2026-06-10 03:20:09] Epoch 14 train batch [1660/1875] loss=0.2003 avg_loss=0.1687. Resources: rss=2091.2MB, peak_rss=2472.7MB, cuda_alloc=351.3MB, cuda_reserved=22002.0MB, cuda_peak_alloc=3638.3MB, cuda_free=25965.8MB, cuda_total=48519.1MB
[2026-06-10 03:20:11] Epoch 14 train batch [1680/1875] loss=0.3017 avg_loss=0.1686. Resources: rss=2081.0MB, peak_rss=2472.7MB, cuda_alloc=351.3MB, cuda_reserved=22002.0MB, cuda_peak_alloc=3638.3MB, cuda_free=25965.8MB, cuda_total=48519.1MB
[2026-06-10 03:20:14] Epoch 14 train batch [1700/1875] loss=0.1151 avg_loss=0.1684. Resources: rss=2081.2MB, peak_rss=2472.7MB, cuda_alloc=351.3MB, cuda_reserved=24722.0MB, cuda_peak_alloc=3638.3MB, cuda_free=23245.8MB, cuda_total=48519.1MB
[2026-06-10 03:20:17] Epoch 14 train batch [1720/1875] loss=0.1906 avg_loss=0.1684. Resources: rss=2084.7MB, peak_rss=2472.7MB, cuda_alloc=351.3MB, cuda_reserved=24722.0MB, cuda_peak_alloc=3638.3MB, cuda_free=23245.8MB, cuda_total=48519.1MB
[2026-06-10 03:20:19] Epoch 14 train batch [1740/1875] loss=0.2025 avg_loss=0.1684. Resources: rss=2084.7MB, peak_rss=2472.7MB, cuda_alloc=351.3MB, cuda_reserved=24722.0MB, cuda_peak_alloc=3638.3MB, cuda_free=23245.8MB, cuda_total=48519.1MB
[2026-06-10 03:20:22] Epoch 14 train batch [1760/1875] loss=0.0830 avg_loss=0.1684. Resources: rss=2086.2MB, peak_rss=2472.7MB, cuda_alloc=351.3MB, cuda_reserved=39382.0MB, cuda_peak_alloc=3638.3MB, cuda_free=8585.8MB, cuda_total=48519.1MB
[2026-06-10 03:20:24] Epoch 14 train batch [1780/1875] loss=0.3041 avg_loss=0.1682. Resources: rss=2086.5MB, peak_rss=2472.7MB, cuda_alloc=351.3MB, cuda_reserved=42822.0MB, cuda_peak_alloc=3638.3MB, cuda_free=5145.8MB, cuda_total=48519.1MB
[2026-06-10 03:20:27] Epoch 14 train batch [1800/1875] loss=0.1517 avg_loss=0.1681. Resources: rss=2086.5MB, peak_rss=2472.7MB, cuda_alloc=351.3MB, cuda_reserved=42822.0MB, cuda_peak_alloc=3638.3MB, cuda_free=5145.8MB, cuda_total=48519.1MB
[2026-06-10 03:20:30] Epoch 14 train batch [1820/1875] loss=0.1011 avg_loss=0.1677. Resources: rss=2086.5MB, peak_rss=2472.7MB, cuda_alloc=351.3MB, cuda_reserved=42822.0MB, cuda_peak_alloc=3638.3MB, cuda_free=5145.8MB, cuda_total=48519.1MB
[2026-06-10 03:20:32] Epoch 14 train batch [1840/1875] loss=0.3597 avg_loss=0.1677. Resources: rss=2086.5MB, peak_rss=2472.7MB, cuda_alloc=351.3MB, cuda_reserved=42822.0MB, cuda_peak_alloc=3638.3MB, cuda_free=5145.8MB, cuda_total=48519.1MB
[2026-06-10 03:20:36] Epoch 14 train batch [1860/1875] loss=0.1724 avg_loss=0.1677. Resources: rss=2087.0MB, peak_rss=2472.7MB, cuda_alloc=351.3MB, cuda_reserved=27622.0MB, cuda_peak_alloc=3638.3MB, cuda_free=20345.8MB, cuda_total=48519.1MB
[2026-06-10 03:20:38] Epoch 14 train batch [1875/1875] loss=0.2281 avg_loss=0.1680. Resources: rss=2087.0MB, peak_rss=2472.7MB, cuda_alloc=351.3MB, cuda_reserved=35762.0MB, cuda_peak_alloc=3638.3MB, cuda_free=12205.8MB, cuda_total=48519.1MB
[2026-06-10 03:20:38] Epoch 14 training completed. Resources: rss=2087.0MB, peak_rss=2472.7MB, cuda_alloc=351.3MB, cuda_reserved=35762.0MB, cuda_peak_alloc=3638.3MB, cuda_free=12205.8MB, cuda_total=48519.1MB
[2026-06-10 03:20:39] Epoch 14 cache released before validation loss. Resources: rss=2032.5MB, peak_rss=2472.7MB, cuda_alloc=351.3MB, cuda_reserved=510.0MB, cuda_peak_alloc=351.3MB, cuda_free=47457.8MB, cuda_total=48519.1MB
[2026-06-10 03:20:59] Epoch 14 validation loss completed: 0.5189. Resources: rss=2088.0MB, peak_rss=2472.7MB, cuda_alloc=351.3MB, cuda_reserved=7980.0MB, cuda_peak_alloc=1426.1MB, cuda_free=39987.8MB, cuda_total=48519.1MB
[2026-06-10 03:21:00] Epoch 14 cache released before detection metrics. Resources: rss=2028.6MB, peak_rss=2472.7MB, cuda_alloc=351.3MB, cuda_reserved=510.0MB, cuda_peak_alloc=351.3MB, cuda_free=47457.8MB, cuda_total=48519.1MB
[2026-06-10 03:21:20] Epoch 14 prediction tensors moved to CPU. Computing metrics. Resources: rss=2029.5MB, peak_rss=2472.7MB, cuda_alloc=351.3MB, cuda_reserved=510.0MB, cuda_peak_alloc=351.3MB, cuda_free=47457.8MB, cuda_total=48519.1MB
[2026-06-10 03:21:20] Epoch 14 metrics computed (mAP@0.5 only). Saving artifacts. Resources: rss=2030.3MB, peak_rss=2472.7MB, cuda_alloc=351.3MB, cuda_reserved=510.0MB, cuda_peak_alloc=351.3MB, cuda_free=47457.8MB, cuda_total=48519.1MB
[2026-06-10 03:21:20] Epoch 14 did not improve mAP@0.5 enough. Early stopping counter: 6/10.
Epoch [14/30]
├── Train Loss : 0.1680
│   ├── loss_classifier  : 0.0877
│   ├── loss_box_reg     : 0.0803
│   ├── loss_objectness  : 0.0000
│   └── loss_rpn_box_reg : 0.0000
├── Val Loss   : 0.5189
├── mAP@0.5    : 0.6566
├── mAP@0.75   : n/a
├── mAP@0.5:0.95 : n/a
├── Precision  : 0.7155
├── Recall     : 0.6744
├── GT Boxes   : 2021
├── Predictions: 1905
├── Per-class AP
│   ├── person  : AP50=0.6124, AP75=n/a, AP50:95=n/a, P=0.8389, R=0.6499
│   ├── car     : AP50=0.6472, AP75=n/a, AP50:95=n/a, P=0.7106, R=0.6855
│   ├── dog     : AP50=0.7813, AP75=n/a, AP50:95=n/a, P=0.5466, R=0.8544
│   ├── cat     : AP50=0.8109, AP75=n/a, AP50:95=n/a, P=0.7807, R=0.8295
│   └── chair   : AP50=0.4314, AP75=n/a, AP50:95=n/a, P=0.5120, R=0.5284
├── LR         : 0.001000
└── Time       : 289.7s
[2026-06-10 03:21:21] Epoch [14/30] completed. Resources: rss=2029.4MB, peak_rss=2472.7MB, cuda_alloc=351.3MB, cuda_reserved=510.0MB, cuda_peak_alloc=351.3MB, cuda_free=47457.8MB, cuda_total=48519.1MB
[2026-06-10 03:21:21] Epoch [15/30] started. Resources: rss=2029.4MB, peak_rss=2472.7MB, cuda_alloc=351.3MB, cuda_reserved=510.0MB, cuda_peak_alloc=351.3MB, cuda_free=47457.8MB, cuda_total=48519.1MB
[2026-06-10 03:21:23] Epoch 15 train batch [20/1875] loss=0.1649 avg_loss=0.1661. Resources: rss=2073.6MB, peak_rss=2472.7MB, cuda_alloc=351.3MB, cuda_reserved=40442.0MB, cuda_peak_alloc=3637.5MB, cuda_free=7525.8MB, cuda_total=48519.1MB
[2026-06-10 03:21:27] Epoch 15 train batch [40/1875] loss=0.1064 avg_loss=0.1647. Resources: rss=2055.3MB, peak_rss=2472.7MB, cuda_alloc=351.3MB, cuda_reserved=23982.0MB, cuda_peak_alloc=3637.5MB, cuda_free=23985.8MB, cuda_total=48519.1MB
[2026-06-10 03:21:29] Epoch 15 train batch [60/1875] loss=0.1498 avg_loss=0.1579. Resources: rss=2082.3MB, peak_rss=2472.7MB, cuda_alloc=351.3MB, cuda_reserved=40122.0MB, cuda_peak_alloc=3638.2MB, cuda_free=7845.8MB, cuda_total=48519.1MB
[2026-06-10 03:21:32] Epoch 15 train batch [80/1875] loss=0.2219 avg_loss=0.1537. Resources: rss=2085.5MB, peak_rss=2472.7MB, cuda_alloc=351.3MB, cuda_reserved=45322.0MB, cuda_peak_alloc=3638.2MB, cuda_free=2645.8MB, cuda_total=48519.1MB
[2026-06-10 03:21:34] Epoch 15 train batch [100/1875] loss=0.1421 avg_loss=0.1513. Resources: rss=2085.8MB, peak_rss=2472.7MB, cuda_alloc=351.3MB, cuda_reserved=45322.0MB, cuda_peak_alloc=3638.2MB, cuda_free=2645.8MB, cuda_total=48519.1MB
[2026-06-10 03:21:37] Epoch 15 train batch [120/1875] loss=0.1312 avg_loss=0.1535. Resources: rss=2085.8MB, peak_rss=2472.7MB, cuda_alloc=351.3MB, cuda_reserved=45322.0MB, cuda_peak_alloc=3638.2MB, cuda_free=2645.8MB, cuda_total=48519.1MB
[2026-06-10 03:21:39] Epoch 15 train batch [140/1875] loss=0.0928 avg_loss=0.1517. Resources: rss=2086.5MB, peak_rss=2472.7MB, cuda_alloc=351.3MB, cuda_reserved=45322.0MB, cuda_peak_alloc=3638.2MB, cuda_free=2645.8MB, cuda_total=48519.1MB
[2026-06-10 03:21:43] Epoch 15 train batch [160/1875] loss=0.1663 avg_loss=0.1511. Resources: rss=2087.0MB, peak_rss=2472.7MB, cuda_alloc=351.3MB, cuda_reserved=27242.0MB, cuda_peak_alloc=3638.2MB, cuda_free=20725.8MB, cuda_total=48519.1MB
[2026-06-10 03:21:46] Epoch 15 train batch [180/1875] loss=0.1005 avg_loss=0.1499. Resources: rss=2088.0MB, peak_rss=2472.7MB, cuda_alloc=351.3MB, cuda_reserved=20662.0MB, cuda_peak_alloc=3638.2MB, cuda_free=27305.8MB, cuda_total=48519.1MB
[2026-06-10 03:21:49] Epoch 15 train batch [200/1875] loss=0.0958 avg_loss=0.1505. Resources: rss=2088.0MB, peak_rss=2472.7MB, cuda_alloc=351.3MB, cuda_reserved=35162.0MB, cuda_peak_alloc=3638.2MB, cuda_free=12805.8MB, cuda_total=48519.1MB
[2026-06-10 03:21:52] Epoch 15 train batch [220/1875] loss=0.1620 avg_loss=0.1535. Resources: rss=2088.5MB, peak_rss=2472.7MB, cuda_alloc=351.3MB, cuda_reserved=23942.0MB, cuda_peak_alloc=3638.2MB, cuda_free=24025.8MB, cuda_total=48519.1MB
[2026-06-10 03:21:55] Epoch 15 train batch [240/1875] loss=0.1939 avg_loss=0.1525. Resources: rss=2090.0MB, peak_rss=2472.7MB, cuda_alloc=351.3MB, cuda_reserved=16982.0MB, cuda_peak_alloc=3638.2MB, cuda_free=30985.8MB, cuda_total=48519.1MB
[2026-06-10 03:21:58] Epoch 15 train batch [260/1875] loss=0.1977 avg_loss=0.1530. Resources: rss=2090.0MB, peak_rss=2472.7MB, cuda_alloc=351.3MB, cuda_reserved=25922.0MB, cuda_peak_alloc=3638.2MB, cuda_free=22045.8MB, cuda_total=48519.1MB
[2026-06-10 03:22:01] Epoch 15 train batch [280/1875] loss=0.2391 avg_loss=0.1545. Resources: rss=2090.5MB, peak_rss=2472.7MB, cuda_alloc=351.3MB, cuda_reserved=10802.0MB, cuda_peak_alloc=3638.2MB, cuda_free=37165.8MB, cuda_total=48519.1MB
[2026-06-10 03:22:04] Epoch 15 train batch [300/1875] loss=0.2548 avg_loss=0.1552. Resources: rss=2092.5MB, peak_rss=2472.7MB, cuda_alloc=351.3MB, cuda_reserved=21302.0MB, cuda_peak_alloc=3638.2MB, cuda_free=26665.8MB, cuda_total=48519.1MB
[2026-06-10 03:22:07] Epoch 15 train batch [320/1875] loss=0.2536 avg_loss=0.1560. Resources: rss=2092.5MB, peak_rss=2472.7MB, cuda_alloc=351.3MB, cuda_reserved=25842.0MB, cuda_peak_alloc=3638.2MB, cuda_free=22125.8MB, cuda_total=48519.1MB
[2026-06-10 03:22:09] Epoch 15 train batch [340/1875] loss=0.1533 avg_loss=0.1560. Resources: rss=2092.5MB, peak_rss=2472.7MB, cuda_alloc=351.3MB, cuda_reserved=39562.0MB, cuda_peak_alloc=3638.2MB, cuda_free=8405.8MB, cuda_total=48519.1MB
[2026-06-10 03:22:12] Epoch 15 train batch [360/1875] loss=0.0653 avg_loss=0.1560. Resources: rss=2092.5MB, peak_rss=2472.7MB, cuda_alloc=351.3MB, cuda_reserved=39562.0MB, cuda_peak_alloc=3638.2MB, cuda_free=8405.8MB, cuda_total=48519.1MB
[2026-06-10 03:22:15] Epoch 15 train batch [380/1875] loss=0.0805 avg_loss=0.1563. Resources: rss=2092.5MB, peak_rss=2472.7MB, cuda_alloc=351.3MB, cuda_reserved=40822.0MB, cuda_peak_alloc=3638.2MB, cuda_free=7145.8MB, cuda_total=48519.1MB
[2026-06-10 03:22:17] Epoch 15 train batch [400/1875] loss=0.1437 avg_loss=0.1567. Resources: rss=2092.5MB, peak_rss=2472.7MB, cuda_alloc=351.3MB, cuda_reserved=47842.0MB, cuda_peak_alloc=3638.2MB, cuda_free=125.8MB, cuda_total=48519.1MB
[2026-06-10 03:22:20] Epoch 15 train batch [420/1875] loss=0.2507 avg_loss=0.1567. Resources: rss=2092.5MB, peak_rss=2472.7MB, cuda_alloc=351.3MB, cuda_reserved=47842.0MB, cuda_peak_alloc=3638.2MB, cuda_free=125.8MB, cuda_total=48519.1MB
[2026-06-10 03:22:22] Epoch 15 train batch [440/1875] loss=0.1188 avg_loss=0.1558. Resources: rss=2092.5MB, peak_rss=2472.7MB, cuda_alloc=351.3MB, cuda_reserved=47842.0MB, cuda_peak_alloc=3638.2MB, cuda_free=125.8MB, cuda_total=48519.1MB
[2026-06-10 03:22:25] Epoch 15 train batch [460/1875] loss=0.1164 avg_loss=0.1561. Resources: rss=2094.0MB, peak_rss=2472.7MB, cuda_alloc=351.3MB, cuda_reserved=47842.0MB, cuda_peak_alloc=3638.2MB, cuda_free=125.8MB, cuda_total=48519.1MB
[2026-06-10 03:22:28] Epoch 15 train batch [480/1875] loss=0.3024 avg_loss=0.1562. Resources: rss=2094.0MB, peak_rss=2472.7MB, cuda_alloc=351.3MB, cuda_reserved=47842.0MB, cuda_peak_alloc=3638.2MB, cuda_free=125.8MB, cuda_total=48519.1MB
[2026-06-10 03:22:30] Epoch 15 train batch [500/1875] loss=0.1140 avg_loss=0.1557. Resources: rss=2094.0MB, peak_rss=2472.7MB, cuda_alloc=351.3MB, cuda_reserved=47902.0MB, cuda_peak_alloc=3638.2MB, cuda_free=65.8MB, cuda_total=48519.1MB
[2026-06-10 03:22:34] Epoch 15 train batch [520/1875] loss=0.0803 avg_loss=0.1549. Resources: rss=2085.7MB, peak_rss=2472.7MB, cuda_alloc=351.3MB, cuda_reserved=27702.0MB, cuda_peak_alloc=3638.2MB, cuda_free=20265.8MB, cuda_total=48519.1MB
[2026-06-10 03:22:37] Epoch 15 train batch [540/1875] loss=0.0573 avg_loss=0.1555. Resources: rss=2085.7MB, peak_rss=2472.7MB, cuda_alloc=351.3MB, cuda_reserved=14482.0MB, cuda_peak_alloc=3638.2MB, cuda_free=33485.8MB, cuda_total=48519.1MB
[2026-06-10 03:22:40] Epoch 15 train batch [560/1875] loss=0.2310 avg_loss=0.1558. Resources: rss=2090.4MB, peak_rss=2472.7MB, cuda_alloc=351.3MB, cuda_reserved=40842.0MB, cuda_peak_alloc=3638.2MB, cuda_free=7125.8MB, cuda_total=48519.1MB
[2026-06-10 03:22:44] Epoch 15 train batch [580/1875] loss=0.1356 avg_loss=0.1558. Resources: rss=2090.4MB, peak_rss=2472.7MB, cuda_alloc=351.3MB, cuda_reserved=21102.0MB, cuda_peak_alloc=3638.2MB, cuda_free=26865.8MB, cuda_total=48519.1MB
[2026-06-10 03:22:46] Epoch 15 train batch [600/1875] loss=0.0881 avg_loss=0.1556. Resources: rss=2090.4MB, peak_rss=2472.7MB, cuda_alloc=351.3MB, cuda_reserved=27182.0MB, cuda_peak_alloc=3638.2MB, cuda_free=20785.8MB, cuda_total=48519.1MB
[2026-06-10 03:22:49] Epoch 15 train batch [620/1875] loss=0.2412 avg_loss=0.1555. Resources: rss=2090.4MB, peak_rss=2472.7MB, cuda_alloc=351.3MB, cuda_reserved=34082.0MB, cuda_peak_alloc=3638.2MB, cuda_free=13885.8MB, cuda_total=48519.1MB
[2026-06-10 03:22:51] Epoch 15 train batch [640/1875] loss=0.1629 avg_loss=0.1555. Resources: rss=2090.4MB, peak_rss=2472.7MB, cuda_alloc=351.3MB, cuda_reserved=34222.0MB, cuda_peak_alloc=3638.2MB, cuda_free=13745.8MB, cuda_total=48519.1MB
[2026-06-10 03:22:54] Epoch 15 train batch [660/1875] loss=0.0803 avg_loss=0.1560. Resources: rss=2065.1MB, peak_rss=2472.7MB, cuda_alloc=351.3MB, cuda_reserved=34222.0MB, cuda_peak_alloc=3638.2MB, cuda_free=13745.8MB, cuda_total=48519.1MB
[2026-06-10 03:22:57] Epoch 15 train batch [680/1875] loss=0.0912 avg_loss=0.1559. Resources: rss=2078.4MB, peak_rss=2472.7MB, cuda_alloc=351.3MB, cuda_reserved=34222.0MB, cuda_peak_alloc=3638.2MB, cuda_free=13745.8MB, cuda_total=48519.1MB
[2026-06-10 03:22:59] Epoch 15 train batch [700/1875] loss=0.0584 avg_loss=0.1554. Resources: rss=2079.1MB, peak_rss=2472.7MB, cuda_alloc=351.3MB, cuda_reserved=34222.0MB, cuda_peak_alloc=3638.2MB, cuda_free=13745.8MB, cuda_total=48519.1MB
[2026-06-10 03:23:02] Epoch 15 train batch [720/1875] loss=0.2012 avg_loss=0.1561. Resources: rss=2083.1MB, peak_rss=2472.7MB, cuda_alloc=351.3MB, cuda_reserved=34222.0MB, cuda_peak_alloc=3638.2MB, cuda_free=13745.8MB, cuda_total=48519.1MB
[2026-06-10 03:23:05] Epoch 15 train batch [740/1875] loss=0.1919 avg_loss=0.1563. Resources: rss=2086.4MB, peak_rss=2472.7MB, cuda_alloc=351.3MB, cuda_reserved=47444.0MB, cuda_peak_alloc=3638.2MB, cuda_free=523.8MB, cuda_total=48519.1MB
[2026-06-10 03:23:08] Epoch 15 train batch [760/1875] loss=0.1121 avg_loss=0.1562. Resources: rss=2088.4MB, peak_rss=2472.7MB, cuda_alloc=351.3MB, cuda_reserved=42902.0MB, cuda_peak_alloc=3638.2MB, cuda_free=5065.8MB, cuda_total=48519.1MB
[2026-06-10 03:23:12] Epoch 15 train batch [780/1875] loss=0.2813 avg_loss=0.1558. Resources: rss=2088.6MB, peak_rss=2472.7MB, cuda_alloc=351.3MB, cuda_reserved=21802.0MB, cuda_peak_alloc=3638.2MB, cuda_free=26165.8MB, cuda_total=48519.1MB
[2026-06-10 03:23:14] Epoch 15 train batch [800/1875] loss=0.1616 avg_loss=0.1552. Resources: rss=2088.6MB, peak_rss=2472.7MB, cuda_alloc=351.3MB, cuda_reserved=30802.0MB, cuda_peak_alloc=3638.2MB, cuda_free=17165.8MB, cuda_total=48519.1MB
[2026-06-10 03:23:17] Epoch 15 train batch [820/1875] loss=0.1240 avg_loss=0.1551. Resources: rss=2088.6MB, peak_rss=2472.7MB, cuda_alloc=351.3MB, cuda_reserved=30802.0MB, cuda_peak_alloc=3638.2MB, cuda_free=17165.8MB, cuda_total=48519.1MB
[2026-06-10 03:23:19] Epoch 15 train batch [840/1875] loss=0.3469 avg_loss=0.1559. Resources: rss=2088.6MB, peak_rss=2472.7MB, cuda_alloc=351.3MB, cuda_reserved=30802.0MB, cuda_peak_alloc=3638.2MB, cuda_free=17165.8MB, cuda_total=48519.1MB
[2026-06-10 03:23:22] Epoch 15 train batch [860/1875] loss=0.1751 avg_loss=0.1558. Resources: rss=2088.6MB, peak_rss=2472.7MB, cuda_alloc=351.3MB, cuda_reserved=40702.0MB, cuda_peak_alloc=3638.2MB, cuda_free=7265.8MB, cuda_total=48519.1MB
[2026-06-10 03:23:25] Epoch 15 train batch [880/1875] loss=0.2008 avg_loss=0.1556. Resources: rss=2088.6MB, peak_rss=2472.7MB, cuda_alloc=351.3MB, cuda_reserved=40702.0MB, cuda_peak_alloc=3638.2MB, cuda_free=7265.8MB, cuda_total=48519.1MB
[2026-06-10 03:23:27] Epoch 15 train batch [900/1875] loss=0.1879 avg_loss=0.1561. Resources: rss=2088.6MB, peak_rss=2472.7MB, cuda_alloc=351.3MB, cuda_reserved=40702.0MB, cuda_peak_alloc=3638.2MB, cuda_free=7265.8MB, cuda_total=48519.1MB
[2026-06-10 03:23:30] Epoch 15 train batch [920/1875] loss=0.2056 avg_loss=0.1561. Resources: rss=2088.6MB, peak_rss=2472.7MB, cuda_alloc=351.3MB, cuda_reserved=40702.0MB, cuda_peak_alloc=3638.2MB, cuda_free=7265.8MB, cuda_total=48519.1MB
[2026-06-10 03:23:33] Epoch 15 train batch [940/1875] loss=0.1266 avg_loss=0.1556. Resources: rss=2088.6MB, peak_rss=2472.7MB, cuda_alloc=351.3MB, cuda_reserved=40702.0MB, cuda_peak_alloc=3638.2MB, cuda_free=7265.8MB, cuda_total=48519.1MB
[2026-06-10 03:23:35] Epoch 15 train batch [960/1875] loss=0.0975 avg_loss=0.1560. Resources: rss=2088.9MB, peak_rss=2472.7MB, cuda_alloc=351.3MB, cuda_reserved=40702.0MB, cuda_peak_alloc=3638.2MB, cuda_free=7265.8MB, cuda_total=48519.1MB
[2026-06-10 03:23:38] Epoch 15 train batch [980/1875] loss=0.1188 avg_loss=0.1560. Resources: rss=2088.9MB, peak_rss=2472.7MB, cuda_alloc=351.3MB, cuda_reserved=40702.0MB, cuda_peak_alloc=3638.2MB, cuda_free=7265.8MB, cuda_total=48519.1MB
[2026-06-10 03:23:40] Epoch 15 train batch [1000/1875] loss=0.1702 avg_loss=0.1556. Resources: rss=2088.9MB, peak_rss=2472.7MB, cuda_alloc=351.3MB, cuda_reserved=40702.0MB, cuda_peak_alloc=3638.2MB, cuda_free=7265.8MB, cuda_total=48519.1MB
[2026-06-10 03:23:43] Epoch 15 train batch [1020/1875] loss=0.1257 avg_loss=0.1557. Resources: rss=2089.1MB, peak_rss=2472.7MB, cuda_alloc=351.3MB, cuda_reserved=40702.0MB, cuda_peak_alloc=3638.2MB, cuda_free=7265.8MB, cuda_total=48519.1MB
[2026-06-10 03:23:46] Epoch 15 train batch [1040/1875] loss=0.1148 avg_loss=0.1557. Resources: rss=2089.1MB, peak_rss=2472.7MB, cuda_alloc=351.3MB, cuda_reserved=40702.0MB, cuda_peak_alloc=3638.2MB, cuda_free=7265.8MB, cuda_total=48519.1MB
[2026-06-10 03:23:48] Epoch 15 train batch [1060/1875] loss=0.0560 avg_loss=0.1559. Resources: rss=2089.6MB, peak_rss=2472.7MB, cuda_alloc=351.3MB, cuda_reserved=40702.0MB, cuda_peak_alloc=3638.2MB, cuda_free=7265.8MB, cuda_total=48519.1MB
[2026-06-10 03:23:51] Epoch 15 train batch [1080/1875] loss=0.1335 avg_loss=0.1558. Resources: rss=2089.6MB, peak_rss=2472.7MB, cuda_alloc=351.3MB, cuda_reserved=40702.0MB, cuda_peak_alloc=3638.2MB, cuda_free=7265.8MB, cuda_total=48519.1MB
[2026-06-10 03:23:53] Epoch 15 train batch [1100/1875] loss=0.2162 avg_loss=0.1560. Resources: rss=2089.6MB, peak_rss=2472.7MB, cuda_alloc=351.3MB, cuda_reserved=40702.0MB, cuda_peak_alloc=3638.2MB, cuda_free=7265.8MB, cuda_total=48519.1MB
[2026-06-10 03:23:56] Epoch 15 train batch [1120/1875] loss=0.1346 avg_loss=0.1563. Resources: rss=2089.6MB, peak_rss=2472.7MB, cuda_alloc=351.3MB, cuda_reserved=40702.0MB, cuda_peak_alloc=3638.2MB, cuda_free=7265.8MB, cuda_total=48519.1MB
[2026-06-10 03:23:59] Epoch 15 train batch [1140/1875] loss=0.1805 avg_loss=0.1565. Resources: rss=2089.9MB, peak_rss=2472.7MB, cuda_alloc=351.3MB, cuda_reserved=32522.0MB, cuda_peak_alloc=3638.2MB, cuda_free=15445.8MB, cuda_total=48519.1MB
[2026-06-10 03:24:02] Epoch 15 train batch [1160/1875] loss=0.1731 avg_loss=0.1568. Resources: rss=2089.9MB, peak_rss=2472.7MB, cuda_alloc=351.3MB, cuda_reserved=44762.0MB, cuda_peak_alloc=3638.2MB, cuda_free=3205.8MB, cuda_total=48519.1MB
[2026-06-10 03:24:05] Epoch 15 train batch [1180/1875] loss=0.1248 avg_loss=0.1568. Resources: rss=2089.9MB, peak_rss=2472.7MB, cuda_alloc=351.3MB, cuda_reserved=29062.0MB, cuda_peak_alloc=3638.2MB, cuda_free=18905.8MB, cuda_total=48519.1MB
[2026-06-10 03:24:09] Epoch 15 train batch [1200/1875] loss=0.1020 avg_loss=0.1570. Resources: rss=2089.9MB, peak_rss=2472.7MB, cuda_alloc=351.3MB, cuda_reserved=13462.0MB, cuda_peak_alloc=3638.2MB, cuda_free=34505.8MB, cuda_total=48519.1MB
[2026-06-10 03:24:11] Epoch 15 train batch [1220/1875] loss=0.0639 avg_loss=0.1570. Resources: rss=2092.6MB, peak_rss=2472.7MB, cuda_alloc=351.3MB, cuda_reserved=40682.0MB, cuda_peak_alloc=3638.2MB, cuda_free=7285.8MB, cuda_total=48519.1MB
[2026-06-10 03:24:14] Epoch 15 train batch [1240/1875] loss=0.1925 avg_loss=0.1568. Resources: rss=2092.6MB, peak_rss=2472.7MB, cuda_alloc=351.3MB, cuda_reserved=40682.0MB, cuda_peak_alloc=3638.2MB, cuda_free=7285.8MB, cuda_total=48519.1MB
[2026-06-10 03:24:16] Epoch 15 train batch [1260/1875] loss=0.2220 avg_loss=0.1567. Resources: rss=2096.9MB, peak_rss=2472.7MB, cuda_alloc=351.3MB, cuda_reserved=40682.0MB, cuda_peak_alloc=3638.2MB, cuda_free=7285.8MB, cuda_total=48519.1MB
[2026-06-10 03:24:19] Epoch 15 train batch [1280/1875] loss=0.1140 avg_loss=0.1565. Resources: rss=2083.1MB, peak_rss=2472.7MB, cuda_alloc=351.3MB, cuda_reserved=40682.0MB, cuda_peak_alloc=3638.2MB, cuda_free=7285.8MB, cuda_total=48519.1MB
[2026-06-10 03:24:22] Epoch 15 train batch [1300/1875] loss=0.0824 avg_loss=0.1568. Resources: rss=2086.8MB, peak_rss=2472.7MB, cuda_alloc=351.3MB, cuda_reserved=40682.0MB, cuda_peak_alloc=3638.2MB, cuda_free=7285.8MB, cuda_total=48519.1MB
[2026-06-10 03:24:24] Epoch 15 train batch [1320/1875] loss=0.1094 avg_loss=0.1569. Resources: rss=2089.6MB, peak_rss=2472.7MB, cuda_alloc=351.3MB, cuda_reserved=40682.0MB, cuda_peak_alloc=3638.2MB, cuda_free=7285.8MB, cuda_total=48519.1MB
[2026-06-10 03:24:27] Epoch 15 train batch [1340/1875] loss=0.1870 avg_loss=0.1565. Resources: rss=2090.1MB, peak_rss=2472.7MB, cuda_alloc=351.3MB, cuda_reserved=40682.0MB, cuda_peak_alloc=3638.2MB, cuda_free=7285.8MB, cuda_total=48519.1MB
[2026-06-10 03:24:29] Epoch 15 train batch [1360/1875] loss=0.2407 avg_loss=0.1566. Resources: rss=2090.1MB, peak_rss=2472.7MB, cuda_alloc=351.3MB, cuda_reserved=40682.0MB, cuda_peak_alloc=3638.2MB, cuda_free=7285.8MB, cuda_total=48519.1MB
[2026-06-10 03:24:32] Epoch 15 train batch [1380/1875] loss=0.1575 avg_loss=0.1568. Resources: rss=2091.8MB, peak_rss=2472.7MB, cuda_alloc=351.3MB, cuda_reserved=40682.0MB, cuda_peak_alloc=3638.2MB, cuda_free=7285.8MB, cuda_total=48519.1MB
[2026-06-10 03:24:35] Epoch 15 train batch [1400/1875] loss=0.0975 avg_loss=0.1568. Resources: rss=2092.1MB, peak_rss=2472.7MB, cuda_alloc=351.3MB, cuda_reserved=40682.0MB, cuda_peak_alloc=3638.2MB, cuda_free=7285.8MB, cuda_total=48519.1MB
[2026-06-10 03:24:37] Epoch 15 train batch [1420/1875] loss=0.1736 avg_loss=0.1573. Resources: rss=2092.1MB, peak_rss=2472.7MB, cuda_alloc=351.3MB, cuda_reserved=40682.0MB, cuda_peak_alloc=3638.2MB, cuda_free=7285.8MB, cuda_total=48519.1MB
[2026-06-10 03:24:40] Epoch 15 train batch [1440/1875] loss=0.2771 avg_loss=0.1571. Resources: rss=2092.1MB, peak_rss=2472.7MB, cuda_alloc=351.3MB, cuda_reserved=40682.0MB, cuda_peak_alloc=3638.2MB, cuda_free=7285.8MB, cuda_total=48519.1MB
[2026-06-10 03:24:42] Epoch 15 train batch [1460/1875] loss=0.2720 avg_loss=0.1569. Resources: rss=2092.1MB, peak_rss=2472.7MB, cuda_alloc=351.3MB, cuda_reserved=40682.0MB, cuda_peak_alloc=3638.2MB, cuda_free=7285.8MB, cuda_total=48519.1MB
[2026-06-10 03:24:45] Epoch 15 train batch [1480/1875] loss=0.0446 avg_loss=0.1573. Resources: rss=2092.1MB, peak_rss=2472.7MB, cuda_alloc=351.3MB, cuda_reserved=40682.0MB, cuda_peak_alloc=3638.2MB, cuda_free=7285.8MB, cuda_total=48519.1MB
[2026-06-10 03:24:48] Epoch 15 train batch [1500/1875] loss=0.1158 avg_loss=0.1571. Resources: rss=2092.1MB, peak_rss=2472.7MB, cuda_alloc=351.3MB, cuda_reserved=40682.0MB, cuda_peak_alloc=3638.2MB, cuda_free=7285.8MB, cuda_total=48519.1MB
[2026-06-10 03:24:50] Epoch 15 train batch [1520/1875] loss=0.2650 avg_loss=0.1569. Resources: rss=2092.1MB, peak_rss=2472.7MB, cuda_alloc=351.3MB, cuda_reserved=40682.0MB, cuda_peak_alloc=3638.2MB, cuda_free=7285.8MB, cuda_total=48519.1MB
[2026-06-10 03:24:53] Epoch 15 train batch [1540/1875] loss=0.2355 avg_loss=0.1565. Resources: rss=2092.1MB, peak_rss=2472.7MB, cuda_alloc=351.3MB, cuda_reserved=40682.0MB, cuda_peak_alloc=3638.2MB, cuda_free=7285.8MB, cuda_total=48519.1MB
[2026-06-10 03:24:55] Epoch 15 train batch [1560/1875] loss=0.2240 avg_loss=0.1566. Resources: rss=2092.1MB, peak_rss=2472.7MB, cuda_alloc=351.3MB, cuda_reserved=40682.0MB, cuda_peak_alloc=3638.2MB, cuda_free=7285.8MB, cuda_total=48519.1MB
[2026-06-10 03:24:58] Epoch 15 train batch [1580/1875] loss=0.1372 avg_loss=0.1567. Resources: rss=2092.1MB, peak_rss=2472.7MB, cuda_alloc=351.3MB, cuda_reserved=40682.0MB, cuda_peak_alloc=3638.2MB, cuda_free=7285.8MB, cuda_total=48519.1MB
[2026-06-10 03:25:01] Epoch 15 train batch [1600/1875] loss=0.2326 avg_loss=0.1567. Resources: rss=2092.1MB, peak_rss=2472.7MB, cuda_alloc=351.3MB, cuda_reserved=40682.0MB, cuda_peak_alloc=3638.2MB, cuda_free=7285.8MB, cuda_total=48519.1MB
[2026-06-10 03:25:03] Epoch 15 train batch [1620/1875] loss=0.1403 avg_loss=0.1567. Resources: rss=2092.1MB, peak_rss=2472.7MB, cuda_alloc=351.3MB, cuda_reserved=40682.0MB, cuda_peak_alloc=3638.2MB, cuda_free=7285.8MB, cuda_total=48519.1MB
[2026-06-10 03:25:06] Epoch 15 train batch [1640/1875] loss=0.1529 avg_loss=0.1569. Resources: rss=2095.1MB, peak_rss=2472.7MB, cuda_alloc=351.3MB, cuda_reserved=40682.0MB, cuda_peak_alloc=3638.2MB, cuda_free=7285.8MB, cuda_total=48519.1MB
[2026-06-10 03:25:08] Epoch 15 train batch [1660/1875] loss=0.1379 avg_loss=0.1567. Resources: rss=2095.1MB, peak_rss=2472.7MB, cuda_alloc=351.3MB, cuda_reserved=40682.0MB, cuda_peak_alloc=3638.2MB, cuda_free=7285.8MB, cuda_total=48519.1MB
[2026-06-10 03:25:11] Epoch 15 train batch [1680/1875] loss=0.1221 avg_loss=0.1565. Resources: rss=2095.3MB, peak_rss=2472.7MB, cuda_alloc=351.3MB, cuda_reserved=40682.0MB, cuda_peak_alloc=3638.2MB, cuda_free=7285.8MB, cuda_total=48519.1MB
[2026-06-10 03:25:14] Epoch 15 train batch [1700/1875] loss=0.1361 avg_loss=0.1564. Resources: rss=2095.3MB, peak_rss=2472.7MB, cuda_alloc=351.3MB, cuda_reserved=40682.0MB, cuda_peak_alloc=3638.2MB, cuda_free=7285.8MB, cuda_total=48519.1MB
[2026-06-10 03:25:16] Epoch 15 train batch [1720/1875] loss=0.1042 avg_loss=0.1563. Resources: rss=2095.3MB, peak_rss=2472.7MB, cuda_alloc=351.3MB, cuda_reserved=40682.0MB, cuda_peak_alloc=3638.2MB, cuda_free=7285.8MB, cuda_total=48519.1MB
[2026-06-10 03:25:19] Epoch 15 train batch [1740/1875] loss=0.1142 avg_loss=0.1564. Resources: rss=2095.3MB, peak_rss=2472.7MB, cuda_alloc=351.3MB, cuda_reserved=40682.0MB, cuda_peak_alloc=3638.2MB, cuda_free=7285.8MB, cuda_total=48519.1MB
[2026-06-10 03:25:22] Epoch 15 train batch [1760/1875] loss=0.1553 avg_loss=0.1566. Resources: rss=2095.3MB, peak_rss=2472.7MB, cuda_alloc=351.3MB, cuda_reserved=40682.0MB, cuda_peak_alloc=3638.2MB, cuda_free=7285.8MB, cuda_total=48519.1MB
[2026-06-10 03:25:25] Epoch 15 train batch [1780/1875] loss=0.2413 avg_loss=0.1566. Resources: rss=2095.3MB, peak_rss=2472.7MB, cuda_alloc=351.3MB, cuda_reserved=40682.0MB, cuda_peak_alloc=3638.2MB, cuda_free=7285.8MB, cuda_total=48519.1MB
[2026-06-10 03:25:27] Epoch 15 train batch [1800/1875] loss=0.2376 avg_loss=0.1571. Resources: rss=2095.3MB, peak_rss=2472.7MB, cuda_alloc=351.3MB, cuda_reserved=40682.0MB, cuda_peak_alloc=3638.2MB, cuda_free=7285.8MB, cuda_total=48519.1MB
[2026-06-10 03:25:29] Epoch 15 train batch [1820/1875] loss=0.1256 avg_loss=0.1570. Resources: rss=2095.3MB, peak_rss=2472.7MB, cuda_alloc=351.3MB, cuda_reserved=40682.0MB, cuda_peak_alloc=3638.2MB, cuda_free=7285.8MB, cuda_total=48519.1MB
[2026-06-10 03:25:32] Epoch 15 train batch [1840/1875] loss=0.1881 avg_loss=0.1573. Resources: rss=2095.3MB, peak_rss=2472.7MB, cuda_alloc=351.3MB, cuda_reserved=40682.0MB, cuda_peak_alloc=3638.2MB, cuda_free=7285.8MB, cuda_total=48519.1MB
[2026-06-10 03:25:35] Epoch 15 train batch [1860/1875] loss=0.0959 avg_loss=0.1573. Resources: rss=2095.3MB, peak_rss=2472.7MB, cuda_alloc=351.3MB, cuda_reserved=40682.0MB, cuda_peak_alloc=3638.2MB, cuda_free=7285.8MB, cuda_total=48519.1MB
[2026-06-10 03:25:36] Epoch 15 train batch [1875/1875] loss=0.0918 avg_loss=0.1575. Resources: rss=2095.3MB, peak_rss=2472.7MB, cuda_alloc=351.3MB, cuda_reserved=40682.0MB, cuda_peak_alloc=3638.2MB, cuda_free=7285.8MB, cuda_total=48519.1MB
[2026-06-10 03:25:36] Epoch 15 training completed. Resources: rss=2095.3MB, peak_rss=2472.7MB, cuda_alloc=351.3MB, cuda_reserved=40682.0MB, cuda_peak_alloc=3638.2MB, cuda_free=7285.8MB, cuda_total=48519.1MB
[2026-06-10 03:25:37] Epoch 15 cache released before validation loss. Resources: rss=2032.8MB, peak_rss=2472.7MB, cuda_alloc=351.3MB, cuda_reserved=530.0MB, cuda_peak_alloc=351.3MB, cuda_free=47437.8MB, cuda_total=48519.1MB
[2026-06-10 03:25:58] Epoch 15 validation loss completed: 0.4809. Resources: rss=2084.4MB, peak_rss=2472.7MB, cuda_alloc=351.3MB, cuda_reserved=10200.0MB, cuda_peak_alloc=1426.1MB, cuda_free=37767.8MB, cuda_total=48519.1MB
[2026-06-10 03:25:58] Epoch 15 cache released before detection metrics. Resources: rss=2029.8MB, peak_rss=2472.7MB, cuda_alloc=351.3MB, cuda_reserved=530.0MB, cuda_peak_alloc=351.3MB, cuda_free=47437.8MB, cuda_total=48519.1MB
[2026-06-10 03:26:19] Epoch 15 prediction tensors moved to CPU. Computing metrics. Resources: rss=2029.4MB, peak_rss=2472.7MB, cuda_alloc=351.3MB, cuda_reserved=530.0MB, cuda_peak_alloc=351.3MB, cuda_free=47437.8MB, cuda_total=48519.1MB
[2026-06-10 03:26:19] Epoch 15 metrics computed (mAP@0.5 only). Saving artifacts. Resources: rss=2030.2MB, peak_rss=2472.7MB, cuda_alloc=351.3MB, cuda_reserved=530.0MB, cuda_peak_alloc=351.3MB, cuda_free=47437.8MB, cuda_total=48519.1MB
[2026-06-10 03:26:20] Epoch 15 improved mAP@0.5 to 0.6986. Saved best checkpoint: best_model-20260610-021221.pth. Resources: rss=2501.7MB, peak_rss=2501.7MB, cuda_alloc=351.3MB, cuda_reserved=530.0MB, cuda_peak_alloc=351.3MB, cuda_free=47437.8MB, cuda_total=48519.1MB
Epoch [15/30]
├── Train Loss : 0.1575
│   ├── loss_classifier  : 0.0817
│   ├── loss_box_reg     : 0.0758
│   ├── loss_objectness  : 0.0000
│   └── loss_rpn_box_reg : 0.0000
├── Val Loss   : 0.4809
├── mAP@0.5    : 0.6986
├── mAP@0.75   : n/a
├── mAP@0.5:0.95 : n/a
├── Precision  : 0.7223
├── Recall     : 0.7491
├── GT Boxes   : 2021
├── Predictions: 2096
├── Per-class AP
│   ├── person  : AP50=0.7405, AP75=n/a, AP50:95=n/a, P=0.7451, R=0.7840
│   ├── car     : AP50=0.7108, AP75=n/a, AP50:95=n/a, P=0.6772, R=0.7562
│   ├── dog     : AP50=0.7793, AP75=n/a, AP50:95=n/a, P=0.7167, R=0.8350
│   ├── cat     : AP50=0.8363, AP75=n/a, AP50:95=n/a, P=0.8021, R=0.8523
│   └── chair   : AP50=0.4262, AP75=n/a, AP50:95=n/a, P=0.6099, R=0.4823
├── LR         : 0.001000
└── Time       : 298.5s
[2026-06-10 03:26:20] Epoch [15/30] completed. Resources: rss=2029.7MB, peak_rss=2501.7MB, cuda_alloc=351.3MB, cuda_reserved=530.0MB, cuda_peak_alloc=351.3MB, cuda_free=47437.8MB, cuda_total=48519.1MB
[2026-06-10 03:26:20] Epoch [16/30] started. Resources: rss=2029.7MB, peak_rss=2501.7MB, cuda_alloc=351.3MB, cuda_reserved=530.0MB, cuda_peak_alloc=351.3MB, cuda_free=47437.8MB, cuda_total=48519.1MB
[2026-06-10 03:26:23] Epoch 16 train batch [20/1875] loss=0.1405 avg_loss=0.1470. Resources: rss=2083.5MB, peak_rss=2501.7MB, cuda_alloc=351.3MB, cuda_reserved=7042.0MB, cuda_peak_alloc=3637.1MB, cuda_free=40925.8MB, cuda_total=48519.1MB
[2026-06-10 03:26:26] Epoch 16 train batch [40/1875] loss=0.1423 avg_loss=0.1476. Resources: rss=2087.5MB, peak_rss=2501.7MB, cuda_alloc=351.3MB, cuda_reserved=42562.0MB, cuda_peak_alloc=3637.5MB, cuda_free=5405.8MB, cuda_total=48519.1MB
[2026-06-10 03:26:29] Epoch 16 train batch [60/1875] loss=0.2006 avg_loss=0.1531. Resources: rss=2088.0MB, peak_rss=2501.7MB, cuda_alloc=351.3MB, cuda_reserved=17822.0MB, cuda_peak_alloc=3637.5MB, cuda_free=30145.8MB, cuda_total=48519.1MB
[2026-06-10 03:26:33] Epoch 16 train batch [80/1875] loss=0.2470 avg_loss=0.1484. Resources: rss=2089.5MB, peak_rss=2501.7MB, cuda_alloc=351.3MB, cuda_reserved=4102.0MB, cuda_peak_alloc=3637.5MB, cuda_free=43865.8MB, cuda_total=48519.1MB
[2026-06-10 03:26:35] Epoch 16 train batch [100/1875] loss=0.1900 avg_loss=0.1477. Resources: rss=2089.5MB, peak_rss=2501.7MB, cuda_alloc=351.3MB, cuda_reserved=18202.0MB, cuda_peak_alloc=3637.5MB, cuda_free=29765.8MB, cuda_total=48519.1MB
[2026-06-10 03:26:38] Epoch 16 train batch [120/1875] loss=0.1135 avg_loss=0.1462. Resources: rss=2089.7MB, peak_rss=2501.7MB, cuda_alloc=351.3MB, cuda_reserved=19122.0MB, cuda_peak_alloc=3637.5MB, cuda_free=28845.8MB, cuda_total=48519.1MB
[2026-06-10 03:26:40] Epoch 16 train batch [140/1875] loss=0.0980 avg_loss=0.1500. Resources: rss=2091.7MB, peak_rss=2501.7MB, cuda_alloc=351.3MB, cuda_reserved=19122.0MB, cuda_peak_alloc=3637.5MB, cuda_free=28845.8MB, cuda_total=48519.1MB
[2026-06-10 03:26:43] Epoch 16 train batch [160/1875] loss=0.1158 avg_loss=0.1506. Resources: rss=2094.2MB, peak_rss=2501.7MB, cuda_alloc=351.3MB, cuda_reserved=20682.0MB, cuda_peak_alloc=3637.5MB, cuda_free=27285.8MB, cuda_total=48519.1MB
[2026-06-10 03:26:45] Epoch 16 train batch [180/1875] loss=0.2203 avg_loss=0.1485. Resources: rss=2094.2MB, peak_rss=2501.7MB, cuda_alloc=351.3MB, cuda_reserved=20682.0MB, cuda_peak_alloc=3637.9MB, cuda_free=27285.8MB, cuda_total=48519.1MB
[2026-06-10 03:26:48] Epoch 16 train batch [200/1875] loss=0.3229 avg_loss=0.1490. Resources: rss=2094.2MB, peak_rss=2501.7MB, cuda_alloc=351.3MB, cuda_reserved=20682.0MB, cuda_peak_alloc=3638.1MB, cuda_free=27285.8MB, cuda_total=48519.1MB
[2026-06-10 03:26:51] Epoch 16 train batch [220/1875] loss=0.2602 avg_loss=0.1500. Resources: rss=2094.2MB, peak_rss=2501.7MB, cuda_alloc=351.3MB, cuda_reserved=22342.0MB, cuda_peak_alloc=3638.1MB, cuda_free=25625.8MB, cuda_total=48519.1MB
[2026-06-10 03:26:54] Epoch 16 train batch [240/1875] loss=0.1036 avg_loss=0.1511. Resources: rss=2094.2MB, peak_rss=2501.7MB, cuda_alloc=351.3MB, cuda_reserved=22342.0MB, cuda_peak_alloc=3638.1MB, cuda_free=25625.8MB, cuda_total=48519.1MB
[2026-06-10 03:26:56] Epoch 16 train batch [260/1875] loss=0.0546 avg_loss=0.1524. Resources: rss=2094.2MB, peak_rss=2501.7MB, cuda_alloc=351.3MB, cuda_reserved=27242.0MB, cuda_peak_alloc=3638.1MB, cuda_free=20725.8MB, cuda_total=48519.1MB
[2026-06-10 03:26:59] Epoch 16 train batch [280/1875] loss=0.0365 avg_loss=0.1514. Resources: rss=2082.9MB, peak_rss=2501.7MB, cuda_alloc=351.3MB, cuda_reserved=27242.0MB, cuda_peak_alloc=3638.1MB, cuda_free=20725.8MB, cuda_total=48519.1MB
[2026-06-10 03:27:01] Epoch 16 train batch [300/1875] loss=0.1254 avg_loss=0.1503. Resources: rss=2087.6MB, peak_rss=2501.7MB, cuda_alloc=351.3MB, cuda_reserved=27522.0MB, cuda_peak_alloc=3638.1MB, cuda_free=20445.8MB, cuda_total=48519.1MB
[2026-06-10 03:27:04] Epoch 16 train batch [320/1875] loss=0.0925 avg_loss=0.1491. Resources: rss=2088.1MB, peak_rss=2501.7MB, cuda_alloc=351.3MB, cuda_reserved=29282.0MB, cuda_peak_alloc=3638.2MB, cuda_free=18685.8MB, cuda_total=48519.1MB
[2026-06-10 03:27:07] Epoch 16 train batch [340/1875] loss=0.2110 avg_loss=0.1505. Resources: rss=2088.4MB, peak_rss=2501.7MB, cuda_alloc=351.3MB, cuda_reserved=29282.0MB, cuda_peak_alloc=3638.7MB, cuda_free=18685.8MB, cuda_total=48519.1MB
[2026-06-10 03:27:10] Epoch 16 train batch [360/1875] loss=0.1136 avg_loss=0.1502. Resources: rss=2089.1MB, peak_rss=2501.7MB, cuda_alloc=351.3MB, cuda_reserved=29284.0MB, cuda_peak_alloc=3638.7MB, cuda_free=18683.8MB, cuda_total=48519.1MB
[2026-06-10 03:27:12] Epoch 16 train batch [380/1875] loss=0.1617 avg_loss=0.1500. Resources: rss=2089.1MB, peak_rss=2501.7MB, cuda_alloc=351.3MB, cuda_reserved=29284.0MB, cuda_peak_alloc=3638.7MB, cuda_free=18683.8MB, cuda_total=48519.1MB
[2026-06-10 03:27:15] Epoch 16 train batch [400/1875] loss=0.0987 avg_loss=0.1505. Resources: rss=2090.9MB, peak_rss=2501.7MB, cuda_alloc=351.3MB, cuda_reserved=29284.0MB, cuda_peak_alloc=3638.7MB, cuda_free=18683.8MB, cuda_total=48519.1MB
[2026-06-10 03:27:17] Epoch 16 train batch [420/1875] loss=0.0818 avg_loss=0.1502. Resources: rss=2090.9MB, peak_rss=2501.7MB, cuda_alloc=351.3MB, cuda_reserved=29284.0MB, cuda_peak_alloc=3638.7MB, cuda_free=18683.8MB, cuda_total=48519.1MB
[2026-06-10 03:27:20] Epoch 16 train batch [440/1875] loss=0.1283 avg_loss=0.1501. Resources: rss=2090.9MB, peak_rss=2501.7MB, cuda_alloc=351.3MB, cuda_reserved=29284.0MB, cuda_peak_alloc=3638.7MB, cuda_free=18683.8MB, cuda_total=48519.1MB
[2026-06-10 03:27:23] Epoch 16 train batch [460/1875] loss=0.1009 avg_loss=0.1501. Resources: rss=2090.9MB, peak_rss=2501.7MB, cuda_alloc=351.3MB, cuda_reserved=29284.0MB, cuda_peak_alloc=3638.7MB, cuda_free=18683.8MB, cuda_total=48519.1MB
[2026-06-10 03:27:25] Epoch 16 train batch [480/1875] loss=0.1458 avg_loss=0.1501. Resources: rss=2090.9MB, peak_rss=2501.7MB, cuda_alloc=351.3MB, cuda_reserved=29284.0MB, cuda_peak_alloc=3638.7MB, cuda_free=18683.8MB, cuda_total=48519.1MB
[2026-06-10 03:27:28] Epoch 16 train batch [500/1875] loss=0.1267 avg_loss=0.1504. Resources: rss=2090.9MB, peak_rss=2501.7MB, cuda_alloc=351.3MB, cuda_reserved=29284.0MB, cuda_peak_alloc=3638.7MB, cuda_free=18683.8MB, cuda_total=48519.1MB
[2026-06-10 03:27:30] Epoch 16 train batch [520/1875] loss=0.1312 avg_loss=0.1511. Resources: rss=2090.9MB, peak_rss=2501.7MB, cuda_alloc=351.3MB, cuda_reserved=29284.0MB, cuda_peak_alloc=3638.7MB, cuda_free=18683.8MB, cuda_total=48519.1MB
[2026-06-10 03:27:33] Epoch 16 train batch [540/1875] loss=0.1067 avg_loss=0.1506. Resources: rss=2091.1MB, peak_rss=2501.7MB, cuda_alloc=351.3MB, cuda_reserved=31924.0MB, cuda_peak_alloc=3638.7MB, cuda_free=16043.8MB, cuda_total=48519.1MB
[2026-06-10 03:27:36] Epoch 16 train batch [560/1875] loss=0.1364 avg_loss=0.1501. Resources: rss=2091.1MB, peak_rss=2501.7MB, cuda_alloc=351.3MB, cuda_reserved=31924.0MB, cuda_peak_alloc=3638.7MB, cuda_free=16043.8MB, cuda_total=48519.1MB
[2026-06-10 03:27:39] Epoch 16 train batch [580/1875] loss=0.1299 avg_loss=0.1492. Resources: rss=2091.1MB, peak_rss=2501.7MB, cuda_alloc=351.3MB, cuda_reserved=31924.0MB, cuda_peak_alloc=3638.7MB, cuda_free=16043.8MB, cuda_total=48519.1MB
[2026-06-10 03:27:41] Epoch 16 train batch [600/1875] loss=0.1032 avg_loss=0.1484. Resources: rss=2091.1MB, peak_rss=2501.7MB, cuda_alloc=351.3MB, cuda_reserved=31924.0MB, cuda_peak_alloc=3638.7MB, cuda_free=16043.8MB, cuda_total=48519.1MB
[2026-06-10 03:27:44] Epoch 16 train batch [620/1875] loss=0.1597 avg_loss=0.1480. Resources: rss=2091.1MB, peak_rss=2501.7MB, cuda_alloc=351.3MB, cuda_reserved=31924.0MB, cuda_peak_alloc=3638.7MB, cuda_free=16043.8MB, cuda_total=48519.1MB
[2026-06-10 03:27:46] Epoch 16 train batch [640/1875] loss=0.1116 avg_loss=0.1476. Resources: rss=2091.1MB, peak_rss=2501.7MB, cuda_alloc=351.3MB, cuda_reserved=31924.0MB, cuda_peak_alloc=3638.7MB, cuda_free=16043.8MB, cuda_total=48519.1MB
[2026-06-10 03:27:49] Epoch 16 train batch [660/1875] loss=0.0803 avg_loss=0.1478. Resources: rss=2091.1MB, peak_rss=2501.7MB, cuda_alloc=351.3MB, cuda_reserved=31924.0MB, cuda_peak_alloc=3638.7MB, cuda_free=16043.8MB, cuda_total=48519.1MB
[2026-06-10 03:27:51] Epoch 16 train batch [680/1875] loss=0.1859 avg_loss=0.1485. Resources: rss=2091.1MB, peak_rss=2501.7MB, cuda_alloc=351.3MB, cuda_reserved=31924.0MB, cuda_peak_alloc=3638.7MB, cuda_free=16043.8MB, cuda_total=48519.1MB
[2026-06-10 03:27:54] Epoch 16 train batch [700/1875] loss=0.2987 avg_loss=0.1493. Resources: rss=2091.1MB, peak_rss=2501.7MB, cuda_alloc=351.3MB, cuda_reserved=31924.0MB, cuda_peak_alloc=3638.7MB, cuda_free=16043.8MB, cuda_total=48519.1MB
[2026-06-10 03:27:57] Epoch 16 train batch [720/1875] loss=0.1936 avg_loss=0.1493. Resources: rss=2091.1MB, peak_rss=2501.7MB, cuda_alloc=351.3MB, cuda_reserved=31924.0MB, cuda_peak_alloc=3638.7MB, cuda_free=16043.8MB, cuda_total=48519.1MB
[2026-06-10 03:27:59] Epoch 16 train batch [740/1875] loss=0.1232 avg_loss=0.1493. Resources: rss=2091.1MB, peak_rss=2501.7MB, cuda_alloc=351.3MB, cuda_reserved=31924.0MB, cuda_peak_alloc=3638.7MB, cuda_free=16043.8MB, cuda_total=48519.1MB
[2026-06-10 03:28:02] Epoch 16 train batch [760/1875] loss=0.2145 avg_loss=0.1497. Resources: rss=2091.4MB, peak_rss=2501.7MB, cuda_alloc=351.3MB, cuda_reserved=34824.0MB, cuda_peak_alloc=3638.7MB, cuda_free=13143.8MB, cuda_total=48519.1MB
[2026-06-10 03:28:04] Epoch 16 train batch [780/1875] loss=0.1186 avg_loss=0.1498. Resources: rss=2091.4MB, peak_rss=2501.7MB, cuda_alloc=351.3MB, cuda_reserved=34824.0MB, cuda_peak_alloc=3638.7MB, cuda_free=13143.8MB, cuda_total=48519.1MB
[2026-06-10 03:28:07] Epoch 16 train batch [800/1875] loss=0.1728 avg_loss=0.1499. Resources: rss=2091.4MB, peak_rss=2501.7MB, cuda_alloc=351.3MB, cuda_reserved=34824.0MB, cuda_peak_alloc=3638.7MB, cuda_free=13143.8MB, cuda_total=48519.1MB
[2026-06-10 03:28:10] Epoch 16 train batch [820/1875] loss=0.1119 avg_loss=0.1497. Resources: rss=2091.4MB, peak_rss=2501.7MB, cuda_alloc=351.3MB, cuda_reserved=34824.0MB, cuda_peak_alloc=3638.7MB, cuda_free=13143.8MB, cuda_total=48519.1MB
[2026-06-10 03:28:12] Epoch 16 train batch [840/1875] loss=0.1551 avg_loss=0.1495. Resources: rss=2091.4MB, peak_rss=2501.7MB, cuda_alloc=351.3MB, cuda_reserved=34824.0MB, cuda_peak_alloc=3638.7MB, cuda_free=13143.8MB, cuda_total=48519.1MB
[2026-06-10 03:28:15] Epoch 16 train batch [860/1875] loss=0.1374 avg_loss=0.1497. Resources: rss=2091.4MB, peak_rss=2501.7MB, cuda_alloc=351.3MB, cuda_reserved=34824.0MB, cuda_peak_alloc=3638.7MB, cuda_free=13143.8MB, cuda_total=48519.1MB
[2026-06-10 03:28:18] Epoch 16 train batch [880/1875] loss=0.1978 avg_loss=0.1494. Resources: rss=2091.4MB, peak_rss=2501.7MB, cuda_alloc=351.3MB, cuda_reserved=34824.0MB, cuda_peak_alloc=3638.7MB, cuda_free=13143.8MB, cuda_total=48519.1MB
[2026-06-10 03:28:20] Epoch 16 train batch [900/1875] loss=0.0912 avg_loss=0.1489. Resources: rss=2081.5MB, peak_rss=2501.7MB, cuda_alloc=351.3MB, cuda_reserved=34824.0MB, cuda_peak_alloc=3638.7MB, cuda_free=13143.8MB, cuda_total=48519.1MB
[2026-06-10 03:28:23] Epoch 16 train batch [920/1875] loss=0.0916 avg_loss=0.1489. Resources: rss=2088.0MB, peak_rss=2501.7MB, cuda_alloc=351.3MB, cuda_reserved=34824.0MB, cuda_peak_alloc=3638.7MB, cuda_free=13143.8MB, cuda_total=48519.1MB
[2026-06-10 03:28:25] Epoch 16 train batch [940/1875] loss=0.0721 avg_loss=0.1487. Resources: rss=2089.5MB, peak_rss=2501.7MB, cuda_alloc=351.3MB, cuda_reserved=34824.0MB, cuda_peak_alloc=3638.7MB, cuda_free=13143.8MB, cuda_total=48519.1MB
[2026-06-10 03:28:28] Epoch 16 train batch [960/1875] loss=0.2259 avg_loss=0.1485. Resources: rss=2090.8MB, peak_rss=2501.7MB, cuda_alloc=351.3MB, cuda_reserved=34824.0MB, cuda_peak_alloc=3638.7MB, cuda_free=13143.8MB, cuda_total=48519.1MB
[2026-06-10 03:28:30] Epoch 16 train batch [980/1875] loss=0.2077 avg_loss=0.1480. Resources: rss=2090.8MB, peak_rss=2501.7MB, cuda_alloc=351.3MB, cuda_reserved=34824.0MB, cuda_peak_alloc=3638.7MB, cuda_free=13143.8MB, cuda_total=48519.1MB
[2026-06-10 03:28:33] Epoch 16 train batch [1000/1875] loss=0.0701 avg_loss=0.1475. Resources: rss=2090.8MB, peak_rss=2501.7MB, cuda_alloc=351.3MB, cuda_reserved=34824.0MB, cuda_peak_alloc=3638.7MB, cuda_free=13143.8MB, cuda_total=48519.1MB
[2026-06-10 03:28:36] Epoch 16 train batch [1020/1875] loss=0.2353 avg_loss=0.1474. Resources: rss=2090.8MB, peak_rss=2501.7MB, cuda_alloc=351.3MB, cuda_reserved=34824.0MB, cuda_peak_alloc=3638.7MB, cuda_free=13143.8MB, cuda_total=48519.1MB
[2026-06-10 03:28:38] Epoch 16 train batch [1040/1875] loss=0.1912 avg_loss=0.1477. Resources: rss=2090.8MB, peak_rss=2501.7MB, cuda_alloc=351.3MB, cuda_reserved=34824.0MB, cuda_peak_alloc=3638.7MB, cuda_free=13143.8MB, cuda_total=48519.1MB
[2026-06-10 03:28:41] Epoch 16 train batch [1060/1875] loss=0.1289 avg_loss=0.1474. Resources: rss=2090.8MB, peak_rss=2501.7MB, cuda_alloc=351.3MB, cuda_reserved=34824.0MB, cuda_peak_alloc=3638.7MB, cuda_free=13143.8MB, cuda_total=48519.1MB
[2026-06-10 03:28:44] Epoch 16 train batch [1080/1875] loss=0.1137 avg_loss=0.1476. Resources: rss=2090.8MB, peak_rss=2501.7MB, cuda_alloc=351.3MB, cuda_reserved=34824.0MB, cuda_peak_alloc=3638.7MB, cuda_free=13143.8MB, cuda_total=48519.1MB
[2026-06-10 03:28:46] Epoch 16 train batch [1100/1875] loss=0.0772 avg_loss=0.1474. Resources: rss=2090.8MB, peak_rss=2501.7MB, cuda_alloc=351.3MB, cuda_reserved=34824.0MB, cuda_peak_alloc=3638.7MB, cuda_free=13143.8MB, cuda_total=48519.1MB
[2026-06-10 03:28:49] Epoch 16 train batch [1120/1875] loss=0.1102 avg_loss=0.1478. Resources: rss=2090.8MB, peak_rss=2501.7MB, cuda_alloc=351.3MB, cuda_reserved=34824.0MB, cuda_peak_alloc=3638.7MB, cuda_free=13143.8MB, cuda_total=48519.1MB
[2026-06-10 03:28:51] Epoch 16 train batch [1140/1875] loss=0.1375 avg_loss=0.1476. Resources: rss=2090.8MB, peak_rss=2501.7MB, cuda_alloc=351.3MB, cuda_reserved=34824.0MB, cuda_peak_alloc=3638.7MB, cuda_free=13143.8MB, cuda_total=48519.1MB
[2026-06-10 03:28:54] Epoch 16 train batch [1160/1875] loss=0.0550 avg_loss=0.1476. Resources: rss=2091.0MB, peak_rss=2501.7MB, cuda_alloc=351.3MB, cuda_reserved=35884.0MB, cuda_peak_alloc=3638.7MB, cuda_free=12083.8MB, cuda_total=48519.1MB
[2026-06-10 03:28:57] Epoch 16 train batch [1180/1875] loss=0.2397 avg_loss=0.1477. Resources: rss=2091.0MB, peak_rss=2501.7MB, cuda_alloc=351.3MB, cuda_reserved=35884.0MB, cuda_peak_alloc=3638.7MB, cuda_free=12083.8MB, cuda_total=48519.1MB
[2026-06-10 03:28:59] Epoch 16 train batch [1200/1875] loss=0.1916 avg_loss=0.1475. Resources: rss=2091.0MB, peak_rss=2501.7MB, cuda_alloc=351.3MB, cuda_reserved=35884.0MB, cuda_peak_alloc=3638.7MB, cuda_free=12083.8MB, cuda_total=48519.1MB
[2026-06-10 03:29:02] Epoch 16 train batch [1220/1875] loss=0.1117 avg_loss=0.1475. Resources: rss=2093.3MB, peak_rss=2501.7MB, cuda_alloc=351.3MB, cuda_reserved=35884.0MB, cuda_peak_alloc=3638.7MB, cuda_free=12083.8MB, cuda_total=48519.1MB
[2026-06-10 03:29:04] Epoch 16 train batch [1240/1875] loss=0.0563 avg_loss=0.1473. Resources: rss=2093.3MB, peak_rss=2501.7MB, cuda_alloc=351.3MB, cuda_reserved=35884.0MB, cuda_peak_alloc=3638.7MB, cuda_free=12083.8MB, cuda_total=48519.1MB
[2026-06-10 03:29:07] Epoch 16 train batch [1260/1875] loss=0.3183 avg_loss=0.1473. Resources: rss=2093.5MB, peak_rss=2501.7MB, cuda_alloc=351.3MB, cuda_reserved=35884.0MB, cuda_peak_alloc=3638.7MB, cuda_free=12083.8MB, cuda_total=48519.1MB
[2026-06-10 03:29:10] Epoch 16 train batch [1280/1875] loss=0.1016 avg_loss=0.1472. Resources: rss=2093.5MB, peak_rss=2501.7MB, cuda_alloc=351.3MB, cuda_reserved=35884.0MB, cuda_peak_alloc=3638.7MB, cuda_free=12067.4MB, cuda_total=48519.1MB
[2026-06-10 03:29:13] Epoch 16 train batch [1300/1875] loss=0.0786 avg_loss=0.1472. Resources: rss=2093.5MB, peak_rss=2501.7MB, cuda_alloc=351.3MB, cuda_reserved=35884.0MB, cuda_peak_alloc=3638.7MB, cuda_free=6384.4MB, cuda_total=48519.1MB
[2026-06-10 03:29:16] Epoch 16 train batch [1320/1875] loss=0.3436 avg_loss=0.1474. Resources: rss=2093.5MB, peak_rss=2501.7MB, cuda_alloc=351.3MB, cuda_reserved=35884.0MB, cuda_peak_alloc=3638.7MB, cuda_free=6384.4MB, cuda_total=48519.1MB
[2026-06-10 03:29:20] Epoch 16 train batch [1340/1875] loss=0.1386 avg_loss=0.1473. Resources: rss=2093.5MB, peak_rss=2501.7MB, cuda_alloc=351.3MB, cuda_reserved=35884.0MB, cuda_peak_alloc=3638.7MB, cuda_free=6372.4MB, cuda_total=48519.1MB
[2026-06-10 03:29:24] Epoch 16 train batch [1360/1875] loss=0.1397 avg_loss=0.1473. Resources: rss=2093.5MB, peak_rss=2501.7MB, cuda_alloc=351.3MB, cuda_reserved=35884.0MB, cuda_peak_alloc=3638.7MB, cuda_free=6370.4MB, cuda_total=48519.1MB
[2026-06-10 03:29:28] Epoch 16 train batch [1380/1875] loss=0.1373 avg_loss=0.1470. Resources: rss=2093.5MB, peak_rss=2501.7MB, cuda_alloc=351.3MB, cuda_reserved=35884.0MB, cuda_peak_alloc=3638.7MB, cuda_free=6370.4MB, cuda_total=48519.1MB
[2026-06-10 03:29:32] Epoch 16 train batch [1400/1875] loss=0.1926 avg_loss=0.1473. Resources: rss=2093.5MB, peak_rss=2501.7MB, cuda_alloc=351.3MB, cuda_reserved=35884.0MB, cuda_peak_alloc=3638.7MB, cuda_free=6370.4MB, cuda_total=48519.1MB
[2026-06-10 03:29:35] Epoch 16 train batch [1420/1875] loss=0.1139 avg_loss=0.1471. Resources: rss=2093.5MB, peak_rss=2501.7MB, cuda_alloc=351.3MB, cuda_reserved=35884.0MB, cuda_peak_alloc=3638.7MB, cuda_free=6370.4MB, cuda_total=48519.1MB
[2026-06-10 03:29:38] Epoch 16 train batch [1440/1875] loss=0.0792 avg_loss=0.1472. Resources: rss=2093.5MB, peak_rss=2501.7MB, cuda_alloc=351.3MB, cuda_reserved=35884.0MB, cuda_peak_alloc=3638.7MB, cuda_free=6370.4MB, cuda_total=48519.1MB
[2026-06-10 03:29:40] Epoch 16 train batch [1460/1875] loss=0.1430 avg_loss=0.1472. Resources: rss=2093.5MB, peak_rss=2501.7MB, cuda_alloc=351.3MB, cuda_reserved=35884.0MB, cuda_peak_alloc=3638.7MB, cuda_free=6370.4MB, cuda_total=48519.1MB
[2026-06-10 03:29:43] Epoch 16 train batch [1480/1875] loss=0.1999 avg_loss=0.1471. Resources: rss=2093.5MB, peak_rss=2501.7MB, cuda_alloc=351.3MB, cuda_reserved=35884.0MB, cuda_peak_alloc=3638.7MB, cuda_free=6370.4MB, cuda_total=48519.1MB
[2026-06-10 03:29:45] Epoch 16 train batch [1500/1875] loss=0.0970 avg_loss=0.1469. Resources: rss=2066.7MB, peak_rss=2501.7MB, cuda_alloc=351.3MB, cuda_reserved=35884.0MB, cuda_peak_alloc=3638.7MB, cuda_free=6370.4MB, cuda_total=48519.1MB
[2026-06-10 03:29:48] Epoch 16 train batch [1520/1875] loss=0.0891 avg_loss=0.1470. Resources: rss=2085.5MB, peak_rss=2501.7MB, cuda_alloc=351.3MB, cuda_reserved=35884.0MB, cuda_peak_alloc=3638.7MB, cuda_free=6370.4MB, cuda_total=48519.1MB
[2026-06-10 03:29:50] Epoch 16 train batch [1540/1875] loss=0.0661 avg_loss=0.1467. Resources: rss=2087.2MB, peak_rss=2501.7MB, cuda_alloc=351.3MB, cuda_reserved=35884.0MB, cuda_peak_alloc=3638.7MB, cuda_free=6370.4MB, cuda_total=48519.1MB
[2026-06-10 03:29:53] Epoch 16 train batch [1560/1875] loss=0.0849 avg_loss=0.1467. Resources: rss=2087.2MB, peak_rss=2501.7MB, cuda_alloc=351.3MB, cuda_reserved=36564.0MB, cuda_peak_alloc=3638.7MB, cuda_free=5690.4MB, cuda_total=48519.1MB
[2026-06-10 03:29:56] Epoch 16 train batch [1580/1875] loss=0.1567 avg_loss=0.1466. Resources: rss=2090.7MB, peak_rss=2501.7MB, cuda_alloc=351.3MB, cuda_reserved=36564.0MB, cuda_peak_alloc=3638.7MB, cuda_free=5690.4MB, cuda_total=48519.1MB
[2026-06-10 03:30:00] Epoch 16 train batch [1600/1875] loss=0.1419 avg_loss=0.1468. Resources: rss=2090.7MB, peak_rss=2501.7MB, cuda_alloc=351.3MB, cuda_reserved=36564.0MB, cuda_peak_alloc=3638.7MB, cuda_free=5690.4MB, cuda_total=48519.1MB
[2026-06-10 03:30:04] Epoch 16 train batch [1620/1875] loss=0.2238 avg_loss=0.1468. Resources: rss=2090.7MB, peak_rss=2501.7MB, cuda_alloc=351.3MB, cuda_reserved=36564.0MB, cuda_peak_alloc=3638.7MB, cuda_free=5688.4MB, cuda_total=48519.1MB
[2026-06-10 03:30:08] Epoch 16 train batch [1640/1875] loss=0.2142 avg_loss=0.1467. Resources: rss=2090.7MB, peak_rss=2501.7MB, cuda_alloc=351.3MB, cuda_reserved=36564.0MB, cuda_peak_alloc=3638.7MB, cuda_free=5688.4MB, cuda_total=48519.1MB
[2026-06-10 03:30:12] Epoch 16 train batch [1660/1875] loss=0.1180 avg_loss=0.1466. Resources: rss=2090.7MB, peak_rss=2501.7MB, cuda_alloc=351.3MB, cuda_reserved=36564.0MB, cuda_peak_alloc=3638.7MB, cuda_free=5688.4MB, cuda_total=48519.1MB
[2026-06-10 03:30:16] Epoch 16 train batch [1680/1875] loss=0.1040 avg_loss=0.1465. Resources: rss=2090.7MB, peak_rss=2501.7MB, cuda_alloc=351.3MB, cuda_reserved=36564.0MB, cuda_peak_alloc=3638.7MB, cuda_free=5688.4MB, cuda_total=48519.1MB
[2026-06-10 03:30:19] Epoch 16 train batch [1700/1875] loss=0.1105 avg_loss=0.1464. Resources: rss=2090.7MB, peak_rss=2501.7MB, cuda_alloc=351.3MB, cuda_reserved=36564.0MB, cuda_peak_alloc=3638.7MB, cuda_free=5688.4MB, cuda_total=48519.1MB
[2026-06-10 03:30:23] Epoch 16 train batch [1720/1875] loss=0.1517 avg_loss=0.1463. Resources: rss=2092.0MB, peak_rss=2501.7MB, cuda_alloc=351.3MB, cuda_reserved=36564.0MB, cuda_peak_alloc=3638.7MB, cuda_free=5688.4MB, cuda_total=48519.1MB
[2026-06-10 03:30:26] Epoch 16 train batch [1740/1875] loss=0.1355 avg_loss=0.1463. Resources: rss=2092.0MB, peak_rss=2501.7MB, cuda_alloc=351.3MB, cuda_reserved=36564.0MB, cuda_peak_alloc=3638.7MB, cuda_free=11014.4MB, cuda_total=48519.1MB
[2026-06-10 03:30:29] Epoch 16 train batch [1760/1875] loss=0.1579 avg_loss=0.1463. Resources: rss=2092.0MB, peak_rss=2501.7MB, cuda_alloc=351.3MB, cuda_reserved=36564.0MB, cuda_peak_alloc=3638.7MB, cuda_free=5702.4MB, cuda_total=48519.1MB
[2026-06-10 03:30:33] Epoch 16 train batch [1780/1875] loss=0.1533 avg_loss=0.1461. Resources: rss=2092.5MB, peak_rss=2501.7MB, cuda_alloc=351.3MB, cuda_reserved=36564.0MB, cuda_peak_alloc=3638.7MB, cuda_free=5690.4MB, cuda_total=48519.1MB
[2026-06-10 03:30:35] Epoch 16 train batch [1800/1875] loss=0.1047 avg_loss=0.1459. Resources: rss=2092.5MB, peak_rss=2501.7MB, cuda_alloc=351.3MB, cuda_reserved=36564.0MB, cuda_peak_alloc=3638.7MB, cuda_free=5690.4MB, cuda_total=48519.1MB
[2026-06-10 03:30:38] Epoch 16 train batch [1820/1875] loss=0.1245 avg_loss=0.1459. Resources: rss=2092.5MB, peak_rss=2501.7MB, cuda_alloc=351.3MB, cuda_reserved=36564.0MB, cuda_peak_alloc=3638.7MB, cuda_free=5690.4MB, cuda_total=48519.1MB
[2026-06-10 03:30:41] Epoch 16 train batch [1840/1875] loss=0.3029 avg_loss=0.1457. Resources: rss=2092.5MB, peak_rss=2501.7MB, cuda_alloc=351.3MB, cuda_reserved=36564.0MB, cuda_peak_alloc=3638.7MB, cuda_free=5690.4MB, cuda_total=48519.1MB
[2026-06-10 03:30:43] Epoch 16 train batch [1860/1875] loss=0.1655 avg_loss=0.1457. Resources: rss=2092.5MB, peak_rss=2501.7MB, cuda_alloc=351.3MB, cuda_reserved=36564.0MB, cuda_peak_alloc=3638.7MB, cuda_free=5690.4MB, cuda_total=48519.1MB
[2026-06-10 03:30:45] Epoch 16 train batch [1875/1875] loss=0.1509 avg_loss=0.1455. Resources: rss=2092.5MB, peak_rss=2501.7MB, cuda_alloc=351.3MB, cuda_reserved=36564.0MB, cuda_peak_alloc=3638.7MB, cuda_free=5690.4MB, cuda_total=48519.1MB
[2026-06-10 03:30:45] Epoch 16 training completed. Resources: rss=2092.5MB, peak_rss=2501.7MB, cuda_alloc=351.3MB, cuda_reserved=36564.0MB, cuda_peak_alloc=3638.7MB, cuda_free=5690.4MB, cuda_total=48519.1MB
[2026-06-10 03:30:46] Epoch 16 cache released before validation loss. Resources: rss=2031.2MB, peak_rss=2501.7MB, cuda_alloc=351.3MB, cuda_reserved=550.0MB, cuda_peak_alloc=351.3MB, cuda_free=41704.4MB, cuda_total=48519.1MB
[2026-06-10 03:31:07] Epoch 16 validation loss completed: 0.4888. Resources: rss=2078.2MB, peak_rss=2501.7MB, cuda_alloc=351.3MB, cuda_reserved=12200.0MB, cuda_peak_alloc=1426.1MB, cuda_free=30054.4MB, cuda_total=48519.1MB
[2026-06-10 03:31:07] Epoch 16 cache released before detection metrics. Resources: rss=2029.4MB, peak_rss=2501.7MB, cuda_alloc=351.3MB, cuda_reserved=550.0MB, cuda_peak_alloc=351.3MB, cuda_free=41704.4MB, cuda_total=48519.1MB
[2026-06-10 03:31:28] Epoch 16 prediction tensors moved to CPU. Computing metrics. Resources: rss=2028.4MB, peak_rss=2501.7MB, cuda_alloc=351.3MB, cuda_reserved=550.0MB, cuda_peak_alloc=351.3MB, cuda_free=41704.4MB, cuda_total=48519.1MB
[2026-06-10 03:31:28] Epoch 16 metrics computed (mAP@0.5 only). Saving artifacts. Resources: rss=2029.2MB, peak_rss=2501.7MB, cuda_alloc=351.3MB, cuda_reserved=550.0MB, cuda_peak_alloc=351.3MB, cuda_free=41704.4MB, cuda_total=48519.1MB
[2026-06-10 03:31:28] Epoch 16 did not improve mAP@0.5 enough. Early stopping counter: 1/10.
Epoch [16/30]
├── Train Loss : 0.1455
│   ├── loss_classifier  : 0.0750
│   ├── loss_box_reg     : 0.0704
│   ├── loss_objectness  : 0.0000
│   └── loss_rpn_box_reg : 0.0000
├── Val Loss   : 0.4888
├── mAP@0.5    : 0.7024
├── mAP@0.75   : n/a
├── mAP@0.5:0.95 : n/a
├── Precision  : 0.7184
├── Recall     : 0.7373
├── GT Boxes   : 2021
├── Predictions: 2074
├── Per-class AP
│   ├── person  : AP50=0.7149, AP75=n/a, AP50:95=n/a, P=0.7750, R=0.7505
│   ├── car     : AP50=0.6741, AP75=n/a, AP50:95=n/a, P=0.6612, R=0.7173
│   ├── dog     : AP50=0.7894, AP75=n/a, AP50:95=n/a, P=0.7647, R=0.8204
│   ├── cat     : AP50=0.8523, AP75=n/a, AP50:95=n/a, P=0.7887, R=0.8693
│   └── chair   : AP50=0.4811, AP75=n/a, AP50:95=n/a, P=0.5096, R=0.5638
├── LR         : 0.001000
└── Time       : 308.2s
[2026-06-10 03:31:28] Epoch [16/30] completed. Resources: rss=2028.3MB, peak_rss=2501.7MB, cuda_alloc=351.3MB, cuda_reserved=550.0MB, cuda_peak_alloc=351.3MB, cuda_free=41704.4MB, cuda_total=48519.1MB
[2026-06-10 03:31:28] Epoch [17/30] started. Resources: rss=2028.3MB, peak_rss=2501.7MB, cuda_alloc=351.3MB, cuda_reserved=550.0MB, cuda_peak_alloc=351.3MB, cuda_free=41704.4MB, cuda_total=48519.1MB
[2026-06-10 03:31:32] Epoch 17 train batch [20/1875] loss=0.1137 avg_loss=0.1264. Resources: rss=2085.1MB, peak_rss=2501.7MB, cuda_alloc=351.3MB, cuda_reserved=3042.0MB, cuda_peak_alloc=3637.5MB, cuda_free=39212.4MB, cuda_total=48519.1MB
[2026-06-10 03:31:34] Epoch 17 train batch [40/1875] loss=0.1498 avg_loss=0.1270. Resources: rss=2085.3MB, peak_rss=2501.7MB, cuda_alloc=351.3MB, cuda_reserved=29282.0MB, cuda_peak_alloc=3637.5MB, cuda_free=12972.4MB, cuda_total=48519.1MB
[2026-06-10 03:31:37] Epoch 17 train batch [60/1875] loss=0.1324 avg_loss=0.1351. Resources: rss=2088.3MB, peak_rss=2501.7MB, cuda_alloc=351.3MB, cuda_reserved=29802.0MB, cuda_peak_alloc=3637.5MB, cuda_free=17776.4MB, cuda_total=48519.1MB
[2026-06-10 03:31:40] Epoch 17 train batch [80/1875] loss=0.1612 avg_loss=0.1398. Resources: rss=2089.8MB, peak_rss=2501.7MB, cuda_alloc=351.3MB, cuda_reserved=39822.0MB, cuda_peak_alloc=3638.2MB, cuda_free=2446.4MB, cuda_total=48519.1MB
[2026-06-10 03:31:44] Epoch 17 train batch [100/1875] loss=0.0834 avg_loss=0.1440. Resources: rss=2089.8MB, peak_rss=2501.7MB, cuda_alloc=351.3MB, cuda_reserved=39822.0MB, cuda_peak_alloc=3638.2MB, cuda_free=2446.4MB, cuda_total=48519.1MB
[2026-06-10 03:31:48] Epoch 17 train batch [120/1875] loss=0.1497 avg_loss=0.1439. Resources: rss=2091.3MB, peak_rss=2501.7MB, cuda_alloc=351.3MB, cuda_reserved=39822.0MB, cuda_peak_alloc=3638.2MB, cuda_free=2430.4MB, cuda_total=48519.1MB
[2026-06-10 03:31:52] Epoch 17 train batch [140/1875] loss=0.1081 avg_loss=0.1452. Resources: rss=2091.3MB, peak_rss=2501.7MB, cuda_alloc=351.3MB, cuda_reserved=39822.0MB, cuda_peak_alloc=3638.2MB, cuda_free=2430.4MB, cuda_total=48519.1MB
[2026-06-10 03:31:56] Epoch 17 train batch [160/1875] loss=0.1642 avg_loss=0.1437. Resources: rss=2091.3MB, peak_rss=2501.7MB, cuda_alloc=351.3MB, cuda_reserved=39822.0MB, cuda_peak_alloc=3638.2MB, cuda_free=2428.4MB, cuda_total=48519.1MB
[2026-06-10 03:32:00] Epoch 17 train batch [180/1875] loss=0.1720 avg_loss=0.1475. Resources: rss=2091.6MB, peak_rss=2501.7MB, cuda_alloc=351.3MB, cuda_reserved=39822.0MB, cuda_peak_alloc=3638.2MB, cuda_free=2428.4MB, cuda_total=48519.1MB
[2026-06-10 03:32:04] Epoch 17 train batch [200/1875] loss=0.1936 avg_loss=0.1471. Resources: rss=2091.6MB, peak_rss=2501.7MB, cuda_alloc=351.3MB, cuda_reserved=39822.0MB, cuda_peak_alloc=3638.2MB, cuda_free=2428.4MB, cuda_total=48519.1MB
[2026-06-10 03:32:08] Epoch 17 train batch [220/1875] loss=0.1239 avg_loss=0.1467. Resources: rss=2091.6MB, peak_rss=2501.7MB, cuda_alloc=351.3MB, cuda_reserved=39822.0MB, cuda_peak_alloc=3638.2MB, cuda_free=2428.4MB, cuda_total=48519.1MB
[2026-06-10 03:32:11] Epoch 17 train batch [240/1875] loss=0.2250 avg_loss=0.1458. Resources: rss=2091.6MB, peak_rss=2501.7MB, cuda_alloc=351.3MB, cuda_reserved=39822.0MB, cuda_peak_alloc=3638.2MB, cuda_free=2428.4MB, cuda_total=48519.1MB
[2026-06-10 03:32:15] Epoch 17 train batch [260/1875] loss=0.1290 avg_loss=0.1467. Resources: rss=2091.6MB, peak_rss=2501.7MB, cuda_alloc=351.3MB, cuda_reserved=39822.0MB, cuda_peak_alloc=3638.2MB, cuda_free=2428.4MB, cuda_total=48519.1MB
[2026-06-10 03:32:18] Epoch 17 train batch [280/1875] loss=0.1179 avg_loss=0.1454. Resources: rss=2091.6MB, peak_rss=2501.7MB, cuda_alloc=351.3MB, cuda_reserved=13402.0MB, cuda_peak_alloc=3638.2MB, cuda_free=34565.8MB, cuda_total=48519.1MB
[2026-06-10 03:32:21] Epoch 17 train batch [300/1875] loss=0.1105 avg_loss=0.1449. Resources: rss=2092.3MB, peak_rss=2501.7MB, cuda_alloc=351.3MB, cuda_reserved=42242.0MB, cuda_peak_alloc=3638.2MB, cuda_free=5336.4MB, cuda_total=48519.1MB
[2026-06-10 03:32:24] Epoch 17 train batch [320/1875] loss=0.1610 avg_loss=0.1450. Resources: rss=2092.6MB, peak_rss=2501.7MB, cuda_alloc=351.3MB, cuda_reserved=30402.0MB, cuda_peak_alloc=3638.2MB, cuda_free=11798.4MB, cuda_total=48519.1MB
[2026-06-10 03:32:29] Epoch 17 train batch [340/1875] loss=0.1413 avg_loss=0.1451. Resources: rss=2092.6MB, peak_rss=2501.7MB, cuda_alloc=351.3MB, cuda_reserved=18422.0MB, cuda_peak_alloc=3638.2MB, cuda_free=23760.4MB, cuda_total=48519.1MB
[2026-06-10 03:32:32] Epoch 17 train batch [360/1875] loss=0.1103 avg_loss=0.1451. Resources: rss=2092.6MB, peak_rss=2501.7MB, cuda_alloc=351.3MB, cuda_reserved=30762.0MB, cuda_peak_alloc=3638.2MB, cuda_free=11420.4MB, cuda_total=48519.1MB
[2026-06-10 03:32:36] Epoch 17 train batch [380/1875] loss=0.0857 avg_loss=0.1440. Resources: rss=2092.6MB, peak_rss=2501.7MB, cuda_alloc=351.3MB, cuda_reserved=32802.0MB, cuda_peak_alloc=3638.2MB, cuda_free=9380.4MB, cuda_total=48519.1MB
[2026-06-10 03:32:40] Epoch 17 train batch [400/1875] loss=0.1169 avg_loss=0.1438. Resources: rss=2092.6MB, peak_rss=2501.7MB, cuda_alloc=351.3MB, cuda_reserved=36002.0MB, cuda_peak_alloc=3638.2MB, cuda_free=6180.4MB, cuda_total=48519.1MB
[2026-06-10 03:32:43] Epoch 17 train batch [420/1875] loss=0.0821 avg_loss=0.1444. Resources: rss=2092.6MB, peak_rss=2501.7MB, cuda_alloc=351.3MB, cuda_reserved=36002.0MB, cuda_peak_alloc=3638.2MB, cuda_free=6180.4MB, cuda_total=48519.1MB
[2026-06-10 03:32:47] Epoch 17 train batch [440/1875] loss=0.0832 avg_loss=0.1433. Resources: rss=2093.1MB, peak_rss=2501.7MB, cuda_alloc=351.3MB, cuda_reserved=36002.0MB, cuda_peak_alloc=3638.2MB, cuda_free=6180.4MB, cuda_total=48519.1MB
[2026-06-10 03:32:50] Epoch 17 train batch [460/1875] loss=0.2727 avg_loss=0.1427. Resources: rss=2093.1MB, peak_rss=2501.7MB, cuda_alloc=351.3MB, cuda_reserved=38002.0MB, cuda_peak_alloc=3638.2MB, cuda_free=4180.4MB, cuda_total=48519.1MB
[2026-06-10 03:32:53] Epoch 17 train batch [480/1875] loss=0.1286 avg_loss=0.1429. Resources: rss=2093.1MB, peak_rss=2501.7MB, cuda_alloc=351.3MB, cuda_reserved=38002.0MB, cuda_peak_alloc=3638.2MB, cuda_free=9576.4MB, cuda_total=48519.1MB
[2026-06-10 03:32:56] Epoch 17 train batch [500/1875] loss=0.0982 avg_loss=0.1430. Resources: rss=2074.5MB, peak_rss=2501.7MB, cuda_alloc=351.3MB, cuda_reserved=14222.0MB, cuda_peak_alloc=3638.2MB, cuda_free=33745.8MB, cuda_total=48519.1MB
[2026-06-10 03:32:59] Epoch 17 train batch [520/1875] loss=0.0783 avg_loss=0.1431. Resources: rss=2084.2MB, peak_rss=2501.7MB, cuda_alloc=351.3MB, cuda_reserved=17602.0MB, cuda_peak_alloc=3638.2MB, cuda_free=30365.8MB, cuda_total=48519.1MB
[2026-06-10 03:33:01] Epoch 17 train batch [540/1875] loss=0.3192 avg_loss=0.1433. Resources: rss=2088.0MB, peak_rss=2501.7MB, cuda_alloc=351.3MB, cuda_reserved=21662.0MB, cuda_peak_alloc=3638.2MB, cuda_free=26305.8MB, cuda_total=48519.1MB
[2026-06-10 03:33:04] Epoch 17 train batch [560/1875] loss=0.1371 avg_loss=0.1433. Resources: rss=2088.0MB, peak_rss=2501.7MB, cuda_alloc=351.3MB, cuda_reserved=21662.0MB, cuda_peak_alloc=3638.2MB, cuda_free=26305.8MB, cuda_total=48519.1MB
[2026-06-10 03:33:06] Epoch 17 train batch [580/1875] loss=0.1124 avg_loss=0.1429. Resources: rss=2088.0MB, peak_rss=2501.7MB, cuda_alloc=351.3MB, cuda_reserved=22082.0MB, cuda_peak_alloc=3638.2MB, cuda_free=25885.8MB, cuda_total=48519.1MB
[2026-06-10 03:33:09] Epoch 17 train batch [600/1875] loss=0.1543 avg_loss=0.1429. Resources: rss=2088.0MB, peak_rss=2501.7MB, cuda_alloc=351.3MB, cuda_reserved=24822.0MB, cuda_peak_alloc=3638.2MB, cuda_free=23145.8MB, cuda_total=48519.1MB
[2026-06-10 03:33:12] Epoch 17 train batch [620/1875] loss=0.0640 avg_loss=0.1422. Resources: rss=2088.0MB, peak_rss=2501.7MB, cuda_alloc=351.3MB, cuda_reserved=24822.0MB, cuda_peak_alloc=3638.2MB, cuda_free=23145.8MB, cuda_total=48519.1MB
[2026-06-10 03:33:14] Epoch 17 train batch [640/1875] loss=0.0956 avg_loss=0.1426. Resources: rss=2088.0MB, peak_rss=2501.7MB, cuda_alloc=351.3MB, cuda_reserved=24822.0MB, cuda_peak_alloc=3638.2MB, cuda_free=23145.8MB, cuda_total=48519.1MB
[2026-06-10 03:33:17] Epoch 17 train batch [660/1875] loss=0.0825 avg_loss=0.1431. Resources: rss=2090.0MB, peak_rss=2501.7MB, cuda_alloc=351.3MB, cuda_reserved=24822.0MB, cuda_peak_alloc=3638.2MB, cuda_free=23145.8MB, cuda_total=48519.1MB
[2026-06-10 03:33:19] Epoch 17 train batch [680/1875] loss=0.0800 avg_loss=0.1430. Resources: rss=2090.7MB, peak_rss=2501.7MB, cuda_alloc=351.3MB, cuda_reserved=24822.0MB, cuda_peak_alloc=3638.2MB, cuda_free=23145.8MB, cuda_total=48519.1MB
[2026-06-10 03:33:22] Epoch 17 train batch [700/1875] loss=0.2244 avg_loss=0.1424. Resources: rss=2090.7MB, peak_rss=2501.7MB, cuda_alloc=351.3MB, cuda_reserved=24822.0MB, cuda_peak_alloc=3638.2MB, cuda_free=23145.8MB, cuda_total=48519.1MB
[2026-06-10 03:33:25] Epoch 17 train batch [720/1875] loss=0.0722 avg_loss=0.1415. Resources: rss=2090.7MB, peak_rss=2501.7MB, cuda_alloc=351.3MB, cuda_reserved=24822.0MB, cuda_peak_alloc=3638.2MB, cuda_free=23145.8MB, cuda_total=48519.1MB
[2026-06-10 03:33:28] Epoch 17 train batch [740/1875] loss=0.0961 avg_loss=0.1407. Resources: rss=2090.7MB, peak_rss=2501.7MB, cuda_alloc=351.3MB, cuda_reserved=24822.0MB, cuda_peak_alloc=3638.2MB, cuda_free=23145.8MB, cuda_total=48519.1MB
[2026-06-10 03:33:30] Epoch 17 train batch [760/1875] loss=0.1503 avg_loss=0.1407. Resources: rss=2090.7MB, peak_rss=2501.7MB, cuda_alloc=351.3MB, cuda_reserved=24822.0MB, cuda_peak_alloc=3638.2MB, cuda_free=23145.8MB, cuda_total=48519.1MB
[2026-06-10 03:33:33] Epoch 17 train batch [780/1875] loss=0.0926 avg_loss=0.1413. Resources: rss=2090.7MB, peak_rss=2501.7MB, cuda_alloc=351.3MB, cuda_reserved=24862.0MB, cuda_peak_alloc=3638.2MB, cuda_free=23105.8MB, cuda_total=48519.1MB
[2026-06-10 03:33:35] Epoch 17 train batch [800/1875] loss=0.0896 avg_loss=0.1412. Resources: rss=2090.7MB, peak_rss=2501.7MB, cuda_alloc=351.3MB, cuda_reserved=24862.0MB, cuda_peak_alloc=3638.2MB, cuda_free=22716.4MB, cuda_total=48519.1MB
[2026-06-10 03:33:38] Epoch 17 train batch [820/1875] loss=0.0577 avg_loss=0.1408. Resources: rss=2090.7MB, peak_rss=2501.7MB, cuda_alloc=351.3MB, cuda_reserved=24862.0MB, cuda_peak_alloc=3638.2MB, cuda_free=17336.4MB, cuda_total=48519.1MB
[2026-06-10 03:33:42] Epoch 17 train batch [840/1875] loss=0.0840 avg_loss=0.1407. Resources: rss=2090.7MB, peak_rss=2501.7MB, cuda_alloc=351.3MB, cuda_reserved=24862.0MB, cuda_peak_alloc=3638.2MB, cuda_free=17336.4MB, cuda_total=48519.1MB
[2026-06-10 03:33:45] Epoch 17 train batch [860/1875] loss=0.1475 avg_loss=0.1407. Resources: rss=2090.7MB, peak_rss=2501.7MB, cuda_alloc=351.3MB, cuda_reserved=24862.0MB, cuda_peak_alloc=3638.2MB, cuda_free=17320.4MB, cuda_total=48519.1MB
[2026-06-10 03:33:49] Epoch 17 train batch [880/1875] loss=0.1655 avg_loss=0.1407. Resources: rss=2090.7MB, peak_rss=2501.7MB, cuda_alloc=351.3MB, cuda_reserved=24862.0MB, cuda_peak_alloc=3638.2MB, cuda_free=17320.4MB, cuda_total=48519.1MB
[2026-06-10 03:33:52] Epoch 17 train batch [900/1875] loss=0.0785 avg_loss=0.1411. Resources: rss=2090.7MB, peak_rss=2501.7MB, cuda_alloc=351.3MB, cuda_reserved=24862.0MB, cuda_peak_alloc=3638.2MB, cuda_free=17320.4MB, cuda_total=48519.1MB
[2026-06-10 03:33:56] Epoch 17 train batch [920/1875] loss=0.1019 avg_loss=0.1408. Resources: rss=2090.7MB, peak_rss=2501.7MB, cuda_alloc=351.3MB, cuda_reserved=24862.0MB, cuda_peak_alloc=3638.2MB, cuda_free=17320.4MB, cuda_total=48519.1MB
[2026-06-10 03:33:59] Epoch 17 train batch [940/1875] loss=0.1280 avg_loss=0.1411. Resources: rss=2090.7MB, peak_rss=2501.7MB, cuda_alloc=351.3MB, cuda_reserved=24862.0MB, cuda_peak_alloc=3638.2MB, cuda_free=17320.4MB, cuda_total=48519.1MB
[2026-06-10 03:34:03] Epoch 17 train batch [960/1875] loss=0.1187 avg_loss=0.1411. Resources: rss=2090.7MB, peak_rss=2501.7MB, cuda_alloc=351.3MB, cuda_reserved=28362.0MB, cuda_peak_alloc=3638.2MB, cuda_free=6185.1MB, cuda_total=48519.1MB
[2026-06-10 03:34:08] Epoch 17 train batch [980/1875] loss=0.1238 avg_loss=0.1413. Resources: rss=2091.5MB, peak_rss=2501.7MB, cuda_alloc=351.3MB, cuda_reserved=20462.0MB, cuda_peak_alloc=3638.2MB, cuda_free=13817.1MB, cuda_total=48519.1MB
[2026-06-10 03:34:13] Epoch 17 train batch [1000/1875] loss=0.1930 avg_loss=0.1410. Resources: rss=2091.5MB, peak_rss=2501.7MB, cuda_alloc=351.3MB, cuda_reserved=20902.0MB, cuda_peak_alloc=3638.2MB, cuda_free=13377.1MB, cuda_total=48519.1MB
[2026-06-10 03:34:17] Epoch 17 train batch [1020/1875] loss=0.0687 avg_loss=0.1406. Resources: rss=2091.5MB, peak_rss=2501.7MB, cuda_alloc=351.3MB, cuda_reserved=21882.0MB, cuda_peak_alloc=3638.2MB, cuda_free=12397.1MB, cuda_total=48519.1MB
[2026-06-10 03:34:20] Epoch 17 train batch [1040/1875] loss=0.0399 avg_loss=0.1404. Resources: rss=2091.5MB, peak_rss=2501.7MB, cuda_alloc=351.3MB, cuda_reserved=21882.0MB, cuda_peak_alloc=3638.2MB, cuda_free=12397.1MB, cuda_total=48519.1MB
[2026-06-10 03:34:24] Epoch 17 train batch [1060/1875] loss=0.1719 avg_loss=0.1403. Resources: rss=2091.5MB, peak_rss=2501.7MB, cuda_alloc=351.3MB, cuda_reserved=23242.0MB, cuda_peak_alloc=3638.2MB, cuda_free=11029.1MB, cuda_total=48519.1MB
[2026-06-10 03:34:28] Epoch 17 train batch [1080/1875] loss=0.1236 avg_loss=0.1407. Resources: rss=2091.5MB, peak_rss=2501.7MB, cuda_alloc=351.3MB, cuda_reserved=26922.0MB, cuda_peak_alloc=3638.2MB, cuda_free=7349.1MB, cuda_total=48519.1MB
[2026-06-10 03:34:32] Epoch 17 train batch [1100/1875] loss=0.0955 avg_loss=0.1406. Resources: rss=2038.8MB, peak_rss=2501.7MB, cuda_alloc=351.3MB, cuda_reserved=26922.0MB, cuda_peak_alloc=3638.2MB, cuda_free=7349.1MB, cuda_total=48519.1MB
[2026-06-10 03:34:36] Epoch 17 train batch [1120/1875] loss=0.0841 avg_loss=0.1405. Resources: rss=2082.0MB, peak_rss=2501.7MB, cuda_alloc=351.3MB, cuda_reserved=26922.0MB, cuda_peak_alloc=3638.2MB, cuda_free=7349.1MB, cuda_total=48519.1MB
[2026-06-10 03:34:40] Epoch 17 train batch [1140/1875] loss=0.0871 avg_loss=0.1401. Resources: rss=2088.0MB, peak_rss=2501.7MB, cuda_alloc=351.3MB, cuda_reserved=26922.0MB, cuda_peak_alloc=3638.2MB, cuda_free=7349.1MB, cuda_total=48519.1MB
[2026-06-10 03:34:44] Epoch 17 train batch [1160/1875] loss=0.1341 avg_loss=0.1401. Resources: rss=2088.3MB, peak_rss=2501.7MB, cuda_alloc=351.3MB, cuda_reserved=26922.0MB, cuda_peak_alloc=3638.2MB, cuda_free=7349.1MB, cuda_total=48519.1MB
[2026-06-10 03:34:48] Epoch 17 train batch [1180/1875] loss=0.1126 avg_loss=0.1401. Resources: rss=2088.8MB, peak_rss=2501.7MB, cuda_alloc=351.3MB, cuda_reserved=9442.0MB, cuda_peak_alloc=3638.2MB, cuda_free=24829.1MB, cuda_total=48519.1MB
[2026-06-10 03:34:52] Epoch 17 train batch [1200/1875] loss=0.1597 avg_loss=0.1401. Resources: rss=2088.8MB, peak_rss=2501.7MB, cuda_alloc=351.3MB, cuda_reserved=11442.0MB, cuda_peak_alloc=3638.2MB, cuda_free=22829.1MB, cuda_total=48519.1MB
[2026-06-10 03:34:56] Epoch 17 train batch [1220/1875] loss=0.1817 avg_loss=0.1402. Resources: rss=2089.0MB, peak_rss=2501.7MB, cuda_alloc=351.3MB, cuda_reserved=28842.0MB, cuda_peak_alloc=3638.2MB, cuda_free=5429.1MB, cuda_total=48519.1MB
[2026-06-10 03:35:01] Epoch 17 train batch [1240/1875] loss=0.1149 avg_loss=0.1400. Resources: rss=2089.0MB, peak_rss=2501.7MB, cuda_alloc=351.3MB, cuda_reserved=21422.0MB, cuda_peak_alloc=3638.2MB, cuda_free=12849.1MB, cuda_total=48519.1MB
[2026-06-10 03:35:05] Epoch 17 train batch [1260/1875] loss=0.1436 avg_loss=0.1397. Resources: rss=2089.3MB, peak_rss=2501.7MB, cuda_alloc=351.3MB, cuda_reserved=23682.0MB, cuda_peak_alloc=3638.2MB, cuda_free=10589.1MB, cuda_total=48519.1MB
[2026-06-10 03:35:08] Epoch 17 train batch [1280/1875] loss=0.1095 avg_loss=0.1396. Resources: rss=2089.3MB, peak_rss=2501.7MB, cuda_alloc=351.3MB, cuda_reserved=23682.0MB, cuda_peak_alloc=3638.2MB, cuda_free=10589.1MB, cuda_total=48519.1MB
[2026-06-10 03:35:12] Epoch 17 train batch [1300/1875] loss=0.1938 avg_loss=0.1394. Resources: rss=2090.3MB, peak_rss=2501.7MB, cuda_alloc=351.3MB, cuda_reserved=23682.0MB, cuda_peak_alloc=3638.2MB, cuda_free=10589.1MB, cuda_total=48519.1MB
[2026-06-10 03:35:16] Epoch 17 train batch [1320/1875] loss=0.1531 avg_loss=0.1393. Resources: rss=2090.3MB, peak_rss=2501.7MB, cuda_alloc=351.3MB, cuda_reserved=26802.0MB, cuda_peak_alloc=3638.2MB, cuda_free=7469.1MB, cuda_total=48519.1MB
[2026-06-10 03:35:20] Epoch 17 train batch [1340/1875] loss=0.1518 avg_loss=0.1390. Resources: rss=2090.3MB, peak_rss=2501.7MB, cuda_alloc=351.3MB, cuda_reserved=26802.0MB, cuda_peak_alloc=3638.2MB, cuda_free=7469.1MB, cuda_total=48519.1MB
[2026-06-10 03:35:24] Epoch 17 train batch [1360/1875] loss=0.1221 avg_loss=0.1391. Resources: rss=2090.3MB, peak_rss=2501.7MB, cuda_alloc=351.3MB, cuda_reserved=26802.0MB, cuda_peak_alloc=3638.2MB, cuda_free=7469.1MB, cuda_total=48519.1MB
[2026-06-10 03:35:27] Epoch 17 train batch [1380/1875] loss=0.1511 avg_loss=0.1394. Resources: rss=2090.3MB, peak_rss=2501.7MB, cuda_alloc=351.3MB, cuda_reserved=26802.0MB, cuda_peak_alloc=3638.2MB, cuda_free=7469.1MB, cuda_total=48519.1MB
[2026-06-10 03:35:32] Epoch 17 train batch [1400/1875] loss=0.0772 avg_loss=0.1393. Resources: rss=2090.3MB, peak_rss=2501.7MB, cuda_alloc=351.3MB, cuda_reserved=26802.0MB, cuda_peak_alloc=3638.4MB, cuda_free=7469.1MB, cuda_total=48519.1MB
[2026-06-10 03:35:35] Epoch 17 train batch [1420/1875] loss=0.1705 avg_loss=0.1396. Resources: rss=2090.3MB, peak_rss=2501.7MB, cuda_alloc=351.3MB, cuda_reserved=26802.0MB, cuda_peak_alloc=3638.4MB, cuda_free=7469.1MB, cuda_total=48519.1MB
[2026-06-10 03:35:39] Epoch 17 train batch [1440/1875] loss=0.0665 avg_loss=0.1395. Resources: rss=2090.8MB, peak_rss=2501.7MB, cuda_alloc=351.3MB, cuda_reserved=33802.0MB, cuda_peak_alloc=3638.4MB, cuda_free=469.1MB, cuda_total=48519.1MB
[2026-06-10 03:35:43] Epoch 17 train batch [1460/1875] loss=0.1507 avg_loss=0.1393. Resources: rss=2090.8MB, peak_rss=2501.7MB, cuda_alloc=351.3MB, cuda_reserved=25642.0MB, cuda_peak_alloc=3638.4MB, cuda_free=8629.1MB, cuda_total=48519.1MB
[2026-06-10 03:35:46] Epoch 17 train batch [1480/1875] loss=0.0691 avg_loss=0.1393. Resources: rss=2091.3MB, peak_rss=2501.7MB, cuda_alloc=351.3MB, cuda_reserved=12442.0MB, cuda_peak_alloc=3638.4MB, cuda_free=21829.1MB, cuda_total=48519.1MB
[2026-06-10 03:35:48] Epoch 17 train batch [1500/1875] loss=0.1255 avg_loss=0.1392. Resources: rss=2091.3MB, peak_rss=2501.7MB, cuda_alloc=351.3MB, cuda_reserved=24162.0MB, cuda_peak_alloc=3638.4MB, cuda_free=10109.1MB, cuda_total=48519.1MB
[2026-06-10 03:35:51] Epoch 17 train batch [1520/1875] loss=0.1184 avg_loss=0.1390. Resources: rss=2091.3MB, peak_rss=2501.7MB, cuda_alloc=351.3MB, cuda_reserved=24162.0MB, cuda_peak_alloc=3638.4MB, cuda_free=10109.1MB, cuda_total=48519.1MB
[2026-06-10 03:35:53] Epoch 17 train batch [1540/1875] loss=0.1515 avg_loss=0.1389. Resources: rss=2091.3MB, peak_rss=2501.7MB, cuda_alloc=351.3MB, cuda_reserved=27322.0MB, cuda_peak_alloc=3638.4MB, cuda_free=6949.1MB, cuda_total=48519.1MB
[2026-06-10 03:35:56] Epoch 17 train batch [1560/1875] loss=0.0723 avg_loss=0.1389. Resources: rss=2091.3MB, peak_rss=2501.7MB, cuda_alloc=351.3MB, cuda_reserved=27322.0MB, cuda_peak_alloc=3638.4MB, cuda_free=6949.1MB, cuda_total=48519.1MB
[2026-06-10 03:35:59] Epoch 17 train batch [1580/1875] loss=0.1679 avg_loss=0.1389. Resources: rss=2091.3MB, peak_rss=2501.7MB, cuda_alloc=351.3MB, cuda_reserved=27322.0MB, cuda_peak_alloc=3638.4MB, cuda_free=6949.1MB, cuda_total=48519.1MB
[2026-06-10 03:36:01] Epoch 17 train batch [1600/1875] loss=0.1463 avg_loss=0.1387. Resources: rss=2091.3MB, peak_rss=2501.7MB, cuda_alloc=351.3MB, cuda_reserved=27322.0MB, cuda_peak_alloc=3638.4MB, cuda_free=6949.1MB, cuda_total=48519.1MB
[2026-06-10 03:36:04] Epoch 17 train batch [1620/1875] loss=0.2166 avg_loss=0.1386. Resources: rss=2091.3MB, peak_rss=2501.7MB, cuda_alloc=351.3MB, cuda_reserved=27662.0MB, cuda_peak_alloc=3638.4MB, cuda_free=6609.1MB, cuda_total=48519.1MB
[2026-06-10 03:36:06] Epoch 17 train batch [1640/1875] loss=0.0904 avg_loss=0.1384. Resources: rss=2091.3MB, peak_rss=2501.7MB, cuda_alloc=351.3MB, cuda_reserved=27662.0MB, cuda_peak_alloc=3638.4MB, cuda_free=6609.1MB, cuda_total=48519.1MB
[2026-06-10 03:36:09] Epoch 17 train batch [1660/1875] loss=0.0524 avg_loss=0.1384. Resources: rss=2091.3MB, peak_rss=2501.7MB, cuda_alloc=351.3MB, cuda_reserved=27662.0MB, cuda_peak_alloc=3638.4MB, cuda_free=6609.1MB, cuda_total=48519.1MB
[2026-06-10 03:36:12] Epoch 17 train batch [1680/1875] loss=0.2176 avg_loss=0.1384. Resources: rss=2091.3MB, peak_rss=2501.7MB, cuda_alloc=351.3MB, cuda_reserved=27662.0MB, cuda_peak_alloc=3638.4MB, cuda_free=6609.1MB, cuda_total=48519.1MB
[2026-06-10 03:36:14] Epoch 17 train batch [1700/1875] loss=0.1245 avg_loss=0.1386. Resources: rss=2091.3MB, peak_rss=2501.7MB, cuda_alloc=351.3MB, cuda_reserved=27662.0MB, cuda_peak_alloc=3638.4MB, cuda_free=6609.1MB, cuda_total=48519.1MB
[2026-06-10 03:36:16] Epoch 17 train batch [1720/1875] loss=0.1380 avg_loss=0.1385. Resources: rss=2069.6MB, peak_rss=2501.7MB, cuda_alloc=351.3MB, cuda_reserved=30002.0MB, cuda_peak_alloc=3638.4MB, cuda_free=4269.1MB, cuda_total=48519.1MB
[2026-06-10 03:36:19] Epoch 17 train batch [1740/1875] loss=0.0961 avg_loss=0.1381. Resources: rss=2089.6MB, peak_rss=2501.7MB, cuda_alloc=351.3MB, cuda_reserved=30002.0MB, cuda_peak_alloc=3638.4MB, cuda_free=4269.1MB, cuda_total=48519.1MB
[2026-06-10 03:36:22] Epoch 17 train batch [1760/1875] loss=0.1660 avg_loss=0.1382. Resources: rss=2090.6MB, peak_rss=2501.7MB, cuda_alloc=351.3MB, cuda_reserved=30002.0MB, cuda_peak_alloc=3638.4MB, cuda_free=4269.1MB, cuda_total=48519.1MB
[2026-06-10 03:36:24] Epoch 17 train batch [1780/1875] loss=0.0753 avg_loss=0.1381. Resources: rss=2090.9MB, peak_rss=2501.7MB, cuda_alloc=351.3MB, cuda_reserved=30002.0MB, cuda_peak_alloc=3638.4MB, cuda_free=4269.1MB, cuda_total=48519.1MB
[2026-06-10 03:36:27] Epoch 17 train batch [1800/1875] loss=0.1355 avg_loss=0.1381. Resources: rss=2090.9MB, peak_rss=2501.7MB, cuda_alloc=351.3MB, cuda_reserved=30002.0MB, cuda_peak_alloc=3638.4MB, cuda_free=4269.1MB, cuda_total=48519.1MB
[2026-06-10 03:36:30] Epoch 17 train batch [1820/1875] loss=0.1240 avg_loss=0.1380. Resources: rss=2091.1MB, peak_rss=2501.7MB, cuda_alloc=351.3MB, cuda_reserved=4242.0MB, cuda_peak_alloc=3638.4MB, cuda_free=30029.1MB, cuda_total=48519.1MB
[2026-06-10 03:36:33] Epoch 17 train batch [1840/1875] loss=0.1291 avg_loss=0.1379. Resources: rss=2091.1MB, peak_rss=2501.7MB, cuda_alloc=351.3MB, cuda_reserved=15542.0MB, cuda_peak_alloc=3638.4MB, cuda_free=18729.1MB, cuda_total=48519.1MB
[2026-06-10 03:36:37] Epoch 17 train batch [1860/1875] loss=0.1267 avg_loss=0.1381. Resources: rss=2091.1MB, peak_rss=2501.7MB, cuda_alloc=351.3MB, cuda_reserved=13562.0MB, cuda_peak_alloc=3638.4MB, cuda_free=20709.1MB, cuda_total=48519.1MB
[2026-06-10 03:36:39] Epoch 17 train batch [1875/1875] loss=0.1057 avg_loss=0.1382. Resources: rss=2091.1MB, peak_rss=2501.7MB, cuda_alloc=351.3MB, cuda_reserved=12342.0MB, cuda_peak_alloc=3638.4MB, cuda_free=21929.1MB, cuda_total=48519.1MB
[2026-06-10 03:36:39] Epoch 17 training completed. Resources: rss=2091.1MB, peak_rss=2501.7MB, cuda_alloc=351.3MB, cuda_reserved=12342.0MB, cuda_peak_alloc=3638.4MB, cuda_free=21929.1MB, cuda_total=48519.1MB
[2026-06-10 03:36:40] Epoch 17 cache released before validation loss. Resources: rss=2030.3MB, peak_rss=2501.7MB, cuda_alloc=351.3MB, cuda_reserved=510.0MB, cuda_peak_alloc=351.3MB, cuda_free=33761.1MB, cuda_total=48519.1MB
[2026-06-10 03:37:01] Epoch 17 validation loss completed: 0.5328. Resources: rss=2087.6MB, peak_rss=2501.7MB, cuda_alloc=351.3MB, cuda_reserved=12840.0MB, cuda_peak_alloc=1426.1MB, cuda_free=25759.8MB, cuda_total=48519.1MB
[2026-06-10 03:37:01] Epoch 17 cache released before detection metrics. Resources: rss=2030.5MB, peak_rss=2501.7MB, cuda_alloc=351.3MB, cuda_reserved=510.0MB, cuda_peak_alloc=351.3MB, cuda_free=33919.8MB, cuda_total=48519.1MB
[2026-06-10 03:37:26] Epoch 17 prediction tensors moved to CPU. Computing metrics. Resources: rss=2030.6MB, peak_rss=2501.7MB, cuda_alloc=351.3MB, cuda_reserved=510.0MB, cuda_peak_alloc=351.3MB, cuda_free=32753.8MB, cuda_total=48519.1MB
[2026-06-10 03:37:26] Epoch 17 metrics computed (mAP@0.5 only). Saving artifacts. Resources: rss=2031.4MB, peak_rss=2501.7MB, cuda_alloc=351.3MB, cuda_reserved=510.0MB, cuda_peak_alloc=351.3MB, cuda_free=32753.8MB, cuda_total=48519.1MB
[2026-06-10 03:37:26] Epoch 17 did not improve mAP@0.5 enough. Early stopping counter: 2/10.
Epoch [17/30]
├── Train Loss : 0.1382
│   ├── loss_classifier  : 0.0712
│   ├── loss_box_reg     : 0.0670
│   ├── loss_objectness  : 0.0000
│   └── loss_rpn_box_reg : 0.0000
├── Val Loss   : 0.5328
├── mAP@0.5    : 0.6941
├── mAP@0.75   : n/a
├── mAP@0.5:0.95 : n/a
├── Precision  : 0.6918
├── Recall     : 0.7442
├── GT Boxes   : 2021
├── Predictions: 2174
├── Per-class AP
│   ├── person  : AP50=0.7267, AP75=n/a, AP50:95=n/a, P=0.7301, R=0.7682
│   ├── car     : AP50=0.7055, AP75=n/a, AP50:95=n/a, P=0.6474, R=0.7527
│   ├── dog     : AP50=0.7580, AP75=n/a, AP50:95=n/a, P=0.6917, R=0.8058
│   ├── cat     : AP50=0.8406, AP75=n/a, AP50:95=n/a, P=0.8333, R=0.8523
│   └── chair   : AP50=0.4399, AP75=n/a, AP50:95=n/a, P=0.5085, R=0.5319
├── LR         : 0.001000
└── Time       : 357.1s
[2026-06-10 03:37:26] Epoch [17/30] completed. Resources: rss=2030.8MB, peak_rss=2501.7MB, cuda_alloc=351.3MB, cuda_reserved=510.0MB, cuda_peak_alloc=351.3MB, cuda_free=32753.8MB, cuda_total=48519.1MB
[2026-06-10 03:37:26] Epoch [18/30] started. Resources: rss=2030.8MB, peak_rss=2501.7MB, cuda_alloc=351.3MB, cuda_reserved=510.0MB, cuda_peak_alloc=351.3MB, cuda_free=32753.8MB, cuda_total=48519.1MB
[2026-06-10 03:37:29] Epoch 18 train batch [20/1875] loss=0.2098 avg_loss=0.1192. Resources: rss=2085.8MB, peak_rss=2501.7MB, cuda_alloc=351.3MB, cuda_reserved=15062.0MB, cuda_peak_alloc=3637.8MB, cuda_free=18201.8MB, cuda_total=48519.1MB
[2026-06-10 03:37:33] Epoch 18 train batch [40/1875] loss=0.2037 avg_loss=0.1300. Resources: rss=2088.5MB, peak_rss=2501.7MB, cuda_alloc=351.3MB, cuda_reserved=4202.0MB, cuda_peak_alloc=3638.1MB, cuda_free=29061.8MB, cuda_total=48519.1MB
[2026-06-10 03:37:36] Epoch 18 train batch [60/1875] loss=0.0722 avg_loss=0.1380. Resources: rss=2089.8MB, peak_rss=2501.7MB, cuda_alloc=351.3MB, cuda_reserved=12722.0MB, cuda_peak_alloc=3638.1MB, cuda_free=20541.8MB, cuda_total=48519.1MB
[2026-06-10 03:37:38] Epoch 18 train batch [80/1875] loss=0.1403 avg_loss=0.1347. Resources: rss=2089.8MB, peak_rss=2501.7MB, cuda_alloc=351.3MB, cuda_reserved=19782.0MB, cuda_peak_alloc=3638.1MB, cuda_free=13481.8MB, cuda_total=48519.1MB
[2026-06-10 03:37:41] Epoch 18 train batch [100/1875] loss=0.1279 avg_loss=0.1371. Resources: rss=2084.5MB, peak_rss=2501.7MB, cuda_alloc=351.3MB, cuda_reserved=30442.0MB, cuda_peak_alloc=3638.1MB, cuda_free=2821.8MB, cuda_total=48519.1MB
[2026-06-10 03:37:44] Epoch 18 train batch [120/1875] loss=0.0973 avg_loss=0.1332. Resources: rss=2089.7MB, peak_rss=2501.7MB, cuda_alloc=351.3MB, cuda_reserved=19522.0MB, cuda_peak_alloc=3638.1MB, cuda_free=13741.8MB, cuda_total=48519.1MB
[2026-06-10 03:37:47] Epoch 18 train batch [140/1875] loss=0.2222 avg_loss=0.1359. Resources: rss=2091.7MB, peak_rss=2501.7MB, cuda_alloc=351.3MB, cuda_reserved=26422.0MB, cuda_peak_alloc=3638.1MB, cuda_free=6841.8MB, cuda_total=48519.1MB
[2026-06-10 03:37:50] Epoch 18 train batch [160/1875] loss=0.4693 avg_loss=0.1346. Resources: rss=2092.5MB, peak_rss=2501.7MB, cuda_alloc=351.3MB, cuda_reserved=30242.0MB, cuda_peak_alloc=3638.1MB, cuda_free=3021.8MB, cuda_total=48519.1MB
[2026-06-10 03:37:52] Epoch 18 train batch [180/1875] loss=0.0538 avg_loss=0.1359. Resources: rss=2092.5MB, peak_rss=2501.7MB, cuda_alloc=351.3MB, cuda_reserved=31222.0MB, cuda_peak_alloc=3638.1MB, cuda_free=2041.8MB, cuda_total=48519.1MB
[2026-06-10 03:37:56] Epoch 18 train batch [200/1875] loss=0.1844 avg_loss=0.1341. Resources: rss=2092.5MB, peak_rss=2501.7MB, cuda_alloc=351.3MB, cuda_reserved=31222.0MB, cuda_peak_alloc=3638.1MB, cuda_free=1987.8MB, cuda_total=48519.1MB
[2026-06-10 03:38:00] Epoch 18 train batch [220/1875] loss=0.3052 avg_loss=0.1357. Resources: rss=2092.7MB, peak_rss=2501.7MB, cuda_alloc=351.3MB, cuda_reserved=31562.0MB, cuda_peak_alloc=3638.1MB, cuda_free=1647.8MB, cuda_total=48519.1MB
[2026-06-10 03:38:04] Epoch 18 train batch [240/1875] loss=0.2088 avg_loss=0.1365. Resources: rss=2092.7MB, peak_rss=2501.7MB, cuda_alloc=351.3MB, cuda_reserved=31562.0MB, cuda_peak_alloc=3638.1MB, cuda_free=1647.8MB, cuda_total=48519.1MB
[2026-06-10 03:38:06] Epoch 18 train batch [260/1875] loss=0.2530 avg_loss=0.1358. Resources: rss=2092.7MB, peak_rss=2501.7MB, cuda_alloc=351.3MB, cuda_reserved=31562.0MB, cuda_peak_alloc=3638.1MB, cuda_free=1647.8MB, cuda_total=48519.1MB
[2026-06-10 03:38:09] Epoch 18 train batch [280/1875] loss=0.1431 avg_loss=0.1354. Resources: rss=2092.7MB, peak_rss=2501.7MB, cuda_alloc=351.3MB, cuda_reserved=31562.0MB, cuda_peak_alloc=3638.1MB, cuda_free=1647.8MB, cuda_total=48519.1MB
[2026-06-10 03:38:11] Epoch 18 train batch [300/1875] loss=0.0783 avg_loss=0.1369. Resources: rss=2092.7MB, peak_rss=2501.7MB, cuda_alloc=351.3MB, cuda_reserved=31562.0MB, cuda_peak_alloc=3638.1MB, cuda_free=1647.8MB, cuda_total=48519.1MB
[2026-06-10 03:38:15] Epoch 18 train batch [320/1875] loss=0.0885 avg_loss=0.1363. Resources: rss=2093.0MB, peak_rss=2501.7MB, cuda_alloc=351.3MB, cuda_reserved=20502.0MB, cuda_peak_alloc=3638.1MB, cuda_free=12707.8MB, cuda_total=48519.1MB
[2026-06-10 03:38:18] Epoch 18 train batch [340/1875] loss=0.0816 avg_loss=0.1359. Resources: rss=2093.5MB, peak_rss=2501.7MB, cuda_alloc=351.3MB, cuda_reserved=17144.0MB, cuda_peak_alloc=3638.1MB, cuda_free=16065.8MB, cuda_total=48519.1MB
[2026-06-10 03:38:21] Epoch 18 train batch [360/1875] loss=0.1665 avg_loss=0.1340. Resources: rss=2093.5MB, peak_rss=2501.7MB, cuda_alloc=351.3MB, cuda_reserved=4502.0MB, cuda_peak_alloc=3638.1MB, cuda_free=28707.8MB, cuda_total=48519.1MB
[2026-06-10 03:38:24] Epoch 18 train batch [380/1875] loss=0.1434 avg_loss=0.1335. Resources: rss=2093.5MB, peak_rss=2501.7MB, cuda_alloc=351.3MB, cuda_reserved=14882.0MB, cuda_peak_alloc=3638.2MB, cuda_free=18327.8MB, cuda_total=48519.1MB
[2026-06-10 03:38:27] Epoch 18 train batch [400/1875] loss=0.1473 avg_loss=0.1332. Resources: rss=2093.5MB, peak_rss=2501.7MB, cuda_alloc=351.3MB, cuda_reserved=14402.0MB, cuda_peak_alloc=3638.2MB, cuda_free=18807.8MB, cuda_total=48519.1MB
[2026-06-10 03:38:30] Epoch 18 train batch [420/1875] loss=0.1606 avg_loss=0.1334. Resources: rss=2093.5MB, peak_rss=2501.7MB, cuda_alloc=351.3MB, cuda_reserved=24282.0MB, cuda_peak_alloc=3638.2MB, cuda_free=8927.8MB, cuda_total=48519.1MB
[2026-06-10 03:38:33] Epoch 18 train batch [440/1875] loss=0.1048 avg_loss=0.1334. Resources: rss=2093.5MB, peak_rss=2501.7MB, cuda_alloc=351.3MB, cuda_reserved=24282.0MB, cuda_peak_alloc=3638.2MB, cuda_free=8927.8MB, cuda_total=48519.1MB
[2026-06-10 03:38:35] Epoch 18 train batch [460/1875] loss=0.1271 avg_loss=0.1335. Resources: rss=2093.5MB, peak_rss=2501.7MB, cuda_alloc=351.3MB, cuda_reserved=28082.0MB, cuda_peak_alloc=3638.2MB, cuda_free=5127.8MB, cuda_total=48519.1MB
[2026-06-10 03:38:38] Epoch 18 train batch [480/1875] loss=0.1352 avg_loss=0.1330. Resources: rss=2093.5MB, peak_rss=2501.7MB, cuda_alloc=351.3MB, cuda_reserved=30802.0MB, cuda_peak_alloc=3638.2MB, cuda_free=2407.8MB, cuda_total=48519.1MB
[2026-06-10 03:38:41] Epoch 18 train batch [500/1875] loss=0.0966 avg_loss=0.1320. Resources: rss=2093.5MB, peak_rss=2501.7MB, cuda_alloc=351.3MB, cuda_reserved=30802.0MB, cuda_peak_alloc=3638.2MB, cuda_free=2407.8MB, cuda_total=48519.1MB
[2026-06-10 03:38:43] Epoch 18 train batch [520/1875] loss=0.0830 avg_loss=0.1314. Resources: rss=2093.7MB, peak_rss=2501.7MB, cuda_alloc=351.3MB, cuda_reserved=31482.0MB, cuda_peak_alloc=3638.2MB, cuda_free=1727.8MB, cuda_total=48519.1MB
[2026-06-10 03:38:46] Epoch 18 train batch [540/1875] loss=0.0602 avg_loss=0.1311. Resources: rss=2093.7MB, peak_rss=2501.7MB, cuda_alloc=351.3MB, cuda_reserved=31482.0MB, cuda_peak_alloc=3638.2MB, cuda_free=1727.8MB, cuda_total=48519.1MB
[2026-06-10 03:38:49] Epoch 18 train batch [560/1875] loss=0.1057 avg_loss=0.1307. Resources: rss=2093.7MB, peak_rss=2501.7MB, cuda_alloc=351.3MB, cuda_reserved=31482.0MB, cuda_peak_alloc=3638.2MB, cuda_free=1727.8MB, cuda_total=48519.1MB
[2026-06-10 03:38:51] Epoch 18 train batch [580/1875] loss=0.1384 avg_loss=0.1305. Resources: rss=2093.7MB, peak_rss=2501.7MB, cuda_alloc=351.3MB, cuda_reserved=31482.0MB, cuda_peak_alloc=3638.2MB, cuda_free=1727.8MB, cuda_total=48519.1MB
[2026-06-10 03:38:54] Epoch 18 train batch [600/1875] loss=0.1031 avg_loss=0.1298. Resources: rss=2093.7MB, peak_rss=2501.7MB, cuda_alloc=351.3MB, cuda_reserved=31482.0MB, cuda_peak_alloc=3638.2MB, cuda_free=1727.8MB, cuda_total=48519.1MB
[2026-06-10 03:38:56] Epoch 18 train batch [620/1875] loss=0.0819 avg_loss=0.1299. Resources: rss=2095.0MB, peak_rss=2501.7MB, cuda_alloc=351.3MB, cuda_reserved=31482.0MB, cuda_peak_alloc=3638.2MB, cuda_free=1727.8MB, cuda_total=48519.1MB
[2026-06-10 03:38:59] Epoch 18 train batch [640/1875] loss=0.1202 avg_loss=0.1295. Resources: rss=2095.0MB, peak_rss=2501.7MB, cuda_alloc=351.3MB, cuda_reserved=31482.0MB, cuda_peak_alloc=3638.2MB, cuda_free=1727.8MB, cuda_total=48519.1MB
[2026-06-10 03:39:02] Epoch 18 train batch [660/1875] loss=0.0540 avg_loss=0.1296. Resources: rss=2095.0MB, peak_rss=2501.7MB, cuda_alloc=351.3MB, cuda_reserved=31482.0MB, cuda_peak_alloc=3638.2MB, cuda_free=1727.8MB, cuda_total=48519.1MB
[2026-06-10 03:39:04] Epoch 18 train batch [680/1875] loss=0.0925 avg_loss=0.1294. Resources: rss=2095.0MB, peak_rss=2501.7MB, cuda_alloc=351.3MB, cuda_reserved=31482.0MB, cuda_peak_alloc=3638.2MB, cuda_free=1727.8MB, cuda_total=48519.1MB
[2026-06-10 03:39:07] Epoch 18 train batch [700/1875] loss=0.1556 avg_loss=0.1288. Resources: rss=2057.4MB, peak_rss=2501.7MB, cuda_alloc=351.3MB, cuda_reserved=31722.0MB, cuda_peak_alloc=3638.2MB, cuda_free=1487.8MB, cuda_total=48519.1MB
[2026-06-10 03:39:10] Epoch 18 train batch [720/1875] loss=0.1102 avg_loss=0.1290. Resources: rss=2088.4MB, peak_rss=2501.7MB, cuda_alloc=351.3MB, cuda_reserved=33142.0MB, cuda_peak_alloc=3638.2MB, cuda_free=67.8MB, cuda_total=48519.1MB
[2026-06-10 03:39:13] Epoch 18 train batch [740/1875] loss=0.1150 avg_loss=0.1291. Resources: rss=2089.6MB, peak_rss=2501.7MB, cuda_alloc=351.3MB, cuda_reserved=32782.0MB, cuda_peak_alloc=3638.2MB, cuda_free=427.8MB, cuda_total=48519.1MB
[2026-06-10 03:39:17] Epoch 18 train batch [760/1875] loss=0.1438 avg_loss=0.1294. Resources: rss=2091.4MB, peak_rss=2501.7MB, cuda_alloc=351.3MB, cuda_reserved=5622.0MB, cuda_peak_alloc=3638.2MB, cuda_free=27587.8MB, cuda_total=48519.1MB
[2026-06-10 03:39:20] Epoch 18 train batch [780/1875] loss=0.0679 avg_loss=0.1298. Resources: rss=2082.9MB, peak_rss=2501.7MB, cuda_alloc=351.3MB, cuda_reserved=18502.0MB, cuda_peak_alloc=3638.2MB, cuda_free=14707.8MB, cuda_total=48519.1MB
[2026-06-10 03:39:23] Epoch 18 train batch [800/1875] loss=0.1207 avg_loss=0.1296. Resources: rss=2091.1MB, peak_rss=2501.7MB, cuda_alloc=351.3MB, cuda_reserved=19702.0MB, cuda_peak_alloc=3638.2MB, cuda_free=13507.8MB, cuda_total=48519.1MB
[2026-06-10 03:39:27] Epoch 18 train batch [820/1875] loss=0.0936 avg_loss=0.1298. Resources: rss=2091.1MB, peak_rss=2501.7MB, cuda_alloc=351.3MB, cuda_reserved=29402.0MB, cuda_peak_alloc=3638.2MB, cuda_free=3807.8MB, cuda_total=48519.1MB
[2026-06-10 03:39:30] Epoch 18 train batch [840/1875] loss=0.1286 avg_loss=0.1298. Resources: rss=2091.1MB, peak_rss=2501.7MB, cuda_alloc=351.3MB, cuda_reserved=6882.0MB, cuda_peak_alloc=3638.2MB, cuda_free=26327.8MB, cuda_total=48519.1MB
[2026-06-10 03:39:35] Epoch 18 train batch [860/1875] loss=0.1148 avg_loss=0.1296. Resources: rss=2091.9MB, peak_rss=2501.7MB, cuda_alloc=351.3MB, cuda_reserved=13982.0MB, cuda_peak_alloc=3638.2MB, cuda_free=19225.8MB, cuda_total=48519.1MB
[2026-06-10 03:39:38] Epoch 18 train batch [880/1875] loss=0.0718 avg_loss=0.1294. Resources: rss=2091.9MB, peak_rss=2501.7MB, cuda_alloc=351.3MB, cuda_reserved=28882.0MB, cuda_peak_alloc=3638.2MB, cuda_free=4325.8MB, cuda_total=48519.1MB
[2026-06-10 03:39:41] Epoch 18 train batch [900/1875] loss=0.1426 avg_loss=0.1292. Resources: rss=2092.1MB, peak_rss=2501.7MB, cuda_alloc=351.3MB, cuda_reserved=33042.0MB, cuda_peak_alloc=3638.2MB, cuda_free=165.8MB, cuda_total=48519.1MB
[2026-06-10 03:39:43] Epoch 18 train batch [920/1875] loss=0.0597 avg_loss=0.1290. Resources: rss=2092.1MB, peak_rss=2501.7MB, cuda_alloc=351.3MB, cuda_reserved=33042.0MB, cuda_peak_alloc=3638.2MB, cuda_free=165.8MB, cuda_total=48519.1MB
[2026-06-10 03:39:47] Epoch 18 train batch [940/1875] loss=0.1282 avg_loss=0.1288. Resources: rss=2092.1MB, peak_rss=2501.7MB, cuda_alloc=351.3MB, cuda_reserved=18082.0MB, cuda_peak_alloc=3638.2MB, cuda_free=15125.8MB, cuda_total=48519.1MB
[2026-06-10 03:39:49] Epoch 18 train batch [960/1875] loss=0.0457 avg_loss=0.1283. Resources: rss=2092.1MB, peak_rss=2501.7MB, cuda_alloc=351.3MB, cuda_reserved=22902.0MB, cuda_peak_alloc=3638.2MB, cuda_free=10305.8MB, cuda_total=48519.1MB
[2026-06-10 03:39:53] Epoch 18 train batch [980/1875] loss=0.1617 avg_loss=0.1286. Resources: rss=2092.1MB, peak_rss=2501.7MB, cuda_alloc=351.3MB, cuda_reserved=22902.0MB, cuda_peak_alloc=3638.2MB, cuda_free=10305.8MB, cuda_total=48519.1MB
[2026-06-10 03:39:57] Epoch 18 train batch [1000/1875] loss=0.1777 avg_loss=0.1287. Resources: rss=2092.1MB, peak_rss=2501.7MB, cuda_alloc=351.3MB, cuda_reserved=24362.0MB, cuda_peak_alloc=3638.2MB, cuda_free=8845.8MB, cuda_total=48519.1MB
[2026-06-10 03:40:00] Epoch 18 train batch [1020/1875] loss=0.1996 avg_loss=0.1284. Resources: rss=2092.1MB, peak_rss=2501.7MB, cuda_alloc=351.3MB, cuda_reserved=27922.0MB, cuda_peak_alloc=3638.2MB, cuda_free=5285.8MB, cuda_total=48519.1MB
[2026-06-10 03:40:03] Epoch 18 train batch [1040/1875] loss=0.1090 avg_loss=0.1284. Resources: rss=2092.1MB, peak_rss=2501.7MB, cuda_alloc=351.3MB, cuda_reserved=30762.0MB, cuda_peak_alloc=3638.2MB, cuda_free=2445.8MB, cuda_total=48519.1MB
[2026-06-10 03:40:06] Epoch 18 train batch [1060/1875] loss=0.1211 avg_loss=0.1283. Resources: rss=2092.1MB, peak_rss=2501.7MB, cuda_alloc=351.3MB, cuda_reserved=30762.0MB, cuda_peak_alloc=3638.2MB, cuda_free=2445.8MB, cuda_total=48519.1MB
[2026-06-10 03:40:08] Epoch 18 train batch [1080/1875] loss=0.1440 avg_loss=0.1281. Resources: rss=2092.1MB, peak_rss=2501.7MB, cuda_alloc=351.3MB, cuda_reserved=30762.0MB, cuda_peak_alloc=3638.2MB, cuda_free=2445.8MB, cuda_total=48519.1MB
[2026-06-10 03:40:11] Epoch 18 train batch [1100/1875] loss=0.1475 avg_loss=0.1295. Resources: rss=2092.1MB, peak_rss=2501.7MB, cuda_alloc=351.3MB, cuda_reserved=32262.0MB, cuda_peak_alloc=3638.2MB, cuda_free=945.8MB, cuda_total=48519.1MB
[2026-06-10 03:40:15] Epoch 18 train batch [1120/1875] loss=0.0970 avg_loss=0.1291. Resources: rss=2092.1MB, peak_rss=2501.7MB, cuda_alloc=351.3MB, cuda_reserved=8482.0MB, cuda_peak_alloc=3638.3MB, cuda_free=24725.8MB, cuda_total=48519.1MB
[2026-06-10 03:40:18] Epoch 18 train batch [1140/1875] loss=0.1147 avg_loss=0.1286. Resources: rss=2092.1MB, peak_rss=2501.7MB, cuda_alloc=351.3MB, cuda_reserved=28582.0MB, cuda_peak_alloc=3638.3MB, cuda_free=4625.8MB, cuda_total=48519.1MB
[2026-06-10 03:40:22] Epoch 18 train batch [1160/1875] loss=0.0877 avg_loss=0.1287. Resources: rss=2092.1MB, peak_rss=2501.7MB, cuda_alloc=351.3MB, cuda_reserved=3842.0MB, cuda_peak_alloc=3638.3MB, cuda_free=29365.8MB, cuda_total=48519.1MB
[2026-06-10 03:40:25] Epoch 18 train batch [1180/1875] loss=0.0721 avg_loss=0.1288. Resources: rss=2092.1MB, peak_rss=2501.7MB, cuda_alloc=351.3MB, cuda_reserved=16502.0MB, cuda_peak_alloc=3638.3MB, cuda_free=16705.8MB, cuda_total=48519.1MB
[2026-06-10 03:40:28] Epoch 18 train batch [1200/1875] loss=0.0965 avg_loss=0.1288. Resources: rss=2093.4MB, peak_rss=2501.7MB, cuda_alloc=351.3MB, cuda_reserved=3442.0MB, cuda_peak_alloc=3638.3MB, cuda_free=29765.8MB, cuda_total=48519.1MB
[2026-06-10 03:40:32] Epoch 18 train batch [1220/1875] loss=0.0919 avg_loss=0.1290. Resources: rss=2093.4MB, peak_rss=2501.7MB, cuda_alloc=351.3MB, cuda_reserved=14502.0MB, cuda_peak_alloc=3638.3MB, cuda_free=18705.8MB, cuda_total=48519.1MB
[2026-06-10 03:40:35] Epoch 18 train batch [1240/1875] loss=0.2490 avg_loss=0.1291. Resources: rss=2093.4MB, peak_rss=2501.7MB, cuda_alloc=351.3MB, cuda_reserved=23942.0MB, cuda_peak_alloc=3638.3MB, cuda_free=9265.8MB, cuda_total=48519.1MB
[2026-06-10 03:40:39] Epoch 18 train batch [1260/1875] loss=0.1622 avg_loss=0.1294. Resources: rss=2093.4MB, peak_rss=2501.7MB, cuda_alloc=351.3MB, cuda_reserved=26602.0MB, cuda_peak_alloc=3638.3MB, cuda_free=6605.8MB, cuda_total=48519.1MB
[2026-06-10 03:40:41] Epoch 18 train batch [1280/1875] loss=0.0576 avg_loss=0.1295. Resources: rss=2093.4MB, peak_rss=2501.7MB, cuda_alloc=351.3MB, cuda_reserved=28062.0MB, cuda_peak_alloc=3638.3MB, cuda_free=13057.1MB, cuda_total=48519.1MB
[2026-06-10 03:40:44] Epoch 18 train batch [1300/1875] loss=0.1896 avg_loss=0.1295. Resources: rss=2093.4MB, peak_rss=2501.7MB, cuda_alloc=351.3MB, cuda_reserved=30902.0MB, cuda_peak_alloc=3638.3MB, cuda_free=10217.1MB, cuda_total=48519.1MB
[2026-06-10 03:40:47] Epoch 18 train batch [1320/1875] loss=0.1376 avg_loss=0.1295. Resources: rss=2078.0MB, peak_rss=2501.7MB, cuda_alloc=351.3MB, cuda_reserved=18862.0MB, cuda_peak_alloc=3638.3MB, cuda_free=22257.1MB, cuda_total=48519.1MB
[2026-06-10 03:40:50] Epoch 18 train batch [1340/1875] loss=0.0790 avg_loss=0.1294. Resources: rss=2091.5MB, peak_rss=2501.7MB, cuda_alloc=351.3MB, cuda_reserved=5642.0MB, cuda_peak_alloc=3638.3MB, cuda_free=35477.1MB, cuda_total=48519.1MB
[2026-06-10 03:40:53] Epoch 18 train batch [1360/1875] loss=0.1149 avg_loss=0.1291. Resources: rss=2091.5MB, peak_rss=2501.7MB, cuda_alloc=351.3MB, cuda_reserved=34202.0MB, cuda_peak_alloc=3638.3MB, cuda_free=6917.1MB, cuda_total=48519.1MB
[2026-06-10 03:40:56] Epoch 18 train batch [1380/1875] loss=0.1654 avg_loss=0.1290. Resources: rss=2093.0MB, peak_rss=2501.7MB, cuda_alloc=351.3MB, cuda_reserved=11302.0MB, cuda_peak_alloc=3638.3MB, cuda_free=29817.1MB, cuda_total=48519.1MB
[2026-06-10 03:40:59] Epoch 18 train batch [1400/1875] loss=0.1902 avg_loss=0.1286. Resources: rss=2093.0MB, peak_rss=2501.7MB, cuda_alloc=351.3MB, cuda_reserved=14762.0MB, cuda_peak_alloc=3638.3MB, cuda_free=26357.1MB, cuda_total=48519.1MB
[2026-06-10 03:41:02] Epoch 18 train batch [1420/1875] loss=0.0865 avg_loss=0.1285. Resources: rss=2093.5MB, peak_rss=2501.7MB, cuda_alloc=351.3MB, cuda_reserved=32282.0MB, cuda_peak_alloc=3638.3MB, cuda_free=8837.1MB, cuda_total=48519.1MB
[2026-06-10 03:41:05] Epoch 18 train batch [1440/1875] loss=0.2234 avg_loss=0.1285. Resources: rss=2093.5MB, peak_rss=2501.7MB, cuda_alloc=351.3MB, cuda_reserved=29062.0MB, cuda_peak_alloc=3638.3MB, cuda_free=12057.1MB, cuda_total=48519.1MB
[2026-06-10 03:41:08] Epoch 18 train batch [1460/1875] loss=0.1303 avg_loss=0.1282. Resources: rss=2093.5MB, peak_rss=2501.7MB, cuda_alloc=351.3MB, cuda_reserved=13942.0MB, cuda_peak_alloc=3638.3MB, cuda_free=27177.1MB, cuda_total=48519.1MB
[2026-06-10 03:41:11] Epoch 18 train batch [1480/1875] loss=0.0957 avg_loss=0.1284. Resources: rss=2093.5MB, peak_rss=2501.7MB, cuda_alloc=351.3MB, cuda_reserved=13942.0MB, cuda_peak_alloc=3638.3MB, cuda_free=27177.1MB, cuda_total=48519.1MB
[2026-06-10 03:41:14] Epoch 18 train batch [1500/1875] loss=0.1984 avg_loss=0.1285. Resources: rss=2093.8MB, peak_rss=2501.7MB, cuda_alloc=351.3MB, cuda_reserved=18202.0MB, cuda_peak_alloc=3638.3MB, cuda_free=22917.1MB, cuda_total=48519.1MB
[2026-06-10 03:41:16] Epoch 18 train batch [1520/1875] loss=0.1038 avg_loss=0.1285. Resources: rss=2094.3MB, peak_rss=2501.7MB, cuda_alloc=351.3MB, cuda_reserved=23682.0MB, cuda_peak_alloc=3638.3MB, cuda_free=17437.1MB, cuda_total=48519.1MB
[2026-06-10 03:41:20] Epoch 18 train batch [1540/1875] loss=0.0714 avg_loss=0.1284. Resources: rss=2094.3MB, peak_rss=2501.7MB, cuda_alloc=351.3MB, cuda_reserved=29082.0MB, cuda_peak_alloc=3638.3MB, cuda_free=12037.1MB, cuda_total=48519.1MB
[2026-06-10 03:41:24] Epoch 18 train batch [1560/1875] loss=0.1013 avg_loss=0.1285. Resources: rss=2094.8MB, peak_rss=2501.7MB, cuda_alloc=351.3MB, cuda_reserved=33862.0MB, cuda_peak_alloc=3638.3MB, cuda_free=7257.1MB, cuda_total=48519.1MB
[2026-06-10 03:41:26] Epoch 18 train batch [1580/1875] loss=0.1242 avg_loss=0.1283. Resources: rss=2095.3MB, peak_rss=2501.7MB, cuda_alloc=351.3MB, cuda_reserved=36602.0MB, cuda_peak_alloc=3638.3MB, cuda_free=4517.1MB, cuda_total=48519.1MB
[2026-06-10 03:41:29] Epoch 18 train batch [1600/1875] loss=0.0983 avg_loss=0.1283. Resources: rss=2095.3MB, peak_rss=2501.7MB, cuda_alloc=351.3MB, cuda_reserved=36602.0MB, cuda_peak_alloc=3638.3MB, cuda_free=4517.1MB, cuda_total=48519.1MB
[2026-06-10 03:41:32] Epoch 18 train batch [1620/1875] loss=0.1052 avg_loss=0.1284. Resources: rss=2095.3MB, peak_rss=2501.7MB, cuda_alloc=351.3MB, cuda_reserved=36602.0MB, cuda_peak_alloc=3638.3MB, cuda_free=4517.1MB, cuda_total=48519.1MB
[2026-06-10 03:41:34] Epoch 18 train batch [1640/1875] loss=0.0620 avg_loss=0.1289. Resources: rss=2095.3MB, peak_rss=2501.7MB, cuda_alloc=351.3MB, cuda_reserved=36602.0MB, cuda_peak_alloc=3638.3MB, cuda_free=4517.1MB, cuda_total=48519.1MB
[2026-06-10 03:41:37] Epoch 18 train batch [1660/1875] loss=0.1547 avg_loss=0.1289. Resources: rss=2095.3MB, peak_rss=2501.7MB, cuda_alloc=351.3MB, cuda_reserved=36602.0MB, cuda_peak_alloc=3638.3MB, cuda_free=4517.1MB, cuda_total=48519.1MB
[2026-06-10 03:41:39] Epoch 18 train batch [1680/1875] loss=0.0764 avg_loss=0.1291. Resources: rss=2095.3MB, peak_rss=2501.7MB, cuda_alloc=351.3MB, cuda_reserved=36602.0MB, cuda_peak_alloc=3638.3MB, cuda_free=4517.1MB, cuda_total=48519.1MB
[2026-06-10 03:41:42] Epoch 18 train batch [1700/1875] loss=0.1648 avg_loss=0.1289. Resources: rss=2095.3MB, peak_rss=2501.7MB, cuda_alloc=351.3MB, cuda_reserved=36602.0MB, cuda_peak_alloc=3638.3MB, cuda_free=4517.1MB, cuda_total=48519.1MB
[2026-06-10 03:41:44] Epoch 18 train batch [1720/1875] loss=0.1660 avg_loss=0.1289. Resources: rss=2095.3MB, peak_rss=2501.7MB, cuda_alloc=351.3MB, cuda_reserved=36604.0MB, cuda_peak_alloc=3638.3MB, cuda_free=4515.1MB, cuda_total=48519.1MB
[2026-06-10 03:41:47] Epoch 18 train batch [1740/1875] loss=0.3045 avg_loss=0.1287. Resources: rss=2095.3MB, peak_rss=2501.7MB, cuda_alloc=351.3MB, cuda_reserved=36604.0MB, cuda_peak_alloc=3638.3MB, cuda_free=4515.1MB, cuda_total=48519.1MB
[2026-06-10 03:41:49] Epoch 18 train batch [1760/1875] loss=0.1972 avg_loss=0.1288. Resources: rss=2095.3MB, peak_rss=2501.7MB, cuda_alloc=351.3MB, cuda_reserved=36604.0MB, cuda_peak_alloc=3638.3MB, cuda_free=4515.1MB, cuda_total=48519.1MB
[2026-06-10 03:41:52] Epoch 18 train batch [1780/1875] loss=0.1798 avg_loss=0.1290. Resources: rss=2095.3MB, peak_rss=2501.7MB, cuda_alloc=351.3MB, cuda_reserved=36604.0MB, cuda_peak_alloc=3638.3MB, cuda_free=4515.1MB, cuda_total=48519.1MB
[2026-06-10 03:41:54] Epoch 18 train batch [1800/1875] loss=0.1408 avg_loss=0.1289. Resources: rss=2095.3MB, peak_rss=2501.7MB, cuda_alloc=351.3MB, cuda_reserved=36604.0MB, cuda_peak_alloc=3638.3MB, cuda_free=4515.1MB, cuda_total=48519.1MB
[2026-06-10 03:41:57] Epoch 18 train batch [1820/1875] loss=0.2067 avg_loss=0.1288. Resources: rss=2095.5MB, peak_rss=2501.7MB, cuda_alloc=351.3MB, cuda_reserved=39404.0MB, cuda_peak_alloc=3638.3MB, cuda_free=1715.1MB, cuda_total=48519.1MB
[2026-06-10 03:42:01] Epoch 18 train batch [1840/1875] loss=0.1441 avg_loss=0.1287. Resources: rss=2096.0MB, peak_rss=2501.7MB, cuda_alloc=351.3MB, cuda_reserved=30702.0MB, cuda_peak_alloc=3638.3MB, cuda_free=10417.1MB, cuda_total=48519.1MB
[2026-06-10 03:42:04] Epoch 18 train batch [1860/1875] loss=0.1037 avg_loss=0.1288. Resources: rss=2096.0MB, peak_rss=2501.7MB, cuda_alloc=351.3MB, cuda_reserved=22162.0MB, cuda_peak_alloc=3638.3MB, cuda_free=18957.1MB, cuda_total=48519.1MB
[2026-06-10 03:42:06] Epoch 18 train batch [1875/1875] loss=0.0775 avg_loss=0.1289. Resources: rss=2096.0MB, peak_rss=2501.7MB, cuda_alloc=351.3MB, cuda_reserved=26342.0MB, cuda_peak_alloc=3638.3MB, cuda_free=14777.1MB, cuda_total=48519.1MB
[2026-06-10 03:42:06] Epoch 18 training completed. Resources: rss=2096.0MB, peak_rss=2501.7MB, cuda_alloc=351.3MB, cuda_reserved=26342.0MB, cuda_peak_alloc=3638.3MB, cuda_free=14777.1MB, cuda_total=48519.1MB
[2026-06-10 03:42:06] Epoch 18 cache released before validation loss. Resources: rss=2036.5MB, peak_rss=2501.7MB, cuda_alloc=351.3MB, cuda_reserved=570.0MB, cuda_peak_alloc=351.3MB, cuda_free=40549.1MB, cuda_total=48519.1MB
[2026-06-10 03:42:27] Epoch 18 validation loss completed: 0.5033. Resources: rss=2088.6MB, peak_rss=2501.7MB, cuda_alloc=351.3MB, cuda_reserved=8020.0MB, cuda_peak_alloc=1426.1MB, cuda_free=33099.1MB, cuda_total=48519.1MB
[2026-06-10 03:42:27] Epoch 18 cache released before detection metrics. Resources: rss=2033.4MB, peak_rss=2501.7MB, cuda_alloc=351.3MB, cuda_reserved=570.0MB, cuda_peak_alloc=351.3MB, cuda_free=40549.1MB, cuda_total=48519.1MB
[2026-06-10 03:42:48] Epoch 18 prediction tensors moved to CPU. Computing metrics. Resources: rss=2033.6MB, peak_rss=2501.7MB, cuda_alloc=351.3MB, cuda_reserved=570.0MB, cuda_peak_alloc=351.3MB, cuda_free=36339.8MB, cuda_total=48519.1MB
[2026-06-10 03:42:48] Epoch 18 metrics computed (mAP@0.5 only). Saving artifacts. Resources: rss=2034.3MB, peak_rss=2501.7MB, cuda_alloc=351.3MB, cuda_reserved=570.0MB, cuda_peak_alloc=351.3MB, cuda_free=36339.8MB, cuda_total=48519.1MB
[2026-06-10 03:42:49] Epoch 18 did not improve mAP@0.5 enough. Early stopping counter: 3/10.
Epoch [18/30]
├── Train Loss : 0.1289
│   ├── loss_classifier  : 0.0652
│   ├── loss_box_reg     : 0.0637
│   ├── loss_objectness  : 0.0000
│   └── loss_rpn_box_reg : 0.0000
├── Val Loss   : 0.5033
├── mAP@0.5    : 0.6916
├── mAP@0.75   : n/a
├── mAP@0.5:0.95 : n/a
├── Precision  : 0.7258
├── Recall     : 0.7506
├── GT Boxes   : 2021
├── Predictions: 2090
├── Per-class AP
│   ├── person  : AP50=0.7548, AP75=n/a, AP50:95=n/a, P=0.7318, R=0.8054
│   ├── car     : AP50=0.6832, AP75=n/a, AP50:95=n/a, P=0.6678, R=0.7244
│   ├── dog     : AP50=0.7660, AP75=n/a, AP50:95=n/a, P=0.8750, R=0.7816
│   ├── cat     : AP50=0.8358, AP75=n/a, AP50:95=n/a, P=0.8523, R=0.8523
│   └── chair   : AP50=0.4183, AP75=n/a, AP50:95=n/a, P=0.5643, R=0.4823
├── LR         : 0.001000
└── Time       : 322.4s
[2026-06-10 03:42:49] Epoch [18/30] completed. Resources: rss=2033.8MB, peak_rss=2501.7MB, cuda_alloc=351.3MB, cuda_reserved=570.0MB, cuda_peak_alloc=351.3MB, cuda_free=36339.8MB, cuda_total=48519.1MB
[2026-06-10 03:42:49] Epoch [19/30] started. Resources: rss=2033.8MB, peak_rss=2501.7MB, cuda_alloc=351.3MB, cuda_reserved=570.0MB, cuda_peak_alloc=351.3MB, cuda_free=36339.8MB, cuda_total=48519.1MB
[2026-06-10 03:42:52] Epoch 19 train batch [20/1875] loss=0.0793 avg_loss=0.1456. Resources: rss=2088.3MB, peak_rss=2501.7MB, cuda_alloc=351.3MB, cuda_reserved=10922.0MB, cuda_peak_alloc=3638.0MB, cuda_free=25987.8MB, cuda_total=48519.1MB
[2026-06-10 03:42:55] Epoch 19 train batch [40/1875] loss=0.1949 avg_loss=0.1457. Resources: rss=2090.3MB, peak_rss=2501.7MB, cuda_alloc=351.3MB, cuda_reserved=18342.0MB, cuda_peak_alloc=3638.0MB, cuda_free=18567.8MB, cuda_total=48519.1MB
[2026-06-10 03:42:59] Epoch 19 train batch [60/1875] loss=0.1940 avg_loss=0.1439. Resources: rss=2091.3MB, peak_rss=2501.7MB, cuda_alloc=351.3MB, cuda_reserved=20982.0MB, cuda_peak_alloc=3638.0MB, cuda_free=15913.8MB, cuda_total=48519.1MB
[2026-06-10 03:43:02] Epoch 19 train batch [80/1875] loss=0.1705 avg_loss=0.1435. Resources: rss=2091.3MB, peak_rss=2501.7MB, cuda_alloc=351.3MB, cuda_reserved=20982.0MB, cuda_peak_alloc=3638.0MB, cuda_free=15913.8MB, cuda_total=48519.1MB
[2026-06-10 03:43:05] Epoch 19 train batch [100/1875] loss=0.2196 avg_loss=0.1458. Resources: rss=2092.0MB, peak_rss=2501.7MB, cuda_alloc=351.3MB, cuda_reserved=21182.0MB, cuda_peak_alloc=3638.0MB, cuda_free=15713.8MB, cuda_total=48519.1MB
[2026-06-10 03:43:09] Epoch 19 train batch [120/1875] loss=0.0890 avg_loss=0.1413. Resources: rss=2092.3MB, peak_rss=2501.7MB, cuda_alloc=351.3MB, cuda_reserved=27322.0MB, cuda_peak_alloc=3638.0MB, cuda_free=9573.8MB, cuda_total=48519.1MB
[2026-06-10 03:43:12] Epoch 19 train batch [140/1875] loss=0.1343 avg_loss=0.1377. Resources: rss=2092.3MB, peak_rss=2501.7MB, cuda_alloc=351.3MB, cuda_reserved=27322.0MB, cuda_peak_alloc=3638.0MB, cuda_free=9573.8MB, cuda_total=48519.1MB
[2026-06-10 03:43:15] Epoch 19 train batch [160/1875] loss=0.0965 avg_loss=0.1338. Resources: rss=2092.3MB, peak_rss=2501.7MB, cuda_alloc=351.3MB, cuda_reserved=27322.0MB, cuda_peak_alloc=3638.0MB, cuda_free=9573.8MB, cuda_total=48519.1MB
[2026-06-10 03:43:18] Epoch 19 train batch [180/1875] loss=0.1280 avg_loss=0.1311. Resources: rss=2092.3MB, peak_rss=2501.7MB, cuda_alloc=351.3MB, cuda_reserved=27322.0MB, cuda_peak_alloc=3638.0MB, cuda_free=9573.8MB, cuda_total=48519.1MB
[2026-06-10 03:43:22] Epoch 19 train batch [200/1875] loss=0.0641 avg_loss=0.1326. Resources: rss=2092.3MB, peak_rss=2501.7MB, cuda_alloc=351.3MB, cuda_reserved=27322.0MB, cuda_peak_alloc=3638.0MB, cuda_free=9573.8MB, cuda_total=48519.1MB
[2026-06-10 03:43:26] Epoch 19 train batch [220/1875] loss=0.0826 avg_loss=0.1313. Resources: rss=2093.0MB, peak_rss=2501.7MB, cuda_alloc=351.3MB, cuda_reserved=3142.0MB, cuda_peak_alloc=3638.4MB, cuda_free=33753.8MB, cuda_total=48519.1MB
[2026-06-10 03:43:29] Epoch 19 train batch [240/1875] loss=0.0765 avg_loss=0.1305. Resources: rss=2093.0MB, peak_rss=2501.7MB, cuda_alloc=351.3MB, cuda_reserved=22582.0MB, cuda_peak_alloc=3638.4MB, cuda_free=14313.8MB, cuda_total=48519.1MB
[2026-06-10 03:43:32] Epoch 19 train batch [260/1875] loss=0.1149 avg_loss=0.1290. Resources: rss=2093.0MB, peak_rss=2501.7MB, cuda_alloc=351.3MB, cuda_reserved=22582.0MB, cuda_peak_alloc=3638.4MB, cuda_free=14313.8MB, cuda_total=48519.1MB
[2026-06-10 03:43:36] Epoch 19 train batch [280/1875] loss=0.2005 avg_loss=0.1283. Resources: rss=2093.0MB, peak_rss=2501.7MB, cuda_alloc=351.3MB, cuda_reserved=33862.0MB, cuda_peak_alloc=3638.4MB, cuda_free=3033.8MB, cuda_total=48519.1MB
[2026-06-10 03:43:39] Epoch 19 train batch [300/1875] loss=0.1367 avg_loss=0.1275. Resources: rss=2093.0MB, peak_rss=2501.7MB, cuda_alloc=351.3MB, cuda_reserved=33862.0MB, cuda_peak_alloc=3638.4MB, cuda_free=3033.8MB, cuda_total=48519.1MB
[2026-06-10 03:43:42] Epoch 19 train batch [320/1875] loss=0.1017 avg_loss=0.1283. Resources: rss=2092.7MB, peak_rss=2501.7MB, cuda_alloc=351.3MB, cuda_reserved=35822.0MB, cuda_peak_alloc=3638.4MB, cuda_free=1073.8MB, cuda_total=48519.1MB
[2026-06-10 03:43:45] Epoch 19 train batch [340/1875] loss=0.1258 avg_loss=0.1278. Resources: rss=2093.4MB, peak_rss=2501.7MB, cuda_alloc=351.3MB, cuda_reserved=35822.0MB, cuda_peak_alloc=3638.4MB, cuda_free=1073.8MB, cuda_total=48519.1MB
[2026-06-10 03:43:48] Epoch 19 train batch [360/1875] loss=0.1901 avg_loss=0.1281. Resources: rss=2095.9MB, peak_rss=2501.7MB, cuda_alloc=351.3MB, cuda_reserved=35824.0MB, cuda_peak_alloc=3638.4MB, cuda_free=1071.8MB, cuda_total=48519.1MB
[2026-06-10 03:43:52] Epoch 19 train batch [380/1875] loss=0.1766 avg_loss=0.1287. Resources: rss=2096.2MB, peak_rss=2501.7MB, cuda_alloc=351.3MB, cuda_reserved=35824.0MB, cuda_peak_alloc=3638.4MB, cuda_free=6035.8MB, cuda_total=48519.1MB
[2026-06-10 03:43:56] Epoch 19 train batch [400/1875] loss=0.1296 avg_loss=0.1279. Resources: rss=2096.2MB, peak_rss=2501.7MB, cuda_alloc=351.3MB, cuda_reserved=35824.0MB, cuda_peak_alloc=3638.4MB, cuda_free=5271.8MB, cuda_total=48519.1MB
[2026-06-10 03:43:59] Epoch 19 train batch [420/1875] loss=0.0663 avg_loss=0.1267. Resources: rss=2096.2MB, peak_rss=2501.7MB, cuda_alloc=351.3MB, cuda_reserved=35824.0MB, cuda_peak_alloc=3638.4MB, cuda_free=5271.8MB, cuda_total=48519.1MB
[2026-06-10 03:44:03] Epoch 19 train batch [440/1875] loss=0.1285 avg_loss=0.1261. Resources: rss=2096.7MB, peak_rss=2501.7MB, cuda_alloc=351.3MB, cuda_reserved=11562.0MB, cuda_peak_alloc=3638.4MB, cuda_free=29533.8MB, cuda_total=48519.1MB
[2026-06-10 03:44:06] Epoch 19 train batch [460/1875] loss=0.1536 avg_loss=0.1257. Resources: rss=2084.4MB, peak_rss=2501.7MB, cuda_alloc=351.3MB, cuda_reserved=13902.0MB, cuda_peak_alloc=3638.4MB, cuda_free=27193.8MB, cuda_total=48519.1MB
[2026-06-10 03:44:09] Epoch 19 train batch [480/1875] loss=0.0942 avg_loss=0.1251. Resources: rss=2092.9MB, peak_rss=2501.7MB, cuda_alloc=351.3MB, cuda_reserved=30162.0MB, cuda_peak_alloc=3638.4MB, cuda_free=10933.8MB, cuda_total=48519.1MB
[2026-06-10 03:44:12] Epoch 19 train batch [500/1875] loss=0.0927 avg_loss=0.1243. Resources: rss=2095.9MB, peak_rss=2501.7MB, cuda_alloc=351.3MB, cuda_reserved=33282.0MB, cuda_peak_alloc=3638.4MB, cuda_free=7813.8MB, cuda_total=48519.1MB
[2026-06-10 03:44:14] Epoch 19 train batch [520/1875] loss=0.1960 avg_loss=0.1240. Resources: rss=2095.9MB, peak_rss=2501.7MB, cuda_alloc=351.3MB, cuda_reserved=33282.0MB, cuda_peak_alloc=3638.4MB, cuda_free=7813.8MB, cuda_total=48519.1MB
[2026-06-10 03:44:17] Epoch 19 train batch [540/1875] loss=0.0576 avg_loss=0.1240. Resources: rss=2096.4MB, peak_rss=2501.7MB, cuda_alloc=351.3MB, cuda_reserved=36642.0MB, cuda_peak_alloc=3638.4MB, cuda_free=4453.8MB, cuda_total=48519.1MB
[2026-06-10 03:44:19] Epoch 19 train batch [560/1875] loss=0.1895 avg_loss=0.1234. Resources: rss=2096.4MB, peak_rss=2501.7MB, cuda_alloc=351.3MB, cuda_reserved=36642.0MB, cuda_peak_alloc=3638.4MB, cuda_free=4453.8MB, cuda_total=48519.1MB
[2026-06-10 03:44:22] Epoch 19 train batch [580/1875] loss=0.0690 avg_loss=0.1225. Resources: rss=2096.4MB, peak_rss=2501.7MB, cuda_alloc=351.3MB, cuda_reserved=36642.0MB, cuda_peak_alloc=3638.4MB, cuda_free=4453.8MB, cuda_total=48519.1MB
[2026-06-10 03:44:25] Epoch 19 train batch [600/1875] loss=0.0929 avg_loss=0.1222. Resources: rss=2096.4MB, peak_rss=2501.7MB, cuda_alloc=351.3MB, cuda_reserved=36642.0MB, cuda_peak_alloc=3638.4MB, cuda_free=4453.8MB, cuda_total=48519.1MB
[2026-06-10 03:44:28] Epoch 19 train batch [620/1875] loss=0.1909 avg_loss=0.1224. Resources: rss=2096.4MB, peak_rss=2501.7MB, cuda_alloc=351.3MB, cuda_reserved=36642.0MB, cuda_peak_alloc=3638.4MB, cuda_free=4453.8MB, cuda_total=48519.1MB
[2026-06-10 03:44:31] Epoch 19 train batch [640/1875] loss=0.0857 avg_loss=0.1221. Resources: rss=2096.4MB, peak_rss=2501.7MB, cuda_alloc=351.3MB, cuda_reserved=36642.0MB, cuda_peak_alloc=3638.4MB, cuda_free=4453.8MB, cuda_total=48519.1MB
[2026-06-10 03:44:33] Epoch 19 train batch [660/1875] loss=0.1103 avg_loss=0.1218. Resources: rss=2096.4MB, peak_rss=2501.7MB, cuda_alloc=351.3MB, cuda_reserved=36642.0MB, cuda_peak_alloc=3638.4MB, cuda_free=4453.8MB, cuda_total=48519.1MB
[2026-06-10 03:44:36] Epoch 19 train batch [680/1875] loss=0.0656 avg_loss=0.1219. Resources: rss=2096.4MB, peak_rss=2501.7MB, cuda_alloc=351.3MB, cuda_reserved=36642.0MB, cuda_peak_alloc=3638.4MB, cuda_free=4453.8MB, cuda_total=48519.1MB
[2026-06-10 03:44:39] Epoch 19 train batch [700/1875] loss=0.0594 avg_loss=0.1217. Resources: rss=2096.4MB, peak_rss=2501.7MB, cuda_alloc=351.3MB, cuda_reserved=36642.0MB, cuda_peak_alloc=3638.4MB, cuda_free=4453.8MB, cuda_total=48519.1MB
[2026-06-10 03:44:42] Epoch 19 train batch [720/1875] loss=0.0962 avg_loss=0.1219. Resources: rss=2096.4MB, peak_rss=2501.7MB, cuda_alloc=351.3MB, cuda_reserved=36642.0MB, cuda_peak_alloc=3638.4MB, cuda_free=4453.8MB, cuda_total=48519.1MB
[2026-06-10 03:44:45] Epoch 19 train batch [740/1875] loss=0.0835 avg_loss=0.1213. Resources: rss=2096.4MB, peak_rss=2501.7MB, cuda_alloc=351.3MB, cuda_reserved=36642.0MB, cuda_peak_alloc=3638.4MB, cuda_free=4453.8MB, cuda_total=48519.1MB
[2026-06-10 03:44:47] Epoch 19 train batch [760/1875] loss=0.1185 avg_loss=0.1216. Resources: rss=2096.4MB, peak_rss=2501.7MB, cuda_alloc=351.3MB, cuda_reserved=36642.0MB, cuda_peak_alloc=3638.4MB, cuda_free=4453.8MB, cuda_total=48519.1MB
[2026-06-10 03:44:50] Epoch 19 train batch [780/1875] loss=0.1796 avg_loss=0.1222. Resources: rss=2096.4MB, peak_rss=2501.7MB, cuda_alloc=351.3MB, cuda_reserved=36642.0MB, cuda_peak_alloc=3638.4MB, cuda_free=4453.8MB, cuda_total=48519.1MB
[2026-06-10 03:44:52] Epoch 19 train batch [800/1875] loss=0.0721 avg_loss=0.1220. Resources: rss=2096.4MB, peak_rss=2501.7MB, cuda_alloc=351.3MB, cuda_reserved=36642.0MB, cuda_peak_alloc=3638.4MB, cuda_free=4453.8MB, cuda_total=48519.1MB
[2026-06-10 03:44:55] Epoch 19 train batch [820/1875] loss=0.0894 avg_loss=0.1218. Resources: rss=2100.4MB, peak_rss=2501.7MB, cuda_alloc=351.3MB, cuda_reserved=36642.0MB, cuda_peak_alloc=3638.4MB, cuda_free=4453.8MB, cuda_total=48519.1MB
[2026-06-10 03:44:57] Epoch 19 train batch [840/1875] loss=0.0933 avg_loss=0.1221. Resources: rss=2100.9MB, peak_rss=2501.7MB, cuda_alloc=351.3MB, cuda_reserved=39842.0MB, cuda_peak_alloc=3638.4MB, cuda_free=1253.8MB, cuda_total=48519.1MB
[2026-06-10 03:45:00] Epoch 19 train batch [860/1875] loss=0.0937 avg_loss=0.1221. Resources: rss=2100.9MB, peak_rss=2501.7MB, cuda_alloc=351.3MB, cuda_reserved=39842.0MB, cuda_peak_alloc=3638.4MB, cuda_free=1253.8MB, cuda_total=48519.1MB
[2026-06-10 03:45:03] Epoch 19 train batch [880/1875] loss=0.0660 avg_loss=0.1221. Resources: rss=2095.5MB, peak_rss=2501.7MB, cuda_alloc=351.3MB, cuda_reserved=38802.0MB, cuda_peak_alloc=3638.4MB, cuda_free=2293.8MB, cuda_total=48519.1MB
[2026-06-10 03:45:07] Epoch 19 train batch [900/1875] loss=0.0834 avg_loss=0.1224. Resources: rss=2099.0MB, peak_rss=2501.7MB, cuda_alloc=351.3MB, cuda_reserved=19342.0MB, cuda_peak_alloc=3638.4MB, cuda_free=21753.8MB, cuda_total=48519.1MB
[2026-06-10 03:45:09] Epoch 19 train batch [920/1875] loss=0.1375 avg_loss=0.1228. Resources: rss=2057.5MB, peak_rss=2501.7MB, cuda_alloc=351.3MB, cuda_reserved=20422.0MB, cuda_peak_alloc=3638.4MB, cuda_free=20673.8MB, cuda_total=48519.1MB
[2026-06-10 03:45:12] Epoch 19 train batch [940/1875] loss=0.1032 avg_loss=0.1224. Resources: rss=2089.5MB, peak_rss=2501.7MB, cuda_alloc=351.3MB, cuda_reserved=20422.0MB, cuda_peak_alloc=3638.4MB, cuda_free=20673.8MB, cuda_total=48519.1MB
[2026-06-10 03:45:15] Epoch 19 train batch [960/1875] loss=0.1172 avg_loss=0.1226. Resources: rss=2093.8MB, peak_rss=2501.7MB, cuda_alloc=351.3MB, cuda_reserved=20422.0MB, cuda_peak_alloc=3638.4MB, cuda_free=20673.8MB, cuda_total=48519.1MB
[2026-06-10 03:45:18] Epoch 19 train batch [980/1875] loss=0.1952 avg_loss=0.1224. Resources: rss=2094.0MB, peak_rss=2501.7MB, cuda_alloc=351.3MB, cuda_reserved=20422.0MB, cuda_peak_alloc=3638.4MB, cuda_free=20673.8MB, cuda_total=48519.1MB
[2026-06-10 03:45:20] Epoch 19 train batch [1000/1875] loss=0.0739 avg_loss=0.1225. Resources: rss=2094.3MB, peak_rss=2501.7MB, cuda_alloc=351.3MB, cuda_reserved=20422.0MB, cuda_peak_alloc=3638.4MB, cuda_free=20673.8MB, cuda_total=48519.1MB
[2026-06-10 03:45:23] Epoch 19 train batch [1020/1875] loss=0.1559 avg_loss=0.1227. Resources: rss=2095.8MB, peak_rss=2501.7MB, cuda_alloc=351.3MB, cuda_reserved=33822.0MB, cuda_peak_alloc=3638.4MB, cuda_free=7273.8MB, cuda_total=48519.1MB
[2026-06-10 03:45:26] Epoch 19 train batch [1040/1875] loss=0.2391 avg_loss=0.1229. Resources: rss=2095.8MB, peak_rss=2501.7MB, cuda_alloc=351.3MB, cuda_reserved=33822.0MB, cuda_peak_alloc=3638.4MB, cuda_free=7273.8MB, cuda_total=48519.1MB
[2026-06-10 03:45:28] Epoch 19 train batch [1060/1875] loss=0.0767 avg_loss=0.1228. Resources: rss=2096.8MB, peak_rss=2501.7MB, cuda_alloc=351.3MB, cuda_reserved=33822.0MB, cuda_peak_alloc=3638.4MB, cuda_free=7273.8MB, cuda_total=48519.1MB
[2026-06-10 03:45:31] Epoch 19 train batch [1080/1875] loss=0.0468 avg_loss=0.1225. Resources: rss=2096.8MB, peak_rss=2501.7MB, cuda_alloc=351.3MB, cuda_reserved=33822.0MB, cuda_peak_alloc=3638.4MB, cuda_free=7273.8MB, cuda_total=48519.1MB
[2026-06-10 03:45:34] Epoch 19 train batch [1100/1875] loss=0.0723 avg_loss=0.1223. Resources: rss=2096.8MB, peak_rss=2501.7MB, cuda_alloc=351.3MB, cuda_reserved=33822.0MB, cuda_peak_alloc=3638.4MB, cuda_free=7273.8MB, cuda_total=48519.1MB
[2026-06-10 03:45:36] Epoch 19 train batch [1120/1875] loss=0.0985 avg_loss=0.1223. Resources: rss=2096.8MB, peak_rss=2501.7MB, cuda_alloc=351.3MB, cuda_reserved=33822.0MB, cuda_peak_alloc=3638.4MB, cuda_free=7273.8MB, cuda_total=48519.1MB
[2026-06-10 03:45:39] Epoch 19 train batch [1140/1875] loss=0.0851 avg_loss=0.1225. Resources: rss=2096.8MB, peak_rss=2501.7MB, cuda_alloc=351.3MB, cuda_reserved=33822.0MB, cuda_peak_alloc=3638.4MB, cuda_free=7273.8MB, cuda_total=48519.1MB
[2026-06-10 03:45:42] Epoch 19 train batch [1160/1875] loss=0.0774 avg_loss=0.1223. Resources: rss=2096.8MB, peak_rss=2501.7MB, cuda_alloc=351.3MB, cuda_reserved=33822.0MB, cuda_peak_alloc=3638.4MB, cuda_free=7273.8MB, cuda_total=48519.1MB
[2026-06-10 03:45:44] Epoch 19 train batch [1180/1875] loss=0.0981 avg_loss=0.1224. Resources: rss=2096.8MB, peak_rss=2501.7MB, cuda_alloc=351.3MB, cuda_reserved=33822.0MB, cuda_peak_alloc=3638.4MB, cuda_free=7273.8MB, cuda_total=48519.1MB
[2026-06-10 03:45:47] Epoch 19 train batch [1200/1875] loss=0.1043 avg_loss=0.1228. Resources: rss=2096.8MB, peak_rss=2501.7MB, cuda_alloc=351.3MB, cuda_reserved=33822.0MB, cuda_peak_alloc=3638.4MB, cuda_free=7271.8MB, cuda_total=48519.1MB
[2026-06-10 03:45:50] Epoch 19 train batch [1220/1875] loss=0.0517 avg_loss=0.1226. Resources: rss=2096.8MB, peak_rss=2501.7MB, cuda_alloc=351.3MB, cuda_reserved=33822.0MB, cuda_peak_alloc=3638.4MB, cuda_free=7271.8MB, cuda_total=48519.1MB
[2026-06-10 03:45:53] Epoch 19 train batch [1240/1875] loss=0.1408 avg_loss=0.1224. Resources: rss=2096.8MB, peak_rss=2501.7MB, cuda_alloc=351.3MB, cuda_reserved=33822.0MB, cuda_peak_alloc=3638.4MB, cuda_free=7271.8MB, cuda_total=48519.1MB
[2026-06-10 03:45:55] Epoch 19 train batch [1260/1875] loss=0.0817 avg_loss=0.1226. Resources: rss=2096.8MB, peak_rss=2501.7MB, cuda_alloc=351.3MB, cuda_reserved=33822.0MB, cuda_peak_alloc=3638.4MB, cuda_free=7271.8MB, cuda_total=48519.1MB
[2026-06-10 03:45:58] Epoch 19 train batch [1280/1875] loss=0.1348 avg_loss=0.1226. Resources: rss=2096.8MB, peak_rss=2501.7MB, cuda_alloc=351.3MB, cuda_reserved=33822.0MB, cuda_peak_alloc=3638.4MB, cuda_free=7271.8MB, cuda_total=48519.1MB
[2026-06-10 03:46:01] Epoch 19 train batch [1300/1875] loss=0.1227 avg_loss=0.1224. Resources: rss=2099.0MB, peak_rss=2501.7MB, cuda_alloc=351.3MB, cuda_reserved=33822.0MB, cuda_peak_alloc=3638.4MB, cuda_free=7271.8MB, cuda_total=48519.1MB
[2026-06-10 03:46:04] Epoch 19 train batch [1320/1875] loss=0.1251 avg_loss=0.1224. Resources: rss=2099.0MB, peak_rss=2501.7MB, cuda_alloc=351.3MB, cuda_reserved=33822.0MB, cuda_peak_alloc=3638.4MB, cuda_free=7271.8MB, cuda_total=48519.1MB
[2026-06-10 03:46:06] Epoch 19 train batch [1340/1875] loss=0.1633 avg_loss=0.1224. Resources: rss=2099.5MB, peak_rss=2501.7MB, cuda_alloc=351.3MB, cuda_reserved=37042.0MB, cuda_peak_alloc=3638.4MB, cuda_free=4051.8MB, cuda_total=48519.1MB
[2026-06-10 03:46:09] Epoch 19 train batch [1360/1875] loss=0.1049 avg_loss=0.1222. Resources: rss=2099.5MB, peak_rss=2501.7MB, cuda_alloc=351.3MB, cuda_reserved=37042.0MB, cuda_peak_alloc=3638.4MB, cuda_free=4051.8MB, cuda_total=48519.1MB
[2026-06-10 03:46:12] Epoch 19 train batch [1380/1875] loss=0.0816 avg_loss=0.1223. Resources: rss=2099.5MB, peak_rss=2501.7MB, cuda_alloc=351.3MB, cuda_reserved=37042.0MB, cuda_peak_alloc=3638.4MB, cuda_free=4051.8MB, cuda_total=48519.1MB
[2026-06-10 03:46:15] Epoch 19 train batch [1400/1875] loss=0.1670 avg_loss=0.1219. Resources: rss=2099.5MB, peak_rss=2501.7MB, cuda_alloc=351.3MB, cuda_reserved=37044.0MB, cuda_peak_alloc=3638.4MB, cuda_free=4049.8MB, cuda_total=48519.1MB
[2026-06-10 03:46:17] Epoch 19 train batch [1420/1875] loss=0.0759 avg_loss=0.1216. Resources: rss=2099.5MB, peak_rss=2501.7MB, cuda_alloc=351.3MB, cuda_reserved=37044.0MB, cuda_peak_alloc=3638.4MB, cuda_free=4049.8MB, cuda_total=48519.1MB
[2026-06-10 03:46:20] Epoch 19 train batch [1440/1875] loss=0.0365 avg_loss=0.1214. Resources: rss=2099.5MB, peak_rss=2501.7MB, cuda_alloc=351.3MB, cuda_reserved=37044.0MB, cuda_peak_alloc=3638.4MB, cuda_free=5171.1MB, cuda_total=48519.1MB
[2026-06-10 03:46:23] Epoch 19 train batch [1460/1875] loss=0.0621 avg_loss=0.1217. Resources: rss=2099.5MB, peak_rss=2501.7MB, cuda_alloc=351.3MB, cuda_reserved=37044.0MB, cuda_peak_alloc=3638.4MB, cuda_free=5171.1MB, cuda_total=48519.1MB
[2026-06-10 03:46:25] Epoch 19 train batch [1480/1875] loss=0.0355 avg_loss=0.1214. Resources: rss=2099.5MB, peak_rss=2501.7MB, cuda_alloc=351.3MB, cuda_reserved=37044.0MB, cuda_peak_alloc=3638.4MB, cuda_free=5171.1MB, cuda_total=48519.1MB
[2026-06-10 03:46:28] Epoch 19 train batch [1500/1875] loss=0.1244 avg_loss=0.1214. Resources: rss=2099.5MB, peak_rss=2501.7MB, cuda_alloc=351.3MB, cuda_reserved=37044.0MB, cuda_peak_alloc=3638.4MB, cuda_free=5171.1MB, cuda_total=48519.1MB
[2026-06-10 03:46:31] Epoch 19 train batch [1520/1875] loss=0.0643 avg_loss=0.1215. Resources: rss=2099.5MB, peak_rss=2501.7MB, cuda_alloc=351.3MB, cuda_reserved=37044.0MB, cuda_peak_alloc=3638.4MB, cuda_free=5171.1MB, cuda_total=48519.1MB
[2026-06-10 03:46:33] Epoch 19 train batch [1540/1875] loss=0.1081 avg_loss=0.1215. Resources: rss=2078.0MB, peak_rss=2501.7MB, cuda_alloc=351.3MB, cuda_reserved=37044.0MB, cuda_peak_alloc=3638.4MB, cuda_free=5171.1MB, cuda_total=48519.1MB
[2026-06-10 03:46:36] Epoch 19 train batch [1560/1875] loss=0.0511 avg_loss=0.1213. Resources: rss=2091.0MB, peak_rss=2501.7MB, cuda_alloc=351.3MB, cuda_reserved=37044.0MB, cuda_peak_alloc=3638.4MB, cuda_free=5171.1MB, cuda_total=48519.1MB
[2026-06-10 03:46:39] Epoch 19 train batch [1580/1875] loss=0.0605 avg_loss=0.1212. Resources: rss=2091.8MB, peak_rss=2501.7MB, cuda_alloc=351.3MB, cuda_reserved=37044.0MB, cuda_peak_alloc=3638.4MB, cuda_free=5171.1MB, cuda_total=48519.1MB
[2026-06-10 03:46:41] Epoch 19 train batch [1600/1875] loss=0.0816 avg_loss=0.1212. Resources: rss=2098.3MB, peak_rss=2501.7MB, cuda_alloc=351.3MB, cuda_reserved=37044.0MB, cuda_peak_alloc=3638.4MB, cuda_free=5171.1MB, cuda_total=48519.1MB
[2026-06-10 03:46:44] Epoch 19 train batch [1620/1875] loss=0.0580 avg_loss=0.1210. Resources: rss=2098.3MB, peak_rss=2501.7MB, cuda_alloc=351.3MB, cuda_reserved=37824.0MB, cuda_peak_alloc=3638.4MB, cuda_free=4391.1MB, cuda_total=48519.1MB
[2026-06-10 03:46:46] Epoch 19 train batch [1640/1875] loss=0.0457 avg_loss=0.1211. Resources: rss=2098.3MB, peak_rss=2501.7MB, cuda_alloc=351.3MB, cuda_reserved=37824.0MB, cuda_peak_alloc=3638.4MB, cuda_free=4391.1MB, cuda_total=48519.1MB
[2026-06-10 03:46:49] Epoch 19 train batch [1660/1875] loss=0.1694 avg_loss=0.1208. Resources: rss=2099.5MB, peak_rss=2501.7MB, cuda_alloc=351.3MB, cuda_reserved=37824.0MB, cuda_peak_alloc=3638.4MB, cuda_free=4391.1MB, cuda_total=48519.1MB
[2026-06-10 03:46:53] Epoch 19 train batch [1680/1875] loss=0.1034 avg_loss=0.1205. Resources: rss=2100.0MB, peak_rss=2501.7MB, cuda_alloc=351.3MB, cuda_reserved=16382.0MB, cuda_peak_alloc=3638.4MB, cuda_free=25833.1MB, cuda_total=48519.1MB
[2026-06-10 03:46:55] Epoch 19 train batch [1700/1875] loss=0.1030 avg_loss=0.1203. Resources: rss=2100.0MB, peak_rss=2501.7MB, cuda_alloc=351.3MB, cuda_reserved=21002.0MB, cuda_peak_alloc=3638.4MB, cuda_free=21213.1MB, cuda_total=48519.1MB
[2026-06-10 03:46:58] Epoch 19 train batch [1720/1875] loss=0.0530 avg_loss=0.1205. Resources: rss=2100.3MB, peak_rss=2501.7MB, cuda_alloc=351.3MB, cuda_reserved=31042.0MB, cuda_peak_alloc=3638.4MB, cuda_free=11173.1MB, cuda_total=48519.1MB
[2026-06-10 03:47:00] Epoch 19 train batch [1740/1875] loss=0.0933 avg_loss=0.1203. Resources: rss=2100.3MB, peak_rss=2501.7MB, cuda_alloc=351.3MB, cuda_reserved=31042.0MB, cuda_peak_alloc=3638.4MB, cuda_free=11173.1MB, cuda_total=48519.1MB
[2026-06-10 03:47:03] Epoch 19 train batch [1760/1875] loss=0.3169 avg_loss=0.1202. Resources: rss=2100.3MB, peak_rss=2501.7MB, cuda_alloc=351.3MB, cuda_reserved=31042.0MB, cuda_peak_alloc=3638.4MB, cuda_free=11173.1MB, cuda_total=48519.1MB
[2026-06-10 03:47:05] Epoch 19 train batch [1780/1875] loss=0.1723 avg_loss=0.1205. Resources: rss=2100.3MB, peak_rss=2501.7MB, cuda_alloc=351.3MB, cuda_reserved=31042.0MB, cuda_peak_alloc=3638.4MB, cuda_free=11173.1MB, cuda_total=48519.1MB
[2026-06-10 03:47:08] Epoch 19 train batch [1800/1875] loss=0.0765 avg_loss=0.1204. Resources: rss=2100.3MB, peak_rss=2501.7MB, cuda_alloc=351.3MB, cuda_reserved=36022.0MB, cuda_peak_alloc=3638.4MB, cuda_free=6193.1MB, cuda_total=48519.1MB
[2026-06-10 03:47:11] Epoch 19 train batch [1820/1875] loss=0.1023 avg_loss=0.1203. Resources: rss=2100.3MB, peak_rss=2501.7MB, cuda_alloc=351.3MB, cuda_reserved=36022.0MB, cuda_peak_alloc=3638.4MB, cuda_free=6193.1MB, cuda_total=48519.1MB
[2026-06-10 03:47:13] Epoch 19 train batch [1840/1875] loss=0.0846 avg_loss=0.1204. Resources: rss=2100.3MB, peak_rss=2501.7MB, cuda_alloc=351.3MB, cuda_reserved=36022.0MB, cuda_peak_alloc=3638.4MB, cuda_free=6193.1MB, cuda_total=48519.1MB
[2026-06-10 03:47:16] Epoch 19 train batch [1860/1875] loss=0.2103 avg_loss=0.1204. Resources: rss=2100.3MB, peak_rss=2501.7MB, cuda_alloc=351.3MB, cuda_reserved=36022.0MB, cuda_peak_alloc=3638.4MB, cuda_free=6193.1MB, cuda_total=48519.1MB
[2026-06-10 03:47:18] Epoch 19 train batch [1875/1875] loss=0.0644 avg_loss=0.1202. Resources: rss=2100.3MB, peak_rss=2501.7MB, cuda_alloc=351.3MB, cuda_reserved=36022.0MB, cuda_peak_alloc=3638.4MB, cuda_free=6193.1MB, cuda_total=48519.1MB
[2026-06-10 03:47:18] Epoch 19 training completed. Resources: rss=2100.3MB, peak_rss=2501.7MB, cuda_alloc=351.3MB, cuda_reserved=36022.0MB, cuda_peak_alloc=3638.4MB, cuda_free=6193.1MB, cuda_total=48519.1MB
[2026-06-10 03:47:19] Epoch 19 cache released before validation loss. Resources: rss=2037.3MB, peak_rss=2501.7MB, cuda_alloc=351.3MB, cuda_reserved=550.0MB, cuda_peak_alloc=351.3MB, cuda_free=41665.1MB, cuda_total=48519.1MB
[2026-06-10 03:47:39] Epoch 19 validation loss completed: 0.5056. Resources: rss=2092.3MB, peak_rss=2501.7MB, cuda_alloc=351.3MB, cuda_reserved=7940.0MB, cuda_peak_alloc=1426.1MB, cuda_free=34275.1MB, cuda_total=48519.1MB
[2026-06-10 03:47:40] Epoch 19 cache released before detection metrics. Resources: rss=2035.0MB, peak_rss=2501.7MB, cuda_alloc=351.3MB, cuda_reserved=550.0MB, cuda_peak_alloc=351.3MB, cuda_free=41665.1MB, cuda_total=48519.1MB
[2026-06-10 03:48:00] Epoch 19 prediction tensors moved to CPU. Computing metrics. Resources: rss=2034.5MB, peak_rss=2501.7MB, cuda_alloc=351.3MB, cuda_reserved=550.0MB, cuda_peak_alloc=351.3MB, cuda_free=41665.1MB, cuda_total=48519.1MB
[2026-06-10 03:48:00] Epoch 19 metrics computed (mAP@0.5 only). Saving artifacts. Resources: rss=2035.3MB, peak_rss=2501.7MB, cuda_alloc=351.3MB, cuda_reserved=550.0MB, cuda_peak_alloc=351.3MB, cuda_free=41665.1MB, cuda_total=48519.1MB
[2026-06-10 03:48:02] Epoch 19 improved mAP@0.5 to 0.7100. Saved best checkpoint: best_model-20260610-021221.pth. Resources: rss=2506.3MB, peak_rss=2506.3MB, cuda_alloc=351.3MB, cuda_reserved=550.0MB, cuda_peak_alloc=351.3MB, cuda_free=41665.1MB, cuda_total=48519.1MB
Epoch [19/30]
├── Train Loss : 0.1202
│   ├── loss_classifier  : 0.0604
│   ├── loss_box_reg     : 0.0599
│   ├── loss_objectness  : 0.0000
│   └── loss_rpn_box_reg : 0.0000
├── Val Loss   : 0.5056
├── mAP@0.5    : 0.7100
├── mAP@0.75   : n/a
├── mAP@0.5:0.95 : n/a
├── Precision  : 0.7235
├── Recall     : 0.7496
├── GT Boxes   : 2021
├── Predictions: 2094
├── Per-class AP
│   ├── person  : AP50=0.7299, AP75=n/a, AP50:95=n/a, P=0.7866, R=0.7654
│   ├── car     : AP50=0.6826, AP75=n/a, AP50:95=n/a, P=0.7123, R=0.7173
│   ├── dog     : AP50=0.8120, AP75=n/a, AP50:95=n/a, P=0.7415, R=0.8495
│   ├── cat     : AP50=0.8651, AP75=n/a, AP50:95=n/a, P=0.8201, R=0.8807
│   └── chair   : AP50=0.4603, AP75=n/a, AP50:95=n/a, P=0.4720, R=0.5674
├── LR         : 0.001000
└── Time       : 311.5s
[2026-06-10 03:48:02] Epoch [19/30] completed. Resources: rss=2034.4MB, peak_rss=2506.3MB, cuda_alloc=351.3MB, cuda_reserved=550.0MB, cuda_peak_alloc=351.3MB, cuda_free=41665.1MB, cuda_total=48519.1MB
[2026-06-10 03:48:02] Epoch [20/30] started. Resources: rss=2034.4MB, peak_rss=2506.3MB, cuda_alloc=351.3MB, cuda_reserved=550.0MB, cuda_peak_alloc=351.3MB, cuda_free=41665.1MB, cuda_total=48519.1MB
[2026-06-10 03:48:05] Epoch 20 train batch [20/1875] loss=0.0644 avg_loss=0.1107. Resources: rss=2090.6MB, peak_rss=2506.3MB, cuda_alloc=351.3MB, cuda_reserved=26182.0MB, cuda_peak_alloc=3637.5MB, cuda_free=16033.1MB, cuda_total=48519.1MB
[2026-06-10 03:48:08] Epoch 20 train batch [40/1875] loss=0.0811 avg_loss=0.1192. Resources: rss=2093.1MB, peak_rss=2506.3MB, cuda_alloc=351.3MB, cuda_reserved=32982.0MB, cuda_peak_alloc=3637.5MB, cuda_free=9233.1MB, cuda_total=48519.1MB
[2026-06-10 03:48:11] Epoch 20 train batch [60/1875] loss=0.1125 avg_loss=0.1130. Resources: rss=2093.1MB, peak_rss=2506.3MB, cuda_alloc=351.3MB, cuda_reserved=33662.0MB, cuda_peak_alloc=3637.5MB, cuda_free=8553.1MB, cuda_total=48519.1MB
[2026-06-10 03:48:15] Epoch 20 train batch [80/1875] loss=0.1041 avg_loss=0.1112. Resources: rss=2094.1MB, peak_rss=2506.3MB, cuda_alloc=351.3MB, cuda_reserved=22942.0MB, cuda_peak_alloc=3637.5MB, cuda_free=19273.1MB, cuda_total=48519.1MB
[2026-06-10 03:48:18] Epoch 20 train batch [100/1875] loss=0.0963 avg_loss=0.1130. Resources: rss=2094.1MB, peak_rss=2506.3MB, cuda_alloc=351.3MB, cuda_reserved=13502.0MB, cuda_peak_alloc=3637.7MB, cuda_free=28713.1MB, cuda_total=48519.1MB
[2026-06-10 03:48:20] Epoch 20 train batch [120/1875] loss=0.0733 avg_loss=0.1153. Resources: rss=2094.1MB, peak_rss=2506.3MB, cuda_alloc=351.3MB, cuda_reserved=41862.0MB, cuda_peak_alloc=3637.7MB, cuda_free=353.1MB, cuda_total=48519.1MB
[2026-06-10 03:48:24] Epoch 20 train batch [140/1875] loss=0.2445 avg_loss=0.1160. Resources: rss=2094.1MB, peak_rss=2506.3MB, cuda_alloc=351.3MB, cuda_reserved=41342.0MB, cuda_peak_alloc=3637.7MB, cuda_free=873.1MB, cuda_total=48519.1MB
[2026-06-10 03:48:27] Epoch 20 train batch [160/1875] loss=0.0630 avg_loss=0.1164. Resources: rss=2094.4MB, peak_rss=2506.3MB, cuda_alloc=351.3MB, cuda_reserved=37902.0MB, cuda_peak_alloc=3637.7MB, cuda_free=4313.1MB, cuda_total=48519.1MB
[2026-06-10 03:48:30] Epoch 20 train batch [180/1875] loss=0.0924 avg_loss=0.1163. Resources: rss=2094.6MB, peak_rss=2506.3MB, cuda_alloc=351.3MB, cuda_reserved=31262.0MB, cuda_peak_alloc=3638.0MB, cuda_free=10953.1MB, cuda_total=48519.1MB
[2026-06-10 03:48:33] Epoch 20 train batch [200/1875] loss=0.2801 avg_loss=0.1151. Resources: rss=2094.6MB, peak_rss=2506.3MB, cuda_alloc=351.3MB, cuda_reserved=30162.0MB, cuda_peak_alloc=3638.0MB, cuda_free=12053.1MB, cuda_total=48519.1MB
[2026-06-10 03:48:37] Epoch 20 train batch [220/1875] loss=0.1068 avg_loss=0.1161. Resources: rss=2094.6MB, peak_rss=2506.3MB, cuda_alloc=351.3MB, cuda_reserved=20762.0MB, cuda_peak_alloc=3638.0MB, cuda_free=21453.1MB, cuda_total=48519.1MB
[2026-06-10 03:48:40] Epoch 20 train batch [240/1875] loss=0.0661 avg_loss=0.1162. Resources: rss=2094.9MB, peak_rss=2506.3MB, cuda_alloc=351.3MB, cuda_reserved=6502.0MB, cuda_peak_alloc=3638.0MB, cuda_free=35713.1MB, cuda_total=48519.1MB
[2026-06-10 03:48:43] Epoch 20 train batch [260/1875] loss=0.2334 avg_loss=0.1191. Resources: rss=2094.9MB, peak_rss=2506.3MB, cuda_alloc=351.3MB, cuda_reserved=19402.0MB, cuda_peak_alloc=3638.0MB, cuda_free=22813.1MB, cuda_total=48519.1MB
[2026-06-10 03:48:45] Epoch 20 train batch [280/1875] loss=0.0749 avg_loss=0.1174. Resources: rss=2094.9MB, peak_rss=2506.3MB, cuda_alloc=351.3MB, cuda_reserved=23802.0MB, cuda_peak_alloc=3638.0MB, cuda_free=18413.1MB, cuda_total=48519.1MB
[2026-06-10 03:48:48] Epoch 20 train batch [300/1875] loss=0.1631 avg_loss=0.1176. Resources: rss=2094.9MB, peak_rss=2506.3MB, cuda_alloc=351.3MB, cuda_reserved=35262.0MB, cuda_peak_alloc=3638.0MB, cuda_free=6953.1MB, cuda_total=48519.1MB
[2026-06-10 03:48:51] Epoch 20 train batch [320/1875] loss=0.1391 avg_loss=0.1176. Resources: rss=2094.9MB, peak_rss=2506.3MB, cuda_alloc=351.3MB, cuda_reserved=35262.0MB, cuda_peak_alloc=3638.0MB, cuda_free=6953.1MB, cuda_total=48519.1MB
[2026-06-10 03:48:53] Epoch 20 train batch [340/1875] loss=0.1568 avg_loss=0.1189. Resources: rss=2094.9MB, peak_rss=2506.3MB, cuda_alloc=351.3MB, cuda_reserved=35262.0MB, cuda_peak_alloc=3638.0MB, cuda_free=6953.1MB, cuda_total=48519.1MB
[2026-06-10 03:48:56] Epoch 20 train batch [360/1875] loss=0.1376 avg_loss=0.1188. Resources: rss=2094.9MB, peak_rss=2506.3MB, cuda_alloc=351.3MB, cuda_reserved=41642.0MB, cuda_peak_alloc=3638.0MB, cuda_free=573.1MB, cuda_total=48519.1MB
[2026-06-10 03:48:59] Epoch 20 train batch [380/1875] loss=0.1478 avg_loss=0.1183. Resources: rss=2094.9MB, peak_rss=2506.3MB, cuda_alloc=351.3MB, cuda_reserved=39664.0MB, cuda_peak_alloc=3638.0MB, cuda_free=2551.1MB, cuda_total=48519.1MB
[2026-06-10 03:49:02] Epoch 20 train batch [400/1875] loss=0.0803 avg_loss=0.1180. Resources: rss=2094.9MB, peak_rss=2506.3MB, cuda_alloc=351.3MB, cuda_reserved=37862.0MB, cuda_peak_alloc=3638.0MB, cuda_free=8576.4MB, cuda_total=48519.1MB
[2026-06-10 03:49:06] Epoch 20 train batch [420/1875] loss=0.1051 avg_loss=0.1177. Resources: rss=2094.9MB, peak_rss=2506.3MB, cuda_alloc=351.3MB, cuda_reserved=34762.0MB, cuda_peak_alloc=3638.0MB, cuda_free=11676.4MB, cuda_total=48519.1MB
[2026-06-10 03:49:08] Epoch 20 train batch [440/1875] loss=0.0907 avg_loss=0.1176. Resources: rss=2095.1MB, peak_rss=2506.3MB, cuda_alloc=351.3MB, cuda_reserved=41742.0MB, cuda_peak_alloc=3638.0MB, cuda_free=4696.4MB, cuda_total=48519.1MB
[2026-06-10 03:49:11] Epoch 20 train batch [460/1875] loss=0.1817 avg_loss=0.1173. Resources: rss=2095.1MB, peak_rss=2506.3MB, cuda_alloc=351.3MB, cuda_reserved=41742.0MB, cuda_peak_alloc=3638.0MB, cuda_free=4696.4MB, cuda_total=48519.1MB
[2026-06-10 03:49:15] Epoch 20 train batch [480/1875] loss=0.1734 avg_loss=0.1164. Resources: rss=2095.1MB, peak_rss=2506.3MB, cuda_alloc=351.3MB, cuda_reserved=3922.0MB, cuda_peak_alloc=3638.0MB, cuda_free=42516.4MB, cuda_total=48519.1MB
[2026-06-10 03:49:17] Epoch 20 train batch [500/1875] loss=0.1146 avg_loss=0.1170. Resources: rss=2095.1MB, peak_rss=2506.3MB, cuda_alloc=351.3MB, cuda_reserved=16242.0MB, cuda_peak_alloc=3638.0MB, cuda_free=30196.4MB, cuda_total=48519.1MB
[2026-06-10 03:49:20] Epoch 20 train batch [520/1875] loss=0.1022 avg_loss=0.1164. Resources: rss=2095.1MB, peak_rss=2506.3MB, cuda_alloc=351.3MB, cuda_reserved=21522.0MB, cuda_peak_alloc=3638.0MB, cuda_free=24916.4MB, cuda_total=48519.1MB
[2026-06-10 03:49:22] Epoch 20 train batch [540/1875] loss=0.0757 avg_loss=0.1163. Resources: rss=2084.1MB, peak_rss=2506.3MB, cuda_alloc=351.3MB, cuda_reserved=21522.0MB, cuda_peak_alloc=3638.0MB, cuda_free=24916.4MB, cuda_total=48519.1MB
[2026-06-10 03:49:25] Epoch 20 train batch [560/1875] loss=0.1095 avg_loss=0.1157. Resources: rss=2087.1MB, peak_rss=2506.3MB, cuda_alloc=351.3MB, cuda_reserved=21522.0MB, cuda_peak_alloc=3638.0MB, cuda_free=24916.4MB, cuda_total=48519.1MB
[2026-06-10 03:49:28] Epoch 20 train batch [580/1875] loss=0.0867 avg_loss=0.1158. Resources: rss=2089.3MB, peak_rss=2506.3MB, cuda_alloc=351.3MB, cuda_reserved=22822.0MB, cuda_peak_alloc=3638.0MB, cuda_free=23616.4MB, cuda_total=48519.1MB
[2026-06-10 03:49:30] Epoch 20 train batch [600/1875] loss=0.0682 avg_loss=0.1161. Resources: rss=2089.6MB, peak_rss=2506.3MB, cuda_alloc=351.3MB, cuda_reserved=22822.0MB, cuda_peak_alloc=3638.0MB, cuda_free=23616.4MB, cuda_total=48519.1MB
[2026-06-10 03:49:33] Epoch 20 train batch [620/1875] loss=0.0809 avg_loss=0.1157. Resources: rss=2089.6MB, peak_rss=2506.3MB, cuda_alloc=351.3MB, cuda_reserved=22822.0MB, cuda_peak_alloc=3638.0MB, cuda_free=23616.4MB, cuda_total=48519.1MB
[2026-06-10 03:49:35] Epoch 20 train batch [640/1875] loss=0.1301 avg_loss=0.1162. Resources: rss=2089.6MB, peak_rss=2506.3MB, cuda_alloc=351.3MB, cuda_reserved=22822.0MB, cuda_peak_alloc=3638.0MB, cuda_free=23616.4MB, cuda_total=48519.1MB
[2026-06-10 03:49:38] Epoch 20 train batch [660/1875] loss=0.0862 avg_loss=0.1161. Resources: rss=2089.8MB, peak_rss=2506.3MB, cuda_alloc=351.3MB, cuda_reserved=22822.0MB, cuda_peak_alloc=3638.0MB, cuda_free=23616.4MB, cuda_total=48519.1MB
[2026-06-10 03:49:41] Epoch 20 train batch [680/1875] loss=0.0485 avg_loss=0.1154. Resources: rss=2090.6MB, peak_rss=2506.3MB, cuda_alloc=351.3MB, cuda_reserved=32782.0MB, cuda_peak_alloc=3638.0MB, cuda_free=13656.4MB, cuda_total=48519.1MB
[2026-06-10 03:49:43] Epoch 20 train batch [700/1875] loss=0.0310 avg_loss=0.1154. Resources: rss=2092.8MB, peak_rss=2506.3MB, cuda_alloc=351.3MB, cuda_reserved=32782.0MB, cuda_peak_alloc=3638.0MB, cuda_free=13656.4MB, cuda_total=48519.1MB
[2026-06-10 03:49:46] Epoch 20 train batch [720/1875] loss=0.1183 avg_loss=0.1152. Resources: rss=2092.8MB, peak_rss=2506.3MB, cuda_alloc=351.3MB, cuda_reserved=32782.0MB, cuda_peak_alloc=3638.0MB, cuda_free=13656.4MB, cuda_total=48519.1MB
[2026-06-10 03:49:48] Epoch 20 train batch [740/1875] loss=0.0508 avg_loss=0.1153. Resources: rss=2092.8MB, peak_rss=2506.3MB, cuda_alloc=351.3MB, cuda_reserved=32782.0MB, cuda_peak_alloc=3638.0MB, cuda_free=13656.4MB, cuda_total=48519.1MB
[2026-06-10 03:49:51] Epoch 20 train batch [760/1875] loss=0.2134 avg_loss=0.1151. Resources: rss=2092.8MB, peak_rss=2506.3MB, cuda_alloc=351.3MB, cuda_reserved=32782.0MB, cuda_peak_alloc=3638.0MB, cuda_free=13656.4MB, cuda_total=48519.1MB
[2026-06-10 03:49:54] Epoch 20 train batch [780/1875] loss=0.0847 avg_loss=0.1153. Resources: rss=2093.8MB, peak_rss=2506.3MB, cuda_alloc=351.3MB, cuda_reserved=32782.0MB, cuda_peak_alloc=3638.0MB, cuda_free=13656.4MB, cuda_total=48519.1MB
[2026-06-10 03:49:56] Epoch 20 train batch [800/1875] loss=0.0566 avg_loss=0.1147. Resources: rss=2093.8MB, peak_rss=2506.3MB, cuda_alloc=351.3MB, cuda_reserved=32782.0MB, cuda_peak_alloc=3638.0MB, cuda_free=13656.4MB, cuda_total=48519.1MB
[2026-06-10 03:49:59] Epoch 20 train batch [820/1875] loss=0.0864 avg_loss=0.1151. Resources: rss=2094.8MB, peak_rss=2506.3MB, cuda_alloc=351.3MB, cuda_reserved=38562.0MB, cuda_peak_alloc=3638.0MB, cuda_free=7876.4MB, cuda_total=48519.1MB
[2026-06-10 03:50:01] Epoch 20 train batch [840/1875] loss=0.3010 avg_loss=0.1151. Resources: rss=2094.8MB, peak_rss=2506.3MB, cuda_alloc=351.3MB, cuda_reserved=38562.0MB, cuda_peak_alloc=3638.0MB, cuda_free=7876.4MB, cuda_total=48519.1MB
[2026-06-10 03:50:04] Epoch 20 train batch [860/1875] loss=0.1237 avg_loss=0.1154. Resources: rss=2094.8MB, peak_rss=2506.3MB, cuda_alloc=351.3MB, cuda_reserved=38562.0MB, cuda_peak_alloc=3638.0MB, cuda_free=7876.4MB, cuda_total=48519.1MB
[2026-06-10 03:50:06] Epoch 20 train batch [880/1875] loss=0.0722 avg_loss=0.1150. Resources: rss=2094.8MB, peak_rss=2506.3MB, cuda_alloc=351.3MB, cuda_reserved=38562.0MB, cuda_peak_alloc=3638.0MB, cuda_free=7876.4MB, cuda_total=48519.1MB
[2026-06-10 03:50:09] Epoch 20 train batch [900/1875] loss=0.0856 avg_loss=0.1152. Resources: rss=2094.8MB, peak_rss=2506.3MB, cuda_alloc=351.3MB, cuda_reserved=38562.0MB, cuda_peak_alloc=3638.0MB, cuda_free=7876.4MB, cuda_total=48519.1MB
[2026-06-10 03:50:12] Epoch 20 train batch [920/1875] loss=0.0711 avg_loss=0.1149. Resources: rss=2094.8MB, peak_rss=2506.3MB, cuda_alloc=351.3MB, cuda_reserved=38562.0MB, cuda_peak_alloc=3638.0MB, cuda_free=7876.4MB, cuda_total=48519.1MB
[2026-06-10 03:50:14] Epoch 20 train batch [940/1875] loss=0.1357 avg_loss=0.1148. Resources: rss=2094.8MB, peak_rss=2506.3MB, cuda_alloc=351.3MB, cuda_reserved=38562.0MB, cuda_peak_alloc=3638.0MB, cuda_free=7876.4MB, cuda_total=48519.1MB
[2026-06-10 03:50:17] Epoch 20 train batch [960/1875] loss=0.2257 avg_loss=0.1150. Resources: rss=2094.8MB, peak_rss=2506.3MB, cuda_alloc=351.3MB, cuda_reserved=38562.0MB, cuda_peak_alloc=3638.0MB, cuda_free=7876.4MB, cuda_total=48519.1MB
[2026-06-10 03:50:20] Epoch 20 train batch [980/1875] loss=0.1180 avg_loss=0.1150. Resources: rss=2094.8MB, peak_rss=2506.3MB, cuda_alloc=351.3MB, cuda_reserved=38562.0MB, cuda_peak_alloc=3638.0MB, cuda_free=7876.4MB, cuda_total=48519.1MB
[2026-06-10 03:50:22] Epoch 20 train batch [1000/1875] loss=0.1377 avg_loss=0.1150. Resources: rss=2094.8MB, peak_rss=2506.3MB, cuda_alloc=351.3MB, cuda_reserved=38562.0MB, cuda_peak_alloc=3638.0MB, cuda_free=7876.4MB, cuda_total=48519.1MB
[2026-06-10 03:50:25] Epoch 20 train batch [1020/1875] loss=0.1333 avg_loss=0.1152. Resources: rss=2094.8MB, peak_rss=2506.3MB, cuda_alloc=351.3MB, cuda_reserved=38562.0MB, cuda_peak_alloc=3638.0MB, cuda_free=7876.4MB, cuda_total=48519.1MB
[2026-06-10 03:50:27] Epoch 20 train batch [1040/1875] loss=0.1833 avg_loss=0.1155. Resources: rss=2094.8MB, peak_rss=2506.3MB, cuda_alloc=351.3MB, cuda_reserved=38562.0MB, cuda_peak_alloc=3638.0MB, cuda_free=7876.4MB, cuda_total=48519.1MB
[2026-06-10 03:50:30] Epoch 20 train batch [1060/1875] loss=0.1972 avg_loss=0.1159. Resources: rss=2094.8MB, peak_rss=2506.3MB, cuda_alloc=351.3MB, cuda_reserved=38562.0MB, cuda_peak_alloc=3638.0MB, cuda_free=7876.4MB, cuda_total=48519.1MB
[2026-06-10 03:50:33] Epoch 20 train batch [1080/1875] loss=0.0333 avg_loss=0.1153. Resources: rss=2094.8MB, peak_rss=2506.3MB, cuda_alloc=351.3MB, cuda_reserved=38562.0MB, cuda_peak_alloc=3638.0MB, cuda_free=7876.4MB, cuda_total=48519.1MB
[2026-06-10 03:50:35] Epoch 20 train batch [1100/1875] loss=0.0978 avg_loss=0.1152. Resources: rss=2094.8MB, peak_rss=2506.3MB, cuda_alloc=351.3MB, cuda_reserved=38562.0MB, cuda_peak_alloc=3638.0MB, cuda_free=7876.4MB, cuda_total=48519.1MB
[2026-06-10 03:50:37] Epoch 20 train batch [1120/1875] loss=0.0770 avg_loss=0.1151. Resources: rss=2094.8MB, peak_rss=2506.3MB, cuda_alloc=351.3MB, cuda_reserved=38562.0MB, cuda_peak_alloc=3638.0MB, cuda_free=7876.4MB, cuda_total=48519.1MB
[2026-06-10 03:50:40] Epoch 20 train batch [1140/1875] loss=0.0858 avg_loss=0.1153. Resources: rss=2095.8MB, peak_rss=2506.3MB, cuda_alloc=351.3MB, cuda_reserved=38562.0MB, cuda_peak_alloc=3638.0MB, cuda_free=7876.4MB, cuda_total=48519.1MB
[2026-06-10 03:50:43] Epoch 20 train batch [1160/1875] loss=0.0706 avg_loss=0.1156. Resources: rss=2088.8MB, peak_rss=2506.3MB, cuda_alloc=351.3MB, cuda_reserved=38562.0MB, cuda_peak_alloc=3638.0MB, cuda_free=7876.4MB, cuda_total=48519.1MB
[2026-06-10 03:50:45] Epoch 20 train batch [1180/1875] loss=0.1532 avg_loss=0.1155. Resources: rss=2093.5MB, peak_rss=2506.3MB, cuda_alloc=351.3MB, cuda_reserved=38562.0MB, cuda_peak_alloc=3638.0MB, cuda_free=7876.4MB, cuda_total=48519.1MB
[2026-06-10 03:50:48] Epoch 20 train batch [1200/1875] loss=0.2610 avg_loss=0.1155. Resources: rss=2093.5MB, peak_rss=2506.3MB, cuda_alloc=351.3MB, cuda_reserved=38562.0MB, cuda_peak_alloc=3638.0MB, cuda_free=7876.4MB, cuda_total=48519.1MB
[2026-06-10 03:50:51] Epoch 20 train batch [1220/1875] loss=0.0375 avg_loss=0.1153. Resources: rss=2093.5MB, peak_rss=2506.3MB, cuda_alloc=351.3MB, cuda_reserved=38562.0MB, cuda_peak_alloc=3638.0MB, cuda_free=7876.4MB, cuda_total=48519.1MB
[2026-06-10 03:50:53] Epoch 20 train batch [1240/1875] loss=0.0820 avg_loss=0.1153. Resources: rss=2094.8MB, peak_rss=2506.3MB, cuda_alloc=351.3MB, cuda_reserved=38562.0MB, cuda_peak_alloc=3638.0MB, cuda_free=7876.4MB, cuda_total=48519.1MB
[2026-06-10 03:50:56] Epoch 20 train batch [1260/1875] loss=0.0879 avg_loss=0.1150. Resources: rss=2094.8MB, peak_rss=2506.3MB, cuda_alloc=351.3MB, cuda_reserved=38562.0MB, cuda_peak_alloc=3638.0MB, cuda_free=7876.4MB, cuda_total=48519.1MB
[2026-06-10 03:50:59] Epoch 20 train batch [1280/1875] loss=0.0858 avg_loss=0.1146. Resources: rss=2094.8MB, peak_rss=2506.3MB, cuda_alloc=351.3MB, cuda_reserved=38562.0MB, cuda_peak_alloc=3638.0MB, cuda_free=7876.4MB, cuda_total=48519.1MB
[2026-06-10 03:51:01] Epoch 20 train batch [1300/1875] loss=0.1148 avg_loss=0.1142. Resources: rss=2094.8MB, peak_rss=2506.3MB, cuda_alloc=351.3MB, cuda_reserved=38562.0MB, cuda_peak_alloc=3638.0MB, cuda_free=7876.4MB, cuda_total=48519.1MB
[2026-06-10 03:51:04] Epoch 20 train batch [1320/1875] loss=0.0605 avg_loss=0.1143. Resources: rss=2094.8MB, peak_rss=2506.3MB, cuda_alloc=351.3MB, cuda_reserved=38562.0MB, cuda_peak_alloc=3638.0MB, cuda_free=7876.4MB, cuda_total=48519.1MB
[2026-06-10 03:51:07] Epoch 20 train batch [1340/1875] loss=0.0461 avg_loss=0.1141. Resources: rss=2094.8MB, peak_rss=2506.3MB, cuda_alloc=351.3MB, cuda_reserved=38562.0MB, cuda_peak_alloc=3638.0MB, cuda_free=7876.4MB, cuda_total=48519.1MB
[2026-06-10 03:51:09] Epoch 20 train batch [1360/1875] loss=0.1281 avg_loss=0.1143. Resources: rss=2094.8MB, peak_rss=2506.3MB, cuda_alloc=351.3MB, cuda_reserved=43962.0MB, cuda_peak_alloc=3638.0MB, cuda_free=2476.4MB, cuda_total=48519.1MB
[2026-06-10 03:51:12] Epoch 20 train batch [1380/1875] loss=0.1050 avg_loss=0.1144. Resources: rss=2094.8MB, peak_rss=2506.3MB, cuda_alloc=351.3MB, cuda_reserved=43962.0MB, cuda_peak_alloc=3638.2MB, cuda_free=2476.4MB, cuda_total=48519.1MB
[2026-06-10 03:51:15] Epoch 20 train batch [1400/1875] loss=0.0609 avg_loss=0.1143. Resources: rss=2094.8MB, peak_rss=2506.3MB, cuda_alloc=351.3MB, cuda_reserved=43962.0MB, cuda_peak_alloc=3638.2MB, cuda_free=3616.4MB, cuda_total=48519.1MB
[2026-06-10 03:51:17] Epoch 20 train batch [1420/1875] loss=0.0668 avg_loss=0.1140. Resources: rss=2096.8MB, peak_rss=2506.3MB, cuda_alloc=351.3MB, cuda_reserved=43962.0MB, cuda_peak_alloc=3638.2MB, cuda_free=4005.8MB, cuda_total=48519.1MB
[2026-06-10 03:51:19] Epoch 20 train batch [1440/1875] loss=0.0906 avg_loss=0.1140. Resources: rss=2096.8MB, peak_rss=2506.3MB, cuda_alloc=351.3MB, cuda_reserved=43962.0MB, cuda_peak_alloc=3638.2MB, cuda_free=4005.8MB, cuda_total=48519.1MB
[2026-06-10 03:51:22] Epoch 20 train batch [1460/1875] loss=0.0831 avg_loss=0.1140. Resources: rss=2096.8MB, peak_rss=2506.3MB, cuda_alloc=351.3MB, cuda_reserved=43962.0MB, cuda_peak_alloc=3638.2MB, cuda_free=4005.8MB, cuda_total=48519.1MB
[2026-06-10 03:51:25] Epoch 20 train batch [1480/1875] loss=0.1018 avg_loss=0.1138. Resources: rss=2096.8MB, peak_rss=2506.3MB, cuda_alloc=351.3MB, cuda_reserved=43962.0MB, cuda_peak_alloc=3638.2MB, cuda_free=4005.8MB, cuda_total=48519.1MB
[2026-06-10 03:51:27] Epoch 20 train batch [1500/1875] loss=0.0970 avg_loss=0.1142. Resources: rss=2096.8MB, peak_rss=2506.3MB, cuda_alloc=351.3MB, cuda_reserved=43962.0MB, cuda_peak_alloc=3638.2MB, cuda_free=4005.8MB, cuda_total=48519.1MB
[2026-06-10 03:51:30] Epoch 20 train batch [1520/1875] loss=0.0700 avg_loss=0.1141. Resources: rss=2096.8MB, peak_rss=2506.3MB, cuda_alloc=351.3MB, cuda_reserved=43962.0MB, cuda_peak_alloc=3638.2MB, cuda_free=4005.8MB, cuda_total=48519.1MB
[2026-06-10 03:51:33] Epoch 20 train batch [1540/1875] loss=0.1351 avg_loss=0.1141. Resources: rss=2096.8MB, peak_rss=2506.3MB, cuda_alloc=351.3MB, cuda_reserved=43962.0MB, cuda_peak_alloc=3638.2MB, cuda_free=4005.8MB, cuda_total=48519.1MB
[2026-06-10 03:51:35] Epoch 20 train batch [1560/1875] loss=0.0836 avg_loss=0.1139. Resources: rss=2096.8MB, peak_rss=2506.3MB, cuda_alloc=351.3MB, cuda_reserved=43962.0MB, cuda_peak_alloc=3638.2MB, cuda_free=4005.8MB, cuda_total=48519.1MB
[2026-06-10 03:51:38] Epoch 20 train batch [1580/1875] loss=0.0797 avg_loss=0.1138. Resources: rss=2096.8MB, peak_rss=2506.3MB, cuda_alloc=351.3MB, cuda_reserved=43962.0MB, cuda_peak_alloc=3638.2MB, cuda_free=4005.8MB, cuda_total=48519.1MB
[2026-06-10 03:51:40] Epoch 20 train batch [1600/1875] loss=0.1382 avg_loss=0.1139. Resources: rss=2096.8MB, peak_rss=2506.3MB, cuda_alloc=351.3MB, cuda_reserved=43962.0MB, cuda_peak_alloc=3638.2MB, cuda_free=4005.8MB, cuda_total=48519.1MB
[2026-06-10 03:51:43] Epoch 20 train batch [1620/1875] loss=0.0845 avg_loss=0.1137. Resources: rss=2096.8MB, peak_rss=2506.3MB, cuda_alloc=351.3MB, cuda_reserved=43962.0MB, cuda_peak_alloc=3638.2MB, cuda_free=4005.8MB, cuda_total=48519.1MB
[2026-06-10 03:51:46] Epoch 20 train batch [1640/1875] loss=0.0569 avg_loss=0.1136. Resources: rss=2096.8MB, peak_rss=2506.3MB, cuda_alloc=351.3MB, cuda_reserved=43962.0MB, cuda_peak_alloc=3638.2MB, cuda_free=4005.8MB, cuda_total=48519.1MB
[2026-06-10 03:51:48] Epoch 20 train batch [1660/1875] loss=0.0830 avg_loss=0.1135. Resources: rss=2096.8MB, peak_rss=2506.3MB, cuda_alloc=351.3MB, cuda_reserved=43962.0MB, cuda_peak_alloc=3638.2MB, cuda_free=4005.8MB, cuda_total=48519.1MB
[2026-06-10 03:51:51] Epoch 20 train batch [1680/1875] loss=0.0933 avg_loss=0.1135. Resources: rss=2096.8MB, peak_rss=2506.3MB, cuda_alloc=351.3MB, cuda_reserved=43962.0MB, cuda_peak_alloc=3638.2MB, cuda_free=4005.8MB, cuda_total=48519.1MB
[2026-06-10 03:51:53] Epoch 20 train batch [1700/1875] loss=0.0817 avg_loss=0.1134. Resources: rss=2096.8MB, peak_rss=2506.3MB, cuda_alloc=351.3MB, cuda_reserved=43962.0MB, cuda_peak_alloc=3638.2MB, cuda_free=4005.8MB, cuda_total=48519.1MB
[2026-06-10 03:51:56] Epoch 20 train batch [1720/1875] loss=0.0823 avg_loss=0.1133. Resources: rss=2096.8MB, peak_rss=2506.3MB, cuda_alloc=351.3MB, cuda_reserved=43962.0MB, cuda_peak_alloc=3638.2MB, cuda_free=4005.8MB, cuda_total=48519.1MB
[2026-06-10 03:51:58] Epoch 20 train batch [1740/1875] loss=0.0822 avg_loss=0.1134. Resources: rss=2098.5MB, peak_rss=2506.3MB, cuda_alloc=351.3MB, cuda_reserved=43962.0MB, cuda_peak_alloc=3638.2MB, cuda_free=4005.8MB, cuda_total=48519.1MB
[2026-06-10 03:52:01] Epoch 20 train batch [1760/1875] loss=0.0824 avg_loss=0.1136. Resources: rss=2098.5MB, peak_rss=2506.3MB, cuda_alloc=351.3MB, cuda_reserved=43962.0MB, cuda_peak_alloc=3638.2MB, cuda_free=4005.8MB, cuda_total=48519.1MB
[2026-06-10 03:52:03] Epoch 20 train batch [1780/1875] loss=0.1071 avg_loss=0.1136. Resources: rss=2090.5MB, peak_rss=2506.3MB, cuda_alloc=351.3MB, cuda_reserved=43962.0MB, cuda_peak_alloc=3638.2MB, cuda_free=4005.8MB, cuda_total=48519.1MB
[2026-06-10 03:52:06] Epoch 20 train batch [1800/1875] loss=0.1763 avg_loss=0.1138. Resources: rss=2093.0MB, peak_rss=2506.3MB, cuda_alloc=351.3MB, cuda_reserved=43962.0MB, cuda_peak_alloc=3638.2MB, cuda_free=4005.8MB, cuda_total=48519.1MB
[2026-06-10 03:52:09] Epoch 20 train batch [1820/1875] loss=0.0873 avg_loss=0.1137. Resources: rss=2094.5MB, peak_rss=2506.3MB, cuda_alloc=351.3MB, cuda_reserved=43962.0MB, cuda_peak_alloc=3638.2MB, cuda_free=4005.8MB, cuda_total=48519.1MB
[2026-06-10 03:52:11] Epoch 20 train batch [1840/1875] loss=0.0592 avg_loss=0.1136. Resources: rss=2094.5MB, peak_rss=2506.3MB, cuda_alloc=351.3MB, cuda_reserved=43962.0MB, cuda_peak_alloc=3638.2MB, cuda_free=4005.8MB, cuda_total=48519.1MB
[2026-06-10 03:52:14] Epoch 20 train batch [1860/1875] loss=0.0595 avg_loss=0.1137. Resources: rss=2096.5MB, peak_rss=2506.3MB, cuda_alloc=351.3MB, cuda_reserved=43962.0MB, cuda_peak_alloc=3638.2MB, cuda_free=4005.8MB, cuda_total=48519.1MB
[2026-06-10 03:52:16] Epoch 20 train batch [1875/1875] loss=0.1757 avg_loss=0.1138. Resources: rss=2096.5MB, peak_rss=2506.3MB, cuda_alloc=351.3MB, cuda_reserved=43962.0MB, cuda_peak_alloc=3638.2MB, cuda_free=4005.8MB, cuda_total=48519.1MB
[2026-06-10 03:52:16] Epoch 20 training completed. Resources: rss=2096.5MB, peak_rss=2506.3MB, cuda_alloc=351.3MB, cuda_reserved=43962.0MB, cuda_peak_alloc=3638.2MB, cuda_free=4005.8MB, cuda_total=48519.1MB
[2026-06-10 03:52:17] Epoch 20 cache released before validation loss. Resources: rss=2039.0MB, peak_rss=2506.3MB, cuda_alloc=351.3MB, cuda_reserved=530.0MB, cuda_peak_alloc=351.3MB, cuda_free=47437.8MB, cuda_total=48519.1MB
[2026-06-10 03:52:37] Epoch 20 validation loss completed: 0.5325. Resources: rss=2094.5MB, peak_rss=2506.3MB, cuda_alloc=351.3MB, cuda_reserved=10380.0MB, cuda_peak_alloc=1426.1MB, cuda_free=37587.8MB, cuda_total=48519.1MB
[2026-06-10 03:52:38] Epoch 20 cache released before detection metrics. Resources: rss=2036.4MB, peak_rss=2506.3MB, cuda_alloc=351.3MB, cuda_reserved=530.0MB, cuda_peak_alloc=351.3MB, cuda_free=47437.8MB, cuda_total=48519.1MB
[2026-06-10 03:52:58] Epoch 20 prediction tensors moved to CPU. Computing metrics. Resources: rss=2036.5MB, peak_rss=2506.3MB, cuda_alloc=351.3MB, cuda_reserved=530.0MB, cuda_peak_alloc=351.3MB, cuda_free=47437.8MB, cuda_total=48519.1MB
[2026-06-10 03:52:58] Epoch 20 metrics computed (mAP@0.5 only). Saving artifacts. Resources: rss=2037.2MB, peak_rss=2506.3MB, cuda_alloc=351.3MB, cuda_reserved=530.0MB, cuda_peak_alloc=351.3MB, cuda_free=47437.8MB, cuda_total=48519.1MB
[2026-06-10 03:52:59] Epoch 20 did not improve mAP@0.5 enough. Early stopping counter: 1/10.
Epoch [20/30]
├── Train Loss : 0.1138
│   ├── loss_classifier  : 0.0565
│   ├── loss_box_reg     : 0.0573
│   ├── loss_objectness  : 0.0000
│   └── loss_rpn_box_reg : 0.0000
├── Val Loss   : 0.5325
├── mAP@0.5    : 0.7111
├── mAP@0.75   : n/a
├── mAP@0.5:0.95 : n/a
├── Precision  : 0.7174
├── Recall     : 0.7600
├── GT Boxes   : 2021
├── Predictions: 2141
├── Per-class AP
│   ├── person  : AP50=0.7528, AP75=n/a, AP50:95=n/a, P=0.7547, R=0.7933
│   ├── car     : AP50=0.7001, AP75=n/a, AP50:95=n/a, P=0.6328, R=0.7491
│   ├── dog     : AP50=0.7989, AP75=n/a, AP50:95=n/a, P=0.7972, R=0.8398
│   ├── cat     : AP50=0.8490, AP75=n/a, AP50:95=n/a, P=0.7835, R=0.8636
│   └── chair   : AP50=0.4549, AP75=n/a, AP50:95=n/a, P=0.5526, R=0.5213
├── LR         : 0.001000
└── Time       : 296.5s
[2026-06-10 03:52:59] Epoch [20/30] completed. Resources: rss=2036.5MB, peak_rss=2506.3MB, cuda_alloc=351.3MB, cuda_reserved=530.0MB, cuda_peak_alloc=351.3MB, cuda_free=47437.8MB, cuda_total=48519.1MB
[2026-06-10 03:52:59] Epoch [21/30] started. Resources: rss=2036.5MB, peak_rss=2506.3MB, cuda_alloc=351.3MB, cuda_reserved=530.0MB, cuda_peak_alloc=351.3MB, cuda_free=47437.8MB, cuda_total=48519.1MB
[2026-06-10 03:53:01] Epoch 21 train batch [20/1875] loss=0.1167 avg_loss=0.1232. Resources: rss=2086.5MB, peak_rss=2506.3MB, cuda_alloc=351.3MB, cuda_reserved=32142.0MB, cuda_peak_alloc=3637.2MB, cuda_free=15825.8MB, cuda_total=48519.1MB
[2026-06-10 03:53:05] Epoch 21 train batch [40/1875] loss=0.0366 avg_loss=0.1106. Resources: rss=2093.5MB, peak_rss=2506.3MB, cuda_alloc=351.3MB, cuda_reserved=32902.0MB, cuda_peak_alloc=3637.2MB, cuda_free=15065.8MB, cuda_total=48519.1MB
[2026-06-10 03:53:08] Epoch 21 train batch [60/1875] loss=0.1002 avg_loss=0.1076. Resources: rss=2093.8MB, peak_rss=2506.3MB, cuda_alloc=351.3MB, cuda_reserved=19804.0MB, cuda_peak_alloc=3637.6MB, cuda_free=28163.8MB, cuda_total=48519.1MB
[2026-06-10 03:53:11] Epoch 21 train batch [80/1875] loss=0.1803 avg_loss=0.1117. Resources: rss=2093.8MB, peak_rss=2506.3MB, cuda_alloc=351.3MB, cuda_reserved=19804.0MB, cuda_peak_alloc=3638.0MB, cuda_free=28163.8MB, cuda_total=48519.1MB
[2026-06-10 03:53:13] Epoch 21 train batch [100/1875] loss=0.1138 avg_loss=0.1184. Resources: rss=2093.8MB, peak_rss=2506.3MB, cuda_alloc=351.3MB, cuda_reserved=19804.0MB, cuda_peak_alloc=3638.0MB, cuda_free=28163.8MB, cuda_total=48519.1MB
[2026-06-10 03:53:16] Epoch 21 train batch [120/1875] loss=0.0660 avg_loss=0.1173. Resources: rss=2093.8MB, peak_rss=2506.3MB, cuda_alloc=351.3MB, cuda_reserved=21184.0MB, cuda_peak_alloc=3638.0MB, cuda_free=26783.8MB, cuda_total=48519.1MB
[2026-06-10 03:53:19] Epoch 21 train batch [140/1875] loss=0.0706 avg_loss=0.1185. Resources: rss=2060.3MB, peak_rss=2506.3MB, cuda_alloc=351.3MB, cuda_reserved=22004.0MB, cuda_peak_alloc=3638.0MB, cuda_free=25963.8MB, cuda_total=48519.1MB
[2026-06-10 03:53:21] Epoch 21 train batch [160/1875] loss=0.2578 avg_loss=0.1197. Resources: rss=2091.5MB, peak_rss=2506.3MB, cuda_alloc=351.3MB, cuda_reserved=22004.0MB, cuda_peak_alloc=3638.0MB, cuda_free=25963.8MB, cuda_total=48519.1MB
[2026-06-10 03:53:24] Epoch 21 train batch [180/1875] loss=0.1562 avg_loss=0.1186. Resources: rss=2091.8MB, peak_rss=2506.3MB, cuda_alloc=351.3MB, cuda_reserved=23064.0MB, cuda_peak_alloc=3638.0MB, cuda_free=24903.8MB, cuda_total=48519.1MB
[2026-06-10 03:53:27] Epoch 21 train batch [200/1875] loss=0.1892 avg_loss=0.1170. Resources: rss=2093.5MB, peak_rss=2506.3MB, cuda_alloc=351.3MB, cuda_reserved=26784.0MB, cuda_peak_alloc=3638.0MB, cuda_free=21183.8MB, cuda_total=48519.1MB
[2026-06-10 03:53:29] Epoch 21 train batch [220/1875] loss=0.0852 avg_loss=0.1153. Resources: rss=2093.5MB, peak_rss=2506.3MB, cuda_alloc=351.3MB, cuda_reserved=26784.0MB, cuda_peak_alloc=3638.0MB, cuda_free=21183.8MB, cuda_total=48519.1MB
[2026-06-10 03:53:32] Epoch 21 train batch [240/1875] loss=0.0754 avg_loss=0.1148. Resources: rss=2093.5MB, peak_rss=2506.3MB, cuda_alloc=351.3MB, cuda_reserved=26784.0MB, cuda_peak_alloc=3638.0MB, cuda_free=21183.8MB, cuda_total=48519.1MB
[2026-06-10 03:53:35] Epoch 21 train batch [260/1875] loss=0.0929 avg_loss=0.1151. Resources: rss=2093.5MB, peak_rss=2506.3MB, cuda_alloc=351.3MB, cuda_reserved=26784.0MB, cuda_peak_alloc=3638.0MB, cuda_free=21183.8MB, cuda_total=48519.1MB
[2026-06-10 03:53:38] Epoch 21 train batch [280/1875] loss=0.0540 avg_loss=0.1131. Resources: rss=2093.5MB, peak_rss=2506.3MB, cuda_alloc=351.3MB, cuda_reserved=26784.0MB, cuda_peak_alloc=3638.0MB, cuda_free=21183.8MB, cuda_total=48519.1MB
[2026-06-10 03:53:40] Epoch 21 train batch [300/1875] loss=0.0416 avg_loss=0.1114. Resources: rss=2093.5MB, peak_rss=2506.3MB, cuda_alloc=351.3MB, cuda_reserved=26784.0MB, cuda_peak_alloc=3638.0MB, cuda_free=21183.8MB, cuda_total=48519.1MB
[2026-06-10 03:53:43] Epoch 21 train batch [320/1875] loss=0.1980 avg_loss=0.1127. Resources: rss=2093.8MB, peak_rss=2506.3MB, cuda_alloc=351.3MB, cuda_reserved=29844.0MB, cuda_peak_alloc=3638.0MB, cuda_free=18123.8MB, cuda_total=48519.1MB
[2026-06-10 03:53:45] Epoch 21 train batch [340/1875] loss=0.1651 avg_loss=0.1120. Resources: rss=2093.8MB, peak_rss=2506.3MB, cuda_alloc=351.3MB, cuda_reserved=29844.0MB, cuda_peak_alloc=3638.0MB, cuda_free=18123.8MB, cuda_total=48519.1MB
[2026-06-10 03:53:48] Epoch 21 train batch [360/1875] loss=0.0825 avg_loss=0.1114. Resources: rss=2093.8MB, peak_rss=2506.3MB, cuda_alloc=351.3MB, cuda_reserved=29844.0MB, cuda_peak_alloc=3638.0MB, cuda_free=18123.8MB, cuda_total=48519.1MB
[2026-06-10 03:53:51] Epoch 21 train batch [380/1875] loss=0.0742 avg_loss=0.1118. Resources: rss=2093.8MB, peak_rss=2506.3MB, cuda_alloc=351.3MB, cuda_reserved=29844.0MB, cuda_peak_alloc=3638.0MB, cuda_free=18123.8MB, cuda_total=48519.1MB
[2026-06-10 03:53:53] Epoch 21 train batch [400/1875] loss=0.1089 avg_loss=0.1115. Resources: rss=2094.3MB, peak_rss=2506.3MB, cuda_alloc=351.3MB, cuda_reserved=34704.0MB, cuda_peak_alloc=3638.0MB, cuda_free=13263.8MB, cuda_total=48519.1MB
[2026-06-10 03:53:56] Epoch 21 train batch [420/1875] loss=0.1668 avg_loss=0.1109. Resources: rss=2094.3MB, peak_rss=2506.3MB, cuda_alloc=351.3MB, cuda_reserved=34704.0MB, cuda_peak_alloc=3638.0MB, cuda_free=13263.8MB, cuda_total=48519.1MB
[2026-06-10 03:53:59] Epoch 21 train batch [440/1875] loss=0.1634 avg_loss=0.1107. Resources: rss=2094.3MB, peak_rss=2506.3MB, cuda_alloc=351.3MB, cuda_reserved=34704.0MB, cuda_peak_alloc=3638.0MB, cuda_free=13263.8MB, cuda_total=48519.1MB
[2026-06-10 03:54:01] Epoch 21 train batch [460/1875] loss=0.1593 avg_loss=0.1101. Resources: rss=2094.3MB, peak_rss=2506.3MB, cuda_alloc=351.3MB, cuda_reserved=34704.0MB, cuda_peak_alloc=3638.0MB, cuda_free=13263.8MB, cuda_total=48519.1MB
[2026-06-10 03:54:04] Epoch 21 train batch [480/1875] loss=0.1354 avg_loss=0.1110. Resources: rss=2094.3MB, peak_rss=2506.3MB, cuda_alloc=351.3MB, cuda_reserved=34704.0MB, cuda_peak_alloc=3638.0MB, cuda_free=13263.8MB, cuda_total=48519.1MB
[2026-06-10 03:54:06] Epoch 21 train batch [500/1875] loss=0.2068 avg_loss=0.1112. Resources: rss=2094.3MB, peak_rss=2506.3MB, cuda_alloc=351.3MB, cuda_reserved=34704.0MB, cuda_peak_alloc=3638.0MB, cuda_free=13263.8MB, cuda_total=48519.1MB
[2026-06-10 03:54:09] Epoch 21 train batch [520/1875] loss=0.0746 avg_loss=0.1115. Resources: rss=2094.5MB, peak_rss=2506.3MB, cuda_alloc=351.3MB, cuda_reserved=34704.0MB, cuda_peak_alloc=3638.0MB, cuda_free=13263.8MB, cuda_total=48519.1MB
[2026-06-10 03:54:13] Epoch 21 train batch [540/1875] loss=0.0816 avg_loss=0.1113. Resources: rss=2095.5MB, peak_rss=2506.3MB, cuda_alloc=351.3MB, cuda_reserved=4282.0MB, cuda_peak_alloc=3638.0MB, cuda_free=43685.8MB, cuda_total=48519.1MB
[2026-06-10 03:54:15] Epoch 21 train batch [560/1875] loss=0.0728 avg_loss=0.1114. Resources: rss=2096.3MB, peak_rss=2506.3MB, cuda_alloc=351.3MB, cuda_reserved=38142.0MB, cuda_peak_alloc=3638.0MB, cuda_free=9825.8MB, cuda_total=48519.1MB
[2026-06-10 03:54:19] Epoch 21 train batch [580/1875] loss=0.1689 avg_loss=0.1111. Resources: rss=2097.0MB, peak_rss=2506.3MB, cuda_alloc=351.3MB, cuda_reserved=22202.0MB, cuda_peak_alloc=3638.0MB, cuda_free=25765.8MB, cuda_total=48519.1MB
[2026-06-10 03:54:21] Epoch 21 train batch [600/1875] loss=0.0733 avg_loss=0.1112. Resources: rss=2099.8MB, peak_rss=2506.3MB, cuda_alloc=351.3MB, cuda_reserved=40522.0MB, cuda_peak_alloc=3638.0MB, cuda_free=7445.8MB, cuda_total=48519.1MB
[2026-06-10 03:54:25] Epoch 21 train batch [620/1875] loss=0.0987 avg_loss=0.1110. Resources: rss=2099.8MB, peak_rss=2506.3MB, cuda_alloc=351.3MB, cuda_reserved=22542.0MB, cuda_peak_alloc=3638.0MB, cuda_free=25425.8MB, cuda_total=48519.1MB
[2026-06-10 03:54:27] Epoch 21 train batch [640/1875] loss=0.0970 avg_loss=0.1109. Resources: rss=2099.8MB, peak_rss=2506.3MB, cuda_alloc=351.3MB, cuda_reserved=34082.0MB, cuda_peak_alloc=3638.0MB, cuda_free=13885.8MB, cuda_total=48519.1MB
[2026-06-10 03:54:30] Epoch 21 train batch [660/1875] loss=0.1450 avg_loss=0.1107. Resources: rss=2099.8MB, peak_rss=2506.3MB, cuda_alloc=351.3MB, cuda_reserved=34082.0MB, cuda_peak_alloc=3638.0MB, cuda_free=13885.8MB, cuda_total=48519.1MB
[2026-06-10 03:54:33] Epoch 21 train batch [680/1875] loss=0.0610 avg_loss=0.1110. Resources: rss=2099.8MB, peak_rss=2506.3MB, cuda_alloc=351.3MB, cuda_reserved=34082.0MB, cuda_peak_alloc=3638.0MB, cuda_free=13885.8MB, cuda_total=48519.1MB
[2026-06-10 03:54:35] Epoch 21 train batch [700/1875] loss=0.1042 avg_loss=0.1110. Resources: rss=2099.8MB, peak_rss=2506.3MB, cuda_alloc=351.3MB, cuda_reserved=34082.0MB, cuda_peak_alloc=3638.0MB, cuda_free=13885.8MB, cuda_total=48519.1MB
[2026-06-10 03:54:38] Epoch 21 train batch [720/1875] loss=0.1203 avg_loss=0.1109. Resources: rss=2099.8MB, peak_rss=2506.3MB, cuda_alloc=351.3MB, cuda_reserved=34082.0MB, cuda_peak_alloc=3638.0MB, cuda_free=13885.8MB, cuda_total=48519.1MB
[2026-06-10 03:54:41] Epoch 21 train batch [740/1875] loss=0.0309 avg_loss=0.1107. Resources: rss=2099.8MB, peak_rss=2506.3MB, cuda_alloc=351.3MB, cuda_reserved=34082.0MB, cuda_peak_alloc=3638.0MB, cuda_free=13885.8MB, cuda_total=48519.1MB
[2026-06-10 03:54:43] Epoch 21 train batch [760/1875] loss=0.0985 avg_loss=0.1103. Resources: rss=2078.5MB, peak_rss=2506.3MB, cuda_alloc=351.3MB, cuda_reserved=34082.0MB, cuda_peak_alloc=3638.0MB, cuda_free=13885.8MB, cuda_total=48519.1MB
[2026-06-10 03:54:46] Epoch 21 train batch [780/1875] loss=0.2032 avg_loss=0.1113. Resources: rss=2087.3MB, peak_rss=2506.3MB, cuda_alloc=351.3MB, cuda_reserved=43022.0MB, cuda_peak_alloc=3638.0MB, cuda_free=4945.8MB, cuda_total=48519.1MB
[2026-06-10 03:54:49] Epoch 21 train batch [800/1875] loss=0.1519 avg_loss=0.1116. Resources: rss=2091.5MB, peak_rss=2506.3MB, cuda_alloc=351.3MB, cuda_reserved=43022.0MB, cuda_peak_alloc=3638.0MB, cuda_free=4945.8MB, cuda_total=48519.1MB
[2026-06-10 03:54:51] Epoch 21 train batch [820/1875] loss=0.1225 avg_loss=0.1117. Resources: rss=2093.3MB, peak_rss=2506.3MB, cuda_alloc=351.3MB, cuda_reserved=43022.0MB, cuda_peak_alloc=3638.0MB, cuda_free=4945.8MB, cuda_total=48519.1MB
[2026-06-10 03:54:54] Epoch 21 train batch [840/1875] loss=0.0700 avg_loss=0.1119. Resources: rss=2093.3MB, peak_rss=2506.3MB, cuda_alloc=351.3MB, cuda_reserved=43022.0MB, cuda_peak_alloc=3638.0MB, cuda_free=4945.8MB, cuda_total=48519.1MB
[2026-06-10 03:54:57] Epoch 21 train batch [860/1875] loss=0.2363 avg_loss=0.1121. Resources: rss=2093.3MB, peak_rss=2506.3MB, cuda_alloc=351.3MB, cuda_reserved=43022.0MB, cuda_peak_alloc=3638.0MB, cuda_free=4945.8MB, cuda_total=48519.1MB
[2026-06-10 03:55:00] Epoch 21 train batch [880/1875] loss=0.1411 avg_loss=0.1123. Resources: rss=2094.0MB, peak_rss=2506.3MB, cuda_alloc=351.3MB, cuda_reserved=17302.0MB, cuda_peak_alloc=3638.0MB, cuda_free=30665.8MB, cuda_total=48519.1MB
[2026-06-10 03:55:03] Epoch 21 train batch [900/1875] loss=0.1409 avg_loss=0.1121. Resources: rss=2099.5MB, peak_rss=2506.3MB, cuda_alloc=351.3MB, cuda_reserved=47942.0MB, cuda_peak_alloc=3638.0MB, cuda_free=25.8MB, cuda_total=48519.1MB
[2026-06-10 03:55:06] Epoch 21 train batch [920/1875] loss=0.2120 avg_loss=0.1122. Resources: rss=2099.5MB, peak_rss=2506.3MB, cuda_alloc=351.3MB, cuda_reserved=33242.0MB, cuda_peak_alloc=3638.0MB, cuda_free=14725.8MB, cuda_total=48519.1MB
[2026-06-10 03:55:10] Epoch 21 train batch [940/1875] loss=0.1171 avg_loss=0.1121. Resources: rss=2099.5MB, peak_rss=2506.3MB, cuda_alloc=351.3MB, cuda_reserved=28422.0MB, cuda_peak_alloc=3638.0MB, cuda_free=19545.8MB, cuda_total=48519.1MB
[2026-06-10 03:55:13] Epoch 21 train batch [960/1875] loss=0.0868 avg_loss=0.1121. Resources: rss=2099.5MB, peak_rss=2506.3MB, cuda_alloc=351.3MB, cuda_reserved=20902.0MB, cuda_peak_alloc=3638.0MB, cuda_free=27065.8MB, cuda_total=48519.1MB
[2026-06-10 03:55:16] Epoch 21 train batch [980/1875] loss=0.0836 avg_loss=0.1117. Resources: rss=2099.5MB, peak_rss=2506.3MB, cuda_alloc=351.3MB, cuda_reserved=3882.0MB, cuda_peak_alloc=3638.0MB, cuda_free=44085.8MB, cuda_total=48519.1MB
[2026-06-10 03:55:19] Epoch 21 train batch [1000/1875] loss=0.1088 avg_loss=0.1116. Resources: rss=2099.5MB, peak_rss=2506.3MB, cuda_alloc=351.3MB, cuda_reserved=28022.0MB, cuda_peak_alloc=3638.0MB, cuda_free=19945.8MB, cuda_total=48519.1MB
[2026-06-10 03:55:21] Epoch 21 train batch [1020/1875] loss=0.1433 avg_loss=0.1116. Resources: rss=2100.0MB, peak_rss=2506.3MB, cuda_alloc=351.3MB, cuda_reserved=28022.0MB, cuda_peak_alloc=3638.0MB, cuda_free=19945.8MB, cuda_total=48519.1MB
[2026-06-10 03:55:24] Epoch 21 train batch [1040/1875] loss=0.1481 avg_loss=0.1117. Resources: rss=2100.0MB, peak_rss=2506.3MB, cuda_alloc=351.3MB, cuda_reserved=28022.0MB, cuda_peak_alloc=3638.0MB, cuda_free=19945.8MB, cuda_total=48519.1MB
[2026-06-10 03:55:27] Epoch 21 train batch [1060/1875] loss=0.0846 avg_loss=0.1115. Resources: rss=2100.0MB, peak_rss=2506.3MB, cuda_alloc=351.3MB, cuda_reserved=36162.0MB, cuda_peak_alloc=3638.0MB, cuda_free=11805.8MB, cuda_total=48519.1MB
[2026-06-10 03:55:29] Epoch 21 train batch [1080/1875] loss=0.1144 avg_loss=0.1114. Resources: rss=2100.0MB, peak_rss=2506.3MB, cuda_alloc=351.3MB, cuda_reserved=36162.0MB, cuda_peak_alloc=3638.0MB, cuda_free=11805.8MB, cuda_total=48519.1MB
[2026-06-10 03:55:32] Epoch 21 train batch [1100/1875] loss=0.0672 avg_loss=0.1113. Resources: rss=2100.0MB, peak_rss=2506.3MB, cuda_alloc=351.3MB, cuda_reserved=36162.0MB, cuda_peak_alloc=3638.0MB, cuda_free=11805.8MB, cuda_total=48519.1MB
[2026-06-10 03:55:35] Epoch 21 train batch [1120/1875] loss=0.0605 avg_loss=0.1112. Resources: rss=2100.0MB, peak_rss=2506.3MB, cuda_alloc=351.3MB, cuda_reserved=36162.0MB, cuda_peak_alloc=3638.0MB, cuda_free=11805.8MB, cuda_total=48519.1MB
[2026-06-10 03:55:37] Epoch 21 train batch [1140/1875] loss=0.2171 avg_loss=0.1113. Resources: rss=2100.0MB, peak_rss=2506.3MB, cuda_alloc=351.3MB, cuda_reserved=36162.0MB, cuda_peak_alloc=3638.0MB, cuda_free=11805.8MB, cuda_total=48519.1MB
[2026-06-10 03:55:40] Epoch 21 train batch [1160/1875] loss=0.0873 avg_loss=0.1110. Resources: rss=2100.0MB, peak_rss=2506.3MB, cuda_alloc=351.3MB, cuda_reserved=36162.0MB, cuda_peak_alloc=3638.0MB, cuda_free=11805.8MB, cuda_total=48519.1MB
[2026-06-10 03:55:42] Epoch 21 train batch [1180/1875] loss=0.1195 avg_loss=0.1110. Resources: rss=2100.0MB, peak_rss=2506.3MB, cuda_alloc=351.3MB, cuda_reserved=36162.0MB, cuda_peak_alloc=3638.0MB, cuda_free=11805.8MB, cuda_total=48519.1MB
[2026-06-10 03:55:45] Epoch 21 train batch [1200/1875] loss=0.0579 avg_loss=0.1108. Resources: rss=2100.0MB, peak_rss=2506.3MB, cuda_alloc=351.3MB, cuda_reserved=36162.0MB, cuda_peak_alloc=3638.0MB, cuda_free=11805.8MB, cuda_total=48519.1MB
[2026-06-10 03:55:48] Epoch 21 train batch [1220/1875] loss=0.0788 avg_loss=0.1105. Resources: rss=2100.8MB, peak_rss=2506.3MB, cuda_alloc=351.3MB, cuda_reserved=36162.0MB, cuda_peak_alloc=3638.0MB, cuda_free=11805.8MB, cuda_total=48519.1MB
[2026-06-10 03:55:50] Epoch 21 train batch [1240/1875] loss=0.2011 avg_loss=0.1107. Resources: rss=2100.8MB, peak_rss=2506.3MB, cuda_alloc=351.3MB, cuda_reserved=36162.0MB, cuda_peak_alloc=3638.0MB, cuda_free=11805.8MB, cuda_total=48519.1MB
[2026-06-10 03:55:53] Epoch 21 train batch [1260/1875] loss=0.0567 avg_loss=0.1106. Resources: rss=2100.8MB, peak_rss=2506.3MB, cuda_alloc=351.3MB, cuda_reserved=36162.0MB, cuda_peak_alloc=3638.0MB, cuda_free=11805.8MB, cuda_total=48519.1MB
[2026-06-10 03:55:55] Epoch 21 train batch [1280/1875] loss=0.0637 avg_loss=0.1105. Resources: rss=2100.8MB, peak_rss=2506.3MB, cuda_alloc=351.3MB, cuda_reserved=36162.0MB, cuda_peak_alloc=3638.0MB, cuda_free=11805.8MB, cuda_total=48519.1MB
[2026-06-10 03:55:58] Epoch 21 train batch [1300/1875] loss=0.0634 avg_loss=0.1107. Resources: rss=2100.8MB, peak_rss=2506.3MB, cuda_alloc=351.3MB, cuda_reserved=36162.0MB, cuda_peak_alloc=3638.0MB, cuda_free=11805.8MB, cuda_total=48519.1MB
[2026-06-10 03:56:01] Epoch 21 train batch [1320/1875] loss=0.0589 avg_loss=0.1104. Resources: rss=2100.8MB, peak_rss=2506.3MB, cuda_alloc=351.3MB, cuda_reserved=36162.0MB, cuda_peak_alloc=3638.0MB, cuda_free=11805.8MB, cuda_total=48519.1MB
[2026-06-10 03:56:03] Epoch 21 train batch [1340/1875] loss=0.1728 avg_loss=0.1105. Resources: rss=2100.8MB, peak_rss=2506.3MB, cuda_alloc=351.3MB, cuda_reserved=36162.0MB, cuda_peak_alloc=3638.0MB, cuda_free=11805.8MB, cuda_total=48519.1MB
[2026-06-10 03:56:06] Epoch 21 train batch [1360/1875] loss=0.0780 avg_loss=0.1103. Resources: rss=2100.8MB, peak_rss=2506.3MB, cuda_alloc=351.3MB, cuda_reserved=36162.0MB, cuda_peak_alloc=3638.0MB, cuda_free=11805.8MB, cuda_total=48519.1MB
[2026-06-10 03:56:09] Epoch 21 train batch [1380/1875] loss=0.0873 avg_loss=0.1103. Resources: rss=2086.2MB, peak_rss=2506.3MB, cuda_alloc=351.3MB, cuda_reserved=36162.0MB, cuda_peak_alloc=3638.0MB, cuda_free=11805.8MB, cuda_total=48519.1MB
[2026-06-10 03:56:11] Epoch 21 train batch [1400/1875] loss=0.0366 avg_loss=0.1101. Resources: rss=2095.0MB, peak_rss=2506.3MB, cuda_alloc=351.3MB, cuda_reserved=36162.0MB, cuda_peak_alloc=3638.0MB, cuda_free=11805.8MB, cuda_total=48519.1MB
[2026-06-10 03:56:14] Epoch 21 train batch [1420/1875] loss=0.0781 avg_loss=0.1101. Resources: rss=2098.5MB, peak_rss=2506.3MB, cuda_alloc=351.3MB, cuda_reserved=36162.0MB, cuda_peak_alloc=3638.0MB, cuda_free=11805.8MB, cuda_total=48519.1MB
[2026-06-10 03:56:16] Epoch 21 train batch [1440/1875] loss=0.1249 avg_loss=0.1100. Resources: rss=2098.5MB, peak_rss=2506.3MB, cuda_alloc=351.3MB, cuda_reserved=36162.0MB, cuda_peak_alloc=3638.0MB, cuda_free=11805.8MB, cuda_total=48519.1MB
[2026-06-10 03:56:19] Epoch 21 train batch [1460/1875] loss=0.1628 avg_loss=0.1100. Resources: rss=2098.5MB, peak_rss=2506.3MB, cuda_alloc=351.3MB, cuda_reserved=36162.0MB, cuda_peak_alloc=3638.0MB, cuda_free=11805.8MB, cuda_total=48519.1MB
[2026-06-10 03:56:22] Epoch 21 train batch [1480/1875] loss=0.0449 avg_loss=0.1097. Resources: rss=2098.7MB, peak_rss=2506.3MB, cuda_alloc=351.3MB, cuda_reserved=36162.0MB, cuda_peak_alloc=3638.0MB, cuda_free=11805.8MB, cuda_total=48519.1MB
[2026-06-10 03:56:24] Epoch 21 train batch [1500/1875] loss=0.0893 avg_loss=0.1097. Resources: rss=2099.0MB, peak_rss=2506.3MB, cuda_alloc=351.3MB, cuda_reserved=36162.0MB, cuda_peak_alloc=3638.0MB, cuda_free=11805.8MB, cuda_total=48519.1MB
[2026-06-10 03:56:27] Epoch 21 train batch [1520/1875] loss=0.0572 avg_loss=0.1100. Resources: rss=2099.2MB, peak_rss=2506.3MB, cuda_alloc=351.3MB, cuda_reserved=39042.0MB, cuda_peak_alloc=3638.0MB, cuda_free=8925.8MB, cuda_total=48519.1MB
[2026-06-10 03:56:29] Epoch 21 train batch [1540/1875] loss=0.0644 avg_loss=0.1100. Resources: rss=2099.5MB, peak_rss=2506.3MB, cuda_alloc=351.3MB, cuda_reserved=39042.0MB, cuda_peak_alloc=3638.0MB, cuda_free=8925.8MB, cuda_total=48519.1MB
[2026-06-10 03:56:32] Epoch 21 train batch [1560/1875] loss=0.1028 avg_loss=0.1099. Resources: rss=2099.5MB, peak_rss=2506.3MB, cuda_alloc=351.3MB, cuda_reserved=39042.0MB, cuda_peak_alloc=3638.0MB, cuda_free=8925.8MB, cuda_total=48519.1MB
[2026-06-10 03:56:35] Epoch 21 train batch [1580/1875] loss=0.0604 avg_loss=0.1098. Resources: rss=2099.5MB, peak_rss=2506.3MB, cuda_alloc=351.3MB, cuda_reserved=39042.0MB, cuda_peak_alloc=3638.0MB, cuda_free=8925.8MB, cuda_total=48519.1MB
[2026-06-10 03:56:37] Epoch 21 train batch [1600/1875] loss=0.0710 avg_loss=0.1099. Resources: rss=2099.5MB, peak_rss=2506.3MB, cuda_alloc=351.3MB, cuda_reserved=39042.0MB, cuda_peak_alloc=3638.0MB, cuda_free=8925.8MB, cuda_total=48519.1MB
[2026-06-10 03:56:40] Epoch 21 train batch [1620/1875] loss=0.1104 avg_loss=0.1096. Resources: rss=2099.5MB, peak_rss=2506.3MB, cuda_alloc=351.3MB, cuda_reserved=39042.0MB, cuda_peak_alloc=3638.0MB, cuda_free=8925.8MB, cuda_total=48519.1MB
[2026-06-10 03:56:43] Epoch 21 train batch [1640/1875] loss=0.1898 avg_loss=0.1096. Resources: rss=2099.5MB, peak_rss=2506.3MB, cuda_alloc=351.3MB, cuda_reserved=39042.0MB, cuda_peak_alloc=3638.0MB, cuda_free=8925.8MB, cuda_total=48519.1MB
[2026-06-10 03:56:45] Epoch 21 train batch [1660/1875] loss=0.0859 avg_loss=0.1095. Resources: rss=2099.5MB, peak_rss=2506.3MB, cuda_alloc=351.3MB, cuda_reserved=39042.0MB, cuda_peak_alloc=3638.0MB, cuda_free=8925.8MB, cuda_total=48519.1MB
[2026-06-10 03:56:48] Epoch 21 train batch [1680/1875] loss=0.1554 avg_loss=0.1093. Resources: rss=2099.5MB, peak_rss=2506.3MB, cuda_alloc=351.3MB, cuda_reserved=39042.0MB, cuda_peak_alloc=3638.0MB, cuda_free=8925.8MB, cuda_total=48519.1MB
[2026-06-10 03:56:50] Epoch 21 train batch [1700/1875] loss=0.1128 avg_loss=0.1091. Resources: rss=2099.7MB, peak_rss=2506.3MB, cuda_alloc=351.3MB, cuda_reserved=39042.0MB, cuda_peak_alloc=3638.0MB, cuda_free=8925.8MB, cuda_total=48519.1MB
[2026-06-10 03:56:53] Epoch 21 train batch [1720/1875] loss=0.1425 avg_loss=0.1092. Resources: rss=2099.7MB, peak_rss=2506.3MB, cuda_alloc=351.3MB, cuda_reserved=39042.0MB, cuda_peak_alloc=3638.0MB, cuda_free=8925.8MB, cuda_total=48519.1MB
[2026-06-10 03:56:56] Epoch 21 train batch [1740/1875] loss=0.1089 avg_loss=0.1095. Resources: rss=2102.2MB, peak_rss=2506.3MB, cuda_alloc=351.3MB, cuda_reserved=39042.0MB, cuda_peak_alloc=3638.0MB, cuda_free=8925.8MB, cuda_total=48519.1MB
[2026-06-10 03:56:58] Epoch 21 train batch [1760/1875] loss=0.0603 avg_loss=0.1093. Resources: rss=2102.2MB, peak_rss=2506.3MB, cuda_alloc=351.3MB, cuda_reserved=39042.0MB, cuda_peak_alloc=3638.0MB, cuda_free=8925.8MB, cuda_total=48519.1MB
[2026-06-10 03:57:01] Epoch 21 train batch [1780/1875] loss=0.0755 avg_loss=0.1092. Resources: rss=2102.2MB, peak_rss=2506.3MB, cuda_alloc=351.3MB, cuda_reserved=39042.0MB, cuda_peak_alloc=3638.0MB, cuda_free=8925.8MB, cuda_total=48519.1MB
[2026-06-10 03:57:03] Epoch 21 train batch [1800/1875] loss=0.0819 avg_loss=0.1093. Resources: rss=2102.5MB, peak_rss=2506.3MB, cuda_alloc=351.3MB, cuda_reserved=39042.0MB, cuda_peak_alloc=3638.0MB, cuda_free=8925.8MB, cuda_total=48519.1MB
[2026-06-10 03:57:06] Epoch 21 train batch [1820/1875] loss=0.0947 avg_loss=0.1096. Resources: rss=2102.5MB, peak_rss=2506.3MB, cuda_alloc=351.3MB, cuda_reserved=39042.0MB, cuda_peak_alloc=3638.0MB, cuda_free=8925.8MB, cuda_total=48519.1MB
[2026-06-10 03:57:08] Epoch 21 train batch [1840/1875] loss=0.1309 avg_loss=0.1094. Resources: rss=2102.5MB, peak_rss=2506.3MB, cuda_alloc=351.3MB, cuda_reserved=39042.0MB, cuda_peak_alloc=3638.0MB, cuda_free=8925.8MB, cuda_total=48519.1MB
[2026-06-10 03:57:11] Epoch 21 train batch [1860/1875] loss=0.1901 avg_loss=0.1094. Resources: rss=2102.5MB, peak_rss=2506.3MB, cuda_alloc=351.3MB, cuda_reserved=39042.0MB, cuda_peak_alloc=3638.0MB, cuda_free=8925.8MB, cuda_total=48519.1MB
[2026-06-10 03:57:13] Epoch 21 train batch [1875/1875] loss=0.2482 avg_loss=0.1092. Resources: rss=2102.5MB, peak_rss=2506.3MB, cuda_alloc=351.3MB, cuda_reserved=39042.0MB, cuda_peak_alloc=3638.0MB, cuda_free=8925.8MB, cuda_total=48519.1MB
[2026-06-10 03:57:13] Epoch 21 training completed. Resources: rss=2102.5MB, peak_rss=2506.3MB, cuda_alloc=351.3MB, cuda_reserved=39042.0MB, cuda_peak_alloc=3638.0MB, cuda_free=8925.8MB, cuda_total=48519.1MB
[2026-06-10 03:57:14] Epoch 21 cache released before validation loss. Resources: rss=2040.1MB, peak_rss=2506.3MB, cuda_alloc=351.3MB, cuda_reserved=510.0MB, cuda_peak_alloc=351.3MB, cuda_free=47457.8MB, cuda_total=48519.1MB
[2026-06-10 03:57:35] Epoch 21 validation loss completed: 0.5309. Resources: rss=2097.7MB, peak_rss=2506.3MB, cuda_alloc=351.3MB, cuda_reserved=12200.0MB, cuda_peak_alloc=1426.1MB, cuda_free=35767.8MB, cuda_total=48519.1MB
[2026-06-10 03:57:35] Epoch 21 cache released before detection metrics. Resources: rss=2038.6MB, peak_rss=2506.3MB, cuda_alloc=351.3MB, cuda_reserved=510.0MB, cuda_peak_alloc=351.3MB, cuda_free=47457.8MB, cuda_total=48519.1MB
[2026-06-10 03:57:55] Epoch 21 prediction tensors moved to CPU. Computing metrics. Resources: rss=2038.1MB, peak_rss=2506.3MB, cuda_alloc=351.3MB, cuda_reserved=510.0MB, cuda_peak_alloc=351.3MB, cuda_free=47457.8MB, cuda_total=48519.1MB
[2026-06-10 03:57:55] Epoch 21 metrics computed (mAP@0.5 only). Saving artifacts. Resources: rss=2038.8MB, peak_rss=2506.3MB, cuda_alloc=351.3MB, cuda_reserved=510.0MB, cuda_peak_alloc=351.3MB, cuda_free=47457.8MB, cuda_total=48519.1MB
[2026-06-10 03:57:56] Epoch 21 did not improve mAP@0.5 enough. Early stopping counter: 2/10.
Epoch [21/30]
├── Train Loss : 0.1092
│   ├── loss_classifier  : 0.0545
│   ├── loss_box_reg     : 0.0548
│   ├── loss_objectness  : 0.0000
│   └── loss_rpn_box_reg : 0.0000
├── Val Loss   : 0.5309
├── mAP@0.5    : 0.7070
├── mAP@0.75   : n/a
├── mAP@0.5:0.95 : n/a
├── Precision  : 0.7235
├── Recall     : 0.7432
├── GT Boxes   : 2021
├── Predictions: 2076
├── Per-class AP
│   ├── person  : AP50=0.7209, AP75=n/a, AP50:95=n/a, P=0.7853, R=0.7561
│   ├── car     : AP50=0.6944, AP75=n/a, AP50:95=n/a, P=0.7331, R=0.7279
│   ├── dog     : AP50=0.8150, AP75=n/a, AP50:95=n/a, P=0.6325, R=0.8689
│   ├── cat     : AP50=0.8625, AP75=n/a, AP50:95=n/a, P=0.7979, R=0.8750
│   └── chair   : AP50=0.4423, AP75=n/a, AP50:95=n/a, P=0.5298, R=0.5355
├── LR         : 0.001000
└── Time       : 296.6s
[2026-06-10 03:57:56] Epoch [21/30] completed. Resources: rss=2037.9MB, peak_rss=2506.3MB, cuda_alloc=351.3MB, cuda_reserved=510.0MB, cuda_peak_alloc=351.3MB, cuda_free=47457.8MB, cuda_total=48519.1MB
[2026-06-10 03:57:56] Epoch [22/30] started. Resources: rss=2037.9MB, peak_rss=2506.3MB, cuda_alloc=351.3MB, cuda_reserved=510.0MB, cuda_peak_alloc=351.3MB, cuda_free=47457.8MB, cuda_total=48519.1MB
[2026-06-10 03:57:58] Epoch 22 train batch [20/1875] loss=0.0527 avg_loss=0.1116. Resources: rss=2088.9MB, peak_rss=2506.3MB, cuda_alloc=351.3MB, cuda_reserved=34462.0MB, cuda_peak_alloc=3637.5MB, cuda_free=13505.8MB, cuda_total=48519.1MB
[2026-06-10 03:58:02] Epoch 22 train batch [40/1875] loss=0.1099 avg_loss=0.0998. Resources: rss=2093.4MB, peak_rss=2506.3MB, cuda_alloc=351.3MB, cuda_reserved=7042.0MB, cuda_peak_alloc=3637.6MB, cuda_free=40925.8MB, cuda_total=48519.1MB
[2026-06-10 03:58:05] Epoch 22 train batch [60/1875] loss=0.0471 avg_loss=0.1027. Resources: rss=2094.7MB, peak_rss=2506.3MB, cuda_alloc=351.3MB, cuda_reserved=24182.0MB, cuda_peak_alloc=3637.6MB, cuda_free=23785.8MB, cuda_total=48519.1MB
[2026-06-10 03:58:07] Epoch 22 train batch [80/1875] loss=0.1038 avg_loss=0.1051. Resources: rss=2094.9MB, peak_rss=2506.3MB, cuda_alloc=351.3MB, cuda_reserved=27782.0MB, cuda_peak_alloc=3637.6MB, cuda_free=20185.8MB, cuda_total=48519.1MB
[2026-06-10 03:58:10] Epoch 22 train batch [100/1875] loss=0.0693 avg_loss=0.1058. Resources: rss=2097.4MB, peak_rss=2506.3MB, cuda_alloc=351.3MB, cuda_reserved=32582.0MB, cuda_peak_alloc=3637.6MB, cuda_free=15385.8MB, cuda_total=48519.1MB
[2026-06-10 03:58:12] Epoch 22 train batch [120/1875] loss=0.1533 avg_loss=0.1101. Resources: rss=2097.4MB, peak_rss=2506.3MB, cuda_alloc=351.3MB, cuda_reserved=32582.0MB, cuda_peak_alloc=3637.6MB, cuda_free=15385.8MB, cuda_total=48519.1MB
[2026-06-10 03:58:15] Epoch 22 train batch [140/1875] loss=0.1520 avg_loss=0.1109. Resources: rss=2097.4MB, peak_rss=2506.3MB, cuda_alloc=351.3MB, cuda_reserved=40702.0MB, cuda_peak_alloc=3637.9MB, cuda_free=7265.8MB, cuda_total=48519.1MB
[2026-06-10 03:58:18] Epoch 22 train batch [160/1875] loss=0.0520 avg_loss=0.1109. Resources: rss=2097.4MB, peak_rss=2506.3MB, cuda_alloc=351.3MB, cuda_reserved=40702.0MB, cuda_peak_alloc=3637.9MB, cuda_free=7265.8MB, cuda_total=48519.1MB
[2026-06-10 03:58:20] Epoch 22 train batch [180/1875] loss=0.2336 avg_loss=0.1097. Resources: rss=2097.4MB, peak_rss=2506.3MB, cuda_alloc=351.3MB, cuda_reserved=40702.0MB, cuda_peak_alloc=3637.9MB, cuda_free=7265.8MB, cuda_total=48519.1MB
[2026-06-10 03:58:23] Epoch 22 train batch [200/1875] loss=0.1284 avg_loss=0.1103. Resources: rss=2097.4MB, peak_rss=2506.3MB, cuda_alloc=351.3MB, cuda_reserved=40702.0MB, cuda_peak_alloc=3637.9MB, cuda_free=7265.8MB, cuda_total=48519.1MB
[2026-06-10 03:58:26] Epoch 22 train batch [220/1875] loss=0.0954 avg_loss=0.1100. Resources: rss=2097.4MB, peak_rss=2506.3MB, cuda_alloc=351.3MB, cuda_reserved=40702.0MB, cuda_peak_alloc=3637.9MB, cuda_free=7265.8MB, cuda_total=48519.1MB
[2026-06-10 03:58:28] Epoch 22 train batch [240/1875] loss=0.1125 avg_loss=0.1100. Resources: rss=2097.9MB, peak_rss=2506.3MB, cuda_alloc=351.3MB, cuda_reserved=40702.0MB, cuda_peak_alloc=3638.7MB, cuda_free=7265.8MB, cuda_total=48519.1MB
[2026-06-10 03:58:31] Epoch 22 train batch [260/1875] loss=0.1270 avg_loss=0.1097. Resources: rss=2098.7MB, peak_rss=2506.3MB, cuda_alloc=351.3MB, cuda_reserved=14222.0MB, cuda_peak_alloc=3638.7MB, cuda_free=33745.8MB, cuda_total=48519.1MB
[2026-06-10 03:58:35] Epoch 22 train batch [280/1875] loss=0.0692 avg_loss=0.1090. Resources: rss=2098.7MB, peak_rss=2506.3MB, cuda_alloc=351.3MB, cuda_reserved=15522.0MB, cuda_peak_alloc=3638.7MB, cuda_free=32445.8MB, cuda_total=48519.1MB
[2026-06-10 03:58:38] Epoch 22 train batch [300/1875] loss=0.2390 avg_loss=0.1083. Resources: rss=2099.4MB, peak_rss=2506.3MB, cuda_alloc=351.3MB, cuda_reserved=44642.0MB, cuda_peak_alloc=3638.7MB, cuda_free=3325.8MB, cuda_total=48519.1MB
[2026-06-10 03:58:41] Epoch 22 train batch [320/1875] loss=0.0821 avg_loss=0.1075. Resources: rss=2099.9MB, peak_rss=2506.3MB, cuda_alloc=351.3MB, cuda_reserved=26382.0MB, cuda_peak_alloc=3638.7MB, cuda_free=21585.8MB, cuda_total=48519.1MB
[2026-06-10 03:58:44] Epoch 22 train batch [340/1875] loss=0.0686 avg_loss=0.1070. Resources: rss=2099.9MB, peak_rss=2506.3MB, cuda_alloc=351.3MB, cuda_reserved=38942.0MB, cuda_peak_alloc=3638.7MB, cuda_free=9025.8MB, cuda_total=48519.1MB
[2026-06-10 03:58:48] Epoch 22 train batch [360/1875] loss=0.1474 avg_loss=0.1085. Resources: rss=2100.7MB, peak_rss=2506.3MB, cuda_alloc=351.3MB, cuda_reserved=22402.0MB, cuda_peak_alloc=3638.7MB, cuda_free=25565.8MB, cuda_total=48519.1MB
[2026-06-10 03:58:50] Epoch 22 train batch [380/1875] loss=0.0959 avg_loss=0.1083. Resources: rss=2089.3MB, peak_rss=2506.3MB, cuda_alloc=351.3MB, cuda_reserved=22402.0MB, cuda_peak_alloc=3638.7MB, cuda_free=25565.8MB, cuda_total=48519.1MB
[2026-06-10 03:58:53] Epoch 22 train batch [400/1875] loss=0.0875 avg_loss=0.1093. Resources: rss=2094.3MB, peak_rss=2506.3MB, cuda_alloc=351.3MB, cuda_reserved=22402.0MB, cuda_peak_alloc=3638.7MB, cuda_free=25565.8MB, cuda_total=48519.1MB
[2026-06-10 03:58:55] Epoch 22 train batch [420/1875] loss=0.0424 avg_loss=0.1089. Resources: rss=2094.6MB, peak_rss=2506.3MB, cuda_alloc=351.3MB, cuda_reserved=22402.0MB, cuda_peak_alloc=3638.7MB, cuda_free=25565.8MB, cuda_total=48519.1MB
[2026-06-10 03:58:58] Epoch 22 train batch [440/1875] loss=0.0468 avg_loss=0.1084. Resources: rss=2094.8MB, peak_rss=2506.3MB, cuda_alloc=351.3MB, cuda_reserved=22402.0MB, cuda_peak_alloc=3638.7MB, cuda_free=25565.8MB, cuda_total=48519.1MB
[2026-06-10 03:59:01] Epoch 22 train batch [460/1875] loss=0.1520 avg_loss=0.1080. Resources: rss=2095.1MB, peak_rss=2506.3MB, cuda_alloc=351.3MB, cuda_reserved=22404.0MB, cuda_peak_alloc=3638.7MB, cuda_free=25563.8MB, cuda_total=48519.1MB
[2026-06-10 03:59:03] Epoch 22 train batch [480/1875] loss=0.0414 avg_loss=0.1078. Resources: rss=2097.3MB, peak_rss=2506.3MB, cuda_alloc=351.3MB, cuda_reserved=22404.0MB, cuda_peak_alloc=3638.7MB, cuda_free=25563.8MB, cuda_total=48519.1MB
[2026-06-10 03:59:06] Epoch 22 train batch [500/1875] loss=0.0743 avg_loss=0.1072. Resources: rss=2097.6MB, peak_rss=2506.3MB, cuda_alloc=351.3MB, cuda_reserved=23384.0MB, cuda_peak_alloc=3638.7MB, cuda_free=24583.8MB, cuda_total=48519.1MB
[2026-06-10 03:59:09] Epoch 22 train batch [520/1875] loss=0.0858 avg_loss=0.1070. Resources: rss=2097.6MB, peak_rss=2506.3MB, cuda_alloc=351.3MB, cuda_reserved=23384.0MB, cuda_peak_alloc=3638.7MB, cuda_free=24583.8MB, cuda_total=48519.1MB
[2026-06-10 03:59:11] Epoch 22 train batch [540/1875] loss=0.0596 avg_loss=0.1064. Resources: rss=2097.8MB, peak_rss=2506.3MB, cuda_alloc=351.3MB, cuda_reserved=23384.0MB, cuda_peak_alloc=3638.7MB, cuda_free=24583.8MB, cuda_total=48519.1MB
[2026-06-10 03:59:14] Epoch 22 train batch [560/1875] loss=0.0482 avg_loss=0.1065. Resources: rss=2097.8MB, peak_rss=2506.3MB, cuda_alloc=351.3MB, cuda_reserved=24004.0MB, cuda_peak_alloc=3638.7MB, cuda_free=23963.8MB, cuda_total=48519.1MB
[2026-06-10 03:59:16] Epoch 22 train batch [580/1875] loss=0.1391 avg_loss=0.1066. Resources: rss=2100.1MB, peak_rss=2506.3MB, cuda_alloc=351.3MB, cuda_reserved=39264.0MB, cuda_peak_alloc=3638.7MB, cuda_free=8703.8MB, cuda_total=48519.1MB
[2026-06-10 03:59:19] Epoch 22 train batch [600/1875] loss=0.2025 avg_loss=0.1065. Resources: rss=2100.1MB, peak_rss=2506.3MB, cuda_alloc=351.3MB, cuda_reserved=39264.0MB, cuda_peak_alloc=3638.7MB, cuda_free=8703.8MB, cuda_total=48519.1MB
[2026-06-10 03:59:22] Epoch 22 train batch [620/1875] loss=0.0281 avg_loss=0.1067. Resources: rss=2100.3MB, peak_rss=2506.3MB, cuda_alloc=351.3MB, cuda_reserved=39264.0MB, cuda_peak_alloc=3638.7MB, cuda_free=8703.8MB, cuda_total=48519.1MB
[2026-06-10 03:59:24] Epoch 22 train batch [640/1875] loss=0.2156 avg_loss=0.1066. Resources: rss=2100.3MB, peak_rss=2506.3MB, cuda_alloc=351.3MB, cuda_reserved=39264.0MB, cuda_peak_alloc=3638.7MB, cuda_free=8703.8MB, cuda_total=48519.1MB
[2026-06-10 03:59:27] Epoch 22 train batch [660/1875] loss=0.1149 avg_loss=0.1061. Resources: rss=2100.3MB, peak_rss=2506.3MB, cuda_alloc=351.3MB, cuda_reserved=39264.0MB, cuda_peak_alloc=3638.7MB, cuda_free=8703.8MB, cuda_total=48519.1MB
[2026-06-10 03:59:30] Epoch 22 train batch [680/1875] loss=0.0379 avg_loss=0.1057. Resources: rss=2100.8MB, peak_rss=2506.3MB, cuda_alloc=351.3MB, cuda_reserved=39264.0MB, cuda_peak_alloc=3638.7MB, cuda_free=8703.8MB, cuda_total=48519.1MB
[2026-06-10 03:59:33] Epoch 22 train batch [700/1875] loss=0.0561 avg_loss=0.1056. Resources: rss=2101.8MB, peak_rss=2506.3MB, cuda_alloc=351.3MB, cuda_reserved=24902.0MB, cuda_peak_alloc=3638.7MB, cuda_free=23065.8MB, cuda_total=48519.1MB
[2026-06-10 03:59:36] Epoch 22 train batch [720/1875] loss=0.1218 avg_loss=0.1055. Resources: rss=2101.8MB, peak_rss=2506.3MB, cuda_alloc=351.3MB, cuda_reserved=24902.0MB, cuda_peak_alloc=3638.7MB, cuda_free=23065.8MB, cuda_total=48519.1MB
[2026-06-10 03:59:38] Epoch 22 train batch [740/1875] loss=0.0957 avg_loss=0.1056. Resources: rss=2101.8MB, peak_rss=2506.3MB, cuda_alloc=351.3MB, cuda_reserved=24902.0MB, cuda_peak_alloc=3638.7MB, cuda_free=23065.8MB, cuda_total=48519.1MB
[2026-06-10 03:59:41] Epoch 22 train batch [760/1875] loss=0.1203 avg_loss=0.1053. Resources: rss=2101.8MB, peak_rss=2506.3MB, cuda_alloc=351.3MB, cuda_reserved=30924.0MB, cuda_peak_alloc=3638.7MB, cuda_free=17043.8MB, cuda_total=48519.1MB
[2026-06-10 03:59:44] Epoch 22 train batch [780/1875] loss=0.0932 avg_loss=0.1051. Resources: rss=2101.8MB, peak_rss=2506.3MB, cuda_alloc=351.3MB, cuda_reserved=30924.0MB, cuda_peak_alloc=3638.7MB, cuda_free=17043.8MB, cuda_total=48519.1MB
[2026-06-10 03:59:46] Epoch 22 train batch [800/1875] loss=0.1265 avg_loss=0.1050. Resources: rss=2101.8MB, peak_rss=2506.3MB, cuda_alloc=351.3MB, cuda_reserved=30924.0MB, cuda_peak_alloc=3638.7MB, cuda_free=17043.8MB, cuda_total=48519.1MB
[2026-06-10 03:59:49] Epoch 22 train batch [820/1875] loss=0.1019 avg_loss=0.1048. Resources: rss=2101.8MB, peak_rss=2506.3MB, cuda_alloc=351.3MB, cuda_reserved=30924.0MB, cuda_peak_alloc=3638.7MB, cuda_free=17043.8MB, cuda_total=48519.1MB
[2026-06-10 03:59:51] Epoch 22 train batch [840/1875] loss=0.1256 avg_loss=0.1047. Resources: rss=2101.8MB, peak_rss=2506.3MB, cuda_alloc=351.3MB, cuda_reserved=30924.0MB, cuda_peak_alloc=3638.7MB, cuda_free=17043.8MB, cuda_total=48519.1MB
[2026-06-10 03:59:54] Epoch 22 train batch [860/1875] loss=0.1403 avg_loss=0.1048. Resources: rss=2101.8MB, peak_rss=2506.3MB, cuda_alloc=351.3MB, cuda_reserved=30924.0MB, cuda_peak_alloc=3638.7MB, cuda_free=17043.8MB, cuda_total=48519.1MB
[2026-06-10 03:59:57] Epoch 22 train batch [880/1875] loss=0.1050 avg_loss=0.1051. Resources: rss=2101.8MB, peak_rss=2506.3MB, cuda_alloc=351.3MB, cuda_reserved=30924.0MB, cuda_peak_alloc=3638.7MB, cuda_free=17043.8MB, cuda_total=48519.1MB
[2026-06-10 03:59:59] Epoch 22 train batch [900/1875] loss=0.1100 avg_loss=0.1051. Resources: rss=2101.8MB, peak_rss=2506.3MB, cuda_alloc=351.3MB, cuda_reserved=30924.0MB, cuda_peak_alloc=3638.7MB, cuda_free=17043.8MB, cuda_total=48519.1MB
[2026-06-10 04:00:02] Epoch 22 train batch [920/1875] loss=0.0656 avg_loss=0.1050. Resources: rss=2101.8MB, peak_rss=2506.3MB, cuda_alloc=351.3MB, cuda_reserved=30924.0MB, cuda_peak_alloc=3638.7MB, cuda_free=17043.8MB, cuda_total=48519.1MB
[2026-06-10 04:00:05] Epoch 22 train batch [940/1875] loss=0.1293 avg_loss=0.1051. Resources: rss=2101.8MB, peak_rss=2506.3MB, cuda_alloc=351.3MB, cuda_reserved=32424.0MB, cuda_peak_alloc=3638.7MB, cuda_free=15543.8MB, cuda_total=48519.1MB
[2026-06-10 04:00:07] Epoch 22 train batch [960/1875] loss=0.0522 avg_loss=0.1050. Resources: rss=2101.8MB, peak_rss=2506.3MB, cuda_alloc=351.3MB, cuda_reserved=32424.0MB, cuda_peak_alloc=3638.7MB, cuda_free=15543.8MB, cuda_total=48519.1MB
[2026-06-10 04:00:10] Epoch 22 train batch [980/1875] loss=0.0759 avg_loss=0.1047. Resources: rss=2047.2MB, peak_rss=2506.3MB, cuda_alloc=351.3MB, cuda_reserved=32424.0MB, cuda_peak_alloc=3638.7MB, cuda_free=15543.8MB, cuda_total=48519.1MB
[2026-06-10 04:00:12] Epoch 22 train batch [1000/1875] loss=0.1434 avg_loss=0.1051. Resources: rss=2088.0MB, peak_rss=2506.3MB, cuda_alloc=351.3MB, cuda_reserved=32424.0MB, cuda_peak_alloc=3638.7MB, cuda_free=15543.8MB, cuda_total=48519.1MB
[2026-06-10 04:00:15] Epoch 22 train batch [1020/1875] loss=0.0999 avg_loss=0.1053. Resources: rss=2093.0MB, peak_rss=2506.3MB, cuda_alloc=351.3MB, cuda_reserved=34124.0MB, cuda_peak_alloc=3638.7MB, cuda_free=13843.8MB, cuda_total=48519.1MB
[2026-06-10 04:00:17] Epoch 22 train batch [1040/1875] loss=0.0806 avg_loss=0.1051. Resources: rss=2095.7MB, peak_rss=2506.3MB, cuda_alloc=351.3MB, cuda_reserved=42824.0MB, cuda_peak_alloc=3638.7MB, cuda_free=5143.8MB, cuda_total=48519.1MB
[2026-06-10 04:00:21] Epoch 22 train batch [1060/1875] loss=0.1452 avg_loss=0.1048. Resources: rss=2096.5MB, peak_rss=2506.3MB, cuda_alloc=351.3MB, cuda_reserved=34182.0MB, cuda_peak_alloc=3638.7MB, cuda_free=13785.8MB, cuda_total=48519.1MB
[2026-06-10 04:00:24] Epoch 22 train batch [1080/1875] loss=0.0370 avg_loss=0.1048. Resources: rss=2099.2MB, peak_rss=2506.3MB, cuda_alloc=351.3MB, cuda_reserved=19682.0MB, cuda_peak_alloc=3638.7MB, cuda_free=28285.8MB, cuda_total=48519.1MB
[2026-06-10 04:00:27] Epoch 22 train batch [1100/1875] loss=0.0915 avg_loss=0.1049. Resources: rss=2099.2MB, peak_rss=2506.3MB, cuda_alloc=351.3MB, cuda_reserved=32902.0MB, cuda_peak_alloc=3638.7MB, cuda_free=15065.8MB, cuda_total=48519.1MB
[2026-06-10 04:00:29] Epoch 22 train batch [1120/1875] loss=0.1484 avg_loss=0.1048. Resources: rss=2099.2MB, peak_rss=2506.3MB, cuda_alloc=351.3MB, cuda_reserved=32902.0MB, cuda_peak_alloc=3638.7MB, cuda_free=15065.8MB, cuda_total=48519.1MB
[2026-06-10 04:00:32] Epoch 22 train batch [1140/1875] loss=0.1507 avg_loss=0.1049. Resources: rss=2099.2MB, peak_rss=2506.3MB, cuda_alloc=351.3MB, cuda_reserved=32902.0MB, cuda_peak_alloc=3638.7MB, cuda_free=15065.8MB, cuda_total=48519.1MB
[2026-06-10 04:00:35] Epoch 22 train batch [1160/1875] loss=0.1037 avg_loss=0.1047. Resources: rss=2099.5MB, peak_rss=2506.3MB, cuda_alloc=351.3MB, cuda_reserved=32902.0MB, cuda_peak_alloc=3638.7MB, cuda_free=15065.8MB, cuda_total=48519.1MB
[2026-06-10 04:00:37] Epoch 22 train batch [1180/1875] loss=0.0548 avg_loss=0.1048. Resources: rss=2099.7MB, peak_rss=2506.3MB, cuda_alloc=351.3MB, cuda_reserved=32902.0MB, cuda_peak_alloc=3638.7MB, cuda_free=15065.8MB, cuda_total=48519.1MB
[2026-06-10 04:00:40] Epoch 22 train batch [1200/1875] loss=0.1909 avg_loss=0.1050. Resources: rss=2099.7MB, peak_rss=2506.3MB, cuda_alloc=351.3MB, cuda_reserved=32902.0MB, cuda_peak_alloc=3638.7MB, cuda_free=15065.8MB, cuda_total=48519.1MB
[2026-06-10 04:00:43] Epoch 22 train batch [1220/1875] loss=0.2039 avg_loss=0.1050. Resources: rss=2099.7MB, peak_rss=2506.3MB, cuda_alloc=351.3MB, cuda_reserved=35042.0MB, cuda_peak_alloc=3638.7MB, cuda_free=12925.8MB, cuda_total=48519.1MB
[2026-06-10 04:00:45] Epoch 22 train batch [1240/1875] loss=0.0695 avg_loss=0.1046. Resources: rss=2100.0MB, peak_rss=2506.3MB, cuda_alloc=351.3MB, cuda_reserved=35042.0MB, cuda_peak_alloc=3638.7MB, cuda_free=12925.8MB, cuda_total=48519.1MB
[2026-06-10 04:00:48] Epoch 22 train batch [1260/1875] loss=0.2264 avg_loss=0.1048. Resources: rss=2100.0MB, peak_rss=2506.3MB, cuda_alloc=351.3MB, cuda_reserved=35042.0MB, cuda_peak_alloc=3638.7MB, cuda_free=12925.8MB, cuda_total=48519.1MB
[2026-06-10 04:00:51] Epoch 22 train batch [1280/1875] loss=0.0631 avg_loss=0.1046. Resources: rss=2100.0MB, peak_rss=2506.3MB, cuda_alloc=351.3MB, cuda_reserved=35042.0MB, cuda_peak_alloc=3638.7MB, cuda_free=12925.8MB, cuda_total=48519.1MB
[2026-06-10 04:00:53] Epoch 22 train batch [1300/1875] loss=0.0620 avg_loss=0.1046. Resources: rss=2100.0MB, peak_rss=2506.3MB, cuda_alloc=351.3MB, cuda_reserved=35042.0MB, cuda_peak_alloc=3638.7MB, cuda_free=12925.8MB, cuda_total=48519.1MB
[2026-06-10 04:00:56] Epoch 22 train batch [1320/1875] loss=0.0961 avg_loss=0.1045. Resources: rss=2100.0MB, peak_rss=2506.3MB, cuda_alloc=351.3MB, cuda_reserved=35042.0MB, cuda_peak_alloc=3638.7MB, cuda_free=12925.8MB, cuda_total=48519.1MB
[2026-06-10 04:00:58] Epoch 22 train batch [1340/1875] loss=0.2226 avg_loss=0.1043. Resources: rss=2100.0MB, peak_rss=2506.3MB, cuda_alloc=351.3MB, cuda_reserved=35042.0MB, cuda_peak_alloc=3638.7MB, cuda_free=12925.8MB, cuda_total=48519.1MB
[2026-06-10 04:01:01] Epoch 22 train batch [1360/1875] loss=0.0463 avg_loss=0.1041. Resources: rss=2100.0MB, peak_rss=2506.3MB, cuda_alloc=351.3MB, cuda_reserved=35062.0MB, cuda_peak_alloc=3638.7MB, cuda_free=12905.8MB, cuda_total=48519.1MB
[2026-06-10 04:01:04] Epoch 22 train batch [1380/1875] loss=0.0572 avg_loss=0.1040. Resources: rss=2100.0MB, peak_rss=2506.3MB, cuda_alloc=351.3MB, cuda_reserved=35062.0MB, cuda_peak_alloc=3638.7MB, cuda_free=12905.8MB, cuda_total=48519.1MB
[2026-06-10 04:01:06] Epoch 22 train batch [1400/1875] loss=0.2150 avg_loss=0.1041. Resources: rss=2100.5MB, peak_rss=2506.3MB, cuda_alloc=351.3MB, cuda_reserved=38984.0MB, cuda_peak_alloc=3638.7MB, cuda_free=8983.8MB, cuda_total=48519.1MB
[2026-06-10 04:01:09] Epoch 22 train batch [1420/1875] loss=0.0682 avg_loss=0.1041. Resources: rss=2100.5MB, peak_rss=2506.3MB, cuda_alloc=351.3MB, cuda_reserved=46304.0MB, cuda_peak_alloc=3638.7MB, cuda_free=1663.8MB, cuda_total=48519.1MB
[2026-06-10 04:01:11] Epoch 22 train batch [1440/1875] loss=0.0660 avg_loss=0.1039. Resources: rss=2100.5MB, peak_rss=2506.3MB, cuda_alloc=351.3MB, cuda_reserved=46304.0MB, cuda_peak_alloc=3638.7MB, cuda_free=1663.8MB, cuda_total=48519.1MB
[2026-06-10 04:01:14] Epoch 22 train batch [1460/1875] loss=0.0791 avg_loss=0.1041. Resources: rss=2100.5MB, peak_rss=2506.3MB, cuda_alloc=351.3MB, cuda_reserved=46304.0MB, cuda_peak_alloc=3638.7MB, cuda_free=1663.8MB, cuda_total=48519.1MB
[2026-06-10 04:01:17] Epoch 22 train batch [1480/1875] loss=0.1499 avg_loss=0.1039. Resources: rss=2095.3MB, peak_rss=2506.3MB, cuda_alloc=351.3MB, cuda_reserved=46304.0MB, cuda_peak_alloc=3638.7MB, cuda_free=1663.8MB, cuda_total=48519.1MB
[2026-06-10 04:01:19] Epoch 22 train batch [1500/1875] loss=0.1406 avg_loss=0.1038. Resources: rss=2099.8MB, peak_rss=2506.3MB, cuda_alloc=351.3MB, cuda_reserved=46304.0MB, cuda_peak_alloc=3638.7MB, cuda_free=1663.8MB, cuda_total=48519.1MB
[2026-06-10 04:01:22] Epoch 22 train batch [1520/1875] loss=0.0931 avg_loss=0.1038. Resources: rss=2099.8MB, peak_rss=2506.3MB, cuda_alloc=351.3MB, cuda_reserved=46304.0MB, cuda_peak_alloc=3638.7MB, cuda_free=1663.8MB, cuda_total=48519.1MB
[2026-06-10 04:01:24] Epoch 22 train batch [1540/1875] loss=0.0629 avg_loss=0.1038. Resources: rss=2099.8MB, peak_rss=2506.3MB, cuda_alloc=351.3MB, cuda_reserved=46304.0MB, cuda_peak_alloc=3638.7MB, cuda_free=1663.8MB, cuda_total=48519.1MB
[2026-06-10 04:01:27] Epoch 22 train batch [1560/1875] loss=0.1427 avg_loss=0.1038. Resources: rss=2099.8MB, peak_rss=2506.3MB, cuda_alloc=351.3MB, cuda_reserved=46304.0MB, cuda_peak_alloc=3638.7MB, cuda_free=1663.8MB, cuda_total=48519.1MB
[2026-06-10 04:01:29] Epoch 22 train batch [1580/1875] loss=0.2093 avg_loss=0.1036. Resources: rss=2099.8MB, peak_rss=2506.3MB, cuda_alloc=351.3MB, cuda_reserved=46304.0MB, cuda_peak_alloc=3638.7MB, cuda_free=1663.8MB, cuda_total=48519.1MB
[2026-06-10 04:01:32] Epoch 22 train batch [1600/1875] loss=0.0725 avg_loss=0.1036. Resources: rss=2082.6MB, peak_rss=2506.3MB, cuda_alloc=351.3MB, cuda_reserved=46304.0MB, cuda_peak_alloc=3638.7MB, cuda_free=1663.8MB, cuda_total=48519.1MB
[2026-06-10 04:01:35] Epoch 22 train batch [1620/1875] loss=0.0913 avg_loss=0.1035. Resources: rss=2099.6MB, peak_rss=2506.3MB, cuda_alloc=351.3MB, cuda_reserved=46304.0MB, cuda_peak_alloc=3638.7MB, cuda_free=1663.8MB, cuda_total=48519.1MB
[2026-06-10 04:01:37] Epoch 22 train batch [1640/1875] loss=0.0491 avg_loss=0.1035. Resources: rss=2099.6MB, peak_rss=2506.3MB, cuda_alloc=351.3MB, cuda_reserved=46304.0MB, cuda_peak_alloc=3638.7MB, cuda_free=1663.8MB, cuda_total=48519.1MB
[2026-06-10 04:01:40] Epoch 22 train batch [1660/1875] loss=0.0718 avg_loss=0.1033. Resources: rss=2100.1MB, peak_rss=2506.3MB, cuda_alloc=351.3MB, cuda_reserved=46304.0MB, cuda_peak_alloc=3638.7MB, cuda_free=1663.8MB, cuda_total=48519.1MB
[2026-06-10 04:01:42] Epoch 22 train batch [1680/1875] loss=0.1799 avg_loss=0.1032. Resources: rss=2100.1MB, peak_rss=2506.3MB, cuda_alloc=351.3MB, cuda_reserved=46304.0MB, cuda_peak_alloc=3638.7MB, cuda_free=1663.8MB, cuda_total=48519.1MB
[2026-06-10 04:01:45] Epoch 22 train batch [1700/1875] loss=0.1213 avg_loss=0.1032. Resources: rss=2101.4MB, peak_rss=2506.3MB, cuda_alloc=351.3MB, cuda_reserved=46304.0MB, cuda_peak_alloc=3638.7MB, cuda_free=1663.8MB, cuda_total=48519.1MB
[2026-06-10 04:01:48] Epoch 22 train batch [1720/1875] loss=0.0613 avg_loss=0.1030. Resources: rss=2101.4MB, peak_rss=2506.3MB, cuda_alloc=351.3MB, cuda_reserved=46304.0MB, cuda_peak_alloc=3638.7MB, cuda_free=1663.8MB, cuda_total=48519.1MB
[2026-06-10 04:01:50] Epoch 22 train batch [1740/1875] loss=0.0757 avg_loss=0.1031. Resources: rss=2101.4MB, peak_rss=2506.3MB, cuda_alloc=351.3MB, cuda_reserved=46304.0MB, cuda_peak_alloc=3638.7MB, cuda_free=1663.8MB, cuda_total=48519.1MB
[2026-06-10 04:01:53] Epoch 22 train batch [1760/1875] loss=0.0788 avg_loss=0.1032. Resources: rss=2101.4MB, peak_rss=2506.3MB, cuda_alloc=351.3MB, cuda_reserved=46304.0MB, cuda_peak_alloc=3638.7MB, cuda_free=1663.8MB, cuda_total=48519.1MB
[2026-06-10 04:01:55] Epoch 22 train batch [1780/1875] loss=0.1086 avg_loss=0.1031. Resources: rss=2101.4MB, peak_rss=2506.3MB, cuda_alloc=351.3MB, cuda_reserved=46304.0MB, cuda_peak_alloc=3638.7MB, cuda_free=1663.8MB, cuda_total=48519.1MB
[2026-06-10 04:01:58] Epoch 22 train batch [1800/1875] loss=0.0937 avg_loss=0.1030. Resources: rss=2101.4MB, peak_rss=2506.3MB, cuda_alloc=351.3MB, cuda_reserved=46304.0MB, cuda_peak_alloc=3638.7MB, cuda_free=1663.8MB, cuda_total=48519.1MB
[2026-06-10 04:02:01] Epoch 22 train batch [1820/1875] loss=0.1273 avg_loss=0.1029. Resources: rss=2101.4MB, peak_rss=2506.3MB, cuda_alloc=351.3MB, cuda_reserved=46304.0MB, cuda_peak_alloc=3638.7MB, cuda_free=1663.8MB, cuda_total=48519.1MB
[2026-06-10 04:02:03] Epoch 22 train batch [1840/1875] loss=0.0706 avg_loss=0.1030. Resources: rss=2101.4MB, peak_rss=2506.3MB, cuda_alloc=351.3MB, cuda_reserved=46304.0MB, cuda_peak_alloc=3638.7MB, cuda_free=1663.8MB, cuda_total=48519.1MB
[2026-06-10 04:02:06] Epoch 22 train batch [1860/1875] loss=0.0890 avg_loss=0.1029. Resources: rss=2101.4MB, peak_rss=2506.3MB, cuda_alloc=351.3MB, cuda_reserved=46304.0MB, cuda_peak_alloc=3638.7MB, cuda_free=1663.8MB, cuda_total=48519.1MB
[2026-06-10 04:02:08] Epoch 22 train batch [1875/1875] loss=0.0950 avg_loss=0.1027. Resources: rss=2101.4MB, peak_rss=2506.3MB, cuda_alloc=351.3MB, cuda_reserved=46304.0MB, cuda_peak_alloc=3638.7MB, cuda_free=1663.8MB, cuda_total=48519.1MB
[2026-06-10 04:02:08] Epoch 22 training completed. Resources: rss=2101.4MB, peak_rss=2506.3MB, cuda_alloc=351.3MB, cuda_reserved=46304.0MB, cuda_peak_alloc=3638.7MB, cuda_free=1663.8MB, cuda_total=48519.1MB
[2026-06-10 04:02:09] Epoch 22 cache released before validation loss. Resources: rss=2041.6MB, peak_rss=2506.3MB, cuda_alloc=351.3MB, cuda_reserved=470.0MB, cuda_peak_alloc=351.3MB, cuda_free=47497.8MB, cuda_total=48519.1MB
[2026-06-10 04:02:30] Epoch 22 validation loss completed: 0.5293. Resources: rss=2096.6MB, peak_rss=2506.3MB, cuda_alloc=351.3MB, cuda_reserved=8020.0MB, cuda_peak_alloc=1426.1MB, cuda_free=39947.8MB, cuda_total=48519.1MB
[2026-06-10 04:02:30] Epoch 22 cache released before detection metrics. Resources: rss=2038.4MB, peak_rss=2506.3MB, cuda_alloc=351.3MB, cuda_reserved=470.0MB, cuda_peak_alloc=351.3MB, cuda_free=47497.8MB, cuda_total=48519.1MB
[2026-06-10 04:02:50] Epoch 22 prediction tensors moved to CPU. Computing metrics. Resources: rss=2037.8MB, peak_rss=2506.3MB, cuda_alloc=351.3MB, cuda_reserved=470.0MB, cuda_peak_alloc=351.3MB, cuda_free=47497.8MB, cuda_total=48519.1MB
[2026-06-10 04:02:50] Epoch 22 metrics computed (mAP@0.5 only). Saving artifacts. Resources: rss=2038.8MB, peak_rss=2506.3MB, cuda_alloc=351.3MB, cuda_reserved=470.0MB, cuda_peak_alloc=351.3MB, cuda_free=47497.8MB, cuda_total=48519.1MB
[2026-06-10 04:02:51] Epoch 22 did not improve mAP@0.5 enough. Early stopping counter: 3/10.
Epoch [22/30]
├── Train Loss : 0.1027
│   ├── loss_classifier  : 0.0504
│   ├── loss_box_reg     : 0.0523
│   ├── loss_objectness  : 0.0000
│   └── loss_rpn_box_reg : 0.0000
├── Val Loss   : 0.5293
├── mAP@0.5    : 0.6884
├── mAP@0.75   : n/a
├── mAP@0.5:0.95 : n/a
├── Precision  : 0.7587
├── Recall     : 0.7373
├── GT Boxes   : 2021
├── Predictions: 1964
├── Per-class AP
│   ├── person  : AP50=0.7548, AP75=n/a, AP50:95=n/a, P=0.7663, R=0.7877
│   ├── car     : AP50=0.6515, AP75=n/a, AP50:95=n/a, P=0.7628, R=0.6820
│   ├── dog     : AP50=0.7874, AP75=n/a, AP50:95=n/a, P=0.7566, R=0.8301
│   ├── cat     : AP50=0.8499, AP75=n/a, AP50:95=n/a, P=0.8352, R=0.8636
│   └── chair   : AP50=0.3982, AP75=n/a, AP50:95=n/a, P=0.6432, R=0.4539
├── LR         : 0.001000
└── Time       : 294.5s
[2026-06-10 04:02:51] Epoch [22/30] completed. Resources: rss=2037.8MB, peak_rss=2506.3MB, cuda_alloc=351.3MB, cuda_reserved=470.0MB, cuda_peak_alloc=351.3MB, cuda_free=47497.8MB, cuda_total=48519.1MB
[2026-06-10 04:02:51] Epoch [23/30] started. Resources: rss=2037.8MB, peak_rss=2506.3MB, cuda_alloc=351.3MB, cuda_reserved=470.0MB, cuda_peak_alloc=351.3MB, cuda_free=47497.8MB, cuda_total=48519.1MB
[2026-06-10 04:02:53] Epoch 23 train batch [20/1875] loss=0.0740 avg_loss=0.1019. Resources: rss=2086.8MB, peak_rss=2506.3MB, cuda_alloc=351.3MB, cuda_reserved=25802.0MB, cuda_peak_alloc=3637.5MB, cuda_free=22165.8MB, cuda_total=48519.1MB
[2026-06-10 04:02:56] Epoch 23 train batch [40/1875] loss=0.0493 avg_loss=0.0935. Resources: rss=2094.1MB, peak_rss=2506.3MB, cuda_alloc=351.3MB, cuda_reserved=41184.0MB, cuda_peak_alloc=3637.5MB, cuda_free=6783.8MB, cuda_total=48519.1MB
[2026-06-10 04:02:59] Epoch 23 train batch [60/1875] loss=0.1559 avg_loss=0.0976. Resources: rss=2096.6MB, peak_rss=2506.3MB, cuda_alloc=351.3MB, cuda_reserved=20102.0MB, cuda_peak_alloc=3637.5MB, cuda_free=27865.8MB, cuda_total=48519.1MB
[2026-06-10 04:03:03] Epoch 23 train batch [80/1875] loss=0.1451 avg_loss=0.0984. Resources: rss=2096.6MB, peak_rss=2506.3MB, cuda_alloc=351.3MB, cuda_reserved=18162.0MB, cuda_peak_alloc=3637.6MB, cuda_free=29805.8MB, cuda_total=48519.1MB
[2026-06-10 04:03:06] Epoch 23 train batch [100/1875] loss=0.1563 avg_loss=0.0988. Resources: rss=2096.8MB, peak_rss=2506.3MB, cuda_alloc=351.3MB, cuda_reserved=7742.0MB, cuda_peak_alloc=3637.6MB, cuda_free=40225.8MB, cuda_total=48519.1MB
[2026-06-10 04:03:10] Epoch 23 train batch [120/1875] loss=0.0807 avg_loss=0.0971. Resources: rss=2101.3MB, peak_rss=2506.3MB, cuda_alloc=351.3MB, cuda_reserved=6102.0MB, cuda_peak_alloc=3637.6MB, cuda_free=41865.8MB, cuda_total=48519.1MB
[2026-06-10 04:03:13] Epoch 23 train batch [140/1875] loss=0.0969 avg_loss=0.0979. Resources: rss=2101.3MB, peak_rss=2506.3MB, cuda_alloc=351.3MB, cuda_reserved=24822.0MB, cuda_peak_alloc=3637.6MB, cuda_free=23145.8MB, cuda_total=48519.1MB
[2026-06-10 04:03:15] Epoch 23 train batch [160/1875] loss=0.0505 avg_loss=0.0980. Resources: rss=2102.1MB, peak_rss=2506.3MB, cuda_alloc=351.3MB, cuda_reserved=28162.0MB, cuda_peak_alloc=3637.6MB, cuda_free=19805.8MB, cuda_total=48519.1MB
[2026-06-10 04:03:18] Epoch 23 train batch [180/1875] loss=0.1366 avg_loss=0.0992. Resources: rss=2102.1MB, peak_rss=2506.3MB, cuda_alloc=351.3MB, cuda_reserved=28162.0MB, cuda_peak_alloc=3637.6MB, cuda_free=19805.8MB, cuda_total=48519.1MB
[2026-06-10 04:03:20] Epoch 23 train batch [200/1875] loss=0.0721 avg_loss=0.0983. Resources: rss=2102.1MB, peak_rss=2506.3MB, cuda_alloc=351.3MB, cuda_reserved=28164.0MB, cuda_peak_alloc=3637.6MB, cuda_free=19803.8MB, cuda_total=48519.1MB
[2026-06-10 04:03:23] Epoch 23 train batch [220/1875] loss=0.2609 avg_loss=0.0997. Resources: rss=2102.1MB, peak_rss=2506.3MB, cuda_alloc=351.3MB, cuda_reserved=38824.0MB, cuda_peak_alloc=3637.6MB, cuda_free=9143.8MB, cuda_total=48519.1MB
[2026-06-10 04:03:25] Epoch 23 train batch [240/1875] loss=0.1013 avg_loss=0.0997. Resources: rss=2102.1MB, peak_rss=2506.3MB, cuda_alloc=351.3MB, cuda_reserved=38824.0MB, cuda_peak_alloc=3637.6MB, cuda_free=9143.8MB, cuda_total=48519.1MB
[2026-06-10 04:03:28] Epoch 23 train batch [260/1875] loss=0.0838 avg_loss=0.0993. Resources: rss=2102.1MB, peak_rss=2506.3MB, cuda_alloc=351.3MB, cuda_reserved=38824.0MB, cuda_peak_alloc=3637.6MB, cuda_free=9143.8MB, cuda_total=48519.1MB
[2026-06-10 04:03:30] Epoch 23 train batch [280/1875] loss=0.0490 avg_loss=0.0983. Resources: rss=2102.1MB, peak_rss=2506.3MB, cuda_alloc=351.3MB, cuda_reserved=38824.0MB, cuda_peak_alloc=3637.6MB, cuda_free=9143.8MB, cuda_total=48519.1MB
[2026-06-10 04:03:33] Epoch 23 train batch [300/1875] loss=0.0557 avg_loss=0.0981. Resources: rss=2102.1MB, peak_rss=2506.3MB, cuda_alloc=351.3MB, cuda_reserved=38824.0MB, cuda_peak_alloc=3637.6MB, cuda_free=9143.8MB, cuda_total=48519.1MB
[2026-06-10 04:03:37] Epoch 23 train batch [320/1875] loss=0.1389 avg_loss=0.0997. Resources: rss=2102.8MB, peak_rss=2506.3MB, cuda_alloc=351.3MB, cuda_reserved=26662.0MB, cuda_peak_alloc=3637.6MB, cuda_free=21305.8MB, cuda_total=48519.1MB
[2026-06-10 04:03:40] Epoch 23 train batch [340/1875] loss=0.1013 avg_loss=0.0994. Resources: rss=2103.6MB, peak_rss=2506.3MB, cuda_alloc=351.3MB, cuda_reserved=22382.0MB, cuda_peak_alloc=3637.6MB, cuda_free=25585.8MB, cuda_total=48519.1MB
[2026-06-10 04:03:43] Epoch 23 train batch [360/1875] loss=0.0391 avg_loss=0.0990. Resources: rss=2103.6MB, peak_rss=2506.3MB, cuda_alloc=351.3MB, cuda_reserved=19962.0MB, cuda_peak_alloc=3637.8MB, cuda_free=28005.8MB, cuda_total=48519.1MB
[2026-06-10 04:03:47] Epoch 23 train batch [380/1875] loss=0.0732 avg_loss=0.0985. Resources: rss=2103.6MB, peak_rss=2506.3MB, cuda_alloc=351.3MB, cuda_reserved=12822.0MB, cuda_peak_alloc=3637.8MB, cuda_free=35145.8MB, cuda_total=48519.1MB
[2026-06-10 04:03:51] Epoch 23 train batch [400/1875] loss=0.0906 avg_loss=0.0985. Resources: rss=2103.6MB, peak_rss=2506.3MB, cuda_alloc=351.3MB, cuda_reserved=10422.0MB, cuda_peak_alloc=3637.8MB, cuda_free=37545.8MB, cuda_total=48519.1MB
[2026-06-10 04:03:54] Epoch 23 train batch [420/1875] loss=0.0790 avg_loss=0.0994. Resources: rss=2103.6MB, peak_rss=2506.3MB, cuda_alloc=351.3MB, cuda_reserved=2962.0MB, cuda_peak_alloc=3637.8MB, cuda_free=45005.8MB, cuda_total=48519.1MB
[2026-06-10 04:03:56] Epoch 23 train batch [440/1875] loss=0.0340 avg_loss=0.0992. Resources: rss=2103.6MB, peak_rss=2506.3MB, cuda_alloc=351.3MB, cuda_reserved=26442.0MB, cuda_peak_alloc=3637.8MB, cuda_free=21525.8MB, cuda_total=48519.1MB
[2026-06-10 04:04:00] Epoch 23 train batch [460/1875] loss=0.1037 avg_loss=0.0992. Resources: rss=2088.6MB, peak_rss=2506.3MB, cuda_alloc=351.3MB, cuda_reserved=12522.0MB, cuda_peak_alloc=3637.8MB, cuda_free=35445.8MB, cuda_total=48519.1MB
[2026-06-10 04:04:03] Epoch 23 train batch [480/1875] loss=0.0469 avg_loss=0.0986. Resources: rss=2096.3MB, peak_rss=2506.3MB, cuda_alloc=351.3MB, cuda_reserved=18202.0MB, cuda_peak_alloc=3637.8MB, cuda_free=29765.8MB, cuda_total=48519.1MB
[2026-06-10 04:04:05] Epoch 23 train batch [500/1875] loss=0.1273 avg_loss=0.0987. Resources: rss=2096.3MB, peak_rss=2506.3MB, cuda_alloc=351.3MB, cuda_reserved=21382.0MB, cuda_peak_alloc=3637.8MB, cuda_free=26585.8MB, cuda_total=48519.1MB
[2026-06-10 04:04:08] Epoch 23 train batch [520/1875] loss=0.0274 avg_loss=0.0998. Resources: rss=2096.3MB, peak_rss=2506.3MB, cuda_alloc=351.3MB, cuda_reserved=21382.0MB, cuda_peak_alloc=3638.0MB, cuda_free=26585.8MB, cuda_total=48519.1MB
[2026-06-10 04:04:11] Epoch 23 train batch [540/1875] loss=0.1534 avg_loss=0.0997. Resources: rss=2096.3MB, peak_rss=2506.3MB, cuda_alloc=351.3MB, cuda_reserved=21402.0MB, cuda_peak_alloc=3638.0MB, cuda_free=26565.8MB, cuda_total=48519.1MB
[2026-06-10 04:04:13] Epoch 23 train batch [560/1875] loss=0.1211 avg_loss=0.0997. Resources: rss=2099.6MB, peak_rss=2506.3MB, cuda_alloc=351.3MB, cuda_reserved=36022.0MB, cuda_peak_alloc=3638.0MB, cuda_free=11945.8MB, cuda_total=48519.1MB
[2026-06-10 04:04:16] Epoch 23 train batch [580/1875] loss=0.0839 avg_loss=0.0995. Resources: rss=2099.6MB, peak_rss=2506.3MB, cuda_alloc=351.3MB, cuda_reserved=42002.0MB, cuda_peak_alloc=3638.0MB, cuda_free=5965.8MB, cuda_total=48519.1MB
[2026-06-10 04:04:19] Epoch 23 train batch [600/1875] loss=0.0573 avg_loss=0.0990. Resources: rss=2087.8MB, peak_rss=2506.3MB, cuda_alloc=351.3MB, cuda_reserved=42002.0MB, cuda_peak_alloc=3638.0MB, cuda_free=5965.8MB, cuda_total=48519.1MB
[2026-06-10 04:04:21] Epoch 23 train batch [620/1875] loss=0.1156 avg_loss=0.0990. Resources: rss=2094.8MB, peak_rss=2506.3MB, cuda_alloc=351.3MB, cuda_reserved=42002.0MB, cuda_peak_alloc=3638.0MB, cuda_free=5965.8MB, cuda_total=48519.1MB
[2026-06-10 04:04:24] Epoch 23 train batch [640/1875] loss=0.1625 avg_loss=0.0991. Resources: rss=2098.5MB, peak_rss=2506.3MB, cuda_alloc=351.3MB, cuda_reserved=42002.0MB, cuda_peak_alloc=3638.0MB, cuda_free=5965.8MB, cuda_total=48519.1MB
[2026-06-10 04:04:26] Epoch 23 train batch [660/1875] loss=0.0580 avg_loss=0.0986. Resources: rss=2098.5MB, peak_rss=2506.3MB, cuda_alloc=351.3MB, cuda_reserved=42002.0MB, cuda_peak_alloc=3638.0MB, cuda_free=5965.8MB, cuda_total=48519.1MB
[2026-06-10 04:04:29] Epoch 23 train batch [680/1875] loss=0.0951 avg_loss=0.0990. Resources: rss=2098.8MB, peak_rss=2506.3MB, cuda_alloc=351.3MB, cuda_reserved=42004.0MB, cuda_peak_alloc=3638.0MB, cuda_free=5963.8MB, cuda_total=48519.1MB
[2026-06-10 04:04:31] Epoch 23 train batch [700/1875] loss=0.0761 avg_loss=0.0991. Resources: rss=2098.8MB, peak_rss=2506.3MB, cuda_alloc=351.3MB, cuda_reserved=42004.0MB, cuda_peak_alloc=3638.0MB, cuda_free=5963.8MB, cuda_total=48519.1MB
[2026-06-10 04:04:34] Epoch 23 train batch [720/1875] loss=0.2439 avg_loss=0.0991. Resources: rss=2098.8MB, peak_rss=2506.3MB, cuda_alloc=351.3MB, cuda_reserved=42004.0MB, cuda_peak_alloc=3638.0MB, cuda_free=5963.8MB, cuda_total=48519.1MB
[2026-06-10 04:04:36] Epoch 23 train batch [740/1875] loss=0.0767 avg_loss=0.0991. Resources: rss=2098.8MB, peak_rss=2506.3MB, cuda_alloc=351.3MB, cuda_reserved=42004.0MB, cuda_peak_alloc=3638.0MB, cuda_free=5963.8MB, cuda_total=48519.1MB
[2026-06-10 04:04:39] Epoch 23 train batch [760/1875] loss=0.1138 avg_loss=0.0990. Resources: rss=2098.8MB, peak_rss=2506.3MB, cuda_alloc=351.3MB, cuda_reserved=42004.0MB, cuda_peak_alloc=3638.0MB, cuda_free=5963.8MB, cuda_total=48519.1MB
[2026-06-10 04:04:42] Epoch 23 train batch [780/1875] loss=0.0557 avg_loss=0.0989. Resources: rss=2098.8MB, peak_rss=2506.3MB, cuda_alloc=351.3MB, cuda_reserved=42004.0MB, cuda_peak_alloc=3638.0MB, cuda_free=5963.8MB, cuda_total=48519.1MB
[2026-06-10 04:04:45] Epoch 23 train batch [800/1875] loss=0.0911 avg_loss=0.0989. Resources: rss=2098.8MB, peak_rss=2506.3MB, cuda_alloc=351.3MB, cuda_reserved=42004.0MB, cuda_peak_alloc=3638.0MB, cuda_free=5963.8MB, cuda_total=48519.1MB
[2026-06-10 04:04:47] Epoch 23 train batch [820/1875] loss=0.1621 avg_loss=0.0986. Resources: rss=2098.8MB, peak_rss=2506.3MB, cuda_alloc=351.3MB, cuda_reserved=42004.0MB, cuda_peak_alloc=3638.0MB, cuda_free=5963.8MB, cuda_total=48519.1MB
[2026-06-10 04:04:50] Epoch 23 train batch [840/1875] loss=0.1117 avg_loss=0.0981. Resources: rss=2098.8MB, peak_rss=2506.3MB, cuda_alloc=351.3MB, cuda_reserved=42004.0MB, cuda_peak_alloc=3638.0MB, cuda_free=5963.8MB, cuda_total=48519.1MB
[2026-06-10 04:04:53] Epoch 23 train batch [860/1875] loss=0.1316 avg_loss=0.0982. Resources: rss=2098.8MB, peak_rss=2506.3MB, cuda_alloc=351.3MB, cuda_reserved=42004.0MB, cuda_peak_alloc=3638.0MB, cuda_free=5963.8MB, cuda_total=48519.1MB
[2026-06-10 04:04:55] Epoch 23 train batch [880/1875] loss=0.0862 avg_loss=0.0980. Resources: rss=2098.8MB, peak_rss=2506.3MB, cuda_alloc=351.3MB, cuda_reserved=42004.0MB, cuda_peak_alloc=3638.0MB, cuda_free=5963.8MB, cuda_total=48519.1MB
[2026-06-10 04:04:58] Epoch 23 train batch [900/1875] loss=0.0931 avg_loss=0.0977. Resources: rss=2098.8MB, peak_rss=2506.3MB, cuda_alloc=351.3MB, cuda_reserved=42004.0MB, cuda_peak_alloc=3638.0MB, cuda_free=5963.8MB, cuda_total=48519.1MB
[2026-06-10 04:05:00] Epoch 23 train batch [920/1875] loss=0.0919 avg_loss=0.0980. Resources: rss=2099.0MB, peak_rss=2506.3MB, cuda_alloc=351.3MB, cuda_reserved=42004.0MB, cuda_peak_alloc=3638.0MB, cuda_free=5963.8MB, cuda_total=48519.1MB
[2026-06-10 04:05:03] Epoch 23 train batch [940/1875] loss=0.0971 avg_loss=0.0982. Resources: rss=2099.0MB, peak_rss=2506.3MB, cuda_alloc=351.3MB, cuda_reserved=42004.0MB, cuda_peak_alloc=3638.0MB, cuda_free=5963.8MB, cuda_total=48519.1MB
[2026-06-10 04:05:06] Epoch 23 train batch [960/1875] loss=0.0954 avg_loss=0.0982. Resources: rss=2099.0MB, peak_rss=2506.3MB, cuda_alloc=351.3MB, cuda_reserved=42004.0MB, cuda_peak_alloc=3638.0MB, cuda_free=5963.8MB, cuda_total=48519.1MB
[2026-06-10 04:05:08] Epoch 23 train batch [980/1875] loss=0.0586 avg_loss=0.0981. Resources: rss=2099.0MB, peak_rss=2506.3MB, cuda_alloc=351.3MB, cuda_reserved=42004.0MB, cuda_peak_alloc=3638.0MB, cuda_free=5963.8MB, cuda_total=48519.1MB
[2026-06-10 04:05:11] Epoch 23 train batch [1000/1875] loss=0.1119 avg_loss=0.0985. Resources: rss=2099.0MB, peak_rss=2506.3MB, cuda_alloc=351.3MB, cuda_reserved=42004.0MB, cuda_peak_alloc=3638.0MB, cuda_free=5963.8MB, cuda_total=48519.1MB
[2026-06-10 04:05:13] Epoch 23 train batch [1020/1875] loss=0.0704 avg_loss=0.0985. Resources: rss=2099.0MB, peak_rss=2506.3MB, cuda_alloc=351.3MB, cuda_reserved=42004.0MB, cuda_peak_alloc=3638.0MB, cuda_free=5963.8MB, cuda_total=48519.1MB
[2026-06-10 04:05:16] Epoch 23 train batch [1040/1875] loss=0.0983 avg_loss=0.0984. Resources: rss=2099.0MB, peak_rss=2506.3MB, cuda_alloc=351.3MB, cuda_reserved=42004.0MB, cuda_peak_alloc=3638.2MB, cuda_free=5963.8MB, cuda_total=48519.1MB
[2026-06-10 04:05:19] Epoch 23 train batch [1060/1875] loss=0.1063 avg_loss=0.0989. Resources: rss=2099.0MB, peak_rss=2506.3MB, cuda_alloc=351.3MB, cuda_reserved=42004.0MB, cuda_peak_alloc=3638.2MB, cuda_free=5963.8MB, cuda_total=48519.1MB
[2026-06-10 04:05:21] Epoch 23 train batch [1080/1875] loss=0.1182 avg_loss=0.0989. Resources: rss=2099.0MB, peak_rss=2506.3MB, cuda_alloc=351.3MB, cuda_reserved=42004.0MB, cuda_peak_alloc=3638.2MB, cuda_free=5963.8MB, cuda_total=48519.1MB
[2026-06-10 04:05:24] Epoch 23 train batch [1100/1875] loss=0.1183 avg_loss=0.0991. Resources: rss=2099.0MB, peak_rss=2506.3MB, cuda_alloc=351.3MB, cuda_reserved=42004.0MB, cuda_peak_alloc=3638.2MB, cuda_free=5963.8MB, cuda_total=48519.1MB
[2026-06-10 04:05:26] Epoch 23 train batch [1120/1875] loss=0.0811 avg_loss=0.0991. Resources: rss=2099.0MB, peak_rss=2506.3MB, cuda_alloc=351.3MB, cuda_reserved=42004.0MB, cuda_peak_alloc=3638.2MB, cuda_free=5963.8MB, cuda_total=48519.1MB
[2026-06-10 04:05:29] Epoch 23 train batch [1140/1875] loss=0.1160 avg_loss=0.0991. Resources: rss=2099.0MB, peak_rss=2506.3MB, cuda_alloc=351.3MB, cuda_reserved=42004.0MB, cuda_peak_alloc=3638.2MB, cuda_free=5963.8MB, cuda_total=48519.1MB
[2026-06-10 04:05:32] Epoch 23 train batch [1160/1875] loss=0.0993 avg_loss=0.0992. Resources: rss=2099.0MB, peak_rss=2506.3MB, cuda_alloc=351.3MB, cuda_reserved=42004.0MB, cuda_peak_alloc=3638.2MB, cuda_free=5963.8MB, cuda_total=48519.1MB
[2026-06-10 04:05:34] Epoch 23 train batch [1180/1875] loss=0.1080 avg_loss=0.0990. Resources: rss=2099.0MB, peak_rss=2506.3MB, cuda_alloc=351.3MB, cuda_reserved=42004.0MB, cuda_peak_alloc=3638.2MB, cuda_free=5963.8MB, cuda_total=48519.1MB
[2026-06-10 04:05:37] Epoch 23 train batch [1200/1875] loss=0.0618 avg_loss=0.0985. Resources: rss=2099.0MB, peak_rss=2506.3MB, cuda_alloc=351.3MB, cuda_reserved=42004.0MB, cuda_peak_alloc=3638.2MB, cuda_free=5963.8MB, cuda_total=48519.1MB
[2026-06-10 04:05:39] Epoch 23 train batch [1220/1875] loss=0.0977 avg_loss=0.0983. Resources: rss=2090.8MB, peak_rss=2506.3MB, cuda_alloc=351.3MB, cuda_reserved=42004.0MB, cuda_peak_alloc=3638.2MB, cuda_free=5963.8MB, cuda_total=48519.1MB
[2026-06-10 04:05:42] Epoch 23 train batch [1240/1875] loss=0.0933 avg_loss=0.0983. Resources: rss=2094.1MB, peak_rss=2506.3MB, cuda_alloc=351.3MB, cuda_reserved=42004.0MB, cuda_peak_alloc=3638.2MB, cuda_free=5963.8MB, cuda_total=48519.1MB
[2026-06-10 04:05:44] Epoch 23 train batch [1260/1875] loss=0.0667 avg_loss=0.0984. Resources: rss=2098.3MB, peak_rss=2506.3MB, cuda_alloc=351.3MB, cuda_reserved=42004.0MB, cuda_peak_alloc=3638.2MB, cuda_free=5963.8MB, cuda_total=48519.1MB
[2026-06-10 04:05:47] Epoch 23 train batch [1280/1875] loss=0.0426 avg_loss=0.0985. Resources: rss=2098.6MB, peak_rss=2506.3MB, cuda_alloc=351.3MB, cuda_reserved=42004.0MB, cuda_peak_alloc=3638.2MB, cuda_free=5963.8MB, cuda_total=48519.1MB
[2026-06-10 04:05:50] Epoch 23 train batch [1300/1875] loss=0.0597 avg_loss=0.0986. Resources: rss=2098.6MB, peak_rss=2506.3MB, cuda_alloc=351.3MB, cuda_reserved=42004.0MB, cuda_peak_alloc=3638.2MB, cuda_free=5963.8MB, cuda_total=48519.1MB
[2026-06-10 04:05:52] Epoch 23 train batch [1320/1875] loss=0.2489 avg_loss=0.0988. Resources: rss=2098.6MB, peak_rss=2506.3MB, cuda_alloc=351.3MB, cuda_reserved=42004.0MB, cuda_peak_alloc=3638.2MB, cuda_free=5963.8MB, cuda_total=48519.1MB
[2026-06-10 04:05:55] Epoch 23 train batch [1340/1875] loss=0.0750 avg_loss=0.0985. Resources: rss=2100.6MB, peak_rss=2506.3MB, cuda_alloc=351.3MB, cuda_reserved=42004.0MB, cuda_peak_alloc=3638.2MB, cuda_free=5963.8MB, cuda_total=48519.1MB
[2026-06-10 04:05:58] Epoch 23 train batch [1360/1875] loss=0.0518 avg_loss=0.0989. Resources: rss=2100.6MB, peak_rss=2506.3MB, cuda_alloc=351.3MB, cuda_reserved=42004.0MB, cuda_peak_alloc=3638.2MB, cuda_free=5963.8MB, cuda_total=48519.1MB
[2026-06-10 04:06:00] Epoch 23 train batch [1380/1875] loss=0.0940 avg_loss=0.0990. Resources: rss=2100.6MB, peak_rss=2506.3MB, cuda_alloc=351.3MB, cuda_reserved=42004.0MB, cuda_peak_alloc=3638.2MB, cuda_free=5963.8MB, cuda_total=48519.1MB
[2026-06-10 04:06:03] Epoch 23 train batch [1400/1875] loss=0.1962 avg_loss=0.0991. Resources: rss=2100.6MB, peak_rss=2506.3MB, cuda_alloc=351.3MB, cuda_reserved=42004.0MB, cuda_peak_alloc=3638.2MB, cuda_free=5963.8MB, cuda_total=48519.1MB
[2026-06-10 04:06:05] Epoch 23 train batch [1420/1875] loss=0.0847 avg_loss=0.0992. Resources: rss=2100.6MB, peak_rss=2506.3MB, cuda_alloc=351.3MB, cuda_reserved=42004.0MB, cuda_peak_alloc=3638.2MB, cuda_free=5963.8MB, cuda_total=48519.1MB
[2026-06-10 04:06:08] Epoch 23 train batch [1440/1875] loss=0.0559 avg_loss=0.0992. Resources: rss=2100.6MB, peak_rss=2506.3MB, cuda_alloc=351.3MB, cuda_reserved=42004.0MB, cuda_peak_alloc=3638.2MB, cuda_free=5963.8MB, cuda_total=48519.1MB
[2026-06-10 04:06:11] Epoch 23 train batch [1460/1875] loss=0.0709 avg_loss=0.0991. Resources: rss=2100.6MB, peak_rss=2506.3MB, cuda_alloc=351.3MB, cuda_reserved=42004.0MB, cuda_peak_alloc=3638.2MB, cuda_free=5963.8MB, cuda_total=48519.1MB
[2026-06-10 04:06:13] Epoch 23 train batch [1480/1875] loss=0.0894 avg_loss=0.0990. Resources: rss=2100.6MB, peak_rss=2506.3MB, cuda_alloc=351.3MB, cuda_reserved=42004.0MB, cuda_peak_alloc=3638.2MB, cuda_free=5963.8MB, cuda_total=48519.1MB
[2026-06-10 04:06:16] Epoch 23 train batch [1500/1875] loss=0.0756 avg_loss=0.0992. Resources: rss=2100.6MB, peak_rss=2506.3MB, cuda_alloc=351.3MB, cuda_reserved=42004.0MB, cuda_peak_alloc=3638.2MB, cuda_free=5963.8MB, cuda_total=48519.1MB
[2026-06-10 04:06:18] Epoch 23 train batch [1520/1875] loss=0.0545 avg_loss=0.0992. Resources: rss=2100.6MB, peak_rss=2506.3MB, cuda_alloc=351.3MB, cuda_reserved=42004.0MB, cuda_peak_alloc=3638.2MB, cuda_free=5963.8MB, cuda_total=48519.1MB
[2026-06-10 04:06:21] Epoch 23 train batch [1540/1875] loss=0.1466 avg_loss=0.0993. Resources: rss=2100.6MB, peak_rss=2506.3MB, cuda_alloc=351.3MB, cuda_reserved=42004.0MB, cuda_peak_alloc=3638.2MB, cuda_free=5963.8MB, cuda_total=48519.1MB
[2026-06-10 04:06:24] Epoch 23 train batch [1560/1875] loss=0.0866 avg_loss=0.0995. Resources: rss=2100.6MB, peak_rss=2506.3MB, cuda_alloc=351.3MB, cuda_reserved=42004.0MB, cuda_peak_alloc=3638.2MB, cuda_free=5963.8MB, cuda_total=48519.1MB
[2026-06-10 04:06:26] Epoch 23 train batch [1580/1875] loss=0.0721 avg_loss=0.0996. Resources: rss=2100.6MB, peak_rss=2506.3MB, cuda_alloc=351.3MB, cuda_reserved=42004.0MB, cuda_peak_alloc=3638.2MB, cuda_free=5963.8MB, cuda_total=48519.1MB
[2026-06-10 04:06:29] Epoch 23 train batch [1600/1875] loss=0.0743 avg_loss=0.0997. Resources: rss=2100.6MB, peak_rss=2506.3MB, cuda_alloc=351.3MB, cuda_reserved=42004.0MB, cuda_peak_alloc=3638.2MB, cuda_free=5963.8MB, cuda_total=48519.1MB
[2026-06-10 04:06:31] Epoch 23 train batch [1620/1875] loss=0.0666 avg_loss=0.0998. Resources: rss=2100.6MB, peak_rss=2506.3MB, cuda_alloc=351.3MB, cuda_reserved=42004.0MB, cuda_peak_alloc=3638.2MB, cuda_free=5963.8MB, cuda_total=48519.1MB
[2026-06-10 04:06:34] Epoch 23 train batch [1640/1875] loss=0.1045 avg_loss=0.0998. Resources: rss=2100.6MB, peak_rss=2506.3MB, cuda_alloc=351.3MB, cuda_reserved=42004.0MB, cuda_peak_alloc=3638.2MB, cuda_free=5963.8MB, cuda_total=48519.1MB
[2026-06-10 04:06:36] Epoch 23 train batch [1660/1875] loss=0.0741 avg_loss=0.0997. Resources: rss=2100.6MB, peak_rss=2506.3MB, cuda_alloc=351.3MB, cuda_reserved=42004.0MB, cuda_peak_alloc=3638.2MB, cuda_free=5963.8MB, cuda_total=48519.1MB
[2026-06-10 04:06:39] Epoch 23 train batch [1680/1875] loss=0.0739 avg_loss=0.0999. Resources: rss=2100.6MB, peak_rss=2506.3MB, cuda_alloc=351.3MB, cuda_reserved=42004.0MB, cuda_peak_alloc=3638.2MB, cuda_free=5963.8MB, cuda_total=48519.1MB
[2026-06-10 04:06:41] Epoch 23 train batch [1700/1875] loss=0.0851 avg_loss=0.0998. Resources: rss=2100.6MB, peak_rss=2506.3MB, cuda_alloc=351.3MB, cuda_reserved=42004.0MB, cuda_peak_alloc=3638.2MB, cuda_free=5963.8MB, cuda_total=48519.1MB
[2026-06-10 04:06:44] Epoch 23 train batch [1720/1875] loss=0.0609 avg_loss=0.0998. Resources: rss=2100.6MB, peak_rss=2506.3MB, cuda_alloc=351.3MB, cuda_reserved=42004.0MB, cuda_peak_alloc=3638.2MB, cuda_free=5963.8MB, cuda_total=48519.1MB
[2026-06-10 04:06:47] Epoch 23 train batch [1740/1875] loss=0.0573 avg_loss=0.0998. Resources: rss=2100.6MB, peak_rss=2506.3MB, cuda_alloc=351.3MB, cuda_reserved=42004.0MB, cuda_peak_alloc=3638.2MB, cuda_free=5963.8MB, cuda_total=48519.1MB
[2026-06-10 04:06:49] Epoch 23 train batch [1760/1875] loss=0.0949 avg_loss=0.0997. Resources: rss=2100.6MB, peak_rss=2506.3MB, cuda_alloc=351.3MB, cuda_reserved=42004.0MB, cuda_peak_alloc=3638.2MB, cuda_free=5963.8MB, cuda_total=48519.1MB
[2026-06-10 04:06:52] Epoch 23 train batch [1780/1875] loss=0.0779 avg_loss=0.0994. Resources: rss=2100.6MB, peak_rss=2506.3MB, cuda_alloc=351.3MB, cuda_reserved=42004.0MB, cuda_peak_alloc=3638.2MB, cuda_free=5963.8MB, cuda_total=48519.1MB
[2026-06-10 04:06:54] Epoch 23 train batch [1800/1875] loss=0.0397 avg_loss=0.0994. Resources: rss=2100.6MB, peak_rss=2506.3MB, cuda_alloc=351.3MB, cuda_reserved=42004.0MB, cuda_peak_alloc=3638.2MB, cuda_free=5963.8MB, cuda_total=48519.1MB
[2026-06-10 04:06:57] Epoch 23 train batch [1820/1875] loss=0.0824 avg_loss=0.0993. Resources: rss=2100.6MB, peak_rss=2506.3MB, cuda_alloc=351.3MB, cuda_reserved=42004.0MB, cuda_peak_alloc=3638.2MB, cuda_free=5963.8MB, cuda_total=48519.1MB
[2026-06-10 04:07:00] Epoch 23 train batch [1840/1875] loss=0.0576 avg_loss=0.0993. Resources: rss=2091.7MB, peak_rss=2506.3MB, cuda_alloc=351.3MB, cuda_reserved=42004.0MB, cuda_peak_alloc=3638.2MB, cuda_free=5963.8MB, cuda_total=48519.1MB
[2026-06-10 04:07:02] Epoch 23 train batch [1860/1875] loss=0.1128 avg_loss=0.0992. Resources: rss=2098.2MB, peak_rss=2506.3MB, cuda_alloc=351.3MB, cuda_reserved=42004.0MB, cuda_peak_alloc=3638.2MB, cuda_free=5963.8MB, cuda_total=48519.1MB
[2026-06-10 04:07:04] Epoch 23 train batch [1875/1875] loss=0.1280 avg_loss=0.0991. Resources: rss=2098.5MB, peak_rss=2506.3MB, cuda_alloc=351.3MB, cuda_reserved=42004.0MB, cuda_peak_alloc=3638.2MB, cuda_free=5963.8MB, cuda_total=48519.1MB
[2026-06-10 04:07:04] Epoch 23 training completed. Resources: rss=2098.5MB, peak_rss=2506.3MB, cuda_alloc=351.3MB, cuda_reserved=42004.0MB, cuda_peak_alloc=3638.2MB, cuda_free=5963.8MB, cuda_total=48519.1MB
[2026-06-10 04:07:05] Epoch 23 cache released before validation loss. Resources: rss=2040.5MB, peak_rss=2506.3MB, cuda_alloc=351.3MB, cuda_reserved=570.0MB, cuda_peak_alloc=351.3MB, cuda_free=47397.8MB, cuda_total=48519.1MB
[2026-06-10 04:07:26] Epoch 23 validation loss completed: 0.5520. Resources: rss=2096.2MB, peak_rss=2506.3MB, cuda_alloc=351.3MB, cuda_reserved=7960.0MB, cuda_peak_alloc=1426.1MB, cuda_free=40007.8MB, cuda_total=48519.1MB
[2026-06-10 04:07:26] Epoch 23 cache released before detection metrics. Resources: rss=2037.2MB, peak_rss=2506.3MB, cuda_alloc=351.3MB, cuda_reserved=570.0MB, cuda_peak_alloc=351.3MB, cuda_free=47397.8MB, cuda_total=48519.1MB
[2026-06-10 04:07:47] Epoch 23 prediction tensors moved to CPU. Computing metrics. Resources: rss=2037.4MB, peak_rss=2506.3MB, cuda_alloc=351.3MB, cuda_reserved=570.0MB, cuda_peak_alloc=351.3MB, cuda_free=47397.8MB, cuda_total=48519.1MB
[2026-06-10 04:07:47] Epoch 23 metrics computed (mAP@0.5 only). Saving artifacts. Resources: rss=2038.2MB, peak_rss=2506.3MB, cuda_alloc=351.3MB, cuda_reserved=570.0MB, cuda_peak_alloc=351.3MB, cuda_free=47397.8MB, cuda_total=48519.1MB
[2026-06-10 04:07:47] Epoch 23 did not improve mAP@0.5 enough. Early stopping counter: 4/10.
Epoch [23/30]
├── Train Loss : 0.0991
│   ├── loss_classifier  : 0.0487
│   ├── loss_box_reg     : 0.0504
│   ├── loss_objectness  : 0.0000
│   └── loss_rpn_box_reg : 0.0000
├── Val Loss   : 0.5520
├── mAP@0.5    : 0.6947
├── mAP@0.75   : n/a
├── mAP@0.5:0.95 : n/a
├── Precision  : 0.7259
├── Recall     : 0.7496
├── GT Boxes   : 2021
├── Predictions: 2087
├── Per-class AP
│   ├── person  : AP50=0.7446, AP75=n/a, AP50:95=n/a, P=0.7708, R=0.7858
│   ├── car     : AP50=0.6732, AP75=n/a, AP50:95=n/a, P=0.6571, R=0.7314
│   ├── dog     : AP50=0.8028, AP75=n/a, AP50:95=n/a, P=0.6972, R=0.8495
│   ├── cat     : AP50=0.8273, AP75=n/a, AP50:95=n/a, P=0.8706, R=0.8409
│   └── chair   : AP50=0.4255, AP75=n/a, AP50:95=n/a, P=0.5508, R=0.5000
├── LR         : 0.001000
└── Time       : 296.1s
[2026-06-10 04:07:47] Epoch [23/30] completed. Resources: rss=2037.3MB, peak_rss=2506.3MB, cuda_alloc=351.3MB, cuda_reserved=570.0MB, cuda_peak_alloc=351.3MB, cuda_free=47397.8MB, cuda_total=48519.1MB
[2026-06-10 04:07:47] Epoch [24/30] started. Resources: rss=2037.3MB, peak_rss=2506.3MB, cuda_alloc=351.3MB, cuda_reserved=570.0MB, cuda_peak_alloc=351.3MB, cuda_free=47397.8MB, cuda_total=48519.1MB
[2026-06-10 04:07:50] Epoch 24 train batch [20/1875] loss=0.0682 avg_loss=0.1000. Resources: rss=2093.8MB, peak_rss=2506.3MB, cuda_alloc=351.3MB, cuda_reserved=28002.0MB, cuda_peak_alloc=3637.8MB, cuda_free=19965.8MB, cuda_total=48519.1MB
[2026-06-10 04:07:53] Epoch 24 train batch [40/1875] loss=0.0629 avg_loss=0.1002. Resources: rss=2098.8MB, peak_rss=2506.3MB, cuda_alloc=351.3MB, cuda_reserved=44082.0MB, cuda_peak_alloc=3637.9MB, cuda_free=3885.8MB, cuda_total=48519.1MB
[2026-06-10 04:07:55] Epoch 24 train batch [60/1875] loss=0.0440 avg_loss=0.0963. Resources: rss=2098.8MB, peak_rss=2506.3MB, cuda_alloc=351.3MB, cuda_reserved=44082.0MB, cuda_peak_alloc=3637.9MB, cuda_free=3885.8MB, cuda_total=48519.1MB
[2026-06-10 04:07:58] Epoch 24 train batch [80/1875] loss=0.0798 avg_loss=0.0945. Resources: rss=2098.8MB, peak_rss=2506.3MB, cuda_alloc=351.3MB, cuda_reserved=44082.0MB, cuda_peak_alloc=3637.9MB, cuda_free=3885.8MB, cuda_total=48519.1MB
[2026-06-10 04:08:00] Epoch 24 train batch [100/1875] loss=0.0502 avg_loss=0.0908. Resources: rss=2098.8MB, peak_rss=2506.3MB, cuda_alloc=351.3MB, cuda_reserved=44082.0MB, cuda_peak_alloc=3637.9MB, cuda_free=3885.8MB, cuda_total=48519.1MB
[2026-06-10 04:08:03] Epoch 24 train batch [120/1875] loss=0.0932 avg_loss=0.0906. Resources: rss=2098.8MB, peak_rss=2506.3MB, cuda_alloc=351.3MB, cuda_reserved=44082.0MB, cuda_peak_alloc=3637.9MB, cuda_free=3885.8MB, cuda_total=48519.1MB
[2026-06-10 04:08:05] Epoch 24 train batch [140/1875] loss=0.0625 avg_loss=0.0901. Resources: rss=2099.6MB, peak_rss=2506.3MB, cuda_alloc=351.3MB, cuda_reserved=44982.0MB, cuda_peak_alloc=3637.9MB, cuda_free=2985.8MB, cuda_total=48519.1MB
[2026-06-10 04:08:08] Epoch 24 train batch [160/1875] loss=0.0919 avg_loss=0.0902. Resources: rss=2099.6MB, peak_rss=2506.3MB, cuda_alloc=351.3MB, cuda_reserved=44982.0MB, cuda_peak_alloc=3637.9MB, cuda_free=2985.8MB, cuda_total=48519.1MB
[2026-06-10 04:08:10] Epoch 24 train batch [180/1875] loss=0.1626 avg_loss=0.0925. Resources: rss=2099.6MB, peak_rss=2506.3MB, cuda_alloc=351.3MB, cuda_reserved=44982.0MB, cuda_peak_alloc=3638.0MB, cuda_free=2985.8MB, cuda_total=48519.1MB
[2026-06-10 04:08:13] Epoch 24 train batch [200/1875] loss=0.0923 avg_loss=0.0931. Resources: rss=2070.3MB, peak_rss=2506.3MB, cuda_alloc=351.3MB, cuda_reserved=44982.0MB, cuda_peak_alloc=3638.0MB, cuda_free=2985.8MB, cuda_total=48519.1MB
[2026-06-10 04:08:16] Epoch 24 train batch [220/1875] loss=0.0710 avg_loss=0.0939. Resources: rss=2095.8MB, peak_rss=2506.3MB, cuda_alloc=351.3MB, cuda_reserved=16482.0MB, cuda_peak_alloc=3638.0MB, cuda_free=31485.8MB, cuda_total=48519.1MB
[2026-06-10 04:08:19] Epoch 24 train batch [240/1875] loss=0.1064 avg_loss=0.0941. Resources: rss=2098.8MB, peak_rss=2506.3MB, cuda_alloc=351.3MB, cuda_reserved=26122.0MB, cuda_peak_alloc=3638.0MB, cuda_free=21845.8MB, cuda_total=48519.1MB
[2026-06-10 04:08:21] Epoch 24 train batch [260/1875] loss=0.0740 avg_loss=0.0941. Resources: rss=2098.8MB, peak_rss=2506.3MB, cuda_alloc=351.3MB, cuda_reserved=26122.0MB, cuda_peak_alloc=3638.0MB, cuda_free=21845.8MB, cuda_total=48519.1MB
[2026-06-10 04:08:24] Epoch 24 train batch [280/1875] loss=0.1184 avg_loss=0.0957. Resources: rss=2099.0MB, peak_rss=2506.3MB, cuda_alloc=351.3MB, cuda_reserved=26122.0MB, cuda_peak_alloc=3638.0MB, cuda_free=21845.8MB, cuda_total=48519.1MB
[2026-06-10 04:08:27] Epoch 24 train batch [300/1875] loss=0.0699 avg_loss=0.0957. Resources: rss=2099.0MB, peak_rss=2506.3MB, cuda_alloc=351.3MB, cuda_reserved=28542.0MB, cuda_peak_alloc=3638.0MB, cuda_free=19425.8MB, cuda_total=48519.1MB
[2026-06-10 04:08:29] Epoch 24 train batch [320/1875] loss=0.0560 avg_loss=0.0958. Resources: rss=2099.3MB, peak_rss=2506.3MB, cuda_alloc=351.3MB, cuda_reserved=28542.0MB, cuda_peak_alloc=3638.0MB, cuda_free=19425.8MB, cuda_total=48519.1MB
[2026-06-10 04:08:32] Epoch 24 train batch [340/1875] loss=0.1339 avg_loss=0.0964. Resources: rss=2099.3MB, peak_rss=2506.3MB, cuda_alloc=351.3MB, cuda_reserved=28542.0MB, cuda_peak_alloc=3638.0MB, cuda_free=19425.8MB, cuda_total=48519.1MB
[2026-06-10 04:08:35] Epoch 24 train batch [360/1875] loss=0.0358 avg_loss=0.0960. Resources: rss=2099.3MB, peak_rss=2506.3MB, cuda_alloc=351.3MB, cuda_reserved=31782.0MB, cuda_peak_alloc=3638.0MB, cuda_free=16185.8MB, cuda_total=48519.1MB
[2026-06-10 04:08:37] Epoch 24 train batch [380/1875] loss=0.0921 avg_loss=0.0955. Resources: rss=2099.3MB, peak_rss=2506.3MB, cuda_alloc=351.3MB, cuda_reserved=31782.0MB, cuda_peak_alloc=3638.0MB, cuda_free=16185.8MB, cuda_total=48519.1MB
[2026-06-10 04:08:40] Epoch 24 train batch [400/1875] loss=0.0945 avg_loss=0.0963. Resources: rss=2099.3MB, peak_rss=2506.3MB, cuda_alloc=351.3MB, cuda_reserved=31782.0MB, cuda_peak_alloc=3638.0MB, cuda_free=16185.8MB, cuda_total=48519.1MB
[2026-06-10 04:08:43] Epoch 24 train batch [420/1875] loss=0.0328 avg_loss=0.0962. Resources: rss=2099.3MB, peak_rss=2506.3MB, cuda_alloc=351.3MB, cuda_reserved=31782.0MB, cuda_peak_alloc=3638.0MB, cuda_free=16185.8MB, cuda_total=48519.1MB
[2026-06-10 04:08:45] Epoch 24 train batch [440/1875] loss=0.0905 avg_loss=0.0956. Resources: rss=2099.3MB, peak_rss=2506.3MB, cuda_alloc=351.3MB, cuda_reserved=31782.0MB, cuda_peak_alloc=3638.0MB, cuda_free=16185.8MB, cuda_total=48519.1MB
[2026-06-10 04:08:48] Epoch 24 train batch [460/1875] loss=0.1366 avg_loss=0.0957. Resources: rss=2099.3MB, peak_rss=2506.3MB, cuda_alloc=351.3MB, cuda_reserved=33322.0MB, cuda_peak_alloc=3638.0MB, cuda_free=14645.8MB, cuda_total=48519.1MB
[2026-06-10 04:08:50] Epoch 24 train batch [480/1875] loss=0.0610 avg_loss=0.0956. Resources: rss=2099.3MB, peak_rss=2506.3MB, cuda_alloc=351.3MB, cuda_reserved=34802.0MB, cuda_peak_alloc=3638.0MB, cuda_free=13165.8MB, cuda_total=48519.1MB
[2026-06-10 04:08:53] Epoch 24 train batch [500/1875] loss=0.1267 avg_loss=0.0951. Resources: rss=2099.3MB, peak_rss=2506.3MB, cuda_alloc=351.3MB, cuda_reserved=34802.0MB, cuda_peak_alloc=3638.0MB, cuda_free=13165.8MB, cuda_total=48519.1MB
[2026-06-10 04:08:56] Epoch 24 train batch [520/1875] loss=0.1242 avg_loss=0.0956. Resources: rss=2099.3MB, peak_rss=2506.3MB, cuda_alloc=351.3MB, cuda_reserved=34802.0MB, cuda_peak_alloc=3638.0MB, cuda_free=13165.8MB, cuda_total=48519.1MB
[2026-06-10 04:08:58] Epoch 24 train batch [540/1875] loss=0.0389 avg_loss=0.0954. Resources: rss=2099.3MB, peak_rss=2506.3MB, cuda_alloc=351.3MB, cuda_reserved=34802.0MB, cuda_peak_alloc=3638.0MB, cuda_free=13165.8MB, cuda_total=48519.1MB
[2026-06-10 04:09:01] Epoch 24 train batch [560/1875] loss=0.0995 avg_loss=0.0950. Resources: rss=2099.3MB, peak_rss=2506.3MB, cuda_alloc=351.3MB, cuda_reserved=34802.0MB, cuda_peak_alloc=3638.0MB, cuda_free=13165.8MB, cuda_total=48519.1MB
[2026-06-10 04:09:03] Epoch 24 train batch [580/1875] loss=0.0433 avg_loss=0.0950. Resources: rss=2099.3MB, peak_rss=2506.3MB, cuda_alloc=351.3MB, cuda_reserved=34802.0MB, cuda_peak_alloc=3638.0MB, cuda_free=13165.8MB, cuda_total=48519.1MB
[2026-06-10 04:09:06] Epoch 24 train batch [600/1875] loss=0.0668 avg_loss=0.0948. Resources: rss=2099.3MB, peak_rss=2506.3MB, cuda_alloc=351.3MB, cuda_reserved=34802.0MB, cuda_peak_alloc=3638.0MB, cuda_free=13165.8MB, cuda_total=48519.1MB
[2026-06-10 04:09:09] Epoch 24 train batch [620/1875] loss=0.0647 avg_loss=0.0947. Resources: rss=2099.3MB, peak_rss=2506.3MB, cuda_alloc=351.3MB, cuda_reserved=34802.0MB, cuda_peak_alloc=3638.0MB, cuda_free=13165.8MB, cuda_total=48519.1MB
[2026-06-10 04:09:11] Epoch 24 train batch [640/1875] loss=0.2565 avg_loss=0.0953. Resources: rss=2099.3MB, peak_rss=2506.3MB, cuda_alloc=351.3MB, cuda_reserved=34802.0MB, cuda_peak_alloc=3638.0MB, cuda_free=13165.8MB, cuda_total=48519.1MB
[2026-06-10 04:09:14] Epoch 24 train batch [660/1875] loss=0.0729 avg_loss=0.0961. Resources: rss=2099.5MB, peak_rss=2506.3MB, cuda_alloc=351.3MB, cuda_reserved=42742.0MB, cuda_peak_alloc=3638.0MB, cuda_free=5225.8MB, cuda_total=48519.1MB
[2026-06-10 04:09:16] Epoch 24 train batch [680/1875] loss=0.1780 avg_loss=0.0961. Resources: rss=2099.5MB, peak_rss=2506.3MB, cuda_alloc=351.3MB, cuda_reserved=42742.0MB, cuda_peak_alloc=3638.0MB, cuda_free=5225.8MB, cuda_total=48519.1MB
[2026-06-10 04:09:19] Epoch 24 train batch [700/1875] loss=0.1363 avg_loss=0.0958. Resources: rss=2099.5MB, peak_rss=2506.3MB, cuda_alloc=351.3MB, cuda_reserved=42742.0MB, cuda_peak_alloc=3638.1MB, cuda_free=5225.8MB, cuda_total=48519.1MB
[2026-06-10 04:09:22] Epoch 24 train batch [720/1875] loss=0.1010 avg_loss=0.0959. Resources: rss=2099.5MB, peak_rss=2506.3MB, cuda_alloc=351.3MB, cuda_reserved=42742.0MB, cuda_peak_alloc=3638.1MB, cuda_free=5225.8MB, cuda_total=48519.1MB
[2026-06-10 04:09:24] Epoch 24 train batch [740/1875] loss=0.0456 avg_loss=0.0957. Resources: rss=2099.5MB, peak_rss=2506.3MB, cuda_alloc=351.3MB, cuda_reserved=42742.0MB, cuda_peak_alloc=3638.1MB, cuda_free=5225.8MB, cuda_total=48519.1MB
[2026-06-10 04:09:27] Epoch 24 train batch [760/1875] loss=0.1376 avg_loss=0.0955. Resources: rss=2099.5MB, peak_rss=2506.3MB, cuda_alloc=351.3MB, cuda_reserved=42742.0MB, cuda_peak_alloc=3638.1MB, cuda_free=5225.8MB, cuda_total=48519.1MB
[2026-06-10 04:09:29] Epoch 24 train batch [780/1875] loss=0.2151 avg_loss=0.0953. Resources: rss=2099.5MB, peak_rss=2506.3MB, cuda_alloc=351.3MB, cuda_reserved=42742.0MB, cuda_peak_alloc=3638.1MB, cuda_free=5225.8MB, cuda_total=48519.1MB
[2026-06-10 04:09:32] Epoch 24 train batch [800/1875] loss=0.0701 avg_loss=0.0954. Resources: rss=2099.5MB, peak_rss=2506.3MB, cuda_alloc=351.3MB, cuda_reserved=42742.0MB, cuda_peak_alloc=3638.1MB, cuda_free=5225.8MB, cuda_total=48519.1MB
[2026-06-10 04:09:35] Epoch 24 train batch [820/1875] loss=0.0456 avg_loss=0.0955. Resources: rss=2079.9MB, peak_rss=2506.3MB, cuda_alloc=351.3MB, cuda_reserved=42742.0MB, cuda_peak_alloc=3638.1MB, cuda_free=5225.8MB, cuda_total=48519.1MB
[2026-06-10 04:09:37] Epoch 24 train batch [840/1875] loss=0.1080 avg_loss=0.0955. Resources: rss=2091.9MB, peak_rss=2506.3MB, cuda_alloc=351.3MB, cuda_reserved=42742.0MB, cuda_peak_alloc=3638.1MB, cuda_free=5225.8MB, cuda_total=48519.1MB
[2026-06-10 04:09:40] Epoch 24 train batch [860/1875] loss=0.0488 avg_loss=0.0954. Resources: rss=2096.9MB, peak_rss=2506.3MB, cuda_alloc=351.3MB, cuda_reserved=42742.0MB, cuda_peak_alloc=3638.1MB, cuda_free=5225.8MB, cuda_total=48519.1MB
[2026-06-10 04:09:42] Epoch 24 train batch [880/1875] loss=0.1138 avg_loss=0.0954. Resources: rss=2098.7MB, peak_rss=2506.3MB, cuda_alloc=351.3MB, cuda_reserved=42742.0MB, cuda_peak_alloc=3638.1MB, cuda_free=5225.8MB, cuda_total=48519.1MB
[2026-06-10 04:09:45] Epoch 24 train batch [900/1875] loss=0.0939 avg_loss=0.0954. Resources: rss=2098.7MB, peak_rss=2506.3MB, cuda_alloc=351.3MB, cuda_reserved=42742.0MB, cuda_peak_alloc=3638.1MB, cuda_free=5225.8MB, cuda_total=48519.1MB
[2026-06-10 04:09:48] Epoch 24 train batch [920/1875] loss=0.0908 avg_loss=0.0951. Resources: rss=2098.7MB, peak_rss=2506.3MB, cuda_alloc=351.3MB, cuda_reserved=42742.0MB, cuda_peak_alloc=3638.1MB, cuda_free=5225.8MB, cuda_total=48519.1MB
[2026-06-10 04:09:50] Epoch 24 train batch [940/1875] loss=0.0841 avg_loss=0.0950. Resources: rss=2098.9MB, peak_rss=2506.3MB, cuda_alloc=351.3MB, cuda_reserved=42742.0MB, cuda_peak_alloc=3638.1MB, cuda_free=5225.8MB, cuda_total=48519.1MB
[2026-06-10 04:09:53] Epoch 24 train batch [960/1875] loss=0.0406 avg_loss=0.0945. Resources: rss=2098.9MB, peak_rss=2506.3MB, cuda_alloc=351.3MB, cuda_reserved=42742.0MB, cuda_peak_alloc=3638.1MB, cuda_free=5225.8MB, cuda_total=48519.1MB
[2026-06-10 04:09:56] Epoch 24 train batch [980/1875] loss=0.1308 avg_loss=0.0945. Resources: rss=2098.9MB, peak_rss=2506.3MB, cuda_alloc=351.3MB, cuda_reserved=42742.0MB, cuda_peak_alloc=3638.1MB, cuda_free=5225.8MB, cuda_total=48519.1MB
[2026-06-10 04:09:58] Epoch 24 train batch [1000/1875] loss=0.0407 avg_loss=0.0945. Resources: rss=2098.9MB, peak_rss=2506.3MB, cuda_alloc=351.3MB, cuda_reserved=42742.0MB, cuda_peak_alloc=3638.1MB, cuda_free=5225.8MB, cuda_total=48519.1MB
[2026-06-10 04:10:01] Epoch 24 train batch [1020/1875] loss=0.0739 avg_loss=0.0947. Resources: rss=2098.9MB, peak_rss=2506.3MB, cuda_alloc=351.3MB, cuda_reserved=42742.0MB, cuda_peak_alloc=3638.1MB, cuda_free=5225.8MB, cuda_total=48519.1MB
[2026-06-10 04:10:03] Epoch 24 train batch [1040/1875] loss=0.0532 avg_loss=0.0946. Resources: rss=2098.9MB, peak_rss=2506.3MB, cuda_alloc=351.3MB, cuda_reserved=42742.0MB, cuda_peak_alloc=3638.1MB, cuda_free=5225.8MB, cuda_total=48519.1MB
[2026-06-10 04:10:06] Epoch 24 train batch [1060/1875] loss=0.0822 avg_loss=0.0943. Resources: rss=2098.9MB, peak_rss=2506.3MB, cuda_alloc=351.3MB, cuda_reserved=42742.0MB, cuda_peak_alloc=3638.1MB, cuda_free=5225.8MB, cuda_total=48519.1MB
[2026-06-10 04:10:09] Epoch 24 train batch [1080/1875] loss=0.0821 avg_loss=0.0943. Resources: rss=2094.9MB, peak_rss=2506.3MB, cuda_alloc=351.3MB, cuda_reserved=42742.0MB, cuda_peak_alloc=3638.1MB, cuda_free=5225.8MB, cuda_total=48519.1MB
[2026-06-10 04:10:11] Epoch 24 train batch [1100/1875] loss=0.2270 avg_loss=0.0944. Resources: rss=2095.2MB, peak_rss=2506.3MB, cuda_alloc=351.3MB, cuda_reserved=42742.0MB, cuda_peak_alloc=3638.1MB, cuda_free=5225.8MB, cuda_total=48519.1MB
[2026-06-10 04:10:14] Epoch 24 train batch [1120/1875] loss=0.0718 avg_loss=0.0945. Resources: rss=2097.7MB, peak_rss=2506.3MB, cuda_alloc=351.3MB, cuda_reserved=42742.0MB, cuda_peak_alloc=3638.1MB, cuda_free=5225.8MB, cuda_total=48519.1MB
[2026-06-10 04:10:17] Epoch 24 train batch [1140/1875] loss=0.1117 avg_loss=0.0944. Resources: rss=2097.7MB, peak_rss=2506.3MB, cuda_alloc=351.3MB, cuda_reserved=42742.0MB, cuda_peak_alloc=3638.1MB, cuda_free=5225.8MB, cuda_total=48519.1MB
[2026-06-10 04:10:19] Epoch 24 train batch [1160/1875] loss=0.0927 avg_loss=0.0943. Resources: rss=2097.7MB, peak_rss=2506.3MB, cuda_alloc=351.3MB, cuda_reserved=42742.0MB, cuda_peak_alloc=3638.1MB, cuda_free=5225.8MB, cuda_total=48519.1MB
[2026-06-10 04:10:22] Epoch 24 train batch [1180/1875] loss=0.1036 avg_loss=0.0943. Resources: rss=2097.7MB, peak_rss=2506.3MB, cuda_alloc=351.3MB, cuda_reserved=42742.0MB, cuda_peak_alloc=3638.1MB, cuda_free=5225.8MB, cuda_total=48519.1MB
[2026-06-10 04:10:25] Epoch 24 train batch [1200/1875] loss=0.1322 avg_loss=0.0942. Resources: rss=2099.4MB, peak_rss=2506.3MB, cuda_alloc=351.3MB, cuda_reserved=42742.0MB, cuda_peak_alloc=3638.1MB, cuda_free=5225.8MB, cuda_total=48519.1MB
[2026-06-10 04:10:27] Epoch 24 train batch [1220/1875] loss=0.1306 avg_loss=0.0943. Resources: rss=2099.4MB, peak_rss=2506.3MB, cuda_alloc=351.3MB, cuda_reserved=42742.0MB, cuda_peak_alloc=3638.1MB, cuda_free=5225.8MB, cuda_total=48519.1MB
[2026-06-10 04:10:30] Epoch 24 train batch [1240/1875] loss=0.1204 avg_loss=0.0943. Resources: rss=2099.4MB, peak_rss=2506.3MB, cuda_alloc=351.3MB, cuda_reserved=42742.0MB, cuda_peak_alloc=3638.1MB, cuda_free=5225.8MB, cuda_total=48519.1MB
[2026-06-10 04:10:32] Epoch 24 train batch [1260/1875] loss=0.0737 avg_loss=0.0944. Resources: rss=2099.4MB, peak_rss=2506.3MB, cuda_alloc=351.3MB, cuda_reserved=42742.0MB, cuda_peak_alloc=3638.1MB, cuda_free=5225.8MB, cuda_total=48519.1MB
[2026-06-10 04:10:35] Epoch 24 train batch [1280/1875] loss=0.0575 avg_loss=0.0945. Resources: rss=2099.4MB, peak_rss=2506.3MB, cuda_alloc=351.3MB, cuda_reserved=42742.0MB, cuda_peak_alloc=3638.1MB, cuda_free=5225.8MB, cuda_total=48519.1MB
[2026-06-10 04:10:37] Epoch 24 train batch [1300/1875] loss=0.0576 avg_loss=0.0945. Resources: rss=2099.4MB, peak_rss=2506.3MB, cuda_alloc=351.3MB, cuda_reserved=42742.0MB, cuda_peak_alloc=3638.1MB, cuda_free=5225.8MB, cuda_total=48519.1MB
[2026-06-10 04:10:40] Epoch 24 train batch [1320/1875] loss=0.0353 avg_loss=0.0946. Resources: rss=2099.4MB, peak_rss=2506.3MB, cuda_alloc=351.3MB, cuda_reserved=42742.0MB, cuda_peak_alloc=3638.1MB, cuda_free=5225.8MB, cuda_total=48519.1MB
[2026-06-10 04:10:43] Epoch 24 train batch [1340/1875] loss=0.1109 avg_loss=0.0944. Resources: rss=2099.4MB, peak_rss=2506.3MB, cuda_alloc=351.3MB, cuda_reserved=42742.0MB, cuda_peak_alloc=3638.1MB, cuda_free=5225.8MB, cuda_total=48519.1MB
[2026-06-10 04:10:45] Epoch 24 train batch [1360/1875] loss=0.0433 avg_loss=0.0941. Resources: rss=2099.4MB, peak_rss=2506.3MB, cuda_alloc=351.3MB, cuda_reserved=42742.0MB, cuda_peak_alloc=3638.1MB, cuda_free=5225.8MB, cuda_total=48519.1MB
[2026-06-10 04:10:48] Epoch 24 train batch [1380/1875] loss=0.0710 avg_loss=0.0941. Resources: rss=2099.4MB, peak_rss=2506.3MB, cuda_alloc=351.3MB, cuda_reserved=42742.0MB, cuda_peak_alloc=3638.1MB, cuda_free=5225.8MB, cuda_total=48519.1MB
[2026-06-10 04:10:51] Epoch 24 train batch [1400/1875] loss=0.1169 avg_loss=0.0942. Resources: rss=2099.4MB, peak_rss=2506.3MB, cuda_alloc=351.3MB, cuda_reserved=42742.0MB, cuda_peak_alloc=3638.1MB, cuda_free=5225.8MB, cuda_total=48519.1MB
[2026-06-10 04:10:53] Epoch 24 train batch [1420/1875] loss=0.1970 avg_loss=0.0943. Resources: rss=2099.4MB, peak_rss=2506.3MB, cuda_alloc=351.3MB, cuda_reserved=42742.0MB, cuda_peak_alloc=3638.1MB, cuda_free=5225.8MB, cuda_total=48519.1MB
[2026-06-10 04:10:56] Epoch 24 train batch [1440/1875] loss=0.1060 avg_loss=0.0950. Resources: rss=2084.6MB, peak_rss=2506.3MB, cuda_alloc=351.3MB, cuda_reserved=42742.0MB, cuda_peak_alloc=3638.1MB, cuda_free=5225.8MB, cuda_total=48519.1MB
[2026-06-10 04:10:58] Epoch 24 train batch [1460/1875] loss=0.0390 avg_loss=0.0954. Resources: rss=2089.3MB, peak_rss=2506.3MB, cuda_alloc=351.3MB, cuda_reserved=42742.0MB, cuda_peak_alloc=3638.1MB, cuda_free=5225.8MB, cuda_total=48519.1MB
[2026-06-10 04:11:01] Epoch 24 train batch [1480/1875] loss=0.1189 avg_loss=0.0953. Resources: rss=2097.6MB, peak_rss=2506.3MB, cuda_alloc=351.3MB, cuda_reserved=42742.0MB, cuda_peak_alloc=3638.1MB, cuda_free=5225.8MB, cuda_total=48519.1MB
[2026-06-10 04:11:03] Epoch 24 train batch [1500/1875] loss=0.0533 avg_loss=0.0953. Resources: rss=2097.8MB, peak_rss=2506.3MB, cuda_alloc=351.3MB, cuda_reserved=42742.0MB, cuda_peak_alloc=3638.1MB, cuda_free=5225.8MB, cuda_total=48519.1MB
[2026-06-10 04:11:06] Epoch 24 train batch [1520/1875] loss=0.0677 avg_loss=0.0953. Resources: rss=2098.1MB, peak_rss=2506.3MB, cuda_alloc=351.3MB, cuda_reserved=42742.0MB, cuda_peak_alloc=3638.1MB, cuda_free=5225.8MB, cuda_total=48519.1MB
[2026-06-10 04:11:09] Epoch 24 train batch [1540/1875] loss=0.1202 avg_loss=0.0953. Resources: rss=2098.1MB, peak_rss=2506.3MB, cuda_alloc=351.3MB, cuda_reserved=42742.0MB, cuda_peak_alloc=3638.1MB, cuda_free=5225.8MB, cuda_total=48519.1MB
[2026-06-10 04:11:11] Epoch 24 train batch [1560/1875] loss=0.1070 avg_loss=0.0953. Resources: rss=2098.1MB, peak_rss=2506.3MB, cuda_alloc=351.3MB, cuda_reserved=42742.0MB, cuda_peak_alloc=3638.1MB, cuda_free=5225.8MB, cuda_total=48519.1MB
[2026-06-10 04:11:14] Epoch 24 train batch [1580/1875] loss=0.1210 avg_loss=0.0953. Resources: rss=2098.8MB, peak_rss=2506.3MB, cuda_alloc=351.3MB, cuda_reserved=42742.0MB, cuda_peak_alloc=3638.1MB, cuda_free=5225.8MB, cuda_total=48519.1MB
[2026-06-10 04:11:16] Epoch 24 train batch [1600/1875] loss=0.0573 avg_loss=0.0954. Resources: rss=2098.8MB, peak_rss=2506.3MB, cuda_alloc=351.3MB, cuda_reserved=42742.0MB, cuda_peak_alloc=3638.1MB, cuda_free=5225.8MB, cuda_total=48519.1MB
[2026-06-10 04:11:19] Epoch 24 train batch [1620/1875] loss=0.0682 avg_loss=0.0953. Resources: rss=2098.8MB, peak_rss=2506.3MB, cuda_alloc=351.3MB, cuda_reserved=42742.0MB, cuda_peak_alloc=3638.1MB, cuda_free=5225.8MB, cuda_total=48519.1MB
[2026-06-10 04:11:21] Epoch 24 train batch [1640/1875] loss=0.0430 avg_loss=0.0953. Resources: rss=2098.8MB, peak_rss=2506.3MB, cuda_alloc=351.3MB, cuda_reserved=42742.0MB, cuda_peak_alloc=3638.1MB, cuda_free=5225.8MB, cuda_total=48519.1MB
[2026-06-10 04:11:24] Epoch 24 train batch [1660/1875] loss=0.0737 avg_loss=0.0954. Resources: rss=2098.8MB, peak_rss=2506.3MB, cuda_alloc=351.3MB, cuda_reserved=42742.0MB, cuda_peak_alloc=3638.1MB, cuda_free=5225.8MB, cuda_total=48519.1MB
[2026-06-10 04:11:27] Epoch 24 train batch [1680/1875] loss=0.1183 avg_loss=0.0956. Resources: rss=2098.8MB, peak_rss=2506.3MB, cuda_alloc=351.3MB, cuda_reserved=42742.0MB, cuda_peak_alloc=3638.1MB, cuda_free=5225.8MB, cuda_total=48519.1MB
[2026-06-10 04:11:29] Epoch 24 train batch [1700/1875] loss=0.0510 avg_loss=0.0955. Resources: rss=2098.8MB, peak_rss=2506.3MB, cuda_alloc=351.3MB, cuda_reserved=42742.0MB, cuda_peak_alloc=3638.1MB, cuda_free=5225.8MB, cuda_total=48519.1MB
[2026-06-10 04:11:31] Epoch 24 train batch [1720/1875] loss=0.0505 avg_loss=0.0955. Resources: rss=2098.8MB, peak_rss=2506.3MB, cuda_alloc=351.3MB, cuda_reserved=42742.0MB, cuda_peak_alloc=3638.1MB, cuda_free=5225.8MB, cuda_total=48519.1MB
[2026-06-10 04:11:34] Epoch 24 train batch [1740/1875] loss=0.1415 avg_loss=0.0955. Resources: rss=2098.8MB, peak_rss=2506.3MB, cuda_alloc=351.3MB, cuda_reserved=42742.0MB, cuda_peak_alloc=3638.1MB, cuda_free=5225.8MB, cuda_total=48519.1MB
[2026-06-10 04:11:37] Epoch 24 train batch [1760/1875] loss=0.0703 avg_loss=0.0954. Resources: rss=2098.8MB, peak_rss=2506.3MB, cuda_alloc=351.3MB, cuda_reserved=42742.0MB, cuda_peak_alloc=3638.1MB, cuda_free=5225.8MB, cuda_total=48519.1MB
[2026-06-10 04:11:39] Epoch 24 train batch [1780/1875] loss=0.0519 avg_loss=0.0951. Resources: rss=2099.1MB, peak_rss=2506.3MB, cuda_alloc=351.3MB, cuda_reserved=42742.0MB, cuda_peak_alloc=3638.1MB, cuda_free=5225.8MB, cuda_total=48519.1MB
[2026-06-10 04:11:42] Epoch 24 train batch [1800/1875] loss=0.1254 avg_loss=0.0952. Resources: rss=2099.1MB, peak_rss=2506.3MB, cuda_alloc=351.3MB, cuda_reserved=42742.0MB, cuda_peak_alloc=3638.1MB, cuda_free=5225.8MB, cuda_total=48519.1MB
[2026-06-10 04:11:45] Epoch 24 train batch [1820/1875] loss=0.0614 avg_loss=0.0951. Resources: rss=2100.2MB, peak_rss=2506.3MB, cuda_alloc=351.3MB, cuda_reserved=43802.0MB, cuda_peak_alloc=3638.1MB, cuda_free=4165.8MB, cuda_total=48519.1MB
[2026-06-10 04:11:47] Epoch 24 train batch [1840/1875] loss=0.0418 avg_loss=0.0952. Resources: rss=2100.5MB, peak_rss=2506.3MB, cuda_alloc=351.3MB, cuda_reserved=45322.0MB, cuda_peak_alloc=3638.1MB, cuda_free=2645.8MB, cuda_total=48519.1MB
[2026-06-10 04:11:50] Epoch 24 train batch [1860/1875] loss=0.0912 avg_loss=0.0951. Resources: rss=2100.5MB, peak_rss=2506.3MB, cuda_alloc=351.3MB, cuda_reserved=45322.0MB, cuda_peak_alloc=3638.1MB, cuda_free=2645.8MB, cuda_total=48519.1MB
[2026-06-10 04:11:52] Epoch 24 train batch [1875/1875] loss=0.1269 avg_loss=0.0951. Resources: rss=2100.5MB, peak_rss=2506.3MB, cuda_alloc=351.3MB, cuda_reserved=45322.0MB, cuda_peak_alloc=3638.1MB, cuda_free=2645.8MB, cuda_total=48519.1MB
[2026-06-10 04:11:52] Epoch 24 training completed. Resources: rss=2100.5MB, peak_rss=2506.3MB, cuda_alloc=351.3MB, cuda_reserved=45322.0MB, cuda_peak_alloc=3638.1MB, cuda_free=2645.8MB, cuda_total=48519.1MB
[2026-06-10 04:11:53] Epoch 24 cache released before validation loss. Resources: rss=2041.6MB, peak_rss=2506.3MB, cuda_alloc=351.3MB, cuda_reserved=530.0MB, cuda_peak_alloc=351.3MB, cuda_free=47437.8MB, cuda_total=48519.1MB
[2026-06-10 04:12:13] Epoch 24 validation loss completed: 0.5266. Resources: rss=2089.4MB, peak_rss=2506.3MB, cuda_alloc=351.3MB, cuda_reserved=8000.0MB, cuda_peak_alloc=1426.1MB, cuda_free=39967.8MB, cuda_total=48519.1MB
[2026-06-10 04:12:14] Epoch 24 cache released before detection metrics. Resources: rss=2036.7MB, peak_rss=2506.3MB, cuda_alloc=351.3MB, cuda_reserved=530.0MB, cuda_peak_alloc=351.3MB, cuda_free=47437.8MB, cuda_total=48519.1MB
[2026-06-10 04:12:34] Epoch 24 prediction tensors moved to CPU. Computing metrics. Resources: rss=2036.6MB, peak_rss=2506.3MB, cuda_alloc=351.3MB, cuda_reserved=530.0MB, cuda_peak_alloc=351.3MB, cuda_free=47437.8MB, cuda_total=48519.1MB
[2026-06-10 04:12:34] Epoch 24 metrics computed (mAP@0.5 only). Saving artifacts. Resources: rss=2037.6MB, peak_rss=2506.3MB, cuda_alloc=351.3MB, cuda_reserved=530.0MB, cuda_peak_alloc=351.3MB, cuda_free=47437.8MB, cuda_total=48519.1MB
[2026-06-10 04:12:35] Epoch 24 did not improve mAP@0.5 enough. Early stopping counter: 5/10.
Epoch [24/30]
├── Train Loss : 0.0951
│   ├── loss_classifier  : 0.0466
│   ├── loss_box_reg     : 0.0484
│   ├── loss_objectness  : 0.0000
│   └── loss_rpn_box_reg : 0.0000
├── Val Loss   : 0.5266
├── mAP@0.5    : 0.7145
├── mAP@0.75   : n/a
├── mAP@0.5:0.95 : n/a
├── Precision  : 0.7218
├── Recall     : 0.7640
├── GT Boxes   : 2021
├── Predictions: 2139
├── Per-class AP
│   ├── person  : AP50=0.7720, AP75=n/a, AP50:95=n/a, P=0.7517, R=0.8063
│   ├── car     : AP50=0.6776, AP75=n/a, AP50:95=n/a, P=0.7028, R=0.7102
│   ├── dog     : AP50=0.7784, AP75=n/a, AP50:95=n/a, P=0.7210, R=0.8155
│   ├── cat     : AP50=0.8847, AP75=n/a, AP50:95=n/a, P=0.8000, R=0.9091
│   └── chair   : AP50=0.4595, AP75=n/a, AP50:95=n/a, P=0.5560, R=0.5284
├── LR         : 0.001000
└── Time       : 286.9s
[2026-06-10 04:12:35] Epoch [24/30] completed. Resources: rss=2036.5MB, peak_rss=2506.3MB, cuda_alloc=351.3MB, cuda_reserved=530.0MB, cuda_peak_alloc=351.3MB, cuda_free=47437.8MB, cuda_total=48519.1MB
[2026-06-10 04:12:35] Epoch [25/30] started. Resources: rss=2036.5MB, peak_rss=2506.3MB, cuda_alloc=351.3MB, cuda_reserved=530.0MB, cuda_peak_alloc=351.3MB, cuda_free=47437.8MB, cuda_total=48519.1MB
[2026-06-10 04:12:37] Epoch 25 train batch [20/1875] loss=0.1283 avg_loss=0.1037. Resources: rss=2087.3MB, peak_rss=2506.3MB, cuda_alloc=351.3MB, cuda_reserved=38022.0MB, cuda_peak_alloc=3636.8MB, cuda_free=9945.8MB, cuda_total=48519.1MB
[2026-06-10 04:12:41] Epoch 25 train batch [40/1875] loss=0.1009 avg_loss=0.0939. Resources: rss=2091.8MB, peak_rss=2506.3MB, cuda_alloc=351.3MB, cuda_reserved=20622.0MB, cuda_peak_alloc=3637.3MB, cuda_free=27345.8MB, cuda_total=48519.1MB
[2026-06-10 04:12:43] Epoch 25 train batch [60/1875] loss=0.2519 avg_loss=0.0925. Resources: rss=2095.0MB, peak_rss=2506.3MB, cuda_alloc=351.3MB, cuda_reserved=23682.0MB, cuda_peak_alloc=3637.5MB, cuda_free=24285.8MB, cuda_total=48519.1MB
[2026-06-10 04:12:46] Epoch 25 train batch [80/1875] loss=0.0886 avg_loss=0.0929. Resources: rss=2095.3MB, peak_rss=2506.3MB, cuda_alloc=351.3MB, cuda_reserved=30982.0MB, cuda_peak_alloc=3637.5MB, cuda_free=16985.8MB, cuda_total=48519.1MB
[2026-06-10 04:12:48] Epoch 25 train batch [100/1875] loss=0.1208 avg_loss=0.0913. Resources: rss=2095.3MB, peak_rss=2506.3MB, cuda_alloc=351.3MB, cuda_reserved=33102.0MB, cuda_peak_alloc=3637.5MB, cuda_free=14865.8MB, cuda_total=48519.1MB
[2026-06-10 04:12:51] Epoch 25 train batch [120/1875] loss=0.1019 avg_loss=0.0925. Resources: rss=2095.3MB, peak_rss=2506.3MB, cuda_alloc=351.3MB, cuda_reserved=33102.0MB, cuda_peak_alloc=3638.0MB, cuda_free=14865.8MB, cuda_total=48519.1MB
[2026-06-10 04:12:54] Epoch 25 train batch [140/1875] loss=0.0781 avg_loss=0.0953. Resources: rss=2095.3MB, peak_rss=2506.3MB, cuda_alloc=351.3MB, cuda_reserved=36202.0MB, cuda_peak_alloc=3638.0MB, cuda_free=11765.8MB, cuda_total=48519.1MB
[2026-06-10 04:12:57] Epoch 25 train batch [160/1875] loss=0.1039 avg_loss=0.0954. Resources: rss=2095.8MB, peak_rss=2506.3MB, cuda_alloc=351.3MB, cuda_reserved=19662.0MB, cuda_peak_alloc=3638.0MB, cuda_free=28305.8MB, cuda_total=48519.1MB
[2026-06-10 04:13:00] Epoch 25 train batch [180/1875] loss=0.1048 avg_loss=0.0937. Resources: rss=2095.8MB, peak_rss=2506.3MB, cuda_alloc=351.3MB, cuda_reserved=34742.0MB, cuda_peak_alloc=3638.0MB, cuda_free=13225.8MB, cuda_total=48519.1MB
[2026-06-10 04:13:02] Epoch 25 train batch [200/1875] loss=0.1261 avg_loss=0.0938. Resources: rss=2095.8MB, peak_rss=2506.3MB, cuda_alloc=351.3MB, cuda_reserved=44762.0MB, cuda_peak_alloc=3638.0MB, cuda_free=3205.8MB, cuda_total=48519.1MB
[2026-06-10 04:13:05] Epoch 25 train batch [220/1875] loss=0.0988 avg_loss=0.0949. Resources: rss=2093.9MB, peak_rss=2506.3MB, cuda_alloc=351.3MB, cuda_reserved=44762.0MB, cuda_peak_alloc=3638.0MB, cuda_free=3205.8MB, cuda_total=48519.1MB
[2026-06-10 04:13:08] Epoch 25 train batch [240/1875] loss=0.1573 avg_loss=0.0947. Resources: rss=2096.2MB, peak_rss=2506.3MB, cuda_alloc=351.3MB, cuda_reserved=44762.0MB, cuda_peak_alloc=3638.0MB, cuda_free=3205.8MB, cuda_total=48519.1MB
[2026-06-10 04:13:10] Epoch 25 train batch [260/1875] loss=0.0444 avg_loss=0.0935. Resources: rss=2096.2MB, peak_rss=2506.3MB, cuda_alloc=351.3MB, cuda_reserved=44762.0MB, cuda_peak_alloc=3638.0MB, cuda_free=3205.8MB, cuda_total=48519.1MB
[2026-06-10 04:13:13] Epoch 25 train batch [280/1875] loss=0.0974 avg_loss=0.0929. Resources: rss=2096.2MB, peak_rss=2506.3MB, cuda_alloc=351.3MB, cuda_reserved=44762.0MB, cuda_peak_alloc=3638.0MB, cuda_free=3205.8MB, cuda_total=48519.1MB
[2026-06-10 04:13:16] Epoch 25 train batch [300/1875] loss=0.0783 avg_loss=0.0929. Resources: rss=2098.2MB, peak_rss=2506.3MB, cuda_alloc=351.3MB, cuda_reserved=44762.0MB, cuda_peak_alloc=3638.0MB, cuda_free=3205.8MB, cuda_total=48519.1MB
[2026-06-10 04:13:18] Epoch 25 train batch [320/1875] loss=0.0567 avg_loss=0.0929. Resources: rss=2098.2MB, peak_rss=2506.3MB, cuda_alloc=351.3MB, cuda_reserved=44762.0MB, cuda_peak_alloc=3638.0MB, cuda_free=3205.8MB, cuda_total=48519.1MB
[2026-06-10 04:13:21] Epoch 25 train batch [340/1875] loss=0.0765 avg_loss=0.0924. Resources: rss=2098.4MB, peak_rss=2506.3MB, cuda_alloc=351.3MB, cuda_reserved=44762.0MB, cuda_peak_alloc=3638.0MB, cuda_free=3205.8MB, cuda_total=48519.1MB
[2026-06-10 04:13:23] Epoch 25 train batch [360/1875] loss=0.0844 avg_loss=0.0916. Resources: rss=2098.7MB, peak_rss=2506.3MB, cuda_alloc=351.3MB, cuda_reserved=44762.0MB, cuda_peak_alloc=3638.0MB, cuda_free=3205.8MB, cuda_total=48519.1MB
[2026-06-10 04:13:27] Epoch 25 train batch [380/1875] loss=0.0730 avg_loss=0.0914. Resources: rss=2098.7MB, peak_rss=2506.3MB, cuda_alloc=351.3MB, cuda_reserved=3202.0MB, cuda_peak_alloc=3638.0MB, cuda_free=44765.8MB, cuda_total=48519.1MB
[2026-06-10 04:13:30] Epoch 25 train batch [400/1875] loss=0.0553 avg_loss=0.0910. Resources: rss=2098.7MB, peak_rss=2506.3MB, cuda_alloc=351.3MB, cuda_reserved=16522.0MB, cuda_peak_alloc=3638.0MB, cuda_free=31445.8MB, cuda_total=48519.1MB
[2026-06-10 04:13:32] Epoch 25 train batch [420/1875] loss=0.0881 avg_loss=0.0915. Resources: rss=2100.2MB, peak_rss=2506.3MB, cuda_alloc=351.3MB, cuda_reserved=20962.0MB, cuda_peak_alloc=3638.0MB, cuda_free=27005.8MB, cuda_total=48519.1MB
[2026-06-10 04:13:35] Epoch 25 train batch [440/1875] loss=0.0319 avg_loss=0.0915. Resources: rss=2094.1MB, peak_rss=2506.3MB, cuda_alloc=351.3MB, cuda_reserved=26802.0MB, cuda_peak_alloc=3638.0MB, cuda_free=21165.8MB, cuda_total=48519.1MB
[2026-06-10 04:13:37] Epoch 25 train batch [460/1875] loss=0.0690 avg_loss=0.0913. Resources: rss=2094.6MB, peak_rss=2506.3MB, cuda_alloc=351.3MB, cuda_reserved=29602.0MB, cuda_peak_alloc=3638.0MB, cuda_free=18365.8MB, cuda_total=48519.1MB
[2026-06-10 04:13:40] Epoch 25 train batch [480/1875] loss=0.0324 avg_loss=0.0914. Resources: rss=2098.6MB, peak_rss=2506.3MB, cuda_alloc=351.3MB, cuda_reserved=41542.0MB, cuda_peak_alloc=3638.0MB, cuda_free=6425.8MB, cuda_total=48519.1MB
[2026-06-10 04:13:42] Epoch 25 train batch [500/1875] loss=0.0816 avg_loss=0.0916. Resources: rss=2098.6MB, peak_rss=2506.3MB, cuda_alloc=351.3MB, cuda_reserved=41542.0MB, cuda_peak_alloc=3638.0MB, cuda_free=6425.8MB, cuda_total=48519.1MB
[2026-06-10 04:13:45] Epoch 25 train batch [520/1875] loss=0.0496 avg_loss=0.0912. Resources: rss=2099.1MB, peak_rss=2506.3MB, cuda_alloc=351.3MB, cuda_reserved=41544.0MB, cuda_peak_alloc=3638.0MB, cuda_free=6423.8MB, cuda_total=48519.1MB
[2026-06-10 04:13:47] Epoch 25 train batch [540/1875] loss=0.0454 avg_loss=0.0913. Resources: rss=2099.1MB, peak_rss=2506.3MB, cuda_alloc=351.3MB, cuda_reserved=41544.0MB, cuda_peak_alloc=3638.0MB, cuda_free=6423.8MB, cuda_total=48519.1MB
[2026-06-10 04:13:50] Epoch 25 train batch [560/1875] loss=0.0882 avg_loss=0.0915. Resources: rss=2099.1MB, peak_rss=2506.3MB, cuda_alloc=351.3MB, cuda_reserved=41544.0MB, cuda_peak_alloc=3638.1MB, cuda_free=6423.8MB, cuda_total=48519.1MB
[2026-06-10 04:13:53] Epoch 25 train batch [580/1875] loss=0.0816 avg_loss=0.0915. Resources: rss=2099.1MB, peak_rss=2506.3MB, cuda_alloc=351.3MB, cuda_reserved=41544.0MB, cuda_peak_alloc=3638.1MB, cuda_free=6423.8MB, cuda_total=48519.1MB
[2026-06-10 04:13:55] Epoch 25 train batch [600/1875] loss=0.1130 avg_loss=0.0919. Resources: rss=2099.1MB, peak_rss=2506.3MB, cuda_alloc=351.3MB, cuda_reserved=41544.0MB, cuda_peak_alloc=3638.1MB, cuda_free=6423.8MB, cuda_total=48519.1MB
[2026-06-10 04:13:58] Epoch 25 train batch [620/1875] loss=0.0899 avg_loss=0.0917. Resources: rss=2099.4MB, peak_rss=2506.3MB, cuda_alloc=351.3MB, cuda_reserved=41544.0MB, cuda_peak_alloc=3638.1MB, cuda_free=6423.8MB, cuda_total=48519.1MB
[2026-06-10 04:14:01] Epoch 25 train batch [640/1875] loss=0.0731 avg_loss=0.0919. Resources: rss=2099.4MB, peak_rss=2506.3MB, cuda_alloc=351.3MB, cuda_reserved=41544.0MB, cuda_peak_alloc=3638.1MB, cuda_free=6423.8MB, cuda_total=48519.1MB
[2026-06-10 04:14:03] Epoch 25 train batch [660/1875] loss=0.0674 avg_loss=0.0923. Resources: rss=2099.4MB, peak_rss=2506.3MB, cuda_alloc=351.3MB, cuda_reserved=41544.0MB, cuda_peak_alloc=3638.1MB, cuda_free=6423.8MB, cuda_total=48519.1MB
[2026-06-10 04:14:06] Epoch 25 train batch [680/1875] loss=0.0787 avg_loss=0.0923. Resources: rss=2099.4MB, peak_rss=2506.3MB, cuda_alloc=351.3MB, cuda_reserved=41544.0MB, cuda_peak_alloc=3638.1MB, cuda_free=6423.8MB, cuda_total=48519.1MB
[2026-06-10 04:14:09] Epoch 25 train batch [700/1875] loss=0.0685 avg_loss=0.0928. Resources: rss=2099.4MB, peak_rss=2506.3MB, cuda_alloc=351.3MB, cuda_reserved=41544.0MB, cuda_peak_alloc=3638.1MB, cuda_free=6423.8MB, cuda_total=48519.1MB
[2026-06-10 04:14:11] Epoch 25 train batch [720/1875] loss=0.0554 avg_loss=0.0925. Resources: rss=2099.9MB, peak_rss=2506.3MB, cuda_alloc=351.3MB, cuda_reserved=43564.0MB, cuda_peak_alloc=3638.1MB, cuda_free=4403.8MB, cuda_total=48519.1MB
[2026-06-10 04:14:14] Epoch 25 train batch [740/1875] loss=0.2280 avg_loss=0.0932. Resources: rss=2099.9MB, peak_rss=2506.3MB, cuda_alloc=351.3MB, cuda_reserved=43564.0MB, cuda_peak_alloc=3638.1MB, cuda_free=4403.8MB, cuda_total=48519.1MB
[2026-06-10 04:14:16] Epoch 25 train batch [760/1875] loss=0.0763 avg_loss=0.0932. Resources: rss=2099.9MB, peak_rss=2506.3MB, cuda_alloc=351.3MB, cuda_reserved=43564.0MB, cuda_peak_alloc=3638.1MB, cuda_free=4403.8MB, cuda_total=48519.1MB
[2026-06-10 04:14:19] Epoch 25 train batch [780/1875] loss=0.0512 avg_loss=0.0936. Resources: rss=2099.9MB, peak_rss=2506.3MB, cuda_alloc=351.3MB, cuda_reserved=43564.0MB, cuda_peak_alloc=3638.1MB, cuda_free=4403.8MB, cuda_total=48519.1MB
[2026-06-10 04:14:21] Epoch 25 train batch [800/1875] loss=0.1643 avg_loss=0.0939. Resources: rss=2099.9MB, peak_rss=2506.3MB, cuda_alloc=351.3MB, cuda_reserved=43564.0MB, cuda_peak_alloc=3638.1MB, cuda_free=4403.8MB, cuda_total=48519.1MB
[2026-06-10 04:14:24] Epoch 25 train batch [820/1875] loss=0.0435 avg_loss=0.0935. Resources: rss=2099.9MB, peak_rss=2506.3MB, cuda_alloc=351.3MB, cuda_reserved=43564.0MB, cuda_peak_alloc=3638.1MB, cuda_free=4403.8MB, cuda_total=48519.1MB
[2026-06-10 04:14:27] Epoch 25 train batch [840/1875] loss=0.1771 avg_loss=0.0939. Resources: rss=2099.9MB, peak_rss=2506.3MB, cuda_alloc=351.3MB, cuda_reserved=43564.0MB, cuda_peak_alloc=3638.1MB, cuda_free=4403.8MB, cuda_total=48519.1MB
[2026-06-10 04:14:29] Epoch 25 train batch [860/1875] loss=0.1080 avg_loss=0.0940. Resources: rss=2099.9MB, peak_rss=2506.3MB, cuda_alloc=351.3MB, cuda_reserved=43564.0MB, cuda_peak_alloc=3638.1MB, cuda_free=4403.8MB, cuda_total=48519.1MB
[2026-06-10 04:14:32] Epoch 25 train batch [880/1875] loss=0.0813 avg_loss=0.0937. Resources: rss=2099.9MB, peak_rss=2506.3MB, cuda_alloc=351.3MB, cuda_reserved=43564.0MB, cuda_peak_alloc=3638.1MB, cuda_free=4403.8MB, cuda_total=48519.1MB
[2026-06-10 04:14:35] Epoch 25 train batch [900/1875] loss=0.0530 avg_loss=0.0935. Resources: rss=2099.9MB, peak_rss=2506.3MB, cuda_alloc=351.3MB, cuda_reserved=43564.0MB, cuda_peak_alloc=3638.1MB, cuda_free=4403.8MB, cuda_total=48519.1MB
[2026-06-10 04:14:38] Epoch 25 train batch [920/1875] loss=0.2017 avg_loss=0.0933. Resources: rss=2099.9MB, peak_rss=2506.3MB, cuda_alloc=351.3MB, cuda_reserved=43564.0MB, cuda_peak_alloc=3638.1MB, cuda_free=4403.8MB, cuda_total=48519.1MB
[2026-06-10 04:14:40] Epoch 25 train batch [940/1875] loss=0.0616 avg_loss=0.0928. Resources: rss=2099.9MB, peak_rss=2506.3MB, cuda_alloc=351.3MB, cuda_reserved=43564.0MB, cuda_peak_alloc=3638.1MB, cuda_free=4403.8MB, cuda_total=48519.1MB
[2026-06-10 04:14:43] Epoch 25 train batch [960/1875] loss=0.0626 avg_loss=0.0926. Resources: rss=2099.9MB, peak_rss=2506.3MB, cuda_alloc=351.3MB, cuda_reserved=43564.0MB, cuda_peak_alloc=3638.1MB, cuda_free=4403.8MB, cuda_total=48519.1MB
[2026-06-10 04:14:45] Epoch 25 train batch [980/1875] loss=0.0512 avg_loss=0.0924. Resources: rss=2099.9MB, peak_rss=2506.3MB, cuda_alloc=351.3MB, cuda_reserved=44804.0MB, cuda_peak_alloc=3638.1MB, cuda_free=3163.8MB, cuda_total=48519.1MB
[2026-06-10 04:14:48] Epoch 25 train batch [1000/1875] loss=0.1657 avg_loss=0.0922. Resources: rss=2099.9MB, peak_rss=2506.3MB, cuda_alloc=351.3MB, cuda_reserved=44804.0MB, cuda_peak_alloc=3638.1MB, cuda_free=3163.8MB, cuda_total=48519.1MB
[2026-06-10 04:14:50] Epoch 25 train batch [1020/1875] loss=0.0733 avg_loss=0.0922. Resources: rss=2099.9MB, peak_rss=2506.3MB, cuda_alloc=351.3MB, cuda_reserved=44804.0MB, cuda_peak_alloc=3638.1MB, cuda_free=3163.8MB, cuda_total=48519.1MB
[2026-06-10 04:14:53] Epoch 25 train batch [1040/1875] loss=0.1016 avg_loss=0.0923. Resources: rss=2065.0MB, peak_rss=2506.3MB, cuda_alloc=351.3MB, cuda_reserved=44804.0MB, cuda_peak_alloc=3638.1MB, cuda_free=3163.8MB, cuda_total=48519.1MB
[2026-06-10 04:14:56] Epoch 25 train batch [1060/1875] loss=0.0612 avg_loss=0.0922. Resources: rss=2094.3MB, peak_rss=2506.3MB, cuda_alloc=351.3MB, cuda_reserved=44804.0MB, cuda_peak_alloc=3638.1MB, cuda_free=3163.8MB, cuda_total=48519.1MB
[2026-06-10 04:14:58] Epoch 25 train batch [1080/1875] loss=0.1967 avg_loss=0.0925. Resources: rss=2098.0MB, peak_rss=2506.3MB, cuda_alloc=351.3MB, cuda_reserved=44804.0MB, cuda_peak_alloc=3638.1MB, cuda_free=3163.8MB, cuda_total=48519.1MB
[2026-06-10 04:15:01] Epoch 25 train batch [1100/1875] loss=0.1207 avg_loss=0.0924. Resources: rss=2098.3MB, peak_rss=2506.3MB, cuda_alloc=351.3MB, cuda_reserved=44804.0MB, cuda_peak_alloc=3638.1MB, cuda_free=3163.8MB, cuda_total=48519.1MB
[2026-06-10 04:15:04] Epoch 25 train batch [1120/1875] loss=0.1104 avg_loss=0.0926. Resources: rss=2099.8MB, peak_rss=2506.3MB, cuda_alloc=351.3MB, cuda_reserved=44804.0MB, cuda_peak_alloc=3638.1MB, cuda_free=3163.8MB, cuda_total=48519.1MB
[2026-06-10 04:15:06] Epoch 25 train batch [1140/1875] loss=0.0927 avg_loss=0.0925. Resources: rss=2100.0MB, peak_rss=2506.3MB, cuda_alloc=351.3MB, cuda_reserved=44804.0MB, cuda_peak_alloc=3638.1MB, cuda_free=3163.8MB, cuda_total=48519.1MB
[2026-06-10 04:15:09] Epoch 25 train batch [1160/1875] loss=0.0982 avg_loss=0.0926. Resources: rss=2100.0MB, peak_rss=2506.3MB, cuda_alloc=351.3MB, cuda_reserved=44804.0MB, cuda_peak_alloc=3638.1MB, cuda_free=3163.8MB, cuda_total=48519.1MB
[2026-06-10 04:15:11] Epoch 25 train batch [1180/1875] loss=0.0611 avg_loss=0.0928. Resources: rss=2100.0MB, peak_rss=2506.3MB, cuda_alloc=351.3MB, cuda_reserved=44804.0MB, cuda_peak_alloc=3638.1MB, cuda_free=3163.8MB, cuda_total=48519.1MB
[2026-06-10 04:15:14] Epoch 25 train batch [1200/1875] loss=0.0386 avg_loss=0.0929. Resources: rss=2100.0MB, peak_rss=2506.3MB, cuda_alloc=351.3MB, cuda_reserved=44804.0MB, cuda_peak_alloc=3638.1MB, cuda_free=3163.8MB, cuda_total=48519.1MB
[2026-06-10 04:15:17] Epoch 25 train batch [1220/1875] loss=0.1495 avg_loss=0.0933. Resources: rss=2100.0MB, peak_rss=2506.3MB, cuda_alloc=351.3MB, cuda_reserved=44804.0MB, cuda_peak_alloc=3638.1MB, cuda_free=3163.8MB, cuda_total=48519.1MB
[2026-06-10 04:15:19] Epoch 25 train batch [1240/1875] loss=0.1777 avg_loss=0.0934. Resources: rss=2100.0MB, peak_rss=2506.3MB, cuda_alloc=351.3MB, cuda_reserved=44804.0MB, cuda_peak_alloc=3638.1MB, cuda_free=3163.8MB, cuda_total=48519.1MB
[2026-06-10 04:15:22] Epoch 25 train batch [1260/1875] loss=0.0602 avg_loss=0.0933. Resources: rss=2100.0MB, peak_rss=2506.3MB, cuda_alloc=351.3MB, cuda_reserved=44804.0MB, cuda_peak_alloc=3638.1MB, cuda_free=3163.8MB, cuda_total=48519.1MB
[2026-06-10 04:15:24] Epoch 25 train batch [1280/1875] loss=0.1676 avg_loss=0.0933. Resources: rss=2100.0MB, peak_rss=2506.3MB, cuda_alloc=351.3MB, cuda_reserved=44804.0MB, cuda_peak_alloc=3638.1MB, cuda_free=3163.8MB, cuda_total=48519.1MB
[2026-06-10 04:15:27] Epoch 25 train batch [1300/1875] loss=0.0675 avg_loss=0.0932. Resources: rss=2100.0MB, peak_rss=2506.3MB, cuda_alloc=351.3MB, cuda_reserved=44804.0MB, cuda_peak_alloc=3638.1MB, cuda_free=3163.8MB, cuda_total=48519.1MB
[2026-06-10 04:15:30] Epoch 25 train batch [1320/1875] loss=0.0862 avg_loss=0.0930. Resources: rss=2100.0MB, peak_rss=2506.3MB, cuda_alloc=351.3MB, cuda_reserved=44804.0MB, cuda_peak_alloc=3638.1MB, cuda_free=3163.8MB, cuda_total=48519.1MB
[2026-06-10 04:15:32] Epoch 25 train batch [1340/1875] loss=0.1580 avg_loss=0.0931. Resources: rss=2100.0MB, peak_rss=2506.3MB, cuda_alloc=351.3MB, cuda_reserved=44804.0MB, cuda_peak_alloc=3638.1MB, cuda_free=3163.8MB, cuda_total=48519.1MB
[2026-06-10 04:15:35] Epoch 25 train batch [1360/1875] loss=0.1078 avg_loss=0.0930. Resources: rss=2100.0MB, peak_rss=2506.3MB, cuda_alloc=351.3MB, cuda_reserved=44804.0MB, cuda_peak_alloc=3638.1MB, cuda_free=3163.8MB, cuda_total=48519.1MB
[2026-06-10 04:15:37] Epoch 25 train batch [1380/1875] loss=0.1032 avg_loss=0.0931. Resources: rss=2100.0MB, peak_rss=2506.3MB, cuda_alloc=351.3MB, cuda_reserved=44804.0MB, cuda_peak_alloc=3638.1MB, cuda_free=3163.8MB, cuda_total=48519.1MB
[2026-06-10 04:15:40] Epoch 25 train batch [1400/1875] loss=0.1790 avg_loss=0.0934. Resources: rss=2100.0MB, peak_rss=2506.3MB, cuda_alloc=351.3MB, cuda_reserved=44804.0MB, cuda_peak_alloc=3638.1MB, cuda_free=3163.8MB, cuda_total=48519.1MB
[2026-06-10 04:15:43] Epoch 25 train batch [1420/1875] loss=0.1251 avg_loss=0.0935. Resources: rss=2100.0MB, peak_rss=2506.3MB, cuda_alloc=351.3MB, cuda_reserved=44804.0MB, cuda_peak_alloc=3638.1MB, cuda_free=3163.8MB, cuda_total=48519.1MB
[2026-06-10 04:15:45] Epoch 25 train batch [1440/1875] loss=0.1387 avg_loss=0.0937. Resources: rss=2100.0MB, peak_rss=2506.3MB, cuda_alloc=351.3MB, cuda_reserved=44804.0MB, cuda_peak_alloc=3638.1MB, cuda_free=3163.8MB, cuda_total=48519.1MB
[2026-06-10 04:15:48] Epoch 25 train batch [1460/1875] loss=0.0447 avg_loss=0.0935. Resources: rss=2100.0MB, peak_rss=2506.3MB, cuda_alloc=351.3MB, cuda_reserved=44804.0MB, cuda_peak_alloc=3638.1MB, cuda_free=3163.8MB, cuda_total=48519.1MB
[2026-06-10 04:15:50] Epoch 25 train batch [1480/1875] loss=0.0539 avg_loss=0.0935. Resources: rss=2100.0MB, peak_rss=2506.3MB, cuda_alloc=351.3MB, cuda_reserved=44804.0MB, cuda_peak_alloc=3638.1MB, cuda_free=3163.8MB, cuda_total=48519.1MB
[2026-06-10 04:15:54] Epoch 25 train batch [1500/1875] loss=0.0891 avg_loss=0.0937. Resources: rss=2100.3MB, peak_rss=2506.3MB, cuda_alloc=351.3MB, cuda_reserved=12362.0MB, cuda_peak_alloc=3638.1MB, cuda_free=35605.8MB, cuda_total=48519.1MB
[2026-06-10 04:15:56] Epoch 25 train batch [1520/1875] loss=0.0887 avg_loss=0.0936. Resources: rss=2100.3MB, peak_rss=2506.3MB, cuda_alloc=351.3MB, cuda_reserved=19402.0MB, cuda_peak_alloc=3638.1MB, cuda_free=28565.8MB, cuda_total=48519.1MB
[2026-06-10 04:15:59] Epoch 25 train batch [1540/1875] loss=0.1039 avg_loss=0.0937. Resources: rss=2100.3MB, peak_rss=2506.3MB, cuda_alloc=351.3MB, cuda_reserved=21702.0MB, cuda_peak_alloc=3638.1MB, cuda_free=26265.8MB, cuda_total=48519.1MB
[2026-06-10 04:16:02] Epoch 25 train batch [1560/1875] loss=0.0858 avg_loss=0.0936. Resources: rss=2100.5MB, peak_rss=2506.3MB, cuda_alloc=351.3MB, cuda_reserved=21702.0MB, cuda_peak_alloc=3638.1MB, cuda_free=26265.8MB, cuda_total=48519.1MB
[2026-06-10 04:16:04] Epoch 25 train batch [1580/1875] loss=0.1563 avg_loss=0.0936. Resources: rss=2100.5MB, peak_rss=2506.3MB, cuda_alloc=351.3MB, cuda_reserved=21702.0MB, cuda_peak_alloc=3638.1MB, cuda_free=26265.8MB, cuda_total=48519.1MB
[2026-06-10 04:16:07] Epoch 25 train batch [1600/1875] loss=0.0397 avg_loss=0.0935. Resources: rss=2100.5MB, peak_rss=2506.3MB, cuda_alloc=351.3MB, cuda_reserved=30142.0MB, cuda_peak_alloc=3638.1MB, cuda_free=17825.8MB, cuda_total=48519.1MB
[2026-06-10 04:16:10] Epoch 25 train batch [1620/1875] loss=0.1095 avg_loss=0.0933. Resources: rss=2100.5MB, peak_rss=2506.3MB, cuda_alloc=351.3MB, cuda_reserved=30142.0MB, cuda_peak_alloc=3638.1MB, cuda_free=17825.8MB, cuda_total=48519.1MB
[2026-06-10 04:16:12] Epoch 25 train batch [1640/1875] loss=0.0528 avg_loss=0.0932. Resources: rss=2100.5MB, peak_rss=2506.3MB, cuda_alloc=351.3MB, cuda_reserved=30142.0MB, cuda_peak_alloc=3638.1MB, cuda_free=17825.8MB, cuda_total=48519.1MB
[2026-06-10 04:16:15] Epoch 25 train batch [1660/1875] loss=0.1039 avg_loss=0.0933. Resources: rss=2079.8MB, peak_rss=2506.3MB, cuda_alloc=351.3MB, cuda_reserved=30142.0MB, cuda_peak_alloc=3638.1MB, cuda_free=17825.8MB, cuda_total=48519.1MB
[2026-06-10 04:16:17] Epoch 25 train batch [1680/1875] loss=0.0477 avg_loss=0.0933. Resources: rss=2093.3MB, peak_rss=2506.3MB, cuda_alloc=351.3MB, cuda_reserved=30144.0MB, cuda_peak_alloc=3638.1MB, cuda_free=17823.8MB, cuda_total=48519.1MB
[2026-06-10 04:16:20] Epoch 25 train batch [1700/1875] loss=0.0724 avg_loss=0.0933. Resources: rss=2097.3MB, peak_rss=2506.3MB, cuda_alloc=351.3MB, cuda_reserved=30144.0MB, cuda_peak_alloc=3638.1MB, cuda_free=17823.8MB, cuda_total=48519.1MB
[2026-06-10 04:16:22] Epoch 25 train batch [1720/1875] loss=0.0542 avg_loss=0.0931. Resources: rss=2097.8MB, peak_rss=2506.3MB, cuda_alloc=351.3MB, cuda_reserved=30144.0MB, cuda_peak_alloc=3638.1MB, cuda_free=17823.8MB, cuda_total=48519.1MB
[2026-06-10 04:16:25] Epoch 25 train batch [1740/1875] loss=0.0517 avg_loss=0.0928. Resources: rss=2097.8MB, peak_rss=2506.3MB, cuda_alloc=351.3MB, cuda_reserved=36184.0MB, cuda_peak_alloc=3638.1MB, cuda_free=11783.8MB, cuda_total=48519.1MB
[2026-06-10 04:16:28] Epoch 25 train batch [1760/1875] loss=0.0584 avg_loss=0.0927. Resources: rss=2097.8MB, peak_rss=2506.3MB, cuda_alloc=351.3MB, cuda_reserved=36184.0MB, cuda_peak_alloc=3638.1MB, cuda_free=11783.8MB, cuda_total=48519.1MB
[2026-06-10 04:16:30] Epoch 25 train batch [1780/1875] loss=0.1167 avg_loss=0.0927. Resources: rss=2097.8MB, peak_rss=2506.3MB, cuda_alloc=351.3MB, cuda_reserved=36184.0MB, cuda_peak_alloc=3638.1MB, cuda_free=11783.8MB, cuda_total=48519.1MB
[2026-06-10 04:16:34] Epoch 25 train batch [1800/1875] loss=0.1115 avg_loss=0.0925. Resources: rss=2099.3MB, peak_rss=2506.3MB, cuda_alloc=351.3MB, cuda_reserved=18922.0MB, cuda_peak_alloc=3638.1MB, cuda_free=29045.8MB, cuda_total=48519.1MB
[2026-06-10 04:16:36] Epoch 25 train batch [1820/1875] loss=0.1143 avg_loss=0.0924. Resources: rss=2102.1MB, peak_rss=2506.3MB, cuda_alloc=351.3MB, cuda_reserved=22722.0MB, cuda_peak_alloc=3638.1MB, cuda_free=25245.8MB, cuda_total=48519.1MB
[2026-06-10 04:16:39] Epoch 25 train batch [1840/1875] loss=0.1607 avg_loss=0.0925. Resources: rss=2102.3MB, peak_rss=2506.3MB, cuda_alloc=351.3MB, cuda_reserved=36182.0MB, cuda_peak_alloc=3638.1MB, cuda_free=11785.8MB, cuda_total=48519.1MB
[2026-06-10 04:16:42] Epoch 25 train batch [1860/1875] loss=0.0436 avg_loss=0.0923. Resources: rss=2102.3MB, peak_rss=2506.3MB, cuda_alloc=351.3MB, cuda_reserved=36182.0MB, cuda_peak_alloc=3638.1MB, cuda_free=11785.8MB, cuda_total=48519.1MB
[2026-06-10 04:16:44] Epoch 25 train batch [1875/1875] loss=0.1075 avg_loss=0.0923. Resources: rss=2102.3MB, peak_rss=2506.3MB, cuda_alloc=351.3MB, cuda_reserved=41742.0MB, cuda_peak_alloc=3638.1MB, cuda_free=6225.8MB, cuda_total=48519.1MB
[2026-06-10 04:16:44] Epoch 25 training completed. Resources: rss=2102.3MB, peak_rss=2506.3MB, cuda_alloc=351.3MB, cuda_reserved=41742.0MB, cuda_peak_alloc=3638.1MB, cuda_free=6225.8MB, cuda_total=48519.1MB
[2026-06-10 04:16:45] Epoch 25 cache released before validation loss. Resources: rss=2041.2MB, peak_rss=2506.3MB, cuda_alloc=351.3MB, cuda_reserved=490.0MB, cuda_peak_alloc=351.3MB, cuda_free=47477.8MB, cuda_total=48519.1MB
[2026-06-10 04:17:05] Epoch 25 validation loss completed: 0.5520. Resources: rss=2098.9MB, peak_rss=2506.3MB, cuda_alloc=351.3MB, cuda_reserved=11820.0MB, cuda_peak_alloc=1426.1MB, cuda_free=36147.8MB, cuda_total=48519.1MB
[2026-06-10 04:17:06] Epoch 25 cache released before detection metrics. Resources: rss=2038.0MB, peak_rss=2506.3MB, cuda_alloc=351.3MB, cuda_reserved=490.0MB, cuda_peak_alloc=351.3MB, cuda_free=47477.8MB, cuda_total=48519.1MB
[2026-06-10 04:17:26] Epoch 25 prediction tensors moved to CPU. Computing metrics. Resources: rss=2038.1MB, peak_rss=2506.3MB, cuda_alloc=351.3MB, cuda_reserved=490.0MB, cuda_peak_alloc=351.3MB, cuda_free=47477.8MB, cuda_total=48519.1MB
[2026-06-10 04:17:26] Epoch 25 metrics computed (mAP@0.5 only). Saving artifacts. Resources: rss=2039.1MB, peak_rss=2506.3MB, cuda_alloc=351.3MB, cuda_reserved=490.0MB, cuda_peak_alloc=351.3MB, cuda_free=47477.8MB, cuda_total=48519.1MB
[2026-06-10 04:17:27] Epoch 25 did not improve mAP@0.5 enough. Early stopping counter: 6/10.
Epoch [25/30]
├── Train Loss : 0.0923
│   ├── loss_classifier  : 0.0444
│   ├── loss_box_reg     : 0.0479
│   ├── loss_objectness  : 0.0000
│   └── loss_rpn_box_reg : 0.0000
├── Val Loss   : 0.5520
├── mAP@0.5    : 0.7102
├── mAP@0.75   : n/a
├── mAP@0.5:0.95 : n/a
├── Precision  : 0.7284
├── Recall     : 0.7536
├── GT Boxes   : 2021
├── Predictions: 2091
├── Per-class AP
│   ├── person  : AP50=0.7456, AP75=n/a, AP50:95=n/a, P=0.7643, R=0.7849
│   ├── car     : AP50=0.7027, AP75=n/a, AP50:95=n/a, P=0.6762, R=0.7527
│   ├── dog     : AP50=0.8087, AP75=n/a, AP50:95=n/a, P=0.6960, R=0.8447
│   ├── cat     : AP50=0.8740, AP75=n/a, AP50:95=n/a, P=0.8351, R=0.8920
│   └── chair   : AP50=0.4201, AP75=n/a, AP50:95=n/a, P=0.5787, R=0.4823
├── LR         : 0.001000
└── Time       : 291.6s
[2026-06-10 04:17:27] Epoch [25/30] completed. Resources: rss=2037.9MB, peak_rss=2506.3MB, cuda_alloc=351.3MB, cuda_reserved=490.0MB, cuda_peak_alloc=351.3MB, cuda_free=47477.8MB, cuda_total=48519.1MB
[2026-06-10 04:17:27] Epoch [26/30] started. Resources: rss=2037.9MB, peak_rss=2506.3MB, cuda_alloc=351.3MB, cuda_reserved=490.0MB, cuda_peak_alloc=351.3MB, cuda_free=47477.8MB, cuda_total=48519.1MB
[2026-06-10 04:17:29] Epoch 26 train batch [20/1875] loss=0.0909 avg_loss=0.0906. Resources: rss=2096.2MB, peak_rss=2506.3MB, cuda_alloc=351.3MB, cuda_reserved=44102.0MB, cuda_peak_alloc=3356.1MB, cuda_free=3865.8MB, cuda_total=48519.1MB
[2026-06-10 04:17:33] Epoch 26 train batch [40/1875] loss=0.0915 avg_loss=0.0898. Resources: rss=2081.3MB, peak_rss=2506.3MB, cuda_alloc=351.3MB, cuda_reserved=36702.0MB, cuda_peak_alloc=3637.5MB, cuda_free=11265.8MB, cuda_total=48519.1MB
[2026-06-10 04:17:36] Epoch 26 train batch [60/1875] loss=0.0835 avg_loss=0.0903. Resources: rss=2087.3MB, peak_rss=2506.3MB, cuda_alloc=351.3MB, cuda_reserved=25182.0MB, cuda_peak_alloc=3637.5MB, cuda_free=22785.8MB, cuda_total=48519.1MB
[2026-06-10 04:17:39] Epoch 26 train batch [80/1875] loss=0.0698 avg_loss=0.0887. Resources: rss=2093.5MB, peak_rss=2506.3MB, cuda_alloc=351.3MB, cuda_reserved=14722.0MB, cuda_peak_alloc=3637.7MB, cuda_free=33245.8MB, cuda_total=48519.1MB
[2026-06-10 04:17:42] Epoch 26 train batch [100/1875] loss=0.0346 avg_loss=0.0882. Resources: rss=2097.8MB, peak_rss=2506.3MB, cuda_alloc=351.3MB, cuda_reserved=29222.0MB, cuda_peak_alloc=3638.2MB, cuda_free=18745.8MB, cuda_total=48519.1MB
[2026-06-10 04:17:45] Epoch 26 train batch [120/1875] loss=0.1781 avg_loss=0.0878. Resources: rss=2100.5MB, peak_rss=2506.3MB, cuda_alloc=351.3MB, cuda_reserved=29222.0MB, cuda_peak_alloc=3638.2MB, cuda_free=18745.8MB, cuda_total=48519.1MB
[2026-06-10 04:17:47] Epoch 26 train batch [140/1875] loss=0.0253 avg_loss=0.0862. Resources: rss=2100.8MB, peak_rss=2506.3MB, cuda_alloc=351.3MB, cuda_reserved=29262.0MB, cuda_peak_alloc=3638.2MB, cuda_free=18705.8MB, cuda_total=48519.1MB
[2026-06-10 04:17:50] Epoch 26 train batch [160/1875] loss=0.0650 avg_loss=0.0867. Resources: rss=2101.5MB, peak_rss=2506.3MB, cuda_alloc=351.3MB, cuda_reserved=29262.0MB, cuda_peak_alloc=3638.2MB, cuda_free=18705.8MB, cuda_total=48519.1MB
[2026-06-10 04:17:52] Epoch 26 train batch [180/1875] loss=0.0495 avg_loss=0.0843. Resources: rss=2101.8MB, peak_rss=2506.3MB, cuda_alloc=351.3MB, cuda_reserved=30482.0MB, cuda_peak_alloc=3638.2MB, cuda_free=17485.8MB, cuda_total=48519.1MB
[2026-06-10 04:17:55] Epoch 26 train batch [200/1875] loss=0.0654 avg_loss=0.0844. Resources: rss=2101.8MB, peak_rss=2506.3MB, cuda_alloc=351.3MB, cuda_reserved=30484.0MB, cuda_peak_alloc=3638.2MB, cuda_free=17483.8MB, cuda_total=48519.1MB
[2026-06-10 04:17:58] Epoch 26 train batch [220/1875] loss=0.1754 avg_loss=0.0850. Resources: rss=2101.8MB, peak_rss=2506.3MB, cuda_alloc=351.3MB, cuda_reserved=30584.0MB, cuda_peak_alloc=3638.2MB, cuda_free=17383.8MB, cuda_total=48519.1MB
[2026-06-10 04:18:00] Epoch 26 train batch [240/1875] loss=0.1141 avg_loss=0.0870. Resources: rss=2101.8MB, peak_rss=2506.3MB, cuda_alloc=351.3MB, cuda_reserved=37264.0MB, cuda_peak_alloc=3638.2MB, cuda_free=10703.8MB, cuda_total=48519.1MB
[2026-06-10 04:18:03] Epoch 26 train batch [260/1875] loss=0.0488 avg_loss=0.0873. Resources: rss=2101.8MB, peak_rss=2506.3MB, cuda_alloc=351.3MB, cuda_reserved=37264.0MB, cuda_peak_alloc=3638.2MB, cuda_free=10703.8MB, cuda_total=48519.1MB
[2026-06-10 04:18:06] Epoch 26 train batch [280/1875] loss=0.0165 avg_loss=0.0872. Resources: rss=2102.3MB, peak_rss=2506.3MB, cuda_alloc=351.3MB, cuda_reserved=44904.0MB, cuda_peak_alloc=3638.2MB, cuda_free=3063.8MB, cuda_total=48519.1MB
[2026-06-10 04:18:09] Epoch 26 train batch [300/1875] loss=0.0551 avg_loss=0.0872. Resources: rss=2097.7MB, peak_rss=2506.3MB, cuda_alloc=351.3MB, cuda_reserved=26682.0MB, cuda_peak_alloc=3638.2MB, cuda_free=21285.8MB, cuda_total=48519.1MB
[2026-06-10 04:18:12] Epoch 26 train batch [320/1875] loss=0.0758 avg_loss=0.0867. Resources: rss=2084.9MB, peak_rss=2506.3MB, cuda_alloc=351.3MB, cuda_reserved=25362.0MB, cuda_peak_alloc=3638.2MB, cuda_free=22605.8MB, cuda_total=48519.1MB
[2026-06-10 04:18:16] Epoch 26 train batch [340/1875] loss=0.0415 avg_loss=0.0873. Resources: rss=2095.4MB, peak_rss=2506.3MB, cuda_alloc=351.3MB, cuda_reserved=15202.0MB, cuda_peak_alloc=3638.2MB, cuda_free=32765.8MB, cuda_total=48519.1MB
[2026-06-10 04:18:18] Epoch 26 train batch [360/1875] loss=0.0363 avg_loss=0.0872. Resources: rss=2098.4MB, peak_rss=2506.3MB, cuda_alloc=351.3MB, cuda_reserved=29682.0MB, cuda_peak_alloc=3638.2MB, cuda_free=18285.8MB, cuda_total=48519.1MB
[2026-06-10 04:18:22] Epoch 26 train batch [380/1875] loss=0.0964 avg_loss=0.0869. Resources: rss=2098.4MB, peak_rss=2506.3MB, cuda_alloc=351.3MB, cuda_reserved=19862.0MB, cuda_peak_alloc=3638.2MB, cuda_free=28105.8MB, cuda_total=48519.1MB
[2026-06-10 04:18:24] Epoch 26 train batch [400/1875] loss=0.0506 avg_loss=0.0860. Resources: rss=2100.4MB, peak_rss=2506.3MB, cuda_alloc=351.3MB, cuda_reserved=37982.0MB, cuda_peak_alloc=3638.2MB, cuda_free=9985.8MB, cuda_total=48519.1MB
[2026-06-10 04:18:27] Epoch 26 train batch [420/1875] loss=0.0983 avg_loss=0.0864. Resources: rss=2100.4MB, peak_rss=2506.3MB, cuda_alloc=351.3MB, cuda_reserved=40442.0MB, cuda_peak_alloc=3638.2MB, cuda_free=7525.8MB, cuda_total=48519.1MB
[2026-06-10 04:18:30] Epoch 26 train batch [440/1875] loss=0.1508 avg_loss=0.0870. Resources: rss=2100.4MB, peak_rss=2506.3MB, cuda_alloc=351.3MB, cuda_reserved=12562.0MB, cuda_peak_alloc=3638.2MB, cuda_free=35405.8MB, cuda_total=48519.1MB
[2026-06-10 04:18:32] Epoch 26 train batch [460/1875] loss=0.0579 avg_loss=0.0879. Resources: rss=2100.4MB, peak_rss=2506.3MB, cuda_alloc=351.3MB, cuda_reserved=34582.0MB, cuda_peak_alloc=3638.2MB, cuda_free=13385.8MB, cuda_total=48519.1MB
[2026-06-10 04:18:35] Epoch 26 train batch [480/1875] loss=0.2927 avg_loss=0.0888. Resources: rss=2100.4MB, peak_rss=2506.3MB, cuda_alloc=351.3MB, cuda_reserved=34582.0MB, cuda_peak_alloc=3638.2MB, cuda_free=13385.8MB, cuda_total=48519.1MB
[2026-06-10 04:18:38] Epoch 26 train batch [500/1875] loss=0.1522 avg_loss=0.0889. Resources: rss=2100.4MB, peak_rss=2506.3MB, cuda_alloc=351.3MB, cuda_reserved=34582.0MB, cuda_peak_alloc=3638.2MB, cuda_free=13385.8MB, cuda_total=48519.1MB
[2026-06-10 04:18:40] Epoch 26 train batch [520/1875] loss=0.1005 avg_loss=0.0889. Resources: rss=2100.4MB, peak_rss=2506.3MB, cuda_alloc=351.3MB, cuda_reserved=39242.0MB, cuda_peak_alloc=3638.2MB, cuda_free=8725.8MB, cuda_total=48519.1MB
[2026-06-10 04:18:43] Epoch 26 train batch [540/1875] loss=0.0743 avg_loss=0.0887. Resources: rss=2100.4MB, peak_rss=2506.3MB, cuda_alloc=351.3MB, cuda_reserved=39242.0MB, cuda_peak_alloc=3638.2MB, cuda_free=8725.8MB, cuda_total=48519.1MB
[2026-06-10 04:18:46] Epoch 26 train batch [560/1875] loss=0.0900 avg_loss=0.0887. Resources: rss=2100.4MB, peak_rss=2506.3MB, cuda_alloc=351.3MB, cuda_reserved=39242.0MB, cuda_peak_alloc=3638.2MB, cuda_free=8725.8MB, cuda_total=48519.1MB
[2026-06-10 04:18:48] Epoch 26 train batch [580/1875] loss=0.0585 avg_loss=0.0885. Resources: rss=2100.4MB, peak_rss=2506.3MB, cuda_alloc=351.3MB, cuda_reserved=39242.0MB, cuda_peak_alloc=3638.2MB, cuda_free=8725.8MB, cuda_total=48519.1MB
[2026-06-10 04:18:51] Epoch 26 train batch [600/1875] loss=0.1397 avg_loss=0.0890. Resources: rss=2100.4MB, peak_rss=2506.3MB, cuda_alloc=351.3MB, cuda_reserved=39242.0MB, cuda_peak_alloc=3638.2MB, cuda_free=8725.8MB, cuda_total=48519.1MB
[2026-06-10 04:18:53] Epoch 26 train batch [620/1875] loss=0.1346 avg_loss=0.0889. Resources: rss=2100.4MB, peak_rss=2506.3MB, cuda_alloc=351.3MB, cuda_reserved=42242.0MB, cuda_peak_alloc=3638.2MB, cuda_free=5725.8MB, cuda_total=48519.1MB
[2026-06-10 04:18:56] Epoch 26 train batch [640/1875] loss=0.0903 avg_loss=0.0889. Resources: rss=2100.4MB, peak_rss=2506.3MB, cuda_alloc=351.3MB, cuda_reserved=42242.0MB, cuda_peak_alloc=3638.2MB, cuda_free=5725.8MB, cuda_total=48519.1MB
[2026-06-10 04:18:59] Epoch 26 train batch [660/1875] loss=0.1271 avg_loss=0.0887. Resources: rss=2092.0MB, peak_rss=2506.3MB, cuda_alloc=351.3MB, cuda_reserved=42242.0MB, cuda_peak_alloc=3638.2MB, cuda_free=5725.8MB, cuda_total=48519.1MB
[2026-06-10 04:19:02] Epoch 26 train batch [680/1875] loss=0.0836 avg_loss=0.0888. Resources: rss=2092.7MB, peak_rss=2506.3MB, cuda_alloc=351.3MB, cuda_reserved=42242.0MB, cuda_peak_alloc=3638.2MB, cuda_free=5725.8MB, cuda_total=48519.1MB
[2026-06-10 04:19:04] Epoch 26 train batch [700/1875] loss=0.0544 avg_loss=0.0891. Resources: rss=2095.0MB, peak_rss=2506.3MB, cuda_alloc=351.3MB, cuda_reserved=42242.0MB, cuda_peak_alloc=3638.2MB, cuda_free=5725.8MB, cuda_total=48519.1MB
[2026-06-10 04:19:07] Epoch 26 train batch [720/1875] loss=0.1091 avg_loss=0.0887. Resources: rss=2097.7MB, peak_rss=2506.3MB, cuda_alloc=351.3MB, cuda_reserved=42242.0MB, cuda_peak_alloc=3638.2MB, cuda_free=5725.8MB, cuda_total=48519.1MB
[2026-06-10 04:19:09] Epoch 26 train batch [740/1875] loss=0.0831 avg_loss=0.0886. Resources: rss=2097.7MB, peak_rss=2506.3MB, cuda_alloc=351.3MB, cuda_reserved=42242.0MB, cuda_peak_alloc=3638.2MB, cuda_free=5725.8MB, cuda_total=48519.1MB
[2026-06-10 04:19:12] Epoch 26 train batch [760/1875] loss=0.0554 avg_loss=0.0884. Resources: rss=2097.7MB, peak_rss=2506.3MB, cuda_alloc=351.3MB, cuda_reserved=42242.0MB, cuda_peak_alloc=3638.2MB, cuda_free=5725.8MB, cuda_total=48519.1MB
[2026-06-10 04:19:14] Epoch 26 train batch [780/1875] loss=0.1228 avg_loss=0.0885. Resources: rss=2097.7MB, peak_rss=2506.3MB, cuda_alloc=351.3MB, cuda_reserved=42242.0MB, cuda_peak_alloc=3638.2MB, cuda_free=5725.8MB, cuda_total=48519.1MB
[2026-06-10 04:19:17] Epoch 26 train batch [800/1875] loss=0.0433 avg_loss=0.0878. Resources: rss=2097.7MB, peak_rss=2506.3MB, cuda_alloc=351.3MB, cuda_reserved=42242.0MB, cuda_peak_alloc=3638.2MB, cuda_free=5725.8MB, cuda_total=48519.1MB
[2026-06-10 04:19:20] Epoch 26 train batch [820/1875] loss=0.1139 avg_loss=0.0880. Resources: rss=2097.7MB, peak_rss=2506.3MB, cuda_alloc=351.3MB, cuda_reserved=42242.0MB, cuda_peak_alloc=3638.2MB, cuda_free=5725.8MB, cuda_total=48519.1MB
[2026-06-10 04:19:22] Epoch 26 train batch [840/1875] loss=0.0909 avg_loss=0.0885. Resources: rss=2097.7MB, peak_rss=2506.3MB, cuda_alloc=351.3MB, cuda_reserved=42242.0MB, cuda_peak_alloc=3638.2MB, cuda_free=5725.8MB, cuda_total=48519.1MB
[2026-06-10 04:19:25] Epoch 26 train batch [860/1875] loss=0.0379 avg_loss=0.0882. Resources: rss=2097.7MB, peak_rss=2506.3MB, cuda_alloc=351.3MB, cuda_reserved=42242.0MB, cuda_peak_alloc=3638.2MB, cuda_free=5725.8MB, cuda_total=48519.1MB
[2026-06-10 04:19:28] Epoch 26 train batch [880/1875] loss=0.1090 avg_loss=0.0881. Resources: rss=2097.7MB, peak_rss=2506.3MB, cuda_alloc=351.3MB, cuda_reserved=42242.0MB, cuda_peak_alloc=3638.2MB, cuda_free=5725.8MB, cuda_total=48519.1MB
[2026-06-10 04:19:30] Epoch 26 train batch [900/1875] loss=0.0389 avg_loss=0.0879. Resources: rss=2097.7MB, peak_rss=2506.3MB, cuda_alloc=351.3MB, cuda_reserved=42242.0MB, cuda_peak_alloc=3638.2MB, cuda_free=5725.8MB, cuda_total=48519.1MB
[2026-06-10 04:19:33] Epoch 26 train batch [920/1875] loss=0.1302 avg_loss=0.0886. Resources: rss=2097.7MB, peak_rss=2506.3MB, cuda_alloc=351.3MB, cuda_reserved=42242.0MB, cuda_peak_alloc=3638.2MB, cuda_free=5725.8MB, cuda_total=48519.1MB
[2026-06-10 04:19:36] Epoch 26 train batch [940/1875] loss=0.0602 avg_loss=0.0883. Resources: rss=2097.7MB, peak_rss=2506.3MB, cuda_alloc=351.3MB, cuda_reserved=42242.0MB, cuda_peak_alloc=3638.2MB, cuda_free=5725.8MB, cuda_total=48519.1MB
[2026-06-10 04:19:39] Epoch 26 train batch [960/1875] loss=0.0481 avg_loss=0.0886. Resources: rss=2097.7MB, peak_rss=2506.3MB, cuda_alloc=351.3MB, cuda_reserved=42242.0MB, cuda_peak_alloc=3638.2MB, cuda_free=5725.8MB, cuda_total=48519.1MB
[2026-06-10 04:19:41] Epoch 26 train batch [980/1875] loss=0.0683 avg_loss=0.0884. Resources: rss=2097.7MB, peak_rss=2506.3MB, cuda_alloc=351.3MB, cuda_reserved=42242.0MB, cuda_peak_alloc=3638.2MB, cuda_free=5725.8MB, cuda_total=48519.1MB
[2026-06-10 04:19:44] Epoch 26 train batch [1000/1875] loss=0.1219 avg_loss=0.0885. Resources: rss=2097.7MB, peak_rss=2506.3MB, cuda_alloc=351.3MB, cuda_reserved=42242.0MB, cuda_peak_alloc=3638.2MB, cuda_free=5725.8MB, cuda_total=48519.1MB
[2026-06-10 04:19:46] Epoch 26 train batch [1020/1875] loss=0.0278 avg_loss=0.0883. Resources: rss=2097.7MB, peak_rss=2506.3MB, cuda_alloc=351.3MB, cuda_reserved=42242.0MB, cuda_peak_alloc=3638.2MB, cuda_free=5725.8MB, cuda_total=48519.1MB
[2026-06-10 04:19:49] Epoch 26 train batch [1040/1875] loss=0.0443 avg_loss=0.0881. Resources: rss=2097.7MB, peak_rss=2506.3MB, cuda_alloc=351.3MB, cuda_reserved=42242.0MB, cuda_peak_alloc=3638.2MB, cuda_free=5725.8MB, cuda_total=48519.1MB
[2026-06-10 04:19:52] Epoch 26 train batch [1060/1875] loss=0.0549 avg_loss=0.0879. Resources: rss=2097.7MB, peak_rss=2506.3MB, cuda_alloc=351.3MB, cuda_reserved=42244.0MB, cuda_peak_alloc=3638.2MB, cuda_free=5723.8MB, cuda_total=48519.1MB
[2026-06-10 04:19:54] Epoch 26 train batch [1080/1875] loss=0.1105 avg_loss=0.0877. Resources: rss=2097.7MB, peak_rss=2506.3MB, cuda_alloc=351.3MB, cuda_reserved=42244.0MB, cuda_peak_alloc=3638.2MB, cuda_free=5723.8MB, cuda_total=48519.1MB
[2026-06-10 04:19:57] Epoch 26 train batch [1100/1875] loss=0.0776 avg_loss=0.0878. Resources: rss=2097.7MB, peak_rss=2506.3MB, cuda_alloc=351.3MB, cuda_reserved=42244.0MB, cuda_peak_alloc=3638.2MB, cuda_free=5723.8MB, cuda_total=48519.1MB
[2026-06-10 04:19:59] Epoch 26 train batch [1120/1875] loss=0.1109 avg_loss=0.0876. Resources: rss=2097.7MB, peak_rss=2506.3MB, cuda_alloc=351.3MB, cuda_reserved=42244.0MB, cuda_peak_alloc=3638.2MB, cuda_free=5723.8MB, cuda_total=48519.1MB
[2026-06-10 04:20:02] Epoch 26 train batch [1140/1875] loss=0.1034 avg_loss=0.0878. Resources: rss=2097.7MB, peak_rss=2506.3MB, cuda_alloc=351.3MB, cuda_reserved=42244.0MB, cuda_peak_alloc=3638.2MB, cuda_free=5723.8MB, cuda_total=48519.1MB
[2026-06-10 04:20:05] Epoch 26 train batch [1160/1875] loss=0.1423 avg_loss=0.0878. Resources: rss=2097.7MB, peak_rss=2506.3MB, cuda_alloc=351.3MB, cuda_reserved=42244.0MB, cuda_peak_alloc=3638.2MB, cuda_free=5723.8MB, cuda_total=48519.1MB
[2026-06-10 04:20:07] Epoch 26 train batch [1180/1875] loss=0.0817 avg_loss=0.0878. Resources: rss=2097.7MB, peak_rss=2506.3MB, cuda_alloc=351.3MB, cuda_reserved=42244.0MB, cuda_peak_alloc=3638.2MB, cuda_free=5723.8MB, cuda_total=48519.1MB
[2026-06-10 04:20:10] Epoch 26 train batch [1200/1875] loss=0.1070 avg_loss=0.0876. Resources: rss=2097.7MB, peak_rss=2506.3MB, cuda_alloc=351.3MB, cuda_reserved=42244.0MB, cuda_peak_alloc=3638.2MB, cuda_free=5723.8MB, cuda_total=48519.1MB
[2026-06-10 04:20:12] Epoch 26 train batch [1220/1875] loss=0.0606 avg_loss=0.0876. Resources: rss=2097.7MB, peak_rss=2506.3MB, cuda_alloc=351.3MB, cuda_reserved=42244.0MB, cuda_peak_alloc=3638.2MB, cuda_free=5723.8MB, cuda_total=48519.1MB
[2026-06-10 04:20:15] Epoch 26 train batch [1240/1875] loss=0.1068 avg_loss=0.0873. Resources: rss=2097.7MB, peak_rss=2506.3MB, cuda_alloc=351.3MB, cuda_reserved=42244.0MB, cuda_peak_alloc=3638.2MB, cuda_free=5723.8MB, cuda_total=48519.1MB
[2026-06-10 04:20:18] Epoch 26 train batch [1260/1875] loss=0.1274 avg_loss=0.0873. Resources: rss=2097.7MB, peak_rss=2506.3MB, cuda_alloc=351.3MB, cuda_reserved=42244.0MB, cuda_peak_alloc=3638.2MB, cuda_free=5723.8MB, cuda_total=48519.1MB
[2026-06-10 04:20:20] Epoch 26 train batch [1280/1875] loss=0.1391 avg_loss=0.0874. Resources: rss=2087.2MB, peak_rss=2506.3MB, cuda_alloc=351.3MB, cuda_reserved=42244.0MB, cuda_peak_alloc=3638.2MB, cuda_free=5723.8MB, cuda_total=48519.1MB
[2026-06-10 04:20:23] Epoch 26 train batch [1300/1875] loss=0.0864 avg_loss=0.0873. Resources: rss=2092.0MB, peak_rss=2506.3MB, cuda_alloc=351.3MB, cuda_reserved=42244.0MB, cuda_peak_alloc=3638.2MB, cuda_free=5723.8MB, cuda_total=48519.1MB
[2026-06-10 04:20:25] Epoch 26 train batch [1320/1875] loss=0.0679 avg_loss=0.0873. Resources: rss=2094.5MB, peak_rss=2506.3MB, cuda_alloc=351.3MB, cuda_reserved=43804.0MB, cuda_peak_alloc=3638.2MB, cuda_free=4163.8MB, cuda_total=48519.1MB
[2026-06-10 04:20:28] Epoch 26 train batch [1340/1875] loss=0.1542 avg_loss=0.0874. Resources: rss=2094.7MB, peak_rss=2506.3MB, cuda_alloc=351.3MB, cuda_reserved=43804.0MB, cuda_peak_alloc=3638.2MB, cuda_free=4163.8MB, cuda_total=48519.1MB
[2026-06-10 04:20:31] Epoch 26 train batch [1360/1875] loss=0.0610 avg_loss=0.0873. Resources: rss=2095.2MB, peak_rss=2506.3MB, cuda_alloc=351.3MB, cuda_reserved=43804.0MB, cuda_peak_alloc=3638.2MB, cuda_free=4163.8MB, cuda_total=48519.1MB
[2026-06-10 04:20:33] Epoch 26 train batch [1380/1875] loss=0.1306 avg_loss=0.0875. Resources: rss=2095.2MB, peak_rss=2506.3MB, cuda_alloc=351.3MB, cuda_reserved=43804.0MB, cuda_peak_alloc=3638.2MB, cuda_free=4163.8MB, cuda_total=48519.1MB
[2026-06-10 04:20:36] Epoch 26 train batch [1400/1875] loss=0.1089 avg_loss=0.0877. Resources: rss=2097.7MB, peak_rss=2506.3MB, cuda_alloc=351.3MB, cuda_reserved=43804.0MB, cuda_peak_alloc=3638.2MB, cuda_free=4163.8MB, cuda_total=48519.1MB
[2026-06-10 04:20:39] Epoch 26 train batch [1420/1875] loss=0.0808 avg_loss=0.0879. Resources: rss=2098.0MB, peak_rss=2506.3MB, cuda_alloc=351.3MB, cuda_reserved=43804.0MB, cuda_peak_alloc=3638.2MB, cuda_free=4163.8MB, cuda_total=48519.1MB
[2026-06-10 04:20:41] Epoch 26 train batch [1440/1875] loss=0.0811 avg_loss=0.0876. Resources: rss=2098.0MB, peak_rss=2506.3MB, cuda_alloc=351.3MB, cuda_reserved=43804.0MB, cuda_peak_alloc=3638.2MB, cuda_free=4163.8MB, cuda_total=48519.1MB
[2026-06-10 04:20:44] Epoch 26 train batch [1460/1875] loss=0.1003 avg_loss=0.0876. Resources: rss=2098.0MB, peak_rss=2506.3MB, cuda_alloc=351.3MB, cuda_reserved=43804.0MB, cuda_peak_alloc=3638.2MB, cuda_free=4163.8MB, cuda_total=48519.1MB
[2026-06-10 04:20:46] Epoch 26 train batch [1480/1875] loss=0.1007 avg_loss=0.0877. Resources: rss=2098.0MB, peak_rss=2506.3MB, cuda_alloc=351.3MB, cuda_reserved=43804.0MB, cuda_peak_alloc=3638.2MB, cuda_free=4163.8MB, cuda_total=48519.1MB
[2026-06-10 04:20:50] Epoch 26 train batch [1500/1875] loss=0.0442 avg_loss=0.0876. Resources: rss=2098.2MB, peak_rss=2506.3MB, cuda_alloc=351.3MB, cuda_reserved=8462.0MB, cuda_peak_alloc=3638.2MB, cuda_free=39505.8MB, cuda_total=48519.1MB
[2026-06-10 04:20:52] Epoch 26 train batch [1520/1875] loss=0.0944 avg_loss=0.0876. Resources: rss=2098.2MB, peak_rss=2506.3MB, cuda_alloc=351.3MB, cuda_reserved=20662.0MB, cuda_peak_alloc=3638.2MB, cuda_free=27305.8MB, cuda_total=48519.1MB
[2026-06-10 04:20:55] Epoch 26 train batch [1540/1875] loss=0.0175 avg_loss=0.0875. Resources: rss=2098.2MB, peak_rss=2506.3MB, cuda_alloc=351.3MB, cuda_reserved=20662.0MB, cuda_peak_alloc=3638.2MB, cuda_free=27305.8MB, cuda_total=48519.1MB
[2026-06-10 04:20:58] Epoch 26 train batch [1560/1875] loss=0.0821 avg_loss=0.0875. Resources: rss=2098.2MB, peak_rss=2506.3MB, cuda_alloc=351.3MB, cuda_reserved=26942.0MB, cuda_peak_alloc=3638.2MB, cuda_free=21025.8MB, cuda_total=48519.1MB
[2026-06-10 04:21:00] Epoch 26 train batch [1580/1875] loss=0.1247 avg_loss=0.0876. Resources: rss=2098.2MB, peak_rss=2506.3MB, cuda_alloc=351.3MB, cuda_reserved=39622.0MB, cuda_peak_alloc=3638.2MB, cuda_free=8345.8MB, cuda_total=48519.1MB
[2026-06-10 04:21:03] Epoch 26 train batch [1600/1875] loss=0.1634 avg_loss=0.0877. Resources: rss=2098.2MB, peak_rss=2506.3MB, cuda_alloc=351.3MB, cuda_reserved=39622.0MB, cuda_peak_alloc=3638.2MB, cuda_free=8345.8MB, cuda_total=48519.1MB
[2026-06-10 04:21:06] Epoch 26 train batch [1620/1875] loss=0.0781 avg_loss=0.0877. Resources: rss=2098.2MB, peak_rss=2506.3MB, cuda_alloc=351.3MB, cuda_reserved=39622.0MB, cuda_peak_alloc=3638.2MB, cuda_free=8345.8MB, cuda_total=48519.1MB
[2026-06-10 04:21:08] Epoch 26 train batch [1640/1875] loss=0.0842 avg_loss=0.0878. Resources: rss=2098.2MB, peak_rss=2506.3MB, cuda_alloc=351.3MB, cuda_reserved=39622.0MB, cuda_peak_alloc=3638.2MB, cuda_free=8345.8MB, cuda_total=48519.1MB
[2026-06-10 04:21:11] Epoch 26 train batch [1660/1875] loss=0.0645 avg_loss=0.0879. Resources: rss=2098.2MB, peak_rss=2506.3MB, cuda_alloc=351.3MB, cuda_reserved=39622.0MB, cuda_peak_alloc=3638.2MB, cuda_free=8345.8MB, cuda_total=48519.1MB
[2026-06-10 04:21:14] Epoch 26 train batch [1680/1875] loss=0.1762 avg_loss=0.0879. Resources: rss=2098.2MB, peak_rss=2506.3MB, cuda_alloc=351.3MB, cuda_reserved=39622.0MB, cuda_peak_alloc=3638.2MB, cuda_free=8345.8MB, cuda_total=48519.1MB
[2026-06-10 04:21:17] Epoch 26 train batch [1700/1875] loss=0.0635 avg_loss=0.0879. Resources: rss=2098.2MB, peak_rss=2506.3MB, cuda_alloc=351.3MB, cuda_reserved=22782.0MB, cuda_peak_alloc=3638.2MB, cuda_free=25185.8MB, cuda_total=48519.1MB
[2026-06-10 04:21:21] Epoch 26 train batch [1720/1875] loss=0.0793 avg_loss=0.0880. Resources: rss=2098.2MB, peak_rss=2506.3MB, cuda_alloc=351.3MB, cuda_reserved=11602.0MB, cuda_peak_alloc=3638.2MB, cuda_free=36365.8MB, cuda_total=48519.1MB
[2026-06-10 04:21:23] Epoch 26 train batch [1740/1875] loss=0.0421 avg_loss=0.0879. Resources: rss=2098.2MB, peak_rss=2506.3MB, cuda_alloc=351.3MB, cuda_reserved=23282.0MB, cuda_peak_alloc=3638.2MB, cuda_free=24685.8MB, cuda_total=48519.1MB
[2026-06-10 04:21:26] Epoch 26 train batch [1760/1875] loss=0.0840 avg_loss=0.0880. Resources: rss=2098.2MB, peak_rss=2506.3MB, cuda_alloc=351.3MB, cuda_reserved=23282.0MB, cuda_peak_alloc=3638.2MB, cuda_free=24685.8MB, cuda_total=48519.1MB
[2026-06-10 04:21:28] Epoch 26 train batch [1780/1875] loss=0.2283 avg_loss=0.0880. Resources: rss=2098.2MB, peak_rss=2506.3MB, cuda_alloc=351.3MB, cuda_reserved=26302.0MB, cuda_peak_alloc=3638.2MB, cuda_free=21665.8MB, cuda_total=48519.1MB
[2026-06-10 04:21:31] Epoch 26 train batch [1800/1875] loss=0.0940 avg_loss=0.0881. Resources: rss=2098.2MB, peak_rss=2506.3MB, cuda_alloc=351.3MB, cuda_reserved=26562.0MB, cuda_peak_alloc=3638.2MB, cuda_free=21405.8MB, cuda_total=48519.1MB
[2026-06-10 04:21:34] Epoch 26 train batch [1820/1875] loss=0.0547 avg_loss=0.0881. Resources: rss=2098.2MB, peak_rss=2506.3MB, cuda_alloc=351.3MB, cuda_reserved=34764.0MB, cuda_peak_alloc=3638.2MB, cuda_free=13203.8MB, cuda_total=48519.1MB
[2026-06-10 04:21:36] Epoch 26 train batch [1840/1875] loss=0.1147 avg_loss=0.0880. Resources: rss=2098.2MB, peak_rss=2506.3MB, cuda_alloc=351.3MB, cuda_reserved=34764.0MB, cuda_peak_alloc=3638.2MB, cuda_free=13203.8MB, cuda_total=48519.1MB
[2026-06-10 04:21:39] Epoch 26 train batch [1860/1875] loss=0.0467 avg_loss=0.0880. Resources: rss=2098.2MB, peak_rss=2506.3MB, cuda_alloc=351.3MB, cuda_reserved=34764.0MB, cuda_peak_alloc=3638.2MB, cuda_free=13203.8MB, cuda_total=48519.1MB
[2026-06-10 04:21:41] Epoch 26 train batch [1875/1875] loss=0.0244 avg_loss=0.0879. Resources: rss=2098.2MB, peak_rss=2506.3MB, cuda_alloc=351.3MB, cuda_reserved=34764.0MB, cuda_peak_alloc=3638.2MB, cuda_free=13203.8MB, cuda_total=48519.1MB
[2026-06-10 04:21:41] Epoch 26 training completed. Resources: rss=2098.2MB, peak_rss=2506.3MB, cuda_alloc=351.3MB, cuda_reserved=34764.0MB, cuda_peak_alloc=3638.2MB, cuda_free=13203.8MB, cuda_total=48519.1MB
[2026-06-10 04:21:42] Epoch 26 cache released before validation loss. Resources: rss=2039.8MB, peak_rss=2506.3MB, cuda_alloc=351.3MB, cuda_reserved=490.0MB, cuda_peak_alloc=351.3MB, cuda_free=47477.8MB, cuda_total=48519.1MB
[2026-06-10 04:22:03] Epoch 26 validation loss completed: 0.5554. Resources: rss=2095.2MB, peak_rss=2506.3MB, cuda_alloc=351.3MB, cuda_reserved=7940.0MB, cuda_peak_alloc=1426.1MB, cuda_free=40027.8MB, cuda_total=48519.1MB
[2026-06-10 04:22:03] Epoch 26 cache released before detection metrics. Resources: rss=2037.8MB, peak_rss=2506.3MB, cuda_alloc=351.3MB, cuda_reserved=490.0MB, cuda_peak_alloc=351.3MB, cuda_free=47477.8MB, cuda_total=48519.1MB
[2026-06-10 04:22:23] Epoch 26 prediction tensors moved to CPU. Computing metrics. Resources: rss=2038.7MB, peak_rss=2506.3MB, cuda_alloc=351.3MB, cuda_reserved=490.0MB, cuda_peak_alloc=351.3MB, cuda_free=47477.8MB, cuda_total=48519.1MB
[2026-06-10 04:22:23] Epoch 26 metrics computed (mAP@0.5 only). Saving artifacts. Resources: rss=2039.7MB, peak_rss=2506.3MB, cuda_alloc=351.3MB, cuda_reserved=490.0MB, cuda_peak_alloc=351.3MB, cuda_free=47477.8MB, cuda_total=48519.1MB
[2026-06-10 04:22:24] Epoch 26 did not improve mAP@0.5 enough. Early stopping counter: 7/10.
Epoch [26/30]
├── Train Loss : 0.0879
│   ├── loss_classifier  : 0.0423
│   ├── loss_box_reg     : 0.0456
│   ├── loss_objectness  : 0.0000
│   └── loss_rpn_box_reg : 0.0000
├── Val Loss   : 0.5554
├── mAP@0.5    : 0.6964
├── mAP@0.75   : n/a
├── mAP@0.5:0.95 : n/a
├── Precision  : 0.7534
├── Recall     : 0.7422
├── GT Boxes   : 2021
├── Predictions: 1991
├── Per-class AP
│   ├── person  : AP50=0.7383, AP75=n/a, AP50:95=n/a, P=0.8021, R=0.7737
│   ├── car     : AP50=0.6981, AP75=n/a, AP50:95=n/a, P=0.6839, R=0.7491
│   ├── dog     : AP50=0.7810, AP75=n/a, AP50:95=n/a, P=0.6923, R=0.8301
│   ├── cat     : AP50=0.8475, AP75=n/a, AP50:95=n/a, P=0.8588, R=0.8636
│   └── chair   : AP50=0.4172, AP75=n/a, AP50:95=n/a, P=0.6063, R=0.4752
├── LR         : 0.001000
└── Time       : 296.6s
[2026-06-10 04:22:24] Epoch [26/30] completed. Resources: rss=2038.6MB, peak_rss=2506.3MB, cuda_alloc=351.3MB, cuda_reserved=490.0MB, cuda_peak_alloc=351.3MB, cuda_free=47477.8MB, cuda_total=48519.1MB
[2026-06-10 04:22:24] Epoch [27/30] started. Resources: rss=2038.6MB, peak_rss=2506.3MB, cuda_alloc=351.3MB, cuda_reserved=490.0MB, cuda_peak_alloc=351.3MB, cuda_free=47477.8MB, cuda_total=48519.1MB
[2026-06-10 04:22:26] Epoch 27 train batch [20/1875] loss=0.0680 avg_loss=0.0911. Resources: rss=2089.4MB, peak_rss=2506.3MB, cuda_alloc=351.3MB, cuda_reserved=28082.0MB, cuda_peak_alloc=3637.7MB, cuda_free=19885.8MB, cuda_total=48519.1MB
[2026-06-10 04:22:30] Epoch 27 train batch [40/1875] loss=0.0628 avg_loss=0.0915. Resources: rss=2092.1MB, peak_rss=2506.3MB, cuda_alloc=351.3MB, cuda_reserved=16802.0MB, cuda_peak_alloc=3637.7MB, cuda_free=31165.8MB, cuda_total=48519.1MB
[2026-06-10 04:22:32] Epoch 27 train batch [60/1875] loss=0.0804 avg_loss=0.0848. Resources: rss=2096.4MB, peak_rss=2506.3MB, cuda_alloc=351.3MB, cuda_reserved=27162.0MB, cuda_peak_alloc=3637.7MB, cuda_free=20805.8MB, cuda_total=48519.1MB
[2026-06-10 04:22:35] Epoch 27 train batch [80/1875] loss=0.0576 avg_loss=0.0847. Resources: rss=2097.1MB, peak_rss=2506.3MB, cuda_alloc=351.3MB, cuda_reserved=27162.0MB, cuda_peak_alloc=3637.7MB, cuda_free=20805.8MB, cuda_total=48519.1MB
[2026-06-10 04:22:38] Epoch 27 train batch [100/1875] loss=0.1273 avg_loss=0.0865. Resources: rss=2097.6MB, peak_rss=2506.3MB, cuda_alloc=351.3MB, cuda_reserved=29042.0MB, cuda_peak_alloc=3637.7MB, cuda_free=18925.8MB, cuda_total=48519.1MB
[2026-06-10 04:22:40] Epoch 27 train batch [120/1875] loss=0.0686 avg_loss=0.0886. Resources: rss=2097.9MB, peak_rss=2506.3MB, cuda_alloc=351.3MB, cuda_reserved=29042.0MB, cuda_peak_alloc=3637.7MB, cuda_free=18925.8MB, cuda_total=48519.1MB
[2026-06-10 04:22:43] Epoch 27 train batch [140/1875] loss=0.0432 avg_loss=0.0879. Resources: rss=2100.1MB, peak_rss=2506.3MB, cuda_alloc=351.3MB, cuda_reserved=29042.0MB, cuda_peak_alloc=3637.7MB, cuda_free=18925.8MB, cuda_total=48519.1MB
[2026-06-10 04:22:45] Epoch 27 train batch [160/1875] loss=0.0447 avg_loss=0.0898. Resources: rss=2100.1MB, peak_rss=2506.3MB, cuda_alloc=351.3MB, cuda_reserved=29042.0MB, cuda_peak_alloc=3637.8MB, cuda_free=18925.8MB, cuda_total=48519.1MB
[2026-06-10 04:22:48] Epoch 27 train batch [180/1875] loss=0.1935 avg_loss=0.0903. Resources: rss=2100.1MB, peak_rss=2506.3MB, cuda_alloc=351.3MB, cuda_reserved=29042.0MB, cuda_peak_alloc=3637.8MB, cuda_free=18925.8MB, cuda_total=48519.1MB
[2026-06-10 04:22:51] Epoch 27 train batch [200/1875] loss=0.0922 avg_loss=0.0911. Resources: rss=2100.1MB, peak_rss=2506.3MB, cuda_alloc=351.3MB, cuda_reserved=29042.0MB, cuda_peak_alloc=3637.9MB, cuda_free=18925.8MB, cuda_total=48519.1MB
[2026-06-10 04:22:53] Epoch 27 train batch [220/1875] loss=0.1723 avg_loss=0.0915. Resources: rss=2100.1MB, peak_rss=2506.3MB, cuda_alloc=351.3MB, cuda_reserved=29042.0MB, cuda_peak_alloc=3637.9MB, cuda_free=18925.8MB, cuda_total=48519.1MB
[2026-06-10 04:22:56] Epoch 27 train batch [240/1875] loss=0.1725 avg_loss=0.0902. Resources: rss=2100.1MB, peak_rss=2506.3MB, cuda_alloc=351.3MB, cuda_reserved=35762.0MB, cuda_peak_alloc=3637.9MB, cuda_free=12205.8MB, cuda_total=48519.1MB
[2026-06-10 04:22:58] Epoch 27 train batch [260/1875] loss=0.1046 avg_loss=0.0907. Resources: rss=2076.9MB, peak_rss=2506.3MB, cuda_alloc=351.3MB, cuda_reserved=35762.0MB, cuda_peak_alloc=3637.9MB, cuda_free=12205.8MB, cuda_total=48519.1MB
[2026-06-10 04:23:01] Epoch 27 train batch [280/1875] loss=0.1434 avg_loss=0.0907. Resources: rss=2091.2MB, peak_rss=2506.3MB, cuda_alloc=351.3MB, cuda_reserved=35762.0MB, cuda_peak_alloc=3637.9MB, cuda_free=12205.8MB, cuda_total=48519.1MB
[2026-06-10 04:23:03] Epoch 27 train batch [300/1875] loss=0.0593 avg_loss=0.0895. Resources: rss=2091.7MB, peak_rss=2506.3MB, cuda_alloc=351.3MB, cuda_reserved=35762.0MB, cuda_peak_alloc=3637.9MB, cuda_free=12205.8MB, cuda_total=48519.1MB
[2026-06-10 04:23:06] Epoch 27 train batch [320/1875] loss=0.0723 avg_loss=0.0880. Resources: rss=2093.7MB, peak_rss=2506.3MB, cuda_alloc=351.3MB, cuda_reserved=35762.0MB, cuda_peak_alloc=3637.9MB, cuda_free=12205.8MB, cuda_total=48519.1MB
[2026-06-10 04:23:09] Epoch 27 train batch [340/1875] loss=0.0690 avg_loss=0.0886. Resources: rss=2093.9MB, peak_rss=2506.3MB, cuda_alloc=351.3MB, cuda_reserved=35762.0MB, cuda_peak_alloc=3637.9MB, cuda_free=12205.8MB, cuda_total=48519.1MB
[2026-06-10 04:23:11] Epoch 27 train batch [360/1875] loss=0.0550 avg_loss=0.0885. Resources: rss=2093.9MB, peak_rss=2506.3MB, cuda_alloc=351.3MB, cuda_reserved=35762.0MB, cuda_peak_alloc=3638.0MB, cuda_free=12205.8MB, cuda_total=48519.1MB
[2026-06-10 04:23:14] Epoch 27 train batch [380/1875] loss=0.0949 avg_loss=0.0882. Resources: rss=2093.9MB, peak_rss=2506.3MB, cuda_alloc=351.3MB, cuda_reserved=35762.0MB, cuda_peak_alloc=3638.0MB, cuda_free=12205.8MB, cuda_total=48519.1MB
[2026-06-10 04:23:16] Epoch 27 train batch [400/1875] loss=0.0773 avg_loss=0.0885. Resources: rss=2093.9MB, peak_rss=2506.3MB, cuda_alloc=351.3MB, cuda_reserved=35762.0MB, cuda_peak_alloc=3638.0MB, cuda_free=12205.8MB, cuda_total=48519.1MB
[2026-06-10 04:23:19] Epoch 27 train batch [420/1875] loss=0.0672 avg_loss=0.0891. Resources: rss=2096.2MB, peak_rss=2506.3MB, cuda_alloc=351.3MB, cuda_reserved=35762.0MB, cuda_peak_alloc=3638.0MB, cuda_free=12205.8MB, cuda_total=48519.1MB
[2026-06-10 04:23:21] Epoch 27 train batch [440/1875] loss=0.0855 avg_loss=0.0888. Resources: rss=2096.7MB, peak_rss=2506.3MB, cuda_alloc=351.3MB, cuda_reserved=35762.0MB, cuda_peak_alloc=3638.0MB, cuda_free=12205.8MB, cuda_total=48519.1MB
[2026-06-10 04:23:24] Epoch 27 train batch [460/1875] loss=0.1239 avg_loss=0.0885. Resources: rss=2096.9MB, peak_rss=2506.3MB, cuda_alloc=351.3MB, cuda_reserved=39602.0MB, cuda_peak_alloc=3638.0MB, cuda_free=8365.8MB, cuda_total=48519.1MB
[2026-06-10 04:23:27] Epoch 27 train batch [480/1875] loss=0.0450 avg_loss=0.0880. Resources: rss=2096.9MB, peak_rss=2506.3MB, cuda_alloc=351.3MB, cuda_reserved=39602.0MB, cuda_peak_alloc=3638.0MB, cuda_free=8365.8MB, cuda_total=48519.1MB
[2026-06-10 04:23:30] Epoch 27 train batch [500/1875] loss=0.0692 avg_loss=0.0888. Resources: rss=2096.9MB, peak_rss=2506.3MB, cuda_alloc=351.3MB, cuda_reserved=39602.0MB, cuda_peak_alloc=3638.0MB, cuda_free=8365.8MB, cuda_total=48519.1MB
[2026-06-10 04:23:32] Epoch 27 train batch [520/1875] loss=0.0647 avg_loss=0.0887. Resources: rss=2097.2MB, peak_rss=2506.3MB, cuda_alloc=351.3MB, cuda_reserved=39602.0MB, cuda_peak_alloc=3638.0MB, cuda_free=8365.8MB, cuda_total=48519.1MB
[2026-06-10 04:23:35] Epoch 27 train batch [540/1875] loss=0.0601 avg_loss=0.0882. Resources: rss=2097.2MB, peak_rss=2506.3MB, cuda_alloc=351.3MB, cuda_reserved=39602.0MB, cuda_peak_alloc=3638.0MB, cuda_free=8365.8MB, cuda_total=48519.1MB
[2026-06-10 04:23:37] Epoch 27 train batch [560/1875] loss=0.0545 avg_loss=0.0877. Resources: rss=2097.2MB, peak_rss=2506.3MB, cuda_alloc=351.3MB, cuda_reserved=39602.0MB, cuda_peak_alloc=3638.0MB, cuda_free=8365.8MB, cuda_total=48519.1MB
[2026-06-10 04:23:40] Epoch 27 train batch [580/1875] loss=0.0352 avg_loss=0.0871. Resources: rss=2097.2MB, peak_rss=2506.3MB, cuda_alloc=351.3MB, cuda_reserved=39602.0MB, cuda_peak_alloc=3638.0MB, cuda_free=8365.8MB, cuda_total=48519.1MB
[2026-06-10 04:23:42] Epoch 27 train batch [600/1875] loss=0.0524 avg_loss=0.0868. Resources: rss=2097.2MB, peak_rss=2506.3MB, cuda_alloc=351.3MB, cuda_reserved=39602.0MB, cuda_peak_alloc=3638.0MB, cuda_free=8365.8MB, cuda_total=48519.1MB
[2026-06-10 04:23:45] Epoch 27 train batch [620/1875] loss=0.0700 avg_loss=0.0862. Resources: rss=2097.2MB, peak_rss=2506.3MB, cuda_alloc=351.3MB, cuda_reserved=39602.0MB, cuda_peak_alloc=3638.0MB, cuda_free=8365.8MB, cuda_total=48519.1MB
[2026-06-10 04:23:48] Epoch 27 train batch [640/1875] loss=0.0485 avg_loss=0.0860. Resources: rss=2097.2MB, peak_rss=2506.3MB, cuda_alloc=351.3MB, cuda_reserved=39602.0MB, cuda_peak_alloc=3638.0MB, cuda_free=8365.8MB, cuda_total=48519.1MB
[2026-06-10 04:23:50] Epoch 27 train batch [660/1875] loss=0.0659 avg_loss=0.0862. Resources: rss=2098.7MB, peak_rss=2506.3MB, cuda_alloc=351.3MB, cuda_reserved=39602.0MB, cuda_peak_alloc=3638.0MB, cuda_free=8365.8MB, cuda_total=48519.1MB
[2026-06-10 04:23:53] Epoch 27 train batch [680/1875] loss=0.0334 avg_loss=0.0858. Resources: rss=2098.9MB, peak_rss=2506.3MB, cuda_alloc=351.3MB, cuda_reserved=39602.0MB, cuda_peak_alloc=3638.0MB, cuda_free=8365.8MB, cuda_total=48519.1MB
[2026-06-10 04:23:55] Epoch 27 train batch [700/1875] loss=0.0499 avg_loss=0.0853. Resources: rss=2098.9MB, peak_rss=2506.3MB, cuda_alloc=351.3MB, cuda_reserved=39602.0MB, cuda_peak_alloc=3638.0MB, cuda_free=8365.8MB, cuda_total=48519.1MB
[2026-06-10 04:23:58] Epoch 27 train batch [720/1875] loss=0.1075 avg_loss=0.0852. Resources: rss=2098.9MB, peak_rss=2506.3MB, cuda_alloc=351.3MB, cuda_reserved=39602.0MB, cuda_peak_alloc=3638.0MB, cuda_free=8365.8MB, cuda_total=48519.1MB
[2026-06-10 04:24:01] Epoch 27 train batch [740/1875] loss=0.0937 avg_loss=0.0854. Resources: rss=2098.9MB, peak_rss=2506.3MB, cuda_alloc=351.3MB, cuda_reserved=39602.0MB, cuda_peak_alloc=3638.0MB, cuda_free=8365.8MB, cuda_total=48519.1MB
[2026-06-10 04:24:03] Epoch 27 train batch [760/1875] loss=0.1633 avg_loss=0.0854. Resources: rss=2098.9MB, peak_rss=2506.3MB, cuda_alloc=351.3MB, cuda_reserved=39602.0MB, cuda_peak_alloc=3638.0MB, cuda_free=8365.8MB, cuda_total=48519.1MB
[2026-06-10 04:24:06] Epoch 27 train batch [780/1875] loss=0.0871 avg_loss=0.0851. Resources: rss=2098.9MB, peak_rss=2506.3MB, cuda_alloc=351.3MB, cuda_reserved=39602.0MB, cuda_peak_alloc=3638.0MB, cuda_free=8365.8MB, cuda_total=48519.1MB
[2026-06-10 04:24:09] Epoch 27 train batch [800/1875] loss=0.0376 avg_loss=0.0852. Resources: rss=2099.2MB, peak_rss=2506.3MB, cuda_alloc=351.3MB, cuda_reserved=39602.0MB, cuda_peak_alloc=3638.0MB, cuda_free=8365.8MB, cuda_total=48519.1MB
[2026-06-10 04:24:11] Epoch 27 train batch [820/1875] loss=0.1193 avg_loss=0.0849. Resources: rss=2099.2MB, peak_rss=2506.3MB, cuda_alloc=351.3MB, cuda_reserved=39602.0MB, cuda_peak_alloc=3638.0MB, cuda_free=8365.8MB, cuda_total=48519.1MB
[2026-06-10 04:24:14] Epoch 27 train batch [840/1875] loss=0.0891 avg_loss=0.0846. Resources: rss=2099.2MB, peak_rss=2506.3MB, cuda_alloc=351.3MB, cuda_reserved=39602.0MB, cuda_peak_alloc=3638.0MB, cuda_free=8365.8MB, cuda_total=48519.1MB
[2026-06-10 04:24:16] Epoch 27 train batch [860/1875] loss=0.1504 avg_loss=0.0845. Resources: rss=2099.2MB, peak_rss=2506.3MB, cuda_alloc=351.3MB, cuda_reserved=39602.0MB, cuda_peak_alloc=3638.0MB, cuda_free=8365.8MB, cuda_total=48519.1MB
[2026-06-10 04:24:19] Epoch 27 train batch [880/1875] loss=0.1214 avg_loss=0.0846. Resources: rss=2085.9MB, peak_rss=2506.3MB, cuda_alloc=351.3MB, cuda_reserved=39604.0MB, cuda_peak_alloc=3638.0MB, cuda_free=8363.8MB, cuda_total=48519.1MB
[2026-06-10 04:24:22] Epoch 27 train batch [900/1875] loss=0.0452 avg_loss=0.0845. Resources: rss=2094.7MB, peak_rss=2506.3MB, cuda_alloc=351.3MB, cuda_reserved=39604.0MB, cuda_peak_alloc=3638.0MB, cuda_free=8363.8MB, cuda_total=48519.1MB
[2026-06-10 04:24:24] Epoch 27 train batch [920/1875] loss=0.0857 avg_loss=0.0846. Resources: rss=2094.9MB, peak_rss=2506.3MB, cuda_alloc=351.3MB, cuda_reserved=39604.0MB, cuda_peak_alloc=3638.0MB, cuda_free=8363.8MB, cuda_total=48519.1MB
[2026-06-10 04:24:27] Epoch 27 train batch [940/1875] loss=0.1462 avg_loss=0.0847. Resources: rss=2096.4MB, peak_rss=2506.3MB, cuda_alloc=351.3MB, cuda_reserved=39604.0MB, cuda_peak_alloc=3638.0MB, cuda_free=8363.8MB, cuda_total=48519.1MB
[2026-06-10 04:24:29] Epoch 27 train batch [960/1875] loss=0.1059 avg_loss=0.0846. Resources: rss=2096.4MB, peak_rss=2506.3MB, cuda_alloc=351.3MB, cuda_reserved=39604.0MB, cuda_peak_alloc=3638.0MB, cuda_free=8363.8MB, cuda_total=48519.1MB
[2026-06-10 04:24:32] Epoch 27 train batch [980/1875] loss=0.1085 avg_loss=0.0848. Resources: rss=2096.4MB, peak_rss=2506.3MB, cuda_alloc=351.3MB, cuda_reserved=39604.0MB, cuda_peak_alloc=3638.0MB, cuda_free=8363.8MB, cuda_total=48519.1MB
[2026-06-10 04:24:34] Epoch 27 train batch [1000/1875] loss=0.0902 avg_loss=0.0848. Resources: rss=2098.4MB, peak_rss=2506.3MB, cuda_alloc=351.3MB, cuda_reserved=39604.0MB, cuda_peak_alloc=3638.0MB, cuda_free=8363.8MB, cuda_total=48519.1MB
[2026-06-10 04:24:37] Epoch 27 train batch [1020/1875] loss=0.0459 avg_loss=0.0846. Resources: rss=2098.4MB, peak_rss=2506.3MB, cuda_alloc=351.3MB, cuda_reserved=39604.0MB, cuda_peak_alloc=3638.0MB, cuda_free=8363.8MB, cuda_total=48519.1MB
[2026-06-10 04:24:39] Epoch 27 train batch [1040/1875] loss=0.0651 avg_loss=0.0846. Resources: rss=2098.7MB, peak_rss=2506.3MB, cuda_alloc=351.3MB, cuda_reserved=39604.0MB, cuda_peak_alloc=3638.0MB, cuda_free=8363.8MB, cuda_total=48519.1MB
[2026-06-10 04:24:42] Epoch 27 train batch [1060/1875] loss=0.0973 avg_loss=0.0849. Resources: rss=2098.7MB, peak_rss=2506.3MB, cuda_alloc=351.3MB, cuda_reserved=39604.0MB, cuda_peak_alloc=3638.0MB, cuda_free=8363.8MB, cuda_total=48519.1MB
[2026-06-10 04:24:45] Epoch 27 train batch [1080/1875] loss=0.1095 avg_loss=0.0851. Resources: rss=2098.9MB, peak_rss=2506.3MB, cuda_alloc=351.3MB, cuda_reserved=39604.0MB, cuda_peak_alloc=3638.0MB, cuda_free=8363.8MB, cuda_total=48519.1MB
[2026-06-10 04:24:47] Epoch 27 train batch [1100/1875] loss=0.1610 avg_loss=0.0851. Resources: rss=2098.9MB, peak_rss=2506.3MB, cuda_alloc=351.3MB, cuda_reserved=39604.0MB, cuda_peak_alloc=3638.0MB, cuda_free=8363.8MB, cuda_total=48519.1MB
[2026-06-10 04:24:50] Epoch 27 train batch [1120/1875] loss=0.0656 avg_loss=0.0855. Resources: rss=2098.9MB, peak_rss=2506.3MB, cuda_alloc=351.3MB, cuda_reserved=39604.0MB, cuda_peak_alloc=3638.0MB, cuda_free=8363.8MB, cuda_total=48519.1MB
[2026-06-10 04:24:52] Epoch 27 train batch [1140/1875] loss=0.0501 avg_loss=0.0857. Resources: rss=2098.9MB, peak_rss=2506.3MB, cuda_alloc=351.3MB, cuda_reserved=39604.0MB, cuda_peak_alloc=3638.0MB, cuda_free=8363.8MB, cuda_total=48519.1MB
[2026-06-10 04:24:55] Epoch 27 train batch [1160/1875] loss=0.0889 avg_loss=0.0856. Resources: rss=2098.9MB, peak_rss=2506.3MB, cuda_alloc=351.3MB, cuda_reserved=39604.0MB, cuda_peak_alloc=3638.0MB, cuda_free=8363.8MB, cuda_total=48519.1MB
[2026-06-10 04:24:58] Epoch 27 train batch [1180/1875] loss=0.0543 avg_loss=0.0856. Resources: rss=2098.9MB, peak_rss=2506.3MB, cuda_alloc=351.3MB, cuda_reserved=39604.0MB, cuda_peak_alloc=3638.0MB, cuda_free=8363.8MB, cuda_total=48519.1MB
[2026-06-10 04:25:00] Epoch 27 train batch [1200/1875] loss=0.0676 avg_loss=0.0858. Resources: rss=2098.9MB, peak_rss=2506.3MB, cuda_alloc=351.3MB, cuda_reserved=39604.0MB, cuda_peak_alloc=3638.0MB, cuda_free=8363.8MB, cuda_total=48519.1MB
[2026-06-10 04:25:03] Epoch 27 train batch [1220/1875] loss=0.0676 avg_loss=0.0859. Resources: rss=2098.9MB, peak_rss=2506.3MB, cuda_alloc=351.3MB, cuda_reserved=39604.0MB, cuda_peak_alloc=3638.0MB, cuda_free=8363.8MB, cuda_total=48519.1MB
[2026-06-10 04:25:05] Epoch 27 train batch [1240/1875] loss=0.1472 avg_loss=0.0858. Resources: rss=2098.9MB, peak_rss=2506.3MB, cuda_alloc=351.3MB, cuda_reserved=39604.0MB, cuda_peak_alloc=3638.0MB, cuda_free=8363.8MB, cuda_total=48519.1MB
[2026-06-10 04:25:08] Epoch 27 train batch [1260/1875] loss=0.0327 avg_loss=0.0857. Resources: rss=2098.9MB, peak_rss=2506.3MB, cuda_alloc=351.3MB, cuda_reserved=39604.0MB, cuda_peak_alloc=3638.0MB, cuda_free=8363.8MB, cuda_total=48519.1MB
[2026-06-10 04:25:11] Epoch 27 train batch [1280/1875] loss=0.0789 avg_loss=0.0858. Resources: rss=2098.9MB, peak_rss=2506.3MB, cuda_alloc=351.3MB, cuda_reserved=39604.0MB, cuda_peak_alloc=3638.0MB, cuda_free=8363.8MB, cuda_total=48519.1MB
[2026-06-10 04:25:13] Epoch 27 train batch [1300/1875] loss=0.0281 avg_loss=0.0858. Resources: rss=2098.9MB, peak_rss=2506.3MB, cuda_alloc=351.3MB, cuda_reserved=39604.0MB, cuda_peak_alloc=3638.0MB, cuda_free=8363.8MB, cuda_total=48519.1MB
[2026-06-10 04:25:16] Epoch 27 train batch [1320/1875] loss=0.1302 avg_loss=0.0857. Resources: rss=2098.9MB, peak_rss=2506.3MB, cuda_alloc=351.3MB, cuda_reserved=39604.0MB, cuda_peak_alloc=3638.0MB, cuda_free=8363.8MB, cuda_total=48519.1MB
[2026-06-10 04:25:19] Epoch 27 train batch [1340/1875] loss=0.0772 avg_loss=0.0860. Resources: rss=2098.9MB, peak_rss=2506.3MB, cuda_alloc=351.3MB, cuda_reserved=39604.0MB, cuda_peak_alloc=3638.0MB, cuda_free=8363.8MB, cuda_total=48519.1MB
[2026-06-10 04:25:21] Epoch 27 train batch [1360/1875] loss=0.1552 avg_loss=0.0863. Resources: rss=2098.9MB, peak_rss=2506.3MB, cuda_alloc=351.3MB, cuda_reserved=39604.0MB, cuda_peak_alloc=3638.0MB, cuda_free=8363.8MB, cuda_total=48519.1MB
[2026-06-10 04:25:24] Epoch 27 train batch [1380/1875] loss=0.0649 avg_loss=0.0861. Resources: rss=2098.9MB, peak_rss=2506.3MB, cuda_alloc=351.3MB, cuda_reserved=39604.0MB, cuda_peak_alloc=3638.0MB, cuda_free=8363.8MB, cuda_total=48519.1MB
[2026-06-10 04:25:27] Epoch 27 train batch [1400/1875] loss=0.0691 avg_loss=0.0861. Resources: rss=2098.9MB, peak_rss=2506.3MB, cuda_alloc=351.3MB, cuda_reserved=39604.0MB, cuda_peak_alloc=3638.0MB, cuda_free=8363.8MB, cuda_total=48519.1MB
[2026-06-10 04:25:29] Epoch 27 train batch [1420/1875] loss=0.0697 avg_loss=0.0861. Resources: rss=2098.9MB, peak_rss=2506.3MB, cuda_alloc=351.3MB, cuda_reserved=39604.0MB, cuda_peak_alloc=3638.0MB, cuda_free=8363.8MB, cuda_total=48519.1MB
[2026-06-10 04:25:32] Epoch 27 train batch [1440/1875] loss=0.1189 avg_loss=0.0861. Resources: rss=2098.9MB, peak_rss=2506.3MB, cuda_alloc=351.3MB, cuda_reserved=39604.0MB, cuda_peak_alloc=3638.0MB, cuda_free=8363.8MB, cuda_total=48519.1MB
[2026-06-10 04:25:34] Epoch 27 train batch [1460/1875] loss=0.1585 avg_loss=0.0859. Resources: rss=2093.1MB, peak_rss=2506.3MB, cuda_alloc=351.3MB, cuda_reserved=39604.0MB, cuda_peak_alloc=3638.0MB, cuda_free=8363.8MB, cuda_total=48519.1MB
[2026-06-10 04:25:37] Epoch 27 train batch [1480/1875] loss=0.0708 avg_loss=0.0857. Resources: rss=2097.6MB, peak_rss=2506.3MB, cuda_alloc=351.3MB, cuda_reserved=39604.0MB, cuda_peak_alloc=3638.0MB, cuda_free=8363.8MB, cuda_total=48519.1MB
[2026-06-10 04:25:39] Epoch 27 train batch [1500/1875] loss=0.0468 avg_loss=0.0856. Resources: rss=2084.9MB, peak_rss=2506.3MB, cuda_alloc=351.3MB, cuda_reserved=39604.0MB, cuda_peak_alloc=3638.0MB, cuda_free=8363.8MB, cuda_total=48519.1MB
[2026-06-10 04:25:42] Epoch 27 train batch [1520/1875] loss=0.0548 avg_loss=0.0856. Resources: rss=2092.4MB, peak_rss=2506.3MB, cuda_alloc=351.3MB, cuda_reserved=39604.0MB, cuda_peak_alloc=3638.0MB, cuda_free=8363.8MB, cuda_total=48519.1MB
[2026-06-10 04:25:45] Epoch 27 train batch [1540/1875] loss=0.0514 avg_loss=0.0855. Resources: rss=2098.7MB, peak_rss=2506.3MB, cuda_alloc=351.3MB, cuda_reserved=39604.0MB, cuda_peak_alloc=3638.0MB, cuda_free=8363.8MB, cuda_total=48519.1MB
[2026-06-10 04:25:47] Epoch 27 train batch [1560/1875] loss=0.0716 avg_loss=0.0856. Resources: rss=2098.7MB, peak_rss=2506.3MB, cuda_alloc=351.3MB, cuda_reserved=39604.0MB, cuda_peak_alloc=3638.0MB, cuda_free=8363.8MB, cuda_total=48519.1MB
[2026-06-10 04:25:50] Epoch 27 train batch [1580/1875] loss=0.0959 avg_loss=0.0855. Resources: rss=2098.7MB, peak_rss=2506.3MB, cuda_alloc=351.3MB, cuda_reserved=39604.0MB, cuda_peak_alloc=3638.0MB, cuda_free=8363.8MB, cuda_total=48519.1MB
[2026-06-10 04:25:53] Epoch 27 train batch [1600/1875] loss=0.0767 avg_loss=0.0856. Resources: rss=2098.7MB, peak_rss=2506.3MB, cuda_alloc=351.3MB, cuda_reserved=39604.0MB, cuda_peak_alloc=3638.0MB, cuda_free=8363.8MB, cuda_total=48519.1MB
[2026-06-10 04:25:55] Epoch 27 train batch [1620/1875] loss=0.0441 avg_loss=0.0855. Resources: rss=2098.7MB, peak_rss=2506.3MB, cuda_alloc=351.3MB, cuda_reserved=39604.0MB, cuda_peak_alloc=3638.0MB, cuda_free=8363.8MB, cuda_total=48519.1MB
[2026-06-10 04:25:58] Epoch 27 train batch [1640/1875] loss=0.0874 avg_loss=0.0855. Resources: rss=2098.9MB, peak_rss=2506.3MB, cuda_alloc=351.3MB, cuda_reserved=39604.0MB, cuda_peak_alloc=3638.0MB, cuda_free=8363.8MB, cuda_total=48519.1MB
[2026-06-10 04:26:01] Epoch 27 train batch [1660/1875] loss=0.0424 avg_loss=0.0854. Resources: rss=2098.9MB, peak_rss=2506.3MB, cuda_alloc=351.3MB, cuda_reserved=39604.0MB, cuda_peak_alloc=3638.0MB, cuda_free=8363.8MB, cuda_total=48519.1MB
[2026-06-10 04:26:03] Epoch 27 train batch [1680/1875] loss=0.0804 avg_loss=0.0852. Resources: rss=2098.9MB, peak_rss=2506.3MB, cuda_alloc=351.3MB, cuda_reserved=39604.0MB, cuda_peak_alloc=3638.0MB, cuda_free=8363.8MB, cuda_total=48519.1MB
[2026-06-10 04:26:06] Epoch 27 train batch [1700/1875] loss=0.0946 avg_loss=0.0855. Resources: rss=2099.2MB, peak_rss=2506.3MB, cuda_alloc=351.3MB, cuda_reserved=39604.0MB, cuda_peak_alloc=3638.0MB, cuda_free=8363.8MB, cuda_total=48519.1MB
[2026-06-10 04:26:09] Epoch 27 train batch [1720/1875] loss=0.1350 avg_loss=0.0857. Resources: rss=2099.2MB, peak_rss=2506.3MB, cuda_alloc=351.3MB, cuda_reserved=39604.0MB, cuda_peak_alloc=3638.0MB, cuda_free=8363.8MB, cuda_total=48519.1MB
[2026-06-10 04:26:11] Epoch 27 train batch [1740/1875] loss=0.0436 avg_loss=0.0855. Resources: rss=2099.2MB, peak_rss=2506.3MB, cuda_alloc=351.3MB, cuda_reserved=39604.0MB, cuda_peak_alloc=3638.0MB, cuda_free=8363.8MB, cuda_total=48519.1MB
[2026-06-10 04:26:14] Epoch 27 train batch [1760/1875] loss=0.1103 avg_loss=0.0855. Resources: rss=2099.2MB, peak_rss=2506.3MB, cuda_alloc=351.3MB, cuda_reserved=39604.0MB, cuda_peak_alloc=3638.0MB, cuda_free=8363.8MB, cuda_total=48519.1MB
[2026-06-10 04:26:16] Epoch 27 train batch [1780/1875] loss=0.0898 avg_loss=0.0857. Resources: rss=2098.8MB, peak_rss=2506.3MB, cuda_alloc=351.3MB, cuda_reserved=39604.0MB, cuda_peak_alloc=3638.0MB, cuda_free=8363.8MB, cuda_total=48519.1MB
[2026-06-10 04:26:19] Epoch 27 train batch [1800/1875] loss=0.0960 avg_loss=0.0857. Resources: rss=2098.8MB, peak_rss=2506.3MB, cuda_alloc=351.3MB, cuda_reserved=39604.0MB, cuda_peak_alloc=3638.0MB, cuda_free=8363.8MB, cuda_total=48519.1MB
[2026-06-10 04:26:21] Epoch 27 train batch [1820/1875] loss=0.0515 avg_loss=0.0856. Resources: rss=2098.8MB, peak_rss=2506.3MB, cuda_alloc=351.3MB, cuda_reserved=39604.0MB, cuda_peak_alloc=3638.0MB, cuda_free=8363.8MB, cuda_total=48519.1MB
[2026-06-10 04:26:24] Epoch 27 train batch [1840/1875] loss=0.0881 avg_loss=0.0855. Resources: rss=2098.8MB, peak_rss=2506.3MB, cuda_alloc=351.3MB, cuda_reserved=39604.0MB, cuda_peak_alloc=3638.0MB, cuda_free=8363.8MB, cuda_total=48519.1MB
[2026-06-10 04:26:27] Epoch 27 train batch [1860/1875] loss=0.0895 avg_loss=0.0854. Resources: rss=2098.8MB, peak_rss=2506.3MB, cuda_alloc=351.3MB, cuda_reserved=39604.0MB, cuda_peak_alloc=3638.0MB, cuda_free=8363.8MB, cuda_total=48519.1MB
[2026-06-10 04:26:29] Epoch 27 train batch [1875/1875] loss=0.1007 avg_loss=0.0856. Resources: rss=2098.8MB, peak_rss=2506.3MB, cuda_alloc=351.3MB, cuda_reserved=39604.0MB, cuda_peak_alloc=3638.0MB, cuda_free=8363.8MB, cuda_total=48519.1MB
[2026-06-10 04:26:29] Epoch 27 training completed. Resources: rss=2098.8MB, peak_rss=2506.3MB, cuda_alloc=351.3MB, cuda_reserved=39604.0MB, cuda_peak_alloc=3638.0MB, cuda_free=8363.8MB, cuda_total=48519.1MB
[2026-06-10 04:26:29] Epoch 27 cache released before validation loss. Resources: rss=2039.9MB, peak_rss=2506.3MB, cuda_alloc=351.3MB, cuda_reserved=532.0MB, cuda_peak_alloc=351.3MB, cuda_free=47435.8MB, cuda_total=48519.1MB
[2026-06-10 04:26:50] Epoch 27 validation loss completed: 0.5152. Resources: rss=2088.6MB, peak_rss=2506.3MB, cuda_alloc=351.3MB, cuda_reserved=8002.0MB, cuda_peak_alloc=1426.1MB, cuda_free=39965.8MB, cuda_total=48519.1MB
[2026-06-10 04:26:51] Epoch 27 cache released before detection metrics. Resources: rss=2036.3MB, peak_rss=2506.3MB, cuda_alloc=351.3MB, cuda_reserved=532.0MB, cuda_peak_alloc=351.3MB, cuda_free=47435.8MB, cuda_total=48519.1MB
[2026-06-10 04:27:11] Epoch 27 prediction tensors moved to CPU. Computing metrics. Resources: rss=2037.1MB, peak_rss=2506.3MB, cuda_alloc=351.3MB, cuda_reserved=532.0MB, cuda_peak_alloc=351.3MB, cuda_free=47435.8MB, cuda_total=48519.1MB
[2026-06-10 04:27:11] Epoch 27 metrics computed (mAP@0.5 only). Saving artifacts. Resources: rss=2037.9MB, peak_rss=2506.3MB, cuda_alloc=351.3MB, cuda_reserved=532.0MB, cuda_peak_alloc=351.3MB, cuda_free=47435.8MB, cuda_total=48519.1MB
[2026-06-10 04:27:12] Epoch 27 did not improve mAP@0.5 enough. Early stopping counter: 8/10.
Epoch [27/30]
├── Train Loss : 0.0856
│   ├── loss_classifier  : 0.0419
│   ├── loss_box_reg     : 0.0437
│   ├── loss_objectness  : 0.0000
│   └── loss_rpn_box_reg : 0.0000
├── Val Loss   : 0.5152
├── mAP@0.5    : 0.6987
├── mAP@0.75   : n/a
├── mAP@0.5:0.95 : n/a
├── Precision  : 0.7155
├── Recall     : 0.7665
├── GT Boxes   : 2021
├── Predictions: 2165
├── Per-class AP
│   ├── person  : AP50=0.7692, AP75=n/a, AP50:95=n/a, P=0.7652, R=0.8073
│   ├── car     : AP50=0.6364, AP75=n/a, AP50:95=n/a, P=0.5944, R=0.7562
│   ├── dog     : AP50=0.7946, AP75=n/a, AP50:95=n/a, P=0.7844, R=0.8301
│   ├── cat     : AP50=0.8554, AP75=n/a, AP50:95=n/a, P=0.7269, R=0.8920
│   └── chair   : AP50=0.4381, AP75=n/a, AP50:95=n/a, P=0.5882, R=0.4965
├── LR         : 0.001000
└── Time       : 287.5s
[2026-06-10 04:27:12] Epoch [27/30] completed. Resources: rss=2037.1MB, peak_rss=2506.3MB, cuda_alloc=351.3MB, cuda_reserved=532.0MB, cuda_peak_alloc=351.3MB, cuda_free=47435.8MB, cuda_total=48519.1MB
[2026-06-10 04:27:12] Epoch [28/30] started. Resources: rss=2037.1MB, peak_rss=2506.3MB, cuda_alloc=351.3MB, cuda_reserved=532.0MB, cuda_peak_alloc=351.3MB, cuda_free=47435.8MB, cuda_total=48519.1MB
[2026-06-10 04:27:14] Epoch 28 train batch [20/1875] loss=0.1277 avg_loss=0.0861. Resources: rss=2090.8MB, peak_rss=2506.3MB, cuda_alloc=351.3MB, cuda_reserved=42702.0MB, cuda_peak_alloc=3637.5MB, cuda_free=5265.8MB, cuda_total=48519.1MB
[2026-06-10 04:27:18] Epoch 28 train batch [40/1875] loss=0.0647 avg_loss=0.0893. Resources: rss=2095.6MB, peak_rss=2506.3MB, cuda_alloc=351.3MB, cuda_reserved=17182.0MB, cuda_peak_alloc=3637.9MB, cuda_free=30785.8MB, cuda_total=48519.1MB
[2026-06-10 04:27:20] Epoch 28 train batch [60/1875] loss=0.0288 avg_loss=0.0827. Resources: rss=2098.8MB, peak_rss=2506.3MB, cuda_alloc=351.3MB, cuda_reserved=26502.0MB, cuda_peak_alloc=3637.9MB, cuda_free=21465.8MB, cuda_total=48519.1MB
[2026-06-10 04:27:24] Epoch 28 train batch [80/1875] loss=0.0731 avg_loss=0.0839. Resources: rss=2099.8MB, peak_rss=2506.3MB, cuda_alloc=351.3MB, cuda_reserved=9302.0MB, cuda_peak_alloc=3637.9MB, cuda_free=38665.8MB, cuda_total=48519.1MB
[2026-06-10 04:27:26] Epoch 28 train batch [100/1875] loss=0.0324 avg_loss=0.0829. Resources: rss=2099.8MB, peak_rss=2506.3MB, cuda_alloc=351.3MB, cuda_reserved=43742.0MB, cuda_peak_alloc=3637.9MB, cuda_free=4225.8MB, cuda_total=48519.1MB
[2026-06-10 04:27:30] Epoch 28 train batch [120/1875] loss=0.0684 avg_loss=0.0827. Resources: rss=2099.8MB, peak_rss=2506.3MB, cuda_alloc=351.3MB, cuda_reserved=26542.0MB, cuda_peak_alloc=3637.9MB, cuda_free=21425.8MB, cuda_total=48519.1MB
[2026-06-10 04:27:33] Epoch 28 train batch [140/1875] loss=0.0545 avg_loss=0.0835. Resources: rss=2099.8MB, peak_rss=2506.3MB, cuda_alloc=351.3MB, cuda_reserved=12942.0MB, cuda_peak_alloc=3637.9MB, cuda_free=35025.8MB, cuda_total=48519.1MB
[2026-06-10 04:27:36] Epoch 28 train batch [160/1875] loss=0.0334 avg_loss=0.0817. Resources: rss=2100.1MB, peak_rss=2506.3MB, cuda_alloc=351.3MB, cuda_reserved=20662.0MB, cuda_peak_alloc=3637.9MB, cuda_free=27305.8MB, cuda_total=48519.1MB
[2026-06-10 04:27:38] Epoch 28 train batch [180/1875] loss=0.1098 avg_loss=0.0822. Resources: rss=2100.1MB, peak_rss=2506.3MB, cuda_alloc=351.3MB, cuda_reserved=26362.0MB, cuda_peak_alloc=3637.9MB, cuda_free=21605.8MB, cuda_total=48519.1MB
[2026-06-10 04:27:41] Epoch 28 train batch [200/1875] loss=0.0881 avg_loss=0.0816. Resources: rss=2100.1MB, peak_rss=2506.3MB, cuda_alloc=351.3MB, cuda_reserved=26362.0MB, cuda_peak_alloc=3637.9MB, cuda_free=21605.8MB, cuda_total=48519.1MB
[2026-06-10 04:27:44] Epoch 28 train batch [220/1875] loss=0.0557 avg_loss=0.0815. Resources: rss=2100.1MB, peak_rss=2506.3MB, cuda_alloc=351.3MB, cuda_reserved=45042.0MB, cuda_peak_alloc=3637.9MB, cuda_free=2925.8MB, cuda_total=48519.1MB
[2026-06-10 04:27:46] Epoch 28 train batch [240/1875] loss=0.0240 avg_loss=0.0829. Resources: rss=2100.1MB, peak_rss=2506.3MB, cuda_alloc=351.3MB, cuda_reserved=45042.0MB, cuda_peak_alloc=3637.9MB, cuda_free=2925.8MB, cuda_total=48519.1MB
[2026-06-10 04:27:49] Epoch 28 train batch [260/1875] loss=0.0342 avg_loss=0.0816. Resources: rss=2100.1MB, peak_rss=2506.3MB, cuda_alloc=351.3MB, cuda_reserved=45042.0MB, cuda_peak_alloc=3637.9MB, cuda_free=2925.8MB, cuda_total=48519.1MB
[2026-06-10 04:27:52] Epoch 28 train batch [280/1875] loss=0.0489 avg_loss=0.0820. Resources: rss=2098.6MB, peak_rss=2506.3MB, cuda_alloc=351.3MB, cuda_reserved=45042.0MB, cuda_peak_alloc=3637.9MB, cuda_free=2925.8MB, cuda_total=48519.1MB
[2026-06-10 04:27:54] Epoch 28 train batch [300/1875] loss=0.0817 avg_loss=0.0815. Resources: rss=2098.6MB, peak_rss=2506.3MB, cuda_alloc=351.3MB, cuda_reserved=45042.0MB, cuda_peak_alloc=3637.9MB, cuda_free=2925.8MB, cuda_total=48519.1MB
[2026-06-10 04:27:57] Epoch 28 train batch [320/1875] loss=0.0289 avg_loss=0.0809. Resources: rss=2100.8MB, peak_rss=2506.3MB, cuda_alloc=351.3MB, cuda_reserved=45042.0MB, cuda_peak_alloc=3637.9MB, cuda_free=2925.8MB, cuda_total=48519.1MB
[2026-06-10 04:27:59] Epoch 28 train batch [340/1875] loss=0.0336 avg_loss=0.0814. Resources: rss=2100.8MB, peak_rss=2506.3MB, cuda_alloc=351.3MB, cuda_reserved=45042.0MB, cuda_peak_alloc=3637.9MB, cuda_free=2925.8MB, cuda_total=48519.1MB
[2026-06-10 04:28:02] Epoch 28 train batch [360/1875] loss=0.1831 avg_loss=0.0819. Resources: rss=2100.8MB, peak_rss=2506.3MB, cuda_alloc=351.3MB, cuda_reserved=45042.0MB, cuda_peak_alloc=3637.9MB, cuda_free=2925.8MB, cuda_total=48519.1MB
[2026-06-10 04:28:04] Epoch 28 train batch [380/1875] loss=0.0506 avg_loss=0.0819. Resources: rss=2100.8MB, peak_rss=2506.3MB, cuda_alloc=351.3MB, cuda_reserved=45042.0MB, cuda_peak_alloc=3637.9MB, cuda_free=2925.8MB, cuda_total=48519.1MB
[2026-06-10 04:28:07] Epoch 28 train batch [400/1875] loss=0.1201 avg_loss=0.0816. Resources: rss=2100.8MB, peak_rss=2506.3MB, cuda_alloc=351.3MB, cuda_reserved=45044.0MB, cuda_peak_alloc=3637.9MB, cuda_free=2923.8MB, cuda_total=48519.1MB
[2026-06-10 04:28:09] Epoch 28 train batch [420/1875] loss=0.0486 avg_loss=0.0810. Resources: rss=2100.8MB, peak_rss=2506.3MB, cuda_alloc=351.3MB, cuda_reserved=45044.0MB, cuda_peak_alloc=3637.9MB, cuda_free=2923.8MB, cuda_total=48519.1MB
[2026-06-10 04:28:12] Epoch 28 train batch [440/1875] loss=0.1545 avg_loss=0.0817. Resources: rss=2101.1MB, peak_rss=2506.3MB, cuda_alloc=351.3MB, cuda_reserved=45044.0MB, cuda_peak_alloc=3637.9MB, cuda_free=2923.8MB, cuda_total=48519.1MB
[2026-06-10 04:28:15] Epoch 28 train batch [460/1875] loss=0.0692 avg_loss=0.0818. Resources: rss=2105.6MB, peak_rss=2506.3MB, cuda_alloc=351.3MB, cuda_reserved=45044.0MB, cuda_peak_alloc=3637.9MB, cuda_free=2923.8MB, cuda_total=48519.1MB
[2026-06-10 04:28:17] Epoch 28 train batch [480/1875] loss=0.0687 avg_loss=0.0816. Resources: rss=2103.0MB, peak_rss=2506.3MB, cuda_alloc=351.3MB, cuda_reserved=45044.0MB, cuda_peak_alloc=3637.9MB, cuda_free=2923.8MB, cuda_total=48519.1MB
[2026-06-10 04:28:20] Epoch 28 train batch [500/1875] loss=0.0469 avg_loss=0.0812. Resources: rss=2093.8MB, peak_rss=2506.3MB, cuda_alloc=351.3MB, cuda_reserved=45044.0MB, cuda_peak_alloc=3637.9MB, cuda_free=2923.8MB, cuda_total=48519.1MB
[2026-06-10 04:28:23] Epoch 28 train batch [520/1875] loss=0.0891 avg_loss=0.0811. Resources: rss=2094.8MB, peak_rss=2506.3MB, cuda_alloc=351.3MB, cuda_reserved=45044.0MB, cuda_peak_alloc=3637.9MB, cuda_free=2923.8MB, cuda_total=48519.1MB
[2026-06-10 04:28:26] Epoch 28 train batch [540/1875] loss=0.0376 avg_loss=0.0807. Resources: rss=2094.3MB, peak_rss=2506.3MB, cuda_alloc=351.3MB, cuda_reserved=3442.0MB, cuda_peak_alloc=3637.9MB, cuda_free=44525.8MB, cuda_total=48519.1MB
[2026-06-10 04:28:29] Epoch 28 train batch [560/1875] loss=0.0614 avg_loss=0.0808. Resources: rss=2099.8MB, peak_rss=2506.3MB, cuda_alloc=351.3MB, cuda_reserved=36962.0MB, cuda_peak_alloc=3638.2MB, cuda_free=11005.8MB, cuda_total=48519.1MB
[2026-06-10 04:28:32] Epoch 28 train batch [580/1875] loss=0.1116 avg_loss=0.0806. Resources: rss=2100.1MB, peak_rss=2506.3MB, cuda_alloc=351.3MB, cuda_reserved=21442.0MB, cuda_peak_alloc=3638.2MB, cuda_free=26525.8MB, cuda_total=48519.1MB
[2026-06-10 04:28:35] Epoch 28 train batch [600/1875] loss=0.0651 avg_loss=0.0806. Resources: rss=2100.1MB, peak_rss=2506.3MB, cuda_alloc=351.3MB, cuda_reserved=29142.0MB, cuda_peak_alloc=3638.2MB, cuda_free=18825.8MB, cuda_total=48519.1MB
[2026-06-10 04:28:38] Epoch 28 train batch [620/1875] loss=0.1376 avg_loss=0.0800. Resources: rss=2100.8MB, peak_rss=2506.3MB, cuda_alloc=351.3MB, cuda_reserved=20024.0MB, cuda_peak_alloc=3638.2MB, cuda_free=27943.8MB, cuda_total=48519.1MB
[2026-06-10 04:28:41] Epoch 28 train batch [640/1875] loss=0.0767 avg_loss=0.0804. Resources: rss=2101.1MB, peak_rss=2506.3MB, cuda_alloc=351.3MB, cuda_reserved=34184.0MB, cuda_peak_alloc=3638.2MB, cuda_free=13783.8MB, cuda_total=48519.1MB
[2026-06-10 04:28:43] Epoch 28 train batch [660/1875] loss=0.0278 avg_loss=0.0810. Resources: rss=2101.6MB, peak_rss=2506.3MB, cuda_alloc=351.3MB, cuda_reserved=38304.0MB, cuda_peak_alloc=3638.2MB, cuda_free=9663.8MB, cuda_total=48519.1MB
[2026-06-10 04:28:46] Epoch 28 train batch [680/1875] loss=0.0831 avg_loss=0.0808. Resources: rss=2102.1MB, peak_rss=2506.3MB, cuda_alloc=351.3MB, cuda_reserved=25182.0MB, cuda_peak_alloc=3638.2MB, cuda_free=22785.8MB, cuda_total=48519.1MB
[2026-06-10 04:28:49] Epoch 28 train batch [700/1875] loss=0.0327 avg_loss=0.0809. Resources: rss=2102.1MB, peak_rss=2506.3MB, cuda_alloc=351.3MB, cuda_reserved=35882.0MB, cuda_peak_alloc=3638.2MB, cuda_free=12085.8MB, cuda_total=48519.1MB
[2026-06-10 04:28:52] Epoch 28 train batch [720/1875] loss=0.0914 avg_loss=0.0807. Resources: rss=2102.1MB, peak_rss=2506.3MB, cuda_alloc=351.3MB, cuda_reserved=38942.0MB, cuda_peak_alloc=3638.2MB, cuda_free=9025.8MB, cuda_total=48519.1MB
[2026-06-10 04:28:55] Epoch 28 train batch [740/1875] loss=0.0471 avg_loss=0.0805. Resources: rss=2102.1MB, peak_rss=2506.3MB, cuda_alloc=351.3MB, cuda_reserved=38942.0MB, cuda_peak_alloc=3638.2MB, cuda_free=9025.8MB, cuda_total=48519.1MB
[2026-06-10 04:28:57] Epoch 28 train batch [760/1875] loss=0.0697 avg_loss=0.0805. Resources: rss=2102.1MB, peak_rss=2506.3MB, cuda_alloc=351.3MB, cuda_reserved=38942.0MB, cuda_peak_alloc=3638.2MB, cuda_free=9025.8MB, cuda_total=48519.1MB
[2026-06-10 04:29:00] Epoch 28 train batch [780/1875] loss=0.0581 avg_loss=0.0803. Resources: rss=2102.1MB, peak_rss=2506.3MB, cuda_alloc=351.3MB, cuda_reserved=38942.0MB, cuda_peak_alloc=3638.2MB, cuda_free=9025.8MB, cuda_total=48519.1MB
[2026-06-10 04:29:03] Epoch 28 train batch [800/1875] loss=0.0331 avg_loss=0.0803. Resources: rss=2102.1MB, peak_rss=2506.3MB, cuda_alloc=351.3MB, cuda_reserved=38942.0MB, cuda_peak_alloc=3638.2MB, cuda_free=9025.8MB, cuda_total=48519.1MB
[2026-06-10 04:29:05] Epoch 28 train batch [820/1875] loss=0.0400 avg_loss=0.0807. Resources: rss=2102.1MB, peak_rss=2506.3MB, cuda_alloc=351.3MB, cuda_reserved=38942.0MB, cuda_peak_alloc=3638.2MB, cuda_free=9025.8MB, cuda_total=48519.1MB
[2026-06-10 04:29:08] Epoch 28 train batch [840/1875] loss=0.1269 avg_loss=0.0807. Resources: rss=2102.1MB, peak_rss=2506.3MB, cuda_alloc=351.3MB, cuda_reserved=42282.0MB, cuda_peak_alloc=3638.2MB, cuda_free=5685.8MB, cuda_total=48519.1MB
[2026-06-10 04:29:10] Epoch 28 train batch [860/1875] loss=0.0618 avg_loss=0.0805. Resources: rss=2102.1MB, peak_rss=2506.3MB, cuda_alloc=351.3MB, cuda_reserved=42282.0MB, cuda_peak_alloc=3638.2MB, cuda_free=5685.8MB, cuda_total=48519.1MB
[2026-06-10 04:29:13] Epoch 28 train batch [880/1875] loss=0.0634 avg_loss=0.0802. Resources: rss=2102.1MB, peak_rss=2506.3MB, cuda_alloc=351.3MB, cuda_reserved=42282.0MB, cuda_peak_alloc=3638.2MB, cuda_free=5685.8MB, cuda_total=48519.1MB
[2026-06-10 04:29:16] Epoch 28 train batch [900/1875] loss=0.0806 avg_loss=0.0798. Resources: rss=2102.1MB, peak_rss=2506.3MB, cuda_alloc=351.3MB, cuda_reserved=42282.0MB, cuda_peak_alloc=3638.2MB, cuda_free=5685.8MB, cuda_total=48519.1MB
[2026-06-10 04:29:18] Epoch 28 train batch [920/1875] loss=0.0375 avg_loss=0.0800. Resources: rss=2102.1MB, peak_rss=2506.3MB, cuda_alloc=351.3MB, cuda_reserved=42282.0MB, cuda_peak_alloc=3638.2MB, cuda_free=5685.8MB, cuda_total=48519.1MB
[2026-06-10 04:29:21] Epoch 28 train batch [940/1875] loss=0.1086 avg_loss=0.0798. Resources: rss=2102.1MB, peak_rss=2506.3MB, cuda_alloc=351.3MB, cuda_reserved=42282.0MB, cuda_peak_alloc=3638.2MB, cuda_free=5685.8MB, cuda_total=48519.1MB
[2026-06-10 04:29:23] Epoch 28 train batch [960/1875] loss=0.0513 avg_loss=0.0798. Resources: rss=2102.1MB, peak_rss=2506.3MB, cuda_alloc=351.3MB, cuda_reserved=42282.0MB, cuda_peak_alloc=3638.2MB, cuda_free=5685.8MB, cuda_total=48519.1MB
[2026-06-10 04:29:26] Epoch 28 train batch [980/1875] loss=0.0410 avg_loss=0.0798. Resources: rss=2102.1MB, peak_rss=2506.3MB, cuda_alloc=351.3MB, cuda_reserved=42282.0MB, cuda_peak_alloc=3638.2MB, cuda_free=5685.8MB, cuda_total=48519.1MB
[2026-06-10 04:29:29] Epoch 28 train batch [1000/1875] loss=0.0466 avg_loss=0.0797. Resources: rss=2102.1MB, peak_rss=2506.3MB, cuda_alloc=351.3MB, cuda_reserved=42282.0MB, cuda_peak_alloc=3638.2MB, cuda_free=5685.8MB, cuda_total=48519.1MB
[2026-06-10 04:29:31] Epoch 28 train batch [1020/1875] loss=0.1587 avg_loss=0.0796. Resources: rss=2102.1MB, peak_rss=2506.3MB, cuda_alloc=351.3MB, cuda_reserved=42282.0MB, cuda_peak_alloc=3638.2MB, cuda_free=5685.8MB, cuda_total=48519.1MB
[2026-06-10 04:29:34] Epoch 28 train batch [1040/1875] loss=0.0653 avg_loss=0.0799. Resources: rss=2102.1MB, peak_rss=2506.3MB, cuda_alloc=351.3MB, cuda_reserved=42282.0MB, cuda_peak_alloc=3638.2MB, cuda_free=5685.8MB, cuda_total=48519.1MB
[2026-06-10 04:29:37] Epoch 28 train batch [1060/1875] loss=0.1061 avg_loss=0.0805. Resources: rss=2102.1MB, peak_rss=2506.3MB, cuda_alloc=351.3MB, cuda_reserved=42282.0MB, cuda_peak_alloc=3638.2MB, cuda_free=5685.8MB, cuda_total=48519.1MB
[2026-06-10 04:29:39] Epoch 28 train batch [1080/1875] loss=0.1188 avg_loss=0.0807. Resources: rss=2102.1MB, peak_rss=2506.3MB, cuda_alloc=351.3MB, cuda_reserved=42282.0MB, cuda_peak_alloc=3638.2MB, cuda_free=5685.8MB, cuda_total=48519.1MB
[2026-06-10 04:29:42] Epoch 28 train batch [1100/1875] loss=0.0591 avg_loss=0.0805. Resources: rss=2073.5MB, peak_rss=2506.3MB, cuda_alloc=351.3MB, cuda_reserved=42282.0MB, cuda_peak_alloc=3638.2MB, cuda_free=5685.8MB, cuda_total=48519.1MB
[2026-06-10 04:29:44] Epoch 28 train batch [1120/1875] loss=0.0244 avg_loss=0.0804. Resources: rss=2095.7MB, peak_rss=2506.3MB, cuda_alloc=351.3MB, cuda_reserved=44762.0MB, cuda_peak_alloc=3638.2MB, cuda_free=3205.8MB, cuda_total=48519.1MB
[2026-06-10 04:29:47] Epoch 28 train batch [1140/1875] loss=0.0699 avg_loss=0.0806. Resources: rss=2096.7MB, peak_rss=2506.3MB, cuda_alloc=351.3MB, cuda_reserved=44762.0MB, cuda_peak_alloc=3638.2MB, cuda_free=3205.8MB, cuda_total=48519.1MB
[2026-06-10 04:29:49] Epoch 28 train batch [1160/1875] loss=0.0595 avg_loss=0.0804. Resources: rss=2098.2MB, peak_rss=2506.3MB, cuda_alloc=351.3MB, cuda_reserved=44762.0MB, cuda_peak_alloc=3638.2MB, cuda_free=3205.8MB, cuda_total=48519.1MB
[2026-06-10 04:29:52] Epoch 28 train batch [1180/1875] loss=0.0588 avg_loss=0.0804. Resources: rss=2098.7MB, peak_rss=2506.3MB, cuda_alloc=351.3MB, cuda_reserved=44762.0MB, cuda_peak_alloc=3638.2MB, cuda_free=3205.8MB, cuda_total=48519.1MB
[2026-06-10 04:29:55] Epoch 28 train batch [1200/1875] loss=0.1149 avg_loss=0.0802. Resources: rss=2099.2MB, peak_rss=2506.3MB, cuda_alloc=351.3MB, cuda_reserved=18542.0MB, cuda_peak_alloc=3638.2MB, cuda_free=29425.8MB, cuda_total=48519.1MB
[2026-06-10 04:29:59] Epoch 28 train batch [1220/1875] loss=0.0409 avg_loss=0.0800. Resources: rss=2099.2MB, peak_rss=2506.3MB, cuda_alloc=351.3MB, cuda_reserved=11182.0MB, cuda_peak_alloc=3638.2MB, cuda_free=36785.8MB, cuda_total=48519.1MB
[2026-06-10 04:30:02] Epoch 28 train batch [1240/1875] loss=0.0641 avg_loss=0.0804. Resources: rss=2099.2MB, peak_rss=2506.3MB, cuda_alloc=351.3MB, cuda_reserved=8582.0MB, cuda_peak_alloc=3638.2MB, cuda_free=39385.8MB, cuda_total=48519.1MB
[2026-06-10 04:30:06] Epoch 28 train batch [1260/1875] loss=0.0284 avg_loss=0.0804. Resources: rss=2099.5MB, peak_rss=2506.3MB, cuda_alloc=351.3MB, cuda_reserved=4102.0MB, cuda_peak_alloc=3638.2MB, cuda_free=43865.8MB, cuda_total=48519.1MB
[2026-06-10 04:30:08] Epoch 28 train batch [1280/1875] loss=0.0524 avg_loss=0.0803. Resources: rss=2099.7MB, peak_rss=2506.3MB, cuda_alloc=351.3MB, cuda_reserved=47082.0MB, cuda_peak_alloc=3638.2MB, cuda_free=885.8MB, cuda_total=48519.1MB
[2026-06-10 04:30:11] Epoch 28 train batch [1300/1875] loss=0.0461 avg_loss=0.0801. Resources: rss=2099.7MB, peak_rss=2506.3MB, cuda_alloc=351.3MB, cuda_reserved=18642.0MB, cuda_peak_alloc=3638.2MB, cuda_free=29325.8MB, cuda_total=48519.1MB
[2026-06-10 04:30:14] Epoch 28 train batch [1320/1875] loss=0.0656 avg_loss=0.0802. Resources: rss=2099.7MB, peak_rss=2506.3MB, cuda_alloc=351.3MB, cuda_reserved=21042.0MB, cuda_peak_alloc=3638.2MB, cuda_free=26925.8MB, cuda_total=48519.1MB
[2026-06-10 04:30:17] Epoch 28 train batch [1340/1875] loss=0.0707 avg_loss=0.0801. Resources: rss=2099.7MB, peak_rss=2506.3MB, cuda_alloc=351.3MB, cuda_reserved=21042.0MB, cuda_peak_alloc=3638.2MB, cuda_free=26925.8MB, cuda_total=48519.1MB
[2026-06-10 04:30:19] Epoch 28 train batch [1360/1875] loss=0.0705 avg_loss=0.0800. Resources: rss=2100.5MB, peak_rss=2506.3MB, cuda_alloc=351.3MB, cuda_reserved=47442.0MB, cuda_peak_alloc=3638.2MB, cuda_free=525.8MB, cuda_total=48519.1MB
[2026-06-10 04:30:22] Epoch 28 train batch [1380/1875] loss=0.0571 avg_loss=0.0799. Resources: rss=2100.7MB, peak_rss=2506.3MB, cuda_alloc=351.3MB, cuda_reserved=47842.0MB, cuda_peak_alloc=3638.2MB, cuda_free=125.8MB, cuda_total=48519.1MB
[2026-06-10 04:30:25] Epoch 28 train batch [1400/1875] loss=0.0958 avg_loss=0.0797. Resources: rss=2100.7MB, peak_rss=2506.3MB, cuda_alloc=351.3MB, cuda_reserved=36782.0MB, cuda_peak_alloc=3638.2MB, cuda_free=11185.8MB, cuda_total=48519.1MB
[2026-06-10 04:30:29] Epoch 28 train batch [1420/1875] loss=0.0710 avg_loss=0.0799. Resources: rss=2100.7MB, peak_rss=2506.3MB, cuda_alloc=351.3MB, cuda_reserved=18942.0MB, cuda_peak_alloc=3638.2MB, cuda_free=29025.8MB, cuda_total=48519.1MB
[2026-06-10 04:30:31] Epoch 28 train batch [1440/1875] loss=0.0544 avg_loss=0.0800. Resources: rss=2100.7MB, peak_rss=2506.3MB, cuda_alloc=351.3MB, cuda_reserved=36022.0MB, cuda_peak_alloc=3638.2MB, cuda_free=11945.8MB, cuda_total=48519.1MB
[2026-06-10 04:30:34] Epoch 28 train batch [1460/1875] loss=0.0662 avg_loss=0.0800. Resources: rss=2100.7MB, peak_rss=2506.3MB, cuda_alloc=351.3MB, cuda_reserved=36022.0MB, cuda_peak_alloc=3638.2MB, cuda_free=11945.8MB, cuda_total=48519.1MB
[2026-06-10 04:30:36] Epoch 28 train batch [1480/1875] loss=0.0694 avg_loss=0.0799. Resources: rss=2100.7MB, peak_rss=2506.3MB, cuda_alloc=351.3MB, cuda_reserved=36022.0MB, cuda_peak_alloc=3638.2MB, cuda_free=11945.8MB, cuda_total=48519.1MB
[2026-06-10 04:30:39] Epoch 28 train batch [1500/1875] loss=0.0973 avg_loss=0.0797. Resources: rss=2100.7MB, peak_rss=2506.3MB, cuda_alloc=351.3MB, cuda_reserved=36022.0MB, cuda_peak_alloc=3638.2MB, cuda_free=11945.8MB, cuda_total=48519.1MB
[2026-06-10 04:30:42] Epoch 28 train batch [1520/1875] loss=0.0455 avg_loss=0.0795. Resources: rss=2101.2MB, peak_rss=2506.3MB, cuda_alloc=351.3MB, cuda_reserved=36022.0MB, cuda_peak_alloc=3638.2MB, cuda_free=11945.8MB, cuda_total=48519.1MB
[2026-06-10 04:30:44] Epoch 28 train batch [1540/1875] loss=0.0671 avg_loss=0.0796. Resources: rss=2101.2MB, peak_rss=2506.3MB, cuda_alloc=351.3MB, cuda_reserved=36102.0MB, cuda_peak_alloc=3638.2MB, cuda_free=11865.8MB, cuda_total=48519.1MB
[2026-06-10 04:30:46] Epoch 28 train batch [1560/1875] loss=0.0846 avg_loss=0.0795. Resources: rss=2101.2MB, peak_rss=2506.3MB, cuda_alloc=351.3MB, cuda_reserved=36102.0MB, cuda_peak_alloc=3638.2MB, cuda_free=11865.8MB, cuda_total=48519.1MB
[2026-06-10 04:30:49] Epoch 28 train batch [1580/1875] loss=0.0554 avg_loss=0.0794. Resources: rss=2101.2MB, peak_rss=2506.3MB, cuda_alloc=351.3MB, cuda_reserved=36102.0MB, cuda_peak_alloc=3638.2MB, cuda_free=11865.8MB, cuda_total=48519.1MB
[2026-06-10 04:30:52] Epoch 28 train batch [1600/1875] loss=0.1108 avg_loss=0.0794. Resources: rss=2101.2MB, peak_rss=2506.3MB, cuda_alloc=351.3MB, cuda_reserved=25122.0MB, cuda_peak_alloc=3638.2MB, cuda_free=22845.8MB, cuda_total=48519.1MB
[2026-06-10 04:30:55] Epoch 28 train batch [1620/1875] loss=0.0594 avg_loss=0.0793. Resources: rss=2101.2MB, peak_rss=2506.3MB, cuda_alloc=351.3MB, cuda_reserved=27922.0MB, cuda_peak_alloc=3638.2MB, cuda_free=20045.8MB, cuda_total=48519.1MB
[2026-06-10 04:30:58] Epoch 28 train batch [1640/1875] loss=0.0858 avg_loss=0.0793. Resources: rss=2101.2MB, peak_rss=2506.3MB, cuda_alloc=351.3MB, cuda_reserved=27922.0MB, cuda_peak_alloc=3638.2MB, cuda_free=20045.8MB, cuda_total=48519.1MB
[2026-06-10 04:31:00] Epoch 28 train batch [1660/1875] loss=0.0786 avg_loss=0.0791. Resources: rss=2101.2MB, peak_rss=2506.3MB, cuda_alloc=351.3MB, cuda_reserved=27922.0MB, cuda_peak_alloc=3638.2MB, cuda_free=20045.8MB, cuda_total=48519.1MB
[2026-06-10 04:31:03] Epoch 28 train batch [1680/1875] loss=0.0431 avg_loss=0.0790. Resources: rss=2101.2MB, peak_rss=2506.3MB, cuda_alloc=351.3MB, cuda_reserved=31682.0MB, cuda_peak_alloc=3638.2MB, cuda_free=16285.8MB, cuda_total=48519.1MB
[2026-06-10 04:31:05] Epoch 28 train batch [1700/1875] loss=0.0871 avg_loss=0.0790. Resources: rss=2101.2MB, peak_rss=2506.3MB, cuda_alloc=351.3MB, cuda_reserved=31682.0MB, cuda_peak_alloc=3638.2MB, cuda_free=16285.8MB, cuda_total=48519.1MB
[2026-06-10 04:31:08] Epoch 28 train batch [1720/1875] loss=0.0450 avg_loss=0.0792. Resources: rss=2080.7MB, peak_rss=2506.3MB, cuda_alloc=351.3MB, cuda_reserved=47222.0MB, cuda_peak_alloc=3638.2MB, cuda_free=745.8MB, cuda_total=48519.1MB
[2026-06-10 04:31:12] Epoch 28 train batch [1740/1875] loss=0.0929 avg_loss=0.0793. Resources: rss=2096.7MB, peak_rss=2506.3MB, cuda_alloc=351.3MB, cuda_reserved=16402.0MB, cuda_peak_alloc=3638.2MB, cuda_free=31565.8MB, cuda_total=48519.1MB
[2026-06-10 04:31:14] Epoch 28 train batch [1760/1875] loss=0.0866 avg_loss=0.0792. Resources: rss=2096.9MB, peak_rss=2506.3MB, cuda_alloc=351.3MB, cuda_reserved=43462.0MB, cuda_peak_alloc=3638.2MB, cuda_free=4505.8MB, cuda_total=48519.1MB
[2026-06-10 04:31:18] Epoch 28 train batch [1780/1875] loss=0.0395 avg_loss=0.0795. Resources: rss=2097.4MB, peak_rss=2506.3MB, cuda_alloc=351.3MB, cuda_reserved=23222.0MB, cuda_peak_alloc=3638.2MB, cuda_free=24745.8MB, cuda_total=48519.1MB
[2026-06-10 04:31:20] Epoch 28 train batch [1800/1875] loss=0.0380 avg_loss=0.0796. Resources: rss=2097.7MB, peak_rss=2506.3MB, cuda_alloc=351.3MB, cuda_reserved=27082.0MB, cuda_peak_alloc=3638.2MB, cuda_free=20885.8MB, cuda_total=48519.1MB
[2026-06-10 04:31:23] Epoch 28 train batch [1820/1875] loss=0.1280 avg_loss=0.0796. Resources: rss=2098.4MB, peak_rss=2506.3MB, cuda_alloc=351.3MB, cuda_reserved=27082.0MB, cuda_peak_alloc=3638.2MB, cuda_free=20885.8MB, cuda_total=48519.1MB
[2026-06-10 04:31:25] Epoch 28 train batch [1840/1875] loss=0.0817 avg_loss=0.0796. Resources: rss=2098.4MB, peak_rss=2506.3MB, cuda_alloc=351.3MB, cuda_reserved=27082.0MB, cuda_peak_alloc=3638.2MB, cuda_free=20885.8MB, cuda_total=48519.1MB
[2026-06-10 04:31:28] Epoch 28 train batch [1860/1875] loss=0.1980 avg_loss=0.0795. Resources: rss=2099.4MB, peak_rss=2506.3MB, cuda_alloc=351.3MB, cuda_reserved=27082.0MB, cuda_peak_alloc=3638.2MB, cuda_free=20885.8MB, cuda_total=48519.1MB
[2026-06-10 04:31:30] Epoch 28 train batch [1875/1875] loss=0.0439 avg_loss=0.0795. Resources: rss=2099.4MB, peak_rss=2506.3MB, cuda_alloc=351.3MB, cuda_reserved=27082.0MB, cuda_peak_alloc=3638.2MB, cuda_free=20885.8MB, cuda_total=48519.1MB
[2026-06-10 04:31:30] Epoch 28 training completed. Resources: rss=2099.4MB, peak_rss=2506.3MB, cuda_alloc=351.3MB, cuda_reserved=27082.0MB, cuda_peak_alloc=3638.2MB, cuda_free=20885.8MB, cuda_total=48519.1MB
[2026-06-10 04:31:30] Epoch 28 cache released before validation loss. Resources: rss=2037.8MB, peak_rss=2506.3MB, cuda_alloc=351.3MB, cuda_reserved=570.0MB, cuda_peak_alloc=351.3MB, cuda_free=47397.8MB, cuda_total=48519.1MB
[2026-06-10 04:31:51] Epoch 28 validation loss completed: 0.5496. Resources: rss=2095.0MB, peak_rss=2506.3MB, cuda_alloc=351.3MB, cuda_reserved=7960.0MB, cuda_peak_alloc=1426.1MB, cuda_free=40007.8MB, cuda_total=48519.1MB
[2026-06-10 04:31:52] Epoch 28 cache released before detection metrics. Resources: rss=2037.4MB, peak_rss=2506.3MB, cuda_alloc=351.3MB, cuda_reserved=570.0MB, cuda_peak_alloc=351.3MB, cuda_free=47397.8MB, cuda_total=48519.1MB
[2026-06-10 04:32:12] Epoch 28 prediction tensors moved to CPU. Computing metrics. Resources: rss=2037.6MB, peak_rss=2506.3MB, cuda_alloc=351.3MB, cuda_reserved=570.0MB, cuda_peak_alloc=351.3MB, cuda_free=47397.8MB, cuda_total=48519.1MB
[2026-06-10 04:32:12] Epoch 28 metrics computed (mAP@0.5 only). Saving artifacts. Resources: rss=2038.4MB, peak_rss=2506.3MB, cuda_alloc=351.3MB, cuda_reserved=570.0MB, cuda_peak_alloc=351.3MB, cuda_free=47397.8MB, cuda_total=48519.1MB
[2026-06-10 04:32:13] Epoch 28 did not improve mAP@0.5 enough. Early stopping counter: 9/10.
Epoch [28/30]
├── Train Loss : 0.0795
│   ├── loss_classifier  : 0.0378
│   ├── loss_box_reg     : 0.0417
│   ├── loss_objectness  : 0.0000
│   └── loss_rpn_box_reg : 0.0000
├── Val Loss   : 0.5496
├── mAP@0.5    : 0.7089
├── mAP@0.75   : n/a
├── mAP@0.5:0.95 : n/a
├── Precision  : 0.7388
├── Recall     : 0.7600
├── GT Boxes   : 2021
├── Predictions: 2079
├── Per-class AP
│   ├── person  : AP50=0.7670, AP75=n/a, AP50:95=n/a, P=0.7897, R=0.8007
│   ├── car     : AP50=0.6750, AP75=n/a, AP50:95=n/a, P=0.6550, R=0.7244
│   ├── dog     : AP50=0.7972, AP75=n/a, AP50:95=n/a, P=0.7190, R=0.8447
│   ├── cat     : AP50=0.8688, AP75=n/a, AP50:95=n/a, P=0.8220, R=0.8920
│   └── chair   : AP50=0.4365, AP75=n/a, AP50:95=n/a, P=0.5738, R=0.4965
├── LR         : 0.001000
└── Time       : 300.5s
[2026-06-10 04:32:13] Epoch [28/30] completed. Resources: rss=2037.6MB, peak_rss=2506.3MB, cuda_alloc=351.3MB, cuda_reserved=570.0MB, cuda_peak_alloc=351.3MB, cuda_free=47397.8MB, cuda_total=48519.1MB
[2026-06-10 04:32:13] Epoch [29/30] started. Resources: rss=2037.6MB, peak_rss=2506.3MB, cuda_alloc=351.3MB, cuda_reserved=570.0MB, cuda_peak_alloc=351.3MB, cuda_free=47397.8MB, cuda_total=48519.1MB
[2026-06-10 04:32:15] Epoch 29 train batch [20/1875] loss=0.0803 avg_loss=0.0784. Resources: rss=2090.8MB, peak_rss=2506.3MB, cuda_alloc=351.3MB, cuda_reserved=45482.0MB, cuda_peak_alloc=3637.6MB, cuda_free=2485.8MB, cuda_total=48519.1MB
[2026-06-10 04:32:19] Epoch 29 train batch [40/1875] loss=0.0174 avg_loss=0.0838. Resources: rss=2091.1MB, peak_rss=2506.3MB, cuda_alloc=351.3MB, cuda_reserved=23682.0MB, cuda_peak_alloc=3637.6MB, cuda_free=24285.8MB, cuda_total=48519.1MB
[2026-06-10 04:32:21] Epoch 29 train batch [60/1875] loss=0.1697 avg_loss=0.0780. Resources: rss=2095.1MB, peak_rss=2506.3MB, cuda_alloc=351.3MB, cuda_reserved=23682.0MB, cuda_peak_alloc=3637.6MB, cuda_free=24285.8MB, cuda_total=48519.1MB
[2026-06-10 04:32:24] Epoch 29 train batch [80/1875] loss=0.0909 avg_loss=0.0765. Resources: rss=2097.3MB, peak_rss=2506.3MB, cuda_alloc=351.3MB, cuda_reserved=23682.0MB, cuda_peak_alloc=3637.6MB, cuda_free=24285.8MB, cuda_total=48519.1MB
[2026-06-10 04:32:26] Epoch 29 train batch [100/1875] loss=0.0124 avg_loss=0.0737. Resources: rss=2081.5MB, peak_rss=2506.3MB, cuda_alloc=351.3MB, cuda_reserved=23682.0MB, cuda_peak_alloc=3637.6MB, cuda_free=24285.8MB, cuda_total=48519.1MB
[2026-06-10 04:32:29] Epoch 29 train batch [120/1875] loss=0.0386 avg_loss=0.0726. Resources: rss=2092.5MB, peak_rss=2506.3MB, cuda_alloc=351.3MB, cuda_reserved=23682.0MB, cuda_peak_alloc=3637.6MB, cuda_free=24285.8MB, cuda_total=48519.1MB
[2026-06-10 04:32:32] Epoch 29 train batch [140/1875] loss=0.0172 avg_loss=0.0714. Resources: rss=2094.0MB, peak_rss=2506.3MB, cuda_alloc=351.3MB, cuda_reserved=23682.0MB, cuda_peak_alloc=3637.6MB, cuda_free=24285.8MB, cuda_total=48519.1MB
[2026-06-10 04:32:34] Epoch 29 train batch [160/1875] loss=0.0306 avg_loss=0.0720. Resources: rss=2094.5MB, peak_rss=2506.3MB, cuda_alloc=351.3MB, cuda_reserved=26422.0MB, cuda_peak_alloc=3637.6MB, cuda_free=21545.8MB, cuda_total=48519.1MB
[2026-06-10 04:32:37] Epoch 29 train batch [180/1875] loss=0.0656 avg_loss=0.0713. Resources: rss=2092.3MB, peak_rss=2506.3MB, cuda_alloc=351.3MB, cuda_reserved=41202.0MB, cuda_peak_alloc=3637.6MB, cuda_free=6765.8MB, cuda_total=48519.1MB
[2026-06-10 04:32:39] Epoch 29 train batch [200/1875] loss=0.1181 avg_loss=0.0706. Resources: rss=2094.6MB, peak_rss=2506.3MB, cuda_alloc=351.3MB, cuda_reserved=41202.0MB, cuda_peak_alloc=3637.8MB, cuda_free=6765.8MB, cuda_total=48519.1MB
[2026-06-10 04:32:42] Epoch 29 train batch [220/1875] loss=0.0960 avg_loss=0.0702. Resources: rss=2090.0MB, peak_rss=2506.3MB, cuda_alloc=351.3MB, cuda_reserved=41202.0MB, cuda_peak_alloc=3637.8MB, cuda_free=6765.8MB, cuda_total=48519.1MB
[2026-06-10 04:32:45] Epoch 29 train batch [240/1875] loss=0.0478 avg_loss=0.0696. Resources: rss=2096.7MB, peak_rss=2506.3MB, cuda_alloc=351.3MB, cuda_reserved=41202.0MB, cuda_peak_alloc=3637.8MB, cuda_free=6765.8MB, cuda_total=48519.1MB
[2026-06-10 04:32:47] Epoch 29 train batch [260/1875] loss=0.0469 avg_loss=0.0689. Resources: rss=2096.7MB, peak_rss=2506.3MB, cuda_alloc=351.3MB, cuda_reserved=41202.0MB, cuda_peak_alloc=3637.8MB, cuda_free=6765.8MB, cuda_total=48519.1MB
[2026-06-10 04:32:50] Epoch 29 train batch [280/1875] loss=0.1539 avg_loss=0.0697. Resources: rss=2096.7MB, peak_rss=2506.3MB, cuda_alloc=351.3MB, cuda_reserved=41202.0MB, cuda_peak_alloc=3637.8MB, cuda_free=6765.8MB, cuda_total=48519.1MB
[2026-06-10 04:32:52] Epoch 29 train batch [300/1875] loss=0.0751 avg_loss=0.0695. Resources: rss=2099.5MB, peak_rss=2506.3MB, cuda_alloc=351.3MB, cuda_reserved=41202.0MB, cuda_peak_alloc=3637.8MB, cuda_free=6765.8MB, cuda_total=48519.1MB
[2026-06-10 04:32:55] Epoch 29 train batch [320/1875] loss=0.0888 avg_loss=0.0703. Resources: rss=2099.5MB, peak_rss=2506.3MB, cuda_alloc=351.3MB, cuda_reserved=41202.0MB, cuda_peak_alloc=3637.8MB, cuda_free=6765.8MB, cuda_total=48519.1MB
[2026-06-10 04:32:58] Epoch 29 train batch [340/1875] loss=0.0448 avg_loss=0.0704. Resources: rss=2099.5MB, peak_rss=2506.3MB, cuda_alloc=351.3MB, cuda_reserved=41202.0MB, cuda_peak_alloc=3637.8MB, cuda_free=6765.8MB, cuda_total=48519.1MB
[2026-06-10 04:33:00] Epoch 29 train batch [360/1875] loss=0.0454 avg_loss=0.0708. Resources: rss=2099.5MB, peak_rss=2506.3MB, cuda_alloc=351.3MB, cuda_reserved=41202.0MB, cuda_peak_alloc=3637.8MB, cuda_free=6765.8MB, cuda_total=48519.1MB
[2026-06-10 04:33:03] Epoch 29 train batch [380/1875] loss=0.1497 avg_loss=0.0709. Resources: rss=2099.5MB, peak_rss=2506.3MB, cuda_alloc=351.3MB, cuda_reserved=41202.0MB, cuda_peak_alloc=3637.8MB, cuda_free=6765.8MB, cuda_total=48519.1MB
[2026-06-10 04:33:05] Epoch 29 train batch [400/1875] loss=0.0282 avg_loss=0.0702. Resources: rss=2099.5MB, peak_rss=2506.3MB, cuda_alloc=351.3MB, cuda_reserved=41202.0MB, cuda_peak_alloc=3637.8MB, cuda_free=6765.8MB, cuda_total=48519.1MB
[2026-06-10 04:33:08] Epoch 29 train batch [420/1875] loss=0.0359 avg_loss=0.0698. Resources: rss=2099.5MB, peak_rss=2506.3MB, cuda_alloc=351.3MB, cuda_reserved=41202.0MB, cuda_peak_alloc=3637.8MB, cuda_free=6765.8MB, cuda_total=48519.1MB
[2026-06-10 04:33:11] Epoch 29 train batch [440/1875] loss=0.0289 avg_loss=0.0697. Resources: rss=2099.5MB, peak_rss=2506.3MB, cuda_alloc=351.3MB, cuda_reserved=41202.0MB, cuda_peak_alloc=3637.8MB, cuda_free=6765.8MB, cuda_total=48519.1MB
[2026-06-10 04:33:13] Epoch 29 train batch [460/1875] loss=0.0703 avg_loss=0.0695. Resources: rss=2099.5MB, peak_rss=2506.3MB, cuda_alloc=351.3MB, cuda_reserved=41202.0MB, cuda_peak_alloc=3637.8MB, cuda_free=6765.8MB, cuda_total=48519.1MB
[2026-06-10 04:33:16] Epoch 29 train batch [480/1875] loss=0.0447 avg_loss=0.0695. Resources: rss=2099.5MB, peak_rss=2506.3MB, cuda_alloc=351.3MB, cuda_reserved=41202.0MB, cuda_peak_alloc=3637.8MB, cuda_free=6765.8MB, cuda_total=48519.1MB
[2026-06-10 04:33:19] Epoch 29 train batch [500/1875] loss=0.0265 avg_loss=0.0700. Resources: rss=2099.5MB, peak_rss=2506.3MB, cuda_alloc=351.3MB, cuda_reserved=41202.0MB, cuda_peak_alloc=3637.8MB, cuda_free=6765.8MB, cuda_total=48519.1MB
[2026-06-10 04:33:21] Epoch 29 train batch [520/1875] loss=0.0751 avg_loss=0.0699. Resources: rss=2099.5MB, peak_rss=2506.3MB, cuda_alloc=351.3MB, cuda_reserved=41202.0MB, cuda_peak_alloc=3637.8MB, cuda_free=6765.8MB, cuda_total=48519.1MB
[2026-06-10 04:33:24] Epoch 29 train batch [540/1875] loss=0.0444 avg_loss=0.0703. Resources: rss=2099.5MB, peak_rss=2506.3MB, cuda_alloc=351.3MB, cuda_reserved=41202.0MB, cuda_peak_alloc=3637.8MB, cuda_free=6765.8MB, cuda_total=48519.1MB
[2026-06-10 04:33:26] Epoch 29 train batch [560/1875] loss=0.0658 avg_loss=0.0705. Resources: rss=2099.5MB, peak_rss=2506.3MB, cuda_alloc=351.3MB, cuda_reserved=41202.0MB, cuda_peak_alloc=3637.8MB, cuda_free=6765.8MB, cuda_total=48519.1MB
[2026-06-10 04:33:29] Epoch 29 train batch [580/1875] loss=0.1867 avg_loss=0.0710. Resources: rss=2099.5MB, peak_rss=2506.3MB, cuda_alloc=351.3MB, cuda_reserved=41202.0MB, cuda_peak_alloc=3637.8MB, cuda_free=6765.8MB, cuda_total=48519.1MB
[2026-06-10 04:33:32] Epoch 29 train batch [600/1875] loss=0.0312 avg_loss=0.0708. Resources: rss=2099.5MB, peak_rss=2506.3MB, cuda_alloc=351.3MB, cuda_reserved=41202.0MB, cuda_peak_alloc=3637.8MB, cuda_free=6765.8MB, cuda_total=48519.1MB
[2026-06-10 04:33:34] Epoch 29 train batch [620/1875] loss=0.0780 avg_loss=0.0717. Resources: rss=2099.5MB, peak_rss=2506.3MB, cuda_alloc=351.3MB, cuda_reserved=41202.0MB, cuda_peak_alloc=3637.8MB, cuda_free=6765.8MB, cuda_total=48519.1MB
[2026-06-10 04:33:37] Epoch 29 train batch [640/1875] loss=0.0250 avg_loss=0.0718. Resources: rss=2099.5MB, peak_rss=2506.3MB, cuda_alloc=351.3MB, cuda_reserved=41202.0MB, cuda_peak_alloc=3637.8MB, cuda_free=6765.8MB, cuda_total=48519.1MB
[2026-06-10 04:33:40] Epoch 29 train batch [660/1875] loss=0.0329 avg_loss=0.0718. Resources: rss=2099.5MB, peak_rss=2506.3MB, cuda_alloc=351.3MB, cuda_reserved=41204.0MB, cuda_peak_alloc=3637.8MB, cuda_free=6763.8MB, cuda_total=48519.1MB
[2026-06-10 04:33:42] Epoch 29 train batch [680/1875] loss=0.1065 avg_loss=0.0719. Resources: rss=2099.5MB, peak_rss=2506.3MB, cuda_alloc=351.3MB, cuda_reserved=41204.0MB, cuda_peak_alloc=3637.8MB, cuda_free=6763.8MB, cuda_total=48519.1MB
[2026-06-10 04:33:45] Epoch 29 train batch [700/1875] loss=0.0259 avg_loss=0.0718. Resources: rss=2099.5MB, peak_rss=2506.3MB, cuda_alloc=351.3MB, cuda_reserved=41204.0MB, cuda_peak_alloc=3637.8MB, cuda_free=6763.8MB, cuda_total=48519.1MB
[2026-06-10 04:33:47] Epoch 29 train batch [720/1875] loss=0.0955 avg_loss=0.0717. Resources: rss=2081.1MB, peak_rss=2506.3MB, cuda_alloc=351.3MB, cuda_reserved=41204.0MB, cuda_peak_alloc=3637.8MB, cuda_free=6763.8MB, cuda_total=48519.1MB
[2026-06-10 04:33:50] Epoch 29 train batch [740/1875] loss=0.0523 avg_loss=0.0716. Resources: rss=2093.3MB, peak_rss=2506.3MB, cuda_alloc=351.3MB, cuda_reserved=41204.0MB, cuda_peak_alloc=3637.8MB, cuda_free=6763.8MB, cuda_total=48519.1MB
[2026-06-10 04:33:52] Epoch 29 train batch [760/1875] loss=0.0415 avg_loss=0.0719. Resources: rss=2093.8MB, peak_rss=2506.3MB, cuda_alloc=351.3MB, cuda_reserved=41204.0MB, cuda_peak_alloc=3637.8MB, cuda_free=6763.8MB, cuda_total=48519.1MB
[2026-06-10 04:33:55] Epoch 29 train batch [780/1875] loss=0.1133 avg_loss=0.0719. Resources: rss=2094.8MB, peak_rss=2506.3MB, cuda_alloc=351.3MB, cuda_reserved=41204.0MB, cuda_peak_alloc=3637.8MB, cuda_free=6763.8MB, cuda_total=48519.1MB
[2026-06-10 04:33:58] Epoch 29 train batch [800/1875] loss=0.0601 avg_loss=0.0716. Resources: rss=2094.8MB, peak_rss=2506.3MB, cuda_alloc=351.3MB, cuda_reserved=41204.0MB, cuda_peak_alloc=3637.8MB, cuda_free=6763.8MB, cuda_total=48519.1MB
[2026-06-10 04:34:00] Epoch 29 train batch [820/1875] loss=0.0790 avg_loss=0.0714. Resources: rss=2095.8MB, peak_rss=2506.3MB, cuda_alloc=351.3MB, cuda_reserved=41204.0MB, cuda_peak_alloc=3637.8MB, cuda_free=6763.8MB, cuda_total=48519.1MB
[2026-06-10 04:34:03] Epoch 29 train batch [840/1875] loss=0.0544 avg_loss=0.0712. Resources: rss=2095.8MB, peak_rss=2506.3MB, cuda_alloc=351.3MB, cuda_reserved=41204.0MB, cuda_peak_alloc=3637.8MB, cuda_free=6763.8MB, cuda_total=48519.1MB
[2026-06-10 04:34:05] Epoch 29 train batch [860/1875] loss=0.0519 avg_loss=0.0715. Resources: rss=2095.8MB, peak_rss=2506.3MB, cuda_alloc=351.3MB, cuda_reserved=41204.0MB, cuda_peak_alloc=3637.8MB, cuda_free=6763.8MB, cuda_total=48519.1MB
[2026-06-10 04:34:08] Epoch 29 train batch [880/1875] loss=0.0693 avg_loss=0.0714. Resources: rss=2095.8MB, peak_rss=2506.3MB, cuda_alloc=351.3MB, cuda_reserved=41204.0MB, cuda_peak_alloc=3637.8MB, cuda_free=6763.8MB, cuda_total=48519.1MB
[2026-06-10 04:34:11] Epoch 29 train batch [900/1875] loss=0.1062 avg_loss=0.0714. Resources: rss=2095.8MB, peak_rss=2506.3MB, cuda_alloc=351.3MB, cuda_reserved=41204.0MB, cuda_peak_alloc=3637.8MB, cuda_free=6763.8MB, cuda_total=48519.1MB
[2026-06-10 04:34:13] Epoch 29 train batch [920/1875] loss=0.0685 avg_loss=0.0719. Resources: rss=2095.8MB, peak_rss=2506.3MB, cuda_alloc=351.3MB, cuda_reserved=41204.0MB, cuda_peak_alloc=3637.8MB, cuda_free=6763.8MB, cuda_total=48519.1MB
[2026-06-10 04:34:16] Epoch 29 train batch [940/1875] loss=0.0917 avg_loss=0.0718. Resources: rss=2095.8MB, peak_rss=2506.3MB, cuda_alloc=351.3MB, cuda_reserved=41204.0MB, cuda_peak_alloc=3637.8MB, cuda_free=6763.8MB, cuda_total=48519.1MB
[2026-06-10 04:34:19] Epoch 29 train batch [960/1875] loss=0.1204 avg_loss=0.0717. Resources: rss=2095.8MB, peak_rss=2506.3MB, cuda_alloc=351.3MB, cuda_reserved=41204.0MB, cuda_peak_alloc=3637.8MB, cuda_free=6763.8MB, cuda_total=48519.1MB
[2026-06-10 04:34:21] Epoch 29 train batch [980/1875] loss=0.0757 avg_loss=0.0720. Resources: rss=2095.8MB, peak_rss=2506.3MB, cuda_alloc=351.3MB, cuda_reserved=41204.0MB, cuda_peak_alloc=3637.8MB, cuda_free=6763.8MB, cuda_total=48519.1MB
[2026-06-10 04:34:24] Epoch 29 train batch [1000/1875] loss=0.1476 avg_loss=0.0719. Resources: rss=2096.3MB, peak_rss=2506.3MB, cuda_alloc=351.3MB, cuda_reserved=41204.0MB, cuda_peak_alloc=3637.8MB, cuda_free=6763.8MB, cuda_total=48519.1MB
[2026-06-10 04:34:27] Epoch 29 train batch [1020/1875] loss=0.1751 avg_loss=0.0721. Resources: rss=2096.3MB, peak_rss=2506.3MB, cuda_alloc=351.3MB, cuda_reserved=41204.0MB, cuda_peak_alloc=3637.8MB, cuda_free=6763.8MB, cuda_total=48519.1MB
[2026-06-10 04:34:29] Epoch 29 train batch [1040/1875] loss=0.0328 avg_loss=0.0723. Resources: rss=2096.3MB, peak_rss=2506.3MB, cuda_alloc=351.3MB, cuda_reserved=41204.0MB, cuda_peak_alloc=3637.8MB, cuda_free=6763.8MB, cuda_total=48519.1MB
[2026-06-10 04:34:32] Epoch 29 train batch [1060/1875] loss=0.0632 avg_loss=0.0721. Resources: rss=2096.3MB, peak_rss=2506.3MB, cuda_alloc=351.3MB, cuda_reserved=41204.0MB, cuda_peak_alloc=3638.1MB, cuda_free=6763.8MB, cuda_total=48519.1MB
[2026-06-10 04:34:34] Epoch 29 train batch [1080/1875] loss=0.0764 avg_loss=0.0720. Resources: rss=2098.3MB, peak_rss=2506.3MB, cuda_alloc=351.3MB, cuda_reserved=41204.0MB, cuda_peak_alloc=3638.1MB, cuda_free=6763.8MB, cuda_total=48519.1MB
[2026-06-10 04:34:37] Epoch 29 train batch [1100/1875] loss=0.1862 avg_loss=0.0721. Resources: rss=2098.3MB, peak_rss=2506.3MB, cuda_alloc=351.3MB, cuda_reserved=41204.0MB, cuda_peak_alloc=3638.1MB, cuda_free=6763.8MB, cuda_total=48519.1MB
[2026-06-10 04:34:40] Epoch 29 train batch [1120/1875] loss=0.0672 avg_loss=0.0721. Resources: rss=2098.3MB, peak_rss=2506.3MB, cuda_alloc=351.3MB, cuda_reserved=41204.0MB, cuda_peak_alloc=3638.1MB, cuda_free=6763.8MB, cuda_total=48519.1MB
[2026-06-10 04:34:42] Epoch 29 train batch [1140/1875] loss=0.0803 avg_loss=0.0722. Resources: rss=2098.3MB, peak_rss=2506.3MB, cuda_alloc=351.3MB, cuda_reserved=41204.0MB, cuda_peak_alloc=3638.1MB, cuda_free=6763.8MB, cuda_total=48519.1MB
[2026-06-10 04:34:45] Epoch 29 train batch [1160/1875] loss=0.1015 avg_loss=0.0722. Resources: rss=2098.3MB, peak_rss=2506.3MB, cuda_alloc=351.3MB, cuda_reserved=41204.0MB, cuda_peak_alloc=3638.1MB, cuda_free=6763.8MB, cuda_total=48519.1MB
[2026-06-10 04:34:48] Epoch 29 train batch [1180/1875] loss=0.0683 avg_loss=0.0722. Resources: rss=2098.3MB, peak_rss=2506.3MB, cuda_alloc=351.3MB, cuda_reserved=41204.0MB, cuda_peak_alloc=3638.1MB, cuda_free=6763.8MB, cuda_total=48519.1MB
[2026-06-10 04:34:50] Epoch 29 train batch [1200/1875] loss=0.0520 avg_loss=0.0723. Resources: rss=2098.3MB, peak_rss=2506.3MB, cuda_alloc=351.3MB, cuda_reserved=41204.0MB, cuda_peak_alloc=3638.1MB, cuda_free=6763.8MB, cuda_total=48519.1MB
[2026-06-10 04:34:53] Epoch 29 train batch [1220/1875] loss=0.0335 avg_loss=0.0723. Resources: rss=2098.3MB, peak_rss=2506.3MB, cuda_alloc=351.3MB, cuda_reserved=41204.0MB, cuda_peak_alloc=3638.1MB, cuda_free=6763.8MB, cuda_total=48519.1MB
[2026-06-10 04:34:56] Epoch 29 train batch [1240/1875] loss=0.1061 avg_loss=0.0724. Resources: rss=2098.3MB, peak_rss=2506.3MB, cuda_alloc=351.3MB, cuda_reserved=41204.0MB, cuda_peak_alloc=3638.1MB, cuda_free=6763.8MB, cuda_total=48519.1MB
[2026-06-10 04:34:58] Epoch 29 train batch [1260/1875] loss=0.0867 avg_loss=0.0723. Resources: rss=2098.3MB, peak_rss=2506.3MB, cuda_alloc=351.3MB, cuda_reserved=41204.0MB, cuda_peak_alloc=3638.1MB, cuda_free=6763.8MB, cuda_total=48519.1MB
[2026-06-10 04:35:01] Epoch 29 train batch [1280/1875] loss=0.0179 avg_loss=0.0720. Resources: rss=2098.3MB, peak_rss=2506.3MB, cuda_alloc=351.3MB, cuda_reserved=41204.0MB, cuda_peak_alloc=3638.1MB, cuda_free=6763.8MB, cuda_total=48519.1MB
[2026-06-10 04:35:03] Epoch 29 train batch [1300/1875] loss=0.0465 avg_loss=0.0718. Resources: rss=2098.3MB, peak_rss=2506.3MB, cuda_alloc=351.3MB, cuda_reserved=41204.0MB, cuda_peak_alloc=3638.1MB, cuda_free=6763.8MB, cuda_total=48519.1MB
[2026-06-10 04:35:06] Epoch 29 train batch [1320/1875] loss=0.0699 avg_loss=0.0716. Resources: rss=2098.3MB, peak_rss=2506.3MB, cuda_alloc=351.3MB, cuda_reserved=41204.0MB, cuda_peak_alloc=3638.1MB, cuda_free=6763.8MB, cuda_total=48519.1MB
[2026-06-10 04:35:08] Epoch 29 train batch [1340/1875] loss=0.0337 avg_loss=0.0716. Resources: rss=2087.9MB, peak_rss=2506.3MB, cuda_alloc=351.3MB, cuda_reserved=41204.0MB, cuda_peak_alloc=3638.1MB, cuda_free=6763.8MB, cuda_total=48519.1MB
[2026-06-10 04:35:11] Epoch 29 train batch [1360/1875] loss=0.0251 avg_loss=0.0715. Resources: rss=2091.9MB, peak_rss=2506.3MB, cuda_alloc=351.3MB, cuda_reserved=41204.0MB, cuda_peak_alloc=3638.1MB, cuda_free=6763.8MB, cuda_total=48519.1MB
[2026-06-10 04:35:13] Epoch 29 train batch [1380/1875] loss=0.0751 avg_loss=0.0714. Resources: rss=2095.2MB, peak_rss=2506.3MB, cuda_alloc=351.3MB, cuda_reserved=41204.0MB, cuda_peak_alloc=3638.1MB, cuda_free=6763.8MB, cuda_total=48519.1MB
[2026-06-10 04:35:16] Epoch 29 train batch [1400/1875] loss=0.0535 avg_loss=0.0713. Resources: rss=2095.4MB, peak_rss=2506.3MB, cuda_alloc=351.3MB, cuda_reserved=41204.0MB, cuda_peak_alloc=3638.1MB, cuda_free=6763.8MB, cuda_total=48519.1MB
[2026-06-10 04:35:18] Epoch 29 train batch [1420/1875] loss=0.0381 avg_loss=0.0711. Resources: rss=2095.7MB, peak_rss=2506.3MB, cuda_alloc=351.3MB, cuda_reserved=41204.0MB, cuda_peak_alloc=3638.1MB, cuda_free=6763.8MB, cuda_total=48519.1MB
[2026-06-10 04:35:21] Epoch 29 train batch [1440/1875] loss=0.0420 avg_loss=0.0710. Resources: rss=2095.7MB, peak_rss=2506.3MB, cuda_alloc=351.3MB, cuda_reserved=41204.0MB, cuda_peak_alloc=3638.1MB, cuda_free=6763.8MB, cuda_total=48519.1MB
[2026-06-10 04:35:24] Epoch 29 train batch [1460/1875] loss=0.0338 avg_loss=0.0711. Resources: rss=2095.7MB, peak_rss=2506.3MB, cuda_alloc=351.3MB, cuda_reserved=41204.0MB, cuda_peak_alloc=3638.1MB, cuda_free=6763.8MB, cuda_total=48519.1MB
[2026-06-10 04:35:26] Epoch 29 train batch [1480/1875] loss=0.0449 avg_loss=0.0710. Resources: rss=2095.7MB, peak_rss=2506.3MB, cuda_alloc=351.3MB, cuda_reserved=41204.0MB, cuda_peak_alloc=3638.1MB, cuda_free=6763.8MB, cuda_total=48519.1MB
[2026-06-10 04:35:29] Epoch 29 train batch [1500/1875] loss=0.0384 avg_loss=0.0709. Resources: rss=2095.7MB, peak_rss=2506.3MB, cuda_alloc=351.3MB, cuda_reserved=41204.0MB, cuda_peak_alloc=3638.1MB, cuda_free=6763.8MB, cuda_total=48519.1MB
[2026-06-10 04:35:32] Epoch 29 train batch [1520/1875] loss=0.0557 avg_loss=0.0708. Resources: rss=2095.7MB, peak_rss=2506.3MB, cuda_alloc=351.3MB, cuda_reserved=41204.0MB, cuda_peak_alloc=3638.1MB, cuda_free=6763.8MB, cuda_total=48519.1MB
[2026-06-10 04:35:35] Epoch 29 train batch [1540/1875] loss=0.0502 avg_loss=0.0709. Resources: rss=2095.9MB, peak_rss=2506.3MB, cuda_alloc=351.3MB, cuda_reserved=41204.0MB, cuda_peak_alloc=3638.1MB, cuda_free=6763.8MB, cuda_total=48519.1MB
[2026-06-10 04:35:37] Epoch 29 train batch [1560/1875] loss=0.1217 avg_loss=0.0707. Resources: rss=2095.9MB, peak_rss=2506.3MB, cuda_alloc=351.3MB, cuda_reserved=41204.0MB, cuda_peak_alloc=3638.1MB, cuda_free=6763.8MB, cuda_total=48519.1MB
[2026-06-10 04:35:40] Epoch 29 train batch [1580/1875] loss=0.0493 avg_loss=0.0707. Resources: rss=2098.4MB, peak_rss=2506.3MB, cuda_alloc=351.3MB, cuda_reserved=41204.0MB, cuda_peak_alloc=3638.1MB, cuda_free=6763.8MB, cuda_total=48519.1MB
[2026-06-10 04:35:42] Epoch 29 train batch [1600/1875] loss=0.1078 avg_loss=0.0709. Resources: rss=2098.4MB, peak_rss=2506.3MB, cuda_alloc=351.3MB, cuda_reserved=41204.0MB, cuda_peak_alloc=3638.1MB, cuda_free=6763.8MB, cuda_total=48519.1MB
[2026-06-10 04:35:45] Epoch 29 train batch [1620/1875] loss=0.0629 avg_loss=0.0710. Resources: rss=2098.4MB, peak_rss=2506.3MB, cuda_alloc=351.3MB, cuda_reserved=41204.0MB, cuda_peak_alloc=3638.1MB, cuda_free=6763.8MB, cuda_total=48519.1MB
[2026-06-10 04:35:47] Epoch 29 train batch [1640/1875] loss=0.0256 avg_loss=0.0711. Resources: rss=2098.4MB, peak_rss=2506.3MB, cuda_alloc=351.3MB, cuda_reserved=41204.0MB, cuda_peak_alloc=3638.1MB, cuda_free=6763.8MB, cuda_total=48519.1MB
[2026-06-10 04:35:50] Epoch 29 train batch [1660/1875] loss=0.0958 avg_loss=0.0709. Resources: rss=2098.4MB, peak_rss=2506.3MB, cuda_alloc=351.3MB, cuda_reserved=41204.0MB, cuda_peak_alloc=3638.1MB, cuda_free=6763.8MB, cuda_total=48519.1MB
[2026-06-10 04:35:53] Epoch 29 train batch [1680/1875] loss=0.0635 avg_loss=0.0706. Resources: rss=2098.4MB, peak_rss=2506.3MB, cuda_alloc=351.3MB, cuda_reserved=41204.0MB, cuda_peak_alloc=3638.1MB, cuda_free=6763.8MB, cuda_total=48519.1MB
[2026-06-10 04:35:55] Epoch 29 train batch [1700/1875] loss=0.1001 avg_loss=0.0706. Resources: rss=2098.4MB, peak_rss=2506.3MB, cuda_alloc=351.3MB, cuda_reserved=41204.0MB, cuda_peak_alloc=3638.1MB, cuda_free=6763.8MB, cuda_total=48519.1MB
[2026-06-10 04:35:58] Epoch 29 train batch [1720/1875] loss=0.0230 avg_loss=0.0703. Resources: rss=2098.4MB, peak_rss=2506.3MB, cuda_alloc=351.3MB, cuda_reserved=41204.0MB, cuda_peak_alloc=3638.1MB, cuda_free=6763.8MB, cuda_total=48519.1MB
[2026-06-10 04:36:00] Epoch 29 train batch [1740/1875] loss=0.0264 avg_loss=0.0704. Resources: rss=2098.4MB, peak_rss=2506.3MB, cuda_alloc=351.3MB, cuda_reserved=41204.0MB, cuda_peak_alloc=3638.1MB, cuda_free=6763.8MB, cuda_total=48519.1MB
[2026-06-10 04:36:03] Epoch 29 train batch [1760/1875] loss=0.0495 avg_loss=0.0704. Resources: rss=2098.4MB, peak_rss=2506.3MB, cuda_alloc=351.3MB, cuda_reserved=41204.0MB, cuda_peak_alloc=3638.1MB, cuda_free=6763.8MB, cuda_total=48519.1MB
[2026-06-10 04:36:06] Epoch 29 train batch [1780/1875] loss=0.0288 avg_loss=0.0702. Resources: rss=2098.4MB, peak_rss=2506.3MB, cuda_alloc=351.3MB, cuda_reserved=41204.0MB, cuda_peak_alloc=3638.1MB, cuda_free=6763.8MB, cuda_total=48519.1MB
[2026-06-10 04:36:08] Epoch 29 train batch [1800/1875] loss=0.0466 avg_loss=0.0702. Resources: rss=2098.4MB, peak_rss=2506.3MB, cuda_alloc=351.3MB, cuda_reserved=41204.0MB, cuda_peak_alloc=3638.1MB, cuda_free=6763.8MB, cuda_total=48519.1MB
[2026-06-10 04:36:11] Epoch 29 train batch [1820/1875] loss=0.0240 avg_loss=0.0702. Resources: rss=2098.4MB, peak_rss=2506.3MB, cuda_alloc=351.3MB, cuda_reserved=41204.0MB, cuda_peak_alloc=3638.1MB, cuda_free=6763.8MB, cuda_total=48519.1MB
[2026-06-10 04:36:14] Epoch 29 train batch [1840/1875] loss=0.0596 avg_loss=0.0700. Resources: rss=2098.4MB, peak_rss=2506.3MB, cuda_alloc=351.3MB, cuda_reserved=41204.0MB, cuda_peak_alloc=3638.1MB, cuda_free=6763.8MB, cuda_total=48519.1MB
[2026-06-10 04:36:16] Epoch 29 train batch [1860/1875] loss=0.1058 avg_loss=0.0700. Resources: rss=2098.4MB, peak_rss=2506.3MB, cuda_alloc=351.3MB, cuda_reserved=41204.0MB, cuda_peak_alloc=3638.1MB, cuda_free=6763.8MB, cuda_total=48519.1MB
[2026-06-10 04:36:18] Epoch 29 train batch [1875/1875] loss=0.0424 avg_loss=0.0699. Resources: rss=2098.4MB, peak_rss=2506.3MB, cuda_alloc=351.3MB, cuda_reserved=41204.0MB, cuda_peak_alloc=3638.1MB, cuda_free=6763.8MB, cuda_total=48519.1MB
[2026-06-10 04:36:18] Epoch 29 training completed. Resources: rss=2098.4MB, peak_rss=2506.3MB, cuda_alloc=351.3MB, cuda_reserved=41204.0MB, cuda_peak_alloc=3638.1MB, cuda_free=6763.8MB, cuda_total=48519.1MB
[2026-06-10 04:36:19] Epoch 29 cache released before validation loss. Resources: rss=2039.8MB, peak_rss=2506.3MB, cuda_alloc=351.3MB, cuda_reserved=510.0MB, cuda_peak_alloc=351.3MB, cuda_free=47457.8MB, cuda_total=48519.1MB
[2026-06-10 04:36:40] Epoch 29 validation loss completed: 0.5403. Resources: rss=2094.9MB, peak_rss=2506.3MB, cuda_alloc=351.3MB, cuda_reserved=8020.0MB, cuda_peak_alloc=1426.1MB, cuda_free=39947.8MB, cuda_total=48519.1MB
[2026-06-10 04:36:40] Epoch 29 cache released before detection metrics. Resources: rss=2037.6MB, peak_rss=2506.3MB, cuda_alloc=351.3MB, cuda_reserved=510.0MB, cuda_peak_alloc=351.3MB, cuda_free=47457.8MB, cuda_total=48519.1MB
[2026-06-10 04:37:00] Epoch 29 prediction tensors moved to CPU. Computing metrics. Resources: rss=2037.4MB, peak_rss=2506.3MB, cuda_alloc=351.3MB, cuda_reserved=510.0MB, cuda_peak_alloc=351.3MB, cuda_free=47456.9MB, cuda_total=48519.1MB
[2026-06-10 04:37:01] Epoch 29 metrics computed (mAP@0.5 only). Saving artifacts. Resources: rss=2038.1MB, peak_rss=2506.3MB, cuda_alloc=351.3MB, cuda_reserved=510.0MB, cuda_peak_alloc=351.3MB, cuda_free=47456.9MB, cuda_total=48519.1MB
[2026-06-10 04:37:01] Epoch 29 did not improve mAP@0.5 enough. Early stopping counter: 10/10.
Epoch [29/30]
├── Train Loss : 0.0699
│   ├── loss_classifier  : 0.0326
│   ├── loss_box_reg     : 0.0373
│   ├── loss_objectness  : 0.0000
│   └── loss_rpn_box_reg : 0.0000
├── Val Loss   : 0.5403
├── mAP@0.5    : 0.7122
├── mAP@0.75   : n/a
├── mAP@0.5:0.95 : n/a
├── Precision  : 0.7563
├── Recall     : 0.7526
├── GT Boxes   : 2021
├── Predictions: 2011
├── Per-class AP
│   ├── person  : AP50=0.7566, AP75=n/a, AP50:95=n/a, P=0.7799, R=0.7886
│   ├── car     : AP50=0.7076, AP75=n/a, AP50:95=n/a, P=0.7020, R=0.7491
│   ├── dog     : AP50=0.7869, AP75=n/a, AP50:95=n/a, P=0.7897, R=0.8204
│   ├── cat     : AP50=0.8664, AP75=n/a, AP50:95=n/a, P=0.8470, R=0.8807
│   └── chair   : AP50=0.4433, AP75=n/a, AP50:95=n/a, P=0.6106, R=0.4894
├── LR         : 0.000500
└── Time       : 287.9s
[2026-06-10 04:37:01] Early stopping triggered at epoch 29. Best mAP@0.5=0.7100.
[2026-06-10 04:37:01] Epoch [29/30] completed. Resources: rss=2037.0MB, peak_rss=2506.3MB, cuda_alloc=351.3MB, cuda_reserved=510.0MB, cuda_peak_alloc=351.3MB, cuda_free=47456.9MB, cuda_total=48519.1MB
[2026-06-10 04:37:04] Training session completed.
