========== Training Session ==========
Started: 20260611-172946
Run name: retina-01_horizontal_flip
Device: cuda:0
CUDA: NVIDIA GeForce RTX 4090 (47.38 GB)
Torch: 2.7.1+cu126
Classes: person, car, dog, cat, chair
Train dataset: 7500 images, 10642 boxes, 2500 empty images
Val dataset: 1500 images, 2021 boxes, 500 empty images
Train class counts: {'dog': 1028, 'person': 5829, 'chair': 1613, 'cat': 833, 'car': 1339}
Val class counts: {'dog': 206, 'chair': 282, 'person': 1074, 'car': 283, 'cat': 176}
Resume: disabled
Sampling: disabled
Model: retina resnet50 (31,409,947/31,635,291 trainable/total params)
Hyperparameters
├── Training
│   ├── epochs             : 50
│   ├── batch_size         : 4
│   ├── num_workers        : 4
│   ├── augmentation       : True
│   ├── flip_probability   : 0.5
│   ├── color_probability  : 0.0
│   ├── grayscale_prob     : 0.0
│   ├── scale_jitter_prob  : 0.0
│   ├── scale_jitter_range : [0.9, 1.15]
│   ├── safe_crop_prob     : 0.0
│   ├── safe_crop_scale    : 0.75
│   ├── safe_crop_visible  : 0.5
│   ├── blur_probability   : 0.0
│   ├── blur_kernel_size   : 5
│   ├── noise_probability  : 0.0
│   ├── noise_std          : 0.02
│   ├── sampler_strategy   : none
│   ├── small_object_boost : 1.5
│   ├── empty_image_weight : 0.5
│   ├── oversample_class   : disabled
│   └── oversample_factor  : 1.0
├── Optimizer
│   ├── lr                 : 0.001
│   ├── momentum           : 0.9
│   ├── weight_decay       : 0.0005
│   └── grad_clip_norm     : 10.0
├── LR Scheduler
│   ├── type               : cosine
│   ├── milestones         : [15, 25]
│   ├── gamma              : 0.1
│   ├── min_lr             : 1e-05
│   ├── plateau_patience   : 3
│   └── plateau_factor     : 0.5
├── Model
│   ├── implementation     : retina
│   ├── backbone           : resnet50
│   ├── trainable_layers   : 3
│   ├── pretrained_backbone: True
│   ├── roi_dropout        : 0.2
│   ├── retina_topk       : 1000
│   ├── retina_max_det    : 300
│   ├── yolo_topk         : 1000
│   ├── yolo_max_det      : 300
│   ├── min_size           : 640
│   ├── max_size           : 960
│   ├── anchor_sizes       : model_default
│   ├── anchor_ratios      : model_default
│   ├── train_pre_nms_top_n : 2000
│   ├── train_post_nms_top_n: 2000
│   ├── test_pre_nms_top_n  : 1000
│   ├── test_post_nms_top_n : 1000
│   └── fixed_batch_shape   : False
├── Validation
│   ├── score_threshold    : 0.05
│   ├── eval_max_images    : all
│   └── full_coco_interval : disabled
├── Early Stopping
│   ├── enabled            : True
│   ├── patience           : 10
│   └── min_delta          : 0.001
└── Logging
    ├── log_interval       : 20
    ├── empty_cache_interval: disabled
    └── use_wandb          : True
Saved results dir: saved_results/augmentation_ablation/retina/retina-01_horizontal_flip
Checkpoint dir: saved_results/augmentation_ablation/retina/retina-01_horizontal_flip/checkpoints
Best checkpoint: saved_results/augmentation_ablation/retina/retina-01_horizontal_flip/checkpoints/best_model-20260611-172946.pth
Last checkpoint: saved_results/augmentation_ablation/retina/retina-01_horizontal_flip/checkpoints/last_model-20260611-172946.pth
Log dir: saved_results/augmentation_ablation/retina/retina-01_horizontal_flip/logs
=====================================
[2026-06-11 17:29:47] Training session initialized.
[2026-06-11 17:29:48] Epoch [01/50] started. Resources: rss=782.3MB, peak_rss=830.1MB, cuda_alloc=120.9MB, cuda_reserved=140.0MB, cuda_peak_alloc=120.9MB, cuda_free=47901.8MB, cuda_total=48519.1MB
[2026-06-11 17:29:54] Epoch 01 train batch [20/1875] loss=1.9043 avg_loss=1.7041. Resources: rss=1796.6MB, peak_rss=1796.6MB, cuda_alloc=360.6MB, cuda_reserved=46756.0MB, cuda_peak_alloc=7062.3MB, cuda_free=1213.8MB, cuda_total=48519.1MB
[2026-06-11 17:29:58] Epoch 01 train batch [40/1875] loss=1.6949 avg_loss=1.7306. Resources: rss=1801.9MB, peak_rss=1802.8MB, cuda_alloc=360.6MB, cuda_reserved=35796.0MB, cuda_peak_alloc=7062.3MB, cuda_free=12171.8MB, cuda_total=48519.1MB
[2026-06-11 17:30:03] Epoch 01 train batch [60/1875] loss=1.6851 avg_loss=1.7374. Resources: rss=1811.0MB, peak_rss=1811.5MB, cuda_alloc=360.6MB, cuda_reserved=29996.0MB, cuda_peak_alloc=7062.3MB, cuda_free=17971.8MB, cuda_total=48519.1MB
[2026-06-11 17:30:08] Epoch 01 train batch [80/1875] loss=1.5701 avg_loss=1.7276. Resources: rss=1813.1MB, peak_rss=1815.0MB, cuda_alloc=360.6MB, cuda_reserved=30876.0MB, cuda_peak_alloc=7062.3MB, cuda_free=17091.8MB, cuda_total=48519.1MB
[2026-06-11 17:30:13] Epoch 01 train batch [100/1875] loss=1.4893 avg_loss=1.7112. Resources: rss=1828.4MB, peak_rss=1828.8MB, cuda_alloc=360.6MB, cuda_reserved=30396.0MB, cuda_peak_alloc=7062.6MB, cuda_free=17571.8MB, cuda_total=48519.1MB
[2026-06-11 17:30:17] Epoch 01 train batch [120/1875] loss=1.4909 avg_loss=1.7150. Resources: rss=1831.7MB, peak_rss=1833.5MB, cuda_alloc=360.6MB, cuda_reserved=39376.0MB, cuda_peak_alloc=7062.6MB, cuda_free=8591.8MB, cuda_total=48519.1MB
[2026-06-11 17:30:23] Epoch 01 train batch [140/1875] loss=1.6706 avg_loss=1.7202. Resources: rss=1839.5MB, peak_rss=1839.5MB, cuda_alloc=360.6MB, cuda_reserved=23776.0MB, cuda_peak_alloc=7062.6MB, cuda_free=24191.8MB, cuda_total=48519.1MB
[2026-06-11 17:30:27] Epoch 01 train batch [160/1875] loss=1.7475 avg_loss=1.7244. Resources: rss=1846.2MB, peak_rss=1846.2MB, cuda_alloc=360.6MB, cuda_reserved=33516.0MB, cuda_peak_alloc=7062.6MB, cuda_free=14451.8MB, cuda_total=48519.1MB
[2026-06-11 17:30:31] Epoch 01 train batch [180/1875] loss=1.8334 avg_loss=1.7241. Resources: rss=1849.9MB, peak_rss=1849.9MB, cuda_alloc=360.6MB, cuda_reserved=36876.0MB, cuda_peak_alloc=7062.6MB, cuda_free=11091.8MB, cuda_total=48519.1MB
[2026-06-11 17:30:36] Epoch 01 train batch [200/1875] loss=1.7429 avg_loss=1.7256. Resources: rss=1848.7MB, peak_rss=1850.0MB, cuda_alloc=360.6MB, cuda_reserved=36876.0MB, cuda_peak_alloc=7062.6MB, cuda_free=11091.8MB, cuda_total=48519.1MB
[2026-06-11 17:30:40] Epoch 01 train batch [220/1875] loss=1.8340 avg_loss=1.7214. Resources: rss=1848.7MB, peak_rss=1850.0MB, cuda_alloc=360.6MB, cuda_reserved=36876.0MB, cuda_peak_alloc=7062.6MB, cuda_free=11091.8MB, cuda_total=48519.1MB
[2026-06-11 17:30:44] Epoch 01 train batch [240/1875] loss=1.6489 avg_loss=1.7167. Resources: rss=1848.6MB, peak_rss=1850.5MB, cuda_alloc=360.6MB, cuda_reserved=39116.0MB, cuda_peak_alloc=7062.6MB, cuda_free=8851.8MB, cuda_total=48519.1MB
[2026-06-11 17:30:49] Epoch 01 train batch [260/1875] loss=1.7250 avg_loss=1.7186. Resources: rss=1852.2MB, peak_rss=1854.4MB, cuda_alloc=360.6MB, cuda_reserved=29696.0MB, cuda_peak_alloc=7062.6MB, cuda_free=18271.8MB, cuda_total=48519.1MB
[2026-06-11 17:30:53] Epoch 01 train batch [280/1875] loss=1.5964 avg_loss=1.7208. Resources: rss=1855.4MB, peak_rss=1855.9MB, cuda_alloc=360.6MB, cuda_reserved=29696.0MB, cuda_peak_alloc=7062.6MB, cuda_free=18271.8MB, cuda_total=48519.1MB
[2026-06-11 17:30:58] Epoch 01 train batch [300/1875] loss=1.6234 avg_loss=1.7210. Resources: rss=1856.3MB, peak_rss=1857.5MB, cuda_alloc=360.6MB, cuda_reserved=29696.0MB, cuda_peak_alloc=7062.6MB, cuda_free=18271.8MB, cuda_total=48519.1MB
[2026-06-11 17:31:02] Epoch 01 train batch [320/1875] loss=1.7551 avg_loss=1.7208. Resources: rss=1858.9MB, peak_rss=1859.2MB, cuda_alloc=360.6MB, cuda_reserved=29696.0MB, cuda_peak_alloc=7062.6MB, cuda_free=18271.8MB, cuda_total=48519.1MB
[2026-06-11 17:31:06] Epoch 01 train batch [340/1875] loss=1.8534 avg_loss=1.7184. Resources: rss=1860.9MB, peak_rss=1861.7MB, cuda_alloc=360.6MB, cuda_reserved=39056.0MB, cuda_peak_alloc=7062.6MB, cuda_free=8911.8MB, cuda_total=48519.1MB
[2026-06-11 17:31:10] Epoch 01 train batch [360/1875] loss=1.7571 avg_loss=1.7192. Resources: rss=1865.0MB, peak_rss=1865.1MB, cuda_alloc=360.6MB, cuda_reserved=39058.0MB, cuda_peak_alloc=7062.6MB, cuda_free=8909.8MB, cuda_total=48519.1MB
[2026-06-11 17:31:14] Epoch 01 train batch [380/1875] loss=1.7812 avg_loss=1.7171. Resources: rss=1866.3MB, peak_rss=1866.9MB, cuda_alloc=360.6MB, cuda_reserved=39058.0MB, cuda_peak_alloc=7062.6MB, cuda_free=8909.8MB, cuda_total=48519.1MB
[2026-06-11 17:31:19] Epoch 01 train batch [400/1875] loss=1.6815 avg_loss=1.7165. Resources: rss=1869.3MB, peak_rss=1869.4MB, cuda_alloc=360.6MB, cuda_reserved=39058.0MB, cuda_peak_alloc=7062.6MB, cuda_free=8909.8MB, cuda_total=48519.1MB
[2026-06-11 17:31:23] Epoch 01 train batch [420/1875] loss=1.5359 avg_loss=1.7144. Resources: rss=1871.1MB, peak_rss=1872.0MB, cuda_alloc=360.6MB, cuda_reserved=39058.0MB, cuda_peak_alloc=7062.6MB, cuda_free=8909.8MB, cuda_total=48519.1MB
[2026-06-11 17:31:27] Epoch 01 train batch [440/1875] loss=1.7951 avg_loss=1.7153. Resources: rss=1872.6MB, peak_rss=1873.8MB, cuda_alloc=360.6MB, cuda_reserved=39058.0MB, cuda_peak_alloc=7062.6MB, cuda_free=8909.8MB, cuda_total=48519.1MB
[2026-06-11 17:31:31] Epoch 01 train batch [460/1875] loss=1.6620 avg_loss=1.7133. Resources: rss=1873.2MB, peak_rss=1873.8MB, cuda_alloc=360.6MB, cuda_reserved=39058.0MB, cuda_peak_alloc=7062.6MB, cuda_free=8909.8MB, cuda_total=48519.1MB
[2026-06-11 17:31:36] Epoch 01 train batch [480/1875] loss=1.6521 avg_loss=1.7130. Resources: rss=1872.8MB, peak_rss=1873.8MB, cuda_alloc=360.6MB, cuda_reserved=39058.0MB, cuda_peak_alloc=7062.6MB, cuda_free=8909.8MB, cuda_total=48519.1MB
[2026-06-11 17:31:40] Epoch 01 train batch [500/1875] loss=1.8258 avg_loss=1.7108. Resources: rss=1876.1MB, peak_rss=1876.8MB, cuda_alloc=360.6MB, cuda_reserved=39058.0MB, cuda_peak_alloc=7062.6MB, cuda_free=8909.8MB, cuda_total=48519.1MB
[2026-06-11 17:31:44] Epoch 01 train batch [520/1875] loss=1.7651 avg_loss=1.7100. Resources: rss=1877.7MB, peak_rss=1878.6MB, cuda_alloc=360.6MB, cuda_reserved=40758.0MB, cuda_peak_alloc=7062.6MB, cuda_free=7209.8MB, cuda_total=48519.1MB
[2026-06-11 17:31:48] Epoch 01 train batch [540/1875] loss=1.6233 avg_loss=1.7093. Resources: rss=1878.5MB, peak_rss=1879.4MB, cuda_alloc=360.6MB, cuda_reserved=40758.0MB, cuda_peak_alloc=7062.6MB, cuda_free=7209.8MB, cuda_total=48519.1MB
[2026-06-11 17:31:52] Epoch 01 train batch [560/1875] loss=1.6469 avg_loss=1.7076. Resources: rss=1878.1MB, peak_rss=1879.4MB, cuda_alloc=360.6MB, cuda_reserved=40758.0MB, cuda_peak_alloc=7062.6MB, cuda_free=7209.8MB, cuda_total=48519.1MB
[2026-06-11 17:31:56] Epoch 01 train batch [580/1875] loss=1.9294 avg_loss=1.7090. Resources: rss=1883.1MB, peak_rss=1883.8MB, cuda_alloc=360.6MB, cuda_reserved=40758.0MB, cuda_peak_alloc=7062.6MB, cuda_free=7209.8MB, cuda_total=48519.1MB
[2026-06-11 17:32:01] Epoch 01 train batch [600/1875] loss=1.5475 avg_loss=1.7091. Resources: rss=1882.6MB, peak_rss=1883.8MB, cuda_alloc=360.6MB, cuda_reserved=40758.0MB, cuda_peak_alloc=7062.6MB, cuda_free=7209.8MB, cuda_total=48519.1MB
[2026-06-11 17:32:05] Epoch 01 train batch [620/1875] loss=1.7042 avg_loss=1.7077. Resources: rss=1885.2MB, peak_rss=1885.4MB, cuda_alloc=360.6MB, cuda_reserved=44118.0MB, cuda_peak_alloc=7062.6MB, cuda_free=3849.8MB, cuda_total=48519.1MB
[2026-06-11 17:32:09] Epoch 01 train batch [640/1875] loss=1.5929 avg_loss=1.7065. Resources: rss=1883.9MB, peak_rss=1885.5MB, cuda_alloc=360.6MB, cuda_reserved=44118.0MB, cuda_peak_alloc=7062.6MB, cuda_free=3849.8MB, cuda_total=48519.1MB
[2026-06-11 17:32:13] Epoch 01 train batch [660/1875] loss=1.7679 avg_loss=1.7066. Resources: rss=1887.2MB, peak_rss=1887.4MB, cuda_alloc=360.6MB, cuda_reserved=44138.0MB, cuda_peak_alloc=7062.6MB, cuda_free=3829.8MB, cuda_total=48519.1MB
[2026-06-11 17:32:17] Epoch 01 train batch [680/1875] loss=1.7683 avg_loss=1.7061. Resources: rss=1886.4MB, peak_rss=1887.7MB, cuda_alloc=360.6MB, cuda_reserved=44138.0MB, cuda_peak_alloc=7062.6MB, cuda_free=3829.8MB, cuda_total=48519.1MB
[2026-06-11 17:32:23] Epoch 01 train batch [700/1875] loss=1.7286 avg_loss=1.7067. Resources: rss=1886.4MB, peak_rss=1888.0MB, cuda_alloc=360.6MB, cuda_reserved=32756.0MB, cuda_peak_alloc=7062.6MB, cuda_free=15211.8MB, cuda_total=48519.1MB
[2026-06-11 17:32:28] Epoch 01 train batch [720/1875] loss=1.7167 avg_loss=1.7063. Resources: rss=1888.8MB, peak_rss=1889.0MB, cuda_alloc=360.6MB, cuda_reserved=29656.0MB, cuda_peak_alloc=7062.6MB, cuda_free=18311.8MB, cuda_total=48519.1MB
[2026-06-11 17:32:32] Epoch 01 train batch [740/1875] loss=1.6306 avg_loss=1.7057. Resources: rss=1889.0MB, peak_rss=1889.8MB, cuda_alloc=360.6MB, cuda_reserved=29656.0MB, cuda_peak_alloc=7062.6MB, cuda_free=18311.8MB, cuda_total=48519.1MB
[2026-06-11 17:32:36] Epoch 01 train batch [760/1875] loss=1.7427 avg_loss=1.7065. Resources: rss=1890.7MB, peak_rss=1891.4MB, cuda_alloc=360.6MB, cuda_reserved=35916.0MB, cuda_peak_alloc=7062.6MB, cuda_free=12051.8MB, cuda_total=48519.1MB
[2026-06-11 17:32:40] Epoch 01 train batch [780/1875] loss=1.8217 avg_loss=1.7046. Resources: rss=1890.3MB, peak_rss=1891.4MB, cuda_alloc=360.6MB, cuda_reserved=36576.0MB, cuda_peak_alloc=7062.6MB, cuda_free=11391.8MB, cuda_total=48519.1MB
[2026-06-11 17:32:44] Epoch 01 train batch [800/1875] loss=1.7489 avg_loss=1.7050. Resources: rss=1890.2MB, peak_rss=1892.3MB, cuda_alloc=360.6MB, cuda_reserved=44856.0MB, cuda_peak_alloc=7062.6MB, cuda_free=3111.8MB, cuda_total=48519.1MB
[2026-06-11 17:32:48] Epoch 01 train batch [820/1875] loss=1.5663 avg_loss=1.7051. Resources: rss=1893.8MB, peak_rss=1894.8MB, cuda_alloc=360.6MB, cuda_reserved=44856.0MB, cuda_peak_alloc=7062.6MB, cuda_free=3111.8MB, cuda_total=48519.1MB
[2026-06-11 17:32:53] Epoch 01 train batch [840/1875] loss=1.6811 avg_loss=1.7053. Resources: rss=1894.0MB, peak_rss=1894.8MB, cuda_alloc=360.6MB, cuda_reserved=44856.0MB, cuda_peak_alloc=7062.6MB, cuda_free=3111.8MB, cuda_total=48519.1MB
[2026-06-11 17:32:57] Epoch 01 train batch [860/1875] loss=1.7353 avg_loss=1.7051. Resources: rss=1895.3MB, peak_rss=1895.8MB, cuda_alloc=360.6MB, cuda_reserved=44856.0MB, cuda_peak_alloc=7062.6MB, cuda_free=3111.8MB, cuda_total=48519.1MB
[2026-06-11 17:33:01] Epoch 01 train batch [880/1875] loss=1.8066 avg_loss=1.7056. Resources: rss=1899.5MB, peak_rss=1900.6MB, cuda_alloc=360.6MB, cuda_reserved=44856.0MB, cuda_peak_alloc=7062.6MB, cuda_free=3111.8MB, cuda_total=48519.1MB
[2026-06-11 17:33:05] Epoch 01 train batch [900/1875] loss=1.6559 avg_loss=1.7056. Resources: rss=1901.0MB, peak_rss=1901.7MB, cuda_alloc=360.6MB, cuda_reserved=44856.0MB, cuda_peak_alloc=7062.6MB, cuda_free=3111.8MB, cuda_total=48519.1MB
[2026-06-11 17:33:09] Epoch 01 train batch [920/1875] loss=1.6283 avg_loss=1.7033. Resources: rss=1901.0MB, peak_rss=1901.7MB, cuda_alloc=360.6MB, cuda_reserved=44856.0MB, cuda_peak_alloc=7062.6MB, cuda_free=3111.8MB, cuda_total=48519.1MB
[2026-06-11 17:33:14] Epoch 01 train batch [940/1875] loss=1.6945 avg_loss=1.7028. Resources: rss=1900.5MB, peak_rss=1901.7MB, cuda_alloc=360.6MB, cuda_reserved=44856.0MB, cuda_peak_alloc=7062.6MB, cuda_free=3111.8MB, cuda_total=48519.1MB
[2026-06-11 17:33:18] Epoch 01 train batch [960/1875] loss=1.7287 avg_loss=1.7022. Resources: rss=1901.4MB, peak_rss=1901.7MB, cuda_alloc=360.6MB, cuda_reserved=44856.0MB, cuda_peak_alloc=7062.6MB, cuda_free=3111.8MB, cuda_total=48519.1MB
[2026-06-11 17:33:22] Epoch 01 train batch [980/1875] loss=1.8072 avg_loss=1.7023. Resources: rss=1900.5MB, peak_rss=1901.7MB, cuda_alloc=360.6MB, cuda_reserved=44856.0MB, cuda_peak_alloc=7062.6MB, cuda_free=3111.8MB, cuda_total=48519.1MB
[2026-06-11 17:33:26] Epoch 01 train batch [1000/1875] loss=1.7375 avg_loss=1.7028. Resources: rss=1900.0MB, peak_rss=1901.7MB, cuda_alloc=360.6MB, cuda_reserved=44856.0MB, cuda_peak_alloc=7062.6MB, cuda_free=3111.8MB, cuda_total=48519.1MB
[2026-06-11 17:33:31] Epoch 01 train batch [1020/1875] loss=1.5019 avg_loss=1.7021. Resources: rss=1901.3MB, peak_rss=1901.7MB, cuda_alloc=360.6MB, cuda_reserved=44856.0MB, cuda_peak_alloc=7062.6MB, cuda_free=3111.8MB, cuda_total=48519.1MB
[2026-06-11 17:33:35] Epoch 01 train batch [1040/1875] loss=1.6938 avg_loss=1.7023. Resources: rss=1902.6MB, peak_rss=1903.3MB, cuda_alloc=360.6MB, cuda_reserved=44856.0MB, cuda_peak_alloc=7062.6MB, cuda_free=3111.8MB, cuda_total=48519.1MB
[2026-06-11 17:33:39] Epoch 01 train batch [1060/1875] loss=1.6827 avg_loss=1.7018. Resources: rss=1903.0MB, peak_rss=1903.6MB, cuda_alloc=360.6MB, cuda_reserved=44856.0MB, cuda_peak_alloc=7062.6MB, cuda_free=3111.8MB, cuda_total=48519.1MB
[2026-06-11 17:33:43] Epoch 01 train batch [1080/1875] loss=1.8125 avg_loss=1.7022. Resources: rss=1902.6MB, peak_rss=1904.2MB, cuda_alloc=360.6MB, cuda_reserved=44856.0MB, cuda_peak_alloc=7062.6MB, cuda_free=3111.8MB, cuda_total=48519.1MB
[2026-06-11 17:33:47] Epoch 01 train batch [1100/1875] loss=1.6968 avg_loss=1.7025. Resources: rss=1902.7MB, peak_rss=1904.2MB, cuda_alloc=360.6MB, cuda_reserved=44856.0MB, cuda_peak_alloc=7062.6MB, cuda_free=3111.8MB, cuda_total=48519.1MB
[2026-06-11 17:33:52] Epoch 01 train batch [1120/1875] loss=1.7991 avg_loss=1.7021. Resources: rss=1905.0MB, peak_rss=1905.6MB, cuda_alloc=360.6MB, cuda_reserved=44856.0MB, cuda_peak_alloc=7062.6MB, cuda_free=3111.8MB, cuda_total=48519.1MB
[2026-06-11 17:33:56] Epoch 01 train batch [1140/1875] loss=1.6498 avg_loss=1.7013. Resources: rss=1904.8MB, peak_rss=1906.2MB, cuda_alloc=360.6MB, cuda_reserved=44856.0MB, cuda_peak_alloc=7062.6MB, cuda_free=3111.8MB, cuda_total=48519.1MB
[2026-06-11 17:33:59] Epoch 01 train batch [1160/1875] loss=1.6464 avg_loss=1.7006. Resources: rss=1905.0MB, peak_rss=1906.2MB, cuda_alloc=360.6MB, cuda_reserved=44856.0MB, cuda_peak_alloc=7062.6MB, cuda_free=3111.8MB, cuda_total=48519.1MB
[2026-06-11 17:34:04] Epoch 01 train batch [1180/1875] loss=1.6601 avg_loss=1.7012. Resources: rss=1904.6MB, peak_rss=1906.2MB, cuda_alloc=360.6MB, cuda_reserved=46836.0MB, cuda_peak_alloc=7062.6MB, cuda_free=1131.8MB, cuda_total=48519.1MB
[2026-06-11 17:34:10] Epoch 01 train batch [1200/1875] loss=1.3911 avg_loss=1.7010. Resources: rss=1903.1MB, peak_rss=1906.2MB, cuda_alloc=360.6MB, cuda_reserved=7376.0MB, cuda_peak_alloc=7062.6MB, cuda_free=40591.8MB, cuda_total=48519.1MB
[2026-06-11 17:34:14] Epoch 01 train batch [1220/1875] loss=1.5502 avg_loss=1.7020. Resources: rss=1905.0MB, peak_rss=1906.2MB, cuda_alloc=360.6MB, cuda_reserved=30156.0MB, cuda_peak_alloc=7062.6MB, cuda_free=17811.8MB, cuda_total=48519.1MB
[2026-06-11 17:34:18] Epoch 01 train batch [1240/1875] loss=1.7128 avg_loss=1.7021. Resources: rss=1906.0MB, peak_rss=1907.0MB, cuda_alloc=360.6MB, cuda_reserved=30156.0MB, cuda_peak_alloc=7062.6MB, cuda_free=17811.8MB, cuda_total=48519.1MB
[2026-06-11 17:34:22] Epoch 01 train batch [1260/1875] loss=1.6524 avg_loss=1.7016. Resources: rss=1906.2MB, peak_rss=1907.0MB, cuda_alloc=360.6MB, cuda_reserved=33236.0MB, cuda_peak_alloc=7062.6MB, cuda_free=14731.8MB, cuda_total=48519.1MB
[2026-06-11 17:34:26] Epoch 01 train batch [1280/1875] loss=1.5654 avg_loss=1.7010. Resources: rss=1908.0MB, peak_rss=1908.0MB, cuda_alloc=360.6MB, cuda_reserved=33336.0MB, cuda_peak_alloc=7062.6MB, cuda_free=14631.8MB, cuda_total=48519.1MB
[2026-06-11 17:34:30] Epoch 01 train batch [1300/1875] loss=1.3094 avg_loss=1.7004. Resources: rss=1906.8MB, peak_rss=1908.0MB, cuda_alloc=360.6MB, cuda_reserved=33336.0MB, cuda_peak_alloc=7062.6MB, cuda_free=14631.8MB, cuda_total=48519.1MB
[2026-06-11 17:34:35] Epoch 01 train batch [1320/1875] loss=1.6153 avg_loss=1.7002. Resources: rss=1907.3MB, peak_rss=1908.2MB, cuda_alloc=360.6MB, cuda_reserved=33336.0MB, cuda_peak_alloc=7062.6MB, cuda_free=14631.8MB, cuda_total=48519.1MB
[2026-06-11 17:34:39] Epoch 01 train batch [1340/1875] loss=1.8008 avg_loss=1.7005. Resources: rss=1909.3MB, peak_rss=1909.9MB, cuda_alloc=360.6MB, cuda_reserved=35076.0MB, cuda_peak_alloc=7062.6MB, cuda_free=12891.8MB, cuda_total=48519.1MB
[2026-06-11 17:34:43] Epoch 01 train batch [1360/1875] loss=1.6617 avg_loss=1.7004. Resources: rss=1909.3MB, peak_rss=1910.7MB, cuda_alloc=360.6MB, cuda_reserved=40576.0MB, cuda_peak_alloc=7062.6MB, cuda_free=7391.8MB, cuda_total=48519.1MB
[2026-06-11 17:34:48] Epoch 01 train batch [1380/1875] loss=1.6269 avg_loss=1.6995. Resources: rss=1912.1MB, peak_rss=1913.8MB, cuda_alloc=360.6MB, cuda_reserved=40576.0MB, cuda_peak_alloc=7062.6MB, cuda_free=7391.8MB, cuda_total=48519.1MB
[2026-06-11 17:34:52] Epoch 01 train batch [1400/1875] loss=1.7483 avg_loss=1.6989. Resources: rss=1912.7MB, peak_rss=1913.8MB, cuda_alloc=360.6MB, cuda_reserved=40576.0MB, cuda_peak_alloc=7062.6MB, cuda_free=7391.8MB, cuda_total=48519.1MB
[2026-06-11 17:34:57] Epoch 01 train batch [1420/1875] loss=1.7135 avg_loss=1.6985. Resources: rss=1913.8MB, peak_rss=1915.1MB, cuda_alloc=360.6MB, cuda_reserved=39096.0MB, cuda_peak_alloc=7062.6MB, cuda_free=8871.8MB, cuda_total=48519.1MB
[2026-06-11 17:35:02] Epoch 01 train batch [1440/1875] loss=1.8014 avg_loss=1.6985. Resources: rss=1914.4MB, peak_rss=1915.3MB, cuda_alloc=360.6MB, cuda_reserved=30196.0MB, cuda_peak_alloc=7062.6MB, cuda_free=17771.8MB, cuda_total=48519.1MB
[2026-06-11 17:35:06] Epoch 01 train batch [1460/1875] loss=1.5524 avg_loss=1.6976. Resources: rss=1912.7MB, peak_rss=1915.3MB, cuda_alloc=360.6MB, cuda_reserved=30536.0MB, cuda_peak_alloc=7062.6MB, cuda_free=17431.8MB, cuda_total=48519.1MB
[2026-06-11 17:35:10] Epoch 01 train batch [1480/1875] loss=1.6375 avg_loss=1.6969. Resources: rss=1914.6MB, peak_rss=1915.4MB, cuda_alloc=360.6MB, cuda_reserved=30536.0MB, cuda_peak_alloc=7062.6MB, cuda_free=17431.8MB, cuda_total=48519.1MB
[2026-06-11 17:35:14] Epoch 01 train batch [1500/1875] loss=1.7149 avg_loss=1.6963. Resources: rss=1915.2MB, peak_rss=1915.5MB, cuda_alloc=360.6MB, cuda_reserved=30536.0MB, cuda_peak_alloc=7062.6MB, cuda_free=17431.8MB, cuda_total=48519.1MB
[2026-06-11 17:35:19] Epoch 01 train batch [1520/1875] loss=1.7594 avg_loss=1.6965. Resources: rss=1916.5MB, peak_rss=1917.4MB, cuda_alloc=360.6MB, cuda_reserved=30536.0MB, cuda_peak_alloc=7062.6MB, cuda_free=17431.8MB, cuda_total=48519.1MB
[2026-06-11 17:35:23] Epoch 01 train batch [1540/1875] loss=1.6503 avg_loss=1.6962. Resources: rss=1916.3MB, peak_rss=1917.4MB, cuda_alloc=360.6MB, cuda_reserved=30536.0MB, cuda_peak_alloc=7062.6MB, cuda_free=17431.8MB, cuda_total=48519.1MB
[2026-06-11 17:35:27] Epoch 01 train batch [1560/1875] loss=1.6334 avg_loss=1.6961. Resources: rss=1916.1MB, peak_rss=1917.4MB, cuda_alloc=360.6MB, cuda_reserved=30536.0MB, cuda_peak_alloc=7062.6MB, cuda_free=17431.8MB, cuda_total=48519.1MB
[2026-06-11 17:35:31] Epoch 01 train batch [1580/1875] loss=1.8709 avg_loss=1.6960. Resources: rss=1916.0MB, peak_rss=1917.4MB, cuda_alloc=360.6MB, cuda_reserved=32636.0MB, cuda_peak_alloc=7062.6MB, cuda_free=15331.8MB, cuda_total=48519.1MB
[2026-06-11 17:35:36] Epoch 01 train batch [1600/1875] loss=1.4743 avg_loss=1.6953. Resources: rss=1916.4MB, peak_rss=1917.4MB, cuda_alloc=360.6MB, cuda_reserved=32636.0MB, cuda_peak_alloc=7062.6MB, cuda_free=15331.8MB, cuda_total=48519.1MB
[2026-06-11 17:35:40] Epoch 01 train batch [1620/1875] loss=1.7711 avg_loss=1.6951. Resources: rss=1916.1MB, peak_rss=1917.4MB, cuda_alloc=360.6MB, cuda_reserved=32636.0MB, cuda_peak_alloc=7062.6MB, cuda_free=15331.8MB, cuda_total=48519.1MB
[2026-06-11 17:35:44] Epoch 01 train batch [1640/1875] loss=1.7597 avg_loss=1.6943. Resources: rss=1916.2MB, peak_rss=1917.4MB, cuda_alloc=360.6MB, cuda_reserved=35196.0MB, cuda_peak_alloc=7062.6MB, cuda_free=12771.8MB, cuda_total=48519.1MB
[2026-06-11 17:35:48] Epoch 01 train batch [1660/1875] loss=1.6589 avg_loss=1.6939. Resources: rss=1916.1MB, peak_rss=1917.8MB, cuda_alloc=360.6MB, cuda_reserved=44356.0MB, cuda_peak_alloc=7062.6MB, cuda_free=3611.8MB, cuda_total=48519.1MB
[2026-06-11 17:35:52] Epoch 01 train batch [1680/1875] loss=1.5836 avg_loss=1.6932. Resources: rss=1919.0MB, peak_rss=1920.2MB, cuda_alloc=360.6MB, cuda_reserved=44356.0MB, cuda_peak_alloc=7062.6MB, cuda_free=3611.8MB, cuda_total=48519.1MB
[2026-06-11 17:35:56] Epoch 01 train batch [1700/1875] loss=1.8047 avg_loss=1.6930. Resources: rss=1921.0MB, peak_rss=1921.8MB, cuda_alloc=360.6MB, cuda_reserved=44356.0MB, cuda_peak_alloc=7062.6MB, cuda_free=3611.8MB, cuda_total=48519.1MB
[2026-06-11 17:36:00] Epoch 01 train batch [1720/1875] loss=1.6727 avg_loss=1.6919. Resources: rss=1920.9MB, peak_rss=1921.8MB, cuda_alloc=360.6MB, cuda_reserved=44356.0MB, cuda_peak_alloc=7062.6MB, cuda_free=3611.8MB, cuda_total=48519.1MB
[2026-06-11 17:36:04] Epoch 01 train batch [1740/1875] loss=1.6646 avg_loss=1.6919. Resources: rss=1920.8MB, peak_rss=1921.9MB, cuda_alloc=360.6MB, cuda_reserved=44356.0MB, cuda_peak_alloc=7062.6MB, cuda_free=3611.8MB, cuda_total=48519.1MB
[2026-06-11 17:36:08] Epoch 01 train batch [1760/1875] loss=0.6374 avg_loss=1.6912. Resources: rss=1922.8MB, peak_rss=1923.8MB, cuda_alloc=351.4MB, cuda_reserved=44356.0MB, cuda_peak_alloc=7062.6MB, cuda_free=3611.8MB, cuda_total=48519.1MB
[2026-06-11 17:36:12] Epoch 01 train batch [1780/1875] loss=1.7356 avg_loss=1.6909. Resources: rss=1922.0MB, peak_rss=1923.9MB, cuda_alloc=360.6MB, cuda_reserved=44356.0MB, cuda_peak_alloc=7062.6MB, cuda_free=3611.8MB, cuda_total=48519.1MB
[2026-06-11 17:36:16] Epoch 01 train batch [1800/1875] loss=1.5707 avg_loss=1.6909. Resources: rss=1924.3MB, peak_rss=1924.7MB, cuda_alloc=360.6MB, cuda_reserved=44356.0MB, cuda_peak_alloc=7062.6MB, cuda_free=3611.8MB, cuda_total=48519.1MB
[2026-06-11 17:36:20] Epoch 01 train batch [1820/1875] loss=1.7437 avg_loss=1.6912. Resources: rss=1924.3MB, peak_rss=1924.7MB, cuda_alloc=360.6MB, cuda_reserved=44356.0MB, cuda_peak_alloc=7062.6MB, cuda_free=3611.8MB, cuda_total=48519.1MB
[2026-06-11 17:36:24] Epoch 01 train batch [1840/1875] loss=1.6140 avg_loss=1.6904. Resources: rss=1923.4MB, peak_rss=1925.2MB, cuda_alloc=360.6MB, cuda_reserved=44356.0MB, cuda_peak_alloc=7062.6MB, cuda_free=3611.8MB, cuda_total=48519.1MB
[2026-06-11 17:36:29] Epoch 01 train batch [1860/1875] loss=1.5886 avg_loss=1.6892. Resources: rss=1924.4MB, peak_rss=1925.7MB, cuda_alloc=360.6MB, cuda_reserved=44356.0MB, cuda_peak_alloc=7062.6MB, cuda_free=3611.8MB, cuda_total=48519.1MB
[2026-06-11 17:36:32] Epoch 01 train batch [1875/1875] loss=1.5699 avg_loss=1.6887. Resources: rss=1924.1MB, peak_rss=1925.7MB, cuda_alloc=360.6MB, cuda_reserved=44356.0MB, cuda_peak_alloc=7062.6MB, cuda_free=3611.8MB, cuda_total=48519.1MB
[2026-06-11 17:36:32] Epoch 01 training completed. Resources: rss=1916.0MB, peak_rss=1925.7MB, cuda_alloc=360.6MB, cuda_reserved=44356.0MB, cuda_peak_alloc=7062.6MB, cuda_free=3611.8MB, cuda_total=48519.1MB
[2026-06-11 17:36:33] Epoch 01 cache released before validation loss. Resources: rss=1915.4MB, peak_rss=1925.7MB, cuda_alloc=360.6MB, cuda_reserved=558.0MB, cuda_peak_alloc=360.6MB, cuda_free=47409.8MB, cuda_total=48519.1MB
[2026-06-11 17:37:04] Epoch 01 validation loss completed: 1.6678. Resources: rss=1915.9MB, peak_rss=1925.7MB, cuda_alloc=360.6MB, cuda_reserved=11326.0MB, cuda_peak_alloc=2034.0MB, cuda_free=36641.8MB, cuda_total=48519.1MB
[2026-06-11 17:37:04] Epoch 01 cache released before detection metrics. Resources: rss=1913.9MB, peak_rss=1925.7MB, cuda_alloc=360.6MB, cuda_reserved=558.0MB, cuda_peak_alloc=360.6MB, cuda_free=47409.8MB, cuda_total=48519.1MB
[2026-06-11 17:37:34] Epoch 01 prediction tensors moved to CPU. Computing metrics. Resources: rss=1957.8MB, peak_rss=1966.6MB, cuda_alloc=360.6MB, cuda_reserved=558.0MB, cuda_peak_alloc=360.6MB, cuda_free=47409.8MB, cuda_total=48519.1MB
[2026-06-11 17:37:34] Epoch 01 metrics computed (mAP@0.5 only). Saving artifacts. Resources: rss=1960.3MB, peak_rss=1966.6MB, cuda_alloc=360.6MB, cuda_reserved=558.0MB, cuda_peak_alloc=360.6MB, cuda_free=47409.8MB, cuda_total=48519.1MB
[2026-06-11 17:37:34] Epoch 01 improved mAP@0.5 to 0.0000. Saved best checkpoint: best_model-20260611-172946.pth. Resources: rss=2441.1MB, peak_rss=2441.1MB, cuda_alloc=360.6MB, cuda_reserved=558.0MB, cuda_peak_alloc=360.6MB, cuda_free=47409.8MB, cuda_total=48519.1MB
Epoch [01/50]
├── Train Loss : 1.6887
│   ├── loss_classifier  : 1.1202
│   ├── loss_box_reg     : 0.5685
│   ├── loss_objectness  : 0.0000
│   └── loss_rpn_box_reg : 0.0000
├── Val Loss   : 1.6678
├── mAP@0.5    : 0.0000
├── mAP@0.75   : n/a
├── mAP@0.5:0.95 : n/a
├── Precision  : 0.0000
├── Recall     : 0.0000
├── GT Boxes   : 2021
├── Predictions: 1108
├── Per-class AP
│   ├── person  : AP50=0.0000, AP75=n/a, AP50:95=n/a, P=0.0000, R=0.0000
│   ├── car     : AP50=0.0000, AP75=n/a, AP50:95=n/a, P=0.0000, R=0.0000
│   ├── dog     : AP50=0.0000, AP75=n/a, AP50:95=n/a, P=0.0000, R=0.0000
│   ├── cat     : AP50=0.0000, AP75=n/a, AP50:95=n/a, P=0.0000, R=0.0000
│   └── chair   : AP50=0.0000, AP75=n/a, AP50:95=n/a, P=0.0000, R=0.0000
├── LR         : 0.000100
└── Time       : 465.3s
[2026-06-11 17:37:34] Epoch [01/50] completed. Resources: rss=1960.0MB, peak_rss=2441.1MB, cuda_alloc=360.6MB, cuda_reserved=558.0MB, cuda_peak_alloc=360.6MB, cuda_free=47409.8MB, cuda_total=48519.1MB
[2026-06-11 17:37:34] Epoch [02/50] started. Resources: rss=1960.0MB, peak_rss=2441.1MB, cuda_alloc=360.6MB, cuda_reserved=558.0MB, cuda_peak_alloc=360.6MB, cuda_free=47409.8MB, cuda_total=48519.1MB
[2026-06-11 17:37:38] Epoch 02 train batch [20/1875] loss=1.7320 avg_loss=1.6830. Resources: rss=1974.3MB, peak_rss=2441.1MB, cuda_alloc=360.6MB, cuda_reserved=39316.0MB, cuda_peak_alloc=7061.7MB, cuda_free=8651.8MB, cuda_total=48519.1MB
[2026-06-11 17:37:43] Epoch 02 train batch [40/1875] loss=1.6095 avg_loss=1.6644. Resources: rss=1973.3MB, peak_rss=2441.1MB, cuda_alloc=360.6MB, cuda_reserved=39316.0MB, cuda_peak_alloc=7061.9MB, cuda_free=8651.8MB, cuda_total=48519.1MB
[2026-06-11 17:37:47] Epoch 02 train batch [60/1875] loss=1.7080 avg_loss=1.6477. Resources: rss=1974.1MB, peak_rss=2441.1MB, cuda_alloc=360.6MB, cuda_reserved=40576.0MB, cuda_peak_alloc=7061.9MB, cuda_free=7391.8MB, cuda_total=48519.1MB
[2026-06-11 17:37:52] Epoch 02 train batch [80/1875] loss=1.8333 avg_loss=1.6502. Resources: rss=1976.2MB, peak_rss=2441.1MB, cuda_alloc=360.6MB, cuda_reserved=35616.0MB, cuda_peak_alloc=7062.1MB, cuda_free=12351.8MB, cuda_total=48519.1MB
[2026-06-11 17:37:58] Epoch 02 train batch [100/1875] loss=1.5785 avg_loss=1.6510. Resources: rss=1977.1MB, peak_rss=2441.1MB, cuda_alloc=360.6MB, cuda_reserved=33316.0MB, cuda_peak_alloc=7062.1MB, cuda_free=14651.8MB, cuda_total=48519.1MB
[2026-06-11 17:38:03] Epoch 02 train batch [120/1875] loss=1.7054 avg_loss=1.6474. Resources: rss=1976.9MB, peak_rss=2441.1MB, cuda_alloc=360.6MB, cuda_reserved=26736.0MB, cuda_peak_alloc=7062.2MB, cuda_free=21231.8MB, cuda_total=48519.1MB
[2026-06-11 17:38:07] Epoch 02 train batch [140/1875] loss=1.5390 avg_loss=1.6402. Resources: rss=1977.2MB, peak_rss=2441.1MB, cuda_alloc=360.6MB, cuda_reserved=26736.0MB, cuda_peak_alloc=7062.2MB, cuda_free=21231.8MB, cuda_total=48519.1MB
[2026-06-11 17:38:11] Epoch 02 train batch [160/1875] loss=1.6596 avg_loss=1.6351. Resources: rss=1976.4MB, peak_rss=2441.1MB, cuda_alloc=360.6MB, cuda_reserved=30416.0MB, cuda_peak_alloc=7062.2MB, cuda_free=17551.8MB, cuda_total=48519.1MB
[2026-06-11 17:38:16] Epoch 02 train batch [180/1875] loss=1.6213 avg_loss=1.6421. Resources: rss=1976.7MB, peak_rss=2441.1MB, cuda_alloc=360.6MB, cuda_reserved=41856.0MB, cuda_peak_alloc=7062.2MB, cuda_free=6111.8MB, cuda_total=48519.1MB
[2026-06-11 17:38:20] Epoch 02 train batch [200/1875] loss=1.7506 avg_loss=1.6374. Resources: rss=1976.6MB, peak_rss=2441.1MB, cuda_alloc=360.6MB, cuda_reserved=41856.0MB, cuda_peak_alloc=7062.2MB, cuda_free=6111.8MB, cuda_total=48519.1MB
[2026-06-11 17:38:24] Epoch 02 train batch [220/1875] loss=1.7443 avg_loss=1.6359. Resources: rss=1978.1MB, peak_rss=2441.1MB, cuda_alloc=360.6MB, cuda_reserved=41856.0MB, cuda_peak_alloc=7062.2MB, cuda_free=6111.8MB, cuda_total=48519.1MB
[2026-06-11 17:38:28] Epoch 02 train batch [240/1875] loss=1.5152 avg_loss=1.6289. Resources: rss=1977.6MB, peak_rss=2441.1MB, cuda_alloc=360.6MB, cuda_reserved=41856.0MB, cuda_peak_alloc=7062.2MB, cuda_free=6111.8MB, cuda_total=48519.1MB
[2026-06-11 17:38:32] Epoch 02 train batch [260/1875] loss=1.5291 avg_loss=1.6237. Resources: rss=1978.3MB, peak_rss=2441.1MB, cuda_alloc=360.6MB, cuda_reserved=41856.0MB, cuda_peak_alloc=7062.2MB, cuda_free=6111.8MB, cuda_total=48519.1MB
[2026-06-11 17:38:36] Epoch 02 train batch [280/1875] loss=1.3304 avg_loss=1.6143. Resources: rss=1976.5MB, peak_rss=2441.1MB, cuda_alloc=360.6MB, cuda_reserved=41856.0MB, cuda_peak_alloc=7062.6MB, cuda_free=6111.8MB, cuda_total=48519.1MB
[2026-06-11 17:38:41] Epoch 02 train batch [300/1875] loss=1.5445 avg_loss=1.6098. Resources: rss=1979.7MB, peak_rss=2441.1MB, cuda_alloc=360.6MB, cuda_reserved=41856.0MB, cuda_peak_alloc=7062.6MB, cuda_free=6111.8MB, cuda_total=48519.1MB
[2026-06-11 17:38:45] Epoch 02 train batch [320/1875] loss=1.7809 avg_loss=1.6062. Resources: rss=1978.9MB, peak_rss=2441.1MB, cuda_alloc=360.6MB, cuda_reserved=41856.0MB, cuda_peak_alloc=7062.6MB, cuda_free=6111.8MB, cuda_total=48519.1MB
[2026-06-11 17:38:49] Epoch 02 train batch [340/1875] loss=1.6484 avg_loss=1.5943. Resources: rss=1980.6MB, peak_rss=2441.1MB, cuda_alloc=360.6MB, cuda_reserved=41856.0MB, cuda_peak_alloc=7062.6MB, cuda_free=6111.8MB, cuda_total=48519.1MB
[2026-06-11 17:38:53] Epoch 02 train batch [360/1875] loss=1.5055 avg_loss=1.5875. Resources: rss=1981.6MB, peak_rss=2441.1MB, cuda_alloc=360.6MB, cuda_reserved=47356.0MB, cuda_peak_alloc=7062.6MB, cuda_free=611.8MB, cuda_total=48519.1MB
[2026-06-11 17:38:57] Epoch 02 train batch [380/1875] loss=1.5390 avg_loss=1.5745. Resources: rss=1982.9MB, peak_rss=2441.1MB, cuda_alloc=360.6MB, cuda_reserved=47356.0MB, cuda_peak_alloc=7062.6MB, cuda_free=611.8MB, cuda_total=48519.1MB
[2026-06-11 17:39:01] Epoch 02 train batch [400/1875] loss=0.8798 avg_loss=1.5608. Resources: rss=1983.0MB, peak_rss=2441.1MB, cuda_alloc=360.6MB, cuda_reserved=47356.0MB, cuda_peak_alloc=7062.6MB, cuda_free=611.8MB, cuda_total=48519.1MB
[2026-06-11 17:39:06] Epoch 02 train batch [420/1875] loss=1.5342 avg_loss=1.5468. Resources: rss=1983.4MB, peak_rss=2441.1MB, cuda_alloc=360.6MB, cuda_reserved=47356.0MB, cuda_peak_alloc=7062.6MB, cuda_free=611.8MB, cuda_total=48519.1MB
[2026-06-11 17:39:10] Epoch 02 train batch [440/1875] loss=0.9693 avg_loss=1.5339. Resources: rss=1983.3MB, peak_rss=2441.1MB, cuda_alloc=360.6MB, cuda_reserved=47356.0MB, cuda_peak_alloc=7062.6MB, cuda_free=611.8MB, cuda_total=48519.1MB
[2026-06-11 17:39:13] Epoch 02 train batch [460/1875] loss=1.2509 avg_loss=1.5207. Resources: rss=1983.3MB, peak_rss=2441.1MB, cuda_alloc=360.6MB, cuda_reserved=47356.0MB, cuda_peak_alloc=7062.6MB, cuda_free=611.8MB, cuda_total=48519.1MB
[2026-06-11 17:39:18] Epoch 02 train batch [480/1875] loss=1.2351 avg_loss=1.5156. Resources: rss=1983.6MB, peak_rss=2441.1MB, cuda_alloc=360.6MB, cuda_reserved=36676.0MB, cuda_peak_alloc=7062.6MB, cuda_free=11291.8MB, cuda_total=48519.1MB
[2026-06-11 17:39:23] Epoch 02 train batch [500/1875] loss=1.1359 avg_loss=1.5034. Resources: rss=1983.4MB, peak_rss=2441.1MB, cuda_alloc=360.6MB, cuda_reserved=29716.0MB, cuda_peak_alloc=7062.6MB, cuda_free=18251.8MB, cuda_total=48519.1MB
[2026-06-11 17:39:27] Epoch 02 train batch [520/1875] loss=1.2764 avg_loss=1.4973. Resources: rss=1983.7MB, peak_rss=2441.1MB, cuda_alloc=360.6MB, cuda_reserved=39916.0MB, cuda_peak_alloc=7062.6MB, cuda_free=8051.8MB, cuda_total=48519.1MB
[2026-06-11 17:39:31] Epoch 02 train batch [540/1875] loss=1.1785 avg_loss=1.4854. Resources: rss=1985.9MB, peak_rss=2441.1MB, cuda_alloc=360.6MB, cuda_reserved=39916.0MB, cuda_peak_alloc=7062.6MB, cuda_free=8051.8MB, cuda_total=48519.1MB
[2026-06-11 17:39:36] Epoch 02 train batch [560/1875] loss=1.0439 avg_loss=1.4778. Resources: rss=1985.8MB, peak_rss=2441.1MB, cuda_alloc=360.6MB, cuda_reserved=39916.0MB, cuda_peak_alloc=7062.6MB, cuda_free=8051.8MB, cuda_total=48519.1MB
[2026-06-11 17:39:40] Epoch 02 train batch [580/1875] loss=1.3729 avg_loss=1.4690. Resources: rss=1986.4MB, peak_rss=2441.1MB, cuda_alloc=360.6MB, cuda_reserved=26336.0MB, cuda_peak_alloc=7062.6MB, cuda_free=21631.8MB, cuda_total=48519.1MB
[2026-06-11 17:39:44] Epoch 02 train batch [600/1875] loss=1.1497 avg_loss=1.4577. Resources: rss=1986.1MB, peak_rss=2441.1MB, cuda_alloc=360.6MB, cuda_reserved=35596.0MB, cuda_peak_alloc=7062.6MB, cuda_free=12371.8MB, cuda_total=48519.1MB
[2026-06-11 17:39:48] Epoch 02 train batch [620/1875] loss=1.1025 avg_loss=1.4484. Resources: rss=1987.0MB, peak_rss=2441.1MB, cuda_alloc=360.6MB, cuda_reserved=35596.0MB, cuda_peak_alloc=7062.6MB, cuda_free=12371.8MB, cuda_total=48519.1MB
[2026-06-11 17:39:53] Epoch 02 train batch [640/1875] loss=1.2590 avg_loss=1.4403. Resources: rss=1986.4MB, peak_rss=2441.1MB, cuda_alloc=360.6MB, cuda_reserved=35596.0MB, cuda_peak_alloc=7062.6MB, cuda_free=12371.8MB, cuda_total=48519.1MB
[2026-06-11 17:39:57] Epoch 02 train batch [660/1875] loss=0.8732 avg_loss=1.4361. Resources: rss=1984.0MB, peak_rss=2441.1MB, cuda_alloc=360.6MB, cuda_reserved=35596.0MB, cuda_peak_alloc=7062.6MB, cuda_free=12371.8MB, cuda_total=48519.1MB
[2026-06-11 17:40:01] Epoch 02 train batch [680/1875] loss=1.1667 avg_loss=1.4263. Resources: rss=1984.5MB, peak_rss=2441.1MB, cuda_alloc=360.6MB, cuda_reserved=35596.0MB, cuda_peak_alloc=7062.6MB, cuda_free=12371.8MB, cuda_total=48519.1MB
[2026-06-11 17:40:05] Epoch 02 train batch [700/1875] loss=1.0985 avg_loss=1.4181. Resources: rss=1984.7MB, peak_rss=2441.1MB, cuda_alloc=360.6MB, cuda_reserved=38376.0MB, cuda_peak_alloc=7062.6MB, cuda_free=9591.8MB, cuda_total=48519.1MB
[2026-06-11 17:40:09] Epoch 02 train batch [720/1875] loss=0.9416 avg_loss=1.4114. Resources: rss=1985.1MB, peak_rss=2441.1MB, cuda_alloc=360.6MB, cuda_reserved=41556.0MB, cuda_peak_alloc=7062.6MB, cuda_free=6411.8MB, cuda_total=48519.1MB
[2026-06-11 17:40:14] Epoch 02 train batch [740/1875] loss=0.9227 avg_loss=1.4060. Resources: rss=1985.1MB, peak_rss=2441.1MB, cuda_alloc=360.6MB, cuda_reserved=41556.0MB, cuda_peak_alloc=7062.6MB, cuda_free=6411.8MB, cuda_total=48519.1MB
[2026-06-11 17:40:18] Epoch 02 train batch [760/1875] loss=0.9765 avg_loss=1.3997. Resources: rss=1985.3MB, peak_rss=2441.1MB, cuda_alloc=360.6MB, cuda_reserved=41556.0MB, cuda_peak_alloc=7062.6MB, cuda_free=6411.8MB, cuda_total=48519.1MB
[2026-06-11 17:40:22] Epoch 02 train batch [780/1875] loss=1.0518 avg_loss=1.3930. Resources: rss=1985.2MB, peak_rss=2441.1MB, cuda_alloc=360.6MB, cuda_reserved=41556.0MB, cuda_peak_alloc=7062.6MB, cuda_free=6411.8MB, cuda_total=48519.1MB
[2026-06-11 17:40:26] Epoch 02 train batch [800/1875] loss=1.3896 avg_loss=1.3865. Resources: rss=1984.8MB, peak_rss=2441.1MB, cuda_alloc=360.6MB, cuda_reserved=41556.0MB, cuda_peak_alloc=7062.6MB, cuda_free=6411.8MB, cuda_total=48519.1MB
[2026-06-11 17:40:31] Epoch 02 train batch [820/1875] loss=1.6383 avg_loss=1.3829. Resources: rss=1984.7MB, peak_rss=2441.1MB, cuda_alloc=360.6MB, cuda_reserved=41556.0MB, cuda_peak_alloc=7062.6MB, cuda_free=6411.8MB, cuda_total=48519.1MB
[2026-06-11 17:40:35] Epoch 02 train batch [840/1875] loss=0.9913 avg_loss=1.3783. Resources: rss=1985.1MB, peak_rss=2441.1MB, cuda_alloc=360.6MB, cuda_reserved=41556.0MB, cuda_peak_alloc=7062.6MB, cuda_free=6411.8MB, cuda_total=48519.1MB
[2026-06-11 17:40:39] Epoch 02 train batch [860/1875] loss=1.2306 avg_loss=1.3718. Resources: rss=1985.7MB, peak_rss=2441.1MB, cuda_alloc=360.6MB, cuda_reserved=41556.0MB, cuda_peak_alloc=7062.6MB, cuda_free=6411.8MB, cuda_total=48519.1MB
[2026-06-11 17:40:43] Epoch 02 train batch [880/1875] loss=1.1124 avg_loss=1.3680. Resources: rss=1985.5MB, peak_rss=2441.1MB, cuda_alloc=360.6MB, cuda_reserved=41556.0MB, cuda_peak_alloc=7062.6MB, cuda_free=6411.8MB, cuda_total=48519.1MB
[2026-06-11 17:40:48] Epoch 02 train batch [900/1875] loss=1.1427 avg_loss=1.3623. Resources: rss=1985.1MB, peak_rss=2441.1MB, cuda_alloc=360.6MB, cuda_reserved=41556.0MB, cuda_peak_alloc=7062.6MB, cuda_free=6411.8MB, cuda_total=48519.1MB
[2026-06-11 17:40:52] Epoch 02 train batch [920/1875] loss=1.1189 avg_loss=1.3582. Resources: rss=1985.4MB, peak_rss=2441.1MB, cuda_alloc=360.6MB, cuda_reserved=41556.0MB, cuda_peak_alloc=7062.6MB, cuda_free=6411.8MB, cuda_total=48519.1MB
[2026-06-11 17:40:56] Epoch 02 train batch [940/1875] loss=1.3253 avg_loss=1.3538. Resources: rss=1984.9MB, peak_rss=2441.1MB, cuda_alloc=360.6MB, cuda_reserved=41556.0MB, cuda_peak_alloc=7062.6MB, cuda_free=6411.8MB, cuda_total=48519.1MB
[2026-06-11 17:41:00] Epoch 02 train batch [960/1875] loss=1.1651 avg_loss=1.3546. Resources: rss=1985.4MB, peak_rss=2441.1MB, cuda_alloc=360.6MB, cuda_reserved=41556.0MB, cuda_peak_alloc=7062.6MB, cuda_free=6411.8MB, cuda_total=48519.1MB
[2026-06-11 17:41:04] Epoch 02 train batch [980/1875] loss=0.8740 avg_loss=1.3509. Resources: rss=1985.3MB, peak_rss=2441.1MB, cuda_alloc=360.6MB, cuda_reserved=41556.0MB, cuda_peak_alloc=7062.6MB, cuda_free=6411.8MB, cuda_total=48519.1MB
[2026-06-11 17:41:09] Epoch 02 train batch [1000/1875] loss=1.2643 avg_loss=1.3455. Resources: rss=1986.2MB, peak_rss=2441.1MB, cuda_alloc=360.6MB, cuda_reserved=41556.0MB, cuda_peak_alloc=7062.6MB, cuda_free=6411.8MB, cuda_total=48519.1MB
[2026-06-11 17:41:13] Epoch 02 train batch [1020/1875] loss=1.1361 avg_loss=1.3408. Resources: rss=1985.3MB, peak_rss=2441.1MB, cuda_alloc=360.6MB, cuda_reserved=41556.0MB, cuda_peak_alloc=7062.6MB, cuda_free=6411.8MB, cuda_total=48519.1MB
[2026-06-11 17:41:17] Epoch 02 train batch [1040/1875] loss=1.0389 avg_loss=1.3346. Resources: rss=1986.0MB, peak_rss=2441.1MB, cuda_alloc=360.6MB, cuda_reserved=41556.0MB, cuda_peak_alloc=7062.6MB, cuda_free=6411.8MB, cuda_total=48519.1MB
[2026-06-11 17:41:21] Epoch 02 train batch [1060/1875] loss=1.1654 avg_loss=1.3319. Resources: rss=1985.6MB, peak_rss=2441.1MB, cuda_alloc=360.6MB, cuda_reserved=41556.0MB, cuda_peak_alloc=7062.6MB, cuda_free=6411.8MB, cuda_total=48519.1MB
[2026-06-11 17:41:25] Epoch 02 train batch [1080/1875] loss=0.9018 avg_loss=1.3274. Resources: rss=1985.2MB, peak_rss=2441.1MB, cuda_alloc=360.6MB, cuda_reserved=41556.0MB, cuda_peak_alloc=7062.6MB, cuda_free=6411.8MB, cuda_total=48519.1MB
[2026-06-11 17:41:30] Epoch 02 train batch [1100/1875] loss=0.9217 avg_loss=1.3253. Resources: rss=1985.8MB, peak_rss=2441.1MB, cuda_alloc=360.6MB, cuda_reserved=41556.0MB, cuda_peak_alloc=7062.6MB, cuda_free=6411.8MB, cuda_total=48519.1MB
[2026-06-11 17:41:34] Epoch 02 train batch [1120/1875] loss=0.9329 avg_loss=1.3196. Resources: rss=1985.6MB, peak_rss=2441.1MB, cuda_alloc=360.6MB, cuda_reserved=41556.0MB, cuda_peak_alloc=7062.6MB, cuda_free=6411.8MB, cuda_total=48519.1MB
[2026-06-11 17:41:38] Epoch 02 train batch [1140/1875] loss=0.7629 avg_loss=1.3148. Resources: rss=1984.4MB, peak_rss=2441.1MB, cuda_alloc=360.6MB, cuda_reserved=41556.0MB, cuda_peak_alloc=7062.6MB, cuda_free=6411.8MB, cuda_total=48519.1MB
[2026-06-11 17:41:42] Epoch 02 train batch [1160/1875] loss=1.1106 avg_loss=1.3102. Resources: rss=1984.4MB, peak_rss=2441.1MB, cuda_alloc=360.6MB, cuda_reserved=41556.0MB, cuda_peak_alloc=7062.6MB, cuda_free=6411.8MB, cuda_total=48519.1MB
[2026-06-11 17:41:46] Epoch 02 train batch [1180/1875] loss=1.1927 avg_loss=1.3067. Resources: rss=1984.8MB, peak_rss=2441.1MB, cuda_alloc=360.6MB, cuda_reserved=41556.0MB, cuda_peak_alloc=7062.6MB, cuda_free=6411.8MB, cuda_total=48519.1MB
[2026-06-11 17:41:51] Epoch 02 train batch [1200/1875] loss=1.5758 avg_loss=1.3033. Resources: rss=1987.7MB, peak_rss=2441.1MB, cuda_alloc=360.6MB, cuda_reserved=41556.0MB, cuda_peak_alloc=7062.6MB, cuda_free=6411.8MB, cuda_total=48519.1MB
[2026-06-11 17:41:55] Epoch 02 train batch [1220/1875] loss=1.0742 avg_loss=1.2994. Resources: rss=1992.6MB, peak_rss=2441.1MB, cuda_alloc=360.6MB, cuda_reserved=41556.0MB, cuda_peak_alloc=7062.6MB, cuda_free=6411.8MB, cuda_total=48519.1MB
[2026-06-11 17:41:59] Epoch 02 train batch [1240/1875] loss=1.0394 avg_loss=1.2972. Resources: rss=1994.1MB, peak_rss=2441.1MB, cuda_alloc=360.6MB, cuda_reserved=41556.0MB, cuda_peak_alloc=7062.6MB, cuda_free=6411.8MB, cuda_total=48519.1MB
[2026-06-11 17:42:03] Epoch 02 train batch [1260/1875] loss=0.9639 avg_loss=1.2946. Resources: rss=1996.4MB, peak_rss=2441.1MB, cuda_alloc=360.6MB, cuda_reserved=42776.0MB, cuda_peak_alloc=7062.6MB, cuda_free=5191.8MB, cuda_total=48519.1MB
[2026-06-11 17:42:07] Epoch 02 train batch [1280/1875] loss=1.0728 avg_loss=1.2912. Resources: rss=1996.5MB, peak_rss=2441.1MB, cuda_alloc=360.6MB, cuda_reserved=42776.0MB, cuda_peak_alloc=7062.6MB, cuda_free=5191.8MB, cuda_total=48519.1MB
[2026-06-11 17:42:12] Epoch 02 train batch [1300/1875] loss=1.1983 avg_loss=1.2870. Resources: rss=2001.4MB, peak_rss=2441.1MB, cuda_alloc=360.6MB, cuda_reserved=42776.0MB, cuda_peak_alloc=7062.6MB, cuda_free=5191.8MB, cuda_total=48519.1MB
[2026-06-11 17:42:16] Epoch 02 train batch [1320/1875] loss=1.1818 avg_loss=1.2858. Resources: rss=2000.7MB, peak_rss=2441.1MB, cuda_alloc=360.6MB, cuda_reserved=42776.0MB, cuda_peak_alloc=7062.6MB, cuda_free=5191.8MB, cuda_total=48519.1MB
[2026-06-11 17:42:20] Epoch 02 train batch [1340/1875] loss=0.9801 avg_loss=1.2827. Resources: rss=2000.9MB, peak_rss=2441.1MB, cuda_alloc=360.6MB, cuda_reserved=42776.0MB, cuda_peak_alloc=7062.6MB, cuda_free=5191.8MB, cuda_total=48519.1MB
[2026-06-11 17:42:25] Epoch 02 train batch [1360/1875] loss=0.9946 avg_loss=1.2787. Resources: rss=2003.0MB, peak_rss=2441.1MB, cuda_alloc=360.6MB, cuda_reserved=42776.0MB, cuda_peak_alloc=7062.6MB, cuda_free=5191.8MB, cuda_total=48519.1MB
[2026-06-11 17:42:29] Epoch 02 train batch [1380/1875] loss=1.2325 avg_loss=1.2753. Resources: rss=2002.4MB, peak_rss=2441.1MB, cuda_alloc=360.6MB, cuda_reserved=42776.0MB, cuda_peak_alloc=7062.6MB, cuda_free=5191.8MB, cuda_total=48519.1MB
[2026-06-11 17:42:33] Epoch 02 train batch [1400/1875] loss=1.0928 avg_loss=1.2719. Resources: rss=2003.0MB, peak_rss=2441.1MB, cuda_alloc=360.6MB, cuda_reserved=42776.0MB, cuda_peak_alloc=7062.6MB, cuda_free=5191.8MB, cuda_total=48519.1MB
[2026-06-11 17:42:38] Epoch 02 train batch [1420/1875] loss=1.0394 avg_loss=1.2690. Resources: rss=2003.3MB, peak_rss=2441.1MB, cuda_alloc=360.6MB, cuda_reserved=42776.0MB, cuda_peak_alloc=7062.6MB, cuda_free=5191.8MB, cuda_total=48519.1MB
[2026-06-11 17:42:42] Epoch 02 train batch [1440/1875] loss=0.8268 avg_loss=1.2648. Resources: rss=2002.8MB, peak_rss=2441.1MB, cuda_alloc=360.6MB, cuda_reserved=42776.0MB, cuda_peak_alloc=7062.6MB, cuda_free=5191.8MB, cuda_total=48519.1MB
[2026-06-11 17:42:46] Epoch 02 train batch [1460/1875] loss=0.9356 avg_loss=1.2627. Resources: rss=2002.2MB, peak_rss=2441.1MB, cuda_alloc=360.6MB, cuda_reserved=42776.0MB, cuda_peak_alloc=7062.6MB, cuda_free=5191.8MB, cuda_total=48519.1MB
[2026-06-11 17:42:50] Epoch 02 train batch [1480/1875] loss=1.2435 avg_loss=1.2594. Resources: rss=2001.9MB, peak_rss=2441.1MB, cuda_alloc=360.6MB, cuda_reserved=42776.0MB, cuda_peak_alloc=7062.6MB, cuda_free=5191.8MB, cuda_total=48519.1MB
[2026-06-11 17:42:54] Epoch 02 train batch [1500/1875] loss=0.8223 avg_loss=1.2570. Resources: rss=2002.1MB, peak_rss=2441.1MB, cuda_alloc=360.6MB, cuda_reserved=42776.0MB, cuda_peak_alloc=7062.6MB, cuda_free=5191.8MB, cuda_total=48519.1MB
[2026-06-11 17:42:59] Epoch 02 train batch [1520/1875] loss=1.2839 avg_loss=1.2552. Resources: rss=2003.9MB, peak_rss=2441.1MB, cuda_alloc=360.6MB, cuda_reserved=42776.0MB, cuda_peak_alloc=7062.6MB, cuda_free=5191.8MB, cuda_total=48519.1MB
[2026-06-11 17:43:03] Epoch 02 train batch [1540/1875] loss=0.8525 avg_loss=1.2521. Resources: rss=2004.5MB, peak_rss=2441.1MB, cuda_alloc=360.6MB, cuda_reserved=42776.0MB, cuda_peak_alloc=7062.6MB, cuda_free=5191.8MB, cuda_total=48519.1MB
[2026-06-11 17:43:07] Epoch 02 train batch [1560/1875] loss=0.8690 avg_loss=1.2496. Resources: rss=2003.6MB, peak_rss=2441.1MB, cuda_alloc=360.6MB, cuda_reserved=42776.0MB, cuda_peak_alloc=7062.6MB, cuda_free=5191.8MB, cuda_total=48519.1MB
[2026-06-11 17:43:12] Epoch 02 train batch [1580/1875] loss=0.8120 avg_loss=1.2460. Resources: rss=2004.6MB, peak_rss=2441.1MB, cuda_alloc=360.6MB, cuda_reserved=42776.0MB, cuda_peak_alloc=7062.6MB, cuda_free=5191.8MB, cuda_total=48519.1MB
[2026-06-11 17:43:16] Epoch 02 train batch [1600/1875] loss=0.9269 avg_loss=1.2425. Resources: rss=2004.5MB, peak_rss=2441.1MB, cuda_alloc=360.6MB, cuda_reserved=42776.0MB, cuda_peak_alloc=7062.6MB, cuda_free=5191.8MB, cuda_total=48519.1MB
[2026-06-11 17:43:20] Epoch 02 train batch [1620/1875] loss=1.1770 avg_loss=1.2406. Resources: rss=2004.4MB, peak_rss=2441.1MB, cuda_alloc=360.6MB, cuda_reserved=42776.0MB, cuda_peak_alloc=7062.6MB, cuda_free=5191.8MB, cuda_total=48519.1MB
[2026-06-11 17:43:24] Epoch 02 train batch [1640/1875] loss=1.2246 avg_loss=1.2376. Resources: rss=2004.4MB, peak_rss=2441.1MB, cuda_alloc=360.6MB, cuda_reserved=42776.0MB, cuda_peak_alloc=7062.6MB, cuda_free=5191.8MB, cuda_total=48519.1MB
[2026-06-11 17:43:28] Epoch 02 train batch [1660/1875] loss=1.2278 avg_loss=1.2353. Resources: rss=2004.1MB, peak_rss=2441.1MB, cuda_alloc=360.6MB, cuda_reserved=42776.0MB, cuda_peak_alloc=7062.6MB, cuda_free=5191.8MB, cuda_total=48519.1MB
[2026-06-11 17:43:32] Epoch 02 train batch [1680/1875] loss=1.1128 avg_loss=1.2319. Resources: rss=2004.4MB, peak_rss=2441.1MB, cuda_alloc=360.6MB, cuda_reserved=42776.0MB, cuda_peak_alloc=7062.6MB, cuda_free=5191.8MB, cuda_total=48519.1MB
[2026-06-11 17:43:37] Epoch 02 train batch [1700/1875] loss=1.1829 avg_loss=1.2289. Resources: rss=2003.4MB, peak_rss=2441.1MB, cuda_alloc=360.6MB, cuda_reserved=43796.0MB, cuda_peak_alloc=7062.6MB, cuda_free=4171.8MB, cuda_total=48519.1MB
[2026-06-11 17:43:41] Epoch 02 train batch [1720/1875] loss=1.2523 avg_loss=1.2272. Resources: rss=2004.2MB, peak_rss=2441.1MB, cuda_alloc=360.6MB, cuda_reserved=43796.0MB, cuda_peak_alloc=7062.6MB, cuda_free=4171.8MB, cuda_total=48519.1MB
[2026-06-11 17:43:45] Epoch 02 train batch [1740/1875] loss=0.9520 avg_loss=1.2244. Resources: rss=2003.7MB, peak_rss=2441.1MB, cuda_alloc=360.6MB, cuda_reserved=43796.0MB, cuda_peak_alloc=7062.6MB, cuda_free=4171.8MB, cuda_total=48519.1MB
[2026-06-11 17:43:49] Epoch 02 train batch [1760/1875] loss=0.9534 avg_loss=1.2222. Resources: rss=2003.8MB, peak_rss=2441.1MB, cuda_alloc=360.6MB, cuda_reserved=43796.0MB, cuda_peak_alloc=7062.6MB, cuda_free=4171.8MB, cuda_total=48519.1MB
[2026-06-11 17:43:53] Epoch 02 train batch [1780/1875] loss=2.2336 avg_loss=1.2221. Resources: rss=2003.4MB, peak_rss=2441.1MB, cuda_alloc=351.4MB, cuda_reserved=43796.0MB, cuda_peak_alloc=7062.6MB, cuda_free=4171.8MB, cuda_total=48519.1MB
[2026-06-11 17:43:57] Epoch 02 train batch [1800/1875] loss=1.2887 avg_loss=1.2199. Resources: rss=2003.2MB, peak_rss=2441.1MB, cuda_alloc=360.6MB, cuda_reserved=43796.0MB, cuda_peak_alloc=7062.6MB, cuda_free=4171.8MB, cuda_total=48519.1MB
[2026-06-11 17:44:02] Epoch 02 train batch [1820/1875] loss=0.8102 avg_loss=1.2180. Resources: rss=2003.8MB, peak_rss=2441.1MB, cuda_alloc=360.6MB, cuda_reserved=43796.0MB, cuda_peak_alloc=7062.6MB, cuda_free=4171.8MB, cuda_total=48519.1MB
[2026-06-11 17:44:06] Epoch 02 train batch [1840/1875] loss=1.0020 avg_loss=1.2171. Resources: rss=2003.8MB, peak_rss=2441.1MB, cuda_alloc=360.6MB, cuda_reserved=43796.0MB, cuda_peak_alloc=7062.6MB, cuda_free=4171.8MB, cuda_total=48519.1MB
[2026-06-11 17:44:10] Epoch 02 train batch [1860/1875] loss=0.8923 avg_loss=1.2147. Resources: rss=2006.5MB, peak_rss=2441.1MB, cuda_alloc=360.6MB, cuda_reserved=43796.0MB, cuda_peak_alloc=7062.6MB, cuda_free=4171.8MB, cuda_total=48519.1MB
[2026-06-11 17:44:13] Epoch 02 train batch [1875/1875] loss=1.0132 avg_loss=1.2134. Resources: rss=2006.4MB, peak_rss=2441.1MB, cuda_alloc=360.6MB, cuda_reserved=43796.0MB, cuda_peak_alloc=7062.6MB, cuda_free=4171.8MB, cuda_total=48519.1MB
[2026-06-11 17:44:13] Epoch 02 training completed. Resources: rss=1998.1MB, peak_rss=2441.1MB, cuda_alloc=360.6MB, cuda_reserved=43796.0MB, cuda_peak_alloc=7062.6MB, cuda_free=4171.8MB, cuda_total=48519.1MB
[2026-06-11 17:44:14] Epoch 02 cache released before validation loss. Resources: rss=1997.4MB, peak_rss=2441.1MB, cuda_alloc=360.6MB, cuda_reserved=478.0MB, cuda_peak_alloc=360.6MB, cuda_free=47489.8MB, cuda_total=48519.1MB
[2026-06-11 17:44:45] Epoch 02 validation loss completed: 0.9890. Resources: rss=1997.1MB, peak_rss=2441.1MB, cuda_alloc=360.6MB, cuda_reserved=11246.0MB, cuda_peak_alloc=2034.0MB, cuda_free=36721.8MB, cuda_total=48519.1MB
[2026-06-11 17:44:45] Epoch 02 cache released before detection metrics. Resources: rss=1995.1MB, peak_rss=2441.1MB, cuda_alloc=360.6MB, cuda_reserved=478.0MB, cuda_peak_alloc=360.6MB, cuda_free=47489.8MB, cuda_total=48519.1MB
[2026-06-11 17:45:21] Epoch 02 prediction tensors moved to CPU. Computing metrics. Resources: rss=2091.6MB, peak_rss=2441.1MB, cuda_alloc=360.6MB, cuda_reserved=478.0MB, cuda_peak_alloc=360.6MB, cuda_free=47489.8MB, cuda_total=48519.1MB
[2026-06-11 17:45:21] Epoch 02 metrics computed (mAP@0.5 only). Saving artifacts. Resources: rss=2107.4MB, peak_rss=2441.1MB, cuda_alloc=360.6MB, cuda_reserved=478.0MB, cuda_peak_alloc=360.6MB, cuda_free=47489.8MB, cuda_total=48519.1MB
[2026-06-11 17:45:22] Epoch 02 improved mAP@0.5 to 0.0273. Saved best checkpoint: best_model-20260611-172946.pth. Resources: rss=2348.7MB, peak_rss=2441.1MB, cuda_alloc=360.6MB, cuda_reserved=478.0MB, cuda_peak_alloc=360.6MB, cuda_free=47489.8MB, cuda_total=48519.1MB
Epoch [02/50]
├── Train Loss : 1.2134
│   ├── loss_classifier  : 0.7557
│   ├── loss_box_reg     : 0.4578
│   ├── loss_objectness  : 0.0000
│   └── loss_rpn_box_reg : 0.0000
├── Val Loss   : 0.9890
├── mAP@0.5    : 0.0273
├── mAP@0.75   : n/a
├── mAP@0.5:0.95 : n/a
├── Precision  : 0.0090
├── Recall     : 0.8377
├── GT Boxes   : 2021
├── Predictions: 187587
├── Per-class AP
│   ├── person  : AP50=0.0909, AP75=n/a, AP50:95=n/a, P=0.0159, R=0.8687
│   ├── car     : AP50=0.0137, AP75=n/a, AP50:95=n/a, P=0.0066, R=0.7456
│   ├── dog     : AP50=0.0127, AP75=n/a, AP50:95=n/a, P=0.0054, R=0.8981
│   ├── cat     : AP50=0.0092, AP75=n/a, AP50:95=n/a, P=0.0060, R=0.8977
│   └── chair   : AP50=0.0101, AP75=n/a, AP50:95=n/a, P=0.0056, R=0.7305
├── LR         : 0.000550
└── Time       : 466.8s
[2026-06-11 17:45:22] Epoch [02/50] completed. Resources: rss=2097.0MB, peak_rss=2441.1MB, cuda_alloc=360.6MB, cuda_reserved=478.0MB, cuda_peak_alloc=360.6MB, cuda_free=47489.8MB, cuda_total=48519.1MB
[2026-06-11 17:45:22] Epoch [03/50] started. Resources: rss=2097.0MB, peak_rss=2441.1MB, cuda_alloc=360.6MB, cuda_reserved=478.0MB, cuda_peak_alloc=360.6MB, cuda_free=47489.8MB, cuda_total=48519.1MB
[2026-06-11 17:45:26] Epoch 03 train batch [20/1875] loss=1.1001 avg_loss=1.0717. Resources: rss=2106.9MB, peak_rss=2441.1MB, cuda_alloc=360.6MB, cuda_reserved=30956.0MB, cuda_peak_alloc=7061.8MB, cuda_free=17011.8MB, cuda_total=48519.1MB
[2026-06-11 17:45:31] Epoch 03 train batch [40/1875] loss=1.0992 avg_loss=1.0510. Resources: rss=2110.9MB, peak_rss=2441.1MB, cuda_alloc=360.6MB, cuda_reserved=15636.0MB, cuda_peak_alloc=7061.8MB, cuda_free=32331.8MB, cuda_total=48519.1MB
[2026-06-11 17:45:35] Epoch 03 train batch [60/1875] loss=0.7662 avg_loss=1.0346. Resources: rss=2111.0MB, peak_rss=2441.1MB, cuda_alloc=360.6MB, cuda_reserved=44096.0MB, cuda_peak_alloc=7061.9MB, cuda_free=3871.8MB, cuda_total=48519.1MB
[2026-06-11 17:45:40] Epoch 03 train batch [80/1875] loss=1.0988 avg_loss=1.0366. Resources: rss=2109.4MB, peak_rss=2441.1MB, cuda_alloc=360.6MB, cuda_reserved=44096.0MB, cuda_peak_alloc=7061.9MB, cuda_free=3871.8MB, cuda_total=48519.1MB
[2026-06-11 17:45:44] Epoch 03 train batch [100/1875] loss=1.1742 avg_loss=1.0451. Resources: rss=2110.7MB, peak_rss=2441.1MB, cuda_alloc=360.6MB, cuda_reserved=44096.0MB, cuda_peak_alloc=7061.9MB, cuda_free=3871.8MB, cuda_total=48519.1MB
[2026-06-11 17:45:48] Epoch 03 train batch [120/1875] loss=1.3194 avg_loss=1.0457. Resources: rss=2110.6MB, peak_rss=2441.1MB, cuda_alloc=360.6MB, cuda_reserved=44096.0MB, cuda_peak_alloc=7061.9MB, cuda_free=3871.8MB, cuda_total=48519.1MB
[2026-06-11 17:45:52] Epoch 03 train batch [140/1875] loss=0.9158 avg_loss=1.0395. Resources: rss=2111.0MB, peak_rss=2441.1MB, cuda_alloc=360.6MB, cuda_reserved=44096.0MB, cuda_peak_alloc=7061.9MB, cuda_free=3871.8MB, cuda_total=48519.1MB
[2026-06-11 17:45:58] Epoch 03 train batch [160/1875] loss=1.0587 avg_loss=1.0399. Resources: rss=2111.0MB, peak_rss=2441.1MB, cuda_alloc=360.6MB, cuda_reserved=14756.0MB, cuda_peak_alloc=7061.9MB, cuda_free=33211.8MB, cuda_total=48519.1MB
[2026-06-11 17:46:04] Epoch 03 train batch [180/1875] loss=0.8509 avg_loss=1.0334. Resources: rss=2111.5MB, peak_rss=2441.1MB, cuda_alloc=360.6MB, cuda_reserved=29056.0MB, cuda_peak_alloc=7062.5MB, cuda_free=18911.8MB, cuda_total=48519.1MB
[2026-06-11 17:46:09] Epoch 03 train batch [200/1875] loss=0.9187 avg_loss=1.0318. Resources: rss=2110.9MB, peak_rss=2441.1MB, cuda_alloc=360.6MB, cuda_reserved=28616.0MB, cuda_peak_alloc=7062.5MB, cuda_free=19351.8MB, cuda_total=48519.1MB
[2026-06-11 17:46:13] Epoch 03 train batch [220/1875] loss=0.9987 avg_loss=1.0242. Resources: rss=2111.3MB, peak_rss=2441.1MB, cuda_alloc=360.6MB, cuda_reserved=42656.0MB, cuda_peak_alloc=7062.5MB, cuda_free=5311.8MB, cuda_total=48519.1MB
[2026-06-11 17:46:18] Epoch 03 train batch [240/1875] loss=0.7971 avg_loss=1.0243. Resources: rss=2111.6MB, peak_rss=2441.1MB, cuda_alloc=360.6MB, cuda_reserved=24716.0MB, cuda_peak_alloc=7062.5MB, cuda_free=23251.8MB, cuda_total=48519.1MB
[2026-06-11 17:46:23] Epoch 03 train batch [260/1875] loss=0.8556 avg_loss=1.0168. Resources: rss=2111.1MB, peak_rss=2441.1MB, cuda_alloc=360.6MB, cuda_reserved=32556.0MB, cuda_peak_alloc=7062.5MB, cuda_free=15411.8MB, cuda_total=48519.1MB
[2026-06-11 17:46:27] Epoch 03 train batch [280/1875] loss=1.1541 avg_loss=1.0164. Resources: rss=2111.4MB, peak_rss=2441.1MB, cuda_alloc=360.6MB, cuda_reserved=41496.0MB, cuda_peak_alloc=7062.5MB, cuda_free=6471.8MB, cuda_total=48519.1MB
[2026-06-11 17:46:31] Epoch 03 train batch [300/1875] loss=1.4624 avg_loss=1.0181. Resources: rss=2111.0MB, peak_rss=2441.1MB, cuda_alloc=360.6MB, cuda_reserved=41496.0MB, cuda_peak_alloc=7062.5MB, cuda_free=6471.8MB, cuda_total=48519.1MB
[2026-06-11 17:46:36] Epoch 03 train batch [320/1875] loss=0.9498 avg_loss=1.0172. Resources: rss=2111.7MB, peak_rss=2441.1MB, cuda_alloc=360.6MB, cuda_reserved=28816.0MB, cuda_peak_alloc=7062.5MB, cuda_free=19151.8MB, cuda_total=48519.1MB
[2026-06-11 17:46:40] Epoch 03 train batch [340/1875] loss=0.8369 avg_loss=1.0137. Resources: rss=2111.3MB, peak_rss=2441.1MB, cuda_alloc=360.6MB, cuda_reserved=36356.0MB, cuda_peak_alloc=7062.5MB, cuda_free=11611.8MB, cuda_total=48519.1MB
[2026-06-11 17:46:45] Epoch 03 train batch [360/1875] loss=0.8627 avg_loss=1.0073. Resources: rss=2110.0MB, peak_rss=2441.1MB, cuda_alloc=360.6MB, cuda_reserved=36356.0MB, cuda_peak_alloc=7062.5MB, cuda_free=11611.8MB, cuda_total=48519.1MB
[2026-06-11 17:46:49] Epoch 03 train batch [380/1875] loss=1.1049 avg_loss=1.0023. Resources: rss=2108.4MB, peak_rss=2441.1MB, cuda_alloc=360.6MB, cuda_reserved=46696.0MB, cuda_peak_alloc=7062.5MB, cuda_free=1271.8MB, cuda_total=48519.1MB
[2026-06-11 17:46:53] Epoch 03 train batch [400/1875] loss=2.3329 avg_loss=1.0008. Resources: rss=2109.5MB, peak_rss=2441.1MB, cuda_alloc=351.4MB, cuda_reserved=46696.0MB, cuda_peak_alloc=7062.5MB, cuda_free=1271.8MB, cuda_total=48519.1MB
[2026-06-11 17:46:57] Epoch 03 train batch [420/1875] loss=0.8760 avg_loss=0.9968. Resources: rss=2109.8MB, peak_rss=2441.1MB, cuda_alloc=360.6MB, cuda_reserved=46696.0MB, cuda_peak_alloc=7062.5MB, cuda_free=1271.8MB, cuda_total=48519.1MB
[2026-06-11 17:47:01] Epoch 03 train batch [440/1875] loss=0.7837 avg_loss=0.9943. Resources: rss=2110.1MB, peak_rss=2441.1MB, cuda_alloc=360.6MB, cuda_reserved=46696.0MB, cuda_peak_alloc=7062.5MB, cuda_free=1271.8MB, cuda_total=48519.1MB
[2026-06-11 17:47:05] Epoch 03 train batch [460/1875] loss=0.9430 avg_loss=0.9898. Resources: rss=2110.4MB, peak_rss=2441.1MB, cuda_alloc=360.6MB, cuda_reserved=46696.0MB, cuda_peak_alloc=7062.5MB, cuda_free=1271.8MB, cuda_total=48519.1MB
[2026-06-11 17:47:09] Epoch 03 train batch [480/1875] loss=1.0295 avg_loss=0.9850. Resources: rss=2110.5MB, peak_rss=2441.1MB, cuda_alloc=360.6MB, cuda_reserved=46696.0MB, cuda_peak_alloc=7062.5MB, cuda_free=1271.8MB, cuda_total=48519.1MB
[2026-06-11 17:47:13] Epoch 03 train batch [500/1875] loss=0.6947 avg_loss=0.9824. Resources: rss=2109.3MB, peak_rss=2441.1MB, cuda_alloc=360.6MB, cuda_reserved=46696.0MB, cuda_peak_alloc=7062.5MB, cuda_free=1271.8MB, cuda_total=48519.1MB
[2026-06-11 17:47:18] Epoch 03 train batch [520/1875] loss=0.8579 avg_loss=0.9800. Resources: rss=2109.9MB, peak_rss=2441.1MB, cuda_alloc=360.6MB, cuda_reserved=46696.0MB, cuda_peak_alloc=7062.5MB, cuda_free=1271.8MB, cuda_total=48519.1MB
[2026-06-11 17:47:22] Epoch 03 train batch [540/1875] loss=0.8131 avg_loss=0.9757. Resources: rss=2109.2MB, peak_rss=2441.1MB, cuda_alloc=360.6MB, cuda_reserved=46696.0MB, cuda_peak_alloc=7062.5MB, cuda_free=1271.8MB, cuda_total=48519.1MB
[2026-06-11 17:47:27] Epoch 03 train batch [560/1875] loss=0.9890 avg_loss=0.9778. Resources: rss=2109.0MB, peak_rss=2441.1MB, cuda_alloc=360.6MB, cuda_reserved=46696.0MB, cuda_peak_alloc=7062.5MB, cuda_free=1271.8MB, cuda_total=48519.1MB
[2026-06-11 17:47:31] Epoch 03 train batch [580/1875] loss=0.8373 avg_loss=0.9760. Resources: rss=2111.3MB, peak_rss=2441.1MB, cuda_alloc=360.6MB, cuda_reserved=46696.0MB, cuda_peak_alloc=7062.5MB, cuda_free=1271.8MB, cuda_total=48519.1MB
[2026-06-11 17:47:35] Epoch 03 train batch [600/1875] loss=1.1656 avg_loss=0.9745. Resources: rss=2110.5MB, peak_rss=2441.1MB, cuda_alloc=360.6MB, cuda_reserved=46696.0MB, cuda_peak_alloc=7062.5MB, cuda_free=1271.8MB, cuda_total=48519.1MB
[2026-06-11 17:47:39] Epoch 03 train batch [620/1875] loss=0.7598 avg_loss=0.9699. Resources: rss=2110.9MB, peak_rss=2441.1MB, cuda_alloc=360.6MB, cuda_reserved=46696.0MB, cuda_peak_alloc=7062.5MB, cuda_free=1271.8MB, cuda_total=48519.1MB
[2026-06-11 17:47:43] Epoch 03 train batch [640/1875] loss=0.7234 avg_loss=0.9669. Resources: rss=2110.0MB, peak_rss=2441.1MB, cuda_alloc=360.6MB, cuda_reserved=46696.0MB, cuda_peak_alloc=7062.5MB, cuda_free=1271.8MB, cuda_total=48519.1MB
[2026-06-11 17:47:49] Epoch 03 train batch [660/1875] loss=1.0312 avg_loss=0.9628. Resources: rss=2108.1MB, peak_rss=2441.1MB, cuda_alloc=360.6MB, cuda_reserved=26236.0MB, cuda_peak_alloc=7062.5MB, cuda_free=21731.8MB, cuda_total=48519.1MB
[2026-06-11 17:47:53] Epoch 03 train batch [680/1875] loss=0.6503 avg_loss=0.9613. Resources: rss=2109.8MB, peak_rss=2441.1MB, cuda_alloc=360.6MB, cuda_reserved=43096.0MB, cuda_peak_alloc=7062.5MB, cuda_free=4871.8MB, cuda_total=48519.1MB
[2026-06-11 17:47:58] Epoch 03 train batch [700/1875] loss=0.6230 avg_loss=0.9571. Resources: rss=2110.9MB, peak_rss=2441.1MB, cuda_alloc=360.6MB, cuda_reserved=26456.0MB, cuda_peak_alloc=7062.5MB, cuda_free=21511.8MB, cuda_total=48519.1MB
[2026-06-11 17:48:02] Epoch 03 train batch [720/1875] loss=0.8727 avg_loss=0.9533. Resources: rss=2109.2MB, peak_rss=2441.1MB, cuda_alloc=360.6MB, cuda_reserved=37536.0MB, cuda_peak_alloc=7062.8MB, cuda_free=10431.8MB, cuda_total=48519.1MB
[2026-06-11 17:48:06] Epoch 03 train batch [740/1875] loss=0.6322 avg_loss=0.9491. Resources: rss=2110.0MB, peak_rss=2441.1MB, cuda_alloc=360.6MB, cuda_reserved=37536.0MB, cuda_peak_alloc=7062.8MB, cuda_free=10431.8MB, cuda_total=48519.1MB
[2026-06-11 17:48:10] Epoch 03 train batch [760/1875] loss=0.9092 avg_loss=0.9453. Resources: rss=2111.4MB, peak_rss=2441.1MB, cuda_alloc=360.6MB, cuda_reserved=37536.0MB, cuda_peak_alloc=7062.8MB, cuda_free=10431.8MB, cuda_total=48519.1MB
[2026-06-11 17:48:14] Epoch 03 train batch [780/1875] loss=0.8978 avg_loss=0.9420. Resources: rss=2111.8MB, peak_rss=2441.1MB, cuda_alloc=360.6MB, cuda_reserved=42276.0MB, cuda_peak_alloc=7062.8MB, cuda_free=5691.8MB, cuda_total=48519.1MB
[2026-06-11 17:48:19] Epoch 03 train batch [800/1875] loss=0.7200 avg_loss=0.9391. Resources: rss=2111.7MB, peak_rss=2441.1MB, cuda_alloc=360.6MB, cuda_reserved=47476.0MB, cuda_peak_alloc=7062.8MB, cuda_free=491.8MB, cuda_total=48519.1MB
[2026-06-11 17:48:23] Epoch 03 train batch [820/1875] loss=0.5848 avg_loss=0.9365. Resources: rss=2113.3MB, peak_rss=2441.1MB, cuda_alloc=360.6MB, cuda_reserved=47476.0MB, cuda_peak_alloc=7062.8MB, cuda_free=491.8MB, cuda_total=48519.1MB
[2026-06-11 17:48:27] Epoch 03 train batch [840/1875] loss=0.6511 avg_loss=0.9402. Resources: rss=2111.5MB, peak_rss=2441.1MB, cuda_alloc=360.6MB, cuda_reserved=47476.0MB, cuda_peak_alloc=7062.8MB, cuda_free=491.8MB, cuda_total=48519.1MB
[2026-06-11 17:48:31] Epoch 03 train batch [860/1875] loss=0.9288 avg_loss=0.9379. Resources: rss=2112.7MB, peak_rss=2441.1MB, cuda_alloc=360.6MB, cuda_reserved=47476.0MB, cuda_peak_alloc=7062.8MB, cuda_free=491.8MB, cuda_total=48519.1MB
[2026-06-11 17:48:35] Epoch 03 train batch [880/1875] loss=0.6669 avg_loss=0.9358. Resources: rss=2112.4MB, peak_rss=2441.1MB, cuda_alloc=360.6MB, cuda_reserved=47476.0MB, cuda_peak_alloc=7062.8MB, cuda_free=491.8MB, cuda_total=48519.1MB
[2026-06-11 17:48:39] Epoch 03 train batch [900/1875] loss=1.1035 avg_loss=0.9361. Resources: rss=2111.1MB, peak_rss=2441.1MB, cuda_alloc=360.6MB, cuda_reserved=47476.0MB, cuda_peak_alloc=7062.8MB, cuda_free=491.8MB, cuda_total=48519.1MB
[2026-06-11 17:48:44] Epoch 03 train batch [920/1875] loss=0.6906 avg_loss=0.9323. Resources: rss=2111.6MB, peak_rss=2441.1MB, cuda_alloc=360.6MB, cuda_reserved=47476.0MB, cuda_peak_alloc=7062.8MB, cuda_free=491.8MB, cuda_total=48519.1MB
[2026-06-11 17:48:48] Epoch 03 train batch [940/1875] loss=0.6754 avg_loss=0.9312. Resources: rss=2112.3MB, peak_rss=2441.1MB, cuda_alloc=360.6MB, cuda_reserved=14316.0MB, cuda_peak_alloc=7062.8MB, cuda_free=33651.8MB, cuda_total=48519.1MB
[2026-06-11 17:48:54] Epoch 03 train batch [960/1875] loss=0.8932 avg_loss=0.9281. Resources: rss=2112.4MB, peak_rss=2441.1MB, cuda_alloc=360.6MB, cuda_reserved=21716.0MB, cuda_peak_alloc=7062.8MB, cuda_free=26251.8MB, cuda_total=48519.1MB
[2026-06-11 17:48:59] Epoch 03 train batch [980/1875] loss=1.0895 avg_loss=0.9264. Resources: rss=2112.7MB, peak_rss=2441.1MB, cuda_alloc=360.6MB, cuda_reserved=28776.0MB, cuda_peak_alloc=7062.8MB, cuda_free=19191.8MB, cuda_total=48519.1MB
[2026-06-11 17:49:03] Epoch 03 train batch [1000/1875] loss=0.9113 avg_loss=0.9247. Resources: rss=2110.9MB, peak_rss=2441.1MB, cuda_alloc=360.6MB, cuda_reserved=41196.0MB, cuda_peak_alloc=7062.8MB, cuda_free=6771.8MB, cuda_total=48519.1MB
[2026-06-11 17:49:09] Epoch 03 train batch [1020/1875] loss=0.9830 avg_loss=0.9242. Resources: rss=2111.3MB, peak_rss=2441.1MB, cuda_alloc=360.6MB, cuda_reserved=20236.0MB, cuda_peak_alloc=7062.8MB, cuda_free=27731.8MB, cuda_total=48519.1MB
[2026-06-11 17:49:13] Epoch 03 train batch [1040/1875] loss=0.9716 avg_loss=0.9223. Resources: rss=2109.8MB, peak_rss=2441.1MB, cuda_alloc=360.6MB, cuda_reserved=33996.0MB, cuda_peak_alloc=7062.8MB, cuda_free=13971.8MB, cuda_total=48519.1MB
[2026-06-11 17:49:19] Epoch 03 train batch [1060/1875] loss=0.8110 avg_loss=0.9208. Resources: rss=2111.3MB, peak_rss=2441.1MB, cuda_alloc=360.6MB, cuda_reserved=7916.0MB, cuda_peak_alloc=7062.8MB, cuda_free=40051.8MB, cuda_total=48519.1MB
[2026-06-11 17:49:24] Epoch 03 train batch [1080/1875] loss=0.8310 avg_loss=0.9214. Resources: rss=2111.4MB, peak_rss=2441.1MB, cuda_alloc=360.6MB, cuda_reserved=27596.0MB, cuda_peak_alloc=7062.8MB, cuda_free=20371.8MB, cuda_total=48519.1MB
[2026-06-11 17:49:28] Epoch 03 train batch [1100/1875] loss=0.7951 avg_loss=0.9204. Resources: rss=2110.3MB, peak_rss=2441.1MB, cuda_alloc=360.6MB, cuda_reserved=39176.0MB, cuda_peak_alloc=7062.8MB, cuda_free=8791.8MB, cuda_total=48519.1MB
[2026-06-11 17:49:33] Epoch 03 train batch [1120/1875] loss=0.8874 avg_loss=0.9170. Resources: rss=2111.8MB, peak_rss=2441.1MB, cuda_alloc=360.6MB, cuda_reserved=29356.0MB, cuda_peak_alloc=7062.8MB, cuda_free=18611.8MB, cuda_total=48519.1MB
[2026-06-11 17:49:38] Epoch 03 train batch [1140/1875] loss=0.4286 avg_loss=0.9140. Resources: rss=2111.6MB, peak_rss=2441.1MB, cuda_alloc=360.6MB, cuda_reserved=36576.0MB, cuda_peak_alloc=7062.8MB, cuda_free=11391.8MB, cuda_total=48519.1MB
[2026-06-11 17:49:43] Epoch 03 train batch [1160/1875] loss=0.5139 avg_loss=0.9131. Resources: rss=2112.6MB, peak_rss=2441.1MB, cuda_alloc=360.6MB, cuda_reserved=17116.0MB, cuda_peak_alloc=7062.8MB, cuda_free=30851.8MB, cuda_total=48519.1MB
[2026-06-11 17:49:47] Epoch 03 train batch [1180/1875] loss=0.7989 avg_loss=0.9116. Resources: rss=2112.8MB, peak_rss=2441.1MB, cuda_alloc=360.6MB, cuda_reserved=33636.0MB, cuda_peak_alloc=7062.8MB, cuda_free=14331.8MB, cuda_total=48519.1MB
[2026-06-11 17:49:51] Epoch 03 train batch [1200/1875] loss=1.0425 avg_loss=0.9106. Resources: rss=2112.6MB, peak_rss=2441.1MB, cuda_alloc=360.6MB, cuda_reserved=46216.0MB, cuda_peak_alloc=7062.8MB, cuda_free=1751.8MB, cuda_total=48519.1MB
[2026-06-11 17:49:55] Epoch 03 train batch [1220/1875] loss=0.7171 avg_loss=0.9112. Resources: rss=2112.7MB, peak_rss=2441.1MB, cuda_alloc=360.6MB, cuda_reserved=46216.0MB, cuda_peak_alloc=7062.8MB, cuda_free=1751.8MB, cuda_total=48519.1MB
[2026-06-11 17:49:59] Epoch 03 train batch [1240/1875] loss=0.8610 avg_loss=0.9093. Resources: rss=2111.2MB, peak_rss=2441.1MB, cuda_alloc=360.6MB, cuda_reserved=46216.0MB, cuda_peak_alloc=7062.8MB, cuda_free=1751.8MB, cuda_total=48519.1MB
[2026-06-11 17:50:04] Epoch 03 train batch [1260/1875] loss=1.0118 avg_loss=0.9088. Resources: rss=2112.5MB, peak_rss=2441.1MB, cuda_alloc=360.6MB, cuda_reserved=46216.0MB, cuda_peak_alloc=7062.8MB, cuda_free=1751.8MB, cuda_total=48519.1MB
[2026-06-11 17:50:08] Epoch 03 train batch [1280/1875] loss=0.7009 avg_loss=0.9068. Resources: rss=2111.6MB, peak_rss=2441.1MB, cuda_alloc=360.6MB, cuda_reserved=46216.0MB, cuda_peak_alloc=7062.8MB, cuda_free=1751.8MB, cuda_total=48519.1MB
[2026-06-11 17:50:12] Epoch 03 train batch [1300/1875] loss=0.9629 avg_loss=0.9049. Resources: rss=2113.9MB, peak_rss=2441.1MB, cuda_alloc=360.6MB, cuda_reserved=46216.0MB, cuda_peak_alloc=7062.8MB, cuda_free=1751.8MB, cuda_total=48519.1MB
[2026-06-11 17:50:16] Epoch 03 train batch [1320/1875] loss=0.5610 avg_loss=0.9030. Resources: rss=2113.9MB, peak_rss=2441.1MB, cuda_alloc=360.6MB, cuda_reserved=46216.0MB, cuda_peak_alloc=7062.8MB, cuda_free=1751.8MB, cuda_total=48519.1MB
[2026-06-11 17:50:20] Epoch 03 train batch [1340/1875] loss=0.5530 avg_loss=0.9013. Resources: rss=2113.7MB, peak_rss=2441.1MB, cuda_alloc=360.6MB, cuda_reserved=46216.0MB, cuda_peak_alloc=7062.8MB, cuda_free=1751.8MB, cuda_total=48519.1MB
[2026-06-11 17:50:25] Epoch 03 train batch [1360/1875] loss=0.9862 avg_loss=0.9007. Resources: rss=2113.4MB, peak_rss=2441.1MB, cuda_alloc=360.6MB, cuda_reserved=46216.0MB, cuda_peak_alloc=7062.8MB, cuda_free=1751.8MB, cuda_total=48519.1MB
[2026-06-11 17:50:29] Epoch 03 train batch [1380/1875] loss=0.7461 avg_loss=0.8985. Resources: rss=2113.7MB, peak_rss=2441.1MB, cuda_alloc=360.6MB, cuda_reserved=46216.0MB, cuda_peak_alloc=7062.8MB, cuda_free=1751.8MB, cuda_total=48519.1MB
[2026-06-11 17:50:33] Epoch 03 train batch [1400/1875] loss=0.5752 avg_loss=0.8957. Resources: rss=2113.8MB, peak_rss=2441.1MB, cuda_alloc=360.6MB, cuda_reserved=46216.0MB, cuda_peak_alloc=7062.8MB, cuda_free=1751.8MB, cuda_total=48519.1MB
[2026-06-11 17:50:37] Epoch 03 train batch [1420/1875] loss=0.6454 avg_loss=0.8936. Resources: rss=2114.9MB, peak_rss=2441.1MB, cuda_alloc=360.6MB, cuda_reserved=46216.0MB, cuda_peak_alloc=7062.8MB, cuda_free=1751.8MB, cuda_total=48519.1MB
[2026-06-11 17:50:42] Epoch 03 train batch [1440/1875] loss=0.7203 avg_loss=0.8912. Resources: rss=2113.3MB, peak_rss=2441.1MB, cuda_alloc=360.6MB, cuda_reserved=11076.0MB, cuda_peak_alloc=7062.8MB, cuda_free=36891.8MB, cuda_total=48519.1MB
[2026-06-11 17:50:46] Epoch 03 train batch [1460/1875] loss=0.6151 avg_loss=0.8888. Resources: rss=2114.5MB, peak_rss=2441.1MB, cuda_alloc=360.6MB, cuda_reserved=32056.0MB, cuda_peak_alloc=7062.8MB, cuda_free=15911.8MB, cuda_total=48519.1MB
[2026-06-11 17:50:51] Epoch 03 train batch [1480/1875] loss=0.6109 avg_loss=0.8889. Resources: rss=2114.7MB, peak_rss=2441.1MB, cuda_alloc=360.6MB, cuda_reserved=37036.0MB, cuda_peak_alloc=7062.8MB, cuda_free=10931.8MB, cuda_total=48519.1MB
[2026-06-11 17:50:55] Epoch 03 train batch [1500/1875] loss=0.7204 avg_loss=0.8871. Resources: rss=2114.2MB, peak_rss=2441.1MB, cuda_alloc=360.6MB, cuda_reserved=37036.0MB, cuda_peak_alloc=7062.8MB, cuda_free=10931.8MB, cuda_total=48519.1MB
[2026-06-11 17:50:59] Epoch 03 train batch [1520/1875] loss=0.9236 avg_loss=0.8858. Resources: rss=2114.3MB, peak_rss=2441.1MB, cuda_alloc=360.6MB, cuda_reserved=37036.0MB, cuda_peak_alloc=7062.8MB, cuda_free=10931.8MB, cuda_total=48519.1MB
[2026-06-11 17:51:04] Epoch 03 train batch [1540/1875] loss=1.2925 avg_loss=0.8847. Resources: rss=2113.7MB, peak_rss=2441.1MB, cuda_alloc=360.6MB, cuda_reserved=37036.0MB, cuda_peak_alloc=7062.8MB, cuda_free=10931.8MB, cuda_total=48519.1MB
[2026-06-11 17:51:08] Epoch 03 train batch [1560/1875] loss=0.7543 avg_loss=0.8828. Resources: rss=2114.3MB, peak_rss=2441.1MB, cuda_alloc=360.6MB, cuda_reserved=37036.0MB, cuda_peak_alloc=7062.8MB, cuda_free=10931.8MB, cuda_total=48519.1MB
[2026-06-11 17:51:12] Epoch 03 train batch [1580/1875] loss=0.7936 avg_loss=0.8810. Resources: rss=2115.8MB, peak_rss=2441.1MB, cuda_alloc=360.6MB, cuda_reserved=42016.0MB, cuda_peak_alloc=7062.8MB, cuda_free=5951.8MB, cuda_total=48519.1MB
[2026-06-11 17:51:16] Epoch 03 train batch [1600/1875] loss=0.6764 avg_loss=0.8796. Resources: rss=2115.1MB, peak_rss=2441.1MB, cuda_alloc=360.6MB, cuda_reserved=42016.0MB, cuda_peak_alloc=7062.8MB, cuda_free=5951.8MB, cuda_total=48519.1MB
[2026-06-11 17:51:20] Epoch 03 train batch [1620/1875] loss=0.7086 avg_loss=0.8779. Resources: rss=2116.4MB, peak_rss=2441.1MB, cuda_alloc=360.6MB, cuda_reserved=42016.0MB, cuda_peak_alloc=7062.8MB, cuda_free=5951.8MB, cuda_total=48519.1MB
[2026-06-11 17:51:25] Epoch 03 train batch [1640/1875] loss=0.5956 avg_loss=0.8769. Resources: rss=2115.1MB, peak_rss=2441.1MB, cuda_alloc=360.6MB, cuda_reserved=42016.0MB, cuda_peak_alloc=7062.8MB, cuda_free=5951.8MB, cuda_total=48519.1MB
[2026-06-11 17:51:29] Epoch 03 train batch [1660/1875] loss=0.7181 avg_loss=0.8754. Resources: rss=2116.1MB, peak_rss=2441.1MB, cuda_alloc=360.6MB, cuda_reserved=42016.0MB, cuda_peak_alloc=7062.8MB, cuda_free=5951.8MB, cuda_total=48519.1MB
[2026-06-11 17:51:33] Epoch 03 train batch [1680/1875] loss=0.5715 avg_loss=0.8751. Resources: rss=2115.5MB, peak_rss=2441.1MB, cuda_alloc=360.6MB, cuda_reserved=44356.0MB, cuda_peak_alloc=7062.8MB, cuda_free=3611.8MB, cuda_total=48519.1MB
[2026-06-11 17:51:39] Epoch 03 train batch [1700/1875] loss=0.4547 avg_loss=0.8729. Resources: rss=2116.5MB, peak_rss=2441.1MB, cuda_alloc=360.6MB, cuda_reserved=37176.0MB, cuda_peak_alloc=7062.8MB, cuda_free=10791.8MB, cuda_total=48519.1MB
[2026-06-11 17:51:44] Epoch 03 train batch [1720/1875] loss=0.6641 avg_loss=0.8723. Resources: rss=2118.7MB, peak_rss=2441.1MB, cuda_alloc=360.6MB, cuda_reserved=36056.0MB, cuda_peak_alloc=7062.8MB, cuda_free=11911.8MB, cuda_total=48519.1MB
[2026-06-11 17:51:48] Epoch 03 train batch [1740/1875] loss=0.8977 avg_loss=0.8708. Resources: rss=2118.1MB, peak_rss=2441.1MB, cuda_alloc=360.6MB, cuda_reserved=36056.0MB, cuda_peak_alloc=7062.8MB, cuda_free=11911.8MB, cuda_total=48519.1MB
[2026-06-11 17:51:52] Epoch 03 train batch [1760/1875] loss=0.6007 avg_loss=0.8701. Resources: rss=2118.6MB, peak_rss=2441.1MB, cuda_alloc=360.6MB, cuda_reserved=36056.0MB, cuda_peak_alloc=7062.8MB, cuda_free=11911.8MB, cuda_total=48519.1MB
[2026-06-11 17:51:56] Epoch 03 train batch [1780/1875] loss=0.4929 avg_loss=0.8675. Resources: rss=2118.8MB, peak_rss=2441.1MB, cuda_alloc=360.6MB, cuda_reserved=36056.0MB, cuda_peak_alloc=7062.8MB, cuda_free=11911.8MB, cuda_total=48519.1MB
[2026-06-11 17:52:00] Epoch 03 train batch [1800/1875] loss=0.5447 avg_loss=0.8662. Resources: rss=2118.5MB, peak_rss=2441.1MB, cuda_alloc=360.6MB, cuda_reserved=47476.0MB, cuda_peak_alloc=7062.8MB, cuda_free=491.8MB, cuda_total=48519.1MB
[2026-06-11 17:52:06] Epoch 03 train batch [1820/1875] loss=0.6475 avg_loss=0.8651. Resources: rss=2118.8MB, peak_rss=2441.1MB, cuda_alloc=360.6MB, cuda_reserved=20296.0MB, cuda_peak_alloc=7062.8MB, cuda_free=27671.8MB, cuda_total=48519.1MB
[2026-06-11 17:52:11] Epoch 03 train batch [1840/1875] loss=1.0802 avg_loss=0.8679. Resources: rss=2118.9MB, peak_rss=2441.1MB, cuda_alloc=360.6MB, cuda_reserved=28016.0MB, cuda_peak_alloc=7062.8MB, cuda_free=19951.8MB, cuda_total=48519.1MB
[2026-06-11 17:52:16] Epoch 03 train batch [1860/1875] loss=0.5979 avg_loss=0.8668. Resources: rss=2118.9MB, peak_rss=2441.1MB, cuda_alloc=360.6MB, cuda_reserved=23416.0MB, cuda_peak_alloc=7062.8MB, cuda_free=24551.8MB, cuda_total=48519.1MB
[2026-06-11 17:52:20] Epoch 03 train batch [1875/1875] loss=0.6192 avg_loss=0.8648. Resources: rss=2118.2MB, peak_rss=2441.1MB, cuda_alloc=360.6MB, cuda_reserved=30296.0MB, cuda_peak_alloc=7062.8MB, cuda_free=17671.8MB, cuda_total=48519.1MB
[2026-06-11 17:52:20] Epoch 03 training completed. Resources: rss=2110.8MB, peak_rss=2441.1MB, cuda_alloc=360.6MB, cuda_reserved=30296.0MB, cuda_peak_alloc=7062.8MB, cuda_free=17671.8MB, cuda_total=48519.1MB
[2026-06-11 17:52:20] Epoch 03 cache released before validation loss. Resources: rss=2105.1MB, peak_rss=2441.1MB, cuda_alloc=360.6MB, cuda_reserved=538.0MB, cuda_peak_alloc=360.6MB, cuda_free=47429.8MB, cuda_total=48519.1MB
[2026-06-11 17:52:51] Epoch 03 validation loss completed: 0.7274. Resources: rss=2104.4MB, peak_rss=2441.1MB, cuda_alloc=360.6MB, cuda_reserved=19086.0MB, cuda_peak_alloc=2034.0MB, cuda_free=28881.8MB, cuda_total=48519.1MB
[2026-06-11 17:52:51] Epoch 03 cache released before detection metrics. Resources: rss=2103.7MB, peak_rss=2441.1MB, cuda_alloc=360.6MB, cuda_reserved=538.0MB, cuda_peak_alloc=360.6MB, cuda_free=47429.8MB, cuda_total=48519.1MB
[2026-06-11 17:53:25] Epoch 03 prediction tensors moved to CPU. Computing metrics. Resources: rss=2101.9MB, peak_rss=2441.1MB, cuda_alloc=360.6MB, cuda_reserved=538.0MB, cuda_peak_alloc=360.6MB, cuda_free=47429.8MB, cuda_total=48519.1MB
[2026-06-11 17:53:25] Epoch 03 metrics computed (mAP@0.5 only). Saving artifacts. Resources: rss=2109.9MB, peak_rss=2441.1MB, cuda_alloc=360.6MB, cuda_reserved=538.0MB, cuda_peak_alloc=360.6MB, cuda_free=47429.8MB, cuda_total=48519.1MB
[2026-06-11 17:53:26] Epoch 03 improved mAP@0.5 to 0.3753. Saved best checkpoint: best_model-20260611-172946.pth. Resources: rss=2586.4MB, peak_rss=2586.4MB, cuda_alloc=360.6MB, cuda_reserved=538.0MB, cuda_peak_alloc=360.6MB, cuda_free=47429.8MB, cuda_total=48519.1MB
Epoch [03/50]
├── Train Loss : 0.8648
│   ├── loss_classifier  : 0.5244
│   ├── loss_box_reg     : 0.3404
│   ├── loss_objectness  : 0.0000
│   └── loss_rpn_box_reg : 0.0000
├── Val Loss   : 0.7274
├── mAP@0.5    : 0.3753
├── mAP@0.75   : n/a
├── mAP@0.5:0.95 : n/a
├── Precision  : 0.0182
├── Recall     : 0.9159
├── GT Boxes   : 2021
├── Predictions: 101633
├── Per-class AP
│   ├── person  : AP50=0.5504, AP75=n/a, AP50:95=n/a, P=0.0449, R=0.9302
│   ├── car     : AP50=0.5257, AP75=n/a, AP50:95=n/a, P=0.0162, R=0.9081
│   ├── dog     : AP50=0.3437, AP75=n/a, AP50:95=n/a, P=0.0097, R=0.9417
│   ├── cat     : AP50=0.3618, AP75=n/a, AP50:95=n/a, P=0.0081, R=0.9773
│   └── chair   : AP50=0.0950, AP75=n/a, AP50:95=n/a, P=0.0102, R=0.8121
├── LR         : 0.001000
└── Time       : 483.7s
[2026-06-11 17:53:26] Epoch [03/50] completed. Resources: rss=2095.0MB, peak_rss=2586.4MB, cuda_alloc=360.6MB, cuda_reserved=538.0MB, cuda_peak_alloc=360.6MB, cuda_free=47429.8MB, cuda_total=48519.1MB
[2026-06-11 17:53:26] Epoch [04/50] started. Resources: rss=2095.0MB, peak_rss=2586.4MB, cuda_alloc=360.6MB, cuda_reserved=538.0MB, cuda_peak_alloc=360.6MB, cuda_free=47429.8MB, cuda_total=48519.1MB
[2026-06-11 17:53:31] Epoch 04 train batch [20/1875] loss=0.7265 avg_loss=0.6690. Resources: rss=2103.6MB, peak_rss=2586.4MB, cuda_alloc=360.6MB, cuda_reserved=46056.0MB, cuda_peak_alloc=7061.8MB, cuda_free=1911.8MB, cuda_total=48519.1MB
[2026-06-11 17:53:36] Epoch 04 train batch [40/1875] loss=0.5474 avg_loss=0.6880. Resources: rss=2104.1MB, peak_rss=2586.4MB, cuda_alloc=360.6MB, cuda_reserved=25996.0MB, cuda_peak_alloc=7062.2MB, cuda_free=21971.8MB, cuda_total=48519.1MB
[2026-06-11 17:53:41] Epoch 04 train batch [60/1875] loss=0.7618 avg_loss=0.6839. Resources: rss=2103.7MB, peak_rss=2586.4MB, cuda_alloc=360.6MB, cuda_reserved=27676.0MB, cuda_peak_alloc=7062.2MB, cuda_free=20291.8MB, cuda_total=48519.1MB
[2026-06-11 17:53:45] Epoch 04 train batch [80/1875] loss=0.6766 avg_loss=0.6992. Resources: rss=2103.9MB, peak_rss=2586.4MB, cuda_alloc=360.6MB, cuda_reserved=31056.0MB, cuda_peak_alloc=7062.2MB, cuda_free=16911.8MB, cuda_total=48519.1MB
[2026-06-11 17:53:50] Epoch 04 train batch [100/1875] loss=0.4946 avg_loss=0.6995. Resources: rss=2104.0MB, peak_rss=2586.4MB, cuda_alloc=360.6MB, cuda_reserved=32016.0MB, cuda_peak_alloc=7062.2MB, cuda_free=15951.8MB, cuda_total=48519.1MB
[2026-06-11 17:53:54] Epoch 04 train batch [120/1875] loss=0.5000 avg_loss=0.6912. Resources: rss=2104.0MB, peak_rss=2586.4MB, cuda_alloc=360.6MB, cuda_reserved=32016.0MB, cuda_peak_alloc=7062.2MB, cuda_free=15951.8MB, cuda_total=48519.1MB
[2026-06-11 17:53:58] Epoch 04 train batch [140/1875] loss=0.5297 avg_loss=0.6915. Resources: rss=2103.3MB, peak_rss=2586.4MB, cuda_alloc=360.6MB, cuda_reserved=32016.0MB, cuda_peak_alloc=7062.2MB, cuda_free=15951.8MB, cuda_total=48519.1MB
[2026-06-11 17:54:02] Epoch 04 train batch [160/1875] loss=0.6820 avg_loss=0.6926. Resources: rss=2101.6MB, peak_rss=2586.4MB, cuda_alloc=360.6MB, cuda_reserved=32016.0MB, cuda_peak_alloc=7062.2MB, cuda_free=15951.8MB, cuda_total=48519.1MB
[2026-06-11 17:54:06] Epoch 04 train batch [180/1875] loss=0.6157 avg_loss=0.6926. Resources: rss=2102.5MB, peak_rss=2586.4MB, cuda_alloc=360.6MB, cuda_reserved=32016.0MB, cuda_peak_alloc=7062.2MB, cuda_free=15951.8MB, cuda_total=48519.1MB
[2026-06-11 17:54:11] Epoch 04 train batch [200/1875] loss=0.3920 avg_loss=0.6950. Resources: rss=2102.0MB, peak_rss=2586.4MB, cuda_alloc=360.6MB, cuda_reserved=32016.0MB, cuda_peak_alloc=7062.2MB, cuda_free=15951.8MB, cuda_total=48519.1MB
[2026-06-11 17:54:15] Epoch 04 train batch [220/1875] loss=0.6913 avg_loss=0.6926. Resources: rss=2101.9MB, peak_rss=2586.4MB, cuda_alloc=360.6MB, cuda_reserved=40056.0MB, cuda_peak_alloc=7062.2MB, cuda_free=7911.8MB, cuda_total=48519.1MB
[2026-06-11 17:54:19] Epoch 04 train batch [240/1875] loss=0.7165 avg_loss=0.7041. Resources: rss=2102.7MB, peak_rss=2586.4MB, cuda_alloc=360.6MB, cuda_reserved=40056.0MB, cuda_peak_alloc=7062.2MB, cuda_free=7911.8MB, cuda_total=48519.1MB
[2026-06-11 17:54:23] Epoch 04 train batch [260/1875] loss=0.7621 avg_loss=0.7052. Resources: rss=2101.7MB, peak_rss=2586.4MB, cuda_alloc=360.6MB, cuda_reserved=40056.0MB, cuda_peak_alloc=7062.2MB, cuda_free=7911.8MB, cuda_total=48519.1MB
[2026-06-11 17:54:27] Epoch 04 train batch [280/1875] loss=0.5995 avg_loss=0.7022. Resources: rss=2106.4MB, peak_rss=2586.4MB, cuda_alloc=360.6MB, cuda_reserved=40056.0MB, cuda_peak_alloc=7062.2MB, cuda_free=7911.8MB, cuda_total=48519.1MB
[2026-06-11 17:54:31] Epoch 04 train batch [300/1875] loss=0.5505 avg_loss=0.6996. Resources: rss=2106.6MB, peak_rss=2586.4MB, cuda_alloc=360.6MB, cuda_reserved=40056.0MB, cuda_peak_alloc=7062.2MB, cuda_free=7911.8MB, cuda_total=48519.1MB
[2026-06-11 17:54:35] Epoch 04 train batch [320/1875] loss=0.7836 avg_loss=0.7001. Resources: rss=2106.2MB, peak_rss=2586.4MB, cuda_alloc=360.6MB, cuda_reserved=40056.0MB, cuda_peak_alloc=7062.2MB, cuda_free=7911.8MB, cuda_total=48519.1MB
[2026-06-11 17:54:40] Epoch 04 train batch [340/1875] loss=0.6718 avg_loss=0.7008. Resources: rss=2106.2MB, peak_rss=2586.4MB, cuda_alloc=360.6MB, cuda_reserved=40056.0MB, cuda_peak_alloc=7062.2MB, cuda_free=7911.8MB, cuda_total=48519.1MB
[2026-06-11 17:54:45] Epoch 04 train batch [360/1875] loss=0.4702 avg_loss=0.6998. Resources: rss=2109.3MB, peak_rss=2586.4MB, cuda_alloc=360.6MB, cuda_reserved=22456.0MB, cuda_peak_alloc=7062.2MB, cuda_free=25511.8MB, cuda_total=48519.1MB
[2026-06-11 17:54:51] Epoch 04 train batch [380/1875] loss=0.9451 avg_loss=0.6975. Resources: rss=2108.5MB, peak_rss=2586.4MB, cuda_alloc=360.6MB, cuda_reserved=27236.0MB, cuda_peak_alloc=7062.2MB, cuda_free=20731.8MB, cuda_total=48519.1MB
[2026-06-11 17:54:55] Epoch 04 train batch [400/1875] loss=0.5846 avg_loss=0.6984. Resources: rss=2109.5MB, peak_rss=2586.4MB, cuda_alloc=360.6MB, cuda_reserved=42216.0MB, cuda_peak_alloc=7062.2MB, cuda_free=5751.8MB, cuda_total=48519.1MB
[2026-06-11 17:54:59] Epoch 04 train batch [420/1875] loss=0.6974 avg_loss=0.6967. Resources: rss=2109.3MB, peak_rss=2586.4MB, cuda_alloc=360.6MB, cuda_reserved=42216.0MB, cuda_peak_alloc=7062.2MB, cuda_free=5751.8MB, cuda_total=48519.1MB
[2026-06-11 17:55:04] Epoch 04 train batch [440/1875] loss=0.5770 avg_loss=0.6941. Resources: rss=2108.9MB, peak_rss=2586.4MB, cuda_alloc=351.4MB, cuda_reserved=34216.0MB, cuda_peak_alloc=7062.2MB, cuda_free=13751.8MB, cuda_total=48519.1MB
[2026-06-11 17:55:08] Epoch 04 train batch [460/1875] loss=0.7453 avg_loss=0.6936. Resources: rss=2109.3MB, peak_rss=2586.4MB, cuda_alloc=360.6MB, cuda_reserved=34216.0MB, cuda_peak_alloc=7062.2MB, cuda_free=13751.8MB, cuda_total=48519.1MB
[2026-06-11 17:55:13] Epoch 04 train batch [480/1875] loss=0.9554 avg_loss=0.6913. Resources: rss=2109.2MB, peak_rss=2586.4MB, cuda_alloc=360.6MB, cuda_reserved=37256.0MB, cuda_peak_alloc=7062.2MB, cuda_free=10711.8MB, cuda_total=48519.1MB
[2026-06-11 17:55:17] Epoch 04 train batch [500/1875] loss=0.5549 avg_loss=0.6933. Resources: rss=2109.3MB, peak_rss=2586.4MB, cuda_alloc=360.6MB, cuda_reserved=37256.0MB, cuda_peak_alloc=7062.2MB, cuda_free=10711.8MB, cuda_total=48519.1MB
[2026-06-11 17:55:21] Epoch 04 train batch [520/1875] loss=0.4056 avg_loss=0.6926. Resources: rss=2108.8MB, peak_rss=2586.4MB, cuda_alloc=360.6MB, cuda_reserved=42996.0MB, cuda_peak_alloc=7062.2MB, cuda_free=4971.8MB, cuda_total=48519.1MB
[2026-06-11 17:55:25] Epoch 04 train batch [540/1875] loss=0.6839 avg_loss=0.6917. Resources: rss=2108.7MB, peak_rss=2586.4MB, cuda_alloc=360.6MB, cuda_reserved=43056.0MB, cuda_peak_alloc=7062.2MB, cuda_free=4911.8MB, cuda_total=48519.1MB
[2026-06-11 17:55:30] Epoch 04 train batch [560/1875] loss=0.4682 avg_loss=0.6912. Resources: rss=2108.9MB, peak_rss=2586.4MB, cuda_alloc=360.6MB, cuda_reserved=34416.0MB, cuda_peak_alloc=7062.2MB, cuda_free=13551.8MB, cuda_total=48519.1MB
[2026-06-11 17:55:36] Epoch 04 train batch [580/1875] loss=0.5403 avg_loss=0.6907. Resources: rss=2110.3MB, peak_rss=2586.4MB, cuda_alloc=360.6MB, cuda_reserved=30856.0MB, cuda_peak_alloc=7062.2MB, cuda_free=17111.8MB, cuda_total=48519.1MB
[2026-06-11 17:55:40] Epoch 04 train batch [600/1875] loss=0.5692 avg_loss=0.6903. Resources: rss=2110.0MB, peak_rss=2586.4MB, cuda_alloc=360.6MB, cuda_reserved=30856.0MB, cuda_peak_alloc=7062.2MB, cuda_free=17111.8MB, cuda_total=48519.1MB
[2026-06-11 17:55:44] Epoch 04 train batch [620/1875] loss=0.7743 avg_loss=0.6927. Resources: rss=2110.0MB, peak_rss=2586.4MB, cuda_alloc=360.6MB, cuda_reserved=33396.0MB, cuda_peak_alloc=7062.2MB, cuda_free=14571.8MB, cuda_total=48519.1MB
[2026-06-11 17:55:49] Epoch 04 train batch [640/1875] loss=0.5130 avg_loss=0.6925. Resources: rss=2109.6MB, peak_rss=2586.4MB, cuda_alloc=360.6MB, cuda_reserved=37716.0MB, cuda_peak_alloc=7062.2MB, cuda_free=10251.8MB, cuda_total=48519.1MB
[2026-06-11 17:55:53] Epoch 04 train batch [660/1875] loss=0.6122 avg_loss=0.6913. Resources: rss=2109.6MB, peak_rss=2586.4MB, cuda_alloc=360.6MB, cuda_reserved=37716.0MB, cuda_peak_alloc=7062.4MB, cuda_free=10251.8MB, cuda_total=48519.1MB
[2026-06-11 17:55:57] Epoch 04 train batch [680/1875] loss=0.5173 avg_loss=0.6908. Resources: rss=2110.4MB, peak_rss=2586.4MB, cuda_alloc=360.6MB, cuda_reserved=37716.0MB, cuda_peak_alloc=7062.4MB, cuda_free=10251.8MB, cuda_total=48519.1MB
[2026-06-11 17:56:01] Epoch 04 train batch [700/1875] loss=0.8733 avg_loss=0.6908. Resources: rss=2110.2MB, peak_rss=2586.4MB, cuda_alloc=360.6MB, cuda_reserved=37716.0MB, cuda_peak_alloc=7062.4MB, cuda_free=10251.8MB, cuda_total=48519.1MB
[2026-06-11 17:56:05] Epoch 04 train batch [720/1875] loss=0.5606 avg_loss=0.6873. Resources: rss=2110.3MB, peak_rss=2586.4MB, cuda_alloc=360.6MB, cuda_reserved=37716.0MB, cuda_peak_alloc=7062.4MB, cuda_free=10251.8MB, cuda_total=48519.1MB
[2026-06-11 17:56:10] Epoch 04 train batch [740/1875] loss=0.7658 avg_loss=0.6866. Resources: rss=2110.7MB, peak_rss=2586.4MB, cuda_alloc=360.6MB, cuda_reserved=37716.0MB, cuda_peak_alloc=7062.4MB, cuda_free=10251.8MB, cuda_total=48519.1MB
[2026-06-11 17:56:14] Epoch 04 train batch [760/1875] loss=0.7021 avg_loss=0.6862. Resources: rss=2109.3MB, peak_rss=2586.4MB, cuda_alloc=360.6MB, cuda_reserved=37716.0MB, cuda_peak_alloc=7062.4MB, cuda_free=10251.8MB, cuda_total=48519.1MB
[2026-06-11 17:56:18] Epoch 04 train batch [780/1875] loss=0.6385 avg_loss=0.6856. Resources: rss=2111.6MB, peak_rss=2586.4MB, cuda_alloc=360.6MB, cuda_reserved=37716.0MB, cuda_peak_alloc=7062.4MB, cuda_free=10251.8MB, cuda_total=48519.1MB
[2026-06-11 17:56:22] Epoch 04 train batch [800/1875] loss=0.6422 avg_loss=0.6829. Resources: rss=2111.2MB, peak_rss=2586.4MB, cuda_alloc=360.6MB, cuda_reserved=37716.0MB, cuda_peak_alloc=7062.4MB, cuda_free=10251.8MB, cuda_total=48519.1MB
[2026-06-11 17:56:26] Epoch 04 train batch [820/1875] loss=0.7558 avg_loss=0.6831. Resources: rss=2111.4MB, peak_rss=2586.4MB, cuda_alloc=360.6MB, cuda_reserved=37716.0MB, cuda_peak_alloc=7062.4MB, cuda_free=10251.8MB, cuda_total=48519.1MB
[2026-06-11 17:56:31] Epoch 04 train batch [840/1875] loss=0.6662 avg_loss=0.6828. Resources: rss=2111.1MB, peak_rss=2586.4MB, cuda_alloc=360.6MB, cuda_reserved=39196.0MB, cuda_peak_alloc=7062.4MB, cuda_free=8771.8MB, cuda_total=48519.1MB
[2026-06-11 17:56:35] Epoch 04 train batch [860/1875] loss=0.7739 avg_loss=0.6813. Resources: rss=2110.7MB, peak_rss=2586.4MB, cuda_alloc=360.6MB, cuda_reserved=39196.0MB, cuda_peak_alloc=7063.0MB, cuda_free=8771.8MB, cuda_total=48519.1MB
[2026-06-11 17:56:39] Epoch 04 train batch [880/1875] loss=0.7903 avg_loss=0.6812. Resources: rss=2111.7MB, peak_rss=2586.4MB, cuda_alloc=360.6MB, cuda_reserved=40836.0MB, cuda_peak_alloc=7063.0MB, cuda_free=7131.8MB, cuda_total=48519.1MB
[2026-06-11 17:56:44] Epoch 04 train batch [900/1875] loss=0.5184 avg_loss=0.6799. Resources: rss=2110.9MB, peak_rss=2586.4MB, cuda_alloc=360.6MB, cuda_reserved=40836.0MB, cuda_peak_alloc=7063.0MB, cuda_free=7131.8MB, cuda_total=48519.1MB
[2026-06-11 17:56:48] Epoch 04 train batch [920/1875] loss=0.6128 avg_loss=0.6786. Resources: rss=2110.9MB, peak_rss=2586.4MB, cuda_alloc=360.6MB, cuda_reserved=40836.0MB, cuda_peak_alloc=7063.0MB, cuda_free=7131.8MB, cuda_total=48519.1MB
[2026-06-11 17:56:52] Epoch 04 train batch [940/1875] loss=0.5670 avg_loss=0.6781. Resources: rss=2111.4MB, peak_rss=2586.4MB, cuda_alloc=360.6MB, cuda_reserved=40836.0MB, cuda_peak_alloc=7063.0MB, cuda_free=7131.8MB, cuda_total=48519.1MB
[2026-06-11 17:56:56] Epoch 04 train batch [960/1875] loss=0.6221 avg_loss=0.6784. Resources: rss=2111.3MB, peak_rss=2586.4MB, cuda_alloc=360.6MB, cuda_reserved=40836.0MB, cuda_peak_alloc=7063.0MB, cuda_free=7131.8MB, cuda_total=48519.1MB
[2026-06-11 17:57:00] Epoch 04 train batch [980/1875] loss=0.2972 avg_loss=0.6773. Resources: rss=2110.6MB, peak_rss=2586.4MB, cuda_alloc=360.6MB, cuda_reserved=40836.0MB, cuda_peak_alloc=7063.0MB, cuda_free=7131.8MB, cuda_total=48519.1MB
[2026-06-11 17:57:04] Epoch 04 train batch [1000/1875] loss=0.6720 avg_loss=0.6762. Resources: rss=2110.8MB, peak_rss=2586.4MB, cuda_alloc=360.6MB, cuda_reserved=40836.0MB, cuda_peak_alloc=7063.0MB, cuda_free=7131.8MB, cuda_total=48519.1MB
[2026-06-11 17:57:09] Epoch 04 train batch [1020/1875] loss=0.5003 avg_loss=0.6760. Resources: rss=2111.3MB, peak_rss=2586.4MB, cuda_alloc=360.6MB, cuda_reserved=40836.0MB, cuda_peak_alloc=7063.0MB, cuda_free=7131.8MB, cuda_total=48519.1MB
[2026-06-11 17:57:13] Epoch 04 train batch [1040/1875] loss=0.5366 avg_loss=0.6752. Resources: rss=2110.9MB, peak_rss=2586.4MB, cuda_alloc=360.6MB, cuda_reserved=40836.0MB, cuda_peak_alloc=7063.0MB, cuda_free=7131.8MB, cuda_total=48519.1MB
[2026-06-11 17:57:17] Epoch 04 train batch [1060/1875] loss=0.5456 avg_loss=0.6742. Resources: rss=2110.9MB, peak_rss=2586.4MB, cuda_alloc=360.6MB, cuda_reserved=40836.0MB, cuda_peak_alloc=7063.0MB, cuda_free=7131.8MB, cuda_total=48519.1MB
[2026-06-11 17:57:22] Epoch 04 train batch [1080/1875] loss=0.5297 avg_loss=0.6732. Resources: rss=2111.2MB, peak_rss=2586.4MB, cuda_alloc=360.6MB, cuda_reserved=40836.0MB, cuda_peak_alloc=7063.0MB, cuda_free=7131.8MB, cuda_total=48519.1MB
[2026-06-11 17:57:26] Epoch 04 train batch [1100/1875] loss=0.6086 avg_loss=0.6732. Resources: rss=2110.8MB, peak_rss=2586.4MB, cuda_alloc=360.6MB, cuda_reserved=40836.0MB, cuda_peak_alloc=7063.0MB, cuda_free=7131.8MB, cuda_total=48519.1MB
[2026-06-11 17:57:30] Epoch 04 train batch [1120/1875] loss=0.5990 avg_loss=0.6729. Resources: rss=2109.4MB, peak_rss=2586.4MB, cuda_alloc=360.6MB, cuda_reserved=40836.0MB, cuda_peak_alloc=7063.0MB, cuda_free=7131.8MB, cuda_total=48519.1MB
[2026-06-11 17:57:34] Epoch 04 train batch [1140/1875] loss=0.4680 avg_loss=0.6718. Resources: rss=2110.4MB, peak_rss=2586.4MB, cuda_alloc=360.6MB, cuda_reserved=40836.0MB, cuda_peak_alloc=7063.0MB, cuda_free=7131.8MB, cuda_total=48519.1MB
[2026-06-11 17:57:38] Epoch 04 train batch [1160/1875] loss=0.5775 avg_loss=0.6732. Resources: rss=2110.8MB, peak_rss=2586.4MB, cuda_alloc=360.6MB, cuda_reserved=44256.0MB, cuda_peak_alloc=7063.0MB, cuda_free=3711.8MB, cuda_total=48519.1MB
[2026-06-11 17:57:42] Epoch 04 train batch [1180/1875] loss=0.7774 avg_loss=0.6730. Resources: rss=2112.1MB, peak_rss=2586.4MB, cuda_alloc=360.6MB, cuda_reserved=44256.0MB, cuda_peak_alloc=7063.0MB, cuda_free=3711.8MB, cuda_total=48519.1MB
[2026-06-11 17:57:47] Epoch 04 train batch [1200/1875] loss=0.5104 avg_loss=0.6724. Resources: rss=2113.0MB, peak_rss=2586.4MB, cuda_alloc=360.6MB, cuda_reserved=44256.0MB, cuda_peak_alloc=7063.0MB, cuda_free=3711.8MB, cuda_total=48519.1MB
[2026-06-11 17:57:51] Epoch 04 train batch [1220/1875] loss=0.4653 avg_loss=0.6720. Resources: rss=2113.5MB, peak_rss=2586.4MB, cuda_alloc=360.6MB, cuda_reserved=44256.0MB, cuda_peak_alloc=7063.0MB, cuda_free=3711.8MB, cuda_total=48519.1MB
[2026-06-11 17:57:55] Epoch 04 train batch [1240/1875] loss=1.3551 avg_loss=0.6716. Resources: rss=2115.4MB, peak_rss=2586.4MB, cuda_alloc=360.6MB, cuda_reserved=44256.0MB, cuda_peak_alloc=7063.0MB, cuda_free=3711.8MB, cuda_total=48519.1MB
[2026-06-11 17:57:59] Epoch 04 train batch [1260/1875] loss=0.8119 avg_loss=0.6736. Resources: rss=2115.3MB, peak_rss=2586.4MB, cuda_alloc=360.6MB, cuda_reserved=44256.0MB, cuda_peak_alloc=7063.0MB, cuda_free=3711.8MB, cuda_total=48519.1MB
[2026-06-11 17:58:04] Epoch 04 train batch [1280/1875] loss=0.5047 avg_loss=0.6747. Resources: rss=2114.6MB, peak_rss=2586.4MB, cuda_alloc=360.6MB, cuda_reserved=44256.0MB, cuda_peak_alloc=7063.0MB, cuda_free=3711.8MB, cuda_total=48519.1MB
[2026-06-11 17:58:08] Epoch 04 train batch [1300/1875] loss=0.8106 avg_loss=0.6741. Resources: rss=2115.2MB, peak_rss=2586.4MB, cuda_alloc=360.6MB, cuda_reserved=44256.0MB, cuda_peak_alloc=7063.0MB, cuda_free=3711.8MB, cuda_total=48519.1MB
[2026-06-11 17:58:12] Epoch 04 train batch [1320/1875] loss=0.4523 avg_loss=0.6732. Resources: rss=2115.3MB, peak_rss=2586.4MB, cuda_alloc=360.6MB, cuda_reserved=44256.0MB, cuda_peak_alloc=7063.0MB, cuda_free=3711.8MB, cuda_total=48519.1MB
[2026-06-11 17:58:16] Epoch 04 train batch [1340/1875] loss=0.5825 avg_loss=0.6732. Resources: rss=2114.8MB, peak_rss=2586.4MB, cuda_alloc=360.6MB, cuda_reserved=44256.0MB, cuda_peak_alloc=7063.0MB, cuda_free=3711.8MB, cuda_total=48519.1MB
[2026-06-11 17:58:21] Epoch 04 train batch [1360/1875] loss=0.7626 avg_loss=0.6729. Resources: rss=2115.5MB, peak_rss=2586.4MB, cuda_alloc=360.6MB, cuda_reserved=44256.0MB, cuda_peak_alloc=7063.0MB, cuda_free=3711.8MB, cuda_total=48519.1MB
[2026-06-11 17:58:25] Epoch 04 train batch [1380/1875] loss=0.6772 avg_loss=0.6740. Resources: rss=2115.3MB, peak_rss=2586.4MB, cuda_alloc=360.6MB, cuda_reserved=44256.0MB, cuda_peak_alloc=7063.0MB, cuda_free=3711.8MB, cuda_total=48519.1MB
[2026-06-11 17:58:29] Epoch 04 train batch [1400/1875] loss=0.7447 avg_loss=0.6734. Resources: rss=2114.7MB, peak_rss=2586.4MB, cuda_alloc=360.6MB, cuda_reserved=44256.0MB, cuda_peak_alloc=7063.0MB, cuda_free=3711.8MB, cuda_total=48519.1MB
[2026-06-11 17:58:33] Epoch 04 train batch [1420/1875] loss=0.7145 avg_loss=0.6723. Resources: rss=2117.0MB, peak_rss=2586.4MB, cuda_alloc=360.6MB, cuda_reserved=44256.0MB, cuda_peak_alloc=7063.0MB, cuda_free=3711.8MB, cuda_total=48519.1MB
[2026-06-11 17:58:37] Epoch 04 train batch [1440/1875] loss=0.3914 avg_loss=0.6711. Resources: rss=2116.7MB, peak_rss=2586.4MB, cuda_alloc=360.6MB, cuda_reserved=44256.0MB, cuda_peak_alloc=7063.0MB, cuda_free=3711.8MB, cuda_total=48519.1MB
[2026-06-11 17:58:41] Epoch 04 train batch [1460/1875] loss=0.5529 avg_loss=0.6702. Resources: rss=2116.8MB, peak_rss=2586.4MB, cuda_alloc=360.6MB, cuda_reserved=44256.0MB, cuda_peak_alloc=7063.0MB, cuda_free=3711.8MB, cuda_total=48519.1MB
[2026-06-11 17:58:45] Epoch 04 train batch [1480/1875] loss=0.5204 avg_loss=0.6699. Resources: rss=2119.2MB, peak_rss=2586.4MB, cuda_alloc=360.6MB, cuda_reserved=44256.0MB, cuda_peak_alloc=7063.0MB, cuda_free=3711.8MB, cuda_total=48519.1MB
[2026-06-11 17:58:50] Epoch 04 train batch [1500/1875] loss=0.6917 avg_loss=0.6697. Resources: rss=2119.6MB, peak_rss=2586.4MB, cuda_alloc=360.6MB, cuda_reserved=44256.0MB, cuda_peak_alloc=7063.0MB, cuda_free=3711.8MB, cuda_total=48519.1MB
[2026-06-11 17:58:54] Epoch 04 train batch [1520/1875] loss=0.5240 avg_loss=0.6700. Resources: rss=2119.0MB, peak_rss=2586.4MB, cuda_alloc=360.6MB, cuda_reserved=44258.0MB, cuda_peak_alloc=7063.0MB, cuda_free=3709.8MB, cuda_total=48519.1MB
[2026-06-11 17:58:58] Epoch 04 train batch [1540/1875] loss=0.7094 avg_loss=0.6716. Resources: rss=2118.9MB, peak_rss=2586.4MB, cuda_alloc=360.6MB, cuda_reserved=44258.0MB, cuda_peak_alloc=7063.0MB, cuda_free=3709.8MB, cuda_total=48519.1MB
[2026-06-11 17:59:03] Epoch 04 train batch [1560/1875] loss=0.5650 avg_loss=0.6708. Resources: rss=2118.8MB, peak_rss=2586.4MB, cuda_alloc=360.6MB, cuda_reserved=44258.0MB, cuda_peak_alloc=7063.0MB, cuda_free=3709.8MB, cuda_total=48519.1MB
[2026-06-11 17:59:07] Epoch 04 train batch [1580/1875] loss=0.7485 avg_loss=0.6731. Resources: rss=2119.1MB, peak_rss=2586.4MB, cuda_alloc=360.6MB, cuda_reserved=44258.0MB, cuda_peak_alloc=7063.0MB, cuda_free=3709.8MB, cuda_total=48519.1MB
[2026-06-11 17:59:11] Epoch 04 train batch [1600/1875] loss=1.0174 avg_loss=0.6738. Resources: rss=2119.1MB, peak_rss=2586.4MB, cuda_alloc=360.6MB, cuda_reserved=44258.0MB, cuda_peak_alloc=7063.0MB, cuda_free=3709.8MB, cuda_total=48519.1MB
[2026-06-11 17:59:15] Epoch 04 train batch [1620/1875] loss=0.7079 avg_loss=0.6816. Resources: rss=2118.9MB, peak_rss=2586.4MB, cuda_alloc=360.6MB, cuda_reserved=44258.0MB, cuda_peak_alloc=7063.0MB, cuda_free=3709.8MB, cuda_total=48519.1MB
[2026-06-11 17:59:20] Epoch 04 train batch [1640/1875] loss=0.9055 avg_loss=0.6811. Resources: rss=2118.9MB, peak_rss=2586.4MB, cuda_alloc=360.6MB, cuda_reserved=19416.0MB, cuda_peak_alloc=7063.0MB, cuda_free=28551.8MB, cuda_total=48519.1MB
[2026-06-11 17:59:26] Epoch 04 train batch [1660/1875] loss=0.5495 avg_loss=0.6804. Resources: rss=2119.7MB, peak_rss=2586.4MB, cuda_alloc=360.6MB, cuda_reserved=7016.0MB, cuda_peak_alloc=7063.0MB, cuda_free=40951.8MB, cuda_total=48519.1MB
[2026-06-11 17:59:31] Epoch 04 train batch [1680/1875] loss=0.5776 avg_loss=0.6800. Resources: rss=2120.0MB, peak_rss=2586.4MB, cuda_alloc=360.6MB, cuda_reserved=47056.0MB, cuda_peak_alloc=7063.0MB, cuda_free=911.8MB, cuda_total=48519.1MB
[2026-06-11 17:59:37] Epoch 04 train batch [1700/1875] loss=0.6745 avg_loss=0.6794. Resources: rss=2119.2MB, peak_rss=2586.4MB, cuda_alloc=360.6MB, cuda_reserved=22516.0MB, cuda_peak_alloc=7063.0MB, cuda_free=25451.8MB, cuda_total=48519.1MB
[2026-06-11 17:59:42] Epoch 04 train batch [1720/1875] loss=0.5304 avg_loss=0.6789. Resources: rss=2119.8MB, peak_rss=2586.4MB, cuda_alloc=360.6MB, cuda_reserved=30756.0MB, cuda_peak_alloc=7063.0MB, cuda_free=17211.8MB, cuda_total=48519.1MB
[2026-06-11 17:59:46] Epoch 04 train batch [1740/1875] loss=0.6517 avg_loss=0.6783. Resources: rss=2119.6MB, peak_rss=2586.4MB, cuda_alloc=360.6MB, cuda_reserved=33776.0MB, cuda_peak_alloc=7063.0MB, cuda_free=14191.8MB, cuda_total=48519.1MB
[2026-06-11 17:59:52] Epoch 04 train batch [1760/1875] loss=0.7937 avg_loss=0.6781. Resources: rss=2119.8MB, peak_rss=2586.4MB, cuda_alloc=360.6MB, cuda_reserved=8156.0MB, cuda_peak_alloc=7063.0MB, cuda_free=39811.8MB, cuda_total=48519.1MB
[2026-06-11 17:59:56] Epoch 04 train batch [1780/1875] loss=0.4358 avg_loss=0.6780. Resources: rss=2120.2MB, peak_rss=2586.4MB, cuda_alloc=360.6MB, cuda_reserved=27636.0MB, cuda_peak_alloc=7063.0MB, cuda_free=20331.8MB, cuda_total=48519.1MB
[2026-06-11 18:00:00] Epoch 04 train batch [1800/1875] loss=0.5364 avg_loss=0.6777. Resources: rss=2120.0MB, peak_rss=2586.4MB, cuda_alloc=360.6MB, cuda_reserved=37818.0MB, cuda_peak_alloc=7063.0MB, cuda_free=10149.8MB, cuda_total=48519.1MB
[2026-06-11 18:00:04] Epoch 04 train batch [1820/1875] loss=0.8236 avg_loss=0.6772. Resources: rss=2120.6MB, peak_rss=2586.4MB, cuda_alloc=360.6MB, cuda_reserved=39018.0MB, cuda_peak_alloc=7063.0MB, cuda_free=8949.8MB, cuda_total=48519.1MB
[2026-06-11 18:00:09] Epoch 04 train batch [1840/1875] loss=0.6355 avg_loss=0.6764. Resources: rss=2119.3MB, peak_rss=2586.4MB, cuda_alloc=360.6MB, cuda_reserved=39018.0MB, cuda_peak_alloc=7063.0MB, cuda_free=8949.8MB, cuda_total=48519.1MB
[2026-06-11 18:00:13] Epoch 04 train batch [1860/1875] loss=0.4598 avg_loss=0.6758. Resources: rss=2119.9MB, peak_rss=2586.4MB, cuda_alloc=360.6MB, cuda_reserved=39258.0MB, cuda_peak_alloc=7063.0MB, cuda_free=8709.8MB, cuda_total=48519.1MB
[2026-06-11 18:00:17] Epoch 04 train batch [1875/1875] loss=0.7207 avg_loss=0.6764. Resources: rss=2119.0MB, peak_rss=2586.4MB, cuda_alloc=360.6MB, cuda_reserved=12536.0MB, cuda_peak_alloc=7063.0MB, cuda_free=35431.8MB, cuda_total=48519.1MB
[2026-06-11 18:00:17] Epoch 04 training completed. Resources: rss=2110.8MB, peak_rss=2586.4MB, cuda_alloc=360.6MB, cuda_reserved=12536.0MB, cuda_peak_alloc=7063.0MB, cuda_free=35431.8MB, cuda_total=48519.1MB
[2026-06-11 18:00:17] Epoch 04 cache released before validation loss. Resources: rss=2110.1MB, peak_rss=2586.4MB, cuda_alloc=360.6MB, cuda_reserved=500.0MB, cuda_peak_alloc=360.6MB, cuda_free=47467.8MB, cuda_total=48519.1MB
[2026-06-11 18:00:48] Epoch 04 validation loss completed: 0.6276. Resources: rss=2109.7MB, peak_rss=2586.4MB, cuda_alloc=360.6MB, cuda_reserved=10746.0MB, cuda_peak_alloc=2034.0MB, cuda_free=37221.8MB, cuda_total=48519.1MB
[2026-06-11 18:00:48] Epoch 04 cache released before detection metrics. Resources: rss=2107.8MB, peak_rss=2586.4MB, cuda_alloc=360.6MB, cuda_reserved=500.0MB, cuda_peak_alloc=360.6MB, cuda_free=47467.8MB, cuda_total=48519.1MB
[2026-06-11 18:01:21] Epoch 04 prediction tensors moved to CPU. Computing metrics. Resources: rss=2102.2MB, peak_rss=2586.4MB, cuda_alloc=360.6MB, cuda_reserved=500.0MB, cuda_peak_alloc=360.6MB, cuda_free=47467.8MB, cuda_total=48519.1MB
[2026-06-11 18:01:21] Epoch 04 metrics computed (mAP@0.5 only). Saving artifacts. Resources: rss=2111.1MB, peak_rss=2586.4MB, cuda_alloc=360.6MB, cuda_reserved=500.0MB, cuda_peak_alloc=360.6MB, cuda_free=47467.8MB, cuda_total=48519.1MB
[2026-06-11 18:01:23] Epoch 04 improved mAP@0.5 to 0.4689. Saved best checkpoint: best_model-20260611-172946.pth. Resources: rss=2588.1MB, peak_rss=2588.1MB, cuda_alloc=360.6MB, cuda_reserved=500.0MB, cuda_peak_alloc=360.6MB, cuda_free=47467.8MB, cuda_total=48519.1MB
Epoch [04/50]
├── Train Loss : 0.6764
│   ├── loss_classifier  : 0.4028
│   ├── loss_box_reg     : 0.2736
│   ├── loss_objectness  : 0.0000
│   └── loss_rpn_box_reg : 0.0000
├── Val Loss   : 0.6276
├── mAP@0.5    : 0.4689
├── mAP@0.75   : n/a
├── mAP@0.5:0.95 : n/a
├── Precision  : 0.0261
├── Recall     : 0.9456
├── GT Boxes   : 2021
├── Predictions: 73309
├── Per-class AP
│   ├── person  : AP50=0.6508, AP75=n/a, AP50:95=n/a, P=0.0345, R=0.9637
│   ├── car     : AP50=0.5905, AP75=n/a, AP50:95=n/a, P=0.0267, R=0.9505
│   ├── dog     : AP50=0.5048, AP75=n/a, AP50:95=n/a, P=0.0192, R=0.9563
│   ├── cat     : AP50=0.2827, AP75=n/a, AP50:95=n/a, P=0.0246, R=0.9716
│   └── chair   : AP50=0.3158, AP75=n/a, AP50:95=n/a, P=0.0149, R=0.8475
├── LR         : 0.000999
└── Time       : 474.9s
[2026-06-11 18:01:23] Epoch [04/50] completed. Resources: rss=2103.5MB, peak_rss=2588.1MB, cuda_alloc=360.6MB, cuda_reserved=500.0MB, cuda_peak_alloc=360.6MB, cuda_free=47467.8MB, cuda_total=48519.1MB
[2026-06-11 18:01:23] Epoch [05/50] started. Resources: rss=2103.5MB, peak_rss=2588.1MB, cuda_alloc=360.6MB, cuda_reserved=500.0MB, cuda_peak_alloc=360.6MB, cuda_free=47467.8MB, cuda_total=48519.1MB
[2026-06-11 18:01:29] Epoch 05 train batch [20/1875] loss=0.6261 avg_loss=0.5857. Resources: rss=2114.6MB, peak_rss=2588.1MB, cuda_alloc=360.6MB, cuda_reserved=44256.0MB, cuda_peak_alloc=6500.4MB, cuda_free=3711.8MB, cuda_total=48519.1MB
[2026-06-11 18:01:34] Epoch 05 train batch [40/1875] loss=0.4922 avg_loss=0.6857. Resources: rss=2113.2MB, peak_rss=2588.1MB, cuda_alloc=360.6MB, cuda_reserved=30816.0MB, cuda_peak_alloc=7061.8MB, cuda_free=17151.8MB, cuda_total=48519.1MB
[2026-06-11 18:01:39] Epoch 05 train batch [60/1875] loss=0.8442 avg_loss=0.6673. Resources: rss=2113.7MB, peak_rss=2588.1MB, cuda_alloc=360.6MB, cuda_reserved=39296.0MB, cuda_peak_alloc=7061.8MB, cuda_free=8671.8MB, cuda_total=48519.1MB
[2026-06-11 18:01:43] Epoch 05 train batch [80/1875] loss=0.7511 avg_loss=0.6606. Resources: rss=2113.9MB, peak_rss=2588.1MB, cuda_alloc=360.6MB, cuda_reserved=39296.0MB, cuda_peak_alloc=7061.9MB, cuda_free=8671.8MB, cuda_total=48519.1MB
[2026-06-11 18:01:47] Epoch 05 train batch [100/1875] loss=0.6791 avg_loss=0.6553. Resources: rss=2114.4MB, peak_rss=2588.1MB, cuda_alloc=360.6MB, cuda_reserved=39296.0MB, cuda_peak_alloc=7061.9MB, cuda_free=8671.8MB, cuda_total=48519.1MB
[2026-06-11 18:01:51] Epoch 05 train batch [120/1875] loss=0.5801 avg_loss=0.6437. Resources: rss=2114.3MB, peak_rss=2588.1MB, cuda_alloc=360.6MB, cuda_reserved=39296.0MB, cuda_peak_alloc=7061.9MB, cuda_free=8671.8MB, cuda_total=48519.1MB
[2026-06-11 18:01:55] Epoch 05 train batch [140/1875] loss=0.5857 avg_loss=0.6346. Resources: rss=2113.9MB, peak_rss=2588.1MB, cuda_alloc=360.6MB, cuda_reserved=39296.0MB, cuda_peak_alloc=7063.0MB, cuda_free=8671.8MB, cuda_total=48519.1MB
[2026-06-11 18:02:00] Epoch 05 train batch [160/1875] loss=0.7578 avg_loss=0.6293. Resources: rss=2113.9MB, peak_rss=2588.1MB, cuda_alloc=360.6MB, cuda_reserved=39296.0MB, cuda_peak_alloc=7063.0MB, cuda_free=8671.8MB, cuda_total=48519.1MB
[2026-06-11 18:02:04] Epoch 05 train batch [180/1875] loss=0.8124 avg_loss=0.6265. Resources: rss=2115.6MB, peak_rss=2588.1MB, cuda_alloc=360.6MB, cuda_reserved=39296.0MB, cuda_peak_alloc=7063.0MB, cuda_free=8671.8MB, cuda_total=48519.1MB
[2026-06-11 18:02:07] Epoch 05 train batch [200/1875] loss=0.7305 avg_loss=0.6222. Resources: rss=2114.1MB, peak_rss=2588.1MB, cuda_alloc=360.6MB, cuda_reserved=39296.0MB, cuda_peak_alloc=7063.0MB, cuda_free=8671.8MB, cuda_total=48519.1MB
[2026-06-11 18:02:12] Epoch 05 train batch [220/1875] loss=0.5924 avg_loss=0.6232. Resources: rss=2114.6MB, peak_rss=2588.1MB, cuda_alloc=360.6MB, cuda_reserved=39296.0MB, cuda_peak_alloc=7063.0MB, cuda_free=8671.8MB, cuda_total=48519.1MB
[2026-06-11 18:02:16] Epoch 05 train batch [240/1875] loss=0.6415 avg_loss=0.6234. Resources: rss=2114.8MB, peak_rss=2588.1MB, cuda_alloc=360.6MB, cuda_reserved=39296.0MB, cuda_peak_alloc=7063.0MB, cuda_free=8671.8MB, cuda_total=48519.1MB
[2026-06-11 18:02:20] Epoch 05 train batch [260/1875] loss=0.4715 avg_loss=0.6160. Resources: rss=2114.8MB, peak_rss=2588.1MB, cuda_alloc=360.6MB, cuda_reserved=39296.0MB, cuda_peak_alloc=7063.0MB, cuda_free=8671.8MB, cuda_total=48519.1MB
[2026-06-11 18:02:24] Epoch 05 train batch [280/1875] loss=0.8231 avg_loss=0.6137. Resources: rss=2114.8MB, peak_rss=2588.1MB, cuda_alloc=360.6MB, cuda_reserved=39296.0MB, cuda_peak_alloc=7063.0MB, cuda_free=8671.8MB, cuda_total=48519.1MB
[2026-06-11 18:02:28] Epoch 05 train batch [300/1875] loss=0.4429 avg_loss=0.6076. Resources: rss=2115.1MB, peak_rss=2588.1MB, cuda_alloc=360.6MB, cuda_reserved=41856.0MB, cuda_peak_alloc=7063.0MB, cuda_free=6111.8MB, cuda_total=48519.1MB
[2026-06-11 18:02:32] Epoch 05 train batch [320/1875] loss=0.6755 avg_loss=0.6069. Resources: rss=2116.5MB, peak_rss=2588.1MB, cuda_alloc=360.6MB, cuda_reserved=41856.0MB, cuda_peak_alloc=7063.0MB, cuda_free=6111.8MB, cuda_total=48519.1MB
[2026-06-11 18:02:36] Epoch 05 train batch [340/1875] loss=0.6333 avg_loss=0.6062. Resources: rss=2117.9MB, peak_rss=2588.1MB, cuda_alloc=360.6MB, cuda_reserved=41856.0MB, cuda_peak_alloc=7063.0MB, cuda_free=6111.8MB, cuda_total=48519.1MB
[2026-06-11 18:02:41] Epoch 05 train batch [360/1875] loss=0.6590 avg_loss=0.6055. Resources: rss=2117.0MB, peak_rss=2588.1MB, cuda_alloc=360.6MB, cuda_reserved=41856.0MB, cuda_peak_alloc=7063.0MB, cuda_free=6111.8MB, cuda_total=48519.1MB
[2026-06-11 18:02:45] Epoch 05 train batch [380/1875] loss=0.6152 avg_loss=0.6018. Resources: rss=2116.4MB, peak_rss=2588.1MB, cuda_alloc=360.6MB, cuda_reserved=41856.0MB, cuda_peak_alloc=7063.0MB, cuda_free=6111.8MB, cuda_total=48519.1MB
[2026-06-11 18:02:49] Epoch 05 train batch [400/1875] loss=0.3662 avg_loss=0.6000. Resources: rss=2116.4MB, peak_rss=2588.1MB, cuda_alloc=360.6MB, cuda_reserved=41856.0MB, cuda_peak_alloc=7063.0MB, cuda_free=6111.8MB, cuda_total=48519.1MB
[2026-06-11 18:02:53] Epoch 05 train batch [420/1875] loss=0.6117 avg_loss=0.5979. Resources: rss=2117.1MB, peak_rss=2588.1MB, cuda_alloc=360.6MB, cuda_reserved=41856.0MB, cuda_peak_alloc=7063.0MB, cuda_free=6111.8MB, cuda_total=48519.1MB
[2026-06-11 18:02:57] Epoch 05 train batch [440/1875] loss=0.6440 avg_loss=0.5982. Resources: rss=2117.2MB, peak_rss=2588.1MB, cuda_alloc=360.6MB, cuda_reserved=47396.0MB, cuda_peak_alloc=7063.0MB, cuda_free=571.8MB, cuda_total=48519.1MB
[2026-06-11 18:03:01] Epoch 05 train batch [460/1875] loss=0.5993 avg_loss=0.5994. Resources: rss=2117.7MB, peak_rss=2588.1MB, cuda_alloc=360.6MB, cuda_reserved=47396.0MB, cuda_peak_alloc=7063.0MB, cuda_free=571.8MB, cuda_total=48519.1MB
[2026-06-11 18:03:06] Epoch 05 train batch [480/1875] loss=0.4789 avg_loss=0.5957. Resources: rss=2119.9MB, peak_rss=2588.1MB, cuda_alloc=360.6MB, cuda_reserved=47396.0MB, cuda_peak_alloc=7063.0MB, cuda_free=571.8MB, cuda_total=48519.1MB
[2026-06-11 18:03:11] Epoch 05 train batch [500/1875] loss=0.6115 avg_loss=0.5953. Resources: rss=2120.3MB, peak_rss=2588.1MB, cuda_alloc=360.6MB, cuda_reserved=6556.0MB, cuda_peak_alloc=7063.0MB, cuda_free=41411.8MB, cuda_total=48519.1MB
[2026-06-11 18:03:15] Epoch 05 train batch [520/1875] loss=0.3322 avg_loss=0.5941. Resources: rss=2119.9MB, peak_rss=2588.1MB, cuda_alloc=360.6MB, cuda_reserved=32876.0MB, cuda_peak_alloc=7063.0MB, cuda_free=15091.8MB, cuda_total=48519.1MB
[2026-06-11 18:03:20] Epoch 05 train batch [540/1875] loss=0.4178 avg_loss=0.5924. Resources: rss=2119.8MB, peak_rss=2588.1MB, cuda_alloc=360.6MB, cuda_reserved=32876.0MB, cuda_peak_alloc=7063.0MB, cuda_free=15091.8MB, cuda_total=48519.1MB
[2026-06-11 18:03:25] Epoch 05 train batch [560/1875] loss=0.3282 avg_loss=0.5910. Resources: rss=2119.9MB, peak_rss=2588.1MB, cuda_alloc=360.6MB, cuda_reserved=29856.0MB, cuda_peak_alloc=7063.0MB, cuda_free=18111.8MB, cuda_total=48519.1MB
[2026-06-11 18:03:30] Epoch 05 train batch [580/1875] loss=0.5439 avg_loss=0.5893. Resources: rss=2118.9MB, peak_rss=2588.1MB, cuda_alloc=360.6MB, cuda_reserved=24716.0MB, cuda_peak_alloc=7063.0MB, cuda_free=23251.8MB, cuda_total=48519.1MB
[2026-06-11 18:03:35] Epoch 05 train batch [600/1875] loss=0.5176 avg_loss=0.5870. Resources: rss=2120.7MB, peak_rss=2588.1MB, cuda_alloc=360.6MB, cuda_reserved=12996.0MB, cuda_peak_alloc=7063.0MB, cuda_free=34971.8MB, cuda_total=48519.1MB
[2026-06-11 18:03:40] Epoch 05 train batch [620/1875] loss=0.2820 avg_loss=0.5846. Resources: rss=2119.4MB, peak_rss=2588.1MB, cuda_alloc=360.6MB, cuda_reserved=40296.0MB, cuda_peak_alloc=7063.0MB, cuda_free=7671.8MB, cuda_total=48519.1MB
[2026-06-11 18:03:45] Epoch 05 train batch [640/1875] loss=0.6756 avg_loss=0.5830. Resources: rss=2119.8MB, peak_rss=2588.1MB, cuda_alloc=360.6MB, cuda_reserved=31356.0MB, cuda_peak_alloc=7063.0MB, cuda_free=16611.8MB, cuda_total=48519.1MB
[2026-06-11 18:03:49] Epoch 05 train batch [660/1875] loss=0.7484 avg_loss=0.5825. Resources: rss=2119.6MB, peak_rss=2588.1MB, cuda_alloc=360.6MB, cuda_reserved=31356.0MB, cuda_peak_alloc=7063.0MB, cuda_free=16611.8MB, cuda_total=48519.1MB
[2026-06-11 18:03:53] Epoch 05 train batch [680/1875] loss=0.4991 avg_loss=0.5825. Resources: rss=2120.1MB, peak_rss=2588.1MB, cuda_alloc=360.6MB, cuda_reserved=31356.0MB, cuda_peak_alloc=7063.0MB, cuda_free=16611.8MB, cuda_total=48519.1MB
[2026-06-11 18:03:57] Epoch 05 train batch [700/1875] loss=0.3195 avg_loss=0.5830. Resources: rss=2118.4MB, peak_rss=2588.1MB, cuda_alloc=360.6MB, cuda_reserved=34976.0MB, cuda_peak_alloc=7063.0MB, cuda_free=12991.8MB, cuda_total=48519.1MB
[2026-06-11 18:04:02] Epoch 05 train batch [720/1875] loss=0.7513 avg_loss=0.5828. Resources: rss=2120.1MB, peak_rss=2588.1MB, cuda_alloc=360.6MB, cuda_reserved=36416.0MB, cuda_peak_alloc=7063.0MB, cuda_free=11551.8MB, cuda_total=48519.1MB
[2026-06-11 18:04:06] Epoch 05 train batch [740/1875] loss=0.5772 avg_loss=0.5827. Resources: rss=2119.5MB, peak_rss=2588.1MB, cuda_alloc=360.6MB, cuda_reserved=36416.0MB, cuda_peak_alloc=7063.0MB, cuda_free=11551.8MB, cuda_total=48519.1MB
[2026-06-11 18:04:10] Epoch 05 train batch [760/1875] loss=0.6265 avg_loss=0.5820. Resources: rss=2120.0MB, peak_rss=2588.1MB, cuda_alloc=360.6MB, cuda_reserved=36416.0MB, cuda_peak_alloc=7063.0MB, cuda_free=11551.8MB, cuda_total=48519.1MB
[2026-06-11 18:04:15] Epoch 05 train batch [780/1875] loss=0.4196 avg_loss=0.5825. Resources: rss=2120.0MB, peak_rss=2588.1MB, cuda_alloc=360.6MB, cuda_reserved=36416.0MB, cuda_peak_alloc=7063.0MB, cuda_free=11551.8MB, cuda_total=48519.1MB
[2026-06-11 18:04:19] Epoch 05 train batch [800/1875] loss=0.6081 avg_loss=0.5832. Resources: rss=2119.5MB, peak_rss=2588.1MB, cuda_alloc=360.6MB, cuda_reserved=36416.0MB, cuda_peak_alloc=7063.0MB, cuda_free=11551.8MB, cuda_total=48519.1MB
[2026-06-11 18:04:23] Epoch 05 train batch [820/1875] loss=0.6316 avg_loss=0.5823. Resources: rss=2118.6MB, peak_rss=2588.1MB, cuda_alloc=360.6MB, cuda_reserved=42436.0MB, cuda_peak_alloc=7063.0MB, cuda_free=5531.8MB, cuda_total=48519.1MB
[2026-06-11 18:04:27] Epoch 05 train batch [840/1875] loss=0.4186 avg_loss=0.5845. Resources: rss=2118.3MB, peak_rss=2588.1MB, cuda_alloc=360.6MB, cuda_reserved=42436.0MB, cuda_peak_alloc=7063.0MB, cuda_free=5531.8MB, cuda_total=48519.1MB
[2026-06-11 18:04:31] Epoch 05 train batch [860/1875] loss=0.4951 avg_loss=0.5872. Resources: rss=2118.7MB, peak_rss=2588.1MB, cuda_alloc=360.6MB, cuda_reserved=42436.0MB, cuda_peak_alloc=7063.0MB, cuda_free=5531.8MB, cuda_total=48519.1MB
[2026-06-11 18:04:36] Epoch 05 train batch [880/1875] loss=0.4377 avg_loss=0.5876. Resources: rss=2118.8MB, peak_rss=2588.1MB, cuda_alloc=360.6MB, cuda_reserved=42436.0MB, cuda_peak_alloc=7063.0MB, cuda_free=5531.8MB, cuda_total=48519.1MB
[2026-06-11 18:04:40] Epoch 05 train batch [900/1875] loss=0.5539 avg_loss=0.5855. Resources: rss=2118.9MB, peak_rss=2588.1MB, cuda_alloc=360.6MB, cuda_reserved=42436.0MB, cuda_peak_alloc=7063.0MB, cuda_free=5531.8MB, cuda_total=48519.1MB
[2026-06-11 18:04:44] Epoch 05 train batch [920/1875] loss=0.8623 avg_loss=0.5853. Resources: rss=2120.3MB, peak_rss=2588.1MB, cuda_alloc=360.6MB, cuda_reserved=42436.0MB, cuda_peak_alloc=7063.0MB, cuda_free=5531.8MB, cuda_total=48519.1MB
[2026-06-11 18:04:48] Epoch 05 train batch [940/1875] loss=0.6393 avg_loss=0.5854. Resources: rss=2120.1MB, peak_rss=2588.1MB, cuda_alloc=360.6MB, cuda_reserved=42436.0MB, cuda_peak_alloc=7063.0MB, cuda_free=5531.8MB, cuda_total=48519.1MB
[2026-06-11 18:04:53] Epoch 05 train batch [960/1875] loss=0.5699 avg_loss=0.5863. Resources: rss=2120.8MB, peak_rss=2588.1MB, cuda_alloc=360.6MB, cuda_reserved=42436.0MB, cuda_peak_alloc=7063.0MB, cuda_free=5531.8MB, cuda_total=48519.1MB
[2026-06-11 18:04:58] Epoch 05 train batch [980/1875] loss=0.4146 avg_loss=0.5855. Resources: rss=2121.1MB, peak_rss=2588.1MB, cuda_alloc=360.6MB, cuda_reserved=24396.0MB, cuda_peak_alloc=7063.0MB, cuda_free=23571.8MB, cuda_total=48519.1MB
[2026-06-11 18:05:02] Epoch 05 train batch [1000/1875] loss=0.4028 avg_loss=0.5842. Resources: rss=2121.3MB, peak_rss=2588.1MB, cuda_alloc=360.6MB, cuda_reserved=24836.0MB, cuda_peak_alloc=7063.0MB, cuda_free=23131.8MB, cuda_total=48519.1MB
[2026-06-11 18:05:06] Epoch 05 train batch [1020/1875] loss=0.5924 avg_loss=0.5847. Resources: rss=2121.2MB, peak_rss=2588.1MB, cuda_alloc=360.6MB, cuda_reserved=39676.0MB, cuda_peak_alloc=7063.0MB, cuda_free=8291.8MB, cuda_total=48519.1MB
[2026-06-11 18:05:10] Epoch 05 train batch [1040/1875] loss=0.5399 avg_loss=0.5841. Resources: rss=2121.2MB, peak_rss=2588.1MB, cuda_alloc=360.6MB, cuda_reserved=39676.0MB, cuda_peak_alloc=7063.0MB, cuda_free=8291.8MB, cuda_total=48519.1MB
[2026-06-11 18:05:15] Epoch 05 train batch [1060/1875] loss=0.5446 avg_loss=0.5838. Resources: rss=2120.8MB, peak_rss=2588.1MB, cuda_alloc=360.6MB, cuda_reserved=45976.0MB, cuda_peak_alloc=7063.0MB, cuda_free=1991.8MB, cuda_total=48519.1MB
[2026-06-11 18:05:19] Epoch 05 train batch [1080/1875] loss=0.4733 avg_loss=0.5833. Resources: rss=2120.3MB, peak_rss=2588.1MB, cuda_alloc=360.6MB, cuda_reserved=45976.0MB, cuda_peak_alloc=7063.0MB, cuda_free=1991.8MB, cuda_total=48519.1MB
[2026-06-11 18:05:24] Epoch 05 train batch [1100/1875] loss=0.5306 avg_loss=0.5833. Resources: rss=2121.1MB, peak_rss=2588.1MB, cuda_alloc=360.6MB, cuda_reserved=23876.0MB, cuda_peak_alloc=7063.0MB, cuda_free=24091.8MB, cuda_total=48519.1MB
[2026-06-11 18:05:28] Epoch 05 train batch [1120/1875] loss=0.9473 avg_loss=0.5829. Resources: rss=2121.6MB, peak_rss=2588.1MB, cuda_alloc=360.6MB, cuda_reserved=30396.0MB, cuda_peak_alloc=7063.0MB, cuda_free=17571.8MB, cuda_total=48519.1MB
[2026-06-11 18:05:33] Epoch 05 train batch [1140/1875] loss=0.7155 avg_loss=0.5815. Resources: rss=2123.6MB, peak_rss=2588.1MB, cuda_alloc=360.6MB, cuda_reserved=43436.0MB, cuda_peak_alloc=7063.0MB, cuda_free=4531.8MB, cuda_total=48519.1MB
[2026-06-11 18:05:37] Epoch 05 train batch [1160/1875] loss=0.6959 avg_loss=0.5815. Resources: rss=2122.6MB, peak_rss=2588.1MB, cuda_alloc=360.6MB, cuda_reserved=43436.0MB, cuda_peak_alloc=7063.0MB, cuda_free=4531.8MB, cuda_total=48519.1MB
[2026-06-11 18:05:41] Epoch 05 train batch [1180/1875] loss=0.6280 avg_loss=0.5814. Resources: rss=2122.7MB, peak_rss=2588.1MB, cuda_alloc=360.6MB, cuda_reserved=43876.0MB, cuda_peak_alloc=7063.0MB, cuda_free=4091.8MB, cuda_total=48519.1MB
[2026-06-11 18:05:46] Epoch 05 train batch [1200/1875] loss=0.7098 avg_loss=0.5813. Resources: rss=2123.8MB, peak_rss=2588.1MB, cuda_alloc=360.6MB, cuda_reserved=34436.0MB, cuda_peak_alloc=7063.0MB, cuda_free=13531.8MB, cuda_total=48519.1MB
[2026-06-11 18:05:50] Epoch 05 train batch [1220/1875] loss=0.5291 avg_loss=0.5817. Resources: rss=2123.2MB, peak_rss=2588.1MB, cuda_alloc=360.6MB, cuda_reserved=35716.0MB, cuda_peak_alloc=7063.0MB, cuda_free=12251.8MB, cuda_total=48519.1MB
[2026-06-11 18:05:55] Epoch 05 train batch [1240/1875] loss=0.7138 avg_loss=0.5823. Resources: rss=2123.7MB, peak_rss=2588.1MB, cuda_alloc=351.4MB, cuda_reserved=35716.0MB, cuda_peak_alloc=7063.0MB, cuda_free=12251.8MB, cuda_total=48519.1MB
[2026-06-11 18:05:59] Epoch 05 train batch [1260/1875] loss=0.5031 avg_loss=0.5829. Resources: rss=2122.8MB, peak_rss=2588.1MB, cuda_alloc=360.6MB, cuda_reserved=35716.0MB, cuda_peak_alloc=7063.0MB, cuda_free=12251.8MB, cuda_total=48519.1MB
[2026-06-11 18:06:03] Epoch 05 train batch [1280/1875] loss=0.6802 avg_loss=0.5821. Resources: rss=2123.5MB, peak_rss=2588.1MB, cuda_alloc=360.6MB, cuda_reserved=35716.0MB, cuda_peak_alloc=7063.0MB, cuda_free=12251.8MB, cuda_total=48519.1MB
[2026-06-11 18:06:07] Epoch 05 train batch [1300/1875] loss=0.6082 avg_loss=0.5811. Resources: rss=2124.4MB, peak_rss=2588.1MB, cuda_alloc=360.6MB, cuda_reserved=35716.0MB, cuda_peak_alloc=7063.0MB, cuda_free=12251.8MB, cuda_total=48519.1MB
[2026-06-11 18:06:12] Epoch 05 train batch [1320/1875] loss=0.4651 avg_loss=0.5796. Resources: rss=2123.6MB, peak_rss=2588.1MB, cuda_alloc=360.6MB, cuda_reserved=43256.0MB, cuda_peak_alloc=7063.0MB, cuda_free=4711.8MB, cuda_total=48519.1MB
[2026-06-11 18:06:16] Epoch 05 train batch [1340/1875] loss=0.7135 avg_loss=0.5806. Resources: rss=2124.9MB, peak_rss=2588.1MB, cuda_alloc=360.6MB, cuda_reserved=43256.0MB, cuda_peak_alloc=7063.0MB, cuda_free=4711.8MB, cuda_total=48519.1MB
[2026-06-11 18:06:20] Epoch 05 train batch [1360/1875] loss=0.3847 avg_loss=0.5793. Resources: rss=2125.1MB, peak_rss=2588.1MB, cuda_alloc=360.6MB, cuda_reserved=43256.0MB, cuda_peak_alloc=7063.0MB, cuda_free=4711.8MB, cuda_total=48519.1MB
[2026-06-11 18:06:25] Epoch 05 train batch [1380/1875] loss=0.4560 avg_loss=0.5791. Resources: rss=2124.5MB, peak_rss=2588.1MB, cuda_alloc=360.6MB, cuda_reserved=43256.0MB, cuda_peak_alloc=7063.0MB, cuda_free=4711.8MB, cuda_total=48519.1MB
[2026-06-11 18:06:30] Epoch 05 train batch [1400/1875] loss=0.5931 avg_loss=0.5784. Resources: rss=2125.8MB, peak_rss=2588.1MB, cuda_alloc=360.6MB, cuda_reserved=40336.0MB, cuda_peak_alloc=7063.0MB, cuda_free=7631.8MB, cuda_total=48519.1MB
[2026-06-11 18:06:34] Epoch 05 train batch [1420/1875] loss=0.7115 avg_loss=0.5781. Resources: rss=2125.0MB, peak_rss=2588.1MB, cuda_alloc=360.6MB, cuda_reserved=40336.0MB, cuda_peak_alloc=7063.0MB, cuda_free=7631.8MB, cuda_total=48519.1MB
[2026-06-11 18:06:39] Epoch 05 train batch [1440/1875] loss=0.4595 avg_loss=0.5778. Resources: rss=2126.2MB, peak_rss=2588.1MB, cuda_alloc=360.6MB, cuda_reserved=40336.0MB, cuda_peak_alloc=7063.0MB, cuda_free=7631.8MB, cuda_total=48519.1MB
[2026-06-11 18:06:43] Epoch 05 train batch [1460/1875] loss=0.5982 avg_loss=0.5775. Resources: rss=2124.3MB, peak_rss=2588.1MB, cuda_alloc=360.6MB, cuda_reserved=40336.0MB, cuda_peak_alloc=7063.0MB, cuda_free=7631.8MB, cuda_total=48519.1MB
[2026-06-11 18:06:47] Epoch 05 train batch [1480/1875] loss=0.4614 avg_loss=0.5769. Resources: rss=2127.2MB, peak_rss=2588.1MB, cuda_alloc=360.6MB, cuda_reserved=40336.0MB, cuda_peak_alloc=7063.0MB, cuda_free=7631.8MB, cuda_total=48519.1MB
[2026-06-11 18:06:51] Epoch 05 train batch [1500/1875] loss=0.5389 avg_loss=0.5764. Resources: rss=2125.3MB, peak_rss=2588.1MB, cuda_alloc=360.6MB, cuda_reserved=40336.0MB, cuda_peak_alloc=7063.0MB, cuda_free=7631.8MB, cuda_total=48519.1MB
[2026-06-11 18:06:55] Epoch 05 train batch [1520/1875] loss=0.5492 avg_loss=0.5765. Resources: rss=2126.2MB, peak_rss=2588.1MB, cuda_alloc=360.6MB, cuda_reserved=40336.0MB, cuda_peak_alloc=7063.0MB, cuda_free=7631.8MB, cuda_total=48519.1MB
[2026-06-11 18:06:59] Epoch 05 train batch [1540/1875] loss=0.4983 avg_loss=0.5754. Resources: rss=2127.2MB, peak_rss=2588.1MB, cuda_alloc=360.6MB, cuda_reserved=40336.0MB, cuda_peak_alloc=7063.0MB, cuda_free=7631.8MB, cuda_total=48519.1MB
[2026-06-11 18:07:04] Epoch 05 train batch [1560/1875] loss=0.6028 avg_loss=0.5744. Resources: rss=2127.0MB, peak_rss=2588.1MB, cuda_alloc=360.6MB, cuda_reserved=40336.0MB, cuda_peak_alloc=7063.0MB, cuda_free=7631.8MB, cuda_total=48519.1MB
[2026-06-11 18:07:08] Epoch 05 train batch [1580/1875] loss=0.4846 avg_loss=0.5735. Resources: rss=2127.3MB, peak_rss=2588.1MB, cuda_alloc=360.6MB, cuda_reserved=40336.0MB, cuda_peak_alloc=7063.0MB, cuda_free=7631.8MB, cuda_total=48519.1MB
[2026-06-11 18:07:12] Epoch 05 train batch [1600/1875] loss=0.5747 avg_loss=0.5731. Resources: rss=2127.8MB, peak_rss=2588.1MB, cuda_alloc=360.6MB, cuda_reserved=40336.0MB, cuda_peak_alloc=7063.0MB, cuda_free=7631.8MB, cuda_total=48519.1MB
[2026-06-11 18:07:17] Epoch 05 train batch [1620/1875] loss=0.7004 avg_loss=0.5733. Resources: rss=2128.7MB, peak_rss=2588.1MB, cuda_alloc=360.6MB, cuda_reserved=40336.0MB, cuda_peak_alloc=7063.0MB, cuda_free=7631.8MB, cuda_total=48519.1MB
[2026-06-11 18:07:21] Epoch 05 train batch [1640/1875] loss=0.5306 avg_loss=0.5726. Resources: rss=2129.5MB, peak_rss=2588.1MB, cuda_alloc=360.6MB, cuda_reserved=40336.0MB, cuda_peak_alloc=7063.0MB, cuda_free=7631.8MB, cuda_total=48519.1MB
[2026-06-11 18:07:25] Epoch 05 train batch [1660/1875] loss=0.6277 avg_loss=0.5727. Resources: rss=2128.6MB, peak_rss=2588.1MB, cuda_alloc=351.4MB, cuda_reserved=40336.0MB, cuda_peak_alloc=7063.0MB, cuda_free=7631.8MB, cuda_total=48519.1MB
[2026-06-11 18:07:29] Epoch 05 train batch [1680/1875] loss=0.4826 avg_loss=0.5725. Resources: rss=2128.1MB, peak_rss=2588.1MB, cuda_alloc=360.6MB, cuda_reserved=40336.0MB, cuda_peak_alloc=7063.0MB, cuda_free=7631.8MB, cuda_total=48519.1MB
[2026-06-11 18:07:33] Epoch 05 train batch [1700/1875] loss=0.5365 avg_loss=0.5713. Resources: rss=2128.9MB, peak_rss=2588.1MB, cuda_alloc=360.6MB, cuda_reserved=40336.0MB, cuda_peak_alloc=7063.0MB, cuda_free=7631.8MB, cuda_total=48519.1MB
[2026-06-11 18:07:38] Epoch 05 train batch [1720/1875] loss=0.4749 avg_loss=0.5709. Resources: rss=2128.7MB, peak_rss=2588.1MB, cuda_alloc=360.6MB, cuda_reserved=40336.0MB, cuda_peak_alloc=7063.0MB, cuda_free=7631.8MB, cuda_total=48519.1MB
[2026-06-11 18:07:42] Epoch 05 train batch [1740/1875] loss=0.9628 avg_loss=0.5705. Resources: rss=2129.2MB, peak_rss=2588.1MB, cuda_alloc=360.6MB, cuda_reserved=40336.0MB, cuda_peak_alloc=7063.0MB, cuda_free=7631.8MB, cuda_total=48519.1MB
[2026-06-11 18:07:46] Epoch 05 train batch [1760/1875] loss=0.4154 avg_loss=0.5697. Resources: rss=2129.1MB, peak_rss=2588.1MB, cuda_alloc=360.6MB, cuda_reserved=40336.0MB, cuda_peak_alloc=7063.0MB, cuda_free=7631.8MB, cuda_total=48519.1MB
[2026-06-11 18:07:50] Epoch 05 train batch [1780/1875] loss=0.5956 avg_loss=0.5704. Resources: rss=2128.8MB, peak_rss=2588.1MB, cuda_alloc=360.6MB, cuda_reserved=40336.0MB, cuda_peak_alloc=7063.0MB, cuda_free=7631.8MB, cuda_total=48519.1MB
[2026-06-11 18:07:54] Epoch 05 train batch [1800/1875] loss=0.5618 avg_loss=0.5700. Resources: rss=2129.0MB, peak_rss=2588.1MB, cuda_alloc=360.6MB, cuda_reserved=40336.0MB, cuda_peak_alloc=7063.0MB, cuda_free=7631.8MB, cuda_total=48519.1MB
[2026-06-11 18:07:59] Epoch 05 train batch [1820/1875] loss=0.6556 avg_loss=0.5698. Resources: rss=2129.1MB, peak_rss=2588.1MB, cuda_alloc=360.6MB, cuda_reserved=40336.0MB, cuda_peak_alloc=7063.0MB, cuda_free=7631.8MB, cuda_total=48519.1MB
[2026-06-11 18:08:03] Epoch 05 train batch [1840/1875] loss=0.5923 avg_loss=0.5697. Resources: rss=2129.3MB, peak_rss=2588.1MB, cuda_alloc=360.6MB, cuda_reserved=40336.0MB, cuda_peak_alloc=7063.0MB, cuda_free=7631.8MB, cuda_total=48519.1MB
[2026-06-11 18:08:07] Epoch 05 train batch [1860/1875] loss=1.2120 avg_loss=0.5694. Resources: rss=2129.4MB, peak_rss=2588.1MB, cuda_alloc=360.6MB, cuda_reserved=40336.0MB, cuda_peak_alloc=7063.0MB, cuda_free=7631.8MB, cuda_total=48519.1MB
[2026-06-11 18:08:10] Epoch 05 train batch [1875/1875] loss=0.4957 avg_loss=0.5688. Resources: rss=2129.1MB, peak_rss=2588.1MB, cuda_alloc=360.6MB, cuda_reserved=40336.0MB, cuda_peak_alloc=7063.0MB, cuda_free=7631.8MB, cuda_total=48519.1MB
[2026-06-11 18:08:10] Epoch 05 training completed. Resources: rss=2120.9MB, peak_rss=2588.1MB, cuda_alloc=360.6MB, cuda_reserved=40336.0MB, cuda_peak_alloc=7063.0MB, cuda_free=7631.8MB, cuda_total=48519.1MB
[2026-06-11 18:08:11] Epoch 05 cache released before validation loss. Resources: rss=2118.2MB, peak_rss=2588.1MB, cuda_alloc=360.6MB, cuda_reserved=520.0MB, cuda_peak_alloc=360.6MB, cuda_free=47447.8MB, cuda_total=48519.1MB
[2026-06-11 18:08:42] Epoch 05 validation loss completed: 0.6006. Resources: rss=2117.6MB, peak_rss=2588.1MB, cuda_alloc=360.6MB, cuda_reserved=11306.0MB, cuda_peak_alloc=2034.0MB, cuda_free=36661.8MB, cuda_total=48519.1MB
[2026-06-11 18:08:42] Epoch 05 cache released before detection metrics. Resources: rss=2116.4MB, peak_rss=2588.1MB, cuda_alloc=360.6MB, cuda_reserved=520.0MB, cuda_peak_alloc=360.6MB, cuda_free=47447.8MB, cuda_total=48519.1MB
[2026-06-11 18:09:15] Epoch 05 prediction tensors moved to CPU. Computing metrics. Resources: rss=2112.0MB, peak_rss=2588.1MB, cuda_alloc=360.6MB, cuda_reserved=520.0MB, cuda_peak_alloc=360.6MB, cuda_free=47447.8MB, cuda_total=48519.1MB
[2026-06-11 18:09:16] Epoch 05 metrics computed (mAP@0.5 only). Saving artifacts. Resources: rss=2121.0MB, peak_rss=2588.1MB, cuda_alloc=360.6MB, cuda_reserved=520.0MB, cuda_peak_alloc=360.6MB, cuda_free=47447.8MB, cuda_total=48519.1MB
[2026-06-11 18:09:16] Epoch 05 improved mAP@0.5 to 0.6012. Saved best checkpoint: best_model-20260611-172946.pth. Resources: rss=2597.7MB, peak_rss=2597.7MB, cuda_alloc=360.6MB, cuda_reserved=520.0MB, cuda_peak_alloc=360.6MB, cuda_free=47447.8MB, cuda_total=48519.1MB
Epoch [05/50]
├── Train Loss : 0.5688
│   ├── loss_classifier  : 0.3334
│   ├── loss_box_reg     : 0.2354
│   ├── loss_objectness  : 0.0000
│   └── loss_rpn_box_reg : 0.0000
├── Val Loss   : 0.6006
├── mAP@0.5    : 0.6012
├── mAP@0.75   : n/a
├── mAP@0.5:0.95 : n/a
├── Precision  : 0.0198
├── Recall     : 0.9505
├── GT Boxes   : 2021
├── Predictions: 97033
├── Per-class AP
│   ├── person  : AP50=0.6998, AP75=n/a, AP50:95=n/a, P=0.0491, R=0.9581
│   ├── car     : AP50=0.4647, AP75=n/a, AP50:95=n/a, P=0.0149, R=0.9329
│   ├── dog     : AP50=0.7017, AP75=n/a, AP50:95=n/a, P=0.0172, R=0.9854
│   ├── cat     : AP50=0.7424, AP75=n/a, AP50:95=n/a, P=0.0117, R=0.9886
│   └── chair   : AP50=0.3972, AP75=n/a, AP50:95=n/a, P=0.0079, R=0.8901
├── LR         : 0.000996
└── Time       : 472.7s
[2026-06-11 18:09:16] Epoch [05/50] completed. Resources: rss=2114.8MB, peak_rss=2597.7MB, cuda_alloc=360.6MB, cuda_reserved=520.0MB, cuda_peak_alloc=360.6MB, cuda_free=47447.8MB, cuda_total=48519.1MB
[2026-06-11 18:09:16] Epoch [06/50] started. Resources: rss=2114.8MB, peak_rss=2597.7MB, cuda_alloc=360.6MB, cuda_reserved=520.0MB, cuda_peak_alloc=360.6MB, cuda_free=47447.8MB, cuda_total=48519.1MB
[2026-06-11 18:09:21] Epoch 06 train batch [20/1875] loss=0.4189 avg_loss=0.5478. Resources: rss=2123.9MB, peak_rss=2597.7MB, cuda_alloc=360.6MB, cuda_reserved=40556.0MB, cuda_peak_alloc=7061.9MB, cuda_free=7411.8MB, cuda_total=48519.1MB
[2026-06-11 18:09:26] Epoch 06 train batch [40/1875] loss=0.6311 avg_loss=0.5258. Resources: rss=2124.2MB, peak_rss=2597.7MB, cuda_alloc=360.6MB, cuda_reserved=20856.0MB, cuda_peak_alloc=7061.9MB, cuda_free=27111.8MB, cuda_total=48519.1MB
[2026-06-11 18:09:33] Epoch 06 train batch [60/1875] loss=0.5634 avg_loss=0.5123. Resources: rss=2125.6MB, peak_rss=2597.7MB, cuda_alloc=360.6MB, cuda_reserved=22776.0MB, cuda_peak_alloc=7061.9MB, cuda_free=25191.8MB, cuda_total=48519.1MB
[2026-06-11 18:09:38] Epoch 06 train batch [80/1875] loss=0.9974 avg_loss=0.5246. Resources: rss=2125.8MB, peak_rss=2597.7MB, cuda_alloc=360.6MB, cuda_reserved=18816.0MB, cuda_peak_alloc=7062.1MB, cuda_free=29151.8MB, cuda_total=48519.1MB
[2026-06-11 18:09:42] Epoch 06 train batch [100/1875] loss=0.4635 avg_loss=0.5288. Resources: rss=2126.2MB, peak_rss=2597.7MB, cuda_alloc=360.6MB, cuda_reserved=32256.0MB, cuda_peak_alloc=7062.1MB, cuda_free=15711.8MB, cuda_total=48519.1MB
[2026-06-11 18:09:47] Epoch 06 train batch [120/1875] loss=0.5035 avg_loss=0.5226. Resources: rss=2126.2MB, peak_rss=2597.7MB, cuda_alloc=360.6MB, cuda_reserved=32256.0MB, cuda_peak_alloc=7062.1MB, cuda_free=15711.8MB, cuda_total=48519.1MB
[2026-06-11 18:09:51] Epoch 06 train batch [140/1875] loss=0.3984 avg_loss=0.5220. Resources: rss=2126.0MB, peak_rss=2597.7MB, cuda_alloc=360.6MB, cuda_reserved=32256.0MB, cuda_peak_alloc=7062.1MB, cuda_free=15711.8MB, cuda_total=48519.1MB
[2026-06-11 18:09:55] Epoch 06 train batch [160/1875] loss=0.5260 avg_loss=0.5257. Resources: rss=2126.6MB, peak_rss=2597.7MB, cuda_alloc=360.6MB, cuda_reserved=32256.0MB, cuda_peak_alloc=7062.1MB, cuda_free=15711.8MB, cuda_total=48519.1MB
[2026-06-11 18:09:59] Epoch 06 train batch [180/1875] loss=0.4571 avg_loss=0.5263. Resources: rss=2127.1MB, peak_rss=2597.7MB, cuda_alloc=360.6MB, cuda_reserved=32256.0MB, cuda_peak_alloc=7062.1MB, cuda_free=15711.8MB, cuda_total=48519.1MB
[2026-06-11 18:10:03] Epoch 06 train batch [200/1875] loss=0.4009 avg_loss=0.5251. Resources: rss=2125.8MB, peak_rss=2597.7MB, cuda_alloc=360.6MB, cuda_reserved=47036.0MB, cuda_peak_alloc=7062.1MB, cuda_free=931.8MB, cuda_total=48519.1MB
[2026-06-11 18:10:10] Epoch 06 train batch [220/1875] loss=0.7424 avg_loss=0.5245. Resources: rss=2127.2MB, peak_rss=2597.7MB, cuda_alloc=360.6MB, cuda_reserved=26916.0MB, cuda_peak_alloc=7062.4MB, cuda_free=21051.8MB, cuda_total=48519.1MB
[2026-06-11 18:10:13] Epoch 06 train batch [240/1875] loss=0.6319 avg_loss=0.5210. Resources: rss=2127.7MB, peak_rss=2597.7MB, cuda_alloc=360.6MB, cuda_reserved=29896.0MB, cuda_peak_alloc=7062.4MB, cuda_free=18071.8MB, cuda_total=48519.1MB
[2026-06-11 18:10:18] Epoch 06 train batch [260/1875] loss=0.5069 avg_loss=0.5196. Resources: rss=2127.2MB, peak_rss=2597.7MB, cuda_alloc=360.6MB, cuda_reserved=30296.0MB, cuda_peak_alloc=7062.4MB, cuda_free=17671.8MB, cuda_total=48519.1MB
[2026-06-11 18:10:22] Epoch 06 train batch [280/1875] loss=0.5562 avg_loss=0.5220. Resources: rss=2127.5MB, peak_rss=2597.7MB, cuda_alloc=360.6MB, cuda_reserved=32216.0MB, cuda_peak_alloc=7062.4MB, cuda_free=15751.8MB, cuda_total=48519.1MB
[2026-06-11 18:10:27] Epoch 06 train batch [300/1875] loss=0.5086 avg_loss=0.5218. Resources: rss=2129.0MB, peak_rss=2597.7MB, cuda_alloc=360.6MB, cuda_reserved=20716.0MB, cuda_peak_alloc=7062.4MB, cuda_free=27251.8MB, cuda_total=48519.1MB
[2026-06-11 18:10:32] Epoch 06 train batch [320/1875] loss=0.5082 avg_loss=0.5220. Resources: rss=2129.3MB, peak_rss=2597.7MB, cuda_alloc=360.6MB, cuda_reserved=36636.0MB, cuda_peak_alloc=7062.4MB, cuda_free=11331.8MB, cuda_total=48519.1MB
[2026-06-11 18:10:37] Epoch 06 train batch [340/1875] loss=0.4635 avg_loss=0.5197. Resources: rss=2129.5MB, peak_rss=2597.7MB, cuda_alloc=360.6MB, cuda_reserved=30356.0MB, cuda_peak_alloc=7062.4MB, cuda_free=17611.8MB, cuda_total=48519.1MB
[2026-06-11 18:10:41] Epoch 06 train batch [360/1875] loss=0.7714 avg_loss=0.5201. Resources: rss=2129.8MB, peak_rss=2597.7MB, cuda_alloc=360.6MB, cuda_reserved=30356.0MB, cuda_peak_alloc=7062.4MB, cuda_free=17611.8MB, cuda_total=48519.1MB
[2026-06-11 18:10:46] Epoch 06 train batch [380/1875] loss=0.6183 avg_loss=0.5178. Resources: rss=2128.5MB, peak_rss=2597.7MB, cuda_alloc=360.6MB, cuda_reserved=30356.0MB, cuda_peak_alloc=7062.4MB, cuda_free=17611.8MB, cuda_total=48519.1MB
[2026-06-11 18:10:50] Epoch 06 train batch [400/1875] loss=0.4273 avg_loss=0.5159. Resources: rss=2129.3MB, peak_rss=2597.7MB, cuda_alloc=360.6MB, cuda_reserved=32976.0MB, cuda_peak_alloc=7062.4MB, cuda_free=14991.8MB, cuda_total=48519.1MB
[2026-06-11 18:10:54] Epoch 06 train batch [420/1875] loss=0.4037 avg_loss=0.5161. Resources: rss=2129.5MB, peak_rss=2597.7MB, cuda_alloc=360.6MB, cuda_reserved=32976.0MB, cuda_peak_alloc=7062.4MB, cuda_free=14991.8MB, cuda_total=48519.1MB
[2026-06-11 18:10:58] Epoch 06 train batch [440/1875] loss=0.5187 avg_loss=0.5157. Resources: rss=2129.2MB, peak_rss=2597.7MB, cuda_alloc=360.6MB, cuda_reserved=32976.0MB, cuda_peak_alloc=7062.4MB, cuda_free=14991.8MB, cuda_total=48519.1MB
[2026-06-11 18:11:03] Epoch 06 train batch [460/1875] loss=0.5187 avg_loss=0.5288. Resources: rss=2129.8MB, peak_rss=2597.7MB, cuda_alloc=360.6MB, cuda_reserved=32976.0MB, cuda_peak_alloc=7062.4MB, cuda_free=14990.9MB, cuda_total=48519.1MB
[2026-06-11 18:11:06] Epoch 06 train batch [480/1875] loss=0.4312 avg_loss=0.5271. Resources: rss=2129.7MB, peak_rss=2597.7MB, cuda_alloc=360.6MB, cuda_reserved=33356.0MB, cuda_peak_alloc=7062.4MB, cuda_free=14610.9MB, cuda_total=48519.1MB
[2026-06-11 18:11:11] Epoch 06 train batch [500/1875] loss=0.5121 avg_loss=0.5271. Resources: rss=2129.3MB, peak_rss=2597.7MB, cuda_alloc=360.6MB, cuda_reserved=33356.0MB, cuda_peak_alloc=7062.4MB, cuda_free=14610.9MB, cuda_total=48519.1MB
[2026-06-11 18:11:15] Epoch 06 train batch [520/1875] loss=0.5183 avg_loss=0.5260. Resources: rss=2128.2MB, peak_rss=2597.7MB, cuda_alloc=360.6MB, cuda_reserved=35736.0MB, cuda_peak_alloc=7062.4MB, cuda_free=12230.9MB, cuda_total=48519.1MB
[2026-06-11 18:11:19] Epoch 06 train batch [540/1875] loss=0.7411 avg_loss=0.5261. Resources: rss=2129.9MB, peak_rss=2597.7MB, cuda_alloc=360.6MB, cuda_reserved=43636.0MB, cuda_peak_alloc=7062.4MB, cuda_free=4330.9MB, cuda_total=48519.1MB
[2026-06-11 18:11:23] Epoch 06 train batch [560/1875] loss=0.2334 avg_loss=0.5237. Resources: rss=2131.2MB, peak_rss=2597.7MB, cuda_alloc=360.6MB, cuda_reserved=43636.0MB, cuda_peak_alloc=7062.4MB, cuda_free=4330.9MB, cuda_total=48519.1MB
[2026-06-11 18:11:27] Epoch 06 train batch [580/1875] loss=0.4444 avg_loss=0.5227. Resources: rss=2128.9MB, peak_rss=2597.7MB, cuda_alloc=360.6MB, cuda_reserved=43636.0MB, cuda_peak_alloc=7062.4MB, cuda_free=4330.9MB, cuda_total=48519.1MB
[2026-06-11 18:11:32] Epoch 06 train batch [600/1875] loss=0.5312 avg_loss=0.5252. Resources: rss=2132.3MB, peak_rss=2597.7MB, cuda_alloc=360.6MB, cuda_reserved=43636.0MB, cuda_peak_alloc=7062.4MB, cuda_free=4330.9MB, cuda_total=48519.1MB
[2026-06-11 18:11:36] Epoch 06 train batch [620/1875] loss=0.7470 avg_loss=0.5240. Resources: rss=2132.5MB, peak_rss=2597.7MB, cuda_alloc=360.6MB, cuda_reserved=43636.0MB, cuda_peak_alloc=7062.4MB, cuda_free=4330.9MB, cuda_total=48519.1MB
[2026-06-11 18:11:40] Epoch 06 train batch [640/1875] loss=0.7702 avg_loss=0.5257. Resources: rss=2132.6MB, peak_rss=2597.7MB, cuda_alloc=360.6MB, cuda_reserved=43636.0MB, cuda_peak_alloc=7062.4MB, cuda_free=4330.9MB, cuda_total=48519.1MB
[2026-06-11 18:11:44] Epoch 06 train batch [660/1875] loss=0.4640 avg_loss=0.5255. Resources: rss=2132.1MB, peak_rss=2597.7MB, cuda_alloc=360.6MB, cuda_reserved=43636.0MB, cuda_peak_alloc=7062.4MB, cuda_free=4330.9MB, cuda_total=48519.1MB
[2026-06-11 18:11:48] Epoch 06 train batch [680/1875] loss=0.4147 avg_loss=0.5251. Resources: rss=2132.3MB, peak_rss=2597.7MB, cuda_alloc=360.6MB, cuda_reserved=43636.0MB, cuda_peak_alloc=7062.4MB, cuda_free=4330.9MB, cuda_total=48519.1MB
[2026-06-11 18:11:52] Epoch 06 train batch [700/1875] loss=0.5276 avg_loss=0.5254. Resources: rss=2134.7MB, peak_rss=2597.7MB, cuda_alloc=360.6MB, cuda_reserved=43636.0MB, cuda_peak_alloc=7062.4MB, cuda_free=4330.9MB, cuda_total=48519.1MB
[2026-06-11 18:11:56] Epoch 06 train batch [720/1875] loss=0.5864 avg_loss=0.5265. Resources: rss=2133.9MB, peak_rss=2597.7MB, cuda_alloc=360.6MB, cuda_reserved=43636.0MB, cuda_peak_alloc=7062.4MB, cuda_free=4330.9MB, cuda_total=48519.1MB
[2026-06-11 18:12:01] Epoch 06 train batch [740/1875] loss=0.3072 avg_loss=0.5258. Resources: rss=2135.2MB, peak_rss=2597.7MB, cuda_alloc=360.6MB, cuda_reserved=43636.0MB, cuda_peak_alloc=7062.4MB, cuda_free=4330.9MB, cuda_total=48519.1MB
[2026-06-11 18:12:05] Epoch 06 train batch [760/1875] loss=0.5496 avg_loss=0.5252. Resources: rss=2135.3MB, peak_rss=2597.7MB, cuda_alloc=360.6MB, cuda_reserved=43636.0MB, cuda_peak_alloc=7062.4MB, cuda_free=4330.9MB, cuda_total=48519.1MB
[2026-06-11 18:12:09] Epoch 06 train batch [780/1875] loss=0.6355 avg_loss=0.5244. Resources: rss=2133.8MB, peak_rss=2597.7MB, cuda_alloc=360.6MB, cuda_reserved=43636.0MB, cuda_peak_alloc=7062.4MB, cuda_free=4330.9MB, cuda_total=48519.1MB
[2026-06-11 18:12:13] Epoch 06 train batch [800/1875] loss=0.4881 avg_loss=0.5229. Resources: rss=2134.0MB, peak_rss=2597.7MB, cuda_alloc=360.6MB, cuda_reserved=43636.0MB, cuda_peak_alloc=7062.5MB, cuda_free=4330.9MB, cuda_total=48519.1MB
[2026-06-11 18:12:18] Epoch 06 train batch [820/1875] loss=0.5449 avg_loss=0.5225. Resources: rss=2134.5MB, peak_rss=2597.7MB, cuda_alloc=360.6MB, cuda_reserved=44456.0MB, cuda_peak_alloc=7062.5MB, cuda_free=3510.9MB, cuda_total=48519.1MB
[2026-06-11 18:12:22] Epoch 06 train batch [840/1875] loss=0.6670 avg_loss=0.5210. Resources: rss=2135.1MB, peak_rss=2597.7MB, cuda_alloc=360.6MB, cuda_reserved=44456.0MB, cuda_peak_alloc=7062.5MB, cuda_free=3510.9MB, cuda_total=48519.1MB
[2026-06-11 18:12:27] Epoch 06 train batch [860/1875] loss=0.6165 avg_loss=0.5197. Resources: rss=2134.2MB, peak_rss=2597.7MB, cuda_alloc=360.6MB, cuda_reserved=29036.0MB, cuda_peak_alloc=7062.5MB, cuda_free=18930.9MB, cuda_total=48519.1MB
[2026-06-11 18:12:34] Epoch 06 train batch [880/1875] loss=0.4720 avg_loss=0.5216. Resources: rss=2135.2MB, peak_rss=2597.7MB, cuda_alloc=360.6MB, cuda_reserved=15856.0MB, cuda_peak_alloc=7062.5MB, cuda_free=32110.9MB, cuda_total=48519.1MB
[2026-06-11 18:12:38] Epoch 06 train batch [900/1875] loss=0.6019 avg_loss=0.5205. Resources: rss=2134.6MB, peak_rss=2597.7MB, cuda_alloc=360.6MB, cuda_reserved=45156.0MB, cuda_peak_alloc=7062.5MB, cuda_free=2810.9MB, cuda_total=48519.1MB
[2026-06-11 18:12:42] Epoch 06 train batch [920/1875] loss=0.5557 avg_loss=0.5204. Resources: rss=2136.2MB, peak_rss=2597.7MB, cuda_alloc=360.6MB, cuda_reserved=45156.0MB, cuda_peak_alloc=7062.5MB, cuda_free=2810.9MB, cuda_total=48519.1MB
[2026-06-11 18:12:47] Epoch 06 train batch [940/1875] loss=0.4170 avg_loss=0.5197. Resources: rss=2135.7MB, peak_rss=2597.7MB, cuda_alloc=360.6MB, cuda_reserved=45156.0MB, cuda_peak_alloc=7062.5MB, cuda_free=2810.9MB, cuda_total=48519.1MB
[2026-06-11 18:12:51] Epoch 06 train batch [960/1875] loss=0.3756 avg_loss=0.5181. Resources: rss=2135.2MB, peak_rss=2597.7MB, cuda_alloc=360.6MB, cuda_reserved=45976.0MB, cuda_peak_alloc=7062.5MB, cuda_free=1990.9MB, cuda_total=48519.1MB
[2026-06-11 18:12:55] Epoch 06 train batch [980/1875] loss=0.7301 avg_loss=0.5187. Resources: rss=2135.9MB, peak_rss=2597.7MB, cuda_alloc=360.6MB, cuda_reserved=45976.0MB, cuda_peak_alloc=7062.5MB, cuda_free=1990.9MB, cuda_total=48519.1MB
[2026-06-11 18:12:59] Epoch 06 train batch [1000/1875] loss=0.4527 avg_loss=0.5227. Resources: rss=2135.7MB, peak_rss=2597.7MB, cuda_alloc=360.6MB, cuda_reserved=45976.0MB, cuda_peak_alloc=7062.5MB, cuda_free=1990.9MB, cuda_total=48519.1MB
[2026-06-11 18:13:03] Epoch 06 train batch [1020/1875] loss=0.5580 avg_loss=0.5238. Resources: rss=2138.1MB, peak_rss=2597.7MB, cuda_alloc=360.6MB, cuda_reserved=45976.0MB, cuda_peak_alloc=7062.5MB, cuda_free=1990.9MB, cuda_total=48519.1MB
[2026-06-11 18:13:10] Epoch 06 train batch [1040/1875] loss=0.7547 avg_loss=0.5250. Resources: rss=2137.7MB, peak_rss=2597.7MB, cuda_alloc=360.6MB, cuda_reserved=7236.0MB, cuda_peak_alloc=7062.5MB, cuda_free=40730.9MB, cuda_total=48519.1MB
[2026-06-11 18:13:14] Epoch 06 train batch [1060/1875] loss=0.6580 avg_loss=0.5244. Resources: rss=2137.9MB, peak_rss=2597.7MB, cuda_alloc=360.6MB, cuda_reserved=30536.0MB, cuda_peak_alloc=7062.5MB, cuda_free=17430.9MB, cuda_total=48519.1MB
[2026-06-11 18:13:19] Epoch 06 train batch [1080/1875] loss=0.3768 avg_loss=0.5236. Resources: rss=2137.6MB, peak_rss=2597.7MB, cuda_alloc=360.6MB, cuda_reserved=18636.0MB, cuda_peak_alloc=7062.5MB, cuda_free=29330.9MB, cuda_total=48519.1MB
[2026-06-11 18:13:23] Epoch 06 train batch [1100/1875] loss=0.4007 avg_loss=0.5231. Resources: rss=2138.5MB, peak_rss=2597.7MB, cuda_alloc=360.6MB, cuda_reserved=34996.0MB, cuda_peak_alloc=7062.5MB, cuda_free=12970.9MB, cuda_total=48519.1MB
[2026-06-11 18:13:27] Epoch 06 train batch [1120/1875] loss=0.5335 avg_loss=0.5230. Resources: rss=2137.5MB, peak_rss=2597.7MB, cuda_alloc=360.6MB, cuda_reserved=34996.0MB, cuda_peak_alloc=7062.5MB, cuda_free=12970.9MB, cuda_total=48519.1MB
[2026-06-11 18:13:33] Epoch 06 train batch [1140/1875] loss=0.4178 avg_loss=0.5229. Resources: rss=2138.4MB, peak_rss=2597.7MB, cuda_alloc=360.6MB, cuda_reserved=19476.0MB, cuda_peak_alloc=7062.5MB, cuda_free=28490.9MB, cuda_total=48519.1MB
[2026-06-11 18:13:36] Epoch 06 train batch [1160/1875] loss=0.4715 avg_loss=0.5267. Resources: rss=2138.2MB, peak_rss=2597.7MB, cuda_alloc=360.6MB, cuda_reserved=31836.0MB, cuda_peak_alloc=7062.5MB, cuda_free=16130.9MB, cuda_total=48519.1MB
[2026-06-11 18:13:41] Epoch 06 train batch [1180/1875] loss=0.6333 avg_loss=0.5255. Resources: rss=2138.1MB, peak_rss=2597.7MB, cuda_alloc=360.6MB, cuda_reserved=31836.0MB, cuda_peak_alloc=7062.5MB, cuda_free=16130.9MB, cuda_total=48519.1MB
[2026-06-11 18:13:45] Epoch 06 train batch [1200/1875] loss=0.3172 avg_loss=0.5247. Resources: rss=2138.5MB, peak_rss=2597.7MB, cuda_alloc=360.6MB, cuda_reserved=31836.0MB, cuda_peak_alloc=7062.5MB, cuda_free=16130.9MB, cuda_total=48519.1MB
[2026-06-11 18:13:49] Epoch 06 train batch [1220/1875] loss=0.4374 avg_loss=0.5244. Resources: rss=2138.3MB, peak_rss=2597.7MB, cuda_alloc=360.6MB, cuda_reserved=31836.0MB, cuda_peak_alloc=7062.5MB, cuda_free=16130.9MB, cuda_total=48519.1MB
[2026-06-11 18:13:53] Epoch 06 train batch [1240/1875] loss=0.4491 avg_loss=0.5238. Resources: rss=2137.6MB, peak_rss=2597.7MB, cuda_alloc=360.6MB, cuda_reserved=31836.0MB, cuda_peak_alloc=7062.5MB, cuda_free=16130.9MB, cuda_total=48519.1MB
[2026-06-11 18:13:57] Epoch 06 train batch [1260/1875] loss=0.6514 avg_loss=0.5236. Resources: rss=2138.9MB, peak_rss=2597.7MB, cuda_alloc=360.6MB, cuda_reserved=35596.0MB, cuda_peak_alloc=7062.5MB, cuda_free=12370.9MB, cuda_total=48519.1MB
[2026-06-11 18:14:02] Epoch 06 train batch [1280/1875] loss=0.5296 avg_loss=0.5245. Resources: rss=2138.3MB, peak_rss=2597.7MB, cuda_alloc=360.6MB, cuda_reserved=35596.0MB, cuda_peak_alloc=7062.5MB, cuda_free=12370.9MB, cuda_total=48519.1MB
[2026-06-11 18:14:06] Epoch 06 train batch [1300/1875] loss=0.3382 avg_loss=0.5235. Resources: rss=2138.2MB, peak_rss=2597.7MB, cuda_alloc=360.6MB, cuda_reserved=35596.0MB, cuda_peak_alloc=7062.5MB, cuda_free=12370.9MB, cuda_total=48519.1MB
[2026-06-11 18:14:10] Epoch 06 train batch [1320/1875] loss=0.2880 avg_loss=0.5231. Resources: rss=2138.5MB, peak_rss=2597.7MB, cuda_alloc=360.6MB, cuda_reserved=36136.0MB, cuda_peak_alloc=7062.5MB, cuda_free=11830.9MB, cuda_total=48519.1MB
[2026-06-11 18:14:14] Epoch 06 train batch [1340/1875] loss=0.6167 avg_loss=0.5225. Resources: rss=2138.5MB, peak_rss=2597.7MB, cuda_alloc=360.6MB, cuda_reserved=36136.0MB, cuda_peak_alloc=7062.5MB, cuda_free=11830.9MB, cuda_total=48519.1MB
[2026-06-11 18:14:19] Epoch 06 train batch [1360/1875] loss=0.2975 avg_loss=0.5224. Resources: rss=2139.2MB, peak_rss=2597.7MB, cuda_alloc=360.6MB, cuda_reserved=36136.0MB, cuda_peak_alloc=7062.5MB, cuda_free=11830.9MB, cuda_total=48519.1MB
[2026-06-11 18:14:23] Epoch 06 train batch [1380/1875] loss=0.4630 avg_loss=0.5215. Resources: rss=2139.6MB, peak_rss=2597.7MB, cuda_alloc=360.6MB, cuda_reserved=37336.0MB, cuda_peak_alloc=7062.5MB, cuda_free=10630.9MB, cuda_total=48519.1MB
[2026-06-11 18:14:28] Epoch 06 train batch [1400/1875] loss=0.7437 avg_loss=0.5210. Resources: rss=2138.7MB, peak_rss=2597.7MB, cuda_alloc=360.6MB, cuda_reserved=37336.0MB, cuda_peak_alloc=7062.5MB, cuda_free=10630.9MB, cuda_total=48519.1MB
[2026-06-11 18:14:34] Epoch 06 train batch [1420/1875] loss=0.4830 avg_loss=0.5205. Resources: rss=2140.2MB, peak_rss=2597.7MB, cuda_alloc=360.6MB, cuda_reserved=21976.0MB, cuda_peak_alloc=7062.5MB, cuda_free=25990.9MB, cuda_total=48519.1MB
[2026-06-11 18:14:39] Epoch 06 train batch [1440/1875] loss=0.7457 avg_loss=0.5203. Resources: rss=2139.1MB, peak_rss=2597.7MB, cuda_alloc=360.6MB, cuda_reserved=20216.0MB, cuda_peak_alloc=7062.5MB, cuda_free=27750.9MB, cuda_total=48519.1MB
[2026-06-11 18:14:44] Epoch 06 train batch [1460/1875] loss=0.3190 avg_loss=0.5189. Resources: rss=2141.8MB, peak_rss=2597.7MB, cuda_alloc=360.6MB, cuda_reserved=26956.0MB, cuda_peak_alloc=7062.5MB, cuda_free=21010.9MB, cuda_total=48519.1MB
[2026-06-11 18:14:49] Epoch 06 train batch [1480/1875] loss=0.4568 avg_loss=0.5185. Resources: rss=2141.5MB, peak_rss=2597.7MB, cuda_alloc=360.6MB, cuda_reserved=34696.0MB, cuda_peak_alloc=7062.5MB, cuda_free=13270.9MB, cuda_total=48519.1MB
[2026-06-11 18:14:54] Epoch 06 train batch [1500/1875] loss=0.4140 avg_loss=0.5182. Resources: rss=2142.2MB, peak_rss=2597.7MB, cuda_alloc=360.6MB, cuda_reserved=35076.0MB, cuda_peak_alloc=7062.5MB, cuda_free=12890.9MB, cuda_total=48519.1MB
[2026-06-11 18:14:59] Epoch 06 train batch [1520/1875] loss=0.4422 avg_loss=0.5178. Resources: rss=2141.7MB, peak_rss=2597.7MB, cuda_alloc=360.6MB, cuda_reserved=38356.0MB, cuda_peak_alloc=7062.5MB, cuda_free=9610.9MB, cuda_total=48519.1MB
[2026-06-11 18:15:06] Epoch 06 train batch [1540/1875] loss=0.4020 avg_loss=0.5170. Resources: rss=2143.7MB, peak_rss=2597.7MB, cuda_alloc=360.6MB, cuda_reserved=12736.0MB, cuda_peak_alloc=7062.5MB, cuda_free=35230.9MB, cuda_total=48519.1MB
[2026-06-11 18:15:10] Epoch 06 train batch [1560/1875] loss=0.3488 avg_loss=0.5161. Resources: rss=2143.2MB, peak_rss=2597.7MB, cuda_alloc=360.6MB, cuda_reserved=34576.0MB, cuda_peak_alloc=7062.5MB, cuda_free=13390.9MB, cuda_total=48519.1MB
[2026-06-11 18:15:14] Epoch 06 train batch [1580/1875] loss=0.5730 avg_loss=0.5148. Resources: rss=2143.7MB, peak_rss=2597.7MB, cuda_alloc=360.6MB, cuda_reserved=24556.0MB, cuda_peak_alloc=7062.5MB, cuda_free=23410.9MB, cuda_total=48519.1MB
[2026-06-11 18:15:19] Epoch 06 train batch [1600/1875] loss=0.3097 avg_loss=0.5152. Resources: rss=2143.6MB, peak_rss=2597.7MB, cuda_alloc=360.6MB, cuda_reserved=41036.0MB, cuda_peak_alloc=7062.5MB, cuda_free=6930.9MB, cuda_total=48519.1MB
[2026-06-11 18:15:23] Epoch 06 train batch [1620/1875] loss=0.6440 avg_loss=0.5151. Resources: rss=2142.9MB, peak_rss=2597.7MB, cuda_alloc=360.6MB, cuda_reserved=41156.0MB, cuda_peak_alloc=7062.5MB, cuda_free=6810.9MB, cuda_total=48519.1MB
[2026-06-11 18:15:27] Epoch 06 train batch [1640/1875] loss=0.6597 avg_loss=0.5158. Resources: rss=2144.1MB, peak_rss=2597.7MB, cuda_alloc=360.6MB, cuda_reserved=41156.0MB, cuda_peak_alloc=7062.5MB, cuda_free=6810.9MB, cuda_total=48519.1MB
[2026-06-11 18:15:31] Epoch 06 train batch [1660/1875] loss=0.4318 avg_loss=0.5160. Resources: rss=2145.0MB, peak_rss=2597.7MB, cuda_alloc=360.6MB, cuda_reserved=41156.0MB, cuda_peak_alloc=7062.5MB, cuda_free=6810.9MB, cuda_total=48519.1MB
[2026-06-11 18:15:35] Epoch 06 train batch [1680/1875] loss=0.5987 avg_loss=0.5153. Resources: rss=2143.9MB, peak_rss=2597.7MB, cuda_alloc=360.6MB, cuda_reserved=41156.0MB, cuda_peak_alloc=7062.5MB, cuda_free=6810.9MB, cuda_total=48519.1MB
[2026-06-11 18:15:39] Epoch 06 train batch [1700/1875] loss=0.7606 avg_loss=0.5155. Resources: rss=2144.7MB, peak_rss=2597.7MB, cuda_alloc=360.6MB, cuda_reserved=41156.0MB, cuda_peak_alloc=7062.5MB, cuda_free=6810.9MB, cuda_total=48519.1MB
[2026-06-11 18:15:44] Epoch 06 train batch [1720/1875] loss=0.4295 avg_loss=0.5148. Resources: rss=2145.1MB, peak_rss=2597.7MB, cuda_alloc=360.6MB, cuda_reserved=45596.0MB, cuda_peak_alloc=7062.5MB, cuda_free=2370.9MB, cuda_total=48519.1MB
[2026-06-11 18:15:48] Epoch 06 train batch [1740/1875] loss=0.4861 avg_loss=0.5151. Resources: rss=2144.7MB, peak_rss=2597.7MB, cuda_alloc=360.6MB, cuda_reserved=45596.0MB, cuda_peak_alloc=7062.5MB, cuda_free=2370.9MB, cuda_total=48519.1MB
[2026-06-11 18:15:53] Epoch 06 train batch [1760/1875] loss=0.2514 avg_loss=0.5148. Resources: rss=2144.6MB, peak_rss=2597.7MB, cuda_alloc=360.6MB, cuda_reserved=45596.0MB, cuda_peak_alloc=7062.5MB, cuda_free=2370.9MB, cuda_total=48519.1MB
[2026-06-11 18:15:57] Epoch 06 train batch [1780/1875] loss=0.4206 avg_loss=0.5145. Resources: rss=2144.1MB, peak_rss=2597.7MB, cuda_alloc=360.6MB, cuda_reserved=15716.0MB, cuda_peak_alloc=7062.5MB, cuda_free=32250.9MB, cuda_total=48519.1MB
[2026-06-11 18:16:01] Epoch 06 train batch [1800/1875] loss=0.6560 avg_loss=0.5157. Resources: rss=2145.3MB, peak_rss=2597.7MB, cuda_alloc=360.6MB, cuda_reserved=21616.0MB, cuda_peak_alloc=7062.5MB, cuda_free=26350.9MB, cuda_total=48519.1MB
[2026-06-11 18:16:06] Epoch 06 train batch [1820/1875] loss=0.4288 avg_loss=0.5155. Resources: rss=2145.5MB, peak_rss=2597.7MB, cuda_alloc=360.6MB, cuda_reserved=42456.0MB, cuda_peak_alloc=7062.5MB, cuda_free=5510.9MB, cuda_total=48519.1MB
[2026-06-11 18:16:10] Epoch 06 train batch [1840/1875] loss=0.6488 avg_loss=0.5156. Resources: rss=2146.0MB, peak_rss=2597.7MB, cuda_alloc=360.6MB, cuda_reserved=42456.0MB, cuda_peak_alloc=7062.5MB, cuda_free=5510.9MB, cuda_total=48519.1MB
[2026-06-11 18:16:14] Epoch 06 train batch [1860/1875] loss=0.5880 avg_loss=0.5150. Resources: rss=2145.7MB, peak_rss=2597.7MB, cuda_alloc=360.6MB, cuda_reserved=42456.0MB, cuda_peak_alloc=7062.5MB, cuda_free=5510.9MB, cuda_total=48519.1MB
[2026-06-11 18:16:18] Epoch 06 train batch [1875/1875] loss=0.4272 avg_loss=0.5148. Resources: rss=2144.9MB, peak_rss=2597.7MB, cuda_alloc=360.6MB, cuda_reserved=42456.0MB, cuda_peak_alloc=7062.5MB, cuda_free=5510.9MB, cuda_total=48519.1MB
[2026-06-11 18:16:18] Epoch 06 training completed. Resources: rss=2136.4MB, peak_rss=2597.7MB, cuda_alloc=360.6MB, cuda_reserved=42456.0MB, cuda_peak_alloc=7062.5MB, cuda_free=5510.9MB, cuda_total=48519.1MB
[2026-06-11 18:16:19] Epoch 06 cache released before validation loss. Resources: rss=2135.5MB, peak_rss=2597.7MB, cuda_alloc=360.6MB, cuda_reserved=498.0MB, cuda_peak_alloc=360.6MB, cuda_free=47468.9MB, cuda_total=48519.1MB
[2026-06-11 18:16:49] Epoch 06 validation loss completed: 0.5203. Resources: rss=2134.3MB, peak_rss=2597.7MB, cuda_alloc=360.6MB, cuda_reserved=16326.0MB, cuda_peak_alloc=2034.0MB, cuda_free=31640.9MB, cuda_total=48519.1MB
[2026-06-11 18:16:50] Epoch 06 cache released before detection metrics. Resources: rss=2134.3MB, peak_rss=2597.7MB, cuda_alloc=360.6MB, cuda_reserved=498.0MB, cuda_peak_alloc=360.6MB, cuda_free=47468.9MB, cuda_total=48519.1MB
[2026-06-11 18:17:22] Epoch 06 prediction tensors moved to CPU. Computing metrics. Resources: rss=2133.3MB, peak_rss=2597.7MB, cuda_alloc=360.6MB, cuda_reserved=498.0MB, cuda_peak_alloc=360.6MB, cuda_free=47468.9MB, cuda_total=48519.1MB
[2026-06-11 18:17:22] Epoch 06 metrics computed (mAP@0.5 only). Saving artifacts. Resources: rss=2136.3MB, peak_rss=2597.7MB, cuda_alloc=360.6MB, cuda_reserved=498.0MB, cuda_peak_alloc=360.6MB, cuda_free=47468.9MB, cuda_total=48519.1MB
[2026-06-11 18:17:23] Epoch 06 improved mAP@0.5 to 0.6930. Saved best checkpoint: best_model-20260611-172946.pth. Resources: rss=2614.6MB, peak_rss=2614.6MB, cuda_alloc=360.6MB, cuda_reserved=498.0MB, cuda_peak_alloc=360.6MB, cuda_free=47468.9MB, cuda_total=48519.1MB
Epoch [06/50]
├── Train Loss : 0.5148
│   ├── loss_classifier  : 0.3003
│   ├── loss_box_reg     : 0.2145
│   ├── loss_objectness  : 0.0000
│   └── loss_rpn_box_reg : 0.0000
├── Val Loss   : 0.5203
├── mAP@0.5    : 0.6930
├── mAP@0.75   : n/a
├── mAP@0.5:0.95 : n/a
├── Precision  : 0.0371
├── Recall     : 0.9505
├── GT Boxes   : 2021
├── Predictions: 51752
├── Per-class AP
│   ├── person  : AP50=0.7673, AP75=n/a, AP50:95=n/a, P=0.0488, R=0.9646
│   ├── car     : AP50=0.6984, AP75=n/a, AP50:95=n/a, P=0.0358, R=0.9470
│   ├── dog     : AP50=0.7558, AP75=n/a, AP50:95=n/a, P=0.0267, R=0.9709
│   ├── cat     : AP50=0.8062, AP75=n/a, AP50:95=n/a, P=0.0400, R=0.9716
│   └── chair   : AP50=0.4373, AP75=n/a, AP50:95=n/a, P=0.0218, R=0.8723
├── LR         : 0.000990
└── Time       : 485.6s
[2026-06-11 18:17:23] Epoch [06/50] completed. Resources: rss=2132.4MB, peak_rss=2614.6MB, cuda_alloc=360.6MB, cuda_reserved=498.0MB, cuda_peak_alloc=360.6MB, cuda_free=47468.9MB, cuda_total=48519.1MB
[2026-06-11 18:17:23] Epoch [07/50] started. Resources: rss=2132.4MB, peak_rss=2614.6MB, cuda_alloc=360.6MB, cuda_reserved=498.0MB, cuda_peak_alloc=360.6MB, cuda_free=47468.9MB, cuda_total=48519.1MB
[2026-06-11 18:17:27] Epoch 07 train batch [20/1875] loss=0.3392 avg_loss=0.4574. Resources: rss=2140.8MB, peak_rss=2614.6MB, cuda_alloc=360.6MB, cuda_reserved=33936.0MB, cuda_peak_alloc=7061.8MB, cuda_free=14030.9MB, cuda_total=48519.1MB
[2026-06-11 18:17:32] Epoch 07 train batch [40/1875] loss=0.5120 avg_loss=0.4652. Resources: rss=2141.4MB, peak_rss=2614.6MB, cuda_alloc=360.6MB, cuda_reserved=45176.0MB, cuda_peak_alloc=7061.9MB, cuda_free=2790.9MB, cuda_total=48519.1MB
[2026-06-11 18:17:36] Epoch 07 train batch [60/1875] loss=0.4918 avg_loss=0.4787. Resources: rss=2142.3MB, peak_rss=2614.6MB, cuda_alloc=360.6MB, cuda_reserved=45176.0MB, cuda_peak_alloc=7062.1MB, cuda_free=2790.9MB, cuda_total=48519.1MB
[2026-06-11 18:17:42] Epoch 07 train batch [80/1875] loss=0.6036 avg_loss=0.4778. Resources: rss=2143.0MB, peak_rss=2614.6MB, cuda_alloc=360.6MB, cuda_reserved=14816.0MB, cuda_peak_alloc=7062.1MB, cuda_free=33150.9MB, cuda_total=48519.1MB
[2026-06-11 18:17:46] Epoch 07 train batch [100/1875] loss=0.4721 avg_loss=0.4771. Resources: rss=2142.7MB, peak_rss=2614.6MB, cuda_alloc=360.6MB, cuda_reserved=27116.0MB, cuda_peak_alloc=7062.1MB, cuda_free=20850.9MB, cuda_total=48519.1MB
[2026-06-11 18:17:51] Epoch 07 train batch [120/1875] loss=0.5572 avg_loss=0.4818. Resources: rss=2143.9MB, peak_rss=2614.6MB, cuda_alloc=360.6MB, cuda_reserved=33376.0MB, cuda_peak_alloc=7062.6MB, cuda_free=14590.9MB, cuda_total=48519.1MB
[2026-06-11 18:17:56] Epoch 07 train batch [140/1875] loss=0.3101 avg_loss=0.4852. Resources: rss=2143.6MB, peak_rss=2614.6MB, cuda_alloc=360.6MB, cuda_reserved=33376.0MB, cuda_peak_alloc=7062.6MB, cuda_free=14590.9MB, cuda_total=48519.1MB
[2026-06-11 18:18:00] Epoch 07 train batch [160/1875] loss=0.4808 avg_loss=0.4826. Resources: rss=2142.8MB, peak_rss=2614.6MB, cuda_alloc=360.6MB, cuda_reserved=33376.0MB, cuda_peak_alloc=7062.6MB, cuda_free=14590.9MB, cuda_total=48519.1MB
[2026-06-11 18:18:04] Epoch 07 train batch [180/1875] loss=0.5050 avg_loss=0.4809. Resources: rss=2144.2MB, peak_rss=2614.6MB, cuda_alloc=360.6MB, cuda_reserved=33576.0MB, cuda_peak_alloc=7062.6MB, cuda_free=14390.9MB, cuda_total=48519.1MB
[2026-06-11 18:18:08] Epoch 07 train batch [200/1875] loss=0.4511 avg_loss=0.4791. Resources: rss=2143.3MB, peak_rss=2614.6MB, cuda_alloc=360.6MB, cuda_reserved=33576.0MB, cuda_peak_alloc=7062.6MB, cuda_free=14390.9MB, cuda_total=48519.1MB
[2026-06-11 18:18:12] Epoch 07 train batch [220/1875] loss=0.3661 avg_loss=0.4762. Resources: rss=2143.6MB, peak_rss=2614.6MB, cuda_alloc=360.6MB, cuda_reserved=33576.0MB, cuda_peak_alloc=7062.6MB, cuda_free=14390.9MB, cuda_total=48519.1MB
[2026-06-11 18:18:16] Epoch 07 train batch [240/1875] loss=0.3141 avg_loss=0.4733. Resources: rss=2143.7MB, peak_rss=2614.6MB, cuda_alloc=360.6MB, cuda_reserved=41376.0MB, cuda_peak_alloc=7062.6MB, cuda_free=6590.9MB, cuda_total=48519.1MB
[2026-06-11 18:18:20] Epoch 07 train batch [260/1875] loss=0.5736 avg_loss=0.4711. Resources: rss=2143.4MB, peak_rss=2614.6MB, cuda_alloc=360.6MB, cuda_reserved=41376.0MB, cuda_peak_alloc=7062.6MB, cuda_free=6590.9MB, cuda_total=48519.1MB
[2026-06-11 18:18:25] Epoch 07 train batch [280/1875] loss=0.6587 avg_loss=0.4723. Resources: rss=2143.3MB, peak_rss=2614.6MB, cuda_alloc=360.6MB, cuda_reserved=41376.0MB, cuda_peak_alloc=7062.6MB, cuda_free=6590.9MB, cuda_total=48519.1MB
[2026-06-11 18:18:29] Epoch 07 train batch [300/1875] loss=0.4318 avg_loss=0.4699. Resources: rss=2142.4MB, peak_rss=2614.6MB, cuda_alloc=360.6MB, cuda_reserved=41376.0MB, cuda_peak_alloc=7062.6MB, cuda_free=6590.9MB, cuda_total=48519.1MB
[2026-06-11 18:18:33] Epoch 07 train batch [320/1875] loss=0.5749 avg_loss=0.4727. Resources: rss=2141.4MB, peak_rss=2614.6MB, cuda_alloc=360.6MB, cuda_reserved=41376.0MB, cuda_peak_alloc=7062.6MB, cuda_free=6590.9MB, cuda_total=48519.1MB
[2026-06-11 18:18:37] Epoch 07 train batch [340/1875] loss=0.3682 avg_loss=0.4725. Resources: rss=2142.1MB, peak_rss=2614.6MB, cuda_alloc=360.6MB, cuda_reserved=41376.0MB, cuda_peak_alloc=7062.6MB, cuda_free=6590.9MB, cuda_total=48519.1MB
[2026-06-11 18:18:41] Epoch 07 train batch [360/1875] loss=0.5645 avg_loss=0.4700. Resources: rss=2141.8MB, peak_rss=2614.6MB, cuda_alloc=360.6MB, cuda_reserved=41376.0MB, cuda_peak_alloc=7062.6MB, cuda_free=6590.9MB, cuda_total=48519.1MB
[2026-06-11 18:18:46] Epoch 07 train batch [380/1875] loss=0.2596 avg_loss=0.4674. Resources: rss=2142.4MB, peak_rss=2614.6MB, cuda_alloc=360.6MB, cuda_reserved=41376.0MB, cuda_peak_alloc=7062.6MB, cuda_free=6590.9MB, cuda_total=48519.1MB
[2026-06-11 18:18:50] Epoch 07 train batch [400/1875] loss=0.3411 avg_loss=0.4648. Resources: rss=2141.8MB, peak_rss=2614.6MB, cuda_alloc=360.6MB, cuda_reserved=45276.0MB, cuda_peak_alloc=7062.6MB, cuda_free=2690.9MB, cuda_total=48519.1MB
[2026-06-11 18:18:54] Epoch 07 train batch [420/1875] loss=0.2376 avg_loss=0.4678. Resources: rss=2144.4MB, peak_rss=2614.6MB, cuda_alloc=360.6MB, cuda_reserved=45276.0MB, cuda_peak_alloc=7062.6MB, cuda_free=2690.9MB, cuda_total=48519.1MB
[2026-06-11 18:18:58] Epoch 07 train batch [440/1875] loss=0.2702 avg_loss=0.4671. Resources: rss=2143.9MB, peak_rss=2614.6MB, cuda_alloc=360.6MB, cuda_reserved=45276.0MB, cuda_peak_alloc=7062.6MB, cuda_free=2690.9MB, cuda_total=48519.1MB
[2026-06-11 18:19:02] Epoch 07 train batch [460/1875] loss=0.4108 avg_loss=0.4669. Resources: rss=2144.6MB, peak_rss=2614.6MB, cuda_alloc=360.6MB, cuda_reserved=45276.0MB, cuda_peak_alloc=7062.6MB, cuda_free=2690.9MB, cuda_total=48519.1MB
[2026-06-11 18:19:06] Epoch 07 train batch [480/1875] loss=0.3603 avg_loss=0.4638. Resources: rss=2145.3MB, peak_rss=2614.6MB, cuda_alloc=360.6MB, cuda_reserved=45276.0MB, cuda_peak_alloc=7062.6MB, cuda_free=2690.9MB, cuda_total=48519.1MB
[2026-06-11 18:19:10] Epoch 07 train batch [500/1875] loss=0.5887 avg_loss=0.4633. Resources: rss=2144.0MB, peak_rss=2614.6MB, cuda_alloc=360.6MB, cuda_reserved=45276.0MB, cuda_peak_alloc=7062.6MB, cuda_free=2690.9MB, cuda_total=48519.1MB
[2026-06-11 18:19:14] Epoch 07 train batch [520/1875] loss=0.2998 avg_loss=0.4633. Resources: rss=2145.2MB, peak_rss=2614.6MB, cuda_alloc=360.6MB, cuda_reserved=45276.0MB, cuda_peak_alloc=7062.6MB, cuda_free=2690.9MB, cuda_total=48519.1MB
[2026-06-11 18:19:21] Epoch 07 train batch [540/1875] loss=0.4354 avg_loss=0.4624. Resources: rss=2143.8MB, peak_rss=2614.6MB, cuda_alloc=360.6MB, cuda_reserved=26356.0MB, cuda_peak_alloc=7062.6MB, cuda_free=21610.9MB, cuda_total=48519.1MB
[2026-06-11 18:19:26] Epoch 07 train batch [560/1875] loss=0.4244 avg_loss=0.4628. Resources: rss=2144.3MB, peak_rss=2614.6MB, cuda_alloc=360.6MB, cuda_reserved=19996.0MB, cuda_peak_alloc=7062.6MB, cuda_free=27970.9MB, cuda_total=48519.1MB
[2026-06-11 18:19:30] Epoch 07 train batch [580/1875] loss=0.9629 avg_loss=0.4652. Resources: rss=2144.0MB, peak_rss=2614.6MB, cuda_alloc=360.6MB, cuda_reserved=33096.0MB, cuda_peak_alloc=7062.6MB, cuda_free=14870.9MB, cuda_total=48519.1MB
[2026-06-11 18:19:34] Epoch 07 train batch [600/1875] loss=0.2076 avg_loss=0.4676. Resources: rss=2144.4MB, peak_rss=2614.6MB, cuda_alloc=360.6MB, cuda_reserved=47036.0MB, cuda_peak_alloc=7062.6MB, cuda_free=930.9MB, cuda_total=48519.1MB
[2026-06-11 18:19:41] Epoch 07 train batch [620/1875] loss=0.5745 avg_loss=0.4681. Resources: rss=2145.3MB, peak_rss=2614.6MB, cuda_alloc=360.6MB, cuda_reserved=28056.0MB, cuda_peak_alloc=7062.6MB, cuda_free=19910.9MB, cuda_total=48519.1MB
[2026-06-11 18:19:46] Epoch 07 train batch [640/1875] loss=0.4144 avg_loss=0.4678. Resources: rss=2144.9MB, peak_rss=2614.6MB, cuda_alloc=360.6MB, cuda_reserved=12356.0MB, cuda_peak_alloc=7062.6MB, cuda_free=35610.9MB, cuda_total=48519.1MB
[2026-06-11 18:19:51] Epoch 07 train batch [660/1875] loss=0.4109 avg_loss=0.4676. Resources: rss=2144.7MB, peak_rss=2614.6MB, cuda_alloc=360.6MB, cuda_reserved=36856.0MB, cuda_peak_alloc=7062.6MB, cuda_free=11110.9MB, cuda_total=48519.1MB
[2026-06-11 18:19:55] Epoch 07 train batch [680/1875] loss=0.3676 avg_loss=0.4671. Resources: rss=2144.7MB, peak_rss=2614.6MB, cuda_alloc=360.6MB, cuda_reserved=36856.0MB, cuda_peak_alloc=7062.6MB, cuda_free=11110.9MB, cuda_total=48519.1MB
[2026-06-11 18:19:59] Epoch 07 train batch [700/1875] loss=0.3618 avg_loss=0.4672. Resources: rss=2145.3MB, peak_rss=2614.6MB, cuda_alloc=360.6MB, cuda_reserved=36896.0MB, cuda_peak_alloc=7062.6MB, cuda_free=11070.9MB, cuda_total=48519.1MB
[2026-06-11 18:20:03] Epoch 07 train batch [720/1875] loss=0.4545 avg_loss=0.4658. Resources: rss=2146.0MB, peak_rss=2614.6MB, cuda_alloc=360.6MB, cuda_reserved=40036.0MB, cuda_peak_alloc=7062.6MB, cuda_free=7930.9MB, cuda_total=48519.1MB
[2026-06-11 18:20:07] Epoch 07 train batch [740/1875] loss=0.2101 avg_loss=0.4655. Resources: rss=2148.3MB, peak_rss=2614.6MB, cuda_alloc=360.6MB, cuda_reserved=40036.0MB, cuda_peak_alloc=7062.6MB, cuda_free=7930.9MB, cuda_total=48519.1MB
[2026-06-11 18:20:12] Epoch 07 train batch [760/1875] loss=0.7549 avg_loss=0.4667. Resources: rss=2148.6MB, peak_rss=2614.6MB, cuda_alloc=360.6MB, cuda_reserved=42076.0MB, cuda_peak_alloc=7062.6MB, cuda_free=5890.9MB, cuda_total=48519.1MB
[2026-06-11 18:20:16] Epoch 07 train batch [780/1875] loss=0.5061 avg_loss=0.4647. Resources: rss=2148.7MB, peak_rss=2614.6MB, cuda_alloc=360.6MB, cuda_reserved=42076.0MB, cuda_peak_alloc=7062.6MB, cuda_free=5890.9MB, cuda_total=48519.1MB
[2026-06-11 18:20:20] Epoch 07 train batch [800/1875] loss=0.3873 avg_loss=0.4649. Resources: rss=2149.3MB, peak_rss=2614.6MB, cuda_alloc=360.6MB, cuda_reserved=42076.0MB, cuda_peak_alloc=7062.6MB, cuda_free=5890.9MB, cuda_total=48519.1MB
[2026-06-11 18:20:24] Epoch 07 train batch [820/1875] loss=0.5608 avg_loss=0.4656. Resources: rss=2150.1MB, peak_rss=2614.6MB, cuda_alloc=360.6MB, cuda_reserved=42076.0MB, cuda_peak_alloc=7062.6MB, cuda_free=5890.9MB, cuda_total=48519.1MB
[2026-06-11 18:20:29] Epoch 07 train batch [840/1875] loss=0.4725 avg_loss=0.4663. Resources: rss=2149.5MB, peak_rss=2614.6MB, cuda_alloc=360.6MB, cuda_reserved=42076.0MB, cuda_peak_alloc=7062.6MB, cuda_free=5890.9MB, cuda_total=48519.1MB
[2026-06-11 18:20:33] Epoch 07 train batch [860/1875] loss=0.5623 avg_loss=0.4658. Resources: rss=2150.8MB, peak_rss=2614.6MB, cuda_alloc=360.6MB, cuda_reserved=42076.0MB, cuda_peak_alloc=7062.6MB, cuda_free=5890.9MB, cuda_total=48519.1MB
[2026-06-11 18:20:37] Epoch 07 train batch [880/1875] loss=0.3678 avg_loss=0.4664. Resources: rss=2150.4MB, peak_rss=2614.6MB, cuda_alloc=360.6MB, cuda_reserved=42076.0MB, cuda_peak_alloc=7062.6MB, cuda_free=5890.9MB, cuda_total=48519.1MB
[2026-06-11 18:20:42] Epoch 07 train batch [900/1875] loss=0.2830 avg_loss=0.4661. Resources: rss=2150.4MB, peak_rss=2614.6MB, cuda_alloc=360.6MB, cuda_reserved=42076.0MB, cuda_peak_alloc=7062.6MB, cuda_free=5890.9MB, cuda_total=48519.1MB
[2026-06-11 18:20:46] Epoch 07 train batch [920/1875] loss=0.3530 avg_loss=0.4675. Resources: rss=2150.6MB, peak_rss=2614.6MB, cuda_alloc=360.6MB, cuda_reserved=42076.0MB, cuda_peak_alloc=7062.6MB, cuda_free=5890.9MB, cuda_total=48519.1MB
[2026-06-11 18:20:50] Epoch 07 train batch [940/1875] loss=0.5381 avg_loss=0.4675. Resources: rss=2149.7MB, peak_rss=2614.6MB, cuda_alloc=360.6MB, cuda_reserved=42076.0MB, cuda_peak_alloc=7062.6MB, cuda_free=5890.9MB, cuda_total=48519.1MB
[2026-06-11 18:20:54] Epoch 07 train batch [960/1875] loss=0.4195 avg_loss=0.4666. Resources: rss=2150.5MB, peak_rss=2614.6MB, cuda_alloc=360.6MB, cuda_reserved=42076.0MB, cuda_peak_alloc=7062.6MB, cuda_free=5890.9MB, cuda_total=48519.1MB
[2026-06-11 18:20:58] Epoch 07 train batch [980/1875] loss=0.6100 avg_loss=0.4658. Resources: rss=2150.8MB, peak_rss=2614.6MB, cuda_alloc=360.6MB, cuda_reserved=42076.0MB, cuda_peak_alloc=7062.6MB, cuda_free=5890.9MB, cuda_total=48519.1MB
[2026-06-11 18:21:03] Epoch 07 train batch [1000/1875] loss=0.3873 avg_loss=0.4644. Resources: rss=2150.8MB, peak_rss=2614.6MB, cuda_alloc=360.6MB, cuda_reserved=42076.0MB, cuda_peak_alloc=7062.6MB, cuda_free=5891.8MB, cuda_total=48519.1MB
[2026-06-11 18:21:07] Epoch 07 train batch [1020/1875] loss=0.6900 avg_loss=0.4649. Resources: rss=2151.4MB, peak_rss=2614.6MB, cuda_alloc=360.6MB, cuda_reserved=42076.0MB, cuda_peak_alloc=7062.6MB, cuda_free=5891.8MB, cuda_total=48519.1MB
[2026-06-11 18:21:11] Epoch 07 train batch [1040/1875] loss=0.5053 avg_loss=0.4646. Resources: rss=2151.1MB, peak_rss=2614.6MB, cuda_alloc=360.6MB, cuda_reserved=42076.0MB, cuda_peak_alloc=7062.6MB, cuda_free=5891.8MB, cuda_total=48519.1MB
[2026-06-11 18:21:15] Epoch 07 train batch [1060/1875] loss=0.9465 avg_loss=0.4651. Resources: rss=2150.0MB, peak_rss=2614.6MB, cuda_alloc=360.6MB, cuda_reserved=42076.0MB, cuda_peak_alloc=7062.6MB, cuda_free=5891.8MB, cuda_total=48519.1MB
[2026-06-11 18:21:19] Epoch 07 train batch [1080/1875] loss=0.4282 avg_loss=0.4646. Resources: rss=2150.7MB, peak_rss=2614.6MB, cuda_alloc=360.6MB, cuda_reserved=42076.0MB, cuda_peak_alloc=7062.6MB, cuda_free=5891.8MB, cuda_total=48519.1MB
[2026-06-11 18:21:23] Epoch 07 train batch [1100/1875] loss=0.4063 avg_loss=0.4641. Resources: rss=2150.0MB, peak_rss=2614.6MB, cuda_alloc=360.6MB, cuda_reserved=42076.0MB, cuda_peak_alloc=7062.6MB, cuda_free=5891.8MB, cuda_total=48519.1MB
[2026-06-11 18:21:28] Epoch 07 train batch [1120/1875] loss=0.3096 avg_loss=0.4643. Resources: rss=2150.2MB, peak_rss=2614.6MB, cuda_alloc=360.6MB, cuda_reserved=42076.0MB, cuda_peak_alloc=7062.6MB, cuda_free=5891.8MB, cuda_total=48519.1MB
[2026-06-11 18:21:32] Epoch 07 train batch [1140/1875] loss=0.5004 avg_loss=0.4633. Resources: rss=2151.7MB, peak_rss=2614.6MB, cuda_alloc=360.6MB, cuda_reserved=45956.0MB, cuda_peak_alloc=7062.6MB, cuda_free=2011.8MB, cuda_total=48519.1MB
[2026-06-11 18:21:36] Epoch 07 train batch [1160/1875] loss=0.3534 avg_loss=0.4624. Resources: rss=2150.4MB, peak_rss=2614.6MB, cuda_alloc=360.6MB, cuda_reserved=45956.0MB, cuda_peak_alloc=7062.6MB, cuda_free=2011.8MB, cuda_total=48519.1MB
[2026-06-11 18:21:40] Epoch 07 train batch [1180/1875] loss=0.3058 avg_loss=0.4629. Resources: rss=2154.5MB, peak_rss=2614.6MB, cuda_alloc=360.6MB, cuda_reserved=45956.0MB, cuda_peak_alloc=7062.6MB, cuda_free=2011.8MB, cuda_total=48519.1MB
[2026-06-11 18:21:44] Epoch 07 train batch [1200/1875] loss=0.2781 avg_loss=0.4637. Resources: rss=2153.8MB, peak_rss=2614.6MB, cuda_alloc=360.6MB, cuda_reserved=45956.0MB, cuda_peak_alloc=7062.6MB, cuda_free=2011.8MB, cuda_total=48519.1MB
[2026-06-11 18:21:48] Epoch 07 train batch [1220/1875] loss=0.7630 avg_loss=0.4636. Resources: rss=2154.0MB, peak_rss=2614.6MB, cuda_alloc=360.6MB, cuda_reserved=45956.0MB, cuda_peak_alloc=7062.6MB, cuda_free=2011.8MB, cuda_total=48519.1MB
[2026-06-11 18:21:53] Epoch 07 train batch [1240/1875] loss=0.5070 avg_loss=0.4644. Resources: rss=2154.2MB, peak_rss=2614.6MB, cuda_alloc=360.6MB, cuda_reserved=45956.0MB, cuda_peak_alloc=7062.6MB, cuda_free=2011.8MB, cuda_total=48519.1MB
[2026-06-11 18:21:58] Epoch 07 train batch [1260/1875] loss=0.3814 avg_loss=0.4644. Resources: rss=2154.8MB, peak_rss=2614.6MB, cuda_alloc=360.6MB, cuda_reserved=47916.0MB, cuda_peak_alloc=7062.6MB, cuda_free=51.8MB, cuda_total=48519.1MB
[2026-06-11 18:22:03] Epoch 07 train batch [1280/1875] loss=0.5009 avg_loss=0.4646. Resources: rss=2153.5MB, peak_rss=2614.6MB, cuda_alloc=360.6MB, cuda_reserved=28856.0MB, cuda_peak_alloc=7062.6MB, cuda_free=19111.8MB, cuda_total=48519.1MB
[2026-06-11 18:22:07] Epoch 07 train batch [1300/1875] loss=0.3645 avg_loss=0.4644. Resources: rss=2154.7MB, peak_rss=2614.6MB, cuda_alloc=360.6MB, cuda_reserved=39336.0MB, cuda_peak_alloc=7062.6MB, cuda_free=8631.8MB, cuda_total=48519.1MB
[2026-06-11 18:22:11] Epoch 07 train batch [1320/1875] loss=0.4089 avg_loss=0.4651. Resources: rss=2154.7MB, peak_rss=2614.6MB, cuda_alloc=360.6MB, cuda_reserved=39336.0MB, cuda_peak_alloc=7062.6MB, cuda_free=8631.8MB, cuda_total=48519.1MB
[2026-06-11 18:22:16] Epoch 07 train batch [1340/1875] loss=0.4675 avg_loss=0.4650. Resources: rss=2153.8MB, peak_rss=2614.6MB, cuda_alloc=360.6MB, cuda_reserved=39336.0MB, cuda_peak_alloc=7062.6MB, cuda_free=8631.8MB, cuda_total=48519.1MB
[2026-06-11 18:22:20] Epoch 07 train batch [1360/1875] loss=0.3270 avg_loss=0.4648. Resources: rss=2153.4MB, peak_rss=2614.6MB, cuda_alloc=360.6MB, cuda_reserved=39336.0MB, cuda_peak_alloc=7062.6MB, cuda_free=8631.8MB, cuda_total=48519.1MB
[2026-06-11 18:22:24] Epoch 07 train batch [1380/1875] loss=0.3146 avg_loss=0.4644. Resources: rss=2154.5MB, peak_rss=2614.6MB, cuda_alloc=360.6MB, cuda_reserved=39336.0MB, cuda_peak_alloc=7062.6MB, cuda_free=8631.8MB, cuda_total=48519.1MB
[2026-06-11 18:22:28] Epoch 07 train batch [1400/1875] loss=0.4222 avg_loss=0.4633. Resources: rss=2154.5MB, peak_rss=2614.6MB, cuda_alloc=360.6MB, cuda_reserved=40616.0MB, cuda_peak_alloc=7062.6MB, cuda_free=7351.8MB, cuda_total=48519.1MB
[2026-06-11 18:22:33] Epoch 07 train batch [1420/1875] loss=0.3162 avg_loss=0.4619. Resources: rss=2154.0MB, peak_rss=2614.6MB, cuda_alloc=360.6MB, cuda_reserved=40616.0MB, cuda_peak_alloc=7062.6MB, cuda_free=7351.8MB, cuda_total=48519.1MB
[2026-06-11 18:22:37] Epoch 07 train batch [1440/1875] loss=0.4690 avg_loss=0.4612. Resources: rss=2154.4MB, peak_rss=2614.6MB, cuda_alloc=360.6MB, cuda_reserved=40616.0MB, cuda_peak_alloc=7062.6MB, cuda_free=7351.8MB, cuda_total=48519.1MB
[2026-06-11 18:22:41] Epoch 07 train batch [1460/1875] loss=0.4819 avg_loss=0.4610. Resources: rss=2153.9MB, peak_rss=2614.6MB, cuda_alloc=360.6MB, cuda_reserved=40616.0MB, cuda_peak_alloc=7062.6MB, cuda_free=7351.8MB, cuda_total=48519.1MB
[2026-06-11 18:22:45] Epoch 07 train batch [1480/1875] loss=0.4499 avg_loss=0.4613. Resources: rss=2151.9MB, peak_rss=2614.6MB, cuda_alloc=360.6MB, cuda_reserved=40616.0MB, cuda_peak_alloc=7062.6MB, cuda_free=7351.8MB, cuda_total=48519.1MB
[2026-06-11 18:22:49] Epoch 07 train batch [1500/1875] loss=0.3334 avg_loss=0.4602. Resources: rss=2152.0MB, peak_rss=2614.6MB, cuda_alloc=360.6MB, cuda_reserved=40616.0MB, cuda_peak_alloc=7062.6MB, cuda_free=7351.8MB, cuda_total=48519.1MB
[2026-06-11 18:22:53] Epoch 07 train batch [1520/1875] loss=0.4721 avg_loss=0.4598. Resources: rss=2152.6MB, peak_rss=2614.6MB, cuda_alloc=360.6MB, cuda_reserved=40616.0MB, cuda_peak_alloc=7062.6MB, cuda_free=7351.8MB, cuda_total=48519.1MB
[2026-06-11 18:22:58] Epoch 07 train batch [1540/1875] loss=0.4515 avg_loss=0.4594. Resources: rss=2152.4MB, peak_rss=2614.6MB, cuda_alloc=360.6MB, cuda_reserved=40616.0MB, cuda_peak_alloc=7062.6MB, cuda_free=7350.9MB, cuda_total=48519.1MB
[2026-06-11 18:23:02] Epoch 07 train batch [1560/1875] loss=0.4097 avg_loss=0.4598. Resources: rss=2153.0MB, peak_rss=2614.6MB, cuda_alloc=360.6MB, cuda_reserved=40616.0MB, cuda_peak_alloc=7062.6MB, cuda_free=7350.9MB, cuda_total=48519.1MB
[2026-06-11 18:23:06] Epoch 07 train batch [1580/1875] loss=0.3805 avg_loss=0.4602. Resources: rss=2152.6MB, peak_rss=2614.6MB, cuda_alloc=360.6MB, cuda_reserved=40616.0MB, cuda_peak_alloc=7062.6MB, cuda_free=7350.9MB, cuda_total=48519.1MB
[2026-06-11 18:23:11] Epoch 07 train batch [1600/1875] loss=0.6832 avg_loss=0.4600. Resources: rss=2152.8MB, peak_rss=2614.6MB, cuda_alloc=360.6MB, cuda_reserved=40616.0MB, cuda_peak_alloc=7062.6MB, cuda_free=7350.9MB, cuda_total=48519.1MB
[2026-06-11 18:23:16] Epoch 07 train batch [1620/1875] loss=0.2303 avg_loss=0.4597. Resources: rss=2154.3MB, peak_rss=2614.6MB, cuda_alloc=360.6MB, cuda_reserved=20416.0MB, cuda_peak_alloc=7062.6MB, cuda_free=27550.9MB, cuda_total=48519.1MB
[2026-06-11 18:23:21] Epoch 07 train batch [1640/1875] loss=0.2166 avg_loss=0.4587. Resources: rss=2155.3MB, peak_rss=2614.6MB, cuda_alloc=360.6MB, cuda_reserved=28616.0MB, cuda_peak_alloc=7062.6MB, cuda_free=19350.9MB, cuda_total=48519.1MB
[2026-06-11 18:23:26] Epoch 07 train batch [1660/1875] loss=0.4134 avg_loss=0.4592. Resources: rss=2154.3MB, peak_rss=2614.6MB, cuda_alloc=360.6MB, cuda_reserved=28616.0MB, cuda_peak_alloc=7062.6MB, cuda_free=19350.9MB, cuda_total=48519.1MB
[2026-06-11 18:23:30] Epoch 07 train batch [1680/1875] loss=0.5184 avg_loss=0.4587. Resources: rss=2154.7MB, peak_rss=2614.6MB, cuda_alloc=360.6MB, cuda_reserved=38636.0MB, cuda_peak_alloc=7062.6MB, cuda_free=9330.9MB, cuda_total=48519.1MB
[2026-06-11 18:23:34] Epoch 07 train batch [1700/1875] loss=0.4222 avg_loss=0.4586. Resources: rss=2154.5MB, peak_rss=2614.6MB, cuda_alloc=360.6MB, cuda_reserved=38636.0MB, cuda_peak_alloc=7062.6MB, cuda_free=9330.9MB, cuda_total=48519.1MB
[2026-06-11 18:23:38] Epoch 07 train batch [1720/1875] loss=0.6643 avg_loss=0.4589. Resources: rss=2154.5MB, peak_rss=2614.6MB, cuda_alloc=360.6MB, cuda_reserved=38636.0MB, cuda_peak_alloc=7062.6MB, cuda_free=9330.9MB, cuda_total=48519.1MB
[2026-06-11 18:23:42] Epoch 07 train batch [1740/1875] loss=0.2490 avg_loss=0.4584. Resources: rss=2154.1MB, peak_rss=2614.6MB, cuda_alloc=360.6MB, cuda_reserved=40136.0MB, cuda_peak_alloc=7062.6MB, cuda_free=7830.9MB, cuda_total=48519.1MB
[2026-06-11 18:23:47] Epoch 07 train batch [1760/1875] loss=0.4621 avg_loss=0.4577. Resources: rss=2154.5MB, peak_rss=2614.6MB, cuda_alloc=360.6MB, cuda_reserved=41416.0MB, cuda_peak_alloc=7062.6MB, cuda_free=6550.9MB, cuda_total=48519.1MB
[2026-06-11 18:23:51] Epoch 07 train batch [1780/1875] loss=0.4839 avg_loss=0.4575. Resources: rss=2154.3MB, peak_rss=2614.6MB, cuda_alloc=360.6MB, cuda_reserved=44156.0MB, cuda_peak_alloc=7062.6MB, cuda_free=3810.9MB, cuda_total=48519.1MB
[2026-06-11 18:23:55] Epoch 07 train batch [1800/1875] loss=0.4286 avg_loss=0.4577. Resources: rss=2155.0MB, peak_rss=2614.6MB, cuda_alloc=360.6MB, cuda_reserved=44156.0MB, cuda_peak_alloc=7062.6MB, cuda_free=3810.9MB, cuda_total=48519.1MB
[2026-06-11 18:23:59] Epoch 07 train batch [1820/1875] loss=0.5567 avg_loss=0.4571. Resources: rss=2155.0MB, peak_rss=2614.6MB, cuda_alloc=360.6MB, cuda_reserved=44156.0MB, cuda_peak_alloc=7062.6MB, cuda_free=3810.9MB, cuda_total=48519.1MB
[2026-06-11 18:24:03] Epoch 07 train batch [1840/1875] loss=0.4775 avg_loss=0.4569. Resources: rss=2154.8MB, peak_rss=2614.6MB, cuda_alloc=360.6MB, cuda_reserved=44156.0MB, cuda_peak_alloc=7062.6MB, cuda_free=3810.9MB, cuda_total=48519.1MB
[2026-06-11 18:24:09] Epoch 07 train batch [1860/1875] loss=0.4275 avg_loss=0.4565. Resources: rss=2154.8MB, peak_rss=2614.6MB, cuda_alloc=360.6MB, cuda_reserved=17016.0MB, cuda_peak_alloc=7062.6MB, cuda_free=30950.9MB, cuda_total=48519.1MB
[2026-06-11 18:24:12] Epoch 07 train batch [1875/1875] loss=0.3777 avg_loss=0.4560. Resources: rss=2154.3MB, peak_rss=2614.6MB, cuda_alloc=360.6MB, cuda_reserved=38896.0MB, cuda_peak_alloc=7062.6MB, cuda_free=9070.9MB, cuda_total=48519.1MB
[2026-06-11 18:24:12] Epoch 07 training completed. Resources: rss=2146.4MB, peak_rss=2614.6MB, cuda_alloc=360.6MB, cuda_reserved=38896.0MB, cuda_peak_alloc=7062.6MB, cuda_free=9070.9MB, cuda_total=48519.1MB
[2026-06-11 18:24:13] Epoch 07 cache released before validation loss. Resources: rss=2144.0MB, peak_rss=2614.6MB, cuda_alloc=360.6MB, cuda_reserved=558.0MB, cuda_peak_alloc=360.6MB, cuda_free=47408.9MB, cuda_total=48519.1MB
[2026-06-11 18:24:44] Epoch 07 validation loss completed: 0.5104. Resources: rss=2142.9MB, peak_rss=2614.6MB, cuda_alloc=360.6MB, cuda_reserved=11246.0MB, cuda_peak_alloc=2034.0MB, cuda_free=36720.9MB, cuda_total=48519.1MB
[2026-06-11 18:24:44] Epoch 07 cache released before detection metrics. Resources: rss=2142.9MB, peak_rss=2614.6MB, cuda_alloc=360.6MB, cuda_reserved=558.0MB, cuda_peak_alloc=360.6MB, cuda_free=47408.9MB, cuda_total=48519.1MB
[2026-06-11 18:25:16] Epoch 07 prediction tensors moved to CPU. Computing metrics. Resources: rss=2142.1MB, peak_rss=2614.6MB, cuda_alloc=360.6MB, cuda_reserved=558.0MB, cuda_peak_alloc=360.6MB, cuda_free=47408.9MB, cuda_total=48519.1MB
[2026-06-11 18:25:16] Epoch 07 metrics computed (mAP@0.5 only). Saving artifacts. Resources: rss=2144.3MB, peak_rss=2614.6MB, cuda_alloc=360.6MB, cuda_reserved=558.0MB, cuda_peak_alloc=360.6MB, cuda_free=47408.9MB, cuda_total=48519.1MB
[2026-06-11 18:25:16] Epoch 07 did not improve mAP@0.5 enough. Early stopping counter: 1/10.
Epoch [07/50]
├── Train Loss : 0.4560
│   ├── loss_classifier  : 0.2612
│   ├── loss_box_reg     : 0.1949
│   ├── loss_objectness  : 0.0000
│   └── loss_rpn_box_reg : 0.0000
├── Val Loss   : 0.5104
├── mAP@0.5    : 0.6803
├── mAP@0.75   : n/a
├── mAP@0.5:0.95 : n/a
├── Precision  : 0.0492
├── Recall     : 0.9480
├── GT Boxes   : 2021
├── Predictions: 38962
├── Per-class AP
│   ├── person  : AP50=0.7751, AP75=n/a, AP50:95=n/a, P=0.0701, R=0.9600
│   ├── car     : AP50=0.7095, AP75=n/a, AP50:95=n/a, P=0.0489, R=0.9470
│   ├── dog     : AP50=0.7728, AP75=n/a, AP50:95=n/a, P=0.0457, R=0.9660
│   ├── cat     : AP50=0.6749, AP75=n/a, AP50:95=n/a, P=0.0460, R=0.9659
│   └── chair   : AP50=0.4693, AP75=n/a, AP50:95=n/a, P=0.0231, R=0.8794
├── LR         : 0.000983
└── Time       : 473.3s
[2026-06-11 18:25:17] Epoch [07/50] completed. Resources: rss=2141.2MB, peak_rss=2614.6MB, cuda_alloc=360.6MB, cuda_reserved=558.0MB, cuda_peak_alloc=360.6MB, cuda_free=47408.9MB, cuda_total=48519.1MB
[2026-06-11 18:25:17] Epoch [08/50] started. Resources: rss=2141.2MB, peak_rss=2614.6MB, cuda_alloc=360.6MB, cuda_reserved=558.0MB, cuda_peak_alloc=360.6MB, cuda_free=47408.9MB, cuda_total=48519.1MB
[2026-06-11 18:25:21] Epoch 08 train batch [20/1875] loss=0.3349 avg_loss=0.3916. Resources: rss=2148.1MB, peak_rss=2614.6MB, cuda_alloc=360.6MB, cuda_reserved=32318.0MB, cuda_peak_alloc=7060.2MB, cuda_free=15648.9MB, cuda_total=48519.1MB
[2026-06-11 18:25:27] Epoch 08 train batch [40/1875] loss=0.4498 avg_loss=0.4007. Resources: rss=2150.1MB, peak_rss=2614.6MB, cuda_alloc=360.6MB, cuda_reserved=17836.0MB, cuda_peak_alloc=7061.4MB, cuda_free=30130.9MB, cuda_total=48519.1MB
[2026-06-11 18:25:33] Epoch 08 train batch [60/1875] loss=0.4425 avg_loss=0.4125. Resources: rss=2150.7MB, peak_rss=2614.6MB, cuda_alloc=360.6MB, cuda_reserved=21776.0MB, cuda_peak_alloc=7061.9MB, cuda_free=26190.9MB, cuda_total=48519.1MB
[2026-06-11 18:25:39] Epoch 08 train batch [80/1875] loss=0.3804 avg_loss=0.4152. Resources: rss=2149.7MB, peak_rss=2614.6MB, cuda_alloc=360.6MB, cuda_reserved=26196.0MB, cuda_peak_alloc=7061.9MB, cuda_free=21770.9MB, cuda_total=48519.1MB
[2026-06-11 18:25:44] Epoch 08 train batch [100/1875] loss=0.2199 avg_loss=0.4094. Resources: rss=2150.6MB, peak_rss=2614.6MB, cuda_alloc=360.6MB, cuda_reserved=47756.0MB, cuda_peak_alloc=7061.9MB, cuda_free=210.9MB, cuda_total=48519.1MB
[2026-06-11 18:25:50] Epoch 08 train batch [120/1875] loss=0.6061 avg_loss=0.4052. Resources: rss=2150.6MB, peak_rss=2614.6MB, cuda_alloc=360.6MB, cuda_reserved=26736.0MB, cuda_peak_alloc=7061.9MB, cuda_free=21230.9MB, cuda_total=48519.1MB
[2026-06-11 18:25:54] Epoch 08 train batch [140/1875] loss=0.5380 avg_loss=0.4155. Resources: rss=2151.1MB, peak_rss=2614.6MB, cuda_alloc=360.6MB, cuda_reserved=47216.0MB, cuda_peak_alloc=7061.9MB, cuda_free=750.9MB, cuda_total=48519.1MB
[2026-06-11 18:25:58] Epoch 08 train batch [160/1875] loss=0.4395 avg_loss=0.4105. Resources: rss=2150.8MB, peak_rss=2614.6MB, cuda_alloc=360.6MB, cuda_reserved=47216.0MB, cuda_peak_alloc=7061.9MB, cuda_free=750.9MB, cuda_total=48519.1MB
[2026-06-11 18:26:02] Epoch 08 train batch [180/1875] loss=0.3124 avg_loss=0.4063. Resources: rss=2152.9MB, peak_rss=2614.6MB, cuda_alloc=360.6MB, cuda_reserved=47216.0MB, cuda_peak_alloc=7062.3MB, cuda_free=750.9MB, cuda_total=48519.1MB
[2026-06-11 18:26:06] Epoch 08 train batch [200/1875] loss=0.2916 avg_loss=0.4030. Resources: rss=2152.5MB, peak_rss=2614.6MB, cuda_alloc=360.6MB, cuda_reserved=47216.0MB, cuda_peak_alloc=7062.3MB, cuda_free=750.9MB, cuda_total=48519.1MB
[2026-06-11 18:26:12] Epoch 08 train batch [220/1875] loss=0.6313 avg_loss=0.4048. Resources: rss=2151.3MB, peak_rss=2614.6MB, cuda_alloc=360.6MB, cuda_reserved=37436.0MB, cuda_peak_alloc=7062.3MB, cuda_free=10530.9MB, cuda_total=48519.1MB
[2026-06-11 18:26:16] Epoch 08 train batch [240/1875] loss=0.3119 avg_loss=0.4055. Resources: rss=2151.9MB, peak_rss=2614.6MB, cuda_alloc=360.6MB, cuda_reserved=37436.0MB, cuda_peak_alloc=7062.3MB, cuda_free=10530.9MB, cuda_total=48519.1MB
[2026-06-11 18:26:20] Epoch 08 train batch [260/1875] loss=0.6371 avg_loss=0.4053. Resources: rss=2151.3MB, peak_rss=2614.6MB, cuda_alloc=360.6MB, cuda_reserved=37436.0MB, cuda_peak_alloc=7062.3MB, cuda_free=10530.9MB, cuda_total=48519.1MB
[2026-06-11 18:26:24] Epoch 08 train batch [280/1875] loss=0.6024 avg_loss=0.4049. Resources: rss=2151.0MB, peak_rss=2614.6MB, cuda_alloc=360.6MB, cuda_reserved=37436.0MB, cuda_peak_alloc=7062.3MB, cuda_free=10530.9MB, cuda_total=48519.1MB
[2026-06-11 18:26:29] Epoch 08 train batch [300/1875] loss=0.6682 avg_loss=0.4059. Resources: rss=2151.6MB, peak_rss=2614.6MB, cuda_alloc=360.6MB, cuda_reserved=19196.0MB, cuda_peak_alloc=7062.3MB, cuda_free=28770.9MB, cuda_total=48519.1MB
[2026-06-11 18:26:35] Epoch 08 train batch [320/1875] loss=0.3089 avg_loss=0.4082. Resources: rss=2152.4MB, peak_rss=2614.6MB, cuda_alloc=360.6MB, cuda_reserved=28056.0MB, cuda_peak_alloc=7062.3MB, cuda_free=19910.9MB, cuda_total=48519.1MB
[2026-06-11 18:26:39] Epoch 08 train batch [340/1875] loss=0.3815 avg_loss=0.4063. Resources: rss=2151.4MB, peak_rss=2614.6MB, cuda_alloc=360.6MB, cuda_reserved=30136.0MB, cuda_peak_alloc=7062.3MB, cuda_free=17830.9MB, cuda_total=48519.1MB
[2026-06-11 18:26:43] Epoch 08 train batch [360/1875] loss=0.3339 avg_loss=0.4048. Resources: rss=2151.4MB, peak_rss=2614.6MB, cuda_alloc=360.6MB, cuda_reserved=33736.0MB, cuda_peak_alloc=7062.5MB, cuda_free=14230.9MB, cuda_total=48519.1MB
[2026-06-11 18:26:47] Epoch 08 train batch [380/1875] loss=0.5697 avg_loss=0.4069. Resources: rss=2150.5MB, peak_rss=2614.6MB, cuda_alloc=360.6MB, cuda_reserved=41776.0MB, cuda_peak_alloc=7062.5MB, cuda_free=6190.9MB, cuda_total=48519.1MB
[2026-06-11 18:26:51] Epoch 08 train batch [400/1875] loss=0.2852 avg_loss=0.4075. Resources: rss=2151.0MB, peak_rss=2614.6MB, cuda_alloc=360.6MB, cuda_reserved=41776.0MB, cuda_peak_alloc=7062.5MB, cuda_free=6190.9MB, cuda_total=48519.1MB
[2026-06-11 18:26:56] Epoch 08 train batch [420/1875] loss=0.3194 avg_loss=0.4064. Resources: rss=2151.5MB, peak_rss=2614.6MB, cuda_alloc=360.6MB, cuda_reserved=41776.0MB, cuda_peak_alloc=7062.5MB, cuda_free=6190.9MB, cuda_total=48519.1MB
[2026-06-11 18:27:00] Epoch 08 train batch [440/1875] loss=0.2674 avg_loss=0.4063. Resources: rss=2149.5MB, peak_rss=2614.6MB, cuda_alloc=360.6MB, cuda_reserved=41776.0MB, cuda_peak_alloc=7062.5MB, cuda_free=6190.9MB, cuda_total=48519.1MB
[2026-06-11 18:27:05] Epoch 08 train batch [460/1875] loss=0.2882 avg_loss=0.4076. Resources: rss=2150.5MB, peak_rss=2614.6MB, cuda_alloc=360.6MB, cuda_reserved=15656.0MB, cuda_peak_alloc=7062.6MB, cuda_free=32310.9MB, cuda_total=48519.1MB
[2026-06-11 18:27:09] Epoch 08 train batch [480/1875] loss=0.4679 avg_loss=0.4074. Resources: rss=2150.2MB, peak_rss=2614.6MB, cuda_alloc=360.6MB, cuda_reserved=32576.0MB, cuda_peak_alloc=7062.6MB, cuda_free=15390.9MB, cuda_total=48519.1MB
[2026-06-11 18:27:14] Epoch 08 train batch [500/1875] loss=0.3136 avg_loss=0.4073. Resources: rss=2149.9MB, peak_rss=2614.6MB, cuda_alloc=360.6MB, cuda_reserved=23036.0MB, cuda_peak_alloc=7062.6MB, cuda_free=24930.9MB, cuda_total=48519.1MB
[2026-06-11 18:27:18] Epoch 08 train batch [520/1875] loss=0.5475 avg_loss=0.4062. Resources: rss=2151.3MB, peak_rss=2614.6MB, cuda_alloc=360.6MB, cuda_reserved=25876.0MB, cuda_peak_alloc=7062.6MB, cuda_free=22090.9MB, cuda_total=48519.1MB
[2026-06-11 18:27:23] Epoch 08 train batch [540/1875] loss=0.2853 avg_loss=0.4046. Resources: rss=2151.7MB, peak_rss=2614.6MB, cuda_alloc=360.6MB, cuda_reserved=27036.0MB, cuda_peak_alloc=7062.6MB, cuda_free=20930.9MB, cuda_total=48519.1MB
[2026-06-11 18:27:28] Epoch 08 train batch [560/1875] loss=0.3632 avg_loss=0.4060. Resources: rss=2151.1MB, peak_rss=2614.6MB, cuda_alloc=360.6MB, cuda_reserved=34616.0MB, cuda_peak_alloc=7062.6MB, cuda_free=13350.9MB, cuda_total=48519.1MB
[2026-06-11 18:27:32] Epoch 08 train batch [580/1875] loss=0.3356 avg_loss=0.4068. Resources: rss=2152.0MB, peak_rss=2614.6MB, cuda_alloc=360.6MB, cuda_reserved=34616.0MB, cuda_peak_alloc=7062.6MB, cuda_free=13350.9MB, cuda_total=48519.1MB
[2026-06-11 18:27:36] Epoch 08 train batch [600/1875] loss=0.4354 avg_loss=0.4093. Resources: rss=2152.3MB, peak_rss=2614.6MB, cuda_alloc=360.6MB, cuda_reserved=34616.0MB, cuda_peak_alloc=7062.6MB, cuda_free=13350.9MB, cuda_total=48519.1MB
[2026-06-11 18:27:40] Epoch 08 train batch [620/1875] loss=0.4389 avg_loss=0.4102. Resources: rss=2152.3MB, peak_rss=2614.6MB, cuda_alloc=351.4MB, cuda_reserved=34616.0MB, cuda_peak_alloc=7062.6MB, cuda_free=13350.9MB, cuda_total=48519.1MB
[2026-06-11 18:27:44] Epoch 08 train batch [640/1875] loss=1.7282 avg_loss=0.4117. Resources: rss=2152.1MB, peak_rss=2614.6MB, cuda_alloc=351.4MB, cuda_reserved=36436.0MB, cuda_peak_alloc=7062.6MB, cuda_free=11530.9MB, cuda_total=48519.1MB
[2026-06-11 18:27:48] Epoch 08 train batch [660/1875] loss=0.8506 avg_loss=0.4126. Resources: rss=2151.8MB, peak_rss=2614.6MB, cuda_alloc=360.6MB, cuda_reserved=36436.0MB, cuda_peak_alloc=7062.6MB, cuda_free=11530.9MB, cuda_total=48519.1MB
[2026-06-11 18:27:53] Epoch 08 train batch [680/1875] loss=0.4994 avg_loss=0.4142. Resources: rss=2152.3MB, peak_rss=2614.6MB, cuda_alloc=360.6MB, cuda_reserved=43096.0MB, cuda_peak_alloc=7062.6MB, cuda_free=4870.9MB, cuda_total=48519.1MB
[2026-06-11 18:27:57] Epoch 08 train batch [700/1875] loss=0.4004 avg_loss=0.4133. Resources: rss=2151.7MB, peak_rss=2614.6MB, cuda_alloc=360.6MB, cuda_reserved=43096.0MB, cuda_peak_alloc=7062.6MB, cuda_free=4870.9MB, cuda_total=48519.1MB
[2026-06-11 18:28:01] Epoch 08 train batch [720/1875] loss=0.2064 avg_loss=0.4143. Resources: rss=2151.1MB, peak_rss=2614.6MB, cuda_alloc=360.6MB, cuda_reserved=43096.0MB, cuda_peak_alloc=7062.6MB, cuda_free=4870.9MB, cuda_total=48519.1MB
[2026-06-11 18:28:05] Epoch 08 train batch [740/1875] loss=0.3752 avg_loss=0.4162. Resources: rss=2151.7MB, peak_rss=2614.6MB, cuda_alloc=360.6MB, cuda_reserved=43096.0MB, cuda_peak_alloc=7062.6MB, cuda_free=4870.9MB, cuda_total=48519.1MB
[2026-06-11 18:28:09] Epoch 08 train batch [760/1875] loss=0.4634 avg_loss=0.4171. Resources: rss=2151.9MB, peak_rss=2614.6MB, cuda_alloc=360.6MB, cuda_reserved=43096.0MB, cuda_peak_alloc=7062.6MB, cuda_free=4870.9MB, cuda_total=48519.1MB
[2026-06-11 18:28:13] Epoch 08 train batch [780/1875] loss=0.5202 avg_loss=0.4169. Resources: rss=2154.3MB, peak_rss=2614.6MB, cuda_alloc=360.6MB, cuda_reserved=43096.0MB, cuda_peak_alloc=7062.6MB, cuda_free=4870.9MB, cuda_total=48519.1MB
[2026-06-11 18:28:17] Epoch 08 train batch [800/1875] loss=0.2561 avg_loss=0.4174. Resources: rss=2153.3MB, peak_rss=2614.6MB, cuda_alloc=360.6MB, cuda_reserved=43096.0MB, cuda_peak_alloc=7062.6MB, cuda_free=4870.9MB, cuda_total=48519.1MB
[2026-06-11 18:28:22] Epoch 08 train batch [820/1875] loss=0.4573 avg_loss=0.4179. Resources: rss=2154.2MB, peak_rss=2614.6MB, cuda_alloc=360.6MB, cuda_reserved=43096.0MB, cuda_peak_alloc=7062.6MB, cuda_free=4870.9MB, cuda_total=48519.1MB
[2026-06-11 18:28:26] Epoch 08 train batch [840/1875] loss=0.2618 avg_loss=0.4177. Resources: rss=2155.5MB, peak_rss=2614.6MB, cuda_alloc=360.6MB, cuda_reserved=43096.0MB, cuda_peak_alloc=7062.6MB, cuda_free=4870.9MB, cuda_total=48519.1MB
[2026-06-11 18:28:30] Epoch 08 train batch [860/1875] loss=0.3658 avg_loss=0.4180. Resources: rss=2155.1MB, peak_rss=2614.6MB, cuda_alloc=360.6MB, cuda_reserved=43096.0MB, cuda_peak_alloc=7062.6MB, cuda_free=4870.9MB, cuda_total=48519.1MB
[2026-06-11 18:28:34] Epoch 08 train batch [880/1875] loss=0.6043 avg_loss=0.4224. Resources: rss=2154.4MB, peak_rss=2614.6MB, cuda_alloc=360.6MB, cuda_reserved=43096.0MB, cuda_peak_alloc=7062.6MB, cuda_free=4870.9MB, cuda_total=48519.1MB
[2026-06-11 18:28:40] Epoch 08 train batch [900/1875] loss=0.5610 avg_loss=0.4232. Resources: rss=2155.8MB, peak_rss=2614.6MB, cuda_alloc=360.6MB, cuda_reserved=18256.0MB, cuda_peak_alloc=7062.6MB, cuda_free=29710.9MB, cuda_total=48519.1MB
[2026-06-11 18:28:44] Epoch 08 train batch [920/1875] loss=0.3887 avg_loss=0.4226. Resources: rss=2157.2MB, peak_rss=2614.6MB, cuda_alloc=360.6MB, cuda_reserved=39976.0MB, cuda_peak_alloc=7062.6MB, cuda_free=7990.9MB, cuda_total=48519.1MB
[2026-06-11 18:28:49] Epoch 08 train batch [940/1875] loss=0.5294 avg_loss=0.4241. Resources: rss=2156.9MB, peak_rss=2614.6MB, cuda_alloc=351.4MB, cuda_reserved=39976.0MB, cuda_peak_alloc=7062.6MB, cuda_free=7990.9MB, cuda_total=48519.1MB
[2026-06-11 18:28:53] Epoch 08 train batch [960/1875] loss=0.3160 avg_loss=0.4234. Resources: rss=2157.0MB, peak_rss=2614.6MB, cuda_alloc=360.6MB, cuda_reserved=39976.0MB, cuda_peak_alloc=7062.6MB, cuda_free=7990.9MB, cuda_total=48519.1MB
[2026-06-11 18:28:57] Epoch 08 train batch [980/1875] loss=0.3649 avg_loss=0.4237. Resources: rss=2157.0MB, peak_rss=2614.6MB, cuda_alloc=360.6MB, cuda_reserved=39976.0MB, cuda_peak_alloc=7062.6MB, cuda_free=7990.9MB, cuda_total=48519.1MB
[2026-06-11 18:29:01] Epoch 08 train batch [1000/1875] loss=0.2688 avg_loss=0.4237. Resources: rss=2157.3MB, peak_rss=2614.6MB, cuda_alloc=360.6MB, cuda_reserved=39976.0MB, cuda_peak_alloc=7062.6MB, cuda_free=7990.9MB, cuda_total=48519.1MB
[2026-06-11 18:29:05] Epoch 08 train batch [1020/1875] loss=0.3189 avg_loss=0.4229. Resources: rss=2157.3MB, peak_rss=2614.6MB, cuda_alloc=360.6MB, cuda_reserved=39976.0MB, cuda_peak_alloc=7062.6MB, cuda_free=7990.9MB, cuda_total=48519.1MB
[2026-06-11 18:29:10] Epoch 08 train batch [1040/1875] loss=0.5640 avg_loss=0.4243. Resources: rss=2156.8MB, peak_rss=2614.6MB, cuda_alloc=360.6MB, cuda_reserved=39976.0MB, cuda_peak_alloc=7062.6MB, cuda_free=7990.9MB, cuda_total=48519.1MB
[2026-06-11 18:29:14] Epoch 08 train batch [1060/1875] loss=0.3977 avg_loss=0.4241. Resources: rss=2159.0MB, peak_rss=2614.6MB, cuda_alloc=360.6MB, cuda_reserved=39976.0MB, cuda_peak_alloc=7062.6MB, cuda_free=7990.9MB, cuda_total=48519.1MB
[2026-06-11 18:29:18] Epoch 08 train batch [1080/1875] loss=0.2694 avg_loss=0.4233. Resources: rss=2159.0MB, peak_rss=2614.6MB, cuda_alloc=360.6MB, cuda_reserved=41096.0MB, cuda_peak_alloc=7062.6MB, cuda_free=6870.9MB, cuda_total=48519.1MB
[2026-06-11 18:29:23] Epoch 08 train batch [1100/1875] loss=0.2797 avg_loss=0.4226. Resources: rss=2160.2MB, peak_rss=2614.6MB, cuda_alloc=360.6MB, cuda_reserved=22656.0MB, cuda_peak_alloc=7062.6MB, cuda_free=25310.9MB, cuda_total=48519.1MB
[2026-06-11 18:29:28] Epoch 08 train batch [1120/1875] loss=0.2588 avg_loss=0.4218. Resources: rss=2160.3MB, peak_rss=2614.6MB, cuda_alloc=360.6MB, cuda_reserved=8276.0MB, cuda_peak_alloc=7062.6MB, cuda_free=39690.9MB, cuda_total=48519.1MB
[2026-06-11 18:29:33] Epoch 08 train batch [1140/1875] loss=0.2659 avg_loss=0.4223. Resources: rss=2160.3MB, peak_rss=2614.6MB, cuda_alloc=360.6MB, cuda_reserved=43476.0MB, cuda_peak_alloc=7062.6MB, cuda_free=4490.9MB, cuda_total=48519.1MB
[2026-06-11 18:29:37] Epoch 08 train batch [1160/1875] loss=0.2707 avg_loss=0.4220. Resources: rss=2160.0MB, peak_rss=2614.6MB, cuda_alloc=360.6MB, cuda_reserved=43476.0MB, cuda_peak_alloc=7062.6MB, cuda_free=4490.9MB, cuda_total=48519.1MB
[2026-06-11 18:29:41] Epoch 08 train batch [1180/1875] loss=0.4840 avg_loss=0.4222. Resources: rss=2159.2MB, peak_rss=2614.6MB, cuda_alloc=360.6MB, cuda_reserved=43476.0MB, cuda_peak_alloc=7062.6MB, cuda_free=4490.9MB, cuda_total=48519.1MB
[2026-06-11 18:29:45] Epoch 08 train batch [1200/1875] loss=0.3460 avg_loss=0.4222. Resources: rss=2160.8MB, peak_rss=2614.6MB, cuda_alloc=360.6MB, cuda_reserved=43476.0MB, cuda_peak_alloc=7062.6MB, cuda_free=4490.9MB, cuda_total=48519.1MB
[2026-06-11 18:29:49] Epoch 08 train batch [1220/1875] loss=0.5740 avg_loss=0.4231. Resources: rss=2160.4MB, peak_rss=2614.6MB, cuda_alloc=360.6MB, cuda_reserved=43476.0MB, cuda_peak_alloc=7062.6MB, cuda_free=4490.9MB, cuda_total=48519.1MB
[2026-06-11 18:29:54] Epoch 08 train batch [1240/1875] loss=0.3468 avg_loss=0.4225. Resources: rss=2159.8MB, peak_rss=2614.6MB, cuda_alloc=360.6MB, cuda_reserved=43476.0MB, cuda_peak_alloc=7062.6MB, cuda_free=4490.9MB, cuda_total=48519.1MB
[2026-06-11 18:29:58] Epoch 08 train batch [1260/1875] loss=0.3948 avg_loss=0.4233. Resources: rss=2160.0MB, peak_rss=2614.6MB, cuda_alloc=360.6MB, cuda_reserved=43476.0MB, cuda_peak_alloc=7062.6MB, cuda_free=4490.9MB, cuda_total=48519.1MB
[2026-06-11 18:30:03] Epoch 08 train batch [1280/1875] loss=0.5620 avg_loss=0.4229. Resources: rss=2159.8MB, peak_rss=2614.6MB, cuda_alloc=360.6MB, cuda_reserved=27436.0MB, cuda_peak_alloc=7062.6MB, cuda_free=20530.9MB, cuda_total=48519.1MB
[2026-06-11 18:30:08] Epoch 08 train batch [1300/1875] loss=0.3136 avg_loss=0.4231. Resources: rss=2160.8MB, peak_rss=2614.6MB, cuda_alloc=360.6MB, cuda_reserved=25116.0MB, cuda_peak_alloc=7062.6MB, cuda_free=22850.9MB, cuda_total=48519.1MB
[2026-06-11 18:30:12] Epoch 08 train batch [1320/1875] loss=0.4287 avg_loss=0.4242. Resources: rss=2161.1MB, peak_rss=2614.6MB, cuda_alloc=360.6MB, cuda_reserved=31936.0MB, cuda_peak_alloc=7062.6MB, cuda_free=16030.9MB, cuda_total=48519.1MB
[2026-06-11 18:30:16] Epoch 08 train batch [1340/1875] loss=0.6584 avg_loss=0.4239. Resources: rss=2161.4MB, peak_rss=2614.6MB, cuda_alloc=360.6MB, cuda_reserved=32216.0MB, cuda_peak_alloc=7062.6MB, cuda_free=15750.9MB, cuda_total=48519.1MB
[2026-06-11 18:30:20] Epoch 08 train batch [1360/1875] loss=0.6015 avg_loss=0.4244. Resources: rss=2159.7MB, peak_rss=2614.6MB, cuda_alloc=360.6MB, cuda_reserved=32216.0MB, cuda_peak_alloc=7062.6MB, cuda_free=15750.9MB, cuda_total=48519.1MB
[2026-06-11 18:30:24] Epoch 08 train batch [1380/1875] loss=0.3263 avg_loss=0.4238. Resources: rss=2159.0MB, peak_rss=2614.6MB, cuda_alloc=360.6MB, cuda_reserved=32216.0MB, cuda_peak_alloc=7062.6MB, cuda_free=15750.9MB, cuda_total=48519.1MB
[2026-06-11 18:30:29] Epoch 08 train batch [1400/1875] loss=0.1874 avg_loss=0.4239. Resources: rss=2159.0MB, peak_rss=2614.6MB, cuda_alloc=360.6MB, cuda_reserved=41756.0MB, cuda_peak_alloc=7062.6MB, cuda_free=6210.9MB, cuda_total=48519.1MB
[2026-06-11 18:30:33] Epoch 08 train batch [1420/1875] loss=0.4034 avg_loss=0.4238. Resources: rss=2159.0MB, peak_rss=2614.6MB, cuda_alloc=360.6MB, cuda_reserved=41756.0MB, cuda_peak_alloc=7062.6MB, cuda_free=6210.9MB, cuda_total=48519.1MB
[2026-06-11 18:30:37] Epoch 08 train batch [1440/1875] loss=0.3540 avg_loss=0.4242. Resources: rss=2159.5MB, peak_rss=2614.6MB, cuda_alloc=360.6MB, cuda_reserved=41756.0MB, cuda_peak_alloc=7062.6MB, cuda_free=6210.9MB, cuda_total=48519.1MB
[2026-06-11 18:30:41] Epoch 08 train batch [1460/1875] loss=0.1832 avg_loss=0.4239. Resources: rss=2158.3MB, peak_rss=2614.6MB, cuda_alloc=360.6MB, cuda_reserved=41756.0MB, cuda_peak_alloc=7062.6MB, cuda_free=6210.9MB, cuda_total=48519.1MB
[2026-06-11 18:30:45] Epoch 08 train batch [1480/1875] loss=0.3963 avg_loss=0.4236. Resources: rss=2158.5MB, peak_rss=2614.6MB, cuda_alloc=360.6MB, cuda_reserved=41756.0MB, cuda_peak_alloc=7062.6MB, cuda_free=6210.9MB, cuda_total=48519.1MB
[2026-06-11 18:30:50] Epoch 08 train batch [1500/1875] loss=0.4503 avg_loss=0.4237. Resources: rss=2158.6MB, peak_rss=2614.6MB, cuda_alloc=360.6MB, cuda_reserved=41756.0MB, cuda_peak_alloc=7062.6MB, cuda_free=6210.9MB, cuda_total=48519.1MB
[2026-06-11 18:30:54] Epoch 08 train batch [1520/1875] loss=0.4477 avg_loss=0.4241. Resources: rss=2160.4MB, peak_rss=2614.6MB, cuda_alloc=360.6MB, cuda_reserved=41756.0MB, cuda_peak_alloc=7062.6MB, cuda_free=6210.9MB, cuda_total=48519.1MB
[2026-06-11 18:30:58] Epoch 08 train batch [1540/1875] loss=0.4204 avg_loss=0.4234. Resources: rss=2158.5MB, peak_rss=2614.6MB, cuda_alloc=360.6MB, cuda_reserved=41756.0MB, cuda_peak_alloc=7062.6MB, cuda_free=6210.9MB, cuda_total=48519.1MB
[2026-06-11 18:31:02] Epoch 08 train batch [1560/1875] loss=0.5417 avg_loss=0.4230. Resources: rss=2158.4MB, peak_rss=2614.6MB, cuda_alloc=360.6MB, cuda_reserved=41756.0MB, cuda_peak_alloc=7062.6MB, cuda_free=6210.9MB, cuda_total=48519.1MB
[2026-06-11 18:31:07] Epoch 08 train batch [1580/1875] loss=0.2810 avg_loss=0.4228. Resources: rss=2158.3MB, peak_rss=2614.6MB, cuda_alloc=360.6MB, cuda_reserved=41756.0MB, cuda_peak_alloc=7062.6MB, cuda_free=6210.9MB, cuda_total=48519.1MB
[2026-06-11 18:31:11] Epoch 08 train batch [1600/1875] loss=0.2834 avg_loss=0.4227. Resources: rss=2158.5MB, peak_rss=2614.6MB, cuda_alloc=360.6MB, cuda_reserved=41756.0MB, cuda_peak_alloc=7062.6MB, cuda_free=6210.9MB, cuda_total=48519.1MB
[2026-06-11 18:31:15] Epoch 08 train batch [1620/1875] loss=0.6004 avg_loss=0.4228. Resources: rss=2158.8MB, peak_rss=2614.6MB, cuda_alloc=360.6MB, cuda_reserved=41756.0MB, cuda_peak_alloc=7062.6MB, cuda_free=6210.9MB, cuda_total=48519.1MB
[2026-06-11 18:31:19] Epoch 08 train batch [1640/1875] loss=0.4757 avg_loss=0.4233. Resources: rss=2158.8MB, peak_rss=2614.6MB, cuda_alloc=360.6MB, cuda_reserved=41756.0MB, cuda_peak_alloc=7062.6MB, cuda_free=6210.9MB, cuda_total=48519.1MB
[2026-06-11 18:31:23] Epoch 08 train batch [1660/1875] loss=0.4039 avg_loss=0.4227. Resources: rss=2158.2MB, peak_rss=2614.6MB, cuda_alloc=360.6MB, cuda_reserved=41756.0MB, cuda_peak_alloc=7062.6MB, cuda_free=6210.9MB, cuda_total=48519.1MB
[2026-06-11 18:31:27] Epoch 08 train batch [1680/1875] loss=0.2584 avg_loss=0.4224. Resources: rss=2157.9MB, peak_rss=2614.6MB, cuda_alloc=360.6MB, cuda_reserved=41756.0MB, cuda_peak_alloc=7062.6MB, cuda_free=6210.9MB, cuda_total=48519.1MB
[2026-06-11 18:31:32] Epoch 08 train batch [1700/1875] loss=0.3016 avg_loss=0.4219. Resources: rss=2158.2MB, peak_rss=2614.6MB, cuda_alloc=360.6MB, cuda_reserved=41756.0MB, cuda_peak_alloc=7062.6MB, cuda_free=6210.9MB, cuda_total=48519.1MB
[2026-06-11 18:31:36] Epoch 08 train batch [1720/1875] loss=0.5525 avg_loss=0.4211. Resources: rss=2158.6MB, peak_rss=2614.6MB, cuda_alloc=360.6MB, cuda_reserved=41756.0MB, cuda_peak_alloc=7062.6MB, cuda_free=6210.9MB, cuda_total=48519.1MB
[2026-06-11 18:31:40] Epoch 08 train batch [1740/1875] loss=0.3836 avg_loss=0.4209. Resources: rss=2158.2MB, peak_rss=2614.6MB, cuda_alloc=360.6MB, cuda_reserved=41756.0MB, cuda_peak_alloc=7062.6MB, cuda_free=6210.9MB, cuda_total=48519.1MB
[2026-06-11 18:31:44] Epoch 08 train batch [1760/1875] loss=0.3977 avg_loss=0.4205. Resources: rss=2158.9MB, peak_rss=2614.6MB, cuda_alloc=360.6MB, cuda_reserved=41756.0MB, cuda_peak_alloc=7062.6MB, cuda_free=6210.9MB, cuda_total=48519.1MB
[2026-06-11 18:31:49] Epoch 08 train batch [1780/1875] loss=0.5679 avg_loss=0.4207. Resources: rss=2160.6MB, peak_rss=2614.6MB, cuda_alloc=360.6MB, cuda_reserved=41756.0MB, cuda_peak_alloc=7062.6MB, cuda_free=6210.9MB, cuda_total=48519.1MB
[2026-06-11 18:31:53] Epoch 08 train batch [1800/1875] loss=0.2940 avg_loss=0.4203. Resources: rss=2159.7MB, peak_rss=2614.6MB, cuda_alloc=360.6MB, cuda_reserved=41756.0MB, cuda_peak_alloc=7062.6MB, cuda_free=6210.9MB, cuda_total=48519.1MB
[2026-06-11 18:31:57] Epoch 08 train batch [1820/1875] loss=0.5247 avg_loss=0.4204. Resources: rss=2160.5MB, peak_rss=2614.6MB, cuda_alloc=360.6MB, cuda_reserved=41756.0MB, cuda_peak_alloc=7062.6MB, cuda_free=6210.9MB, cuda_total=48519.1MB
[2026-06-11 18:32:01] Epoch 08 train batch [1840/1875] loss=0.2224 avg_loss=0.4202. Resources: rss=2159.2MB, peak_rss=2614.6MB, cuda_alloc=360.6MB, cuda_reserved=41756.0MB, cuda_peak_alloc=7062.6MB, cuda_free=6210.9MB, cuda_total=48519.1MB
[2026-06-11 18:32:06] Epoch 08 train batch [1860/1875] loss=0.6299 avg_loss=0.4210. Resources: rss=2160.5MB, peak_rss=2614.6MB, cuda_alloc=360.6MB, cuda_reserved=41756.0MB, cuda_peak_alloc=7062.6MB, cuda_free=6210.9MB, cuda_total=48519.1MB
[2026-06-11 18:32:09] Epoch 08 train batch [1875/1875] loss=0.3058 avg_loss=0.4207. Resources: rss=2160.9MB, peak_rss=2614.6MB, cuda_alloc=360.6MB, cuda_reserved=41756.0MB, cuda_peak_alloc=7062.6MB, cuda_free=6210.9MB, cuda_total=48519.1MB
[2026-06-11 18:32:09] Epoch 08 training completed. Resources: rss=2152.7MB, peak_rss=2614.6MB, cuda_alloc=360.6MB, cuda_reserved=41756.0MB, cuda_peak_alloc=7062.6MB, cuda_free=6210.9MB, cuda_total=48519.1MB
[2026-06-11 18:32:10] Epoch 08 cache released before validation loss. Resources: rss=2152.2MB, peak_rss=2614.6MB, cuda_alloc=360.6MB, cuda_reserved=558.0MB, cuda_peak_alloc=360.6MB, cuda_free=47408.9MB, cuda_total=48519.1MB
[2026-06-11 18:32:40] Epoch 08 validation loss completed: 0.4910. Resources: rss=2149.3MB, peak_rss=2614.6MB, cuda_alloc=360.6MB, cuda_reserved=16306.0MB, cuda_peak_alloc=2034.0MB, cuda_free=31660.9MB, cuda_total=48519.1MB
[2026-06-11 18:32:41] Epoch 08 cache released before detection metrics. Resources: rss=2149.3MB, peak_rss=2614.6MB, cuda_alloc=360.6MB, cuda_reserved=558.0MB, cuda_peak_alloc=360.6MB, cuda_free=47408.9MB, cuda_total=48519.1MB
[2026-06-11 18:33:13] Epoch 08 prediction tensors moved to CPU. Computing metrics. Resources: rss=2144.9MB, peak_rss=2614.6MB, cuda_alloc=360.6MB, cuda_reserved=558.0MB, cuda_peak_alloc=360.6MB, cuda_free=47409.8MB, cuda_total=48519.1MB
[2026-06-11 18:33:13] Epoch 08 metrics computed (mAP@0.5 only). Saving artifacts. Resources: rss=2149.5MB, peak_rss=2614.6MB, cuda_alloc=360.6MB, cuda_reserved=558.0MB, cuda_peak_alloc=360.6MB, cuda_free=47409.8MB, cuda_total=48519.1MB
[2026-06-11 18:33:13] Epoch 08 improved mAP@0.5 to 0.7278. Saved best checkpoint: best_model-20260611-172946.pth. Resources: rss=2628.0MB, peak_rss=2628.0MB, cuda_alloc=360.6MB, cuda_reserved=558.0MB, cuda_peak_alloc=360.6MB, cuda_free=47409.8MB, cuda_total=48519.1MB
Epoch [08/50]
├── Train Loss : 0.4207
│   ├── loss_classifier  : 0.2410
│   ├── loss_box_reg     : 0.1798
│   ├── loss_objectness  : 0.0000
│   └── loss_rpn_box_reg : 0.0000
├── Val Loss   : 0.4910
├── mAP@0.5    : 0.7278
├── mAP@0.75   : n/a
├── mAP@0.5:0.95 : n/a
├── Precision  : 0.0445
├── Recall     : 0.9574
├── GT Boxes   : 2021
├── Predictions: 43523
├── Per-class AP
│   ├── person  : AP50=0.8065, AP75=n/a, AP50:95=n/a, P=0.0606, R=0.9628
│   ├── car     : AP50=0.7318, AP75=n/a, AP50:95=n/a, P=0.0429, R=0.9505
│   ├── dog     : AP50=0.7769, AP75=n/a, AP50:95=n/a, P=0.0436, R=0.9757
│   ├── cat     : AP50=0.8605, AP75=n/a, AP50:95=n/a, P=0.0355, R=0.9886
│   └── chair   : AP50=0.4635, AP75=n/a, AP50:95=n/a, P=0.0241, R=0.9113
├── LR         : 0.000974
└── Time       : 476.2s
[2026-06-11 18:33:14] Epoch [08/50] completed. Resources: rss=2145.1MB, peak_rss=2628.0MB, cuda_alloc=360.6MB, cuda_reserved=558.0MB, cuda_peak_alloc=360.6MB, cuda_free=47409.8MB, cuda_total=48519.1MB
[2026-06-11 18:33:14] Epoch [09/50] started. Resources: rss=2145.1MB, peak_rss=2628.0MB, cuda_alloc=360.6MB, cuda_reserved=558.0MB, cuda_peak_alloc=360.6MB, cuda_free=47409.8MB, cuda_total=48519.1MB
[2026-06-11 18:33:18] Epoch 09 train batch [20/1875] loss=0.4863 avg_loss=0.4139. Resources: rss=2153.2MB, peak_rss=2628.0MB, cuda_alloc=360.6MB, cuda_reserved=38876.0MB, cuda_peak_alloc=7061.9MB, cuda_free=9091.8MB, cuda_total=48519.1MB
[2026-06-11 18:33:22] Epoch 09 train batch [40/1875] loss=0.2028 avg_loss=0.4018. Resources: rss=2153.1MB, peak_rss=2628.0MB, cuda_alloc=360.6MB, cuda_reserved=38876.0MB, cuda_peak_alloc=7061.9MB, cuda_free=9091.8MB, cuda_total=48519.1MB
[2026-06-11 18:33:27] Epoch 09 train batch [60/1875] loss=0.4082 avg_loss=0.3968. Resources: rss=2154.9MB, peak_rss=2628.0MB, cuda_alloc=360.6MB, cuda_reserved=31056.0MB, cuda_peak_alloc=7061.9MB, cuda_free=16911.8MB, cuda_total=48519.1MB
[2026-06-11 18:33:32] Epoch 09 train batch [80/1875] loss=0.2877 avg_loss=0.3872. Resources: rss=2154.6MB, peak_rss=2628.0MB, cuda_alloc=360.6MB, cuda_reserved=31056.0MB, cuda_peak_alloc=7062.0MB, cuda_free=16911.8MB, cuda_total=48519.1MB
[2026-06-11 18:33:36] Epoch 09 train batch [100/1875] loss=0.1422 avg_loss=0.3905. Resources: rss=2154.5MB, peak_rss=2628.0MB, cuda_alloc=360.6MB, cuda_reserved=31056.0MB, cuda_peak_alloc=7062.0MB, cuda_free=16911.8MB, cuda_total=48519.1MB
[2026-06-11 18:33:40] Epoch 09 train batch [120/1875] loss=0.3259 avg_loss=0.3936. Resources: rss=2154.7MB, peak_rss=2628.0MB, cuda_alloc=360.6MB, cuda_reserved=32236.0MB, cuda_peak_alloc=7062.0MB, cuda_free=15731.8MB, cuda_total=48519.1MB
[2026-06-11 18:33:44] Epoch 09 train batch [140/1875] loss=0.3583 avg_loss=0.4104. Resources: rss=2154.4MB, peak_rss=2628.0MB, cuda_alloc=360.6MB, cuda_reserved=34956.0MB, cuda_peak_alloc=7062.0MB, cuda_free=13011.8MB, cuda_total=48519.1MB
[2026-06-11 18:33:49] Epoch 09 train batch [160/1875] loss=0.5103 avg_loss=0.4080. Resources: rss=2155.1MB, peak_rss=2628.0MB, cuda_alloc=360.6MB, cuda_reserved=34956.0MB, cuda_peak_alloc=7062.0MB, cuda_free=13011.8MB, cuda_total=48519.1MB
[2026-06-11 18:33:53] Epoch 09 train batch [180/1875] loss=0.1980 avg_loss=0.3964. Resources: rss=2155.6MB, peak_rss=2628.0MB, cuda_alloc=360.6MB, cuda_reserved=36056.0MB, cuda_peak_alloc=7062.0MB, cuda_free=11911.8MB, cuda_total=48519.1MB
[2026-06-11 18:33:57] Epoch 09 train batch [200/1875] loss=0.3507 avg_loss=0.3952. Resources: rss=2155.2MB, peak_rss=2628.0MB, cuda_alloc=360.6MB, cuda_reserved=36056.0MB, cuda_peak_alloc=7062.0MB, cuda_free=11911.8MB, cuda_total=48519.1MB
[2026-06-11 18:34:01] Epoch 09 train batch [220/1875] loss=0.3926 avg_loss=0.3947. Resources: rss=2155.3MB, peak_rss=2628.0MB, cuda_alloc=360.6MB, cuda_reserved=36056.0MB, cuda_peak_alloc=7062.0MB, cuda_free=11911.8MB, cuda_total=48519.1MB
[2026-06-11 18:34:05] Epoch 09 train batch [240/1875] loss=0.3875 avg_loss=0.3906. Resources: rss=2155.2MB, peak_rss=2628.0MB, cuda_alloc=360.6MB, cuda_reserved=36056.0MB, cuda_peak_alloc=7062.0MB, cuda_free=11911.8MB, cuda_total=48519.1MB
[2026-06-11 18:34:09] Epoch 09 train batch [260/1875] loss=0.3725 avg_loss=0.3930. Resources: rss=2155.2MB, peak_rss=2628.0MB, cuda_alloc=360.6MB, cuda_reserved=39296.0MB, cuda_peak_alloc=7062.2MB, cuda_free=8671.8MB, cuda_total=48519.1MB
[2026-06-11 18:34:14] Epoch 09 train batch [280/1875] loss=0.2845 avg_loss=0.3897. Resources: rss=2154.5MB, peak_rss=2628.0MB, cuda_alloc=360.6MB, cuda_reserved=39296.0MB, cuda_peak_alloc=7062.2MB, cuda_free=8671.8MB, cuda_total=48519.1MB
[2026-06-11 18:34:18] Epoch 09 train batch [300/1875] loss=0.2667 avg_loss=0.3905. Resources: rss=2154.3MB, peak_rss=2628.0MB, cuda_alloc=360.6MB, cuda_reserved=39296.0MB, cuda_peak_alloc=7062.2MB, cuda_free=8671.8MB, cuda_total=48519.1MB
[2026-06-11 18:34:23] Epoch 09 train batch [320/1875] loss=0.6240 avg_loss=0.3929. Resources: rss=2155.3MB, peak_rss=2628.0MB, cuda_alloc=360.6MB, cuda_reserved=18196.0MB, cuda_peak_alloc=7062.2MB, cuda_free=29771.8MB, cuda_total=48519.1MB
[2026-06-11 18:34:27] Epoch 09 train batch [340/1875] loss=0.1763 avg_loss=0.3951. Resources: rss=2155.9MB, peak_rss=2628.0MB, cuda_alloc=360.6MB, cuda_reserved=35816.0MB, cuda_peak_alloc=7062.2MB, cuda_free=12151.8MB, cuda_total=48519.1MB
[2026-06-11 18:34:33] Epoch 09 train batch [360/1875] loss=0.4686 avg_loss=0.3955. Resources: rss=2155.6MB, peak_rss=2628.0MB, cuda_alloc=360.6MB, cuda_reserved=32196.0MB, cuda_peak_alloc=7062.6MB, cuda_free=15771.8MB, cuda_total=48519.1MB
[2026-06-11 18:34:37] Epoch 09 train batch [380/1875] loss=0.3802 avg_loss=0.3953. Resources: rss=2155.6MB, peak_rss=2628.0MB, cuda_alloc=360.6MB, cuda_reserved=32196.0MB, cuda_peak_alloc=7062.6MB, cuda_free=15771.8MB, cuda_total=48519.1MB
[2026-06-11 18:34:41] Epoch 09 train batch [400/1875] loss=0.3482 avg_loss=0.3949. Resources: rss=2156.4MB, peak_rss=2628.0MB, cuda_alloc=360.6MB, cuda_reserved=32196.0MB, cuda_peak_alloc=7062.6MB, cuda_free=15771.8MB, cuda_total=48519.1MB
[2026-06-11 18:34:45] Epoch 09 train batch [420/1875] loss=0.2469 avg_loss=0.3956. Resources: rss=2154.7MB, peak_rss=2628.0MB, cuda_alloc=360.6MB, cuda_reserved=32196.0MB, cuda_peak_alloc=7062.6MB, cuda_free=15771.8MB, cuda_total=48519.1MB
[2026-06-11 18:34:50] Epoch 09 train batch [440/1875] loss=0.2883 avg_loss=0.3966. Resources: rss=2156.0MB, peak_rss=2628.0MB, cuda_alloc=360.6MB, cuda_reserved=47636.0MB, cuda_peak_alloc=7062.6MB, cuda_free=331.8MB, cuda_total=48519.1MB
[2026-06-11 18:34:55] Epoch 09 train batch [460/1875] loss=0.2702 avg_loss=0.3949. Resources: rss=2155.2MB, peak_rss=2628.0MB, cuda_alloc=360.6MB, cuda_reserved=45576.0MB, cuda_peak_alloc=7062.6MB, cuda_free=2391.8MB, cuda_total=48519.1MB
[2026-06-11 18:35:02] Epoch 09 train batch [480/1875] loss=0.3297 avg_loss=0.3952. Resources: rss=2155.0MB, peak_rss=2628.0MB, cuda_alloc=360.6MB, cuda_reserved=20136.0MB, cuda_peak_alloc=7062.6MB, cuda_free=27831.8MB, cuda_total=48519.1MB
[2026-06-11 18:35:07] Epoch 09 train batch [500/1875] loss=0.2167 avg_loss=0.3947. Resources: rss=2156.3MB, peak_rss=2628.0MB, cuda_alloc=360.6MB, cuda_reserved=25916.0MB, cuda_peak_alloc=7062.6MB, cuda_free=22051.8MB, cuda_total=48519.1MB
[2026-06-11 18:35:11] Epoch 09 train batch [520/1875] loss=0.3190 avg_loss=0.3964. Resources: rss=2156.3MB, peak_rss=2628.0MB, cuda_alloc=360.6MB, cuda_reserved=25916.0MB, cuda_peak_alloc=7062.6MB, cuda_free=22051.8MB, cuda_total=48519.1MB
[2026-06-11 18:35:16] Epoch 09 train batch [540/1875] loss=0.3683 avg_loss=0.3980. Resources: rss=2156.8MB, peak_rss=2628.0MB, cuda_alloc=360.6MB, cuda_reserved=36836.0MB, cuda_peak_alloc=7062.6MB, cuda_free=11131.8MB, cuda_total=48519.1MB
[2026-06-11 18:35:20] Epoch 09 train batch [560/1875] loss=0.2995 avg_loss=0.3963. Resources: rss=2155.7MB, peak_rss=2628.0MB, cuda_alloc=360.6MB, cuda_reserved=39916.0MB, cuda_peak_alloc=7062.6MB, cuda_free=8051.8MB, cuda_total=48519.1MB
[2026-06-11 18:35:24] Epoch 09 train batch [580/1875] loss=0.5234 avg_loss=0.3963. Resources: rss=2156.4MB, peak_rss=2628.0MB, cuda_alloc=360.6MB, cuda_reserved=39916.0MB, cuda_peak_alloc=7062.6MB, cuda_free=8051.8MB, cuda_total=48519.1MB
[2026-06-11 18:35:28] Epoch 09 train batch [600/1875] loss=0.2535 avg_loss=0.3950. Resources: rss=2155.9MB, peak_rss=2628.0MB, cuda_alloc=360.6MB, cuda_reserved=39916.0MB, cuda_peak_alloc=7062.6MB, cuda_free=8051.8MB, cuda_total=48519.1MB
[2026-06-11 18:35:32] Epoch 09 train batch [620/1875] loss=0.1106 avg_loss=0.3945. Resources: rss=2156.3MB, peak_rss=2628.0MB, cuda_alloc=360.6MB, cuda_reserved=44216.0MB, cuda_peak_alloc=7062.6MB, cuda_free=3751.8MB, cuda_total=48519.1MB
[2026-06-11 18:35:36] Epoch 09 train batch [640/1875] loss=0.4298 avg_loss=0.3942. Resources: rss=2155.9MB, peak_rss=2628.0MB, cuda_alloc=360.6MB, cuda_reserved=44216.0MB, cuda_peak_alloc=7062.6MB, cuda_free=3751.8MB, cuda_total=48519.1MB
[2026-06-11 18:35:40] Epoch 09 train batch [660/1875] loss=0.4914 avg_loss=0.3956. Resources: rss=2155.1MB, peak_rss=2628.0MB, cuda_alloc=360.6MB, cuda_reserved=44956.0MB, cuda_peak_alloc=7062.6MB, cuda_free=3011.8MB, cuda_total=48519.1MB
[2026-06-11 18:35:44] Epoch 09 train batch [680/1875] loss=0.2910 avg_loss=0.3944. Resources: rss=2156.7MB, peak_rss=2628.0MB, cuda_alloc=360.6MB, cuda_reserved=44956.0MB, cuda_peak_alloc=7062.6MB, cuda_free=3011.8MB, cuda_total=48519.1MB
[2026-06-11 18:35:48] Epoch 09 train batch [700/1875] loss=0.3969 avg_loss=0.3957. Resources: rss=2157.0MB, peak_rss=2628.0MB, cuda_alloc=360.6MB, cuda_reserved=44956.0MB, cuda_peak_alloc=7062.6MB, cuda_free=3011.8MB, cuda_total=48519.1MB
[2026-06-11 18:35:52] Epoch 09 train batch [720/1875] loss=0.3018 avg_loss=0.3960. Resources: rss=2156.0MB, peak_rss=2628.0MB, cuda_alloc=360.6MB, cuda_reserved=44956.0MB, cuda_peak_alloc=7062.6MB, cuda_free=3011.8MB, cuda_total=48519.1MB
[2026-06-11 18:35:58] Epoch 09 train batch [740/1875] loss=0.4609 avg_loss=0.3973. Resources: rss=2156.9MB, peak_rss=2628.0MB, cuda_alloc=360.6MB, cuda_reserved=5516.0MB, cuda_peak_alloc=7062.6MB, cuda_free=42451.8MB, cuda_total=48519.1MB
[2026-06-11 18:36:02] Epoch 09 train batch [760/1875] loss=0.3890 avg_loss=0.3968. Resources: rss=2156.1MB, peak_rss=2628.0MB, cuda_alloc=360.6MB, cuda_reserved=35456.0MB, cuda_peak_alloc=7062.6MB, cuda_free=12511.8MB, cuda_total=48519.1MB
[2026-06-11 18:36:06] Epoch 09 train batch [780/1875] loss=0.3837 avg_loss=0.3993. Resources: rss=2156.1MB, peak_rss=2628.0MB, cuda_alloc=360.6MB, cuda_reserved=39516.0MB, cuda_peak_alloc=7062.6MB, cuda_free=8451.8MB, cuda_total=48519.1MB
[2026-06-11 18:36:10] Epoch 09 train batch [800/1875] loss=0.3987 avg_loss=0.3994. Resources: rss=2156.0MB, peak_rss=2628.0MB, cuda_alloc=360.6MB, cuda_reserved=39516.0MB, cuda_peak_alloc=7062.6MB, cuda_free=8451.8MB, cuda_total=48519.1MB
[2026-06-11 18:36:14] Epoch 09 train batch [820/1875] loss=0.5752 avg_loss=0.3987. Resources: rss=2155.4MB, peak_rss=2628.0MB, cuda_alloc=360.6MB, cuda_reserved=39516.0MB, cuda_peak_alloc=7062.6MB, cuda_free=8451.8MB, cuda_total=48519.1MB
[2026-06-11 18:36:19] Epoch 09 train batch [840/1875] loss=0.2517 avg_loss=0.3967. Resources: rss=2156.6MB, peak_rss=2628.0MB, cuda_alloc=360.6MB, cuda_reserved=39516.0MB, cuda_peak_alloc=7062.6MB, cuda_free=8451.8MB, cuda_total=48519.1MB
[2026-06-11 18:36:23] Epoch 09 train batch [860/1875] loss=0.2881 avg_loss=0.3966. Resources: rss=2156.9MB, peak_rss=2628.0MB, cuda_alloc=360.6MB, cuda_reserved=39516.0MB, cuda_peak_alloc=7062.6MB, cuda_free=8451.8MB, cuda_total=48519.1MB
[2026-06-11 18:36:27] Epoch 09 train batch [880/1875] loss=0.2317 avg_loss=0.3964. Resources: rss=2155.9MB, peak_rss=2628.0MB, cuda_alloc=360.6MB, cuda_reserved=39516.0MB, cuda_peak_alloc=7062.6MB, cuda_free=8451.8MB, cuda_total=48519.1MB
[2026-06-11 18:36:31] Epoch 09 train batch [900/1875] loss=0.3694 avg_loss=0.3958. Resources: rss=2156.4MB, peak_rss=2628.0MB, cuda_alloc=360.6MB, cuda_reserved=46516.0MB, cuda_peak_alloc=7062.6MB, cuda_free=1451.8MB, cuda_total=48519.1MB
[2026-06-11 18:36:36] Epoch 09 train batch [920/1875] loss=0.3472 avg_loss=0.3973. Resources: rss=2156.1MB, peak_rss=2628.0MB, cuda_alloc=360.6MB, cuda_reserved=46516.0MB, cuda_peak_alloc=7062.6MB, cuda_free=1451.8MB, cuda_total=48519.1MB
[2026-06-11 18:36:40] Epoch 09 train batch [940/1875] loss=0.3878 avg_loss=0.3975. Resources: rss=2156.9MB, peak_rss=2628.0MB, cuda_alloc=360.6MB, cuda_reserved=46516.0MB, cuda_peak_alloc=7062.6MB, cuda_free=1451.8MB, cuda_total=48519.1MB
[2026-06-11 18:36:44] Epoch 09 train batch [960/1875] loss=0.4009 avg_loss=0.3969. Resources: rss=2158.2MB, peak_rss=2628.0MB, cuda_alloc=360.6MB, cuda_reserved=46516.0MB, cuda_peak_alloc=7062.6MB, cuda_free=1451.8MB, cuda_total=48519.1MB
[2026-06-11 18:36:48] Epoch 09 train batch [980/1875] loss=0.1659 avg_loss=0.3959. Resources: rss=2158.2MB, peak_rss=2628.0MB, cuda_alloc=360.6MB, cuda_reserved=46516.0MB, cuda_peak_alloc=7062.6MB, cuda_free=1451.8MB, cuda_total=48519.1MB
[2026-06-11 18:36:52] Epoch 09 train batch [1000/1875] loss=0.1750 avg_loss=0.3962. Resources: rss=2158.5MB, peak_rss=2628.0MB, cuda_alloc=351.4MB, cuda_reserved=46516.0MB, cuda_peak_alloc=7062.6MB, cuda_free=1451.8MB, cuda_total=48519.1MB
[2026-06-11 18:36:56] Epoch 09 train batch [1020/1875] loss=0.3116 avg_loss=0.3966. Resources: rss=2158.1MB, peak_rss=2628.0MB, cuda_alloc=360.6MB, cuda_reserved=46516.0MB, cuda_peak_alloc=7062.6MB, cuda_free=1451.8MB, cuda_total=48519.1MB
[2026-06-11 18:37:00] Epoch 09 train batch [1040/1875] loss=0.3286 avg_loss=0.3962. Resources: rss=2157.9MB, peak_rss=2628.0MB, cuda_alloc=360.6MB, cuda_reserved=46516.0MB, cuda_peak_alloc=7062.6MB, cuda_free=1451.8MB, cuda_total=48519.1MB
[2026-06-11 18:37:04] Epoch 09 train batch [1060/1875] loss=0.5460 avg_loss=0.3960. Resources: rss=2159.0MB, peak_rss=2628.0MB, cuda_alloc=360.6MB, cuda_reserved=46516.0MB, cuda_peak_alloc=7062.6MB, cuda_free=1451.8MB, cuda_total=48519.1MB
[2026-06-11 18:37:09] Epoch 09 train batch [1080/1875] loss=0.5072 avg_loss=0.3969. Resources: rss=2158.0MB, peak_rss=2628.0MB, cuda_alloc=360.6MB, cuda_reserved=46516.0MB, cuda_peak_alloc=7062.6MB, cuda_free=1451.8MB, cuda_total=48519.1MB
[2026-06-11 18:37:13] Epoch 09 train batch [1100/1875] loss=0.3161 avg_loss=0.3961. Resources: rss=2157.9MB, peak_rss=2628.0MB, cuda_alloc=360.6MB, cuda_reserved=46516.0MB, cuda_peak_alloc=7062.6MB, cuda_free=1451.8MB, cuda_total=48519.1MB
[2026-06-11 18:37:17] Epoch 09 train batch [1120/1875] loss=0.1994 avg_loss=0.3959. Resources: rss=2156.2MB, peak_rss=2628.0MB, cuda_alloc=360.6MB, cuda_reserved=46516.0MB, cuda_peak_alloc=7062.6MB, cuda_free=1451.8MB, cuda_total=48519.1MB
[2026-06-11 18:37:21] Epoch 09 train batch [1140/1875] loss=0.7141 avg_loss=0.3953. Resources: rss=2157.5MB, peak_rss=2628.0MB, cuda_alloc=360.6MB, cuda_reserved=46516.0MB, cuda_peak_alloc=7062.6MB, cuda_free=1451.8MB, cuda_total=48519.1MB
[2026-06-11 18:37:26] Epoch 09 train batch [1160/1875] loss=0.3845 avg_loss=0.3944. Resources: rss=2156.7MB, peak_rss=2628.0MB, cuda_alloc=360.6MB, cuda_reserved=46516.0MB, cuda_peak_alloc=7062.6MB, cuda_free=1451.8MB, cuda_total=48519.1MB
[2026-06-11 18:37:31] Epoch 09 train batch [1180/1875] loss=0.3889 avg_loss=0.3933. Resources: rss=2157.1MB, peak_rss=2628.0MB, cuda_alloc=360.6MB, cuda_reserved=38276.0MB, cuda_peak_alloc=7062.6MB, cuda_free=9691.8MB, cuda_total=48519.1MB
[2026-06-11 18:37:36] Epoch 09 train batch [1200/1875] loss=0.5521 avg_loss=0.3929. Resources: rss=2157.5MB, peak_rss=2628.0MB, cuda_alloc=360.6MB, cuda_reserved=24136.0MB, cuda_peak_alloc=7062.6MB, cuda_free=23831.8MB, cuda_total=48519.1MB
[2026-06-11 18:37:40] Epoch 09 train batch [1220/1875] loss=0.3983 avg_loss=0.3930. Resources: rss=2157.1MB, peak_rss=2628.0MB, cuda_alloc=360.6MB, cuda_reserved=43736.0MB, cuda_peak_alloc=7062.6MB, cuda_free=4231.8MB, cuda_total=48519.1MB
[2026-06-11 18:37:44] Epoch 09 train batch [1240/1875] loss=1.0948 avg_loss=0.3932. Resources: rss=2157.8MB, peak_rss=2628.0MB, cuda_alloc=360.6MB, cuda_reserved=43736.0MB, cuda_peak_alloc=7062.6MB, cuda_free=4231.8MB, cuda_total=48519.1MB
[2026-06-11 18:37:49] Epoch 09 train batch [1260/1875] loss=0.2933 avg_loss=0.3933. Resources: rss=2157.5MB, peak_rss=2628.0MB, cuda_alloc=360.6MB, cuda_reserved=43736.0MB, cuda_peak_alloc=7062.6MB, cuda_free=4231.8MB, cuda_total=48519.1MB
[2026-06-11 18:37:53] Epoch 09 train batch [1280/1875] loss=0.3156 avg_loss=0.3921. Resources: rss=2159.2MB, peak_rss=2628.0MB, cuda_alloc=360.6MB, cuda_reserved=43736.0MB, cuda_peak_alloc=7062.6MB, cuda_free=4231.8MB, cuda_total=48519.1MB
[2026-06-11 18:37:57] Epoch 09 train batch [1300/1875] loss=0.2842 avg_loss=0.3913. Resources: rss=2157.5MB, peak_rss=2628.0MB, cuda_alloc=360.6MB, cuda_reserved=43736.0MB, cuda_peak_alloc=7062.6MB, cuda_free=4231.8MB, cuda_total=48519.1MB
[2026-06-11 18:38:01] Epoch 09 train batch [1320/1875] loss=0.3284 avg_loss=0.3909. Resources: rss=2157.2MB, peak_rss=2628.0MB, cuda_alloc=360.6MB, cuda_reserved=43736.0MB, cuda_peak_alloc=7062.6MB, cuda_free=4231.8MB, cuda_total=48519.1MB
[2026-06-11 18:38:06] Epoch 09 train batch [1340/1875] loss=0.5894 avg_loss=0.3905. Resources: rss=2157.5MB, peak_rss=2628.0MB, cuda_alloc=360.6MB, cuda_reserved=43796.0MB, cuda_peak_alloc=7062.6MB, cuda_free=4171.8MB, cuda_total=48519.1MB
[2026-06-11 18:38:10] Epoch 09 train batch [1360/1875] loss=0.3098 avg_loss=0.3901. Resources: rss=2157.3MB, peak_rss=2628.0MB, cuda_alloc=360.6MB, cuda_reserved=43796.0MB, cuda_peak_alloc=7062.6MB, cuda_free=4171.8MB, cuda_total=48519.1MB
[2026-06-11 18:38:14] Epoch 09 train batch [1380/1875] loss=0.4226 avg_loss=0.3900. Resources: rss=2158.8MB, peak_rss=2628.0MB, cuda_alloc=360.6MB, cuda_reserved=43796.0MB, cuda_peak_alloc=7062.6MB, cuda_free=4171.8MB, cuda_total=48519.1MB
[2026-06-11 18:38:19] Epoch 09 train batch [1400/1875] loss=0.3802 avg_loss=0.3897. Resources: rss=2157.0MB, peak_rss=2628.0MB, cuda_alloc=360.6MB, cuda_reserved=24256.0MB, cuda_peak_alloc=7062.6MB, cuda_free=23711.8MB, cuda_total=48519.1MB
[2026-06-11 18:38:24] Epoch 09 train batch [1420/1875] loss=0.7224 avg_loss=0.3901. Resources: rss=2156.5MB, peak_rss=2628.0MB, cuda_alloc=360.6MB, cuda_reserved=31436.0MB, cuda_peak_alloc=7062.6MB, cuda_free=16531.8MB, cuda_total=48519.1MB
[2026-06-11 18:38:28] Epoch 09 train batch [1440/1875] loss=0.3525 avg_loss=0.3908. Resources: rss=2157.3MB, peak_rss=2628.0MB, cuda_alloc=360.6MB, cuda_reserved=31436.0MB, cuda_peak_alloc=7062.6MB, cuda_free=16531.8MB, cuda_total=48519.1MB
[2026-06-11 18:38:32] Epoch 09 train batch [1460/1875] loss=1.4123 avg_loss=0.3909. Resources: rss=2157.6MB, peak_rss=2628.0MB, cuda_alloc=360.6MB, cuda_reserved=31436.0MB, cuda_peak_alloc=7062.6MB, cuda_free=16531.8MB, cuda_total=48519.1MB
[2026-06-11 18:38:36] Epoch 09 train batch [1480/1875] loss=0.3066 avg_loss=0.3918. Resources: rss=2157.8MB, peak_rss=2628.0MB, cuda_alloc=360.6MB, cuda_reserved=31436.0MB, cuda_peak_alloc=7062.6MB, cuda_free=16531.8MB, cuda_total=48519.1MB
[2026-06-11 18:38:41] Epoch 09 train batch [1500/1875] loss=0.3815 avg_loss=0.3916. Resources: rss=2158.3MB, peak_rss=2628.0MB, cuda_alloc=360.6MB, cuda_reserved=38536.0MB, cuda_peak_alloc=7062.6MB, cuda_free=9431.8MB, cuda_total=48519.1MB
[2026-06-11 18:38:46] Epoch 09 train batch [1520/1875] loss=0.2809 avg_loss=0.3915. Resources: rss=2157.3MB, peak_rss=2628.0MB, cuda_alloc=360.6MB, cuda_reserved=28676.0MB, cuda_peak_alloc=7062.6MB, cuda_free=19291.8MB, cuda_total=48519.1MB
[2026-06-11 18:38:50] Epoch 09 train batch [1540/1875] loss=0.2058 avg_loss=0.3910. Resources: rss=2158.2MB, peak_rss=2628.0MB, cuda_alloc=360.6MB, cuda_reserved=30996.0MB, cuda_peak_alloc=7062.6MB, cuda_free=16971.8MB, cuda_total=48519.1MB
[2026-06-11 18:38:54] Epoch 09 train batch [1560/1875] loss=0.4680 avg_loss=0.3908. Resources: rss=2159.1MB, peak_rss=2628.0MB, cuda_alloc=360.6MB, cuda_reserved=34496.0MB, cuda_peak_alloc=7062.6MB, cuda_free=13471.8MB, cuda_total=48519.1MB
[2026-06-11 18:38:58] Epoch 09 train batch [1580/1875] loss=0.3652 avg_loss=0.3909. Resources: rss=2156.5MB, peak_rss=2628.0MB, cuda_alloc=360.6MB, cuda_reserved=34496.0MB, cuda_peak_alloc=7062.6MB, cuda_free=13471.8MB, cuda_total=48519.1MB
[2026-06-11 18:39:03] Epoch 09 train batch [1600/1875] loss=0.4103 avg_loss=0.3914. Resources: rss=2157.3MB, peak_rss=2628.0MB, cuda_alloc=360.6MB, cuda_reserved=41596.0MB, cuda_peak_alloc=7062.6MB, cuda_free=6371.8MB, cuda_total=48519.1MB
[2026-06-11 18:39:07] Epoch 09 train batch [1620/1875] loss=0.6153 avg_loss=0.3918. Resources: rss=2157.5MB, peak_rss=2628.0MB, cuda_alloc=360.6MB, cuda_reserved=41596.0MB, cuda_peak_alloc=7062.6MB, cuda_free=6371.8MB, cuda_total=48519.1MB
[2026-06-11 18:39:11] Epoch 09 train batch [1640/1875] loss=0.4578 avg_loss=0.3915. Resources: rss=2157.5MB, peak_rss=2628.0MB, cuda_alloc=360.6MB, cuda_reserved=41596.0MB, cuda_peak_alloc=7062.6MB, cuda_free=6371.8MB, cuda_total=48519.1MB
[2026-06-11 18:39:16] Epoch 09 train batch [1660/1875] loss=0.2946 avg_loss=0.3909. Resources: rss=2156.1MB, peak_rss=2628.0MB, cuda_alloc=360.6MB, cuda_reserved=41596.0MB, cuda_peak_alloc=7062.6MB, cuda_free=6371.8MB, cuda_total=48519.1MB
[2026-06-11 18:39:21] Epoch 09 train batch [1680/1875] loss=0.5750 avg_loss=0.3905. Resources: rss=2158.3MB, peak_rss=2628.0MB, cuda_alloc=360.6MB, cuda_reserved=43756.0MB, cuda_peak_alloc=7062.6MB, cuda_free=4211.8MB, cuda_total=48519.1MB
[2026-06-11 18:39:27] Epoch 09 train batch [1700/1875] loss=0.3739 avg_loss=0.3913. Resources: rss=2158.3MB, peak_rss=2628.0MB, cuda_alloc=360.6MB, cuda_reserved=18636.0MB, cuda_peak_alloc=7062.6MB, cuda_free=29331.8MB, cuda_total=48519.1MB
[2026-06-11 18:39:32] Epoch 09 train batch [1720/1875] loss=0.4172 avg_loss=0.3912. Resources: rss=2158.2MB, peak_rss=2628.0MB, cuda_alloc=360.6MB, cuda_reserved=47936.0MB, cuda_peak_alloc=7062.6MB, cuda_free=31.8MB, cuda_total=48519.1MB
[2026-06-11 18:39:37] Epoch 09 train batch [1740/1875] loss=0.4376 avg_loss=0.3917. Resources: rss=2158.9MB, peak_rss=2628.0MB, cuda_alloc=360.6MB, cuda_reserved=27556.0MB, cuda_peak_alloc=7062.6MB, cuda_free=20411.8MB, cuda_total=48519.1MB
[2026-06-11 18:39:42] Epoch 09 train batch [1760/1875] loss=0.4085 avg_loss=0.3921. Resources: rss=2158.4MB, peak_rss=2628.0MB, cuda_alloc=360.6MB, cuda_reserved=41836.0MB, cuda_peak_alloc=7062.6MB, cuda_free=6131.8MB, cuda_total=48519.1MB
[2026-06-11 18:39:46] Epoch 09 train batch [1780/1875] loss=0.2566 avg_loss=0.3917. Resources: rss=2159.2MB, peak_rss=2628.0MB, cuda_alloc=360.6MB, cuda_reserved=41836.0MB, cuda_peak_alloc=7062.6MB, cuda_free=6131.8MB, cuda_total=48519.1MB
[2026-06-11 18:39:50] Epoch 09 train batch [1800/1875] loss=0.4802 avg_loss=0.3914. Resources: rss=2158.4MB, peak_rss=2628.0MB, cuda_alloc=360.6MB, cuda_reserved=41836.0MB, cuda_peak_alloc=7062.6MB, cuda_free=6131.8MB, cuda_total=48519.1MB
[2026-06-11 18:39:55] Epoch 09 train batch [1820/1875] loss=0.2856 avg_loss=0.3909. Resources: rss=2159.4MB, peak_rss=2628.0MB, cuda_alloc=360.6MB, cuda_reserved=43636.0MB, cuda_peak_alloc=7062.6MB, cuda_free=4331.8MB, cuda_total=48519.1MB
[2026-06-11 18:39:59] Epoch 09 train batch [1840/1875] loss=0.3039 avg_loss=0.3906. Resources: rss=2158.6MB, peak_rss=2628.0MB, cuda_alloc=360.6MB, cuda_reserved=44276.0MB, cuda_peak_alloc=7062.6MB, cuda_free=3691.8MB, cuda_total=48519.1MB
[2026-06-11 18:40:03] Epoch 09 train batch [1860/1875] loss=0.3500 avg_loss=0.3910. Resources: rss=2158.6MB, peak_rss=2628.0MB, cuda_alloc=360.6MB, cuda_reserved=44276.0MB, cuda_peak_alloc=7062.6MB, cuda_free=3691.8MB, cuda_total=48519.1MB
[2026-06-11 18:40:06] Epoch 09 train batch [1875/1875] loss=0.5332 avg_loss=0.3908. Resources: rss=2157.9MB, peak_rss=2628.0MB, cuda_alloc=360.6MB, cuda_reserved=44276.0MB, cuda_peak_alloc=7062.7MB, cuda_free=3691.8MB, cuda_total=48519.1MB
[2026-06-11 18:40:07] Epoch 09 training completed. Resources: rss=2149.2MB, peak_rss=2628.0MB, cuda_alloc=360.6MB, cuda_reserved=44276.0MB, cuda_peak_alloc=7062.7MB, cuda_free=3691.8MB, cuda_total=48519.1MB
[2026-06-11 18:40:07] Epoch 09 cache released before validation loss. Resources: rss=2148.4MB, peak_rss=2628.0MB, cuda_alloc=360.6MB, cuda_reserved=520.0MB, cuda_peak_alloc=360.6MB, cuda_free=47447.8MB, cuda_total=48519.1MB
[2026-06-11 18:40:38] Epoch 09 validation loss completed: 0.4718. Resources: rss=2146.7MB, peak_rss=2628.0MB, cuda_alloc=360.6MB, cuda_reserved=19366.0MB, cuda_peak_alloc=2034.0MB, cuda_free=28601.8MB, cuda_total=48519.1MB
[2026-06-11 18:40:39] Epoch 09 cache released before detection metrics. Resources: rss=2146.7MB, peak_rss=2628.0MB, cuda_alloc=360.6MB, cuda_reserved=520.0MB, cuda_peak_alloc=360.6MB, cuda_free=47447.8MB, cuda_total=48519.1MB
[2026-06-11 18:41:11] Epoch 09 prediction tensors moved to CPU. Computing metrics. Resources: rss=2146.4MB, peak_rss=2628.0MB, cuda_alloc=360.6MB, cuda_reserved=520.0MB, cuda_peak_alloc=360.6MB, cuda_free=47447.8MB, cuda_total=48519.1MB
[2026-06-11 18:41:11] Epoch 09 metrics computed (mAP@0.5 only). Saving artifacts. Resources: rss=2152.2MB, peak_rss=2628.0MB, cuda_alloc=360.6MB, cuda_reserved=520.0MB, cuda_peak_alloc=360.6MB, cuda_free=47447.8MB, cuda_total=48519.1MB
[2026-06-11 18:41:12] Epoch 09 improved mAP@0.5 to 0.7428. Saved best checkpoint: best_model-20260611-172946.pth. Resources: rss=2398.7MB, peak_rss=2628.0MB, cuda_alloc=360.6MB, cuda_reserved=520.0MB, cuda_peak_alloc=360.6MB, cuda_free=47447.8MB, cuda_total=48519.1MB
Epoch [09/50]
├── Train Loss : 0.3908
│   ├── loss_classifier  : 0.2209
│   ├── loss_box_reg     : 0.1699
│   ├── loss_objectness  : 0.0000
│   └── loss_rpn_box_reg : 0.0000
├── Val Loss   : 0.4718
├── mAP@0.5    : 0.7428
├── mAP@0.75   : n/a
├── mAP@0.5:0.95 : n/a
├── Precision  : 0.0401
├── Recall     : 0.9599
├── GT Boxes   : 2021
├── Predictions: 48412
├── Per-class AP
│   ├── person  : AP50=0.8127, AP75=n/a, AP50:95=n/a, P=0.0594, R=0.9655
│   ├── car     : AP50=0.7346, AP75=n/a, AP50:95=n/a, P=0.0416, R=0.9682
│   ├── dog     : AP50=0.8216, AP75=n/a, AP50:95=n/a, P=0.0327, R=0.9854
│   ├── cat     : AP50=0.8715, AP75=n/a, AP50:95=n/a, P=0.0292, R=0.9830
│   └── chair   : AP50=0.4735, AP75=n/a, AP50:95=n/a, P=0.0207, R=0.8972
├── LR         : 0.000962
└── Time       : 477.4s
[2026-06-11 18:41:12] Epoch [09/50] completed. Resources: rss=2146.6MB, peak_rss=2628.0MB, cuda_alloc=360.6MB, cuda_reserved=520.0MB, cuda_peak_alloc=360.6MB, cuda_free=47447.8MB, cuda_total=48519.1MB
[2026-06-11 18:41:12] Epoch [10/50] started. Resources: rss=2146.6MB, peak_rss=2628.0MB, cuda_alloc=360.6MB, cuda_reserved=520.0MB, cuda_peak_alloc=360.6MB, cuda_free=47447.8MB, cuda_total=48519.1MB
[2026-06-11 18:41:17] Epoch 10 train batch [20/1875] loss=0.4005 avg_loss=0.3316. Resources: rss=2156.4MB, peak_rss=2628.0MB, cuda_alloc=360.6MB, cuda_reserved=35636.0MB, cuda_peak_alloc=7061.6MB, cuda_free=12331.8MB, cuda_total=48519.1MB
[2026-06-11 18:41:22] Epoch 10 train batch [40/1875] loss=0.3020 avg_loss=0.3380. Resources: rss=2156.2MB, peak_rss=2628.0MB, cuda_alloc=360.6MB, cuda_reserved=35636.0MB, cuda_peak_alloc=7061.6MB, cuda_free=12331.8MB, cuda_total=48519.1MB
[2026-06-11 18:41:26] Epoch 10 train batch [60/1875] loss=0.0917 avg_loss=0.3504. Resources: rss=2156.5MB, peak_rss=2628.0MB, cuda_alloc=360.6MB, cuda_reserved=35636.0MB, cuda_peak_alloc=7062.0MB, cuda_free=12331.8MB, cuda_total=48519.1MB
[2026-06-11 18:41:30] Epoch 10 train batch [80/1875] loss=0.1869 avg_loss=0.3611. Resources: rss=2156.5MB, peak_rss=2628.0MB, cuda_alloc=360.6MB, cuda_reserved=35636.0MB, cuda_peak_alloc=7062.0MB, cuda_free=12331.8MB, cuda_total=48519.1MB
[2026-06-11 18:41:35] Epoch 10 train batch [100/1875] loss=0.3417 avg_loss=0.3520. Resources: rss=2156.5MB, peak_rss=2628.0MB, cuda_alloc=360.6MB, cuda_reserved=18476.0MB, cuda_peak_alloc=7062.0MB, cuda_free=29491.8MB, cuda_total=48519.1MB
[2026-06-11 18:41:40] Epoch 10 train batch [120/1875] loss=0.3350 avg_loss=0.3501. Resources: rss=2157.4MB, peak_rss=2628.0MB, cuda_alloc=360.6MB, cuda_reserved=21576.0MB, cuda_peak_alloc=7062.0MB, cuda_free=26391.8MB, cuda_total=48519.1MB
[2026-06-11 18:41:44] Epoch 10 train batch [140/1875] loss=0.5426 avg_loss=0.3514. Resources: rss=2156.2MB, peak_rss=2628.0MB, cuda_alloc=360.6MB, cuda_reserved=32016.0MB, cuda_peak_alloc=7062.0MB, cuda_free=15951.8MB, cuda_total=48519.1MB
[2026-06-11 18:41:48] Epoch 10 train batch [160/1875] loss=0.2620 avg_loss=0.3489. Resources: rss=2155.1MB, peak_rss=2628.0MB, cuda_alloc=360.6MB, cuda_reserved=32016.0MB, cuda_peak_alloc=7062.0MB, cuda_free=15951.8MB, cuda_total=48519.1MB
[2026-06-11 18:41:52] Epoch 10 train batch [180/1875] loss=0.3881 avg_loss=0.3492. Resources: rss=2156.3MB, peak_rss=2628.0MB, cuda_alloc=360.6MB, cuda_reserved=33836.0MB, cuda_peak_alloc=7062.0MB, cuda_free=14131.8MB, cuda_total=48519.1MB
[2026-06-11 18:41:57] Epoch 10 train batch [200/1875] loss=0.3001 avg_loss=0.3454. Resources: rss=2156.4MB, peak_rss=2628.0MB, cuda_alloc=360.6MB, cuda_reserved=38576.0MB, cuda_peak_alloc=7062.9MB, cuda_free=9391.8MB, cuda_total=48519.1MB
[2026-06-11 18:42:01] Epoch 10 train batch [220/1875] loss=0.3983 avg_loss=0.3455. Resources: rss=2157.1MB, peak_rss=2628.0MB, cuda_alloc=360.6MB, cuda_reserved=38576.0MB, cuda_peak_alloc=7062.9MB, cuda_free=9391.8MB, cuda_total=48519.1MB
[2026-06-11 18:42:05] Epoch 10 train batch [240/1875] loss=0.3308 avg_loss=0.3516. Resources: rss=2156.3MB, peak_rss=2628.0MB, cuda_alloc=360.6MB, cuda_reserved=40116.0MB, cuda_peak_alloc=7062.9MB, cuda_free=7851.8MB, cuda_total=48519.1MB
[2026-06-11 18:42:09] Epoch 10 train batch [260/1875] loss=0.3021 avg_loss=0.3510. Resources: rss=2156.1MB, peak_rss=2628.0MB, cuda_alloc=360.6MB, cuda_reserved=40116.0MB, cuda_peak_alloc=7062.9MB, cuda_free=7851.8MB, cuda_total=48519.1MB
[2026-06-11 18:42:13] Epoch 10 train batch [280/1875] loss=0.5023 avg_loss=0.3500. Resources: rss=2156.9MB, peak_rss=2628.0MB, cuda_alloc=360.6MB, cuda_reserved=40116.0MB, cuda_peak_alloc=7062.9MB, cuda_free=7851.8MB, cuda_total=48519.1MB
[2026-06-11 18:42:18] Epoch 10 train batch [300/1875] loss=0.2360 avg_loss=0.3505. Resources: rss=2156.7MB, peak_rss=2628.0MB, cuda_alloc=360.6MB, cuda_reserved=40116.0MB, cuda_peak_alloc=7062.9MB, cuda_free=7851.8MB, cuda_total=48519.1MB
[2026-06-11 18:42:22] Epoch 10 train batch [320/1875] loss=0.5280 avg_loss=0.3528. Resources: rss=2156.4MB, peak_rss=2628.0MB, cuda_alloc=360.6MB, cuda_reserved=40116.0MB, cuda_peak_alloc=7062.9MB, cuda_free=7851.8MB, cuda_total=48519.1MB
[2026-06-11 18:42:26] Epoch 10 train batch [340/1875] loss=0.2676 avg_loss=0.3509. Resources: rss=2156.1MB, peak_rss=2628.0MB, cuda_alloc=360.6MB, cuda_reserved=40336.0MB, cuda_peak_alloc=7062.9MB, cuda_free=7631.8MB, cuda_total=48519.1MB
[2026-06-11 18:42:30] Epoch 10 train batch [360/1875] loss=0.1862 avg_loss=0.3478. Resources: rss=2156.8MB, peak_rss=2628.0MB, cuda_alloc=360.6MB, cuda_reserved=40336.0MB, cuda_peak_alloc=7062.9MB, cuda_free=7631.8MB, cuda_total=48519.1MB
[2026-06-11 18:42:35] Epoch 10 train batch [380/1875] loss=0.5618 avg_loss=0.3480. Resources: rss=2156.1MB, peak_rss=2628.0MB, cuda_alloc=360.6MB, cuda_reserved=25776.0MB, cuda_peak_alloc=7062.9MB, cuda_free=22191.8MB, cuda_total=48519.1MB
[2026-06-11 18:42:41] Epoch 10 train batch [400/1875] loss=0.1945 avg_loss=0.3482. Resources: rss=2156.7MB, peak_rss=2628.0MB, cuda_alloc=360.6MB, cuda_reserved=21696.0MB, cuda_peak_alloc=7062.9MB, cuda_free=26271.8MB, cuda_total=48519.1MB
[2026-06-11 18:42:46] Epoch 10 train batch [420/1875] loss=0.3803 avg_loss=0.3471. Resources: rss=2155.9MB, peak_rss=2628.0MB, cuda_alloc=360.6MB, cuda_reserved=11016.0MB, cuda_peak_alloc=7062.9MB, cuda_free=36951.8MB, cuda_total=48519.1MB
[2026-06-11 18:42:50] Epoch 10 train batch [440/1875] loss=0.3053 avg_loss=0.3469. Resources: rss=2156.9MB, peak_rss=2628.0MB, cuda_alloc=360.6MB, cuda_reserved=27536.0MB, cuda_peak_alloc=7062.9MB, cuda_free=20431.8MB, cuda_total=48519.1MB
[2026-06-11 18:42:54] Epoch 10 train batch [460/1875] loss=0.1856 avg_loss=0.3463. Resources: rss=2156.0MB, peak_rss=2628.0MB, cuda_alloc=360.6MB, cuda_reserved=31076.0MB, cuda_peak_alloc=7062.9MB, cuda_free=16891.8MB, cuda_total=48519.1MB
[2026-06-11 18:42:59] Epoch 10 train batch [480/1875] loss=0.4051 avg_loss=0.3465. Resources: rss=2156.3MB, peak_rss=2628.0MB, cuda_alloc=360.6MB, cuda_reserved=35616.0MB, cuda_peak_alloc=7062.9MB, cuda_free=12351.8MB, cuda_total=48519.1MB
[2026-06-11 18:43:03] Epoch 10 train batch [500/1875] loss=0.2043 avg_loss=0.3476. Resources: rss=2155.6MB, peak_rss=2628.0MB, cuda_alloc=360.6MB, cuda_reserved=35616.0MB, cuda_peak_alloc=7062.9MB, cuda_free=12351.8MB, cuda_total=48519.1MB
[2026-06-11 18:43:08] Epoch 10 train batch [520/1875] loss=0.3588 avg_loss=0.3471. Resources: rss=2156.8MB, peak_rss=2628.0MB, cuda_alloc=360.6MB, cuda_reserved=12616.0MB, cuda_peak_alloc=7062.9MB, cuda_free=35351.8MB, cuda_total=48519.1MB
[2026-06-11 18:43:12] Epoch 10 train batch [540/1875] loss=0.2276 avg_loss=0.3480. Resources: rss=2155.1MB, peak_rss=2628.0MB, cuda_alloc=360.6MB, cuda_reserved=27556.0MB, cuda_peak_alloc=7062.9MB, cuda_free=20411.8MB, cuda_total=48519.1MB
[2026-06-11 18:43:17] Epoch 10 train batch [560/1875] loss=0.3832 avg_loss=0.3489. Resources: rss=2156.3MB, peak_rss=2628.0MB, cuda_alloc=360.6MB, cuda_reserved=30216.0MB, cuda_peak_alloc=7062.9MB, cuda_free=17751.8MB, cuda_total=48519.1MB
[2026-06-11 18:43:21] Epoch 10 train batch [580/1875] loss=0.5741 avg_loss=0.3515. Resources: rss=2156.6MB, peak_rss=2628.0MB, cuda_alloc=360.6MB, cuda_reserved=30656.0MB, cuda_peak_alloc=7062.9MB, cuda_free=17311.8MB, cuda_total=48519.1MB
[2026-06-11 18:43:25] Epoch 10 train batch [600/1875] loss=0.3326 avg_loss=0.3511. Resources: rss=2156.6MB, peak_rss=2628.0MB, cuda_alloc=360.6MB, cuda_reserved=35316.0MB, cuda_peak_alloc=7062.9MB, cuda_free=12651.8MB, cuda_total=48519.1MB
[2026-06-11 18:43:30] Epoch 10 train batch [620/1875] loss=0.3157 avg_loss=0.3518. Resources: rss=2154.9MB, peak_rss=2628.0MB, cuda_alloc=360.6MB, cuda_reserved=35316.0MB, cuda_peak_alloc=7062.9MB, cuda_free=12651.8MB, cuda_total=48519.1MB
[2026-06-11 18:43:34] Epoch 10 train batch [640/1875] loss=0.3582 avg_loss=0.3508. Resources: rss=2155.6MB, peak_rss=2628.0MB, cuda_alloc=360.6MB, cuda_reserved=35316.0MB, cuda_peak_alloc=7062.9MB, cuda_free=12651.8MB, cuda_total=48519.1MB
[2026-06-11 18:43:38] Epoch 10 train batch [660/1875] loss=0.1578 avg_loss=0.3508. Resources: rss=2156.3MB, peak_rss=2628.0MB, cuda_alloc=360.6MB, cuda_reserved=35316.0MB, cuda_peak_alloc=7062.9MB, cuda_free=12651.8MB, cuda_total=48519.1MB
[2026-06-11 18:43:42] Epoch 10 train batch [680/1875] loss=0.3604 avg_loss=0.3504. Resources: rss=2155.8MB, peak_rss=2628.0MB, cuda_alloc=360.6MB, cuda_reserved=40996.0MB, cuda_peak_alloc=7062.9MB, cuda_free=6971.8MB, cuda_total=48519.1MB
[2026-06-11 18:43:47] Epoch 10 train batch [700/1875] loss=0.3003 avg_loss=0.3490. Resources: rss=2156.7MB, peak_rss=2628.0MB, cuda_alloc=360.6MB, cuda_reserved=40996.0MB, cuda_peak_alloc=7062.9MB, cuda_free=6971.8MB, cuda_total=48519.1MB
[2026-06-11 18:43:51] Epoch 10 train batch [720/1875] loss=0.3241 avg_loss=0.3489. Resources: rss=2155.5MB, peak_rss=2628.0MB, cuda_alloc=360.6MB, cuda_reserved=40996.0MB, cuda_peak_alloc=7062.9MB, cuda_free=6971.8MB, cuda_total=48519.1MB
[2026-06-11 18:43:55] Epoch 10 train batch [740/1875] loss=1.0712 avg_loss=0.3489. Resources: rss=2155.9MB, peak_rss=2628.0MB, cuda_alloc=351.4MB, cuda_reserved=40996.0MB, cuda_peak_alloc=7062.9MB, cuda_free=6971.8MB, cuda_total=48519.1MB
[2026-06-11 18:43:59] Epoch 10 train batch [760/1875] loss=0.4369 avg_loss=0.3500. Resources: rss=2155.5MB, peak_rss=2628.0MB, cuda_alloc=360.6MB, cuda_reserved=40996.0MB, cuda_peak_alloc=7062.9MB, cuda_free=6971.8MB, cuda_total=48519.1MB
[2026-06-11 18:44:04] Epoch 10 train batch [780/1875] loss=0.2103 avg_loss=0.3512. Resources: rss=2155.4MB, peak_rss=2628.0MB, cuda_alloc=360.6MB, cuda_reserved=40996.0MB, cuda_peak_alloc=7062.9MB, cuda_free=6971.8MB, cuda_total=48519.1MB
[2026-06-11 18:44:09] Epoch 10 train batch [800/1875] loss=0.3132 avg_loss=0.3528. Resources: rss=2156.0MB, peak_rss=2628.0MB, cuda_alloc=360.6MB, cuda_reserved=47516.0MB, cuda_peak_alloc=7062.9MB, cuda_free=451.8MB, cuda_total=48519.1MB
[2026-06-11 18:44:15] Epoch 10 train batch [820/1875] loss=0.3436 avg_loss=0.3514. Resources: rss=2155.9MB, peak_rss=2628.0MB, cuda_alloc=360.6MB, cuda_reserved=28096.0MB, cuda_peak_alloc=7062.9MB, cuda_free=19871.8MB, cuda_total=48519.1MB
[2026-06-11 18:44:19] Epoch 10 train batch [840/1875] loss=0.4008 avg_loss=0.3525. Resources: rss=2156.4MB, peak_rss=2628.0MB, cuda_alloc=360.6MB, cuda_reserved=31716.0MB, cuda_peak_alloc=7062.9MB, cuda_free=16251.8MB, cuda_total=48519.1MB
[2026-06-11 18:44:23] Epoch 10 train batch [860/1875] loss=0.4484 avg_loss=0.3534. Resources: rss=2156.2MB, peak_rss=2628.0MB, cuda_alloc=360.6MB, cuda_reserved=31716.0MB, cuda_peak_alloc=7062.9MB, cuda_free=16251.8MB, cuda_total=48519.1MB
[2026-06-11 18:44:28] Epoch 10 train batch [880/1875] loss=0.3843 avg_loss=0.3538. Resources: rss=2155.3MB, peak_rss=2628.0MB, cuda_alloc=360.6MB, cuda_reserved=31716.0MB, cuda_peak_alloc=7062.9MB, cuda_free=16251.8MB, cuda_total=48519.1MB
[2026-06-11 18:44:32] Epoch 10 train batch [900/1875] loss=0.2424 avg_loss=0.3537. Resources: rss=2154.7MB, peak_rss=2628.0MB, cuda_alloc=360.6MB, cuda_reserved=32256.0MB, cuda_peak_alloc=7062.9MB, cuda_free=15711.8MB, cuda_total=48519.1MB
[2026-06-11 18:44:36] Epoch 10 train batch [920/1875] loss=0.2608 avg_loss=0.3567. Resources: rss=2155.9MB, peak_rss=2628.0MB, cuda_alloc=360.6MB, cuda_reserved=32256.0MB, cuda_peak_alloc=7062.9MB, cuda_free=15711.8MB, cuda_total=48519.1MB
[2026-06-11 18:44:40] Epoch 10 train batch [940/1875] loss=0.2448 avg_loss=0.3562. Resources: rss=2155.6MB, peak_rss=2628.0MB, cuda_alloc=360.6MB, cuda_reserved=32256.0MB, cuda_peak_alloc=7062.9MB, cuda_free=15711.8MB, cuda_total=48519.1MB
[2026-06-11 18:44:44] Epoch 10 train batch [960/1875] loss=0.1947 avg_loss=0.3565. Resources: rss=2155.0MB, peak_rss=2628.0MB, cuda_alloc=360.6MB, cuda_reserved=32256.0MB, cuda_peak_alloc=7062.9MB, cuda_free=15711.8MB, cuda_total=48519.1MB
[2026-06-11 18:44:49] Epoch 10 train batch [980/1875] loss=0.2009 avg_loss=0.3568. Resources: rss=2156.0MB, peak_rss=2628.0MB, cuda_alloc=360.6MB, cuda_reserved=37196.0MB, cuda_peak_alloc=7062.9MB, cuda_free=10771.8MB, cuda_total=48519.1MB
[2026-06-11 18:44:53] Epoch 10 train batch [1000/1875] loss=0.1907 avg_loss=0.3558. Resources: rss=2156.6MB, peak_rss=2628.0MB, cuda_alloc=360.6MB, cuda_reserved=45036.0MB, cuda_peak_alloc=7062.9MB, cuda_free=2931.8MB, cuda_total=48519.1MB
[2026-06-11 18:44:57] Epoch 10 train batch [1020/1875] loss=0.2585 avg_loss=0.3548. Resources: rss=2156.5MB, peak_rss=2628.0MB, cuda_alloc=360.6MB, cuda_reserved=45036.0MB, cuda_peak_alloc=7062.9MB, cuda_free=2931.8MB, cuda_total=48519.1MB
[2026-06-11 18:45:01] Epoch 10 train batch [1040/1875] loss=0.3060 avg_loss=0.3540. Resources: rss=2156.0MB, peak_rss=2628.0MB, cuda_alloc=360.6MB, cuda_reserved=45036.0MB, cuda_peak_alloc=7062.9MB, cuda_free=2931.8MB, cuda_total=48519.1MB
[2026-06-11 18:45:05] Epoch 10 train batch [1060/1875] loss=0.3480 avg_loss=0.3537. Resources: rss=2155.8MB, peak_rss=2628.0MB, cuda_alloc=360.6MB, cuda_reserved=45036.0MB, cuda_peak_alloc=7062.9MB, cuda_free=2931.8MB, cuda_total=48519.1MB
[2026-06-11 18:45:10] Epoch 10 train batch [1080/1875] loss=0.4445 avg_loss=0.3542. Resources: rss=2157.3MB, peak_rss=2628.0MB, cuda_alloc=360.6MB, cuda_reserved=45036.0MB, cuda_peak_alloc=7062.9MB, cuda_free=2931.8MB, cuda_total=48519.1MB
[2026-06-11 18:45:14] Epoch 10 train batch [1100/1875] loss=0.3532 avg_loss=0.3544. Resources: rss=2155.9MB, peak_rss=2628.0MB, cuda_alloc=360.6MB, cuda_reserved=45036.0MB, cuda_peak_alloc=7062.9MB, cuda_free=2931.8MB, cuda_total=48519.1MB
[2026-06-11 18:45:19] Epoch 10 train batch [1120/1875] loss=0.2596 avg_loss=0.3543. Resources: rss=2156.1MB, peak_rss=2628.0MB, cuda_alloc=360.6MB, cuda_reserved=20176.0MB, cuda_peak_alloc=7062.9MB, cuda_free=27791.8MB, cuda_total=48519.1MB
[2026-06-11 18:45:25] Epoch 10 train batch [1140/1875] loss=0.2610 avg_loss=0.3538. Resources: rss=2156.0MB, peak_rss=2628.0MB, cuda_alloc=360.6MB, cuda_reserved=25716.0MB, cuda_peak_alloc=7062.9MB, cuda_free=22251.8MB, cuda_total=48519.1MB
[2026-06-11 18:45:29] Epoch 10 train batch [1160/1875] loss=0.2530 avg_loss=0.3541. Resources: rss=2156.2MB, peak_rss=2628.0MB, cuda_alloc=360.6MB, cuda_reserved=40616.0MB, cuda_peak_alloc=7062.9MB, cuda_free=7351.8MB, cuda_total=48519.1MB
[2026-06-11 18:45:33] Epoch 10 train batch [1180/1875] loss=0.2827 avg_loss=0.3541. Resources: rss=2156.3MB, peak_rss=2628.0MB, cuda_alloc=360.6MB, cuda_reserved=40616.0MB, cuda_peak_alloc=7062.9MB, cuda_free=7351.8MB, cuda_total=48519.1MB
[2026-06-11 18:45:37] Epoch 10 train batch [1200/1875] loss=0.2866 avg_loss=0.3539. Resources: rss=2156.3MB, peak_rss=2628.0MB, cuda_alloc=360.6MB, cuda_reserved=43916.0MB, cuda_peak_alloc=7062.9MB, cuda_free=4051.8MB, cuda_total=48519.1MB
[2026-06-11 18:45:41] Epoch 10 train batch [1220/1875] loss=0.2194 avg_loss=0.3532. Resources: rss=2155.9MB, peak_rss=2628.0MB, cuda_alloc=360.6MB, cuda_reserved=43916.0MB, cuda_peak_alloc=7062.9MB, cuda_free=4051.8MB, cuda_total=48519.1MB
[2026-06-11 18:45:46] Epoch 10 train batch [1240/1875] loss=0.3243 avg_loss=0.3535. Resources: rss=2155.8MB, peak_rss=2628.0MB, cuda_alloc=360.6MB, cuda_reserved=43916.0MB, cuda_peak_alloc=7062.9MB, cuda_free=4051.8MB, cuda_total=48519.1MB
[2026-06-11 18:45:50] Epoch 10 train batch [1260/1875] loss=0.4581 avg_loss=0.3539. Resources: rss=2155.7MB, peak_rss=2628.0MB, cuda_alloc=360.6MB, cuda_reserved=43916.0MB, cuda_peak_alloc=7062.9MB, cuda_free=4051.8MB, cuda_total=48519.1MB
[2026-06-11 18:45:54] Epoch 10 train batch [1280/1875] loss=0.2978 avg_loss=0.3546. Resources: rss=2155.9MB, peak_rss=2628.0MB, cuda_alloc=360.6MB, cuda_reserved=43916.0MB, cuda_peak_alloc=7062.9MB, cuda_free=4051.8MB, cuda_total=48519.1MB
[2026-06-11 18:45:59] Epoch 10 train batch [1300/1875] loss=0.5696 avg_loss=0.3549. Resources: rss=2155.5MB, peak_rss=2628.0MB, cuda_alloc=360.6MB, cuda_reserved=21116.0MB, cuda_peak_alloc=7062.9MB, cuda_free=26851.8MB, cuda_total=48519.1MB
[2026-06-11 18:46:05] Epoch 10 train batch [1320/1875] loss=0.3645 avg_loss=0.3556. Resources: rss=2156.0MB, peak_rss=2628.0MB, cuda_alloc=360.6MB, cuda_reserved=24396.0MB, cuda_peak_alloc=7062.9MB, cuda_free=23571.8MB, cuda_total=48519.1MB
[2026-06-11 18:46:10] Epoch 10 train batch [1340/1875] loss=0.3167 avg_loss=0.3562. Resources: rss=2155.2MB, peak_rss=2628.0MB, cuda_alloc=360.6MB, cuda_reserved=35396.0MB, cuda_peak_alloc=7062.9MB, cuda_free=12571.8MB, cuda_total=48519.1MB
[2026-06-11 18:46:14] Epoch 10 train batch [1360/1875] loss=0.3775 avg_loss=0.3562. Resources: rss=2155.9MB, peak_rss=2628.0MB, cuda_alloc=360.6MB, cuda_reserved=42656.0MB, cuda_peak_alloc=7062.9MB, cuda_free=5311.8MB, cuda_total=48519.1MB
[2026-06-11 18:46:18] Epoch 10 train batch [1380/1875] loss=0.4109 avg_loss=0.3561. Resources: rss=2155.6MB, peak_rss=2628.0MB, cuda_alloc=360.6MB, cuda_reserved=42656.0MB, cuda_peak_alloc=7062.9MB, cuda_free=5311.8MB, cuda_total=48519.1MB
[2026-06-11 18:46:22] Epoch 10 train batch [1400/1875] loss=0.3589 avg_loss=0.3562. Resources: rss=2155.7MB, peak_rss=2628.0MB, cuda_alloc=360.6MB, cuda_reserved=42656.0MB, cuda_peak_alloc=7062.9MB, cuda_free=5311.8MB, cuda_total=48519.1MB
[2026-06-11 18:46:26] Epoch 10 train batch [1420/1875] loss=0.3929 avg_loss=0.3572. Resources: rss=2156.8MB, peak_rss=2628.0MB, cuda_alloc=360.6MB, cuda_reserved=42656.0MB, cuda_peak_alloc=7062.9MB, cuda_free=5311.8MB, cuda_total=48519.1MB
[2026-06-11 18:46:30] Epoch 10 train batch [1440/1875] loss=0.4204 avg_loss=0.3568. Resources: rss=2155.9MB, peak_rss=2628.0MB, cuda_alloc=360.6MB, cuda_reserved=42656.0MB, cuda_peak_alloc=7062.9MB, cuda_free=5311.8MB, cuda_total=48519.1MB
[2026-06-11 18:46:34] Epoch 10 train batch [1460/1875] loss=0.3352 avg_loss=0.3569. Resources: rss=2154.8MB, peak_rss=2628.0MB, cuda_alloc=360.6MB, cuda_reserved=42656.0MB, cuda_peak_alloc=7062.9MB, cuda_free=5311.8MB, cuda_total=48519.1MB
[2026-06-11 18:46:38] Epoch 10 train batch [1480/1875] loss=0.3243 avg_loss=0.3572. Resources: rss=2155.8MB, peak_rss=2628.0MB, cuda_alloc=360.6MB, cuda_reserved=42656.0MB, cuda_peak_alloc=7062.9MB, cuda_free=5311.8MB, cuda_total=48519.1MB
[2026-06-11 18:46:42] Epoch 10 train batch [1500/1875] loss=0.2444 avg_loss=0.3572. Resources: rss=2155.3MB, peak_rss=2628.0MB, cuda_alloc=360.6MB, cuda_reserved=42656.0MB, cuda_peak_alloc=7062.9MB, cuda_free=5311.8MB, cuda_total=48519.1MB
[2026-06-11 18:46:47] Epoch 10 train batch [1520/1875] loss=0.6361 avg_loss=0.3579. Resources: rss=2156.1MB, peak_rss=2628.0MB, cuda_alloc=360.6MB, cuda_reserved=42656.0MB, cuda_peak_alloc=7062.9MB, cuda_free=5311.8MB, cuda_total=48519.1MB
[2026-06-11 18:46:51] Epoch 10 train batch [1540/1875] loss=0.4061 avg_loss=0.3575. Resources: rss=2155.2MB, peak_rss=2628.0MB, cuda_alloc=360.6MB, cuda_reserved=42656.0MB, cuda_peak_alloc=7062.9MB, cuda_free=5311.8MB, cuda_total=48519.1MB
[2026-06-11 18:46:55] Epoch 10 train batch [1560/1875] loss=0.3249 avg_loss=0.3573. Resources: rss=2155.5MB, peak_rss=2628.0MB, cuda_alloc=360.6MB, cuda_reserved=44036.0MB, cuda_peak_alloc=7062.9MB, cuda_free=3931.8MB, cuda_total=48519.1MB
[2026-06-11 18:46:59] Epoch 10 train batch [1580/1875] loss=0.2507 avg_loss=0.3572. Resources: rss=2157.9MB, peak_rss=2628.0MB, cuda_alloc=360.6MB, cuda_reserved=44036.0MB, cuda_peak_alloc=7062.9MB, cuda_free=3931.8MB, cuda_total=48519.1MB
[2026-06-11 18:47:03] Epoch 10 train batch [1600/1875] loss=0.8962 avg_loss=0.3574. Resources: rss=2157.4MB, peak_rss=2628.0MB, cuda_alloc=360.6MB, cuda_reserved=44036.0MB, cuda_peak_alloc=7062.9MB, cuda_free=3931.8MB, cuda_total=48519.1MB
[2026-06-11 18:47:08] Epoch 10 train batch [1620/1875] loss=0.6679 avg_loss=0.3583. Resources: rss=2157.6MB, peak_rss=2628.0MB, cuda_alloc=360.6MB, cuda_reserved=45156.0MB, cuda_peak_alloc=7062.9MB, cuda_free=2811.8MB, cuda_total=48519.1MB
[2026-06-11 18:47:12] Epoch 10 train batch [1640/1875] loss=0.6117 avg_loss=0.3586. Resources: rss=2156.8MB, peak_rss=2628.0MB, cuda_alloc=360.6MB, cuda_reserved=45156.0MB, cuda_peak_alloc=7062.9MB, cuda_free=2811.8MB, cuda_total=48519.1MB
[2026-06-11 18:47:15] Epoch 10 train batch [1660/1875] loss=0.3527 avg_loss=0.3586. Resources: rss=2156.2MB, peak_rss=2628.0MB, cuda_alloc=360.6MB, cuda_reserved=45156.0MB, cuda_peak_alloc=7062.9MB, cuda_free=2811.8MB, cuda_total=48519.1MB
[2026-06-11 18:47:20] Epoch 10 train batch [1680/1875] loss=0.3029 avg_loss=0.3585. Resources: rss=2156.9MB, peak_rss=2628.0MB, cuda_alloc=360.6MB, cuda_reserved=45156.0MB, cuda_peak_alloc=7062.9MB, cuda_free=2811.8MB, cuda_total=48519.1MB
[2026-06-11 18:47:24] Epoch 10 train batch [1700/1875] loss=0.2711 avg_loss=0.3585. Resources: rss=2156.3MB, peak_rss=2628.0MB, cuda_alloc=360.6MB, cuda_reserved=45156.0MB, cuda_peak_alloc=7062.9MB, cuda_free=2811.8MB, cuda_total=48519.1MB
[2026-06-11 18:47:28] Epoch 10 train batch [1720/1875] loss=0.2205 avg_loss=0.3584. Resources: rss=2156.6MB, peak_rss=2628.0MB, cuda_alloc=360.6MB, cuda_reserved=45156.0MB, cuda_peak_alloc=7062.9MB, cuda_free=2811.8MB, cuda_total=48519.1MB
[2026-06-11 18:47:32] Epoch 10 train batch [1740/1875] loss=0.3217 avg_loss=0.3582. Resources: rss=2159.0MB, peak_rss=2628.0MB, cuda_alloc=360.6MB, cuda_reserved=45156.0MB, cuda_peak_alloc=7062.9MB, cuda_free=2811.8MB, cuda_total=48519.1MB
[2026-06-11 18:47:37] Epoch 10 train batch [1760/1875] loss=0.1904 avg_loss=0.3575. Resources: rss=2161.4MB, peak_rss=2628.0MB, cuda_alloc=360.6MB, cuda_reserved=45156.0MB, cuda_peak_alloc=7062.9MB, cuda_free=2811.8MB, cuda_total=48519.1MB
[2026-06-11 18:47:42] Epoch 10 train batch [1780/1875] loss=0.4953 avg_loss=0.3571. Resources: rss=2161.1MB, peak_rss=2628.0MB, cuda_alloc=360.6MB, cuda_reserved=34496.0MB, cuda_peak_alloc=7062.9MB, cuda_free=13471.8MB, cuda_total=48519.1MB
[2026-06-11 18:47:46] Epoch 10 train batch [1800/1875] loss=0.2190 avg_loss=0.3564. Resources: rss=2162.1MB, peak_rss=2628.0MB, cuda_alloc=360.6MB, cuda_reserved=35656.0MB, cuda_peak_alloc=7062.9MB, cuda_free=12311.8MB, cuda_total=48519.1MB
[2026-06-11 18:47:51] Epoch 10 train batch [1820/1875] loss=0.4741 avg_loss=0.3564. Resources: rss=2161.4MB, peak_rss=2628.0MB, cuda_alloc=360.6MB, cuda_reserved=35656.0MB, cuda_peak_alloc=7062.9MB, cuda_free=12311.8MB, cuda_total=48519.1MB
[2026-06-11 18:47:56] Epoch 10 train batch [1840/1875] loss=0.3758 avg_loss=0.3559. Resources: rss=2162.3MB, peak_rss=2628.0MB, cuda_alloc=360.6MB, cuda_reserved=20116.0MB, cuda_peak_alloc=7062.9MB, cuda_free=27851.8MB, cuda_total=48519.1MB
[2026-06-11 18:48:01] Epoch 10 train batch [1860/1875] loss=0.3028 avg_loss=0.3561. Resources: rss=2162.6MB, peak_rss=2628.0MB, cuda_alloc=360.6MB, cuda_reserved=28416.0MB, cuda_peak_alloc=7062.9MB, cuda_free=19551.8MB, cuda_total=48519.1MB
[2026-06-11 18:48:05] Epoch 10 train batch [1875/1875] loss=0.5511 avg_loss=0.3563. Resources: rss=2162.7MB, peak_rss=2628.0MB, cuda_alloc=360.6MB, cuda_reserved=23016.0MB, cuda_peak_alloc=7062.9MB, cuda_free=24951.8MB, cuda_total=48519.1MB
[2026-06-11 18:48:05] Epoch 10 training completed. Resources: rss=2154.3MB, peak_rss=2628.0MB, cuda_alloc=360.6MB, cuda_reserved=23016.0MB, cuda_peak_alloc=7062.9MB, cuda_free=24951.8MB, cuda_total=48519.1MB
[2026-06-11 18:48:06] Epoch 10 cache released before validation loss. Resources: rss=2153.8MB, peak_rss=2628.0MB, cuda_alloc=360.6MB, cuda_reserved=540.0MB, cuda_peak_alloc=360.6MB, cuda_free=47427.8MB, cuda_total=48519.1MB
[2026-06-11 18:48:37] Epoch 10 validation loss completed: 0.4601. Resources: rss=2153.8MB, peak_rss=2628.0MB, cuda_alloc=360.6MB, cuda_reserved=11266.0MB, cuda_peak_alloc=2034.0MB, cuda_free=36701.8MB, cuda_total=48519.1MB
[2026-06-11 18:48:37] Epoch 10 cache released before detection metrics. Resources: rss=2153.2MB, peak_rss=2628.0MB, cuda_alloc=360.6MB, cuda_reserved=540.0MB, cuda_peak_alloc=360.6MB, cuda_free=47427.8MB, cuda_total=48519.1MB
[2026-06-11 18:49:08] Epoch 10 prediction tensors moved to CPU. Computing metrics. Resources: rss=2152.4MB, peak_rss=2628.0MB, cuda_alloc=360.6MB, cuda_reserved=540.0MB, cuda_peak_alloc=360.6MB, cuda_free=47427.8MB, cuda_total=48519.1MB
[2026-06-11 18:49:08] Epoch 10 metrics computed (mAP@0.5 only). Saving artifacts. Resources: rss=2156.4MB, peak_rss=2628.0MB, cuda_alloc=360.6MB, cuda_reserved=540.0MB, cuda_peak_alloc=360.6MB, cuda_free=47427.8MB, cuda_total=48519.1MB
[2026-06-11 18:49:09] Epoch 10 did not improve mAP@0.5 enough. Early stopping counter: 1/10.
Epoch [10/50]
├── Train Loss : 0.3563
│   ├── loss_classifier  : 0.2010
│   ├── loss_box_reg     : 0.1553
│   ├── loss_objectness  : 0.0000
│   └── loss_rpn_box_reg : 0.0000
├── Val Loss   : 0.4601
├── mAP@0.5    : 0.7321
├── mAP@0.75   : n/a
├── mAP@0.5:0.95 : n/a
├── Precision  : 0.0537
├── Recall     : 0.9525
├── GT Boxes   : 2021
├── Predictions: 35831
├── Per-class AP
│   ├── person  : AP50=0.7992, AP75=n/a, AP50:95=n/a, P=0.0724, R=0.9618
│   ├── car     : AP50=0.7370, AP75=n/a, AP50:95=n/a, P=0.0642, R=0.9399
│   ├── dog     : AP50=0.7645, AP75=n/a, AP50:95=n/a, P=0.0408, R=0.9806
│   ├── cat     : AP50=0.8523, AP75=n/a, AP50:95=n/a, P=0.0490, R=0.9659
│   └── chair   : AP50=0.5074, AP75=n/a, AP50:95=n/a, P=0.0282, R=0.9007
├── LR         : 0.000949
└── Time       : 476.8s
[2026-06-11 18:49:09] Epoch [10/50] completed. Resources: rss=2153.3MB, peak_rss=2628.0MB, cuda_alloc=360.6MB, cuda_reserved=540.0MB, cuda_peak_alloc=360.6MB, cuda_free=47427.8MB, cuda_total=48519.1MB
[2026-06-11 18:49:09] Epoch [11/50] started. Resources: rss=2153.3MB, peak_rss=2628.0MB, cuda_alloc=360.6MB, cuda_reserved=540.0MB, cuda_peak_alloc=360.6MB, cuda_free=47427.8MB, cuda_total=48519.1MB
[2026-06-11 18:49:15] Epoch 11 train batch [20/1875] loss=0.1588 avg_loss=0.3711. Resources: rss=2163.1MB, peak_rss=2628.0MB, cuda_alloc=360.6MB, cuda_reserved=35856.0MB, cuda_peak_alloc=7061.9MB, cuda_free=12111.8MB, cuda_total=48519.1MB
[2026-06-11 18:49:19] Epoch 11 train batch [40/1875] loss=0.2808 avg_loss=0.3318. Resources: rss=2163.0MB, peak_rss=2628.0MB, cuda_alloc=360.6MB, cuda_reserved=44836.0MB, cuda_peak_alloc=7062.0MB, cuda_free=3131.8MB, cuda_total=48519.1MB
[2026-06-11 18:49:23] Epoch 11 train batch [60/1875] loss=0.1577 avg_loss=0.3159. Resources: rss=2163.1MB, peak_rss=2628.0MB, cuda_alloc=360.6MB, cuda_reserved=44836.0MB, cuda_peak_alloc=7062.1MB, cuda_free=3131.8MB, cuda_total=48519.1MB
[2026-06-11 18:49:29] Epoch 11 train batch [80/1875] loss=0.1184 avg_loss=0.3294. Resources: rss=2161.2MB, peak_rss=2628.0MB, cuda_alloc=360.6MB, cuda_reserved=24216.0MB, cuda_peak_alloc=7062.1MB, cuda_free=23751.8MB, cuda_total=48519.1MB
[2026-06-11 18:49:33] Epoch 11 train batch [100/1875] loss=0.3598 avg_loss=0.3267. Resources: rss=2162.4MB, peak_rss=2628.0MB, cuda_alloc=360.6MB, cuda_reserved=30616.0MB, cuda_peak_alloc=7062.1MB, cuda_free=17351.8MB, cuda_total=48519.1MB
[2026-06-11 18:49:39] Epoch 11 train batch [120/1875] loss=0.4602 avg_loss=0.3200. Resources: rss=2162.5MB, peak_rss=2628.0MB, cuda_alloc=360.6MB, cuda_reserved=7796.0MB, cuda_peak_alloc=7062.1MB, cuda_free=40171.8MB, cuda_total=48519.1MB
[2026-06-11 18:49:44] Epoch 11 train batch [140/1875] loss=0.3188 avg_loss=0.3268. Resources: rss=2161.9MB, peak_rss=2628.0MB, cuda_alloc=360.6MB, cuda_reserved=41056.0MB, cuda_peak_alloc=7062.1MB, cuda_free=6911.8MB, cuda_total=48519.1MB
[2026-06-11 18:49:48] Epoch 11 train batch [160/1875] loss=0.2997 avg_loss=0.3206. Resources: rss=2163.6MB, peak_rss=2628.0MB, cuda_alloc=360.6MB, cuda_reserved=41056.0MB, cuda_peak_alloc=7062.6MB, cuda_free=6911.8MB, cuda_total=48519.1MB
[2026-06-11 18:49:52] Epoch 11 train batch [180/1875] loss=0.5078 avg_loss=0.3260. Resources: rss=2162.9MB, peak_rss=2628.0MB, cuda_alloc=360.6MB, cuda_reserved=41056.0MB, cuda_peak_alloc=7062.6MB, cuda_free=6911.8MB, cuda_total=48519.1MB
[2026-06-11 18:49:56] Epoch 11 train batch [200/1875] loss=0.2942 avg_loss=0.3305. Resources: rss=2163.2MB, peak_rss=2628.0MB, cuda_alloc=360.6MB, cuda_reserved=41056.0MB, cuda_peak_alloc=7062.6MB, cuda_free=6911.8MB, cuda_total=48519.1MB
[2026-06-11 18:50:00] Epoch 11 train batch [220/1875] loss=0.3399 avg_loss=0.3314. Resources: rss=2161.6MB, peak_rss=2628.0MB, cuda_alloc=360.6MB, cuda_reserved=41056.0MB, cuda_peak_alloc=7062.6MB, cuda_free=6911.8MB, cuda_total=48519.1MB
[2026-06-11 18:50:05] Epoch 11 train batch [240/1875] loss=0.2182 avg_loss=0.3312. Resources: rss=2162.9MB, peak_rss=2628.0MB, cuda_alloc=360.6MB, cuda_reserved=41056.0MB, cuda_peak_alloc=7062.6MB, cuda_free=6911.8MB, cuda_total=48519.1MB
[2026-06-11 18:50:09] Epoch 11 train batch [260/1875] loss=0.2822 avg_loss=0.3363. Resources: rss=2162.1MB, peak_rss=2628.0MB, cuda_alloc=360.6MB, cuda_reserved=41056.0MB, cuda_peak_alloc=7062.6MB, cuda_free=6911.8MB, cuda_total=48519.1MB
[2026-06-11 18:50:13] Epoch 11 train batch [280/1875] loss=0.1401 avg_loss=0.3358. Resources: rss=2163.2MB, peak_rss=2628.0MB, cuda_alloc=360.6MB, cuda_reserved=41056.0MB, cuda_peak_alloc=7062.6MB, cuda_free=6911.8MB, cuda_total=48519.1MB
[2026-06-11 18:50:17] Epoch 11 train batch [300/1875] loss=0.3969 avg_loss=0.3343. Resources: rss=2164.7MB, peak_rss=2628.0MB, cuda_alloc=360.6MB, cuda_reserved=41056.0MB, cuda_peak_alloc=7062.6MB, cuda_free=6911.8MB, cuda_total=48519.1MB
[2026-06-11 18:50:21] Epoch 11 train batch [320/1875] loss=0.2620 avg_loss=0.3345. Resources: rss=2163.5MB, peak_rss=2628.0MB, cuda_alloc=360.6MB, cuda_reserved=41056.0MB, cuda_peak_alloc=7062.6MB, cuda_free=6911.8MB, cuda_total=48519.1MB
[2026-06-11 18:50:26] Epoch 11 train batch [340/1875] loss=0.3009 avg_loss=0.3333. Resources: rss=2162.8MB, peak_rss=2628.0MB, cuda_alloc=360.6MB, cuda_reserved=41056.0MB, cuda_peak_alloc=7062.6MB, cuda_free=6911.8MB, cuda_total=48519.1MB
[2026-06-11 18:50:30] Epoch 11 train batch [360/1875] loss=0.4615 avg_loss=0.3314. Resources: rss=2162.8MB, peak_rss=2628.0MB, cuda_alloc=360.6MB, cuda_reserved=5516.0MB, cuda_peak_alloc=7062.6MB, cuda_free=42451.8MB, cuda_total=48519.1MB
[2026-06-11 18:50:34] Epoch 11 train batch [380/1875] loss=0.2812 avg_loss=0.3304. Resources: rss=2163.3MB, peak_rss=2628.0MB, cuda_alloc=360.6MB, cuda_reserved=30116.0MB, cuda_peak_alloc=7062.6MB, cuda_free=17851.8MB, cuda_total=48519.1MB
[2026-06-11 18:50:39] Epoch 11 train batch [400/1875] loss=0.2467 avg_loss=0.3309. Resources: rss=2163.6MB, peak_rss=2628.0MB, cuda_alloc=360.6MB, cuda_reserved=33056.0MB, cuda_peak_alloc=7062.6MB, cuda_free=14911.8MB, cuda_total=48519.1MB
[2026-06-11 18:50:44] Epoch 11 train batch [420/1875] loss=0.2669 avg_loss=0.3305. Resources: rss=2163.0MB, peak_rss=2628.0MB, cuda_alloc=360.6MB, cuda_reserved=27176.0MB, cuda_peak_alloc=7062.6MB, cuda_free=20791.8MB, cuda_total=48519.1MB
[2026-06-11 18:50:49] Epoch 11 train batch [440/1875] loss=0.2113 avg_loss=0.3319. Resources: rss=2162.1MB, peak_rss=2628.0MB, cuda_alloc=360.6MB, cuda_reserved=20296.0MB, cuda_peak_alloc=7062.6MB, cuda_free=27671.8MB, cuda_total=48519.1MB
[2026-06-11 18:50:54] Epoch 11 train batch [460/1875] loss=0.3521 avg_loss=0.3332. Resources: rss=2161.8MB, peak_rss=2628.0MB, cuda_alloc=360.6MB, cuda_reserved=33316.0MB, cuda_peak_alloc=7062.6MB, cuda_free=14651.8MB, cuda_total=48519.1MB
[2026-06-11 18:51:00] Epoch 11 train batch [480/1875] loss=0.2792 avg_loss=0.3323. Resources: rss=2163.2MB, peak_rss=2628.0MB, cuda_alloc=360.6MB, cuda_reserved=17336.0MB, cuda_peak_alloc=7062.6MB, cuda_free=30631.8MB, cuda_total=48519.1MB
[2026-06-11 18:51:04] Epoch 11 train batch [500/1875] loss=0.2147 avg_loss=0.3293. Resources: rss=2163.4MB, peak_rss=2628.0MB, cuda_alloc=360.6MB, cuda_reserved=33116.0MB, cuda_peak_alloc=7062.6MB, cuda_free=14851.8MB, cuda_total=48519.1MB
[2026-06-11 18:51:08] Epoch 11 train batch [520/1875] loss=0.3716 avg_loss=0.3273. Resources: rss=2162.7MB, peak_rss=2628.0MB, cuda_alloc=360.6MB, cuda_reserved=33116.0MB, cuda_peak_alloc=7062.6MB, cuda_free=14851.8MB, cuda_total=48519.1MB
[2026-06-11 18:51:12] Epoch 11 train batch [540/1875] loss=0.3468 avg_loss=0.3296. Resources: rss=2161.6MB, peak_rss=2628.0MB, cuda_alloc=360.6MB, cuda_reserved=35736.0MB, cuda_peak_alloc=7062.6MB, cuda_free=12231.8MB, cuda_total=48519.1MB
[2026-06-11 18:51:16] Epoch 11 train batch [560/1875] loss=0.2809 avg_loss=0.3306. Resources: rss=2161.6MB, peak_rss=2628.0MB, cuda_alloc=360.6MB, cuda_reserved=35736.0MB, cuda_peak_alloc=7062.6MB, cuda_free=12231.8MB, cuda_total=48519.1MB
[2026-06-11 18:51:22] Epoch 11 train batch [580/1875] loss=0.4200 avg_loss=0.3318. Resources: rss=2162.1MB, peak_rss=2628.0MB, cuda_alloc=360.6MB, cuda_reserved=41116.0MB, cuda_peak_alloc=7062.6MB, cuda_free=6851.8MB, cuda_total=48519.1MB
[2026-06-11 18:51:27] Epoch 11 train batch [600/1875] loss=0.8107 avg_loss=0.3322. Resources: rss=2161.7MB, peak_rss=2628.0MB, cuda_alloc=360.6MB, cuda_reserved=29736.0MB, cuda_peak_alloc=7062.6MB, cuda_free=18231.8MB, cuda_total=48519.1MB
[2026-06-11 18:51:33] Epoch 11 train batch [620/1875] loss=0.4149 avg_loss=0.3327. Resources: rss=2162.1MB, peak_rss=2628.0MB, cuda_alloc=360.6MB, cuda_reserved=24156.0MB, cuda_peak_alloc=7062.6MB, cuda_free=23811.8MB, cuda_total=48519.1MB
[2026-06-11 18:51:37] Epoch 11 train batch [640/1875] loss=0.0877 avg_loss=0.3317. Resources: rss=2161.4MB, peak_rss=2628.0MB, cuda_alloc=360.6MB, cuda_reserved=32916.0MB, cuda_peak_alloc=7062.6MB, cuda_free=15051.8MB, cuda_total=48519.1MB
[2026-06-11 18:51:41] Epoch 11 train batch [660/1875] loss=0.2889 avg_loss=0.3324. Resources: rss=2162.3MB, peak_rss=2628.0MB, cuda_alloc=360.6MB, cuda_reserved=32916.0MB, cuda_peak_alloc=7062.6MB, cuda_free=15051.8MB, cuda_total=48519.1MB
[2026-06-11 18:51:45] Epoch 11 train batch [680/1875] loss=0.3778 avg_loss=0.3328. Resources: rss=2161.8MB, peak_rss=2628.0MB, cuda_alloc=351.4MB, cuda_reserved=32916.0MB, cuda_peak_alloc=7062.6MB, cuda_free=15051.8MB, cuda_total=48519.1MB
[2026-06-11 18:51:49] Epoch 11 train batch [700/1875] loss=0.4372 avg_loss=0.3324. Resources: rss=2162.5MB, peak_rss=2628.0MB, cuda_alloc=360.6MB, cuda_reserved=35816.0MB, cuda_peak_alloc=7062.6MB, cuda_free=12151.8MB, cuda_total=48519.1MB
[2026-06-11 18:51:54] Epoch 11 train batch [720/1875] loss=0.4873 avg_loss=0.3324. Resources: rss=2162.8MB, peak_rss=2628.0MB, cuda_alloc=360.6MB, cuda_reserved=35816.0MB, cuda_peak_alloc=7062.6MB, cuda_free=12151.8MB, cuda_total=48519.1MB
[2026-06-11 18:51:58] Epoch 11 train batch [740/1875] loss=0.3462 avg_loss=0.3322. Resources: rss=2162.5MB, peak_rss=2628.0MB, cuda_alloc=360.6MB, cuda_reserved=35816.0MB, cuda_peak_alloc=7062.6MB, cuda_free=12151.8MB, cuda_total=48519.1MB
[2026-06-11 18:52:02] Epoch 11 train batch [760/1875] loss=0.3913 avg_loss=0.3316. Resources: rss=2162.0MB, peak_rss=2628.0MB, cuda_alloc=360.6MB, cuda_reserved=35816.0MB, cuda_peak_alloc=7062.6MB, cuda_free=12151.8MB, cuda_total=48519.1MB
[2026-06-11 18:52:06] Epoch 11 train batch [780/1875] loss=0.3361 avg_loss=0.3317. Resources: rss=2162.5MB, peak_rss=2628.0MB, cuda_alloc=360.6MB, cuda_reserved=35816.0MB, cuda_peak_alloc=7062.6MB, cuda_free=12151.8MB, cuda_total=48519.1MB
[2026-06-11 18:52:12] Epoch 11 train batch [800/1875] loss=0.1899 avg_loss=0.3311. Resources: rss=2163.2MB, peak_rss=2628.0MB, cuda_alloc=360.6MB, cuda_reserved=28096.0MB, cuda_peak_alloc=7062.6MB, cuda_free=19871.8MB, cuda_total=48519.1MB
[2026-06-11 18:52:16] Epoch 11 train batch [820/1875] loss=0.1657 avg_loss=0.3308. Resources: rss=2163.1MB, peak_rss=2628.0MB, cuda_alloc=360.6MB, cuda_reserved=28096.0MB, cuda_peak_alloc=7062.6MB, cuda_free=19871.8MB, cuda_total=48519.1MB
[2026-06-11 18:52:20] Epoch 11 train batch [840/1875] loss=0.2587 avg_loss=0.3344. Resources: rss=2161.9MB, peak_rss=2628.0MB, cuda_alloc=360.6MB, cuda_reserved=33496.0MB, cuda_peak_alloc=7062.6MB, cuda_free=14471.8MB, cuda_total=48519.1MB
[2026-06-11 18:52:25] Epoch 11 train batch [860/1875] loss=0.2456 avg_loss=0.3338. Resources: rss=2162.4MB, peak_rss=2628.0MB, cuda_alloc=360.6MB, cuda_reserved=13736.0MB, cuda_peak_alloc=7062.6MB, cuda_free=34231.8MB, cuda_total=48519.1MB
[2026-06-11 18:52:30] Epoch 11 train batch [880/1875] loss=0.2870 avg_loss=0.3337. Resources: rss=2161.9MB, peak_rss=2628.0MB, cuda_alloc=360.6MB, cuda_reserved=30416.0MB, cuda_peak_alloc=7062.6MB, cuda_free=17551.8MB, cuda_total=48519.1MB
[2026-06-11 18:52:34] Epoch 11 train batch [900/1875] loss=0.3235 avg_loss=0.3338. Resources: rss=2163.2MB, peak_rss=2628.0MB, cuda_alloc=360.6MB, cuda_reserved=33676.0MB, cuda_peak_alloc=7062.6MB, cuda_free=14291.8MB, cuda_total=48519.1MB
[2026-06-11 18:52:38] Epoch 11 train batch [920/1875] loss=0.4512 avg_loss=0.3338. Resources: rss=2162.5MB, peak_rss=2628.0MB, cuda_alloc=360.6MB, cuda_reserved=34716.0MB, cuda_peak_alloc=7062.6MB, cuda_free=13251.8MB, cuda_total=48519.1MB
[2026-06-11 18:52:42] Epoch 11 train batch [940/1875] loss=0.0844 avg_loss=0.3335. Resources: rss=2162.1MB, peak_rss=2628.0MB, cuda_alloc=351.4MB, cuda_reserved=35736.0MB, cuda_peak_alloc=7062.6MB, cuda_free=12231.8MB, cuda_total=48519.1MB
[2026-06-11 18:52:47] Epoch 11 train batch [960/1875] loss=0.3944 avg_loss=0.3346. Resources: rss=2162.5MB, peak_rss=2628.0MB, cuda_alloc=360.6MB, cuda_reserved=22416.0MB, cuda_peak_alloc=7062.6MB, cuda_free=25551.8MB, cuda_total=48519.1MB
[2026-06-11 18:52:51] Epoch 11 train batch [980/1875] loss=0.2317 avg_loss=0.3343. Resources: rss=2162.4MB, peak_rss=2628.0MB, cuda_alloc=360.6MB, cuda_reserved=33076.0MB, cuda_peak_alloc=7062.6MB, cuda_free=14891.8MB, cuda_total=48519.1MB
[2026-06-11 18:52:55] Epoch 11 train batch [1000/1875] loss=0.2884 avg_loss=0.3346. Resources: rss=2161.8MB, peak_rss=2628.0MB, cuda_alloc=360.6MB, cuda_reserved=33076.0MB, cuda_peak_alloc=7062.6MB, cuda_free=14891.8MB, cuda_total=48519.1MB
[2026-06-11 18:52:59] Epoch 11 train batch [1020/1875] loss=0.3181 avg_loss=0.3343. Resources: rss=2162.8MB, peak_rss=2628.0MB, cuda_alloc=360.6MB, cuda_reserved=33076.0MB, cuda_peak_alloc=7062.6MB, cuda_free=14891.8MB, cuda_total=48519.1MB
[2026-06-11 18:53:04] Epoch 11 train batch [1040/1875] loss=0.3472 avg_loss=0.3346. Resources: rss=2162.5MB, peak_rss=2628.0MB, cuda_alloc=360.6MB, cuda_reserved=33076.0MB, cuda_peak_alloc=7062.6MB, cuda_free=14891.8MB, cuda_total=48519.1MB
[2026-06-11 18:53:08] Epoch 11 train batch [1060/1875] loss=0.1902 avg_loss=0.3344. Resources: rss=2162.0MB, peak_rss=2628.0MB, cuda_alloc=360.6MB, cuda_reserved=33076.0MB, cuda_peak_alloc=7062.6MB, cuda_free=14891.8MB, cuda_total=48519.1MB
[2026-06-11 18:53:12] Epoch 11 train batch [1080/1875] loss=0.5840 avg_loss=0.3340. Resources: rss=2162.6MB, peak_rss=2628.0MB, cuda_alloc=360.6MB, cuda_reserved=33076.0MB, cuda_peak_alloc=7062.6MB, cuda_free=14891.8MB, cuda_total=48519.1MB
[2026-06-11 18:53:16] Epoch 11 train batch [1100/1875] loss=0.1814 avg_loss=0.3343. Resources: rss=2162.2MB, peak_rss=2628.0MB, cuda_alloc=360.6MB, cuda_reserved=37516.0MB, cuda_peak_alloc=7062.6MB, cuda_free=10451.8MB, cuda_total=48519.1MB
[2026-06-11 18:53:21] Epoch 11 train batch [1120/1875] loss=0.3495 avg_loss=0.3345. Resources: rss=2162.8MB, peak_rss=2628.0MB, cuda_alloc=360.6MB, cuda_reserved=37516.0MB, cuda_peak_alloc=7062.6MB, cuda_free=10451.8MB, cuda_total=48519.1MB
[2026-06-11 18:53:25] Epoch 11 train batch [1140/1875] loss=0.8667 avg_loss=0.3349. Resources: rss=2161.6MB, peak_rss=2628.0MB, cuda_alloc=360.6MB, cuda_reserved=37516.0MB, cuda_peak_alloc=7062.6MB, cuda_free=10451.8MB, cuda_total=48519.1MB
[2026-06-11 18:53:29] Epoch 11 train batch [1160/1875] loss=0.3759 avg_loss=0.3348. Resources: rss=2161.4MB, peak_rss=2628.0MB, cuda_alloc=360.6MB, cuda_reserved=37516.0MB, cuda_peak_alloc=7062.6MB, cuda_free=10451.8MB, cuda_total=48519.1MB
[2026-06-11 18:53:33] Epoch 11 train batch [1180/1875] loss=0.3020 avg_loss=0.3344. Resources: rss=2161.7MB, peak_rss=2628.0MB, cuda_alloc=360.6MB, cuda_reserved=37516.0MB, cuda_peak_alloc=7062.6MB, cuda_free=10451.8MB, cuda_total=48519.1MB
[2026-06-11 18:53:37] Epoch 11 train batch [1200/1875] loss=0.2584 avg_loss=0.3344. Resources: rss=2161.7MB, peak_rss=2628.0MB, cuda_alloc=360.6MB, cuda_reserved=37516.0MB, cuda_peak_alloc=7062.6MB, cuda_free=10451.8MB, cuda_total=48519.1MB
[2026-06-11 18:53:42] Epoch 11 train batch [1220/1875] loss=0.4767 avg_loss=0.3347. Resources: rss=2162.1MB, peak_rss=2628.0MB, cuda_alloc=360.6MB, cuda_reserved=37516.0MB, cuda_peak_alloc=7062.6MB, cuda_free=10451.8MB, cuda_total=48519.1MB
[2026-06-11 18:53:46] Epoch 11 train batch [1240/1875] loss=0.1275 avg_loss=0.3345. Resources: rss=2160.6MB, peak_rss=2628.0MB, cuda_alloc=360.6MB, cuda_reserved=37516.0MB, cuda_peak_alloc=7062.6MB, cuda_free=10451.8MB, cuda_total=48519.1MB
[2026-06-11 18:53:50] Epoch 11 train batch [1260/1875] loss=0.2132 avg_loss=0.3345. Resources: rss=2161.9MB, peak_rss=2628.0MB, cuda_alloc=360.6MB, cuda_reserved=37516.0MB, cuda_peak_alloc=7062.6MB, cuda_free=10451.8MB, cuda_total=48519.1MB
[2026-06-11 18:53:54] Epoch 11 train batch [1280/1875] loss=0.3268 avg_loss=0.3347. Resources: rss=2163.0MB, peak_rss=2628.0MB, cuda_alloc=360.6MB, cuda_reserved=44836.0MB, cuda_peak_alloc=7062.6MB, cuda_free=3131.8MB, cuda_total=48519.1MB
[2026-06-11 18:53:59] Epoch 11 train batch [1300/1875] loss=0.2842 avg_loss=0.3345. Resources: rss=2162.4MB, peak_rss=2628.0MB, cuda_alloc=360.6MB, cuda_reserved=34436.0MB, cuda_peak_alloc=7062.6MB, cuda_free=13531.8MB, cuda_total=48519.1MB
[2026-06-11 18:54:04] Epoch 11 train batch [1320/1875] loss=0.2513 avg_loss=0.3340. Resources: rss=2163.0MB, peak_rss=2628.0MB, cuda_alloc=360.6MB, cuda_reserved=26376.0MB, cuda_peak_alloc=7062.6MB, cuda_free=21591.8MB, cuda_total=48519.1MB
[2026-06-11 18:54:09] Epoch 11 train batch [1340/1875] loss=0.3181 avg_loss=0.3345. Resources: rss=2162.5MB, peak_rss=2628.0MB, cuda_alloc=360.6MB, cuda_reserved=26676.0MB, cuda_peak_alloc=7062.6MB, cuda_free=21291.8MB, cuda_total=48519.1MB
[2026-06-11 18:54:14] Epoch 11 train batch [1360/1875] loss=0.3028 avg_loss=0.3349. Resources: rss=2163.4MB, peak_rss=2628.0MB, cuda_alloc=360.6MB, cuda_reserved=43416.0MB, cuda_peak_alloc=7062.6MB, cuda_free=4551.8MB, cuda_total=48519.1MB
[2026-06-11 18:54:20] Epoch 11 train batch [1380/1875] loss=0.3323 avg_loss=0.3350. Resources: rss=2162.9MB, peak_rss=2628.0MB, cuda_alloc=360.6MB, cuda_reserved=27716.0MB, cuda_peak_alloc=7062.6MB, cuda_free=20251.8MB, cuda_total=48519.1MB
[2026-06-11 18:54:24] Epoch 11 train batch [1400/1875] loss=0.2288 avg_loss=0.3349. Resources: rss=2163.0MB, peak_rss=2628.0MB, cuda_alloc=360.6MB, cuda_reserved=32296.0MB, cuda_peak_alloc=7062.6MB, cuda_free=15671.8MB, cuda_total=48519.1MB
[2026-06-11 18:54:28] Epoch 11 train batch [1420/1875] loss=0.5695 avg_loss=0.3349. Resources: rss=2162.3MB, peak_rss=2628.0MB, cuda_alloc=351.4MB, cuda_reserved=46756.0MB, cuda_peak_alloc=7062.6MB, cuda_free=1211.8MB, cuda_total=48519.1MB
[2026-06-11 18:54:35] Epoch 11 train batch [1440/1875] loss=0.1236 avg_loss=0.3343. Resources: rss=2162.1MB, peak_rss=2628.0MB, cuda_alloc=360.6MB, cuda_reserved=8136.0MB, cuda_peak_alloc=7062.6MB, cuda_free=39831.8MB, cuda_total=48519.1MB
[2026-06-11 18:54:41] Epoch 11 train batch [1460/1875] loss=0.2289 avg_loss=0.3343. Resources: rss=2162.8MB, peak_rss=2628.0MB, cuda_alloc=360.6MB, cuda_reserved=34356.0MB, cuda_peak_alloc=7062.6MB, cuda_free=13611.8MB, cuda_total=48519.1MB
[2026-06-11 18:54:47] Epoch 11 train batch [1480/1875] loss=0.3019 avg_loss=0.3344. Resources: rss=2163.3MB, peak_rss=2628.0MB, cuda_alloc=360.6MB, cuda_reserved=20176.0MB, cuda_peak_alloc=7062.6MB, cuda_free=27791.8MB, cuda_total=48519.1MB
[2026-06-11 18:54:51] Epoch 11 train batch [1500/1875] loss=0.2765 avg_loss=0.3340. Resources: rss=2163.0MB, peak_rss=2628.0MB, cuda_alloc=360.6MB, cuda_reserved=35876.0MB, cuda_peak_alloc=7062.6MB, cuda_free=12091.8MB, cuda_total=48519.1MB
[2026-06-11 18:54:55] Epoch 11 train batch [1520/1875] loss=0.1967 avg_loss=0.3347. Resources: rss=2162.8MB, peak_rss=2628.0MB, cuda_alloc=360.6MB, cuda_reserved=35876.0MB, cuda_peak_alloc=7062.6MB, cuda_free=12091.8MB, cuda_total=48519.1MB
[2026-06-11 18:54:59] Epoch 11 train batch [1540/1875] loss=0.3637 avg_loss=0.3340. Resources: rss=2163.6MB, peak_rss=2628.0MB, cuda_alloc=360.6MB, cuda_reserved=41636.0MB, cuda_peak_alloc=7062.6MB, cuda_free=6331.8MB, cuda_total=48519.1MB
[2026-06-11 18:55:04] Epoch 11 train batch [1560/1875] loss=0.3230 avg_loss=0.3340. Resources: rss=2162.2MB, peak_rss=2628.0MB, cuda_alloc=360.6MB, cuda_reserved=23916.0MB, cuda_peak_alloc=7062.6MB, cuda_free=24051.8MB, cuda_total=48519.1MB
[2026-06-11 18:55:10] Epoch 11 train batch [1580/1875] loss=0.4857 avg_loss=0.3344. Resources: rss=2162.9MB, peak_rss=2628.0MB, cuda_alloc=360.6MB, cuda_reserved=20936.0MB, cuda_peak_alloc=7062.6MB, cuda_free=27031.8MB, cuda_total=48519.1MB
[2026-06-11 18:55:16] Epoch 11 train batch [1600/1875] loss=0.3480 avg_loss=0.3348. Resources: rss=2162.5MB, peak_rss=2628.0MB, cuda_alloc=360.6MB, cuda_reserved=29756.0MB, cuda_peak_alloc=7062.6MB, cuda_free=18211.8MB, cuda_total=48519.1MB
[2026-06-11 18:55:21] Epoch 11 train batch [1620/1875] loss=0.3507 avg_loss=0.3353. Resources: rss=2163.4MB, peak_rss=2628.0MB, cuda_alloc=360.6MB, cuda_reserved=21616.0MB, cuda_peak_alloc=7062.6MB, cuda_free=26351.8MB, cuda_total=48519.1MB
[2026-06-11 18:55:25] Epoch 11 train batch [1640/1875] loss=0.2167 avg_loss=0.3353. Resources: rss=2163.8MB, peak_rss=2628.0MB, cuda_alloc=360.6MB, cuda_reserved=35116.0MB, cuda_peak_alloc=7062.6MB, cuda_free=12851.8MB, cuda_total=48519.1MB
[2026-06-11 18:55:30] Epoch 11 train batch [1660/1875] loss=0.2450 avg_loss=0.3352. Resources: rss=2161.9MB, peak_rss=2628.0MB, cuda_alloc=360.6MB, cuda_reserved=35116.0MB, cuda_peak_alloc=7062.6MB, cuda_free=12851.8MB, cuda_total=48519.1MB
[2026-06-11 18:55:35] Epoch 11 train batch [1680/1875] loss=0.1434 avg_loss=0.3350. Resources: rss=2162.6MB, peak_rss=2628.0MB, cuda_alloc=360.6MB, cuda_reserved=30556.0MB, cuda_peak_alloc=7062.6MB, cuda_free=17411.8MB, cuda_total=48519.1MB
[2026-06-11 18:55:39] Epoch 11 train batch [1700/1875] loss=0.2436 avg_loss=0.3349. Resources: rss=2161.7MB, peak_rss=2628.0MB, cuda_alloc=360.6MB, cuda_reserved=30556.0MB, cuda_peak_alloc=7062.6MB, cuda_free=17411.8MB, cuda_total=48519.1MB
[2026-06-11 18:55:43] Epoch 11 train batch [1720/1875] loss=0.2308 avg_loss=0.3348. Resources: rss=2162.6MB, peak_rss=2628.0MB, cuda_alloc=360.6MB, cuda_reserved=30556.0MB, cuda_peak_alloc=7062.6MB, cuda_free=17411.8MB, cuda_total=48519.1MB
[2026-06-11 18:55:48] Epoch 11 train batch [1740/1875] loss=0.3802 avg_loss=0.3349. Resources: rss=2163.8MB, peak_rss=2628.0MB, cuda_alloc=360.6MB, cuda_reserved=35516.0MB, cuda_peak_alloc=7062.6MB, cuda_free=12451.8MB, cuda_total=48519.1MB
[2026-06-11 18:55:52] Epoch 11 train batch [1760/1875] loss=0.1304 avg_loss=0.3344. Resources: rss=2163.1MB, peak_rss=2628.0MB, cuda_alloc=360.6MB, cuda_reserved=35516.0MB, cuda_peak_alloc=7062.6MB, cuda_free=12451.8MB, cuda_total=48519.1MB
[2026-06-11 18:55:56] Epoch 11 train batch [1780/1875] loss=0.4192 avg_loss=0.3344. Resources: rss=2163.2MB, peak_rss=2628.0MB, cuda_alloc=360.6MB, cuda_reserved=35896.0MB, cuda_peak_alloc=7062.6MB, cuda_free=12071.8MB, cuda_total=48519.1MB
[2026-06-11 18:56:00] Epoch 11 train batch [1800/1875] loss=0.3107 avg_loss=0.3343. Resources: rss=2162.8MB, peak_rss=2628.0MB, cuda_alloc=360.6MB, cuda_reserved=35896.0MB, cuda_peak_alloc=7062.6MB, cuda_free=12071.8MB, cuda_total=48519.1MB
[2026-06-11 18:56:05] Epoch 11 train batch [1820/1875] loss=0.3031 avg_loss=0.3339. Resources: rss=2163.8MB, peak_rss=2628.0MB, cuda_alloc=360.6MB, cuda_reserved=38276.0MB, cuda_peak_alloc=7062.6MB, cuda_free=9691.8MB, cuda_total=48519.1MB
[2026-06-11 18:56:08] Epoch 11 train batch [1840/1875] loss=0.1402 avg_loss=0.3337. Resources: rss=2163.7MB, peak_rss=2628.0MB, cuda_alloc=360.6MB, cuda_reserved=38276.0MB, cuda_peak_alloc=7062.6MB, cuda_free=9691.8MB, cuda_total=48519.1MB
[2026-06-11 18:56:14] Epoch 11 train batch [1860/1875] loss=0.4007 avg_loss=0.3343. Resources: rss=2163.6MB, peak_rss=2628.0MB, cuda_alloc=360.6MB, cuda_reserved=44676.0MB, cuda_peak_alloc=7062.6MB, cuda_free=3291.8MB, cuda_total=48519.1MB
[2026-06-11 18:56:18] Epoch 11 train batch [1875/1875] loss=0.2925 avg_loss=0.3345. Resources: rss=2162.8MB, peak_rss=2628.0MB, cuda_alloc=360.6MB, cuda_reserved=17536.0MB, cuda_peak_alloc=7062.6MB, cuda_free=30431.8MB, cuda_total=48519.1MB
[2026-06-11 18:56:18] Epoch 11 training completed. Resources: rss=2155.2MB, peak_rss=2628.0MB, cuda_alloc=360.6MB, cuda_reserved=17536.0MB, cuda_peak_alloc=7062.6MB, cuda_free=30431.8MB, cuda_total=48519.1MB
[2026-06-11 18:56:19] Epoch 11 cache released before validation loss. Resources: rss=2153.4MB, peak_rss=2628.0MB, cuda_alloc=360.6MB, cuda_reserved=558.0MB, cuda_peak_alloc=360.6MB, cuda_free=47409.8MB, cuda_total=48519.1MB
[2026-06-11 18:56:49] Epoch 11 validation loss completed: 0.4676. Resources: rss=2154.1MB, peak_rss=2628.0MB, cuda_alloc=360.6MB, cuda_reserved=14846.0MB, cuda_peak_alloc=2034.0MB, cuda_free=33121.8MB, cuda_total=48519.1MB
[2026-06-11 18:56:50] Epoch 11 cache released before detection metrics. Resources: rss=2153.5MB, peak_rss=2628.0MB, cuda_alloc=360.6MB, cuda_reserved=558.0MB, cuda_peak_alloc=360.6MB, cuda_free=47409.8MB, cuda_total=48519.1MB
[2026-06-11 18:57:22] Epoch 11 prediction tensors moved to CPU. Computing metrics. Resources: rss=2152.5MB, peak_rss=2628.0MB, cuda_alloc=360.6MB, cuda_reserved=558.0MB, cuda_peak_alloc=360.6MB, cuda_free=47409.8MB, cuda_total=48519.1MB
[2026-06-11 18:57:22] Epoch 11 metrics computed (mAP@0.5 only). Saving artifacts. Resources: rss=2159.2MB, peak_rss=2628.0MB, cuda_alloc=360.6MB, cuda_reserved=558.0MB, cuda_peak_alloc=360.6MB, cuda_free=47409.8MB, cuda_total=48519.1MB
[2026-06-11 18:57:23] Epoch 11 improved mAP@0.5 to 0.7529. Saved best checkpoint: best_model-20260611-172946.pth. Resources: rss=2637.4MB, peak_rss=2637.4MB, cuda_alloc=360.6MB, cuda_reserved=558.0MB, cuda_peak_alloc=360.6MB, cuda_free=47409.8MB, cuda_total=48519.1MB
Epoch [11/50]
├── Train Loss : 0.3345
│   ├── loss_classifier  : 0.1892
│   ├── loss_box_reg     : 0.1452
│   ├── loss_objectness  : 0.0000
│   └── loss_rpn_box_reg : 0.0000
├── Val Loss   : 0.4676
├── mAP@0.5    : 0.7529
├── mAP@0.75   : n/a
├── mAP@0.5:0.95 : n/a
├── Precision  : 0.0413
├── Recall     : 0.9654
├── GT Boxes   : 2021
├── Predictions: 47291
├── Per-class AP
│   ├── person  : AP50=0.8166, AP75=n/a, AP50:95=n/a, P=0.0618, R=0.9702
│   ├── car     : AP50=0.7648, AP75=n/a, AP50:95=n/a, P=0.0396, R=0.9788
│   ├── dog     : AP50=0.8242, AP75=n/a, AP50:95=n/a, P=0.0394, R=0.9854
│   ├── cat     : AP50=0.8485, AP75=n/a, AP50:95=n/a, P=0.0524, R=0.9773
│   └── chair   : AP50=0.5106, AP75=n/a, AP50:95=n/a, P=0.0171, R=0.9113
├── LR         : 0.000934
└── Time       : 493.0s
[2026-06-11 18:57:23] Epoch [11/50] completed. Resources: rss=2154.4MB, peak_rss=2637.4MB, cuda_alloc=360.6MB, cuda_reserved=558.0MB, cuda_peak_alloc=360.6MB, cuda_free=47409.8MB, cuda_total=48519.1MB
[2026-06-11 18:57:23] Epoch [12/50] started. Resources: rss=2154.4MB, peak_rss=2637.4MB, cuda_alloc=360.6MB, cuda_reserved=558.0MB, cuda_peak_alloc=360.6MB, cuda_free=47409.8MB, cuda_total=48519.1MB
[2026-06-11 18:57:28] Epoch 12 train batch [20/1875] loss=0.2710 avg_loss=0.3038. Resources: rss=2164.8MB, peak_rss=2637.4MB, cuda_alloc=360.6MB, cuda_reserved=23856.0MB, cuda_peak_alloc=7061.8MB, cuda_free=24111.8MB, cuda_total=48519.1MB
[2026-06-11 18:57:34] Epoch 12 train batch [40/1875] loss=0.2916 avg_loss=0.3140. Resources: rss=2164.9MB, peak_rss=2637.4MB, cuda_alloc=360.6MB, cuda_reserved=27236.0MB, cuda_peak_alloc=7061.9MB, cuda_free=20731.8MB, cuda_total=48519.1MB
[2026-06-11 18:57:38] Epoch 12 train batch [60/1875] loss=0.2863 avg_loss=0.3041. Resources: rss=2165.9MB, peak_rss=2637.4MB, cuda_alloc=360.6MB, cuda_reserved=31156.0MB, cuda_peak_alloc=7061.9MB, cuda_free=16811.8MB, cuda_total=48519.1MB
[2026-06-11 18:57:42] Epoch 12 train batch [80/1875] loss=0.2370 avg_loss=0.3053. Resources: rss=2163.3MB, peak_rss=2637.4MB, cuda_alloc=360.6MB, cuda_reserved=32156.0MB, cuda_peak_alloc=7062.1MB, cuda_free=15811.8MB, cuda_total=48519.1MB
[2026-06-11 18:57:46] Epoch 12 train batch [100/1875] loss=0.2421 avg_loss=0.3141. Resources: rss=2164.4MB, peak_rss=2637.4MB, cuda_alloc=360.6MB, cuda_reserved=41776.0MB, cuda_peak_alloc=7062.1MB, cuda_free=6191.8MB, cuda_total=48519.1MB
[2026-06-11 18:57:50] Epoch 12 train batch [120/1875] loss=0.7861 avg_loss=0.3133. Resources: rss=2164.9MB, peak_rss=2637.4MB, cuda_alloc=360.6MB, cuda_reserved=41776.0MB, cuda_peak_alloc=7062.1MB, cuda_free=6191.8MB, cuda_total=48519.1MB
[2026-06-11 18:57:54] Epoch 12 train batch [140/1875] loss=0.0386 avg_loss=0.3089. Resources: rss=2165.1MB, peak_rss=2637.4MB, cuda_alloc=351.4MB, cuda_reserved=41776.0MB, cuda_peak_alloc=7062.1MB, cuda_free=6191.8MB, cuda_total=48519.1MB
[2026-06-11 18:57:59] Epoch 12 train batch [160/1875] loss=0.5115 avg_loss=0.3124. Resources: rss=2165.4MB, peak_rss=2637.4MB, cuda_alloc=360.6MB, cuda_reserved=41776.0MB, cuda_peak_alloc=7062.1MB, cuda_free=6191.8MB, cuda_total=48519.1MB
[2026-06-11 18:58:03] Epoch 12 train batch [180/1875] loss=0.2815 avg_loss=0.3131. Resources: rss=2165.0MB, peak_rss=2637.4MB, cuda_alloc=360.6MB, cuda_reserved=41776.0MB, cuda_peak_alloc=7062.1MB, cuda_free=6191.8MB, cuda_total=48519.1MB
[2026-06-11 18:58:07] Epoch 12 train batch [200/1875] loss=0.5827 avg_loss=0.3158. Resources: rss=2164.7MB, peak_rss=2637.4MB, cuda_alloc=360.6MB, cuda_reserved=41776.0MB, cuda_peak_alloc=7062.1MB, cuda_free=6191.8MB, cuda_total=48519.1MB
[2026-06-11 18:58:11] Epoch 12 train batch [220/1875] loss=0.1557 avg_loss=0.3098. Resources: rss=2165.1MB, peak_rss=2637.4MB, cuda_alloc=360.6MB, cuda_reserved=41776.0MB, cuda_peak_alloc=7062.1MB, cuda_free=6191.8MB, cuda_total=48519.1MB
[2026-06-11 18:58:15] Epoch 12 train batch [240/1875] loss=0.5333 avg_loss=0.3089. Resources: rss=2164.1MB, peak_rss=2637.4MB, cuda_alloc=360.6MB, cuda_reserved=41776.0MB, cuda_peak_alloc=7062.1MB, cuda_free=6191.8MB, cuda_total=48519.1MB
[2026-06-11 18:58:20] Epoch 12 train batch [260/1875] loss=0.2949 avg_loss=0.3059. Resources: rss=2164.9MB, peak_rss=2637.4MB, cuda_alloc=360.6MB, cuda_reserved=41776.0MB, cuda_peak_alloc=7062.1MB, cuda_free=6191.8MB, cuda_total=48519.1MB
[2026-06-11 18:58:24] Epoch 12 train batch [280/1875] loss=0.3093 avg_loss=0.3097. Resources: rss=2164.9MB, peak_rss=2637.4MB, cuda_alloc=360.6MB, cuda_reserved=46196.0MB, cuda_peak_alloc=7062.1MB, cuda_free=1771.8MB, cuda_total=48519.1MB
[2026-06-11 18:58:29] Epoch 12 train batch [300/1875] loss=0.3608 avg_loss=0.3075. Resources: rss=2165.1MB, peak_rss=2637.4MB, cuda_alloc=360.6MB, cuda_reserved=46196.0MB, cuda_peak_alloc=7062.2MB, cuda_free=1771.8MB, cuda_total=48519.1MB
[2026-06-11 18:58:33] Epoch 12 train batch [320/1875] loss=0.3349 avg_loss=0.3055. Resources: rss=2165.7MB, peak_rss=2637.4MB, cuda_alloc=360.6MB, cuda_reserved=46196.0MB, cuda_peak_alloc=7062.2MB, cuda_free=1771.8MB, cuda_total=48519.1MB
[2026-06-11 18:58:37] Epoch 12 train batch [340/1875] loss=0.3581 avg_loss=0.3073. Resources: rss=2165.0MB, peak_rss=2637.4MB, cuda_alloc=360.6MB, cuda_reserved=46196.0MB, cuda_peak_alloc=7062.2MB, cuda_free=1771.8MB, cuda_total=48519.1MB
[2026-06-11 18:58:41] Epoch 12 train batch [360/1875] loss=0.2522 avg_loss=0.3044. Resources: rss=2165.1MB, peak_rss=2637.4MB, cuda_alloc=360.6MB, cuda_reserved=46196.0MB, cuda_peak_alloc=7062.6MB, cuda_free=1771.8MB, cuda_total=48519.1MB
[2026-06-11 18:58:45] Epoch 12 train batch [380/1875] loss=0.2615 avg_loss=0.3059. Resources: rss=2164.5MB, peak_rss=2637.4MB, cuda_alloc=360.6MB, cuda_reserved=46196.0MB, cuda_peak_alloc=7062.6MB, cuda_free=1771.8MB, cuda_total=48519.1MB
[2026-06-11 18:58:49] Epoch 12 train batch [400/1875] loss=0.2315 avg_loss=0.3070. Resources: rss=2165.1MB, peak_rss=2637.4MB, cuda_alloc=360.6MB, cuda_reserved=46196.0MB, cuda_peak_alloc=7062.6MB, cuda_free=1771.8MB, cuda_total=48519.1MB
[2026-06-11 18:58:54] Epoch 12 train batch [420/1875] loss=0.2889 avg_loss=0.3062. Resources: rss=2165.2MB, peak_rss=2637.4MB, cuda_alloc=360.6MB, cuda_reserved=20876.0MB, cuda_peak_alloc=7062.6MB, cuda_free=27091.8MB, cuda_total=48519.1MB
[2026-06-11 18:58:59] Epoch 12 train batch [440/1875] loss=0.2336 avg_loss=0.3027. Resources: rss=2164.2MB, peak_rss=2637.4MB, cuda_alloc=360.6MB, cuda_reserved=28176.0MB, cuda_peak_alloc=7062.6MB, cuda_free=19791.8MB, cuda_total=48519.1MB
[2026-06-11 18:59:03] Epoch 12 train batch [460/1875] loss=0.2267 avg_loss=0.3046. Resources: rss=2165.4MB, peak_rss=2637.4MB, cuda_alloc=360.6MB, cuda_reserved=28176.0MB, cuda_peak_alloc=7062.6MB, cuda_free=19791.8MB, cuda_total=48519.1MB
[2026-06-11 18:59:07] Epoch 12 train batch [480/1875] loss=0.3170 avg_loss=0.3062. Resources: rss=2165.7MB, peak_rss=2637.4MB, cuda_alloc=360.6MB, cuda_reserved=28176.0MB, cuda_peak_alloc=7062.6MB, cuda_free=19791.8MB, cuda_total=48519.1MB
[2026-06-11 18:59:11] Epoch 12 train batch [500/1875] loss=0.1726 avg_loss=0.3085. Resources: rss=2166.5MB, peak_rss=2637.4MB, cuda_alloc=360.6MB, cuda_reserved=30296.0MB, cuda_peak_alloc=7062.6MB, cuda_free=17671.8MB, cuda_total=48519.1MB
[2026-06-11 18:59:16] Epoch 12 train batch [520/1875] loss=0.4170 avg_loss=0.3072. Resources: rss=2165.9MB, peak_rss=2637.4MB, cuda_alloc=360.6MB, cuda_reserved=44776.0MB, cuda_peak_alloc=7062.6MB, cuda_free=3191.8MB, cuda_total=48519.1MB
[2026-06-11 18:59:20] Epoch 12 train batch [540/1875] loss=0.2593 avg_loss=0.3099. Resources: rss=2165.3MB, peak_rss=2637.4MB, cuda_alloc=360.6MB, cuda_reserved=44776.0MB, cuda_peak_alloc=7062.6MB, cuda_free=3191.8MB, cuda_total=48519.1MB
[2026-06-11 18:59:24] Epoch 12 train batch [560/1875] loss=0.1514 avg_loss=0.3118. Resources: rss=2166.8MB, peak_rss=2637.4MB, cuda_alloc=360.6MB, cuda_reserved=44776.0MB, cuda_peak_alloc=7062.6MB, cuda_free=3191.8MB, cuda_total=48519.1MB
[2026-06-11 18:59:28] Epoch 12 train batch [580/1875] loss=0.1674 avg_loss=0.3127. Resources: rss=2167.2MB, peak_rss=2637.4MB, cuda_alloc=360.6MB, cuda_reserved=44776.0MB, cuda_peak_alloc=7062.6MB, cuda_free=3191.8MB, cuda_total=48519.1MB
[2026-06-11 18:59:33] Epoch 12 train batch [600/1875] loss=0.4010 avg_loss=0.3140. Resources: rss=2166.1MB, peak_rss=2637.4MB, cuda_alloc=360.6MB, cuda_reserved=44776.0MB, cuda_peak_alloc=7062.6MB, cuda_free=3191.8MB, cuda_total=48519.1MB
[2026-06-11 18:59:38] Epoch 12 train batch [620/1875] loss=0.1794 avg_loss=0.3126. Resources: rss=2167.6MB, peak_rss=2637.4MB, cuda_alloc=360.6MB, cuda_reserved=47896.0MB, cuda_peak_alloc=7062.6MB, cuda_free=71.8MB, cuda_total=48519.1MB
[2026-06-11 18:59:43] Epoch 12 train batch [640/1875] loss=0.1569 avg_loss=0.3117. Resources: rss=2168.0MB, peak_rss=2637.4MB, cuda_alloc=360.6MB, cuda_reserved=25076.0MB, cuda_peak_alloc=7062.6MB, cuda_free=22891.8MB, cuda_total=48519.1MB
[2026-06-11 18:59:47] Epoch 12 train batch [660/1875] loss=0.1701 avg_loss=0.3097. Resources: rss=2166.5MB, peak_rss=2637.4MB, cuda_alloc=360.6MB, cuda_reserved=25456.0MB, cuda_peak_alloc=7062.6MB, cuda_free=22511.8MB, cuda_total=48519.1MB
[2026-06-11 18:59:52] Epoch 12 train batch [680/1875] loss=0.3270 avg_loss=0.3094. Resources: rss=2167.6MB, peak_rss=2637.4MB, cuda_alloc=360.6MB, cuda_reserved=27356.0MB, cuda_peak_alloc=7062.6MB, cuda_free=20611.8MB, cuda_total=48519.1MB
[2026-06-11 18:59:56] Epoch 12 train batch [700/1875] loss=0.1615 avg_loss=0.3093. Resources: rss=2167.1MB, peak_rss=2637.4MB, cuda_alloc=360.6MB, cuda_reserved=27356.0MB, cuda_peak_alloc=7062.6MB, cuda_free=20611.8MB, cuda_total=48519.1MB
[2026-06-11 19:00:00] Epoch 12 train batch [720/1875] loss=0.3421 avg_loss=0.3101. Resources: rss=2167.3MB, peak_rss=2637.4MB, cuda_alloc=360.6MB, cuda_reserved=27356.0MB, cuda_peak_alloc=7062.6MB, cuda_free=20611.8MB, cuda_total=48519.1MB
[2026-06-11 19:00:04] Epoch 12 train batch [740/1875] loss=0.3881 avg_loss=0.3106. Resources: rss=2167.8MB, peak_rss=2637.4MB, cuda_alloc=360.6MB, cuda_reserved=28496.0MB, cuda_peak_alloc=7062.6MB, cuda_free=19471.8MB, cuda_total=48519.1MB
[2026-06-11 19:00:08] Epoch 12 train batch [760/1875] loss=0.3999 avg_loss=0.3104. Resources: rss=2167.8MB, peak_rss=2637.4MB, cuda_alloc=360.6MB, cuda_reserved=29256.0MB, cuda_peak_alloc=7062.6MB, cuda_free=18711.8MB, cuda_total=48519.1MB
[2026-06-11 19:00:12] Epoch 12 train batch [780/1875] loss=0.3399 avg_loss=0.3112. Resources: rss=2168.1MB, peak_rss=2637.4MB, cuda_alloc=360.6MB, cuda_reserved=33236.0MB, cuda_peak_alloc=7062.7MB, cuda_free=14731.8MB, cuda_total=48519.1MB
[2026-06-11 19:00:16] Epoch 12 train batch [800/1875] loss=0.2990 avg_loss=0.3106. Resources: rss=2168.2MB, peak_rss=2637.4MB, cuda_alloc=360.6MB, cuda_reserved=33236.0MB, cuda_peak_alloc=7062.7MB, cuda_free=14731.8MB, cuda_total=48519.1MB
[2026-06-11 19:00:20] Epoch 12 train batch [820/1875] loss=0.3895 avg_loss=0.3106. Resources: rss=2167.6MB, peak_rss=2637.4MB, cuda_alloc=360.6MB, cuda_reserved=33236.0MB, cuda_peak_alloc=7062.7MB, cuda_free=14731.8MB, cuda_total=48519.1MB
[2026-06-11 19:00:24] Epoch 12 train batch [840/1875] loss=0.1856 avg_loss=0.3098. Resources: rss=2168.6MB, peak_rss=2637.4MB, cuda_alloc=360.6MB, cuda_reserved=33236.0MB, cuda_peak_alloc=7062.7MB, cuda_free=14731.8MB, cuda_total=48519.1MB
[2026-06-11 19:00:29] Epoch 12 train batch [860/1875] loss=0.2769 avg_loss=0.3117. Resources: rss=2167.6MB, peak_rss=2637.4MB, cuda_alloc=360.6MB, cuda_reserved=33236.0MB, cuda_peak_alloc=7062.7MB, cuda_free=14731.8MB, cuda_total=48519.1MB
[2026-06-11 19:00:33] Epoch 12 train batch [880/1875] loss=0.2982 avg_loss=0.3110. Resources: rss=2168.1MB, peak_rss=2637.4MB, cuda_alloc=360.6MB, cuda_reserved=37816.0MB, cuda_peak_alloc=7062.7MB, cuda_free=10151.8MB, cuda_total=48519.1MB
[2026-06-11 19:00:37] Epoch 12 train batch [900/1875] loss=0.2062 avg_loss=0.3105. Resources: rss=2168.0MB, peak_rss=2637.4MB, cuda_alloc=360.6MB, cuda_reserved=37816.0MB, cuda_peak_alloc=7062.7MB, cuda_free=10151.8MB, cuda_total=48519.1MB
[2026-06-11 19:00:41] Epoch 12 train batch [920/1875] loss=0.2869 avg_loss=0.3095. Resources: rss=2168.2MB, peak_rss=2637.4MB, cuda_alloc=360.6MB, cuda_reserved=38936.0MB, cuda_peak_alloc=7062.7MB, cuda_free=9031.8MB, cuda_total=48519.1MB
[2026-06-11 19:00:46] Epoch 12 train batch [940/1875] loss=0.2804 avg_loss=0.3089. Resources: rss=2168.8MB, peak_rss=2637.4MB, cuda_alloc=360.6MB, cuda_reserved=38936.0MB, cuda_peak_alloc=7062.7MB, cuda_free=9031.8MB, cuda_total=48519.1MB
[2026-06-11 19:00:50] Epoch 12 train batch [960/1875] loss=0.3349 avg_loss=0.3088. Resources: rss=2168.8MB, peak_rss=2637.4MB, cuda_alloc=360.6MB, cuda_reserved=38936.0MB, cuda_peak_alloc=7062.7MB, cuda_free=9031.8MB, cuda_total=48519.1MB
[2026-06-11 19:00:54] Epoch 12 train batch [980/1875] loss=0.2422 avg_loss=0.3091. Resources: rss=2168.5MB, peak_rss=2637.4MB, cuda_alloc=360.6MB, cuda_reserved=38936.0MB, cuda_peak_alloc=7062.7MB, cuda_free=9031.8MB, cuda_total=48519.1MB
[2026-06-11 19:00:58] Epoch 12 train batch [1000/1875] loss=0.1982 avg_loss=0.3081. Resources: rss=2168.5MB, peak_rss=2637.4MB, cuda_alloc=360.6MB, cuda_reserved=38936.0MB, cuda_peak_alloc=7062.7MB, cuda_free=9031.8MB, cuda_total=48519.1MB
[2026-06-11 19:01:02] Epoch 12 train batch [1020/1875] loss=0.4463 avg_loss=0.3085. Resources: rss=2167.9MB, peak_rss=2637.4MB, cuda_alloc=360.6MB, cuda_reserved=38936.0MB, cuda_peak_alloc=7062.7MB, cuda_free=9031.8MB, cuda_total=48519.1MB
[2026-06-11 19:01:07] Epoch 12 train batch [1040/1875] loss=0.3792 avg_loss=0.3082. Resources: rss=2168.5MB, peak_rss=2637.4MB, cuda_alloc=360.6MB, cuda_reserved=38936.0MB, cuda_peak_alloc=7062.7MB, cuda_free=9031.8MB, cuda_total=48519.1MB
[2026-06-11 19:01:11] Epoch 12 train batch [1060/1875] loss=0.3485 avg_loss=0.3098. Resources: rss=2169.3MB, peak_rss=2637.4MB, cuda_alloc=360.6MB, cuda_reserved=38936.0MB, cuda_peak_alloc=7062.7MB, cuda_free=9031.8MB, cuda_total=48519.1MB
[2026-06-11 19:01:15] Epoch 12 train batch [1080/1875] loss=0.3999 avg_loss=0.3092. Resources: rss=2168.3MB, peak_rss=2637.4MB, cuda_alloc=360.6MB, cuda_reserved=38936.0MB, cuda_peak_alloc=7062.7MB, cuda_free=9031.8MB, cuda_total=48519.1MB
[2026-06-11 19:01:20] Epoch 12 train batch [1100/1875] loss=0.4705 avg_loss=0.3097. Resources: rss=2167.3MB, peak_rss=2637.4MB, cuda_alloc=360.6MB, cuda_reserved=38936.0MB, cuda_peak_alloc=7062.7MB, cuda_free=9031.8MB, cuda_total=48519.1MB
[2026-06-11 19:01:24] Epoch 12 train batch [1120/1875] loss=0.4026 avg_loss=0.3098. Resources: rss=2167.1MB, peak_rss=2637.4MB, cuda_alloc=360.6MB, cuda_reserved=38936.0MB, cuda_peak_alloc=7062.7MB, cuda_free=9031.8MB, cuda_total=48519.1MB
[2026-06-11 19:01:28] Epoch 12 train batch [1140/1875] loss=0.3652 avg_loss=0.3095. Resources: rss=2166.5MB, peak_rss=2637.4MB, cuda_alloc=360.6MB, cuda_reserved=38936.0MB, cuda_peak_alloc=7062.7MB, cuda_free=9031.8MB, cuda_total=48519.1MB
[2026-06-11 19:01:32] Epoch 12 train batch [1160/1875] loss=0.3756 avg_loss=0.3102. Resources: rss=2168.6MB, peak_rss=2637.4MB, cuda_alloc=360.6MB, cuda_reserved=38936.0MB, cuda_peak_alloc=7062.7MB, cuda_free=9031.8MB, cuda_total=48519.1MB
[2026-06-11 19:01:36] Epoch 12 train batch [1180/1875] loss=0.2646 avg_loss=0.3090. Resources: rss=2167.6MB, peak_rss=2637.4MB, cuda_alloc=360.6MB, cuda_reserved=38936.0MB, cuda_peak_alloc=7062.7MB, cuda_free=9031.8MB, cuda_total=48519.1MB
[2026-06-11 19:01:40] Epoch 12 train batch [1200/1875] loss=0.2529 avg_loss=0.3088. Resources: rss=2166.7MB, peak_rss=2637.4MB, cuda_alloc=360.6MB, cuda_reserved=38936.0MB, cuda_peak_alloc=7062.7MB, cuda_free=9031.8MB, cuda_total=48519.1MB
[2026-06-11 19:01:44] Epoch 12 train batch [1220/1875] loss=0.3755 avg_loss=0.3087. Resources: rss=2168.0MB, peak_rss=2637.4MB, cuda_alloc=360.6MB, cuda_reserved=38936.0MB, cuda_peak_alloc=7062.7MB, cuda_free=9031.8MB, cuda_total=48519.1MB
[2026-06-11 19:01:48] Epoch 12 train batch [1240/1875] loss=0.2920 avg_loss=0.3084. Resources: rss=2166.8MB, peak_rss=2637.4MB, cuda_alloc=360.6MB, cuda_reserved=38936.0MB, cuda_peak_alloc=7062.7MB, cuda_free=9031.8MB, cuda_total=48519.1MB
[2026-06-11 19:01:52] Epoch 12 train batch [1260/1875] loss=0.3548 avg_loss=0.3096. Resources: rss=2167.5MB, peak_rss=2637.4MB, cuda_alloc=360.6MB, cuda_reserved=38936.0MB, cuda_peak_alloc=7062.7MB, cuda_free=9031.8MB, cuda_total=48519.1MB
[2026-06-11 19:01:57] Epoch 12 train batch [1280/1875] loss=0.3783 avg_loss=0.3092. Resources: rss=2166.8MB, peak_rss=2637.4MB, cuda_alloc=360.6MB, cuda_reserved=38936.0MB, cuda_peak_alloc=7062.7MB, cuda_free=9031.8MB, cuda_total=48519.1MB
[2026-06-11 19:02:01] Epoch 12 train batch [1300/1875] loss=0.3028 avg_loss=0.3091. Resources: rss=2166.4MB, peak_rss=2637.4MB, cuda_alloc=360.6MB, cuda_reserved=39516.0MB, cuda_peak_alloc=7062.7MB, cuda_free=8451.8MB, cuda_total=48519.1MB
[2026-06-11 19:02:05] Epoch 12 train batch [1320/1875] loss=0.4210 avg_loss=0.3097. Resources: rss=2167.6MB, peak_rss=2637.4MB, cuda_alloc=360.6MB, cuda_reserved=39516.0MB, cuda_peak_alloc=7062.7MB, cuda_free=8451.8MB, cuda_total=48519.1MB
[2026-06-11 19:02:09] Epoch 12 train batch [1340/1875] loss=0.2207 avg_loss=0.3102. Resources: rss=2167.7MB, peak_rss=2637.4MB, cuda_alloc=360.6MB, cuda_reserved=39516.0MB, cuda_peak_alloc=7062.7MB, cuda_free=8451.8MB, cuda_total=48519.1MB
[2026-06-11 19:02:13] Epoch 12 train batch [1360/1875] loss=0.1293 avg_loss=0.3103. Resources: rss=2167.9MB, peak_rss=2637.4MB, cuda_alloc=360.6MB, cuda_reserved=39516.0MB, cuda_peak_alloc=7062.7MB, cuda_free=8451.8MB, cuda_total=48519.1MB
[2026-06-11 19:02:17] Epoch 12 train batch [1380/1875] loss=0.3034 avg_loss=0.3102. Resources: rss=2167.4MB, peak_rss=2637.4MB, cuda_alloc=360.6MB, cuda_reserved=39516.0MB, cuda_peak_alloc=7062.7MB, cuda_free=8451.8MB, cuda_total=48519.1MB
[2026-06-11 19:02:22] Epoch 12 train batch [1400/1875] loss=0.2284 avg_loss=0.3113. Resources: rss=2167.3MB, peak_rss=2637.4MB, cuda_alloc=360.6MB, cuda_reserved=39516.0MB, cuda_peak_alloc=7062.7MB, cuda_free=8451.8MB, cuda_total=48519.1MB
[2026-06-11 19:02:26] Epoch 12 train batch [1420/1875] loss=0.1849 avg_loss=0.3105. Resources: rss=2168.0MB, peak_rss=2637.4MB, cuda_alloc=360.6MB, cuda_reserved=39516.0MB, cuda_peak_alloc=7062.7MB, cuda_free=8451.8MB, cuda_total=48519.1MB
[2026-06-11 19:02:30] Epoch 12 train batch [1440/1875] loss=0.1797 avg_loss=0.3105. Resources: rss=2167.9MB, peak_rss=2637.4MB, cuda_alloc=360.6MB, cuda_reserved=39516.0MB, cuda_peak_alloc=7062.7MB, cuda_free=8451.8MB, cuda_total=48519.1MB
[2026-06-11 19:02:34] Epoch 12 train batch [1460/1875] loss=0.2537 avg_loss=0.3107. Resources: rss=2167.2MB, peak_rss=2637.4MB, cuda_alloc=360.6MB, cuda_reserved=39516.0MB, cuda_peak_alloc=7062.7MB, cuda_free=8451.8MB, cuda_total=48519.1MB
[2026-06-11 19:02:39] Epoch 12 train batch [1480/1875] loss=0.3263 avg_loss=0.3105. Resources: rss=2167.6MB, peak_rss=2637.4MB, cuda_alloc=360.6MB, cuda_reserved=39516.0MB, cuda_peak_alloc=7062.7MB, cuda_free=8451.8MB, cuda_total=48519.1MB
[2026-06-11 19:02:43] Epoch 12 train batch [1500/1875] loss=0.2565 avg_loss=0.3097. Resources: rss=2167.9MB, peak_rss=2637.4MB, cuda_alloc=360.6MB, cuda_reserved=39516.0MB, cuda_peak_alloc=7062.7MB, cuda_free=8451.8MB, cuda_total=48519.1MB
[2026-06-11 19:02:47] Epoch 12 train batch [1520/1875] loss=0.2054 avg_loss=0.3091. Resources: rss=2166.7MB, peak_rss=2637.4MB, cuda_alloc=360.6MB, cuda_reserved=39516.0MB, cuda_peak_alloc=7062.7MB, cuda_free=8451.8MB, cuda_total=48519.1MB
[2026-06-11 19:02:51] Epoch 12 train batch [1540/1875] loss=0.2730 avg_loss=0.3090. Resources: rss=2167.3MB, peak_rss=2637.4MB, cuda_alloc=360.6MB, cuda_reserved=39516.0MB, cuda_peak_alloc=7062.7MB, cuda_free=8451.8MB, cuda_total=48519.1MB
[2026-06-11 19:02:55] Epoch 12 train batch [1560/1875] loss=0.4011 avg_loss=0.3094. Resources: rss=2168.0MB, peak_rss=2637.4MB, cuda_alloc=360.6MB, cuda_reserved=39516.0MB, cuda_peak_alloc=7062.7MB, cuda_free=8451.8MB, cuda_total=48519.1MB
[2026-06-11 19:02:59] Epoch 12 train batch [1580/1875] loss=0.3636 avg_loss=0.3091. Resources: rss=2167.4MB, peak_rss=2637.4MB, cuda_alloc=360.6MB, cuda_reserved=39516.0MB, cuda_peak_alloc=7062.7MB, cuda_free=8451.8MB, cuda_total=48519.1MB
[2026-06-11 19:03:04] Epoch 12 train batch [1600/1875] loss=0.2313 avg_loss=0.3094. Resources: rss=2166.8MB, peak_rss=2637.4MB, cuda_alloc=360.6MB, cuda_reserved=39516.0MB, cuda_peak_alloc=7062.7MB, cuda_free=8451.8MB, cuda_total=48519.1MB
[2026-06-11 19:03:08] Epoch 12 train batch [1620/1875] loss=0.6073 avg_loss=0.3097. Resources: rss=2166.7MB, peak_rss=2637.4MB, cuda_alloc=360.6MB, cuda_reserved=39516.0MB, cuda_peak_alloc=7062.7MB, cuda_free=8451.8MB, cuda_total=48519.1MB
[2026-06-11 19:03:12] Epoch 12 train batch [1640/1875] loss=0.5294 avg_loss=0.3100. Resources: rss=2166.9MB, peak_rss=2637.4MB, cuda_alloc=360.6MB, cuda_reserved=39516.0MB, cuda_peak_alloc=7062.7MB, cuda_free=8451.8MB, cuda_total=48519.1MB
[2026-06-11 19:03:16] Epoch 12 train batch [1660/1875] loss=0.2136 avg_loss=0.3100. Resources: rss=2167.3MB, peak_rss=2637.4MB, cuda_alloc=360.6MB, cuda_reserved=39516.0MB, cuda_peak_alloc=7062.7MB, cuda_free=8451.8MB, cuda_total=48519.1MB
[2026-06-11 19:03:20] Epoch 12 train batch [1680/1875] loss=0.3174 avg_loss=0.3099. Resources: rss=2167.2MB, peak_rss=2637.4MB, cuda_alloc=360.6MB, cuda_reserved=39516.0MB, cuda_peak_alloc=7062.7MB, cuda_free=8451.8MB, cuda_total=48519.1MB
[2026-06-11 19:03:24] Epoch 12 train batch [1700/1875] loss=0.2699 avg_loss=0.3103. Resources: rss=2167.3MB, peak_rss=2637.4MB, cuda_alloc=360.6MB, cuda_reserved=39516.0MB, cuda_peak_alloc=7062.7MB, cuda_free=8451.8MB, cuda_total=48519.1MB
[2026-06-11 19:03:29] Epoch 12 train batch [1720/1875] loss=0.3187 avg_loss=0.3101. Resources: rss=2167.5MB, peak_rss=2637.4MB, cuda_alloc=360.6MB, cuda_reserved=39516.0MB, cuda_peak_alloc=7062.7MB, cuda_free=8451.8MB, cuda_total=48519.1MB
[2026-06-11 19:03:33] Epoch 12 train batch [1740/1875] loss=0.3178 avg_loss=0.3099. Resources: rss=2167.3MB, peak_rss=2637.4MB, cuda_alloc=360.6MB, cuda_reserved=39516.0MB, cuda_peak_alloc=7062.7MB, cuda_free=8451.8MB, cuda_total=48519.1MB
[2026-06-11 19:03:37] Epoch 12 train batch [1760/1875] loss=0.3929 avg_loss=0.3103. Resources: rss=2167.0MB, peak_rss=2637.4MB, cuda_alloc=360.6MB, cuda_reserved=39516.0MB, cuda_peak_alloc=7062.7MB, cuda_free=8451.8MB, cuda_total=48519.1MB
[2026-06-11 19:03:41] Epoch 12 train batch [1780/1875] loss=0.2997 avg_loss=0.3100. Resources: rss=2167.2MB, peak_rss=2637.4MB, cuda_alloc=360.6MB, cuda_reserved=39516.0MB, cuda_peak_alloc=7062.7MB, cuda_free=8451.8MB, cuda_total=48519.1MB
[2026-06-11 19:03:46] Epoch 12 train batch [1800/1875] loss=0.3426 avg_loss=0.3097. Resources: rss=2169.1MB, peak_rss=2637.4MB, cuda_alloc=360.6MB, cuda_reserved=39516.0MB, cuda_peak_alloc=7062.7MB, cuda_free=8451.8MB, cuda_total=48519.1MB
[2026-06-11 19:03:50] Epoch 12 train batch [1820/1875] loss=0.1263 avg_loss=0.3097. Resources: rss=2169.2MB, peak_rss=2637.4MB, cuda_alloc=351.4MB, cuda_reserved=39516.0MB, cuda_peak_alloc=7062.7MB, cuda_free=8451.8MB, cuda_total=48519.1MB
[2026-06-11 19:03:54] Epoch 12 train batch [1840/1875] loss=0.4043 avg_loss=0.3093. Resources: rss=2169.7MB, peak_rss=2637.4MB, cuda_alloc=360.6MB, cuda_reserved=39516.0MB, cuda_peak_alloc=7062.7MB, cuda_free=8451.8MB, cuda_total=48519.1MB
[2026-06-11 19:03:58] Epoch 12 train batch [1860/1875] loss=0.2044 avg_loss=0.3093. Resources: rss=2170.2MB, peak_rss=2637.4MB, cuda_alloc=360.6MB, cuda_reserved=39516.0MB, cuda_peak_alloc=7062.7MB, cuda_free=8451.8MB, cuda_total=48519.1MB
[2026-06-11 19:04:01] Epoch 12 train batch [1875/1875] loss=0.5321 avg_loss=0.3092. Resources: rss=2170.1MB, peak_rss=2637.4MB, cuda_alloc=360.6MB, cuda_reserved=39516.0MB, cuda_peak_alloc=7062.7MB, cuda_free=8451.8MB, cuda_total=48519.1MB
[2026-06-11 19:04:01] Epoch 12 training completed. Resources: rss=2161.6MB, peak_rss=2637.4MB, cuda_alloc=360.6MB, cuda_reserved=39516.0MB, cuda_peak_alloc=7062.7MB, cuda_free=8451.8MB, cuda_total=48519.1MB
[2026-06-11 19:04:02] Epoch 12 cache released before validation loss. Resources: rss=2159.9MB, peak_rss=2637.4MB, cuda_alloc=360.6MB, cuda_reserved=538.0MB, cuda_peak_alloc=360.6MB, cuda_free=47429.8MB, cuda_total=48519.1MB
[2026-06-11 19:04:33] Epoch 12 validation loss completed: 0.4696. Resources: rss=2160.0MB, peak_rss=2637.4MB, cuda_alloc=360.6MB, cuda_reserved=16486.0MB, cuda_peak_alloc=2034.0MB, cuda_free=31481.8MB, cuda_total=48519.1MB
[2026-06-11 19:04:33] Epoch 12 cache released before detection metrics. Resources: rss=2159.4MB, peak_rss=2637.4MB, cuda_alloc=360.6MB, cuda_reserved=538.0MB, cuda_peak_alloc=360.6MB, cuda_free=47429.8MB, cuda_total=48519.1MB
[2026-06-11 19:05:05] Epoch 12 prediction tensors moved to CPU. Computing metrics. Resources: rss=2159.0MB, peak_rss=2637.4MB, cuda_alloc=360.6MB, cuda_reserved=538.0MB, cuda_peak_alloc=360.6MB, cuda_free=47429.8MB, cuda_total=48519.1MB
[2026-06-11 19:05:05] Epoch 12 metrics computed (mAP@0.5 only). Saving artifacts. Resources: rss=2160.5MB, peak_rss=2637.4MB, cuda_alloc=360.6MB, cuda_reserved=538.0MB, cuda_peak_alloc=360.6MB, cuda_free=47429.8MB, cuda_total=48519.1MB
[2026-06-11 19:05:05] Epoch 12 did not improve mAP@0.5 enough. Early stopping counter: 1/10.
Epoch [12/50]
├── Train Loss : 0.3092
│   ├── loss_classifier  : 0.1745
│   ├── loss_box_reg     : 0.1347
│   ├── loss_objectness  : 0.0000
│   └── loss_rpn_box_reg : 0.0000
├── Val Loss   : 0.4696
├── mAP@0.5    : 0.7538
├── mAP@0.75   : n/a
├── mAP@0.5:0.95 : n/a
├── Precision  : 0.0609
├── Recall     : 0.9456
├── GT Boxes   : 2021
├── Predictions: 31405
├── Per-class AP
│   ├── person  : AP50=0.8208, AP75=n/a, AP50:95=n/a, P=0.0767, R=0.9581
│   ├── car     : AP50=0.7511, AP75=n/a, AP50:95=n/a, P=0.0591, R=0.9435
│   ├── dog     : AP50=0.8184, AP75=n/a, AP50:95=n/a, P=0.0611, R=0.9612
│   ├── cat     : AP50=0.8762, AP75=n/a, AP50:95=n/a, P=0.0590, R=0.9659
│   └── chair   : AP50=0.5025, AP75=n/a, AP50:95=n/a, P=0.0336, R=0.8759
├── LR         : 0.000917
└── Time       : 461.9s
[2026-06-11 19:05:05] Epoch [12/50] completed. Resources: rss=2157.9MB, peak_rss=2637.4MB, cuda_alloc=360.6MB, cuda_reserved=538.0MB, cuda_peak_alloc=360.6MB, cuda_free=47429.8MB, cuda_total=48519.1MB
[2026-06-11 19:05:05] Epoch [13/50] started. Resources: rss=2157.9MB, peak_rss=2637.4MB, cuda_alloc=360.6MB, cuda_reserved=538.0MB, cuda_peak_alloc=360.6MB, cuda_free=47429.8MB, cuda_total=48519.1MB
[2026-06-11 19:05:10] Epoch 13 train batch [20/1875] loss=0.3184 avg_loss=0.3381. Resources: rss=2168.5MB, peak_rss=2637.4MB, cuda_alloc=360.6MB, cuda_reserved=28356.0MB, cuda_peak_alloc=7061.8MB, cuda_free=19611.8MB, cuda_total=48519.1MB
[2026-06-11 19:05:16] Epoch 13 train batch [40/1875] loss=0.1408 avg_loss=0.3345. Resources: rss=2169.4MB, peak_rss=2637.4MB, cuda_alloc=360.6MB, cuda_reserved=5396.0MB, cuda_peak_alloc=7061.8MB, cuda_free=42571.8MB, cuda_total=48519.1MB
[2026-06-11 19:05:20] Epoch 13 train batch [60/1875] loss=0.3173 avg_loss=0.3160. Resources: rss=2169.1MB, peak_rss=2637.4MB, cuda_alloc=360.6MB, cuda_reserved=13036.0MB, cuda_peak_alloc=7061.8MB, cuda_free=34931.8MB, cuda_total=48519.1MB
[2026-06-11 19:05:25] Epoch 13 train batch [80/1875] loss=0.4253 avg_loss=0.3192. Resources: rss=2168.5MB, peak_rss=2637.4MB, cuda_alloc=360.6MB, cuda_reserved=17416.0MB, cuda_peak_alloc=7061.8MB, cuda_free=30551.8MB, cuda_total=48519.1MB
[2026-06-11 19:05:30] Epoch 13 train batch [100/1875] loss=0.1963 avg_loss=0.3063. Resources: rss=2169.7MB, peak_rss=2637.4MB, cuda_alloc=360.6MB, cuda_reserved=35796.0MB, cuda_peak_alloc=7061.9MB, cuda_free=12171.8MB, cuda_total=48519.1MB
[2026-06-11 19:05:34] Epoch 13 train batch [120/1875] loss=0.2399 avg_loss=0.3030. Resources: rss=2169.5MB, peak_rss=2637.4MB, cuda_alloc=360.6MB, cuda_reserved=37016.0MB, cuda_peak_alloc=7061.9MB, cuda_free=10951.8MB, cuda_total=48519.1MB
[2026-06-11 19:05:39] Epoch 13 train batch [140/1875] loss=0.3641 avg_loss=0.3072. Resources: rss=2169.6MB, peak_rss=2637.4MB, cuda_alloc=360.6MB, cuda_reserved=32796.0MB, cuda_peak_alloc=7061.9MB, cuda_free=15170.9MB, cuda_total=48519.1MB
[2026-06-11 19:05:43] Epoch 13 train batch [160/1875] loss=0.0622 avg_loss=0.3008. Resources: rss=2169.9MB, peak_rss=2637.4MB, cuda_alloc=351.4MB, cuda_reserved=32796.0MB, cuda_peak_alloc=7061.9MB, cuda_free=15170.9MB, cuda_total=48519.1MB
[2026-06-11 19:05:48] Epoch 13 train batch [180/1875] loss=0.3321 avg_loss=0.3012. Resources: rss=2170.3MB, peak_rss=2637.4MB, cuda_alloc=360.6MB, cuda_reserved=32796.0MB, cuda_peak_alloc=7062.0MB, cuda_free=15170.9MB, cuda_total=48519.1MB
[2026-06-11 19:05:52] Epoch 13 train batch [200/1875] loss=0.1667 avg_loss=0.2994. Resources: rss=2170.1MB, peak_rss=2637.4MB, cuda_alloc=360.6MB, cuda_reserved=32796.0MB, cuda_peak_alloc=7062.0MB, cuda_free=15170.9MB, cuda_total=48519.1MB
[2026-06-11 19:05:56] Epoch 13 train batch [220/1875] loss=0.3640 avg_loss=0.3006. Resources: rss=2170.7MB, peak_rss=2637.4MB, cuda_alloc=360.6MB, cuda_reserved=32796.0MB, cuda_peak_alloc=7062.0MB, cuda_free=15170.9MB, cuda_total=48519.1MB
[2026-06-11 19:06:00] Epoch 13 train batch [240/1875] loss=0.2424 avg_loss=0.3017. Resources: rss=2170.1MB, peak_rss=2637.4MB, cuda_alloc=360.6MB, cuda_reserved=39336.0MB, cuda_peak_alloc=7062.0MB, cuda_free=8630.9MB, cuda_total=48519.1MB
[2026-06-11 19:06:05] Epoch 13 train batch [260/1875] loss=0.2021 avg_loss=0.2982. Resources: rss=2169.9MB, peak_rss=2637.4MB, cuda_alloc=360.6MB, cuda_reserved=39336.0MB, cuda_peak_alloc=7062.0MB, cuda_free=8630.9MB, cuda_total=48519.1MB
[2026-06-11 19:06:09] Epoch 13 train batch [280/1875] loss=0.0856 avg_loss=0.2969. Resources: rss=2170.3MB, peak_rss=2637.4MB, cuda_alloc=360.6MB, cuda_reserved=39336.0MB, cuda_peak_alloc=7062.0MB, cuda_free=8630.9MB, cuda_total=48519.1MB
[2026-06-11 19:06:13] Epoch 13 train batch [300/1875] loss=0.3275 avg_loss=0.2965. Resources: rss=2169.6MB, peak_rss=2637.4MB, cuda_alloc=360.6MB, cuda_reserved=39336.0MB, cuda_peak_alloc=7062.0MB, cuda_free=8630.9MB, cuda_total=48519.1MB
[2026-06-11 19:06:17] Epoch 13 train batch [320/1875] loss=0.1944 avg_loss=0.2961. Resources: rss=2170.0MB, peak_rss=2637.4MB, cuda_alloc=360.6MB, cuda_reserved=39336.0MB, cuda_peak_alloc=7062.0MB, cuda_free=8630.9MB, cuda_total=48519.1MB
[2026-06-11 19:06:22] Epoch 13 train batch [340/1875] loss=0.1761 avg_loss=0.2958. Resources: rss=2169.9MB, peak_rss=2637.4MB, cuda_alloc=360.6MB, cuda_reserved=39336.0MB, cuda_peak_alloc=7062.0MB, cuda_free=8630.9MB, cuda_total=48519.1MB
[2026-06-11 19:06:26] Epoch 13 train batch [360/1875] loss=0.3219 avg_loss=0.2925. Resources: rss=2170.3MB, peak_rss=2637.4MB, cuda_alloc=360.6MB, cuda_reserved=39336.0MB, cuda_peak_alloc=7062.0MB, cuda_free=8630.9MB, cuda_total=48519.1MB
[2026-06-11 19:06:30] Epoch 13 train batch [380/1875] loss=0.2400 avg_loss=0.2914. Resources: rss=2170.3MB, peak_rss=2637.4MB, cuda_alloc=360.6MB, cuda_reserved=39336.0MB, cuda_peak_alloc=7062.0MB, cuda_free=8630.9MB, cuda_total=48519.1MB
[2026-06-11 19:06:34] Epoch 13 train batch [400/1875] loss=0.2551 avg_loss=0.2927. Resources: rss=2169.9MB, peak_rss=2637.4MB, cuda_alloc=360.6MB, cuda_reserved=39336.0MB, cuda_peak_alloc=7062.3MB, cuda_free=8630.9MB, cuda_total=48519.1MB
[2026-06-11 19:06:38] Epoch 13 train batch [420/1875] loss=0.2205 avg_loss=0.2908. Resources: rss=2169.7MB, peak_rss=2637.4MB, cuda_alloc=360.6MB, cuda_reserved=39336.0MB, cuda_peak_alloc=7062.3MB, cuda_free=8630.9MB, cuda_total=48519.1MB
[2026-06-11 19:06:43] Epoch 13 train batch [440/1875] loss=0.3414 avg_loss=0.2905. Resources: rss=2169.4MB, peak_rss=2637.4MB, cuda_alloc=360.6MB, cuda_reserved=16096.0MB, cuda_peak_alloc=7062.3MB, cuda_free=31870.9MB, cuda_total=48519.1MB
[2026-06-11 19:06:48] Epoch 13 train batch [460/1875] loss=0.1600 avg_loss=0.2883. Resources: rss=2170.3MB, peak_rss=2637.4MB, cuda_alloc=360.6MB, cuda_reserved=43856.0MB, cuda_peak_alloc=7062.4MB, cuda_free=4110.9MB, cuda_total=48519.1MB
[2026-06-11 19:06:53] Epoch 13 train batch [480/1875] loss=0.2109 avg_loss=0.2886. Resources: rss=2170.3MB, peak_rss=2637.4MB, cuda_alloc=360.6MB, cuda_reserved=39936.0MB, cuda_peak_alloc=7062.4MB, cuda_free=8030.9MB, cuda_total=48519.1MB
[2026-06-11 19:06:59] Epoch 13 train batch [500/1875] loss=0.1288 avg_loss=0.2887. Resources: rss=2170.2MB, peak_rss=2637.4MB, cuda_alloc=360.6MB, cuda_reserved=32596.0MB, cuda_peak_alloc=7062.4MB, cuda_free=15370.9MB, cuda_total=48519.1MB
[2026-06-11 19:07:04] Epoch 13 train batch [520/1875] loss=0.3291 avg_loss=0.2884. Resources: rss=2170.6MB, peak_rss=2637.4MB, cuda_alloc=360.6MB, cuda_reserved=26596.0MB, cuda_peak_alloc=7062.4MB, cuda_free=21370.9MB, cuda_total=48519.1MB
[2026-06-11 19:07:09] Epoch 13 train batch [540/1875] loss=0.3734 avg_loss=0.2884. Resources: rss=2171.0MB, peak_rss=2637.4MB, cuda_alloc=360.6MB, cuda_reserved=46376.0MB, cuda_peak_alloc=7062.4MB, cuda_free=1590.9MB, cuda_total=48519.1MB
[2026-06-11 19:07:14] Epoch 13 train batch [560/1875] loss=0.2050 avg_loss=0.2874. Resources: rss=2169.9MB, peak_rss=2637.4MB, cuda_alloc=360.6MB, cuda_reserved=47636.0MB, cuda_peak_alloc=7062.4MB, cuda_free=330.9MB, cuda_total=48519.1MB
[2026-06-11 19:07:19] Epoch 13 train batch [580/1875] loss=0.2346 avg_loss=0.2857. Resources: rss=2171.9MB, peak_rss=2637.4MB, cuda_alloc=360.6MB, cuda_reserved=37596.0MB, cuda_peak_alloc=7062.4MB, cuda_free=10370.9MB, cuda_total=48519.1MB
[2026-06-11 19:07:23] Epoch 13 train batch [600/1875] loss=0.1617 avg_loss=0.2867. Resources: rss=2172.2MB, peak_rss=2637.4MB, cuda_alloc=360.6MB, cuda_reserved=37596.0MB, cuda_peak_alloc=7062.4MB, cuda_free=10370.9MB, cuda_total=48519.1MB
[2026-06-11 19:07:27] Epoch 13 train batch [620/1875] loss=0.2326 avg_loss=0.2872. Resources: rss=2172.6MB, peak_rss=2637.4MB, cuda_alloc=360.6MB, cuda_reserved=37596.0MB, cuda_peak_alloc=7062.4MB, cuda_free=10370.9MB, cuda_total=48519.1MB
[2026-06-11 19:07:31] Epoch 13 train batch [640/1875] loss=0.2881 avg_loss=0.2868. Resources: rss=2172.1MB, peak_rss=2637.4MB, cuda_alloc=360.6MB, cuda_reserved=42976.0MB, cuda_peak_alloc=7062.4MB, cuda_free=4990.9MB, cuda_total=48519.1MB
[2026-06-11 19:07:36] Epoch 13 train batch [660/1875] loss=0.5365 avg_loss=0.2869. Resources: rss=2171.1MB, peak_rss=2637.4MB, cuda_alloc=360.6MB, cuda_reserved=42976.0MB, cuda_peak_alloc=7062.4MB, cuda_free=4990.9MB, cuda_total=48519.1MB
[2026-06-11 19:07:40] Epoch 13 train batch [680/1875] loss=0.4172 avg_loss=0.2854. Resources: rss=2169.4MB, peak_rss=2637.4MB, cuda_alloc=360.6MB, cuda_reserved=42976.0MB, cuda_peak_alloc=7062.4MB, cuda_free=4990.9MB, cuda_total=48519.1MB
[2026-06-11 19:07:44] Epoch 13 train batch [700/1875] loss=0.3371 avg_loss=0.2861. Resources: rss=2171.4MB, peak_rss=2637.4MB, cuda_alloc=360.6MB, cuda_reserved=42976.0MB, cuda_peak_alloc=7062.4MB, cuda_free=4990.9MB, cuda_total=48519.1MB
[2026-06-11 19:07:49] Epoch 13 train batch [720/1875] loss=0.3718 avg_loss=0.2866. Resources: rss=2171.6MB, peak_rss=2637.4MB, cuda_alloc=360.6MB, cuda_reserved=42976.0MB, cuda_peak_alloc=7062.4MB, cuda_free=4990.9MB, cuda_total=48519.1MB
[2026-06-11 19:07:53] Epoch 13 train batch [740/1875] loss=0.1506 avg_loss=0.2866. Resources: rss=2172.2MB, peak_rss=2637.4MB, cuda_alloc=360.6MB, cuda_reserved=42976.0MB, cuda_peak_alloc=7062.4MB, cuda_free=4990.9MB, cuda_total=48519.1MB
[2026-06-11 19:07:58] Epoch 13 train batch [760/1875] loss=0.3776 avg_loss=0.2869. Resources: rss=2173.4MB, peak_rss=2637.4MB, cuda_alloc=360.6MB, cuda_reserved=29876.0MB, cuda_peak_alloc=7062.4MB, cuda_free=18090.9MB, cuda_total=48519.1MB
[2026-06-11 19:08:03] Epoch 13 train batch [780/1875] loss=0.2020 avg_loss=0.2866. Resources: rss=2171.2MB, peak_rss=2637.4MB, cuda_alloc=360.6MB, cuda_reserved=38876.0MB, cuda_peak_alloc=7062.4MB, cuda_free=9090.9MB, cuda_total=48519.1MB
[2026-06-11 19:08:08] Epoch 13 train batch [800/1875] loss=0.1968 avg_loss=0.2859. Resources: rss=2171.4MB, peak_rss=2637.4MB, cuda_alloc=360.6MB, cuda_reserved=33416.0MB, cuda_peak_alloc=7062.4MB, cuda_free=14550.9MB, cuda_total=48519.1MB
[2026-06-11 19:08:12] Epoch 13 train batch [820/1875] loss=0.2531 avg_loss=0.2862. Resources: rss=2171.7MB, peak_rss=2637.4MB, cuda_alloc=360.6MB, cuda_reserved=36476.0MB, cuda_peak_alloc=7062.4MB, cuda_free=11490.9MB, cuda_total=48519.1MB
[2026-06-11 19:08:16] Epoch 13 train batch [840/1875] loss=0.1191 avg_loss=0.2861. Resources: rss=2172.9MB, peak_rss=2637.4MB, cuda_alloc=360.6MB, cuda_reserved=36476.0MB, cuda_peak_alloc=7062.4MB, cuda_free=11490.9MB, cuda_total=48519.1MB
[2026-06-11 19:08:20] Epoch 13 train batch [860/1875] loss=0.3209 avg_loss=0.2863. Resources: rss=2171.5MB, peak_rss=2637.4MB, cuda_alloc=360.6MB, cuda_reserved=36476.0MB, cuda_peak_alloc=7062.5MB, cuda_free=11490.9MB, cuda_total=48519.1MB
[2026-06-11 19:08:25] Epoch 13 train batch [880/1875] loss=0.1548 avg_loss=0.2863. Resources: rss=2171.5MB, peak_rss=2637.4MB, cuda_alloc=360.6MB, cuda_reserved=45356.0MB, cuda_peak_alloc=7062.5MB, cuda_free=2610.9MB, cuda_total=48519.1MB
[2026-06-11 19:08:29] Epoch 13 train batch [900/1875] loss=0.3236 avg_loss=0.2865. Resources: rss=2172.3MB, peak_rss=2637.4MB, cuda_alloc=360.6MB, cuda_reserved=45356.0MB, cuda_peak_alloc=7062.5MB, cuda_free=2610.9MB, cuda_total=48519.1MB
[2026-06-11 19:08:33] Epoch 13 train batch [920/1875] loss=0.2917 avg_loss=0.2862. Resources: rss=2172.3MB, peak_rss=2637.4MB, cuda_alloc=360.6MB, cuda_reserved=47436.0MB, cuda_peak_alloc=7062.5MB, cuda_free=530.9MB, cuda_total=48519.1MB
[2026-06-11 19:08:37] Epoch 13 train batch [940/1875] loss=0.2867 avg_loss=0.2854. Resources: rss=2170.4MB, peak_rss=2637.4MB, cuda_alloc=360.6MB, cuda_reserved=47436.0MB, cuda_peak_alloc=7062.5MB, cuda_free=530.9MB, cuda_total=48519.1MB
[2026-06-11 19:08:43] Epoch 13 train batch [960/1875] loss=0.4370 avg_loss=0.2863. Resources: rss=2171.9MB, peak_rss=2637.4MB, cuda_alloc=360.6MB, cuda_reserved=33736.0MB, cuda_peak_alloc=7062.5MB, cuda_free=14230.9MB, cuda_total=48519.1MB
[2026-06-11 19:08:48] Epoch 13 train batch [980/1875] loss=0.3238 avg_loss=0.2890. Resources: rss=2172.7MB, peak_rss=2637.4MB, cuda_alloc=360.6MB, cuda_reserved=35116.0MB, cuda_peak_alloc=7062.5MB, cuda_free=12850.9MB, cuda_total=48519.1MB
[2026-06-11 19:08:53] Epoch 13 train batch [1000/1875] loss=0.2736 avg_loss=0.2893. Resources: rss=2172.5MB, peak_rss=2637.4MB, cuda_alloc=360.6MB, cuda_reserved=32316.0MB, cuda_peak_alloc=7062.5MB, cuda_free=15650.9MB, cuda_total=48519.1MB
[2026-06-11 19:08:57] Epoch 13 train batch [1020/1875] loss=0.2069 avg_loss=0.2891. Resources: rss=2173.4MB, peak_rss=2637.4MB, cuda_alloc=360.6MB, cuda_reserved=32316.0MB, cuda_peak_alloc=7062.5MB, cuda_free=15650.9MB, cuda_total=48519.1MB
[2026-06-11 19:09:01] Epoch 13 train batch [1040/1875] loss=0.2704 avg_loss=0.2896. Resources: rss=2172.6MB, peak_rss=2637.4MB, cuda_alloc=360.6MB, cuda_reserved=32316.0MB, cuda_peak_alloc=7062.5MB, cuda_free=15650.9MB, cuda_total=48519.1MB
[2026-06-11 19:09:06] Epoch 13 train batch [1060/1875] loss=0.1060 avg_loss=0.2892. Resources: rss=2172.4MB, peak_rss=2637.4MB, cuda_alloc=360.6MB, cuda_reserved=32316.0MB, cuda_peak_alloc=7062.5MB, cuda_free=15650.9MB, cuda_total=48519.1MB
[2026-06-11 19:09:10] Epoch 13 train batch [1080/1875] loss=0.3772 avg_loss=0.2893. Resources: rss=2173.1MB, peak_rss=2637.4MB, cuda_alloc=360.6MB, cuda_reserved=39676.0MB, cuda_peak_alloc=7062.5MB, cuda_free=8290.9MB, cuda_total=48519.1MB
[2026-06-11 19:09:14] Epoch 13 train batch [1100/1875] loss=0.3274 avg_loss=0.2890. Resources: rss=2172.5MB, peak_rss=2637.4MB, cuda_alloc=360.6MB, cuda_reserved=39676.0MB, cuda_peak_alloc=7062.5MB, cuda_free=8290.9MB, cuda_total=48519.1MB
[2026-06-11 19:09:18] Epoch 13 train batch [1120/1875] loss=0.2448 avg_loss=0.2890. Resources: rss=2172.7MB, peak_rss=2637.4MB, cuda_alloc=360.6MB, cuda_reserved=45956.0MB, cuda_peak_alloc=7062.5MB, cuda_free=2010.9MB, cuda_total=48519.1MB
[2026-06-11 19:09:22] Epoch 13 train batch [1140/1875] loss=0.2180 avg_loss=0.2894. Resources: rss=2173.2MB, peak_rss=2637.4MB, cuda_alloc=360.6MB, cuda_reserved=45956.0MB, cuda_peak_alloc=7062.5MB, cuda_free=2010.9MB, cuda_total=48519.1MB
[2026-06-11 19:09:26] Epoch 13 train batch [1160/1875] loss=0.2287 avg_loss=0.2889. Resources: rss=2172.7MB, peak_rss=2637.4MB, cuda_alloc=360.6MB, cuda_reserved=45956.0MB, cuda_peak_alloc=7062.5MB, cuda_free=2010.9MB, cuda_total=48519.1MB
[2026-06-11 19:09:30] Epoch 13 train batch [1180/1875] loss=0.2335 avg_loss=0.2885. Resources: rss=2172.1MB, peak_rss=2637.4MB, cuda_alloc=360.6MB, cuda_reserved=45956.0MB, cuda_peak_alloc=7062.5MB, cuda_free=2010.9MB, cuda_total=48519.1MB
[2026-06-11 19:09:35] Epoch 13 train batch [1200/1875] loss=0.5409 avg_loss=0.2902. Resources: rss=2173.4MB, peak_rss=2637.4MB, cuda_alloc=360.6MB, cuda_reserved=19156.0MB, cuda_peak_alloc=7062.5MB, cuda_free=28810.9MB, cuda_total=48519.1MB
[2026-06-11 19:09:41] Epoch 13 train batch [1220/1875] loss=0.3418 avg_loss=0.2905. Resources: rss=2173.1MB, peak_rss=2637.4MB, cuda_alloc=360.6MB, cuda_reserved=7596.0MB, cuda_peak_alloc=7062.5MB, cuda_free=40370.9MB, cuda_total=48519.1MB
[2026-06-11 19:09:47] Epoch 13 train batch [1240/1875] loss=0.2764 avg_loss=0.2904. Resources: rss=2173.4MB, peak_rss=2637.4MB, cuda_alloc=360.6MB, cuda_reserved=12396.0MB, cuda_peak_alloc=7062.5MB, cuda_free=35570.9MB, cuda_total=48519.1MB
[2026-06-11 19:09:51] Epoch 13 train batch [1260/1875] loss=0.1590 avg_loss=0.2908. Resources: rss=2173.6MB, peak_rss=2637.4MB, cuda_alloc=360.6MB, cuda_reserved=28656.0MB, cuda_peak_alloc=7062.5MB, cuda_free=19310.9MB, cuda_total=48519.1MB
[2026-06-11 19:09:55] Epoch 13 train batch [1280/1875] loss=0.2674 avg_loss=0.2915. Resources: rss=2173.4MB, peak_rss=2637.4MB, cuda_alloc=360.6MB, cuda_reserved=32296.0MB, cuda_peak_alloc=7062.5MB, cuda_free=15670.9MB, cuda_total=48519.1MB
[2026-06-11 19:09:59] Epoch 13 train batch [1300/1875] loss=0.4228 avg_loss=0.2914. Resources: rss=2173.1MB, peak_rss=2637.4MB, cuda_alloc=360.6MB, cuda_reserved=32296.0MB, cuda_peak_alloc=7062.5MB, cuda_free=15670.9MB, cuda_total=48519.1MB
[2026-06-11 19:10:04] Epoch 13 train batch [1320/1875] loss=0.1876 avg_loss=0.2911. Resources: rss=2172.6MB, peak_rss=2637.4MB, cuda_alloc=360.6MB, cuda_reserved=32296.0MB, cuda_peak_alloc=7062.5MB, cuda_free=15670.9MB, cuda_total=48519.1MB
[2026-06-11 19:10:08] Epoch 13 train batch [1340/1875] loss=0.2254 avg_loss=0.2906. Resources: rss=2173.6MB, peak_rss=2637.4MB, cuda_alloc=360.6MB, cuda_reserved=40296.0MB, cuda_peak_alloc=7062.5MB, cuda_free=7670.9MB, cuda_total=48519.1MB
[2026-06-11 19:10:12] Epoch 13 train batch [1360/1875] loss=0.1161 avg_loss=0.2904. Resources: rss=2173.1MB, peak_rss=2637.4MB, cuda_alloc=360.6MB, cuda_reserved=40296.0MB, cuda_peak_alloc=7062.5MB, cuda_free=7670.9MB, cuda_total=48519.1MB
[2026-06-11 19:10:17] Epoch 13 train batch [1380/1875] loss=0.2001 avg_loss=0.2906. Resources: rss=2172.1MB, peak_rss=2637.4MB, cuda_alloc=360.6MB, cuda_reserved=40296.0MB, cuda_peak_alloc=7062.5MB, cuda_free=7670.9MB, cuda_total=48519.1MB
[2026-06-11 19:10:21] Epoch 13 train batch [1400/1875] loss=0.1697 avg_loss=0.2906. Resources: rss=2173.1MB, peak_rss=2637.4MB, cuda_alloc=360.6MB, cuda_reserved=40296.0MB, cuda_peak_alloc=7062.5MB, cuda_free=7670.9MB, cuda_total=48519.1MB
[2026-06-11 19:10:25] Epoch 13 train batch [1420/1875] loss=0.3109 avg_loss=0.2905. Resources: rss=2173.3MB, peak_rss=2637.4MB, cuda_alloc=360.6MB, cuda_reserved=40296.0MB, cuda_peak_alloc=7062.5MB, cuda_free=7670.9MB, cuda_total=48519.1MB
[2026-06-11 19:10:29] Epoch 13 train batch [1440/1875] loss=0.4138 avg_loss=0.2916. Resources: rss=2173.5MB, peak_rss=2637.4MB, cuda_alloc=360.6MB, cuda_reserved=40296.0MB, cuda_peak_alloc=7062.5MB, cuda_free=7670.9MB, cuda_total=48519.1MB
[2026-06-11 19:10:33] Epoch 13 train batch [1460/1875] loss=0.1138 avg_loss=0.2916. Resources: rss=2173.0MB, peak_rss=2637.4MB, cuda_alloc=360.6MB, cuda_reserved=40296.0MB, cuda_peak_alloc=7062.5MB, cuda_free=7670.9MB, cuda_total=48519.1MB
[2026-06-11 19:10:37] Epoch 13 train batch [1480/1875] loss=0.1786 avg_loss=0.2925. Resources: rss=2172.8MB, peak_rss=2637.4MB, cuda_alloc=360.6MB, cuda_reserved=40296.0MB, cuda_peak_alloc=7062.5MB, cuda_free=7670.9MB, cuda_total=48519.1MB
[2026-06-11 19:10:41] Epoch 13 train batch [1500/1875] loss=0.2030 avg_loss=0.2927. Resources: rss=2173.7MB, peak_rss=2637.4MB, cuda_alloc=360.6MB, cuda_reserved=40296.0MB, cuda_peak_alloc=7062.5MB, cuda_free=7670.9MB, cuda_total=48519.1MB
[2026-06-11 19:10:45] Epoch 13 train batch [1520/1875] loss=0.1746 avg_loss=0.2927. Resources: rss=2173.2MB, peak_rss=2637.4MB, cuda_alloc=360.6MB, cuda_reserved=40296.0MB, cuda_peak_alloc=7062.5MB, cuda_free=7670.9MB, cuda_total=48519.1MB
[2026-06-11 19:10:50] Epoch 13 train batch [1540/1875] loss=0.5975 avg_loss=0.2936. Resources: rss=2172.0MB, peak_rss=2637.4MB, cuda_alloc=360.6MB, cuda_reserved=40296.0MB, cuda_peak_alloc=7062.5MB, cuda_free=7670.9MB, cuda_total=48519.1MB
[2026-06-11 19:10:54] Epoch 13 train batch [1560/1875] loss=0.5392 avg_loss=0.2939. Resources: rss=2173.0MB, peak_rss=2637.4MB, cuda_alloc=360.6MB, cuda_reserved=40296.0MB, cuda_peak_alloc=7062.5MB, cuda_free=7670.9MB, cuda_total=48519.1MB
[2026-06-11 19:10:58] Epoch 13 train batch [1580/1875] loss=0.2919 avg_loss=0.2946. Resources: rss=2172.4MB, peak_rss=2637.4MB, cuda_alloc=360.6MB, cuda_reserved=40296.0MB, cuda_peak_alloc=7062.5MB, cuda_free=7670.9MB, cuda_total=48519.1MB
[2026-06-11 19:11:02] Epoch 13 train batch [1600/1875] loss=0.0961 avg_loss=0.2945. Resources: rss=2173.1MB, peak_rss=2637.4MB, cuda_alloc=360.6MB, cuda_reserved=40296.0MB, cuda_peak_alloc=7062.5MB, cuda_free=7670.9MB, cuda_total=48519.1MB
[2026-06-11 19:11:07] Epoch 13 train batch [1620/1875] loss=0.2217 avg_loss=0.2953. Resources: rss=2172.1MB, peak_rss=2637.4MB, cuda_alloc=360.6MB, cuda_reserved=40976.0MB, cuda_peak_alloc=7062.5MB, cuda_free=6990.9MB, cuda_total=48519.1MB
[2026-06-11 19:11:12] Epoch 13 train batch [1640/1875] loss=0.3962 avg_loss=0.2954. Resources: rss=2173.1MB, peak_rss=2637.4MB, cuda_alloc=360.6MB, cuda_reserved=18756.0MB, cuda_peak_alloc=7062.5MB, cuda_free=29210.9MB, cuda_total=48519.1MB
[2026-06-11 19:11:16] Epoch 13 train batch [1660/1875] loss=0.4709 avg_loss=0.2954. Resources: rss=2172.6MB, peak_rss=2637.4MB, cuda_alloc=360.6MB, cuda_reserved=25456.0MB, cuda_peak_alloc=7062.5MB, cuda_free=22510.9MB, cuda_total=48519.1MB
[2026-06-11 19:11:20] Epoch 13 train batch [1680/1875] loss=0.3201 avg_loss=0.2976. Resources: rss=2172.5MB, peak_rss=2637.4MB, cuda_alloc=360.6MB, cuda_reserved=33256.0MB, cuda_peak_alloc=7062.5MB, cuda_free=14710.9MB, cuda_total=48519.1MB
[2026-06-11 19:11:24] Epoch 13 train batch [1700/1875] loss=0.2391 avg_loss=0.2975. Resources: rss=2173.5MB, peak_rss=2637.4MB, cuda_alloc=360.6MB, cuda_reserved=34016.0MB, cuda_peak_alloc=7062.5MB, cuda_free=13950.9MB, cuda_total=48519.1MB
[2026-06-11 19:11:29] Epoch 13 train batch [1720/1875] loss=0.3540 avg_loss=0.2969. Resources: rss=2173.3MB, peak_rss=2637.4MB, cuda_alloc=360.6MB, cuda_reserved=34016.0MB, cuda_peak_alloc=7062.5MB, cuda_free=13950.9MB, cuda_total=48519.1MB
[2026-06-11 19:11:33] Epoch 13 train batch [1740/1875] loss=0.3185 avg_loss=0.2975. Resources: rss=2172.8MB, peak_rss=2637.4MB, cuda_alloc=360.6MB, cuda_reserved=34016.0MB, cuda_peak_alloc=7062.5MB, cuda_free=13950.9MB, cuda_total=48519.1MB
[2026-06-11 19:11:37] Epoch 13 train batch [1760/1875] loss=0.2438 avg_loss=0.2974. Resources: rss=2172.3MB, peak_rss=2637.4MB, cuda_alloc=360.6MB, cuda_reserved=34016.0MB, cuda_peak_alloc=7062.5MB, cuda_free=13950.9MB, cuda_total=48519.1MB
[2026-06-11 19:11:41] Epoch 13 train batch [1780/1875] loss=0.2661 avg_loss=0.2971. Resources: rss=2172.0MB, peak_rss=2637.4MB, cuda_alloc=360.6MB, cuda_reserved=34016.0MB, cuda_peak_alloc=7062.5MB, cuda_free=13950.9MB, cuda_total=48519.1MB
[2026-06-11 19:11:45] Epoch 13 train batch [1800/1875] loss=0.3078 avg_loss=0.2969. Resources: rss=2170.6MB, peak_rss=2637.4MB, cuda_alloc=351.4MB, cuda_reserved=34016.0MB, cuda_peak_alloc=7062.5MB, cuda_free=13950.9MB, cuda_total=48519.1MB
[2026-06-11 19:11:49] Epoch 13 train batch [1820/1875] loss=0.2031 avg_loss=0.2973. Resources: rss=2171.0MB, peak_rss=2637.4MB, cuda_alloc=360.6MB, cuda_reserved=34016.0MB, cuda_peak_alloc=7062.5MB, cuda_free=13950.9MB, cuda_total=48519.1MB
[2026-06-11 19:11:53] Epoch 13 train batch [1840/1875] loss=0.1377 avg_loss=0.2968. Resources: rss=2170.9MB, peak_rss=2637.4MB, cuda_alloc=360.6MB, cuda_reserved=34016.0MB, cuda_peak_alloc=7062.5MB, cuda_free=13950.9MB, cuda_total=48519.1MB
[2026-06-11 19:11:57] Epoch 13 train batch [1860/1875] loss=0.8224 avg_loss=0.2970. Resources: rss=2170.8MB, peak_rss=2637.4MB, cuda_alloc=360.6MB, cuda_reserved=34016.0MB, cuda_peak_alloc=7062.5MB, cuda_free=13950.9MB, cuda_total=48519.1MB
[2026-06-11 19:12:01] Epoch 13 train batch [1875/1875] loss=0.2060 avg_loss=0.2969. Resources: rss=2170.5MB, peak_rss=2637.4MB, cuda_alloc=360.6MB, cuda_reserved=34016.0MB, cuda_peak_alloc=7062.5MB, cuda_free=13950.9MB, cuda_total=48519.1MB
[2026-06-11 19:12:01] Epoch 13 training completed. Resources: rss=2162.9MB, peak_rss=2637.4MB, cuda_alloc=360.6MB, cuda_reserved=34016.0MB, cuda_peak_alloc=7062.5MB, cuda_free=13950.9MB, cuda_total=48519.1MB
[2026-06-11 19:12:01] Epoch 13 cache released before validation loss. Resources: rss=2162.9MB, peak_rss=2637.4MB, cuda_alloc=360.6MB, cuda_reserved=520.0MB, cuda_peak_alloc=360.6MB, cuda_free=47446.9MB, cuda_total=48519.1MB
[2026-06-11 19:12:32] Epoch 13 validation loss completed: 0.4587. Resources: rss=2162.9MB, peak_rss=2637.4MB, cuda_alloc=360.6MB, cuda_reserved=18526.0MB, cuda_peak_alloc=2034.0MB, cuda_free=29440.9MB, cuda_total=48519.1MB
[2026-06-11 19:12:32] Epoch 13 cache released before detection metrics. Resources: rss=2162.4MB, peak_rss=2637.4MB, cuda_alloc=360.6MB, cuda_reserved=520.0MB, cuda_peak_alloc=360.6MB, cuda_free=47446.9MB, cuda_total=48519.1MB
[2026-06-11 19:13:04] Epoch 13 prediction tensors moved to CPU. Computing metrics. Resources: rss=2162.5MB, peak_rss=2637.4MB, cuda_alloc=360.6MB, cuda_reserved=520.0MB, cuda_peak_alloc=360.6MB, cuda_free=47447.8MB, cuda_total=48519.1MB
[2026-06-11 19:13:04] Epoch 13 metrics computed (mAP@0.5 only). Saving artifacts. Resources: rss=2166.6MB, peak_rss=2637.4MB, cuda_alloc=360.6MB, cuda_reserved=520.0MB, cuda_peak_alloc=360.6MB, cuda_free=47447.8MB, cuda_total=48519.1MB
[2026-06-11 19:13:05] Epoch 13 improved mAP@0.5 to 0.7641. Saved best checkpoint: best_model-20260611-172946.pth. Resources: rss=2645.1MB, peak_rss=2645.1MB, cuda_alloc=360.6MB, cuda_reserved=520.0MB, cuda_peak_alloc=360.6MB, cuda_free=47447.8MB, cuda_total=48519.1MB
Epoch [13/50]
├── Train Loss : 0.2969
│   ├── loss_classifier  : 0.1678
│   ├── loss_box_reg     : 0.1291
│   ├── loss_objectness  : 0.0000
│   └── loss_rpn_box_reg : 0.0000
├── Val Loss   : 0.4587
├── mAP@0.5    : 0.7641
├── mAP@0.75   : n/a
├── mAP@0.5:0.95 : n/a
├── Precision  : 0.0527
├── Recall     : 0.9545
├── GT Boxes   : 2021
├── Predictions: 36583
├── Per-class AP
│   ├── person  : AP50=0.8217, AP75=n/a, AP50:95=n/a, P=0.0688, R=0.9637
│   ├── car     : AP50=0.7625, AP75=n/a, AP50:95=n/a, P=0.0626, R=0.9505
│   ├── dog     : AP50=0.8349, AP75=n/a, AP50:95=n/a, P=0.0427, R=0.9854
│   ├── cat     : AP50=0.8743, AP75=n/a, AP50:95=n/a, P=0.0573, R=0.9545
│   └── chair   : AP50=0.5272, AP75=n/a, AP50:95=n/a, P=0.0266, R=0.9007
├── LR         : 0.000898
└── Time       : 479.1s
[2026-06-11 19:13:05] Epoch [13/50] completed. Resources: rss=2162.8MB, peak_rss=2645.1MB, cuda_alloc=360.6MB, cuda_reserved=520.0MB, cuda_peak_alloc=360.6MB, cuda_free=47447.8MB, cuda_total=48519.1MB
[2026-06-11 19:13:05] Epoch [14/50] started. Resources: rss=2162.8MB, peak_rss=2645.1MB, cuda_alloc=360.6MB, cuda_reserved=520.0MB, cuda_peak_alloc=360.6MB, cuda_free=47447.8MB, cuda_total=48519.1MB
[2026-06-11 19:13:10] Epoch 14 train batch [20/1875] loss=0.3084 avg_loss=0.2949. Resources: rss=2172.3MB, peak_rss=2645.1MB, cuda_alloc=360.6MB, cuda_reserved=39496.0MB, cuda_peak_alloc=7061.9MB, cuda_free=8471.8MB, cuda_total=48519.1MB
[2026-06-11 19:13:14] Epoch 14 train batch [40/1875] loss=0.3552 avg_loss=0.2828. Resources: rss=2171.8MB, peak_rss=2645.1MB, cuda_alloc=360.6MB, cuda_reserved=40456.0MB, cuda_peak_alloc=7061.9MB, cuda_free=7511.8MB, cuda_total=48519.1MB
[2026-06-11 19:13:19] Epoch 14 train batch [60/1875] loss=0.2515 avg_loss=0.2703. Resources: rss=2171.6MB, peak_rss=2645.1MB, cuda_alloc=360.6MB, cuda_reserved=47916.0MB, cuda_peak_alloc=7061.9MB, cuda_free=51.8MB, cuda_total=48519.1MB
[2026-06-11 19:13:24] Epoch 14 train batch [80/1875] loss=0.1838 avg_loss=0.2740. Resources: rss=2170.5MB, peak_rss=2645.1MB, cuda_alloc=360.6MB, cuda_reserved=22996.0MB, cuda_peak_alloc=7062.1MB, cuda_free=24971.8MB, cuda_total=48519.1MB
[2026-06-11 19:13:29] Epoch 14 train batch [100/1875] loss=0.1188 avg_loss=0.2753. Resources: rss=2170.5MB, peak_rss=2645.1MB, cuda_alloc=360.6MB, cuda_reserved=22996.0MB, cuda_peak_alloc=7062.1MB, cuda_free=24971.8MB, cuda_total=48519.1MB
[2026-06-11 19:13:33] Epoch 14 train batch [120/1875] loss=0.1949 avg_loss=0.2728. Resources: rss=2169.5MB, peak_rss=2645.1MB, cuda_alloc=360.6MB, cuda_reserved=28256.0MB, cuda_peak_alloc=7062.1MB, cuda_free=19711.8MB, cuda_total=48519.1MB
[2026-06-11 19:13:37] Epoch 14 train batch [140/1875] loss=0.3399 avg_loss=0.2709. Resources: rss=2171.1MB, peak_rss=2645.1MB, cuda_alloc=360.6MB, cuda_reserved=28256.0MB, cuda_peak_alloc=7062.1MB, cuda_free=19711.8MB, cuda_total=48519.1MB
[2026-06-11 19:13:41] Epoch 14 train batch [160/1875] loss=0.5757 avg_loss=0.2703. Resources: rss=2170.3MB, peak_rss=2645.1MB, cuda_alloc=360.6MB, cuda_reserved=28256.0MB, cuda_peak_alloc=7062.1MB, cuda_free=19711.8MB, cuda_total=48519.1MB
[2026-06-11 19:13:46] Epoch 14 train batch [180/1875] loss=0.3401 avg_loss=0.2670. Resources: rss=2171.0MB, peak_rss=2645.1MB, cuda_alloc=360.6MB, cuda_reserved=28256.0MB, cuda_peak_alloc=7062.1MB, cuda_free=19711.8MB, cuda_total=48519.1MB
[2026-06-11 19:13:50] Epoch 14 train batch [200/1875] loss=0.3482 avg_loss=0.2688. Resources: rss=2169.6MB, peak_rss=2645.1MB, cuda_alloc=360.6MB, cuda_reserved=28256.0MB, cuda_peak_alloc=7062.1MB, cuda_free=19711.8MB, cuda_total=48519.1MB
[2026-06-11 19:13:54] Epoch 14 train batch [220/1875] loss=0.2649 avg_loss=0.2670. Resources: rss=2170.7MB, peak_rss=2645.1MB, cuda_alloc=360.6MB, cuda_reserved=28256.0MB, cuda_peak_alloc=7062.1MB, cuda_free=19711.8MB, cuda_total=48519.1MB
[2026-06-11 19:13:58] Epoch 14 train batch [240/1875] loss=0.4052 avg_loss=0.2697. Resources: rss=2170.7MB, peak_rss=2645.1MB, cuda_alloc=360.6MB, cuda_reserved=28256.0MB, cuda_peak_alloc=7062.1MB, cuda_free=19711.8MB, cuda_total=48519.1MB
[2026-06-11 19:14:02] Epoch 14 train batch [260/1875] loss=0.2424 avg_loss=0.2690. Resources: rss=2170.7MB, peak_rss=2645.1MB, cuda_alloc=360.6MB, cuda_reserved=28256.0MB, cuda_peak_alloc=7062.1MB, cuda_free=19711.8MB, cuda_total=48519.1MB
[2026-06-11 19:14:07] Epoch 14 train batch [280/1875] loss=0.2474 avg_loss=0.2701. Resources: rss=2170.5MB, peak_rss=2645.1MB, cuda_alloc=360.6MB, cuda_reserved=28256.0MB, cuda_peak_alloc=7062.1MB, cuda_free=19711.8MB, cuda_total=48519.1MB
[2026-06-11 19:14:11] Epoch 14 train batch [300/1875] loss=0.2251 avg_loss=0.2704. Resources: rss=2170.2MB, peak_rss=2645.1MB, cuda_alloc=360.6MB, cuda_reserved=30116.0MB, cuda_peak_alloc=7062.1MB, cuda_free=17851.8MB, cuda_total=48519.1MB
[2026-06-11 19:14:15] Epoch 14 train batch [320/1875] loss=0.2733 avg_loss=0.2703. Resources: rss=2169.6MB, peak_rss=2645.1MB, cuda_alloc=360.6MB, cuda_reserved=30116.0MB, cuda_peak_alloc=7062.1MB, cuda_free=17851.8MB, cuda_total=48519.1MB
[2026-06-11 19:14:19] Epoch 14 train batch [340/1875] loss=0.2047 avg_loss=0.2692. Resources: rss=2170.6MB, peak_rss=2645.1MB, cuda_alloc=360.6MB, cuda_reserved=30116.0MB, cuda_peak_alloc=7062.1MB, cuda_free=17851.8MB, cuda_total=48519.1MB
[2026-06-11 19:14:23] Epoch 14 train batch [360/1875] loss=0.2404 avg_loss=0.2712. Resources: rss=2170.6MB, peak_rss=2645.1MB, cuda_alloc=360.6MB, cuda_reserved=32936.0MB, cuda_peak_alloc=7062.1MB, cuda_free=15031.8MB, cuda_total=48519.1MB
[2026-06-11 19:14:27] Epoch 14 train batch [380/1875] loss=0.2774 avg_loss=0.2685. Resources: rss=2170.4MB, peak_rss=2645.1MB, cuda_alloc=360.6MB, cuda_reserved=32936.0MB, cuda_peak_alloc=7062.1MB, cuda_free=15031.8MB, cuda_total=48519.1MB
[2026-06-11 19:14:32] Epoch 14 train batch [400/1875] loss=0.4060 avg_loss=0.2710. Resources: rss=2170.9MB, peak_rss=2645.1MB, cuda_alloc=360.6MB, cuda_reserved=32936.0MB, cuda_peak_alloc=7062.3MB, cuda_free=15031.8MB, cuda_total=48519.1MB
[2026-06-11 19:14:36] Epoch 14 train batch [420/1875] loss=0.1350 avg_loss=0.2712. Resources: rss=2171.2MB, peak_rss=2645.1MB, cuda_alloc=360.6MB, cuda_reserved=32936.0MB, cuda_peak_alloc=7062.3MB, cuda_free=15031.8MB, cuda_total=48519.1MB
[2026-06-11 19:14:40] Epoch 14 train batch [440/1875] loss=0.2217 avg_loss=0.2697. Resources: rss=2171.0MB, peak_rss=2645.1MB, cuda_alloc=360.6MB, cuda_reserved=32936.0MB, cuda_peak_alloc=7062.3MB, cuda_free=15031.8MB, cuda_total=48519.1MB
[2026-06-11 19:14:44] Epoch 14 train batch [460/1875] loss=0.1905 avg_loss=0.2711. Resources: rss=2171.7MB, peak_rss=2645.1MB, cuda_alloc=360.6MB, cuda_reserved=32936.0MB, cuda_peak_alloc=7062.3MB, cuda_free=15031.8MB, cuda_total=48519.1MB
[2026-06-11 19:14:49] Epoch 14 train batch [480/1875] loss=0.2273 avg_loss=0.2710. Resources: rss=2171.3MB, peak_rss=2645.1MB, cuda_alloc=360.6MB, cuda_reserved=32936.0MB, cuda_peak_alloc=7062.3MB, cuda_free=15031.8MB, cuda_total=48519.1MB
[2026-06-11 19:14:53] Epoch 14 train batch [500/1875] loss=0.0784 avg_loss=0.2713. Resources: rss=2170.8MB, peak_rss=2645.1MB, cuda_alloc=360.6MB, cuda_reserved=32936.0MB, cuda_peak_alloc=7062.3MB, cuda_free=15031.8MB, cuda_total=48519.1MB
[2026-06-11 19:14:57] Epoch 14 train batch [520/1875] loss=0.2498 avg_loss=0.2713. Resources: rss=2171.4MB, peak_rss=2645.1MB, cuda_alloc=360.6MB, cuda_reserved=32936.0MB, cuda_peak_alloc=7062.3MB, cuda_free=15031.8MB, cuda_total=48519.1MB
[2026-06-11 19:15:01] Epoch 14 train batch [540/1875] loss=0.2248 avg_loss=0.2709. Resources: rss=2171.1MB, peak_rss=2645.1MB, cuda_alloc=360.6MB, cuda_reserved=32936.0MB, cuda_peak_alloc=7062.3MB, cuda_free=15031.8MB, cuda_total=48519.1MB
[2026-06-11 19:15:05] Epoch 14 train batch [560/1875] loss=0.1660 avg_loss=0.2696. Resources: rss=2170.2MB, peak_rss=2645.1MB, cuda_alloc=360.6MB, cuda_reserved=32936.0MB, cuda_peak_alloc=7062.3MB, cuda_free=15031.8MB, cuda_total=48519.1MB
[2026-06-11 19:15:09] Epoch 14 train batch [580/1875] loss=0.1584 avg_loss=0.2681. Resources: rss=2171.1MB, peak_rss=2645.1MB, cuda_alloc=360.6MB, cuda_reserved=32936.0MB, cuda_peak_alloc=7062.3MB, cuda_free=15031.8MB, cuda_total=48519.1MB
[2026-06-11 19:15:14] Epoch 14 train batch [600/1875] loss=0.3480 avg_loss=0.2686. Resources: rss=2172.5MB, peak_rss=2645.1MB, cuda_alloc=360.6MB, cuda_reserved=32936.0MB, cuda_peak_alloc=7062.3MB, cuda_free=15031.8MB, cuda_total=48519.1MB
[2026-06-11 19:15:18] Epoch 14 train batch [620/1875] loss=0.2586 avg_loss=0.2682. Resources: rss=2171.2MB, peak_rss=2645.1MB, cuda_alloc=360.6MB, cuda_reserved=32936.0MB, cuda_peak_alloc=7062.3MB, cuda_free=15031.8MB, cuda_total=48519.1MB
[2026-06-11 19:15:22] Epoch 14 train batch [640/1875] loss=0.2515 avg_loss=0.2672. Resources: rss=2170.1MB, peak_rss=2645.1MB, cuda_alloc=360.6MB, cuda_reserved=32936.0MB, cuda_peak_alloc=7062.3MB, cuda_free=15031.8MB, cuda_total=48519.1MB
[2026-06-11 19:15:26] Epoch 14 train batch [660/1875] loss=0.2818 avg_loss=0.2665. Resources: rss=2169.1MB, peak_rss=2645.1MB, cuda_alloc=360.6MB, cuda_reserved=32936.0MB, cuda_peak_alloc=7062.3MB, cuda_free=15031.8MB, cuda_total=48519.1MB
[2026-06-11 19:15:31] Epoch 14 train batch [680/1875] loss=0.2630 avg_loss=0.2666. Resources: rss=2171.1MB, peak_rss=2645.1MB, cuda_alloc=360.6MB, cuda_reserved=32936.0MB, cuda_peak_alloc=7062.3MB, cuda_free=15031.8MB, cuda_total=48519.1MB
[2026-06-11 19:15:35] Epoch 14 train batch [700/1875] loss=0.2372 avg_loss=0.2659. Resources: rss=2171.4MB, peak_rss=2645.1MB, cuda_alloc=360.6MB, cuda_reserved=32936.0MB, cuda_peak_alloc=7062.3MB, cuda_free=15031.8MB, cuda_total=48519.1MB
[2026-06-11 19:15:39] Epoch 14 train batch [720/1875] loss=0.2469 avg_loss=0.2651. Resources: rss=2171.1MB, peak_rss=2645.1MB, cuda_alloc=360.6MB, cuda_reserved=32936.0MB, cuda_peak_alloc=7062.3MB, cuda_free=15031.8MB, cuda_total=48519.1MB
[2026-06-11 19:15:43] Epoch 14 train batch [740/1875] loss=0.5216 avg_loss=0.2654. Resources: rss=2171.9MB, peak_rss=2645.1MB, cuda_alloc=360.6MB, cuda_reserved=32936.0MB, cuda_peak_alloc=7062.3MB, cuda_free=15031.8MB, cuda_total=48519.1MB
[2026-06-11 19:15:47] Epoch 14 train batch [760/1875] loss=0.1752 avg_loss=0.2644. Resources: rss=2171.7MB, peak_rss=2645.1MB, cuda_alloc=360.6MB, cuda_reserved=32936.0MB, cuda_peak_alloc=7062.3MB, cuda_free=15031.8MB, cuda_total=48519.1MB
[2026-06-11 19:15:51] Epoch 14 train batch [780/1875] loss=0.1543 avg_loss=0.2655. Resources: rss=2171.0MB, peak_rss=2645.1MB, cuda_alloc=360.6MB, cuda_reserved=32936.0MB, cuda_peak_alloc=7062.3MB, cuda_free=15031.8MB, cuda_total=48519.1MB
[2026-06-11 19:15:55] Epoch 14 train batch [800/1875] loss=0.2158 avg_loss=0.2654. Resources: rss=2171.0MB, peak_rss=2645.1MB, cuda_alloc=360.6MB, cuda_reserved=34616.0MB, cuda_peak_alloc=7062.3MB, cuda_free=13351.8MB, cuda_total=48519.1MB
[2026-06-11 19:15:59] Epoch 14 train batch [820/1875] loss=0.1084 avg_loss=0.2655. Resources: rss=2170.3MB, peak_rss=2645.1MB, cuda_alloc=351.4MB, cuda_reserved=34616.0MB, cuda_peak_alloc=7062.9MB, cuda_free=13351.8MB, cuda_total=48519.1MB
[2026-06-11 19:16:03] Epoch 14 train batch [840/1875] loss=0.2139 avg_loss=0.2661. Resources: rss=2170.4MB, peak_rss=2645.1MB, cuda_alloc=360.6MB, cuda_reserved=34616.0MB, cuda_peak_alloc=7062.9MB, cuda_free=13351.8MB, cuda_total=48519.1MB
[2026-06-11 19:16:07] Epoch 14 train batch [860/1875] loss=0.1379 avg_loss=0.2648. Resources: rss=2171.1MB, peak_rss=2645.1MB, cuda_alloc=360.6MB, cuda_reserved=34616.0MB, cuda_peak_alloc=7062.9MB, cuda_free=13351.8MB, cuda_total=48519.1MB
[2026-06-11 19:16:11] Epoch 14 train batch [880/1875] loss=0.2072 avg_loss=0.2643. Resources: rss=2169.9MB, peak_rss=2645.1MB, cuda_alloc=360.6MB, cuda_reserved=34616.0MB, cuda_peak_alloc=7062.9MB, cuda_free=13351.8MB, cuda_total=48519.1MB
[2026-06-11 19:16:16] Epoch 14 train batch [900/1875] loss=0.2248 avg_loss=0.2640. Resources: rss=2171.2MB, peak_rss=2645.1MB, cuda_alloc=360.6MB, cuda_reserved=34616.0MB, cuda_peak_alloc=7062.9MB, cuda_free=13351.8MB, cuda_total=48519.1MB
[2026-06-11 19:16:20] Epoch 14 train batch [920/1875] loss=0.2304 avg_loss=0.2624. Resources: rss=2170.7MB, peak_rss=2645.1MB, cuda_alloc=360.6MB, cuda_reserved=34616.0MB, cuda_peak_alloc=7062.9MB, cuda_free=13351.8MB, cuda_total=48519.1MB
[2026-06-11 19:16:24] Epoch 14 train batch [940/1875] loss=0.1868 avg_loss=0.2629. Resources: rss=2170.2MB, peak_rss=2645.1MB, cuda_alloc=360.6MB, cuda_reserved=34616.0MB, cuda_peak_alloc=7062.9MB, cuda_free=13351.8MB, cuda_total=48519.1MB
[2026-06-11 19:16:28] Epoch 14 train batch [960/1875] loss=0.2828 avg_loss=0.2628. Resources: rss=2170.8MB, peak_rss=2645.1MB, cuda_alloc=360.6MB, cuda_reserved=34616.0MB, cuda_peak_alloc=7062.9MB, cuda_free=13351.8MB, cuda_total=48519.1MB
[2026-06-11 19:16:32] Epoch 14 train batch [980/1875] loss=0.3607 avg_loss=0.2627. Resources: rss=2169.7MB, peak_rss=2645.1MB, cuda_alloc=360.6MB, cuda_reserved=34616.0MB, cuda_peak_alloc=7062.9MB, cuda_free=13351.8MB, cuda_total=48519.1MB
[2026-06-11 19:16:36] Epoch 14 train batch [1000/1875] loss=0.1550 avg_loss=0.2631. Resources: rss=2170.9MB, peak_rss=2645.1MB, cuda_alloc=360.6MB, cuda_reserved=34616.0MB, cuda_peak_alloc=7062.9MB, cuda_free=13351.8MB, cuda_total=48519.1MB
[2026-06-11 19:16:41] Epoch 14 train batch [1020/1875] loss=0.6284 avg_loss=0.2637. Resources: rss=2170.6MB, peak_rss=2645.1MB, cuda_alloc=360.6MB, cuda_reserved=34616.0MB, cuda_peak_alloc=7062.9MB, cuda_free=13351.8MB, cuda_total=48519.1MB
[2026-06-11 19:16:45] Epoch 14 train batch [1040/1875] loss=0.1227 avg_loss=0.2630. Resources: rss=2171.1MB, peak_rss=2645.1MB, cuda_alloc=360.6MB, cuda_reserved=34616.0MB, cuda_peak_alloc=7062.9MB, cuda_free=13351.8MB, cuda_total=48519.1MB
[2026-06-11 19:16:49] Epoch 14 train batch [1060/1875] loss=0.2349 avg_loss=0.2629. Resources: rss=2170.9MB, peak_rss=2645.1MB, cuda_alloc=360.6MB, cuda_reserved=35196.0MB, cuda_peak_alloc=7062.9MB, cuda_free=12771.8MB, cuda_total=48519.1MB
[2026-06-11 19:16:53] Epoch 14 train batch [1080/1875] loss=0.2507 avg_loss=0.2634. Resources: rss=2171.2MB, peak_rss=2645.1MB, cuda_alloc=360.6MB, cuda_reserved=35196.0MB, cuda_peak_alloc=7062.9MB, cuda_free=12771.8MB, cuda_total=48519.1MB
[2026-06-11 19:16:57] Epoch 14 train batch [1100/1875] loss=0.2299 avg_loss=0.2630. Resources: rss=2171.9MB, peak_rss=2645.1MB, cuda_alloc=360.6MB, cuda_reserved=35196.0MB, cuda_peak_alloc=7062.9MB, cuda_free=12771.8MB, cuda_total=48519.1MB
[2026-06-11 19:17:01] Epoch 14 train batch [1120/1875] loss=0.1570 avg_loss=0.2641. Resources: rss=2172.8MB, peak_rss=2645.1MB, cuda_alloc=360.6MB, cuda_reserved=35196.0MB, cuda_peak_alloc=7062.9MB, cuda_free=12771.8MB, cuda_total=48519.1MB
[2026-06-11 19:17:06] Epoch 14 train batch [1140/1875] loss=0.2339 avg_loss=0.2638. Resources: rss=2172.6MB, peak_rss=2645.1MB, cuda_alloc=360.6MB, cuda_reserved=35196.0MB, cuda_peak_alloc=7062.9MB, cuda_free=12771.8MB, cuda_total=48519.1MB
[2026-06-11 19:17:10] Epoch 14 train batch [1160/1875] loss=0.2957 avg_loss=0.2643. Resources: rss=2172.7MB, peak_rss=2645.1MB, cuda_alloc=360.6MB, cuda_reserved=35196.0MB, cuda_peak_alloc=7062.9MB, cuda_free=12771.8MB, cuda_total=48519.1MB
[2026-06-11 19:17:14] Epoch 14 train batch [1180/1875] loss=0.2766 avg_loss=0.2652. Resources: rss=2171.2MB, peak_rss=2645.1MB, cuda_alloc=360.6MB, cuda_reserved=35196.0MB, cuda_peak_alloc=7062.9MB, cuda_free=12771.8MB, cuda_total=48519.1MB
[2026-06-11 19:17:19] Epoch 14 train batch [1200/1875] loss=0.5662 avg_loss=0.2652. Resources: rss=2171.9MB, peak_rss=2645.1MB, cuda_alloc=360.6MB, cuda_reserved=35196.0MB, cuda_peak_alloc=7062.9MB, cuda_free=12771.8MB, cuda_total=48519.1MB
[2026-06-11 19:17:23] Epoch 14 train batch [1220/1875] loss=0.2595 avg_loss=0.2655. Resources: rss=2172.2MB, peak_rss=2645.1MB, cuda_alloc=360.6MB, cuda_reserved=35196.0MB, cuda_peak_alloc=7062.9MB, cuda_free=12771.8MB, cuda_total=48519.1MB
[2026-06-11 19:17:27] Epoch 14 train batch [1240/1875] loss=0.4797 avg_loss=0.2651. Resources: rss=2172.0MB, peak_rss=2645.1MB, cuda_alloc=360.6MB, cuda_reserved=35196.0MB, cuda_peak_alloc=7062.9MB, cuda_free=12771.8MB, cuda_total=48519.1MB
[2026-06-11 19:17:31] Epoch 14 train batch [1260/1875] loss=0.3124 avg_loss=0.2656. Resources: rss=2172.3MB, peak_rss=2645.1MB, cuda_alloc=360.6MB, cuda_reserved=35196.0MB, cuda_peak_alloc=7062.9MB, cuda_free=12771.8MB, cuda_total=48519.1MB
[2026-06-11 19:17:35] Epoch 14 train batch [1280/1875] loss=0.1945 avg_loss=0.2655. Resources: rss=2172.5MB, peak_rss=2645.1MB, cuda_alloc=360.6MB, cuda_reserved=35196.0MB, cuda_peak_alloc=7062.9MB, cuda_free=12771.8MB, cuda_total=48519.1MB
[2026-06-11 19:17:39] Epoch 14 train batch [1300/1875] loss=0.2537 avg_loss=0.2654. Resources: rss=2172.4MB, peak_rss=2645.1MB, cuda_alloc=360.6MB, cuda_reserved=35196.0MB, cuda_peak_alloc=7062.9MB, cuda_free=12771.8MB, cuda_total=48519.1MB
[2026-06-11 19:17:44] Epoch 14 train batch [1320/1875] loss=0.3580 avg_loss=0.2652. Resources: rss=2173.6MB, peak_rss=2645.1MB, cuda_alloc=360.6MB, cuda_reserved=35196.0MB, cuda_peak_alloc=7062.9MB, cuda_free=12771.8MB, cuda_total=48519.1MB
[2026-06-11 19:17:48] Epoch 14 train batch [1340/1875] loss=0.2480 avg_loss=0.2654. Resources: rss=2174.0MB, peak_rss=2645.1MB, cuda_alloc=360.6MB, cuda_reserved=35196.0MB, cuda_peak_alloc=7062.9MB, cuda_free=12771.8MB, cuda_total=48519.1MB
[2026-06-11 19:17:52] Epoch 14 train batch [1360/1875] loss=0.1468 avg_loss=0.2654. Resources: rss=2173.4MB, peak_rss=2645.1MB, cuda_alloc=360.6MB, cuda_reserved=35196.0MB, cuda_peak_alloc=7062.9MB, cuda_free=12771.8MB, cuda_total=48519.1MB
[2026-06-11 19:17:57] Epoch 14 train batch [1380/1875] loss=0.4045 avg_loss=0.2657. Resources: rss=2174.6MB, peak_rss=2645.1MB, cuda_alloc=360.6MB, cuda_reserved=6616.0MB, cuda_peak_alloc=7062.9MB, cuda_free=41351.8MB, cuda_total=48519.1MB
[2026-06-11 19:18:03] Epoch 14 train batch [1400/1875] loss=0.3714 avg_loss=0.2655. Resources: rss=2178.4MB, peak_rss=2645.1MB, cuda_alloc=360.6MB, cuda_reserved=13276.0MB, cuda_peak_alloc=7062.9MB, cuda_free=34691.8MB, cuda_total=48519.1MB
[2026-06-11 19:18:07] Epoch 14 train batch [1420/1875] loss=0.1642 avg_loss=0.2656. Resources: rss=2176.7MB, peak_rss=2645.1MB, cuda_alloc=360.6MB, cuda_reserved=16976.0MB, cuda_peak_alloc=7062.9MB, cuda_free=30991.8MB, cuda_total=48519.1MB
[2026-06-11 19:18:12] Epoch 14 train batch [1440/1875] loss=0.3961 avg_loss=0.2659. Resources: rss=2178.4MB, peak_rss=2645.1MB, cuda_alloc=360.6MB, cuda_reserved=47016.0MB, cuda_peak_alloc=7062.9MB, cuda_free=951.8MB, cuda_total=48519.1MB
[2026-06-11 19:18:16] Epoch 14 train batch [1460/1875] loss=0.4104 avg_loss=0.2657. Resources: rss=2178.5MB, peak_rss=2645.1MB, cuda_alloc=360.6MB, cuda_reserved=47016.0MB, cuda_peak_alloc=7062.9MB, cuda_free=951.8MB, cuda_total=48519.1MB
[2026-06-11 19:18:22] Epoch 14 train batch [1480/1875] loss=0.2285 avg_loss=0.2661. Resources: rss=2177.3MB, peak_rss=2645.1MB, cuda_alloc=360.6MB, cuda_reserved=22476.0MB, cuda_peak_alloc=7062.9MB, cuda_free=25491.8MB, cuda_total=48519.1MB
[2026-06-11 19:18:26] Epoch 14 train batch [1500/1875] loss=0.4281 avg_loss=0.2663. Resources: rss=2178.0MB, peak_rss=2645.1MB, cuda_alloc=360.6MB, cuda_reserved=45136.0MB, cuda_peak_alloc=7062.9MB, cuda_free=2831.8MB, cuda_total=48519.1MB
[2026-06-11 19:18:32] Epoch 14 train batch [1520/1875] loss=0.1782 avg_loss=0.2668. Resources: rss=2178.9MB, peak_rss=2645.1MB, cuda_alloc=360.6MB, cuda_reserved=35276.0MB, cuda_peak_alloc=7062.9MB, cuda_free=12691.8MB, cuda_total=48519.1MB
[2026-06-11 19:18:37] Epoch 14 train batch [1540/1875] loss=0.1644 avg_loss=0.2669. Resources: rss=2179.2MB, peak_rss=2645.1MB, cuda_alloc=360.6MB, cuda_reserved=29716.0MB, cuda_peak_alloc=7062.9MB, cuda_free=18251.8MB, cuda_total=48519.1MB
[2026-06-11 19:18:41] Epoch 14 train batch [1560/1875] loss=0.0930 avg_loss=0.2666. Resources: rss=2179.6MB, peak_rss=2645.1MB, cuda_alloc=360.6MB, cuda_reserved=33356.0MB, cuda_peak_alloc=7062.9MB, cuda_free=14611.8MB, cuda_total=48519.1MB
[2026-06-11 19:18:45] Epoch 14 train batch [1580/1875] loss=0.4875 avg_loss=0.2672. Resources: rss=2179.3MB, peak_rss=2645.1MB, cuda_alloc=360.6MB, cuda_reserved=40316.0MB, cuda_peak_alloc=7062.9MB, cuda_free=7651.8MB, cuda_total=48519.1MB
[2026-06-11 19:18:49] Epoch 14 train batch [1600/1875] loss=0.1880 avg_loss=0.2671. Resources: rss=2179.1MB, peak_rss=2645.1MB, cuda_alloc=360.6MB, cuda_reserved=40316.0MB, cuda_peak_alloc=7062.9MB, cuda_free=7651.8MB, cuda_total=48519.1MB
[2026-06-11 19:18:54] Epoch 14 train batch [1620/1875] loss=0.3167 avg_loss=0.2671. Resources: rss=2180.3MB, peak_rss=2645.1MB, cuda_alloc=360.6MB, cuda_reserved=40316.0MB, cuda_peak_alloc=7062.9MB, cuda_free=7651.8MB, cuda_total=48519.1MB
[2026-06-11 19:19:00] Epoch 14 train batch [1640/1875] loss=0.2778 avg_loss=0.2677. Resources: rss=2179.7MB, peak_rss=2645.1MB, cuda_alloc=360.6MB, cuda_reserved=26136.0MB, cuda_peak_alloc=7062.9MB, cuda_free=21831.8MB, cuda_total=48519.1MB
[2026-06-11 19:19:04] Epoch 14 train batch [1660/1875] loss=0.3134 avg_loss=0.2674. Resources: rss=2179.9MB, peak_rss=2645.1MB, cuda_alloc=360.6MB, cuda_reserved=33876.0MB, cuda_peak_alloc=7062.9MB, cuda_free=14091.8MB, cuda_total=48519.1MB
[2026-06-11 19:19:08] Epoch 14 train batch [1680/1875] loss=0.1963 avg_loss=0.2670. Resources: rss=2180.7MB, peak_rss=2645.1MB, cuda_alloc=360.6MB, cuda_reserved=33876.0MB, cuda_peak_alloc=7062.9MB, cuda_free=14091.8MB, cuda_total=48519.1MB
[2026-06-11 19:19:12] Epoch 14 train batch [1700/1875] loss=0.2530 avg_loss=0.2673. Resources: rss=2179.9MB, peak_rss=2645.1MB, cuda_alloc=360.6MB, cuda_reserved=33876.0MB, cuda_peak_alloc=7062.9MB, cuda_free=14091.8MB, cuda_total=48519.1MB
[2026-06-11 19:19:16] Epoch 14 train batch [1720/1875] loss=0.1812 avg_loss=0.2670. Resources: rss=2180.0MB, peak_rss=2645.1MB, cuda_alloc=360.6MB, cuda_reserved=39796.0MB, cuda_peak_alloc=7062.9MB, cuda_free=8171.8MB, cuda_total=48519.1MB
[2026-06-11 19:19:20] Epoch 14 train batch [1740/1875] loss=0.1334 avg_loss=0.2671. Resources: rss=2179.9MB, peak_rss=2645.1MB, cuda_alloc=360.6MB, cuda_reserved=39796.0MB, cuda_peak_alloc=7062.9MB, cuda_free=8171.8MB, cuda_total=48519.1MB
[2026-06-11 19:19:24] Epoch 14 train batch [1760/1875] loss=0.4416 avg_loss=0.2675. Resources: rss=2180.8MB, peak_rss=2645.1MB, cuda_alloc=360.6MB, cuda_reserved=39796.0MB, cuda_peak_alloc=7062.9MB, cuda_free=8171.8MB, cuda_total=48519.1MB
[2026-06-11 19:19:29] Epoch 14 train batch [1780/1875] loss=0.1319 avg_loss=0.2673. Resources: rss=2180.8MB, peak_rss=2645.1MB, cuda_alloc=360.6MB, cuda_reserved=39796.0MB, cuda_peak_alloc=7062.9MB, cuda_free=8171.8MB, cuda_total=48519.1MB
[2026-06-11 19:19:33] Epoch 14 train batch [1800/1875] loss=0.1308 avg_loss=0.2676. Resources: rss=2180.3MB, peak_rss=2645.1MB, cuda_alloc=360.6MB, cuda_reserved=45956.0MB, cuda_peak_alloc=7062.9MB, cuda_free=2011.8MB, cuda_total=48519.1MB
[2026-06-11 19:19:37] Epoch 14 train batch [1820/1875] loss=0.2019 avg_loss=0.2674. Resources: rss=2180.1MB, peak_rss=2645.1MB, cuda_alloc=360.6MB, cuda_reserved=45956.0MB, cuda_peak_alloc=7062.9MB, cuda_free=2011.8MB, cuda_total=48519.1MB
[2026-06-11 19:19:41] Epoch 14 train batch [1840/1875] loss=0.2416 avg_loss=0.2669. Resources: rss=2179.8MB, peak_rss=2645.1MB, cuda_alloc=360.6MB, cuda_reserved=45956.0MB, cuda_peak_alloc=7062.9MB, cuda_free=2011.8MB, cuda_total=48519.1MB
[2026-06-11 19:19:46] Epoch 14 train batch [1860/1875] loss=0.3885 avg_loss=0.2680. Resources: rss=2179.2MB, peak_rss=2645.1MB, cuda_alloc=360.6MB, cuda_reserved=45956.0MB, cuda_peak_alloc=7062.9MB, cuda_free=2011.8MB, cuda_total=48519.1MB
[2026-06-11 19:19:49] Epoch 14 train batch [1875/1875] loss=0.2346 avg_loss=0.2685. Resources: rss=2181.5MB, peak_rss=2645.1MB, cuda_alloc=360.6MB, cuda_reserved=45956.0MB, cuda_peak_alloc=7062.9MB, cuda_free=2011.8MB, cuda_total=48519.1MB
[2026-06-11 19:19:49] Epoch 14 training completed. Resources: rss=2173.0MB, peak_rss=2645.1MB, cuda_alloc=360.6MB, cuda_reserved=45956.0MB, cuda_peak_alloc=7062.9MB, cuda_free=2011.8MB, cuda_total=48519.1MB
[2026-06-11 19:19:50] Epoch 14 cache released before validation loss. Resources: rss=2172.6MB, peak_rss=2645.1MB, cuda_alloc=360.6MB, cuda_reserved=558.0MB, cuda_peak_alloc=360.6MB, cuda_free=47409.8MB, cuda_total=48519.1MB
[2026-06-11 19:20:21] Epoch 14 validation loss completed: 0.4531. Resources: rss=2172.8MB, peak_rss=2645.1MB, cuda_alloc=360.6MB, cuda_reserved=11326.0MB, cuda_peak_alloc=2034.0MB, cuda_free=36641.8MB, cuda_total=48519.1MB
[2026-06-11 19:20:21] Epoch 14 cache released before detection metrics. Resources: rss=2172.0MB, peak_rss=2645.1MB, cuda_alloc=360.6MB, cuda_reserved=558.0MB, cuda_peak_alloc=360.6MB, cuda_free=47409.8MB, cuda_total=48519.1MB
[2026-06-11 19:20:53] Epoch 14 prediction tensors moved to CPU. Computing metrics. Resources: rss=2171.5MB, peak_rss=2645.1MB, cuda_alloc=360.6MB, cuda_reserved=558.0MB, cuda_peak_alloc=360.6MB, cuda_free=47409.8MB, cuda_total=48519.1MB
[2026-06-11 19:20:53] Epoch 14 metrics computed (mAP@0.5 only). Saving artifacts. Resources: rss=2175.8MB, peak_rss=2645.1MB, cuda_alloc=360.6MB, cuda_reserved=558.0MB, cuda_peak_alloc=360.6MB, cuda_free=47409.8MB, cuda_total=48519.1MB
[2026-06-11 19:20:53] Epoch 14 did not improve mAP@0.5 enough. Early stopping counter: 1/10.
Epoch [14/50]
├── Train Loss : 0.2685
│   ├── loss_classifier  : 0.1487
│   ├── loss_box_reg     : 0.1198
│   ├── loss_objectness  : 0.0000
│   └── loss_rpn_box_reg : 0.0000
├── Val Loss   : 0.4531
├── mAP@0.5    : 0.7597
├── mAP@0.75   : n/a
├── mAP@0.5:0.95 : n/a
├── Precision  : 0.0571
├── Recall     : 0.9550
├── GT Boxes   : 2021
├── Predictions: 33828
├── Per-class AP
│   ├── person  : AP50=0.8221, AP75=n/a, AP50:95=n/a, P=0.0652, R=0.9665
│   ├── car     : AP50=0.7740, AP75=n/a, AP50:95=n/a, P=0.0654, R=0.9576
│   ├── dog     : AP50=0.8461, AP75=n/a, AP50:95=n/a, P=0.0533, R=0.9806
│   ├── cat     : AP50=0.8626, AP75=n/a, AP50:95=n/a, P=0.0765, R=0.9659
│   └── chair   : AP50=0.4939, AP75=n/a, AP50:95=n/a, P=0.0322, R=0.8830
├── LR         : 0.000877
└── Time       : 467.5s
[2026-06-11 19:20:53] Epoch [14/50] completed. Resources: rss=2171.7MB, peak_rss=2645.1MB, cuda_alloc=360.6MB, cuda_reserved=558.0MB, cuda_peak_alloc=360.6MB, cuda_free=47409.8MB, cuda_total=48519.1MB
[2026-06-11 19:20:53] Epoch [15/50] started. Resources: rss=2171.7MB, peak_rss=2645.1MB, cuda_alloc=360.6MB, cuda_reserved=558.0MB, cuda_peak_alloc=360.6MB, cuda_free=47409.8MB, cuda_total=48519.1MB
[2026-06-11 19:20:58] Epoch 15 train batch [20/1875] loss=0.1120 avg_loss=0.2310. Resources: rss=2180.3MB, peak_rss=2645.1MB, cuda_alloc=360.6MB, cuda_reserved=19916.0MB, cuda_peak_alloc=7061.8MB, cuda_free=28051.8MB, cuda_total=48519.1MB
[2026-06-11 19:21:03] Epoch 15 train batch [40/1875] loss=0.1379 avg_loss=0.2284. Resources: rss=2179.7MB, peak_rss=2645.1MB, cuda_alloc=360.6MB, cuda_reserved=31116.0MB, cuda_peak_alloc=7062.5MB, cuda_free=16851.8MB, cuda_total=48519.1MB
[2026-06-11 19:21:07] Epoch 15 train batch [60/1875] loss=0.2717 avg_loss=0.2323. Resources: rss=2180.5MB, peak_rss=2645.1MB, cuda_alloc=360.6MB, cuda_reserved=31116.0MB, cuda_peak_alloc=7062.5MB, cuda_free=16851.8MB, cuda_total=48519.1MB
[2026-06-11 19:21:11] Epoch 15 train batch [80/1875] loss=0.1637 avg_loss=0.2359. Resources: rss=2179.7MB, peak_rss=2645.1MB, cuda_alloc=360.6MB, cuda_reserved=31116.0MB, cuda_peak_alloc=7062.5MB, cuda_free=16851.8MB, cuda_total=48519.1MB
[2026-06-11 19:21:15] Epoch 15 train batch [100/1875] loss=0.2696 avg_loss=0.2339. Resources: rss=2180.0MB, peak_rss=2645.1MB, cuda_alloc=360.6MB, cuda_reserved=31116.0MB, cuda_peak_alloc=7062.5MB, cuda_free=16851.8MB, cuda_total=48519.1MB
[2026-06-11 19:21:19] Epoch 15 train batch [120/1875] loss=0.2492 avg_loss=0.2451. Resources: rss=2181.1MB, peak_rss=2645.1MB, cuda_alloc=360.6MB, cuda_reserved=31116.0MB, cuda_peak_alloc=7062.5MB, cuda_free=16851.8MB, cuda_total=48519.1MB
[2026-06-11 19:21:23] Epoch 15 train batch [140/1875] loss=0.2702 avg_loss=0.2413. Resources: rss=2180.1MB, peak_rss=2645.1MB, cuda_alloc=360.6MB, cuda_reserved=31116.0MB, cuda_peak_alloc=7062.5MB, cuda_free=16851.8MB, cuda_total=48519.1MB
[2026-06-11 19:21:27] Epoch 15 train batch [160/1875] loss=0.2676 avg_loss=0.2425. Resources: rss=2179.6MB, peak_rss=2645.1MB, cuda_alloc=360.6MB, cuda_reserved=32196.0MB, cuda_peak_alloc=7062.5MB, cuda_free=15771.8MB, cuda_total=48519.1MB
[2026-06-11 19:21:31] Epoch 15 train batch [180/1875] loss=0.3531 avg_loss=0.2385. Resources: rss=2178.9MB, peak_rss=2645.1MB, cuda_alloc=360.6MB, cuda_reserved=32196.0MB, cuda_peak_alloc=7062.5MB, cuda_free=15771.8MB, cuda_total=48519.1MB
[2026-06-11 19:21:36] Epoch 15 train batch [200/1875] loss=0.1893 avg_loss=0.2419. Resources: rss=2179.5MB, peak_rss=2645.1MB, cuda_alloc=360.6MB, cuda_reserved=32196.0MB, cuda_peak_alloc=7062.5MB, cuda_free=15771.8MB, cuda_total=48519.1MB
[2026-06-11 19:21:40] Epoch 15 train batch [220/1875] loss=0.1727 avg_loss=0.2401. Resources: rss=2180.0MB, peak_rss=2645.1MB, cuda_alloc=360.6MB, cuda_reserved=44116.0MB, cuda_peak_alloc=7062.6MB, cuda_free=3851.8MB, cuda_total=48519.1MB
[2026-06-11 19:21:44] Epoch 15 train batch [240/1875] loss=0.2325 avg_loss=0.2427. Resources: rss=2179.8MB, peak_rss=2645.1MB, cuda_alloc=360.6MB, cuda_reserved=44116.0MB, cuda_peak_alloc=7062.6MB, cuda_free=3851.8MB, cuda_total=48519.1MB
[2026-06-11 19:21:49] Epoch 15 train batch [260/1875] loss=0.1424 avg_loss=0.2454. Resources: rss=2179.6MB, peak_rss=2645.1MB, cuda_alloc=360.6MB, cuda_reserved=44116.0MB, cuda_peak_alloc=7062.6MB, cuda_free=3851.8MB, cuda_total=48519.1MB
[2026-06-11 19:21:53] Epoch 15 train batch [280/1875] loss=0.0694 avg_loss=0.2445. Resources: rss=2180.5MB, peak_rss=2645.1MB, cuda_alloc=360.6MB, cuda_reserved=44116.0MB, cuda_peak_alloc=7062.6MB, cuda_free=3851.8MB, cuda_total=48519.1MB
[2026-06-11 19:21:57] Epoch 15 train batch [300/1875] loss=0.1374 avg_loss=0.2449. Resources: rss=2180.3MB, peak_rss=2645.1MB, cuda_alloc=360.6MB, cuda_reserved=44116.0MB, cuda_peak_alloc=7062.6MB, cuda_free=3851.8MB, cuda_total=48519.1MB
[2026-06-11 19:22:01] Epoch 15 train batch [320/1875] loss=0.1739 avg_loss=0.2435. Resources: rss=2179.6MB, peak_rss=2645.1MB, cuda_alloc=360.6MB, cuda_reserved=44116.0MB, cuda_peak_alloc=7062.6MB, cuda_free=3851.8MB, cuda_total=48519.1MB
[2026-06-11 19:22:05] Epoch 15 train batch [340/1875] loss=0.1672 avg_loss=0.2414. Resources: rss=2179.8MB, peak_rss=2645.1MB, cuda_alloc=360.6MB, cuda_reserved=44116.0MB, cuda_peak_alloc=7062.6MB, cuda_free=3851.8MB, cuda_total=48519.1MB
[2026-06-11 19:22:10] Epoch 15 train batch [360/1875] loss=0.1604 avg_loss=0.2413. Resources: rss=2179.2MB, peak_rss=2645.1MB, cuda_alloc=360.6MB, cuda_reserved=44116.0MB, cuda_peak_alloc=7062.6MB, cuda_free=3851.8MB, cuda_total=48519.1MB
[2026-06-11 19:22:14] Epoch 15 train batch [380/1875] loss=0.1807 avg_loss=0.2412. Resources: rss=2179.3MB, peak_rss=2645.1MB, cuda_alloc=360.6MB, cuda_reserved=44116.0MB, cuda_peak_alloc=7062.6MB, cuda_free=3851.8MB, cuda_total=48519.1MB
[2026-06-11 19:22:18] Epoch 15 train batch [400/1875] loss=0.2237 avg_loss=0.2423. Resources: rss=2179.8MB, peak_rss=2645.1MB, cuda_alloc=360.6MB, cuda_reserved=44116.0MB, cuda_peak_alloc=7062.6MB, cuda_free=3851.8MB, cuda_total=48519.1MB
[2026-06-11 19:22:22] Epoch 15 train batch [420/1875] loss=0.3555 avg_loss=0.2459. Resources: rss=2178.8MB, peak_rss=2645.1MB, cuda_alloc=360.6MB, cuda_reserved=44116.0MB, cuda_peak_alloc=7062.6MB, cuda_free=3851.8MB, cuda_total=48519.1MB
[2026-06-11 19:22:26] Epoch 15 train batch [440/1875] loss=0.4292 avg_loss=0.2467. Resources: rss=2179.9MB, peak_rss=2645.1MB, cuda_alloc=360.6MB, cuda_reserved=44116.0MB, cuda_peak_alloc=7062.6MB, cuda_free=3851.8MB, cuda_total=48519.1MB
[2026-06-11 19:22:30] Epoch 15 train batch [460/1875] loss=0.1375 avg_loss=0.2476. Resources: rss=2179.2MB, peak_rss=2645.1MB, cuda_alloc=360.6MB, cuda_reserved=44116.0MB, cuda_peak_alloc=7062.6MB, cuda_free=3851.8MB, cuda_total=48519.1MB
[2026-06-11 19:22:34] Epoch 15 train batch [480/1875] loss=0.1182 avg_loss=0.2470. Resources: rss=2179.0MB, peak_rss=2645.1MB, cuda_alloc=360.6MB, cuda_reserved=44116.0MB, cuda_peak_alloc=7062.6MB, cuda_free=3851.8MB, cuda_total=48519.1MB
[2026-06-11 19:22:39] Epoch 15 train batch [500/1875] loss=0.2013 avg_loss=0.2477. Resources: rss=2180.0MB, peak_rss=2645.1MB, cuda_alloc=360.6MB, cuda_reserved=44116.0MB, cuda_peak_alloc=7062.6MB, cuda_free=3850.9MB, cuda_total=48519.1MB
[2026-06-11 19:22:43] Epoch 15 train batch [520/1875] loss=0.3838 avg_loss=0.2484. Resources: rss=2179.8MB, peak_rss=2645.1MB, cuda_alloc=360.6MB, cuda_reserved=44116.0MB, cuda_peak_alloc=7062.6MB, cuda_free=3850.9MB, cuda_total=48519.1MB
[2026-06-11 19:22:47] Epoch 15 train batch [540/1875] loss=0.1450 avg_loss=0.2508. Resources: rss=2179.5MB, peak_rss=2645.1MB, cuda_alloc=360.6MB, cuda_reserved=44116.0MB, cuda_peak_alloc=7062.6MB, cuda_free=3850.9MB, cuda_total=48519.1MB
[2026-06-11 19:22:51] Epoch 15 train batch [560/1875] loss=0.1982 avg_loss=0.2518. Resources: rss=2179.8MB, peak_rss=2645.1MB, cuda_alloc=360.6MB, cuda_reserved=44116.0MB, cuda_peak_alloc=7062.6MB, cuda_free=3850.9MB, cuda_total=48519.1MB
[2026-06-11 19:22:55] Epoch 15 train batch [580/1875] loss=0.3275 avg_loss=0.2571. Resources: rss=2179.7MB, peak_rss=2645.1MB, cuda_alloc=360.6MB, cuda_reserved=44116.0MB, cuda_peak_alloc=7062.6MB, cuda_free=3850.9MB, cuda_total=48519.1MB
[2026-06-11 19:22:59] Epoch 15 train batch [600/1875] loss=0.1795 avg_loss=0.2562. Resources: rss=2180.3MB, peak_rss=2645.1MB, cuda_alloc=360.6MB, cuda_reserved=44116.0MB, cuda_peak_alloc=7062.6MB, cuda_free=3850.9MB, cuda_total=48519.1MB
[2026-06-11 19:23:03] Epoch 15 train batch [620/1875] loss=0.1865 avg_loss=0.2551. Resources: rss=2180.3MB, peak_rss=2645.1MB, cuda_alloc=360.6MB, cuda_reserved=44116.0MB, cuda_peak_alloc=7062.6MB, cuda_free=3850.9MB, cuda_total=48519.1MB
[2026-06-11 19:23:08] Epoch 15 train batch [640/1875] loss=0.2215 avg_loss=0.2546. Resources: rss=2179.6MB, peak_rss=2645.1MB, cuda_alloc=360.6MB, cuda_reserved=22576.0MB, cuda_peak_alloc=7062.6MB, cuda_free=25390.9MB, cuda_total=48519.1MB
[2026-06-11 19:23:12] Epoch 15 train batch [660/1875] loss=0.3093 avg_loss=0.2544. Resources: rss=2180.8MB, peak_rss=2645.1MB, cuda_alloc=360.6MB, cuda_reserved=46956.0MB, cuda_peak_alloc=7062.6MB, cuda_free=1010.9MB, cuda_total=48519.1MB
[2026-06-11 19:23:17] Epoch 15 train batch [680/1875] loss=0.2662 avg_loss=0.2543. Resources: rss=2180.9MB, peak_rss=2645.1MB, cuda_alloc=360.6MB, cuda_reserved=24956.0MB, cuda_peak_alloc=7062.6MB, cuda_free=23010.9MB, cuda_total=48519.1MB
[2026-06-11 19:23:22] Epoch 15 train batch [700/1875] loss=0.2692 avg_loss=0.2552. Resources: rss=2180.9MB, peak_rss=2645.1MB, cuda_alloc=360.6MB, cuda_reserved=24956.0MB, cuda_peak_alloc=7062.6MB, cuda_free=23010.9MB, cuda_total=48519.1MB
[2026-06-11 19:23:26] Epoch 15 train batch [720/1875] loss=0.4572 avg_loss=0.2551. Resources: rss=2180.9MB, peak_rss=2645.1MB, cuda_alloc=360.6MB, cuda_reserved=29196.0MB, cuda_peak_alloc=7062.6MB, cuda_free=18770.9MB, cuda_total=48519.1MB
[2026-06-11 19:23:30] Epoch 15 train batch [740/1875] loss=0.2444 avg_loss=0.2547. Resources: rss=2181.6MB, peak_rss=2645.1MB, cuda_alloc=360.6MB, cuda_reserved=45496.0MB, cuda_peak_alloc=7062.6MB, cuda_free=2470.9MB, cuda_total=48519.1MB
[2026-06-11 19:23:34] Epoch 15 train batch [760/1875] loss=0.2608 avg_loss=0.2545. Resources: rss=2181.2MB, peak_rss=2645.1MB, cuda_alloc=360.6MB, cuda_reserved=45496.0MB, cuda_peak_alloc=7062.6MB, cuda_free=2470.9MB, cuda_total=48519.1MB
[2026-06-11 19:23:38] Epoch 15 train batch [780/1875] loss=0.5117 avg_loss=0.2545. Resources: rss=2181.4MB, peak_rss=2645.1MB, cuda_alloc=360.6MB, cuda_reserved=45796.0MB, cuda_peak_alloc=7062.6MB, cuda_free=2170.9MB, cuda_total=48519.1MB
[2026-06-11 19:23:43] Epoch 15 train batch [800/1875] loss=0.3003 avg_loss=0.2552. Resources: rss=2180.7MB, peak_rss=2645.1MB, cuda_alloc=360.6MB, cuda_reserved=45796.0MB, cuda_peak_alloc=7062.6MB, cuda_free=2170.9MB, cuda_total=48519.1MB
[2026-06-11 19:23:48] Epoch 15 train batch [820/1875] loss=0.3149 avg_loss=0.2566. Resources: rss=2180.6MB, peak_rss=2645.1MB, cuda_alloc=360.6MB, cuda_reserved=46536.0MB, cuda_peak_alloc=7062.6MB, cuda_free=1430.9MB, cuda_total=48519.1MB
[2026-06-11 19:23:53] Epoch 15 train batch [840/1875] loss=0.3977 avg_loss=0.2561. Resources: rss=2181.0MB, peak_rss=2645.1MB, cuda_alloc=360.6MB, cuda_reserved=25716.0MB, cuda_peak_alloc=7062.6MB, cuda_free=22250.9MB, cuda_total=48519.1MB
[2026-06-11 19:23:57] Epoch 15 train batch [860/1875] loss=0.2341 avg_loss=0.2559. Resources: rss=2180.9MB, peak_rss=2645.1MB, cuda_alloc=360.6MB, cuda_reserved=35556.0MB, cuda_peak_alloc=7062.6MB, cuda_free=12410.9MB, cuda_total=48519.1MB
[2026-06-11 19:24:02] Epoch 15 train batch [880/1875] loss=0.2313 avg_loss=0.2559. Resources: rss=2180.5MB, peak_rss=2645.1MB, cuda_alloc=360.6MB, cuda_reserved=35556.0MB, cuda_peak_alloc=7062.6MB, cuda_free=12410.9MB, cuda_total=48519.1MB
[2026-06-11 19:24:06] Epoch 15 train batch [900/1875] loss=0.2033 avg_loss=0.2561. Resources: rss=2181.7MB, peak_rss=2645.1MB, cuda_alloc=360.6MB, cuda_reserved=43496.0MB, cuda_peak_alloc=7062.6MB, cuda_free=4470.9MB, cuda_total=48519.1MB
[2026-06-11 19:24:11] Epoch 15 train batch [920/1875] loss=0.3838 avg_loss=0.2558. Resources: rss=2180.9MB, peak_rss=2645.1MB, cuda_alloc=360.6MB, cuda_reserved=45656.0MB, cuda_peak_alloc=7062.6MB, cuda_free=2310.9MB, cuda_total=48519.1MB
[2026-06-11 19:24:17] Epoch 15 train batch [940/1875] loss=0.2648 avg_loss=0.2550. Resources: rss=2180.7MB, peak_rss=2645.1MB, cuda_alloc=360.6MB, cuda_reserved=16956.0MB, cuda_peak_alloc=7062.6MB, cuda_free=31010.9MB, cuda_total=48519.1MB
[2026-06-11 19:24:22] Epoch 15 train batch [960/1875] loss=0.0835 avg_loss=0.2541. Resources: rss=2180.9MB, peak_rss=2645.1MB, cuda_alloc=360.6MB, cuda_reserved=8136.0MB, cuda_peak_alloc=7062.6MB, cuda_free=39830.9MB, cuda_total=48519.1MB
[2026-06-11 19:24:27] Epoch 15 train batch [980/1875] loss=0.6072 avg_loss=0.2541. Resources: rss=2180.1MB, peak_rss=2645.1MB, cuda_alloc=360.6MB, cuda_reserved=38256.0MB, cuda_peak_alloc=7062.6MB, cuda_free=9710.9MB, cuda_total=48519.1MB
[2026-06-11 19:24:31] Epoch 15 train batch [1000/1875] loss=0.3200 avg_loss=0.2542. Resources: rss=2181.0MB, peak_rss=2645.1MB, cuda_alloc=360.6MB, cuda_reserved=38256.0MB, cuda_peak_alloc=7062.6MB, cuda_free=9710.9MB, cuda_total=48519.1MB
[2026-06-11 19:24:35] Epoch 15 train batch [1020/1875] loss=0.1732 avg_loss=0.2540. Resources: rss=2181.3MB, peak_rss=2645.1MB, cuda_alloc=360.6MB, cuda_reserved=38256.0MB, cuda_peak_alloc=7062.6MB, cuda_free=9710.9MB, cuda_total=48519.1MB
[2026-06-11 19:24:39] Epoch 15 train batch [1040/1875] loss=0.4075 avg_loss=0.2540. Resources: rss=2181.2MB, peak_rss=2645.1MB, cuda_alloc=360.6MB, cuda_reserved=38256.0MB, cuda_peak_alloc=7062.6MB, cuda_free=9710.9MB, cuda_total=48519.1MB
[2026-06-11 19:24:43] Epoch 15 train batch [1060/1875] loss=0.3314 avg_loss=0.2547. Resources: rss=2181.6MB, peak_rss=2645.1MB, cuda_alloc=360.6MB, cuda_reserved=38256.0MB, cuda_peak_alloc=7062.7MB, cuda_free=9710.9MB, cuda_total=48519.1MB
[2026-06-11 19:24:48] Epoch 15 train batch [1080/1875] loss=0.2818 avg_loss=0.2546. Resources: rss=2181.0MB, peak_rss=2645.1MB, cuda_alloc=360.6MB, cuda_reserved=40636.0MB, cuda_peak_alloc=7062.7MB, cuda_free=7330.9MB, cuda_total=48519.1MB
[2026-06-11 19:24:52] Epoch 15 train batch [1100/1875] loss=0.2250 avg_loss=0.2539. Resources: rss=2181.7MB, peak_rss=2645.1MB, cuda_alloc=360.6MB, cuda_reserved=40636.0MB, cuda_peak_alloc=7062.7MB, cuda_free=7330.9MB, cuda_total=48519.1MB
[2026-06-11 19:24:56] Epoch 15 train batch [1120/1875] loss=0.0270 avg_loss=0.2540. Resources: rss=2181.0MB, peak_rss=2645.1MB, cuda_alloc=351.4MB, cuda_reserved=40636.0MB, cuda_peak_alloc=7062.7MB, cuda_free=7330.9MB, cuda_total=48519.1MB
[2026-06-11 19:25:00] Epoch 15 train batch [1140/1875] loss=0.2531 avg_loss=0.2535. Resources: rss=2181.4MB, peak_rss=2645.1MB, cuda_alloc=360.6MB, cuda_reserved=40636.0MB, cuda_peak_alloc=7062.7MB, cuda_free=7330.9MB, cuda_total=48519.1MB
[2026-06-11 19:25:05] Epoch 15 train batch [1160/1875] loss=0.2459 avg_loss=0.2537. Resources: rss=2181.4MB, peak_rss=2645.1MB, cuda_alloc=360.6MB, cuda_reserved=5676.0MB, cuda_peak_alloc=7062.7MB, cuda_free=42290.9MB, cuda_total=48519.1MB
[2026-06-11 19:25:09] Epoch 15 train batch [1180/1875] loss=0.1142 avg_loss=0.2527. Resources: rss=2180.9MB, peak_rss=2645.1MB, cuda_alloc=360.6MB, cuda_reserved=29856.0MB, cuda_peak_alloc=7062.7MB, cuda_free=18110.9MB, cuda_total=48519.1MB
[2026-06-11 19:25:14] Epoch 15 train batch [1200/1875] loss=0.2289 avg_loss=0.2527. Resources: rss=2181.3MB, peak_rss=2645.1MB, cuda_alloc=360.6MB, cuda_reserved=34756.0MB, cuda_peak_alloc=7062.7MB, cuda_free=13210.9MB, cuda_total=48519.1MB
[2026-06-11 19:25:18] Epoch 15 train batch [1220/1875] loss=0.2069 avg_loss=0.2538. Resources: rss=2179.6MB, peak_rss=2645.1MB, cuda_alloc=360.6MB, cuda_reserved=34756.0MB, cuda_peak_alloc=7062.7MB, cuda_free=13210.9MB, cuda_total=48519.1MB
[2026-06-11 19:25:22] Epoch 15 train batch [1240/1875] loss=0.3600 avg_loss=0.2547. Resources: rss=2181.6MB, peak_rss=2645.1MB, cuda_alloc=360.6MB, cuda_reserved=34756.0MB, cuda_peak_alloc=7062.7MB, cuda_free=13210.9MB, cuda_total=48519.1MB
[2026-06-11 19:25:27] Epoch 15 train batch [1260/1875] loss=0.2124 avg_loss=0.2548. Resources: rss=2181.1MB, peak_rss=2645.1MB, cuda_alloc=360.6MB, cuda_reserved=46056.0MB, cuda_peak_alloc=7062.7MB, cuda_free=1910.9MB, cuda_total=48519.1MB
[2026-06-11 19:25:32] Epoch 15 train batch [1280/1875] loss=0.1577 avg_loss=0.2545. Resources: rss=2181.8MB, peak_rss=2645.1MB, cuda_alloc=360.6MB, cuda_reserved=27596.0MB, cuda_peak_alloc=7062.7MB, cuda_free=20370.9MB, cuda_total=48519.1MB
[2026-06-11 19:25:36] Epoch 15 train batch [1300/1875] loss=0.2037 avg_loss=0.2549. Resources: rss=2180.7MB, peak_rss=2645.1MB, cuda_alloc=360.6MB, cuda_reserved=30256.0MB, cuda_peak_alloc=7062.7MB, cuda_free=17710.9MB, cuda_total=48519.1MB
[2026-06-11 19:25:40] Epoch 15 train batch [1320/1875] loss=0.4853 avg_loss=0.2553. Resources: rss=2180.8MB, peak_rss=2645.1MB, cuda_alloc=360.6MB, cuda_reserved=30256.0MB, cuda_peak_alloc=7062.7MB, cuda_free=17710.9MB, cuda_total=48519.1MB
[2026-06-11 19:25:44] Epoch 15 train batch [1340/1875] loss=0.2406 avg_loss=0.2557. Resources: rss=2179.5MB, peak_rss=2645.1MB, cuda_alloc=360.6MB, cuda_reserved=33716.0MB, cuda_peak_alloc=7062.7MB, cuda_free=14250.9MB, cuda_total=48519.1MB
[2026-06-11 19:25:48] Epoch 15 train batch [1360/1875] loss=0.3187 avg_loss=0.2563. Resources: rss=2179.0MB, peak_rss=2645.1MB, cuda_alloc=360.6MB, cuda_reserved=33716.0MB, cuda_peak_alloc=7062.7MB, cuda_free=14250.9MB, cuda_total=48519.1MB
[2026-06-11 19:25:53] Epoch 15 train batch [1380/1875] loss=0.3724 avg_loss=0.2556. Resources: rss=2179.4MB, peak_rss=2645.1MB, cuda_alloc=360.6MB, cuda_reserved=34656.0MB, cuda_peak_alloc=7062.7MB, cuda_free=13310.9MB, cuda_total=48519.1MB
[2026-06-11 19:25:57] Epoch 15 train batch [1400/1875] loss=0.1267 avg_loss=0.2554. Resources: rss=2179.9MB, peak_rss=2645.1MB, cuda_alloc=360.6MB, cuda_reserved=34656.0MB, cuda_peak_alloc=7062.7MB, cuda_free=13310.9MB, cuda_total=48519.1MB
[2026-06-11 19:26:01] Epoch 15 train batch [1420/1875] loss=0.1657 avg_loss=0.2562. Resources: rss=2179.9MB, peak_rss=2645.1MB, cuda_alloc=360.6MB, cuda_reserved=43376.0MB, cuda_peak_alloc=7062.7MB, cuda_free=4590.9MB, cuda_total=48519.1MB
[2026-06-11 19:26:06] Epoch 15 train batch [1440/1875] loss=0.1467 avg_loss=0.2561. Resources: rss=2179.6MB, peak_rss=2645.1MB, cuda_alloc=360.6MB, cuda_reserved=43376.0MB, cuda_peak_alloc=7062.7MB, cuda_free=4590.9MB, cuda_total=48519.1MB
[2026-06-11 19:26:10] Epoch 15 train batch [1460/1875] loss=0.4784 avg_loss=0.2561. Resources: rss=2180.1MB, peak_rss=2645.1MB, cuda_alloc=360.6MB, cuda_reserved=43376.0MB, cuda_peak_alloc=7062.7MB, cuda_free=4590.9MB, cuda_total=48519.1MB
[2026-06-11 19:26:14] Epoch 15 train batch [1480/1875] loss=0.1373 avg_loss=0.2561. Resources: rss=2179.8MB, peak_rss=2645.1MB, cuda_alloc=360.6MB, cuda_reserved=43376.0MB, cuda_peak_alloc=7062.7MB, cuda_free=4590.9MB, cuda_total=48519.1MB
[2026-06-11 19:26:18] Epoch 15 train batch [1500/1875] loss=0.5001 avg_loss=0.2570. Resources: rss=2180.0MB, peak_rss=2645.1MB, cuda_alloc=360.6MB, cuda_reserved=43376.0MB, cuda_peak_alloc=7062.7MB, cuda_free=4590.9MB, cuda_total=48519.1MB
[2026-06-11 19:26:23] Epoch 15 train batch [1520/1875] loss=0.0873 avg_loss=0.2573. Resources: rss=2180.5MB, peak_rss=2645.1MB, cuda_alloc=360.6MB, cuda_reserved=43376.0MB, cuda_peak_alloc=7062.7MB, cuda_free=4590.9MB, cuda_total=48519.1MB
[2026-06-11 19:26:27] Epoch 15 train batch [1540/1875] loss=0.1708 avg_loss=0.2571. Resources: rss=2181.1MB, peak_rss=2645.1MB, cuda_alloc=360.6MB, cuda_reserved=43376.0MB, cuda_peak_alloc=7062.7MB, cuda_free=4590.9MB, cuda_total=48519.1MB
[2026-06-11 19:26:31] Epoch 15 train batch [1560/1875] loss=0.3105 avg_loss=0.2572. Resources: rss=2182.1MB, peak_rss=2645.1MB, cuda_alloc=360.6MB, cuda_reserved=43376.0MB, cuda_peak_alloc=7062.7MB, cuda_free=4590.9MB, cuda_total=48519.1MB
[2026-06-11 19:26:35] Epoch 15 train batch [1580/1875] loss=0.2350 avg_loss=0.2571. Resources: rss=2182.1MB, peak_rss=2645.1MB, cuda_alloc=360.6MB, cuda_reserved=43376.0MB, cuda_peak_alloc=7062.7MB, cuda_free=4590.9MB, cuda_total=48519.1MB
[2026-06-11 19:26:39] Epoch 15 train batch [1600/1875] loss=0.1542 avg_loss=0.2570. Resources: rss=2181.7MB, peak_rss=2645.1MB, cuda_alloc=360.6MB, cuda_reserved=43376.0MB, cuda_peak_alloc=7062.7MB, cuda_free=4590.9MB, cuda_total=48519.1MB
[2026-06-11 19:26:43] Epoch 15 train batch [1620/1875] loss=0.2483 avg_loss=0.2567. Resources: rss=2181.7MB, peak_rss=2645.1MB, cuda_alloc=360.6MB, cuda_reserved=43376.0MB, cuda_peak_alloc=7062.7MB, cuda_free=4590.9MB, cuda_total=48519.1MB
[2026-06-11 19:26:48] Epoch 15 train batch [1640/1875] loss=0.2055 avg_loss=0.2565. Resources: rss=2181.8MB, peak_rss=2645.1MB, cuda_alloc=360.6MB, cuda_reserved=43376.0MB, cuda_peak_alloc=7062.7MB, cuda_free=4590.9MB, cuda_total=48519.1MB
[2026-06-11 19:26:52] Epoch 15 train batch [1660/1875] loss=0.2576 avg_loss=0.2565. Resources: rss=2182.9MB, peak_rss=2645.1MB, cuda_alloc=360.6MB, cuda_reserved=43376.0MB, cuda_peak_alloc=7062.7MB, cuda_free=4590.9MB, cuda_total=48519.1MB
[2026-06-11 19:26:56] Epoch 15 train batch [1680/1875] loss=0.0899 avg_loss=0.2566. Resources: rss=2181.7MB, peak_rss=2645.1MB, cuda_alloc=360.6MB, cuda_reserved=43376.0MB, cuda_peak_alloc=7062.7MB, cuda_free=4590.9MB, cuda_total=48519.1MB
[2026-06-11 19:27:00] Epoch 15 train batch [1700/1875] loss=0.3331 avg_loss=0.2564. Resources: rss=2182.4MB, peak_rss=2645.1MB, cuda_alloc=360.6MB, cuda_reserved=43376.0MB, cuda_peak_alloc=7062.7MB, cuda_free=4590.9MB, cuda_total=48519.1MB
[2026-06-11 19:27:05] Epoch 15 train batch [1720/1875] loss=0.2002 avg_loss=0.2560. Resources: rss=2181.9MB, peak_rss=2645.1MB, cuda_alloc=360.6MB, cuda_reserved=43376.0MB, cuda_peak_alloc=7062.7MB, cuda_free=4590.9MB, cuda_total=48519.1MB
[2026-06-11 19:27:09] Epoch 15 train batch [1740/1875] loss=0.1940 avg_loss=0.2558. Resources: rss=2182.1MB, peak_rss=2645.1MB, cuda_alloc=360.6MB, cuda_reserved=43376.0MB, cuda_peak_alloc=7062.7MB, cuda_free=4590.9MB, cuda_total=48519.1MB
[2026-06-11 19:27:13] Epoch 15 train batch [1760/1875] loss=0.3696 avg_loss=0.2556. Resources: rss=2181.9MB, peak_rss=2645.1MB, cuda_alloc=360.6MB, cuda_reserved=43376.0MB, cuda_peak_alloc=7062.7MB, cuda_free=4590.9MB, cuda_total=48519.1MB
[2026-06-11 19:27:17] Epoch 15 train batch [1780/1875] loss=0.0797 avg_loss=0.2553. Resources: rss=2182.0MB, peak_rss=2645.1MB, cuda_alloc=360.6MB, cuda_reserved=43376.0MB, cuda_peak_alloc=7062.7MB, cuda_free=4590.9MB, cuda_total=48519.1MB
[2026-06-11 19:27:22] Epoch 15 train batch [1800/1875] loss=0.1723 avg_loss=0.2552. Resources: rss=2182.4MB, peak_rss=2645.1MB, cuda_alloc=360.6MB, cuda_reserved=43376.0MB, cuda_peak_alloc=7062.7MB, cuda_free=4590.9MB, cuda_total=48519.1MB
[2026-06-11 19:27:26] Epoch 15 train batch [1820/1875] loss=0.1864 avg_loss=0.2548. Resources: rss=2182.0MB, peak_rss=2645.1MB, cuda_alloc=360.6MB, cuda_reserved=43376.0MB, cuda_peak_alloc=7062.7MB, cuda_free=4590.9MB, cuda_total=48519.1MB
[2026-06-11 19:27:30] Epoch 15 train batch [1840/1875] loss=0.1077 avg_loss=0.2547. Resources: rss=2181.4MB, peak_rss=2645.1MB, cuda_alloc=360.6MB, cuda_reserved=43376.0MB, cuda_peak_alloc=7062.7MB, cuda_free=4590.9MB, cuda_total=48519.1MB
[2026-06-11 19:27:34] Epoch 15 train batch [1860/1875] loss=0.2467 avg_loss=0.2545. Resources: rss=2181.6MB, peak_rss=2645.1MB, cuda_alloc=360.6MB, cuda_reserved=43376.0MB, cuda_peak_alloc=7062.7MB, cuda_free=4590.9MB, cuda_total=48519.1MB
[2026-06-11 19:27:38] Epoch 15 train batch [1875/1875] loss=0.2886 avg_loss=0.2545. Resources: rss=2181.8MB, peak_rss=2645.1MB, cuda_alloc=360.6MB, cuda_reserved=43376.0MB, cuda_peak_alloc=7062.7MB, cuda_free=4590.9MB, cuda_total=48519.1MB
[2026-06-11 19:27:38] Epoch 15 training completed. Resources: rss=2173.4MB, peak_rss=2645.1MB, cuda_alloc=360.6MB, cuda_reserved=43376.0MB, cuda_peak_alloc=7062.7MB, cuda_free=4590.9MB, cuda_total=48519.1MB
[2026-06-11 19:27:38] Epoch 15 cache released before validation loss. Resources: rss=2172.9MB, peak_rss=2645.1MB, cuda_alloc=360.6MB, cuda_reserved=578.0MB, cuda_peak_alloc=360.6MB, cuda_free=47388.9MB, cuda_total=48519.1MB
[2026-06-11 19:28:09] Epoch 15 validation loss completed: 0.4510. Resources: rss=2172.6MB, peak_rss=2645.1MB, cuda_alloc=360.6MB, cuda_reserved=18626.0MB, cuda_peak_alloc=2034.0MB, cuda_free=29340.9MB, cuda_total=48519.1MB
[2026-06-11 19:28:09] Epoch 15 cache released before detection metrics. Resources: rss=2172.6MB, peak_rss=2645.1MB, cuda_alloc=360.6MB, cuda_reserved=578.0MB, cuda_peak_alloc=360.6MB, cuda_free=47388.9MB, cuda_total=48519.1MB
[2026-06-11 19:28:41] Epoch 15 prediction tensors moved to CPU. Computing metrics. Resources: rss=2172.1MB, peak_rss=2645.1MB, cuda_alloc=360.6MB, cuda_reserved=578.0MB, cuda_peak_alloc=360.6MB, cuda_free=47388.9MB, cuda_total=48519.1MB
[2026-06-11 19:28:41] Epoch 15 metrics computed (mAP@0.5 only). Saving artifacts. Resources: rss=2175.6MB, peak_rss=2645.1MB, cuda_alloc=360.6MB, cuda_reserved=578.0MB, cuda_peak_alloc=360.6MB, cuda_free=47388.9MB, cuda_total=48519.1MB
[2026-06-11 19:28:42] Epoch 15 improved mAP@0.5 to 0.7791. Saved best checkpoint: best_model-20260611-172946.pth. Resources: rss=2654.9MB, peak_rss=2654.9MB, cuda_alloc=360.6MB, cuda_reserved=578.0MB, cuda_peak_alloc=360.6MB, cuda_free=47388.9MB, cuda_total=48519.1MB
Epoch [15/50]
├── Train Loss : 0.2545
│   ├── loss_classifier  : 0.1404
│   ├── loss_box_reg     : 0.1141
│   ├── loss_objectness  : 0.0000
│   └── loss_rpn_box_reg : 0.0000
├── Val Loss   : 0.4510
├── mAP@0.5    : 0.7791
├── mAP@0.75   : n/a
├── mAP@0.5:0.95 : n/a
├── Precision  : 0.0613
├── Recall     : 0.9530
├── GT Boxes   : 2021
├── Predictions: 31435
├── Per-class AP
│   ├── person  : AP50=0.8358, AP75=n/a, AP50:95=n/a, P=0.0817, R=0.9590
│   ├── car     : AP50=0.7870, AP75=n/a, AP50:95=n/a, P=0.0564, R=0.9753
│   ├── dog     : AP50=0.8507, AP75=n/a, AP50:95=n/a, P=0.0649, R=0.9806
│   ├── cat     : AP50=0.8850, AP75=n/a, AP50:95=n/a, P=0.0715, R=0.9659
│   └── chair   : AP50=0.5372, AP75=n/a, AP50:95=n/a, P=0.0294, R=0.8794
├── LR         : 0.000855
└── Time       : 468.1s
[2026-06-11 19:28:42] Epoch [15/50] completed. Resources: rss=2172.4MB, peak_rss=2654.9MB, cuda_alloc=360.6MB, cuda_reserved=578.0MB, cuda_peak_alloc=360.6MB, cuda_free=47388.9MB, cuda_total=48519.1MB
[2026-06-11 19:28:42] Epoch [16/50] started. Resources: rss=2172.4MB, peak_rss=2654.9MB, cuda_alloc=360.6MB, cuda_reserved=578.0MB, cuda_peak_alloc=360.6MB, cuda_free=47388.9MB, cuda_total=48519.1MB
[2026-06-11 19:28:47] Epoch 16 train batch [20/1875] loss=0.2401 avg_loss=0.2279. Resources: rss=2182.0MB, peak_rss=2654.9MB, cuda_alloc=360.6MB, cuda_reserved=31556.0MB, cuda_peak_alloc=7062.2MB, cuda_free=16410.9MB, cuda_total=48519.1MB
[2026-06-11 19:28:51] Epoch 16 train batch [40/1875] loss=0.0959 avg_loss=0.2516. Resources: rss=2182.0MB, peak_rss=2654.9MB, cuda_alloc=360.6MB, cuda_reserved=43376.0MB, cuda_peak_alloc=7062.2MB, cuda_free=4590.9MB, cuda_total=48519.1MB
[2026-06-11 19:28:56] Epoch 16 train batch [60/1875] loss=0.3012 avg_loss=0.2524. Resources: rss=2182.4MB, peak_rss=2654.9MB, cuda_alloc=360.6MB, cuda_reserved=30396.0MB, cuda_peak_alloc=7062.2MB, cuda_free=17570.9MB, cuda_total=48519.1MB
[2026-06-11 19:29:02] Epoch 16 train batch [80/1875] loss=0.2012 avg_loss=0.2516. Resources: rss=2182.7MB, peak_rss=2654.9MB, cuda_alloc=360.6MB, cuda_reserved=33276.0MB, cuda_peak_alloc=7062.2MB, cuda_free=14691.8MB, cuda_total=48519.1MB
[2026-06-11 19:29:06] Epoch 16 train batch [100/1875] loss=0.4493 avg_loss=0.2458. Resources: rss=2182.3MB, peak_rss=2654.9MB, cuda_alloc=360.6MB, cuda_reserved=43336.0MB, cuda_peak_alloc=7062.2MB, cuda_free=4631.8MB, cuda_total=48519.1MB
[2026-06-11 19:29:10] Epoch 16 train batch [120/1875] loss=0.2148 avg_loss=0.2501. Resources: rss=2180.4MB, peak_rss=2654.9MB, cuda_alloc=360.6MB, cuda_reserved=43336.0MB, cuda_peak_alloc=7062.2MB, cuda_free=4631.8MB, cuda_total=48519.1MB
[2026-06-11 19:29:14] Epoch 16 train batch [140/1875] loss=0.0664 avg_loss=0.2396. Resources: rss=2182.5MB, peak_rss=2654.9MB, cuda_alloc=360.6MB, cuda_reserved=47456.0MB, cuda_peak_alloc=7062.2MB, cuda_free=511.8MB, cuda_total=48519.1MB
[2026-06-11 19:29:18] Epoch 16 train batch [160/1875] loss=0.2086 avg_loss=0.2341. Resources: rss=2182.8MB, peak_rss=2654.9MB, cuda_alloc=360.6MB, cuda_reserved=47456.0MB, cuda_peak_alloc=7062.2MB, cuda_free=511.8MB, cuda_total=48519.1MB
[2026-06-11 19:29:23] Epoch 16 train batch [180/1875] loss=0.1378 avg_loss=0.2350. Resources: rss=2182.0MB, peak_rss=2654.9MB, cuda_alloc=360.6MB, cuda_reserved=41036.0MB, cuda_peak_alloc=7062.2MB, cuda_free=6931.8MB, cuda_total=48519.1MB
[2026-06-11 19:29:29] Epoch 16 train batch [200/1875] loss=0.2487 avg_loss=0.2384. Resources: rss=2182.5MB, peak_rss=2654.9MB, cuda_alloc=360.6MB, cuda_reserved=28836.0MB, cuda_peak_alloc=7062.2MB, cuda_free=19131.8MB, cuda_total=48519.1MB
[2026-06-11 19:29:34] Epoch 16 train batch [220/1875] loss=0.2290 avg_loss=0.2386. Resources: rss=2182.0MB, peak_rss=2654.9MB, cuda_alloc=360.6MB, cuda_reserved=32196.0MB, cuda_peak_alloc=7062.2MB, cuda_free=15771.8MB, cuda_total=48519.1MB
[2026-06-11 19:29:38] Epoch 16 train batch [240/1875] loss=0.3760 avg_loss=0.2404. Resources: rss=2182.0MB, peak_rss=2654.9MB, cuda_alloc=360.6MB, cuda_reserved=32196.0MB, cuda_peak_alloc=7062.2MB, cuda_free=15771.8MB, cuda_total=48519.1MB
[2026-06-11 19:29:42] Epoch 16 train batch [260/1875] loss=0.3744 avg_loss=0.2401. Resources: rss=2182.3MB, peak_rss=2654.9MB, cuda_alloc=360.6MB, cuda_reserved=37436.0MB, cuda_peak_alloc=7062.2MB, cuda_free=10531.8MB, cuda_total=48519.1MB
[2026-06-11 19:29:47] Epoch 16 train batch [280/1875] loss=0.2466 avg_loss=0.2392. Resources: rss=2183.9MB, peak_rss=2654.9MB, cuda_alloc=360.6MB, cuda_reserved=37436.0MB, cuda_peak_alloc=7062.2MB, cuda_free=10531.8MB, cuda_total=48519.1MB
[2026-06-11 19:29:51] Epoch 16 train batch [300/1875] loss=0.1534 avg_loss=0.2398. Resources: rss=2184.2MB, peak_rss=2654.9MB, cuda_alloc=360.6MB, cuda_reserved=47596.0MB, cuda_peak_alloc=7062.2MB, cuda_free=371.8MB, cuda_total=48519.1MB
[2026-06-11 19:29:56] Epoch 16 train batch [320/1875] loss=0.3122 avg_loss=0.2394. Resources: rss=2183.4MB, peak_rss=2654.9MB, cuda_alloc=360.6MB, cuda_reserved=30476.0MB, cuda_peak_alloc=7062.2MB, cuda_free=17491.8MB, cuda_total=48519.1MB
[2026-06-11 19:30:00] Epoch 16 train batch [340/1875] loss=0.2591 avg_loss=0.2381. Resources: rss=2183.9MB, peak_rss=2654.9MB, cuda_alloc=360.6MB, cuda_reserved=30476.0MB, cuda_peak_alloc=7062.2MB, cuda_free=17491.8MB, cuda_total=48519.1MB
[2026-06-11 19:30:04] Epoch 16 train batch [360/1875] loss=0.2072 avg_loss=0.2387. Resources: rss=2184.3MB, peak_rss=2654.9MB, cuda_alloc=360.6MB, cuda_reserved=37316.0MB, cuda_peak_alloc=7062.2MB, cuda_free=10651.8MB, cuda_total=48519.1MB
[2026-06-11 19:30:08] Epoch 16 train batch [380/1875] loss=0.1276 avg_loss=0.2409. Resources: rss=2184.4MB, peak_rss=2654.9MB, cuda_alloc=360.6MB, cuda_reserved=37316.0MB, cuda_peak_alloc=7062.2MB, cuda_free=10651.8MB, cuda_total=48519.1MB
[2026-06-11 19:30:12] Epoch 16 train batch [400/1875] loss=0.1731 avg_loss=0.2401. Resources: rss=2184.0MB, peak_rss=2654.9MB, cuda_alloc=360.6MB, cuda_reserved=37316.0MB, cuda_peak_alloc=7062.2MB, cuda_free=10651.8MB, cuda_total=48519.1MB
[2026-06-11 19:30:17] Epoch 16 train batch [420/1875] loss=0.2706 avg_loss=0.2390. Resources: rss=2182.0MB, peak_rss=2654.9MB, cuda_alloc=360.6MB, cuda_reserved=37316.0MB, cuda_peak_alloc=7062.2MB, cuda_free=10651.8MB, cuda_total=48519.1MB
[2026-06-11 19:30:21] Epoch 16 train batch [440/1875] loss=0.1450 avg_loss=0.2367. Resources: rss=2182.4MB, peak_rss=2654.9MB, cuda_alloc=360.6MB, cuda_reserved=37316.0MB, cuda_peak_alloc=7062.2MB, cuda_free=10651.8MB, cuda_total=48519.1MB
[2026-06-11 19:30:25] Epoch 16 train batch [460/1875] loss=0.2747 avg_loss=0.2376. Resources: rss=2183.8MB, peak_rss=2654.9MB, cuda_alloc=360.6MB, cuda_reserved=39816.0MB, cuda_peak_alloc=7062.2MB, cuda_free=8151.8MB, cuda_total=48519.1MB
[2026-06-11 19:30:29] Epoch 16 train batch [480/1875] loss=0.2412 avg_loss=0.2369. Resources: rss=2183.6MB, peak_rss=2654.9MB, cuda_alloc=360.6MB, cuda_reserved=39816.0MB, cuda_peak_alloc=7062.2MB, cuda_free=8151.8MB, cuda_total=48519.1MB
[2026-06-11 19:30:33] Epoch 16 train batch [500/1875] loss=0.0896 avg_loss=0.2368. Resources: rss=2184.1MB, peak_rss=2654.9MB, cuda_alloc=360.6MB, cuda_reserved=39816.0MB, cuda_peak_alloc=7062.2MB, cuda_free=8151.8MB, cuda_total=48519.1MB
[2026-06-11 19:30:38] Epoch 16 train batch [520/1875] loss=0.4763 avg_loss=0.2376. Resources: rss=2184.1MB, peak_rss=2654.9MB, cuda_alloc=360.6MB, cuda_reserved=45416.0MB, cuda_peak_alloc=7062.2MB, cuda_free=2551.8MB, cuda_total=48519.1MB
[2026-06-11 19:30:44] Epoch 16 train batch [540/1875] loss=0.1688 avg_loss=0.2387. Resources: rss=2183.9MB, peak_rss=2654.9MB, cuda_alloc=360.6MB, cuda_reserved=31536.0MB, cuda_peak_alloc=7062.2MB, cuda_free=16431.8MB, cuda_total=48519.1MB
[2026-06-11 19:30:49] Epoch 16 train batch [560/1875] loss=0.1479 avg_loss=0.2373. Resources: rss=2184.3MB, peak_rss=2654.9MB, cuda_alloc=360.6MB, cuda_reserved=38936.0MB, cuda_peak_alloc=7062.2MB, cuda_free=9031.8MB, cuda_total=48519.1MB
[2026-06-11 19:30:54] Epoch 16 train batch [580/1875] loss=0.2604 avg_loss=0.2372. Resources: rss=2185.2MB, peak_rss=2654.9MB, cuda_alloc=360.6MB, cuda_reserved=33216.0MB, cuda_peak_alloc=7062.2MB, cuda_free=14751.8MB, cuda_total=48519.1MB
[2026-06-11 19:30:58] Epoch 16 train batch [600/1875] loss=0.2638 avg_loss=0.2370. Resources: rss=2183.9MB, peak_rss=2654.9MB, cuda_alloc=360.6MB, cuda_reserved=33216.0MB, cuda_peak_alloc=7062.2MB, cuda_free=14751.8MB, cuda_total=48519.1MB
[2026-06-11 19:31:02] Epoch 16 train batch [620/1875] loss=0.1040 avg_loss=0.2366. Resources: rss=2184.4MB, peak_rss=2654.9MB, cuda_alloc=360.6MB, cuda_reserved=33216.0MB, cuda_peak_alloc=7062.2MB, cuda_free=14751.8MB, cuda_total=48519.1MB
[2026-06-11 19:31:06] Epoch 16 train batch [640/1875] loss=0.1922 avg_loss=0.2365. Resources: rss=2183.7MB, peak_rss=2654.9MB, cuda_alloc=360.6MB, cuda_reserved=35256.0MB, cuda_peak_alloc=7062.2MB, cuda_free=12711.8MB, cuda_total=48519.1MB
[2026-06-11 19:31:11] Epoch 16 train batch [660/1875] loss=0.3678 avg_loss=0.2361. Resources: rss=2184.8MB, peak_rss=2654.9MB, cuda_alloc=360.6MB, cuda_reserved=35256.0MB, cuda_peak_alloc=7062.2MB, cuda_free=12711.8MB, cuda_total=48519.1MB
[2026-06-11 19:31:16] Epoch 16 train batch [680/1875] loss=0.2961 avg_loss=0.2347. Resources: rss=2183.6MB, peak_rss=2654.9MB, cuda_alloc=360.6MB, cuda_reserved=18676.0MB, cuda_peak_alloc=7062.2MB, cuda_free=29291.8MB, cuda_total=48519.1MB
[2026-06-11 19:31:20] Epoch 16 train batch [700/1875] loss=0.2736 avg_loss=0.2339. Resources: rss=2183.7MB, peak_rss=2654.9MB, cuda_alloc=360.6MB, cuda_reserved=35516.0MB, cuda_peak_alloc=7062.6MB, cuda_free=12451.8MB, cuda_total=48519.1MB
[2026-06-11 19:31:24] Epoch 16 train batch [720/1875] loss=0.1804 avg_loss=0.2344. Resources: rss=2183.7MB, peak_rss=2654.9MB, cuda_alloc=360.6MB, cuda_reserved=42636.0MB, cuda_peak_alloc=7062.6MB, cuda_free=5331.8MB, cuda_total=48519.1MB
[2026-06-11 19:31:28] Epoch 16 train batch [740/1875] loss=0.2138 avg_loss=0.2351. Resources: rss=2183.4MB, peak_rss=2654.9MB, cuda_alloc=360.6MB, cuda_reserved=42636.0MB, cuda_peak_alloc=7062.6MB, cuda_free=5331.8MB, cuda_total=48519.1MB
[2026-06-11 19:31:33] Epoch 16 train batch [760/1875] loss=0.1507 avg_loss=0.2346. Resources: rss=2183.7MB, peak_rss=2654.9MB, cuda_alloc=360.6MB, cuda_reserved=30736.0MB, cuda_peak_alloc=7062.6MB, cuda_free=17231.8MB, cuda_total=48519.1MB
[2026-06-11 19:31:38] Epoch 16 train batch [780/1875] loss=0.3488 avg_loss=0.2361. Resources: rss=2183.9MB, peak_rss=2654.9MB, cuda_alloc=360.6MB, cuda_reserved=40056.0MB, cuda_peak_alloc=7062.6MB, cuda_free=7911.8MB, cuda_total=48519.1MB
[2026-06-11 19:31:42] Epoch 16 train batch [800/1875] loss=0.2414 avg_loss=0.2365. Resources: rss=2183.5MB, peak_rss=2654.9MB, cuda_alloc=360.6MB, cuda_reserved=45576.0MB, cuda_peak_alloc=7062.6MB, cuda_free=2391.8MB, cuda_total=48519.1MB
[2026-06-11 19:31:48] Epoch 16 train batch [820/1875] loss=0.4687 avg_loss=0.2362. Resources: rss=2182.7MB, peak_rss=2654.9MB, cuda_alloc=360.6MB, cuda_reserved=16116.0MB, cuda_peak_alloc=7062.6MB, cuda_free=31851.8MB, cuda_total=48519.1MB
[2026-06-11 19:31:52] Epoch 16 train batch [840/1875] loss=0.2179 avg_loss=0.2363. Resources: rss=2184.1MB, peak_rss=2654.9MB, cuda_alloc=360.6MB, cuda_reserved=40116.0MB, cuda_peak_alloc=7062.6MB, cuda_free=7851.8MB, cuda_total=48519.1MB
[2026-06-11 19:31:56] Epoch 16 train batch [860/1875] loss=0.3329 avg_loss=0.2367. Resources: rss=2183.2MB, peak_rss=2654.9MB, cuda_alloc=360.6MB, cuda_reserved=40116.0MB, cuda_peak_alloc=7062.6MB, cuda_free=7851.8MB, cuda_total=48519.1MB
[2026-06-11 19:32:00] Epoch 16 train batch [880/1875] loss=0.2881 avg_loss=0.2369. Resources: rss=2183.2MB, peak_rss=2654.9MB, cuda_alloc=360.6MB, cuda_reserved=40116.0MB, cuda_peak_alloc=7062.6MB, cuda_free=7851.8MB, cuda_total=48519.1MB
[2026-06-11 19:32:04] Epoch 16 train batch [900/1875] loss=0.1475 avg_loss=0.2419. Resources: rss=2184.1MB, peak_rss=2654.9MB, cuda_alloc=360.6MB, cuda_reserved=46196.0MB, cuda_peak_alloc=7062.6MB, cuda_free=1771.8MB, cuda_total=48519.1MB
[2026-06-11 19:32:09] Epoch 16 train batch [920/1875] loss=0.2047 avg_loss=0.2415. Resources: rss=2185.0MB, peak_rss=2654.9MB, cuda_alloc=360.6MB, cuda_reserved=25696.0MB, cuda_peak_alloc=7062.6MB, cuda_free=22271.8MB, cuda_total=48519.1MB
[2026-06-11 19:32:13] Epoch 16 train batch [940/1875] loss=0.1868 avg_loss=0.2406. Resources: rss=2184.4MB, peak_rss=2654.9MB, cuda_alloc=360.6MB, cuda_reserved=34496.0MB, cuda_peak_alloc=7062.6MB, cuda_free=13471.8MB, cuda_total=48519.1MB
[2026-06-11 19:32:18] Epoch 16 train batch [960/1875] loss=0.1998 avg_loss=0.2408. Resources: rss=2184.4MB, peak_rss=2654.9MB, cuda_alloc=360.6MB, cuda_reserved=37696.0MB, cuda_peak_alloc=7062.6MB, cuda_free=10271.8MB, cuda_total=48519.1MB
[2026-06-11 19:32:23] Epoch 16 train batch [980/1875] loss=0.3194 avg_loss=0.2406. Resources: rss=2184.5MB, peak_rss=2654.9MB, cuda_alloc=360.6MB, cuda_reserved=19036.0MB, cuda_peak_alloc=7062.6MB, cuda_free=28931.8MB, cuda_total=48519.1MB
[2026-06-11 19:32:28] Epoch 16 train batch [1000/1875] loss=0.2461 avg_loss=0.2404. Resources: rss=2185.1MB, peak_rss=2654.9MB, cuda_alloc=360.6MB, cuda_reserved=47176.0MB, cuda_peak_alloc=7062.6MB, cuda_free=791.8MB, cuda_total=48519.1MB
[2026-06-11 19:32:33] Epoch 16 train batch [1020/1875] loss=0.2313 avg_loss=0.2403. Resources: rss=2185.1MB, peak_rss=2654.9MB, cuda_alloc=360.6MB, cuda_reserved=44376.0MB, cuda_peak_alloc=7062.6MB, cuda_free=3591.8MB, cuda_total=48519.1MB
[2026-06-11 19:32:38] Epoch 16 train batch [1040/1875] loss=0.1364 avg_loss=0.2398. Resources: rss=2184.4MB, peak_rss=2654.9MB, cuda_alloc=360.6MB, cuda_reserved=19296.0MB, cuda_peak_alloc=7062.6MB, cuda_free=28671.8MB, cuda_total=48519.1MB
[2026-06-11 19:32:43] Epoch 16 train batch [1060/1875] loss=0.3117 avg_loss=0.2391. Resources: rss=2186.3MB, peak_rss=2654.9MB, cuda_alloc=360.6MB, cuda_reserved=16296.0MB, cuda_peak_alloc=7062.6MB, cuda_free=31671.8MB, cuda_total=48519.1MB
[2026-06-11 19:32:48] Epoch 16 train batch [1080/1875] loss=0.1704 avg_loss=0.2386. Resources: rss=2185.0MB, peak_rss=2654.9MB, cuda_alloc=360.6MB, cuda_reserved=7476.0MB, cuda_peak_alloc=7062.6MB, cuda_free=40491.8MB, cuda_total=48519.1MB
[2026-06-11 19:32:53] Epoch 16 train batch [1100/1875] loss=0.1143 avg_loss=0.2386. Resources: rss=2185.6MB, peak_rss=2654.9MB, cuda_alloc=360.6MB, cuda_reserved=32596.0MB, cuda_peak_alloc=7062.6MB, cuda_free=15371.8MB, cuda_total=48519.1MB
[2026-06-11 19:32:57] Epoch 16 train batch [1120/1875] loss=0.3617 avg_loss=0.2387. Resources: rss=2185.3MB, peak_rss=2654.9MB, cuda_alloc=360.6MB, cuda_reserved=32596.0MB, cuda_peak_alloc=7062.6MB, cuda_free=15371.8MB, cuda_total=48519.1MB
[2026-06-11 19:33:01] Epoch 16 train batch [1140/1875] loss=0.2461 avg_loss=0.2386. Resources: rss=2185.3MB, peak_rss=2654.9MB, cuda_alloc=360.6MB, cuda_reserved=34136.0MB, cuda_peak_alloc=7062.6MB, cuda_free=13831.8MB, cuda_total=48519.1MB
[2026-06-11 19:33:05] Epoch 16 train batch [1160/1875] loss=0.3433 avg_loss=0.2397. Resources: rss=2185.0MB, peak_rss=2654.9MB, cuda_alloc=360.6MB, cuda_reserved=46516.0MB, cuda_peak_alloc=7062.6MB, cuda_free=1451.8MB, cuda_total=48519.1MB
[2026-06-11 19:33:10] Epoch 16 train batch [1180/1875] loss=0.2229 avg_loss=0.2400. Resources: rss=2185.1MB, peak_rss=2654.9MB, cuda_alloc=360.6MB, cuda_reserved=34716.0MB, cuda_peak_alloc=7062.6MB, cuda_free=13251.8MB, cuda_total=48519.1MB
[2026-06-11 19:33:14] Epoch 16 train batch [1200/1875] loss=0.1730 avg_loss=0.2402. Resources: rss=2184.8MB, peak_rss=2654.9MB, cuda_alloc=360.6MB, cuda_reserved=36996.0MB, cuda_peak_alloc=7062.6MB, cuda_free=10971.8MB, cuda_total=48519.1MB
[2026-06-11 19:33:19] Epoch 16 train batch [1220/1875] loss=0.3662 avg_loss=0.2400. Resources: rss=2184.7MB, peak_rss=2654.9MB, cuda_alloc=360.6MB, cuda_reserved=36996.0MB, cuda_peak_alloc=7062.6MB, cuda_free=10971.8MB, cuda_total=48519.1MB
[2026-06-11 19:33:23] Epoch 16 train batch [1240/1875] loss=0.4683 avg_loss=0.2400. Resources: rss=2185.6MB, peak_rss=2654.9MB, cuda_alloc=360.6MB, cuda_reserved=38916.0MB, cuda_peak_alloc=7062.6MB, cuda_free=9051.8MB, cuda_total=48519.1MB
[2026-06-11 19:33:27] Epoch 16 train batch [1260/1875] loss=0.1873 avg_loss=0.2398. Resources: rss=2185.1MB, peak_rss=2654.9MB, cuda_alloc=360.6MB, cuda_reserved=38916.0MB, cuda_peak_alloc=7062.6MB, cuda_free=9051.8MB, cuda_total=48519.1MB
[2026-06-11 19:33:31] Epoch 16 train batch [1280/1875] loss=0.1642 avg_loss=0.2390. Resources: rss=2184.9MB, peak_rss=2654.9MB, cuda_alloc=360.6MB, cuda_reserved=38916.0MB, cuda_peak_alloc=7062.6MB, cuda_free=9051.8MB, cuda_total=48519.1MB
[2026-06-11 19:33:35] Epoch 16 train batch [1300/1875] loss=0.3360 avg_loss=0.2391. Resources: rss=2185.3MB, peak_rss=2654.9MB, cuda_alloc=360.6MB, cuda_reserved=44796.0MB, cuda_peak_alloc=7062.6MB, cuda_free=3171.8MB, cuda_total=48519.1MB
[2026-06-11 19:33:39] Epoch 16 train batch [1320/1875] loss=0.2481 avg_loss=0.2392. Resources: rss=2185.4MB, peak_rss=2654.9MB, cuda_alloc=360.6MB, cuda_reserved=44796.0MB, cuda_peak_alloc=7062.6MB, cuda_free=3171.8MB, cuda_total=48519.1MB
[2026-06-11 19:33:44] Epoch 16 train batch [1340/1875] loss=0.2429 avg_loss=0.2394. Resources: rss=2185.8MB, peak_rss=2654.9MB, cuda_alloc=360.6MB, cuda_reserved=44796.0MB, cuda_peak_alloc=7062.6MB, cuda_free=3171.8MB, cuda_total=48519.1MB
[2026-06-11 19:33:49] Epoch 16 train batch [1360/1875] loss=0.1366 avg_loss=0.2398. Resources: rss=2185.0MB, peak_rss=2654.9MB, cuda_alloc=360.6MB, cuda_reserved=15096.0MB, cuda_peak_alloc=7062.6MB, cuda_free=32871.8MB, cuda_total=48519.1MB
[2026-06-11 19:33:54] Epoch 16 train batch [1380/1875] loss=0.1297 avg_loss=0.2399. Resources: rss=2186.3MB, peak_rss=2654.9MB, cuda_alloc=360.6MB, cuda_reserved=35936.0MB, cuda_peak_alloc=7062.6MB, cuda_free=12031.8MB, cuda_total=48519.1MB
[2026-06-11 19:33:58] Epoch 16 train batch [1400/1875] loss=0.1900 avg_loss=0.2396. Resources: rss=2185.1MB, peak_rss=2654.9MB, cuda_alloc=360.6MB, cuda_reserved=38196.0MB, cuda_peak_alloc=7062.6MB, cuda_free=9771.8MB, cuda_total=48519.1MB
[2026-06-11 19:34:02] Epoch 16 train batch [1420/1875] loss=0.1250 avg_loss=0.2397. Resources: rss=2185.3MB, peak_rss=2654.9MB, cuda_alloc=360.6MB, cuda_reserved=38196.0MB, cuda_peak_alloc=7062.6MB, cuda_free=9771.8MB, cuda_total=48519.1MB
[2026-06-11 19:34:06] Epoch 16 train batch [1440/1875] loss=0.1861 avg_loss=0.2395. Resources: rss=2185.1MB, peak_rss=2654.9MB, cuda_alloc=360.6MB, cuda_reserved=38196.0MB, cuda_peak_alloc=7062.6MB, cuda_free=9771.8MB, cuda_total=48519.1MB
[2026-06-11 19:34:11] Epoch 16 train batch [1460/1875] loss=0.1852 avg_loss=0.2395. Resources: rss=2185.0MB, peak_rss=2654.9MB, cuda_alloc=360.6MB, cuda_reserved=41716.0MB, cuda_peak_alloc=7062.6MB, cuda_free=6251.8MB, cuda_total=48519.1MB
[2026-06-11 19:34:15] Epoch 16 train batch [1480/1875] loss=0.2900 avg_loss=0.2392. Resources: rss=2185.1MB, peak_rss=2654.9MB, cuda_alloc=360.6MB, cuda_reserved=41716.0MB, cuda_peak_alloc=7062.6MB, cuda_free=6251.8MB, cuda_total=48519.1MB
[2026-06-11 19:34:19] Epoch 16 train batch [1500/1875] loss=0.1168 avg_loss=0.2389. Resources: rss=2183.7MB, peak_rss=2654.9MB, cuda_alloc=360.6MB, cuda_reserved=45836.0MB, cuda_peak_alloc=7062.6MB, cuda_free=2131.8MB, cuda_total=48519.1MB
[2026-06-11 19:34:23] Epoch 16 train batch [1520/1875] loss=0.1758 avg_loss=0.2388. Resources: rss=2185.5MB, peak_rss=2654.9MB, cuda_alloc=360.6MB, cuda_reserved=45836.0MB, cuda_peak_alloc=7062.6MB, cuda_free=2131.8MB, cuda_total=48519.1MB
[2026-06-11 19:34:27] Epoch 16 train batch [1540/1875] loss=0.4267 avg_loss=0.2385. Resources: rss=2184.8MB, peak_rss=2654.9MB, cuda_alloc=360.6MB, cuda_reserved=45836.0MB, cuda_peak_alloc=7062.6MB, cuda_free=2131.8MB, cuda_total=48519.1MB
[2026-06-11 19:34:32] Epoch 16 train batch [1560/1875] loss=0.4043 avg_loss=0.2385. Resources: rss=2185.0MB, peak_rss=2654.9MB, cuda_alloc=360.6MB, cuda_reserved=45836.0MB, cuda_peak_alloc=7062.6MB, cuda_free=2131.8MB, cuda_total=48519.1MB
[2026-06-11 19:34:36] Epoch 16 train batch [1580/1875] loss=0.3340 avg_loss=0.2383. Resources: rss=2185.0MB, peak_rss=2654.9MB, cuda_alloc=360.6MB, cuda_reserved=45836.0MB, cuda_peak_alloc=7062.6MB, cuda_free=2131.8MB, cuda_total=48519.1MB
[2026-06-11 19:34:40] Epoch 16 train batch [1600/1875] loss=0.1904 avg_loss=0.2383. Resources: rss=2185.7MB, peak_rss=2654.9MB, cuda_alloc=360.6MB, cuda_reserved=45836.0MB, cuda_peak_alloc=7062.6MB, cuda_free=2131.8MB, cuda_total=48519.1MB
[2026-06-11 19:34:44] Epoch 16 train batch [1620/1875] loss=0.1499 avg_loss=0.2388. Resources: rss=2185.1MB, peak_rss=2654.9MB, cuda_alloc=360.6MB, cuda_reserved=45836.0MB, cuda_peak_alloc=7062.6MB, cuda_free=2131.8MB, cuda_total=48519.1MB
[2026-06-11 19:34:49] Epoch 16 train batch [1640/1875] loss=0.1899 avg_loss=0.2386. Resources: rss=2185.1MB, peak_rss=2654.9MB, cuda_alloc=360.6MB, cuda_reserved=41616.0MB, cuda_peak_alloc=7062.6MB, cuda_free=6351.8MB, cuda_total=48519.1MB
[2026-06-11 19:34:54] Epoch 16 train batch [1660/1875] loss=0.0984 avg_loss=0.2383. Resources: rss=2185.4MB, peak_rss=2654.9MB, cuda_alloc=360.6MB, cuda_reserved=41616.0MB, cuda_peak_alloc=7062.6MB, cuda_free=6351.8MB, cuda_total=48519.1MB
[2026-06-11 19:34:58] Epoch 16 train batch [1680/1875] loss=0.0803 avg_loss=0.2383. Resources: rss=2184.8MB, peak_rss=2654.9MB, cuda_alloc=360.6MB, cuda_reserved=41616.0MB, cuda_peak_alloc=7062.6MB, cuda_free=6351.8MB, cuda_total=48519.1MB
[2026-06-11 19:35:02] Epoch 16 train batch [1700/1875] loss=0.3256 avg_loss=0.2383. Resources: rss=2185.5MB, peak_rss=2654.9MB, cuda_alloc=360.6MB, cuda_reserved=42896.0MB, cuda_peak_alloc=7062.6MB, cuda_free=5071.8MB, cuda_total=48519.1MB
[2026-06-11 19:35:06] Epoch 16 train batch [1720/1875] loss=0.2311 avg_loss=0.2381. Resources: rss=2185.5MB, peak_rss=2654.9MB, cuda_alloc=360.6MB, cuda_reserved=42896.0MB, cuda_peak_alloc=7062.6MB, cuda_free=5071.8MB, cuda_total=48519.1MB
[2026-06-11 19:35:10] Epoch 16 train batch [1740/1875] loss=0.2663 avg_loss=0.2377. Resources: rss=2185.0MB, peak_rss=2654.9MB, cuda_alloc=360.6MB, cuda_reserved=42896.0MB, cuda_peak_alloc=7062.6MB, cuda_free=5071.8MB, cuda_total=48519.1MB
[2026-06-11 19:35:15] Epoch 16 train batch [1760/1875] loss=0.4899 avg_loss=0.2381. Resources: rss=2185.5MB, peak_rss=2654.9MB, cuda_alloc=360.6MB, cuda_reserved=42896.0MB, cuda_peak_alloc=7062.6MB, cuda_free=5071.8MB, cuda_total=48519.1MB
[2026-06-11 19:35:19] Epoch 16 train batch [1780/1875] loss=0.2881 avg_loss=0.2386. Resources: rss=2185.6MB, peak_rss=2654.9MB, cuda_alloc=360.6MB, cuda_reserved=42896.0MB, cuda_peak_alloc=7062.6MB, cuda_free=5071.8MB, cuda_total=48519.1MB
[2026-06-11 19:35:23] Epoch 16 train batch [1800/1875] loss=0.1830 avg_loss=0.2385. Resources: rss=2185.6MB, peak_rss=2654.9MB, cuda_alloc=360.6MB, cuda_reserved=42896.0MB, cuda_peak_alloc=7062.6MB, cuda_free=5071.8MB, cuda_total=48519.1MB
[2026-06-11 19:35:27] Epoch 16 train batch [1820/1875] loss=0.2112 avg_loss=0.2380. Resources: rss=2185.5MB, peak_rss=2654.9MB, cuda_alloc=360.6MB, cuda_reserved=42896.0MB, cuda_peak_alloc=7062.6MB, cuda_free=5071.8MB, cuda_total=48519.1MB
[2026-06-11 19:35:31] Epoch 16 train batch [1840/1875] loss=0.4242 avg_loss=0.2384. Resources: rss=2184.8MB, peak_rss=2654.9MB, cuda_alloc=360.6MB, cuda_reserved=42896.0MB, cuda_peak_alloc=7062.6MB, cuda_free=5071.8MB, cuda_total=48519.1MB
[2026-06-11 19:35:36] Epoch 16 train batch [1860/1875] loss=0.3011 avg_loss=0.2382. Resources: rss=2185.5MB, peak_rss=2654.9MB, cuda_alloc=360.6MB, cuda_reserved=5556.0MB, cuda_peak_alloc=7062.6MB, cuda_free=42411.8MB, cuda_total=48519.1MB
[2026-06-11 19:35:39] Epoch 16 train batch [1875/1875] loss=0.1736 avg_loss=0.2383. Resources: rss=2186.6MB, peak_rss=2654.9MB, cuda_alloc=360.6MB, cuda_reserved=38096.0MB, cuda_peak_alloc=7062.6MB, cuda_free=9871.8MB, cuda_total=48519.1MB
[2026-06-11 19:35:39] Epoch 16 training completed. Resources: rss=2177.6MB, peak_rss=2654.9MB, cuda_alloc=360.6MB, cuda_reserved=38096.0MB, cuda_peak_alloc=7062.6MB, cuda_free=9871.8MB, cuda_total=48519.1MB
[2026-06-11 19:35:40] Epoch 16 cache released before validation loss. Resources: rss=2176.1MB, peak_rss=2654.9MB, cuda_alloc=360.6MB, cuda_reserved=500.0MB, cuda_peak_alloc=360.6MB, cuda_free=47467.8MB, cuda_total=48519.1MB
[2026-06-11 19:36:11] Epoch 16 validation loss completed: 0.4746. Resources: rss=2175.7MB, peak_rss=2654.9MB, cuda_alloc=360.6MB, cuda_reserved=11226.0MB, cuda_peak_alloc=2034.0MB, cuda_free=36741.8MB, cuda_total=48519.1MB
[2026-06-11 19:36:11] Epoch 16 cache released before detection metrics. Resources: rss=2175.7MB, peak_rss=2654.9MB, cuda_alloc=360.6MB, cuda_reserved=500.0MB, cuda_peak_alloc=360.6MB, cuda_free=47467.8MB, cuda_total=48519.1MB
[2026-06-11 19:36:42] Epoch 16 prediction tensors moved to CPU. Computing metrics. Resources: rss=2175.5MB, peak_rss=2654.9MB, cuda_alloc=360.6MB, cuda_reserved=500.0MB, cuda_peak_alloc=360.6MB, cuda_free=47467.8MB, cuda_total=48519.1MB
[2026-06-11 19:36:42] Epoch 16 metrics computed (mAP@0.5 only). Saving artifacts. Resources: rss=2177.3MB, peak_rss=2654.9MB, cuda_alloc=360.6MB, cuda_reserved=500.0MB, cuda_peak_alloc=360.6MB, cuda_free=47467.8MB, cuda_total=48519.1MB
[2026-06-11 19:36:43] Epoch 16 did not improve mAP@0.5 enough. Early stopping counter: 1/10.
Epoch [16/50]
├── Train Loss : 0.2383
│   ├── loss_classifier  : 0.1307
│   ├── loss_box_reg     : 0.1076
│   ├── loss_objectness  : 0.0000
│   └── loss_rpn_box_reg : 0.0000
├── Val Loss   : 0.4746
├── mAP@0.5    : 0.7694
├── mAP@0.75   : n/a
├── mAP@0.5:0.95 : n/a
├── Precision  : 0.0724
├── Recall     : 0.9337
├── GT Boxes   : 2021
├── Predictions: 26073
├── Per-class AP
│   ├── person  : AP50=0.8051, AP75=n/a, AP50:95=n/a, P=0.1059, R=0.9395
│   ├── car     : AP50=0.7883, AP75=n/a, AP50:95=n/a, P=0.0546, R=0.9541
│   ├── dog     : AP50=0.8409, AP75=n/a, AP50:95=n/a, P=0.0674, R=0.9466
│   ├── cat     : AP50=0.8880, AP75=n/a, AP50:95=n/a, P=0.0678, R=0.9716
│   └── chair   : AP50=0.5245, AP75=n/a, AP50:95=n/a, P=0.0391, R=0.8582
├── LR         : 0.000831
└── Time       : 480.2s
[2026-06-11 19:36:43] Epoch [16/50] completed. Resources: rss=2175.2MB, peak_rss=2654.9MB, cuda_alloc=360.6MB, cuda_reserved=500.0MB, cuda_peak_alloc=360.6MB, cuda_free=47467.8MB, cuda_total=48519.1MB
[2026-06-11 19:36:43] Epoch [17/50] started. Resources: rss=2175.2MB, peak_rss=2654.9MB, cuda_alloc=360.6MB, cuda_reserved=500.0MB, cuda_peak_alloc=360.6MB, cuda_free=47467.8MB, cuda_total=48519.1MB
[2026-06-11 19:36:48] Epoch 17 train batch [20/1875] loss=0.3101 avg_loss=0.2235. Resources: rss=2183.8MB, peak_rss=2654.9MB, cuda_alloc=360.6MB, cuda_reserved=30116.0MB, cuda_peak_alloc=7061.9MB, cuda_free=17851.8MB, cuda_total=48519.1MB
[2026-06-11 19:36:53] Epoch 17 train batch [40/1875] loss=0.2960 avg_loss=0.2167. Resources: rss=2184.2MB, peak_rss=2654.9MB, cuda_alloc=360.6MB, cuda_reserved=30116.0MB, cuda_peak_alloc=7061.9MB, cuda_free=17851.8MB, cuda_total=48519.1MB
[2026-06-11 19:36:57] Epoch 17 train batch [60/1875] loss=0.0780 avg_loss=0.2225. Resources: rss=2184.1MB, peak_rss=2654.9MB, cuda_alloc=360.6MB, cuda_reserved=45796.0MB, cuda_peak_alloc=7062.1MB, cuda_free=2171.8MB, cuda_total=48519.1MB
[2026-06-11 19:37:01] Epoch 17 train batch [80/1875] loss=0.2768 avg_loss=0.2227. Resources: rss=2184.5MB, peak_rss=2654.9MB, cuda_alloc=360.6MB, cuda_reserved=45796.0MB, cuda_peak_alloc=7062.1MB, cuda_free=2171.8MB, cuda_total=48519.1MB
[2026-06-11 19:37:05] Epoch 17 train batch [100/1875] loss=0.1947 avg_loss=0.2242. Resources: rss=2183.4MB, peak_rss=2654.9MB, cuda_alloc=360.6MB, cuda_reserved=45796.0MB, cuda_peak_alloc=7062.1MB, cuda_free=2171.8MB, cuda_total=48519.1MB
[2026-06-11 19:37:10] Epoch 17 train batch [120/1875] loss=0.1863 avg_loss=0.2205. Resources: rss=2184.0MB, peak_rss=2654.9MB, cuda_alloc=360.6MB, cuda_reserved=45796.0MB, cuda_peak_alloc=7062.1MB, cuda_free=2171.8MB, cuda_total=48519.1MB
[2026-06-11 19:37:14] Epoch 17 train batch [140/1875] loss=0.1487 avg_loss=0.2197. Resources: rss=2184.4MB, peak_rss=2654.9MB, cuda_alloc=360.6MB, cuda_reserved=45796.0MB, cuda_peak_alloc=7062.1MB, cuda_free=2171.8MB, cuda_total=48519.1MB
[2026-06-11 19:37:18] Epoch 17 train batch [160/1875] loss=0.2923 avg_loss=0.2218. Resources: rss=2184.8MB, peak_rss=2654.9MB, cuda_alloc=360.6MB, cuda_reserved=45796.0MB, cuda_peak_alloc=7062.1MB, cuda_free=2171.8MB, cuda_total=48519.1MB
[2026-06-11 19:37:22] Epoch 17 train batch [180/1875] loss=0.0681 avg_loss=0.2223. Resources: rss=2184.7MB, peak_rss=2654.9MB, cuda_alloc=360.6MB, cuda_reserved=45796.0MB, cuda_peak_alloc=7062.3MB, cuda_free=2171.8MB, cuda_total=48519.1MB
[2026-06-11 19:37:26] Epoch 17 train batch [200/1875] loss=0.1864 avg_loss=0.2191. Resources: rss=2184.1MB, peak_rss=2654.9MB, cuda_alloc=360.6MB, cuda_reserved=46056.0MB, cuda_peak_alloc=7062.3MB, cuda_free=1911.8MB, cuda_total=48519.1MB
[2026-06-11 19:37:30] Epoch 17 train batch [220/1875] loss=0.1310 avg_loss=0.2198. Resources: rss=2183.7MB, peak_rss=2654.9MB, cuda_alloc=360.6MB, cuda_reserved=46056.0MB, cuda_peak_alloc=7062.3MB, cuda_free=1911.8MB, cuda_total=48519.1MB
[2026-06-11 19:37:34] Epoch 17 train batch [240/1875] loss=0.1657 avg_loss=0.2178. Resources: rss=2184.8MB, peak_rss=2654.9MB, cuda_alloc=360.6MB, cuda_reserved=46056.0MB, cuda_peak_alloc=7062.3MB, cuda_free=1911.8MB, cuda_total=48519.1MB
[2026-06-11 19:37:38] Epoch 17 train batch [260/1875] loss=0.1296 avg_loss=0.2163. Resources: rss=2185.1MB, peak_rss=2654.9MB, cuda_alloc=360.6MB, cuda_reserved=46056.0MB, cuda_peak_alloc=7062.3MB, cuda_free=1911.8MB, cuda_total=48519.1MB
[2026-06-11 19:37:43] Epoch 17 train batch [280/1875] loss=0.1774 avg_loss=0.2148. Resources: rss=2184.3MB, peak_rss=2654.9MB, cuda_alloc=360.6MB, cuda_reserved=46056.0MB, cuda_peak_alloc=7062.3MB, cuda_free=1911.8MB, cuda_total=48519.1MB
[2026-06-11 19:37:47] Epoch 17 train batch [300/1875] loss=0.2173 avg_loss=0.2155. Resources: rss=2184.1MB, peak_rss=2654.9MB, cuda_alloc=360.6MB, cuda_reserved=46056.0MB, cuda_peak_alloc=7062.3MB, cuda_free=1911.8MB, cuda_total=48519.1MB
[2026-06-11 19:37:51] Epoch 17 train batch [320/1875] loss=0.4118 avg_loss=0.2172. Resources: rss=2184.1MB, peak_rss=2654.9MB, cuda_alloc=360.6MB, cuda_reserved=46056.0MB, cuda_peak_alloc=7062.3MB, cuda_free=1911.8MB, cuda_total=48519.1MB
[2026-06-11 19:37:55] Epoch 17 train batch [340/1875] loss=0.1843 avg_loss=0.2152. Resources: rss=2183.0MB, peak_rss=2654.9MB, cuda_alloc=360.6MB, cuda_reserved=46056.0MB, cuda_peak_alloc=7062.3MB, cuda_free=1911.8MB, cuda_total=48519.1MB
[2026-06-11 19:37:59] Epoch 17 train batch [360/1875] loss=0.1475 avg_loss=0.2156. Resources: rss=2184.3MB, peak_rss=2654.9MB, cuda_alloc=360.6MB, cuda_reserved=46056.0MB, cuda_peak_alloc=7062.3MB, cuda_free=1911.8MB, cuda_total=48519.1MB
[2026-06-11 19:38:03] Epoch 17 train batch [380/1875] loss=0.0998 avg_loss=0.2172. Resources: rss=2184.6MB, peak_rss=2654.9MB, cuda_alloc=360.6MB, cuda_reserved=46056.0MB, cuda_peak_alloc=7062.3MB, cuda_free=1911.8MB, cuda_total=48519.1MB
[2026-06-11 19:38:08] Epoch 17 train batch [400/1875] loss=0.0595 avg_loss=0.2170. Resources: rss=2184.9MB, peak_rss=2654.9MB, cuda_alloc=360.6MB, cuda_reserved=46056.0MB, cuda_peak_alloc=7062.3MB, cuda_free=1911.8MB, cuda_total=48519.1MB
[2026-06-11 19:38:12] Epoch 17 train batch [420/1875] loss=0.2277 avg_loss=0.2162. Resources: rss=2184.6MB, peak_rss=2654.9MB, cuda_alloc=360.6MB, cuda_reserved=46056.0MB, cuda_peak_alloc=7062.3MB, cuda_free=1911.8MB, cuda_total=48519.1MB
[2026-06-11 19:38:16] Epoch 17 train batch [440/1875] loss=0.0605 avg_loss=0.2156. Resources: rss=2184.1MB, peak_rss=2654.9MB, cuda_alloc=360.6MB, cuda_reserved=46056.0MB, cuda_peak_alloc=7062.3MB, cuda_free=1911.8MB, cuda_total=48519.1MB
[2026-06-11 19:38:21] Epoch 17 train batch [460/1875] loss=0.2700 avg_loss=0.2160. Resources: rss=2184.3MB, peak_rss=2654.9MB, cuda_alloc=360.6MB, cuda_reserved=46056.0MB, cuda_peak_alloc=7062.6MB, cuda_free=1911.8MB, cuda_total=48519.1MB
[2026-06-11 19:38:25] Epoch 17 train batch [480/1875] loss=0.1208 avg_loss=0.2158. Resources: rss=2184.3MB, peak_rss=2654.9MB, cuda_alloc=360.6MB, cuda_reserved=46056.0MB, cuda_peak_alloc=7062.6MB, cuda_free=1911.8MB, cuda_total=48519.1MB
[2026-06-11 19:38:29] Epoch 17 train batch [500/1875] loss=0.1951 avg_loss=0.2146. Resources: rss=2183.9MB, peak_rss=2654.9MB, cuda_alloc=360.6MB, cuda_reserved=46056.0MB, cuda_peak_alloc=7062.6MB, cuda_free=1911.8MB, cuda_total=48519.1MB
[2026-06-11 19:38:33] Epoch 17 train batch [520/1875] loss=0.2375 avg_loss=0.2157. Resources: rss=2183.5MB, peak_rss=2654.9MB, cuda_alloc=360.6MB, cuda_reserved=46056.0MB, cuda_peak_alloc=7062.6MB, cuda_free=1911.8MB, cuda_total=48519.1MB
[2026-06-11 19:38:37] Epoch 17 train batch [540/1875] loss=0.1141 avg_loss=0.2152. Resources: rss=2184.1MB, peak_rss=2654.9MB, cuda_alloc=360.6MB, cuda_reserved=46056.0MB, cuda_peak_alloc=7062.6MB, cuda_free=1911.8MB, cuda_total=48519.1MB
[2026-06-11 19:38:42] Epoch 17 train batch [560/1875] loss=0.1355 avg_loss=0.2156. Resources: rss=2184.6MB, peak_rss=2654.9MB, cuda_alloc=360.6MB, cuda_reserved=20056.0MB, cuda_peak_alloc=7062.6MB, cuda_free=27911.8MB, cuda_total=48519.1MB
[2026-06-11 19:38:48] Epoch 17 train batch [580/1875] loss=0.1776 avg_loss=0.2160. Resources: rss=2184.4MB, peak_rss=2654.9MB, cuda_alloc=360.6MB, cuda_reserved=44776.0MB, cuda_peak_alloc=7062.6MB, cuda_free=3191.8MB, cuda_total=48519.1MB
[2026-06-11 19:38:53] Epoch 17 train batch [600/1875] loss=0.0981 avg_loss=0.2165. Resources: rss=2185.4MB, peak_rss=2654.9MB, cuda_alloc=360.6MB, cuda_reserved=45376.0MB, cuda_peak_alloc=7062.6MB, cuda_free=2591.8MB, cuda_total=48519.1MB
[2026-06-11 19:39:00] Epoch 17 train batch [620/1875] loss=0.1049 avg_loss=0.2166. Resources: rss=2183.3MB, peak_rss=2654.9MB, cuda_alloc=360.6MB, cuda_reserved=21636.0MB, cuda_peak_alloc=7062.6MB, cuda_free=26331.8MB, cuda_total=48519.1MB
[2026-06-11 19:39:04] Epoch 17 train batch [640/1875] loss=0.2421 avg_loss=0.2176. Resources: rss=2183.5MB, peak_rss=2654.9MB, cuda_alloc=360.6MB, cuda_reserved=39256.0MB, cuda_peak_alloc=7062.6MB, cuda_free=8711.8MB, cuda_total=48519.1MB
[2026-06-11 19:39:10] Epoch 17 train batch [660/1875] loss=0.1185 avg_loss=0.2174. Resources: rss=2183.6MB, peak_rss=2654.9MB, cuda_alloc=360.6MB, cuda_reserved=13636.0MB, cuda_peak_alloc=7062.6MB, cuda_free=34331.8MB, cuda_total=48519.1MB
[2026-06-11 19:39:15] Epoch 17 train batch [680/1875] loss=0.1367 avg_loss=0.2187. Resources: rss=2184.3MB, peak_rss=2654.9MB, cuda_alloc=360.6MB, cuda_reserved=34936.0MB, cuda_peak_alloc=7062.6MB, cuda_free=13031.8MB, cuda_total=48519.1MB
[2026-06-11 19:39:19] Epoch 17 train batch [700/1875] loss=0.1880 avg_loss=0.2183. Resources: rss=2185.1MB, peak_rss=2654.9MB, cuda_alloc=360.6MB, cuda_reserved=45716.0MB, cuda_peak_alloc=7062.6MB, cuda_free=2251.8MB, cuda_total=48519.1MB
[2026-06-11 19:39:23] Epoch 17 train batch [720/1875] loss=0.1365 avg_loss=0.2182. Resources: rss=2183.1MB, peak_rss=2654.9MB, cuda_alloc=360.6MB, cuda_reserved=45716.0MB, cuda_peak_alloc=7062.6MB, cuda_free=2251.8MB, cuda_total=48519.1MB
[2026-06-11 19:39:27] Epoch 17 train batch [740/1875] loss=0.2095 avg_loss=0.2173. Resources: rss=2183.8MB, peak_rss=2654.9MB, cuda_alloc=360.6MB, cuda_reserved=45716.0MB, cuda_peak_alloc=7062.6MB, cuda_free=2251.8MB, cuda_total=48519.1MB
[2026-06-11 19:39:31] Epoch 17 train batch [760/1875] loss=0.2900 avg_loss=0.2173. Resources: rss=2185.2MB, peak_rss=2654.9MB, cuda_alloc=360.6MB, cuda_reserved=45716.0MB, cuda_peak_alloc=7062.6MB, cuda_free=2251.8MB, cuda_total=48519.1MB
[2026-06-11 19:39:35] Epoch 17 train batch [780/1875] loss=0.2022 avg_loss=0.2174. Resources: rss=2184.2MB, peak_rss=2654.9MB, cuda_alloc=360.6MB, cuda_reserved=45716.0MB, cuda_peak_alloc=7062.6MB, cuda_free=2251.8MB, cuda_total=48519.1MB
[2026-06-11 19:39:40] Epoch 17 train batch [800/1875] loss=0.2017 avg_loss=0.2169. Resources: rss=2184.4MB, peak_rss=2654.9MB, cuda_alloc=360.6MB, cuda_reserved=45716.0MB, cuda_peak_alloc=7062.6MB, cuda_free=2251.8MB, cuda_total=48519.1MB
[2026-06-11 19:39:44] Epoch 17 train batch [820/1875] loss=3.5031 avg_loss=0.2205. Resources: rss=2184.3MB, peak_rss=2654.9MB, cuda_alloc=351.4MB, cuda_reserved=45716.0MB, cuda_peak_alloc=7062.6MB, cuda_free=2251.8MB, cuda_total=48519.1MB
[2026-06-11 19:39:48] Epoch 17 train batch [840/1875] loss=0.1420 avg_loss=0.2203. Resources: rss=2183.6MB, peak_rss=2654.9MB, cuda_alloc=360.6MB, cuda_reserved=45716.0MB, cuda_peak_alloc=7062.6MB, cuda_free=2251.8MB, cuda_total=48519.1MB
[2026-06-11 19:39:52] Epoch 17 train batch [860/1875] loss=0.3551 avg_loss=0.2203. Resources: rss=2185.0MB, peak_rss=2654.9MB, cuda_alloc=360.6MB, cuda_reserved=45716.0MB, cuda_peak_alloc=7062.6MB, cuda_free=2251.8MB, cuda_total=48519.1MB
[2026-06-11 19:39:57] Epoch 17 train batch [880/1875] loss=0.0516 avg_loss=0.2201. Resources: rss=2184.6MB, peak_rss=2654.9MB, cuda_alloc=360.6MB, cuda_reserved=45716.0MB, cuda_peak_alloc=7062.6MB, cuda_free=2251.8MB, cuda_total=48519.1MB
[2026-06-11 19:40:01] Epoch 17 train batch [900/1875] loss=0.1359 avg_loss=0.2195. Resources: rss=2184.1MB, peak_rss=2654.9MB, cuda_alloc=360.6MB, cuda_reserved=45716.0MB, cuda_peak_alloc=7062.6MB, cuda_free=2251.8MB, cuda_total=48519.1MB
[2026-06-11 19:40:05] Epoch 17 train batch [920/1875] loss=0.1128 avg_loss=0.2191. Resources: rss=2183.9MB, peak_rss=2654.9MB, cuda_alloc=360.6MB, cuda_reserved=45716.0MB, cuda_peak_alloc=7062.6MB, cuda_free=2251.8MB, cuda_total=48519.1MB
[2026-06-11 19:40:09] Epoch 17 train batch [940/1875] loss=0.1870 avg_loss=0.2195. Resources: rss=2184.2MB, peak_rss=2654.9MB, cuda_alloc=360.6MB, cuda_reserved=45716.0MB, cuda_peak_alloc=7062.6MB, cuda_free=2251.8MB, cuda_total=48519.1MB
[2026-06-11 19:40:13] Epoch 17 train batch [960/1875] loss=0.1687 avg_loss=0.2193. Resources: rss=2184.2MB, peak_rss=2654.9MB, cuda_alloc=360.6MB, cuda_reserved=45716.0MB, cuda_peak_alloc=7062.6MB, cuda_free=2251.8MB, cuda_total=48519.1MB
[2026-06-11 19:40:17] Epoch 17 train batch [980/1875] loss=0.3238 avg_loss=0.2203. Resources: rss=2183.9MB, peak_rss=2654.9MB, cuda_alloc=360.6MB, cuda_reserved=47396.0MB, cuda_peak_alloc=7062.6MB, cuda_free=571.8MB, cuda_total=48519.1MB
[2026-06-11 19:40:22] Epoch 17 train batch [1000/1875] loss=0.3799 avg_loss=0.2208. Resources: rss=2183.6MB, peak_rss=2654.9MB, cuda_alloc=360.6MB, cuda_reserved=47396.0MB, cuda_peak_alloc=7062.6MB, cuda_free=571.8MB, cuda_total=48519.1MB
[2026-06-11 19:40:26] Epoch 17 train batch [1020/1875] loss=0.2731 avg_loss=0.2211. Resources: rss=2184.6MB, peak_rss=2654.9MB, cuda_alloc=360.6MB, cuda_reserved=47396.0MB, cuda_peak_alloc=7062.6MB, cuda_free=571.8MB, cuda_total=48519.1MB
[2026-06-11 19:40:30] Epoch 17 train batch [1040/1875] loss=0.2533 avg_loss=0.2214. Resources: rss=2184.2MB, peak_rss=2654.9MB, cuda_alloc=360.6MB, cuda_reserved=47396.0MB, cuda_peak_alloc=7062.6MB, cuda_free=571.8MB, cuda_total=48519.1MB
[2026-06-11 19:40:34] Epoch 17 train batch [1060/1875] loss=0.3648 avg_loss=0.2210. Resources: rss=2184.3MB, peak_rss=2654.9MB, cuda_alloc=360.6MB, cuda_reserved=47396.0MB, cuda_peak_alloc=7062.6MB, cuda_free=571.8MB, cuda_total=48519.1MB
[2026-06-11 19:40:38] Epoch 17 train batch [1080/1875] loss=0.1660 avg_loss=0.2213. Resources: rss=2182.6MB, peak_rss=2654.9MB, cuda_alloc=360.6MB, cuda_reserved=47396.0MB, cuda_peak_alloc=7062.6MB, cuda_free=571.8MB, cuda_total=48519.1MB
[2026-06-11 19:40:43] Epoch 17 train batch [1100/1875] loss=0.4303 avg_loss=0.2228. Resources: rss=2183.7MB, peak_rss=2654.9MB, cuda_alloc=360.6MB, cuda_reserved=47396.0MB, cuda_peak_alloc=7062.6MB, cuda_free=571.8MB, cuda_total=48519.1MB
[2026-06-11 19:40:47] Epoch 17 train batch [1120/1875] loss=0.4750 avg_loss=0.2235. Resources: rss=2184.0MB, peak_rss=2654.9MB, cuda_alloc=360.6MB, cuda_reserved=47396.0MB, cuda_peak_alloc=7062.6MB, cuda_free=571.8MB, cuda_total=48519.1MB
[2026-06-11 19:40:52] Epoch 17 train batch [1140/1875] loss=0.3828 avg_loss=0.2235. Resources: rss=2183.6MB, peak_rss=2654.9MB, cuda_alloc=360.6MB, cuda_reserved=27656.0MB, cuda_peak_alloc=7062.6MB, cuda_free=20311.8MB, cuda_total=48519.1MB
[2026-06-11 19:40:57] Epoch 17 train batch [1160/1875] loss=0.3151 avg_loss=0.2242. Resources: rss=2183.4MB, peak_rss=2654.9MB, cuda_alloc=360.6MB, cuda_reserved=35956.0MB, cuda_peak_alloc=7062.6MB, cuda_free=12011.8MB, cuda_total=48519.1MB
[2026-06-11 19:41:01] Epoch 17 train batch [1180/1875] loss=0.1780 avg_loss=0.2250. Resources: rss=2184.0MB, peak_rss=2654.9MB, cuda_alloc=360.6MB, cuda_reserved=42316.0MB, cuda_peak_alloc=7062.6MB, cuda_free=5651.8MB, cuda_total=48519.1MB
[2026-06-11 19:41:06] Epoch 17 train batch [1200/1875] loss=0.1415 avg_loss=0.2252. Resources: rss=2183.8MB, peak_rss=2654.9MB, cuda_alloc=360.6MB, cuda_reserved=42316.0MB, cuda_peak_alloc=7062.6MB, cuda_free=5651.8MB, cuda_total=48519.1MB
[2026-06-11 19:41:10] Epoch 17 train batch [1220/1875] loss=0.2054 avg_loss=0.2249. Resources: rss=2184.7MB, peak_rss=2654.9MB, cuda_alloc=360.6MB, cuda_reserved=42316.0MB, cuda_peak_alloc=7062.6MB, cuda_free=5651.8MB, cuda_total=48519.1MB
[2026-06-11 19:41:14] Epoch 17 train batch [1240/1875] loss=0.2695 avg_loss=0.2248. Resources: rss=2184.1MB, peak_rss=2654.9MB, cuda_alloc=360.6MB, cuda_reserved=42316.0MB, cuda_peak_alloc=7062.6MB, cuda_free=5651.8MB, cuda_total=48519.1MB
[2026-06-11 19:41:18] Epoch 17 train batch [1260/1875] loss=0.1269 avg_loss=0.2244. Resources: rss=2184.3MB, peak_rss=2654.9MB, cuda_alloc=360.6MB, cuda_reserved=42316.0MB, cuda_peak_alloc=7062.6MB, cuda_free=5651.8MB, cuda_total=48519.1MB
[2026-06-11 19:41:22] Epoch 17 train batch [1280/1875] loss=0.3889 avg_loss=0.2244. Resources: rss=2184.6MB, peak_rss=2654.9MB, cuda_alloc=360.6MB, cuda_reserved=42316.0MB, cuda_peak_alloc=7062.6MB, cuda_free=5651.8MB, cuda_total=48519.1MB
[2026-06-11 19:41:26] Epoch 17 train batch [1300/1875] loss=0.2428 avg_loss=0.2243. Resources: rss=2184.8MB, peak_rss=2654.9MB, cuda_alloc=360.6MB, cuda_reserved=42316.0MB, cuda_peak_alloc=7062.6MB, cuda_free=5651.8MB, cuda_total=48519.1MB
[2026-06-11 19:41:31] Epoch 17 train batch [1320/1875] loss=0.2249 avg_loss=0.2246. Resources: rss=2185.2MB, peak_rss=2654.9MB, cuda_alloc=360.6MB, cuda_reserved=46716.0MB, cuda_peak_alloc=7062.6MB, cuda_free=1251.8MB, cuda_total=48519.1MB
[2026-06-11 19:41:35] Epoch 17 train batch [1340/1875] loss=0.2212 avg_loss=0.2242. Resources: rss=2184.9MB, peak_rss=2654.9MB, cuda_alloc=360.6MB, cuda_reserved=46716.0MB, cuda_peak_alloc=7062.6MB, cuda_free=1251.8MB, cuda_total=48519.1MB
[2026-06-11 19:41:40] Epoch 17 train batch [1360/1875] loss=0.3351 avg_loss=0.2245. Resources: rss=2185.3MB, peak_rss=2654.9MB, cuda_alloc=360.6MB, cuda_reserved=46716.0MB, cuda_peak_alloc=7062.6MB, cuda_free=1251.8MB, cuda_total=48519.1MB
[2026-06-11 19:41:44] Epoch 17 train batch [1380/1875] loss=0.1100 avg_loss=0.2242. Resources: rss=2186.0MB, peak_rss=2654.9MB, cuda_alloc=360.6MB, cuda_reserved=46716.0MB, cuda_peak_alloc=7062.6MB, cuda_free=1251.8MB, cuda_total=48519.1MB
[2026-06-11 19:41:48] Epoch 17 train batch [1400/1875] loss=0.1613 avg_loss=0.2241. Resources: rss=2185.1MB, peak_rss=2654.9MB, cuda_alloc=360.6MB, cuda_reserved=46716.0MB, cuda_peak_alloc=7062.6MB, cuda_free=1251.8MB, cuda_total=48519.1MB
[2026-06-11 19:41:52] Epoch 17 train batch [1420/1875] loss=0.1683 avg_loss=0.2248. Resources: rss=2183.7MB, peak_rss=2654.9MB, cuda_alloc=360.6MB, cuda_reserved=46716.0MB, cuda_peak_alloc=7062.6MB, cuda_free=1251.8MB, cuda_total=48519.1MB
