========== Training Session ==========
Started: 20260603-051553
Run name: 02_color_jitter
Device: cuda:1
CUDA: NVIDIA GeForce RTX 4090 (47.38 GB)
Torch: 2.7.1+cu126
Classes: person, car, dog, cat, chair
Train dataset: 7500 images, 10642 boxes, 2500 empty images
Val dataset: 1500 images, 2021 boxes, 500 empty images
Train class counts: {'dog': 1028, 'person': 5829, 'chair': 1613, 'cat': 833, 'car': 1339}
Val class counts: {'dog': 206, 'chair': 282, 'person': 1074, 'car': 283, 'cat': 176}
Model: Faster R-CNN resnet50 FPN (41,097,261/41,319,661 trainable/total params)
Hyperparams: epochs=30, batch_size=4, lr=0.001, lr_milestones=[15, 25], lr_gamma=0.1, backbone=resnet50, min_size=512, max_size=768, score_threshold=0.5, augmentation=True, early_stopping=True, early_stopping_patience=7, early_stopping_min_delta=0.001, num_workers=2, log_interval=20
Saved results dir: saved_results/augmentation_ablation/02_color_jitter
Checkpoint dir: saved_results/augmentation_ablation/02_color_jitter/checkpoints
Best checkpoint: saved_results/augmentation_ablation/02_color_jitter/checkpoints/best_model-20260603-051553.pth
Last checkpoint: saved_results/augmentation_ablation/02_color_jitter/checkpoints/last_model-20260603-051553.pth
Log dir: saved_results/augmentation_ablation/02_color_jitter/logs
=====================================
[2026-06-03 05:15:53] Training session initialized.
[2026-06-03 05:15:55] Epoch [01/30] started.
[2026-06-03 05:15:57] Epoch 01 train batch [20/1875] loss=0.2985 avg_loss=0.8015
[2026-06-03 05:15:59] Epoch 01 train batch [40/1875] loss=0.2399 avg_loss=0.5455
[2026-06-03 05:16:01] Epoch 01 train batch [60/1875] loss=0.3458 avg_loss=0.4773
[2026-06-03 05:16:03] Epoch 01 train batch [80/1875] loss=0.1305 avg_loss=0.4310
[2026-06-03 05:16:04] Epoch 01 train batch [100/1875] loss=0.1459 avg_loss=0.3927
[2026-06-03 05:16:06] Epoch 01 train batch [120/1875] loss=0.6055 avg_loss=0.3857
[2026-06-03 05:16:08] Epoch 01 train batch [140/1875] loss=0.6375 avg_loss=0.3713
[2026-06-03 05:16:09] Epoch 01 train batch [160/1875] loss=0.1398 avg_loss=0.3606
[2026-06-03 05:16:11] Epoch 01 train batch [180/1875] loss=0.2933 avg_loss=0.3596
[2026-06-03 05:16:13] Epoch 01 train batch [200/1875] loss=0.0705 avg_loss=0.3546
[2026-06-03 05:16:15] Epoch 01 train batch [220/1875] loss=0.1072 avg_loss=0.3458
[2026-06-03 05:16:16] Epoch 01 train batch [240/1875] loss=0.1797 avg_loss=0.3396
[2026-06-03 05:16:18] Epoch 01 train batch [260/1875] loss=0.2417 avg_loss=0.3368
[2026-06-03 05:16:20] Epoch 01 train batch [280/1875] loss=0.1691 avg_loss=0.3375
[2026-06-03 05:16:22] Epoch 01 train batch [300/1875] loss=0.2491 avg_loss=0.3376
[2026-06-03 05:16:23] Epoch 01 train batch [320/1875] loss=0.2951 avg_loss=0.3335
[2026-06-03 05:16:25] Epoch 01 train batch [340/1875] loss=0.5480 avg_loss=0.3314
[2026-06-03 05:16:27] Epoch 01 train batch [360/1875] loss=0.5808 avg_loss=0.3342
[2026-06-03 05:16:28] Epoch 01 train batch [380/1875] loss=0.1331 avg_loss=0.3336
[2026-06-03 05:16:30] Epoch 01 train batch [400/1875] loss=0.3859 avg_loss=0.3317
[2026-06-03 05:16:32] Epoch 01 train batch [420/1875] loss=0.3442 avg_loss=0.3309
[2026-06-03 05:16:34] Epoch 01 train batch [440/1875] loss=0.3237 avg_loss=0.3282
[2026-06-03 05:16:35] Epoch 01 train batch [460/1875] loss=0.0598 avg_loss=0.3278
[2026-06-03 05:16:37] Epoch 01 train batch [480/1875] loss=0.4271 avg_loss=0.3257
[2026-06-03 05:16:39] Epoch 01 train batch [500/1875] loss=0.2036 avg_loss=0.3234
[2026-06-03 05:16:41] Epoch 01 train batch [520/1875] loss=0.5166 avg_loss=0.3226
[2026-06-03 05:16:42] Epoch 01 train batch [540/1875] loss=0.3217 avg_loss=0.3221
[2026-06-03 05:16:44] Epoch 01 train batch [560/1875] loss=0.1420 avg_loss=0.3197
[2026-06-03 05:16:46] Epoch 01 train batch [580/1875] loss=0.2050 avg_loss=0.3197
[2026-06-03 05:16:48] Epoch 01 train batch [600/1875] loss=0.7151 avg_loss=0.3212
[2026-06-03 05:16:49] Epoch 01 train batch [620/1875] loss=0.4633 avg_loss=0.3207
[2026-06-03 05:16:51] Epoch 01 train batch [640/1875] loss=0.3076 avg_loss=0.3201
[2026-06-03 05:16:53] Epoch 01 train batch [660/1875] loss=0.2452 avg_loss=0.3187
[2026-06-03 05:16:55] Epoch 01 train batch [680/1875] loss=0.2177 avg_loss=0.3160
[2026-06-03 05:16:56] Epoch 01 train batch [700/1875] loss=0.3714 avg_loss=0.3151
[2026-06-03 05:16:58] Epoch 01 train batch [720/1875] loss=0.2769 avg_loss=0.3123
[2026-06-03 05:17:00] Epoch 01 train batch [740/1875] loss=0.2490 avg_loss=0.3115
[2026-06-03 05:17:02] Epoch 01 train batch [760/1875] loss=0.6035 avg_loss=0.3105
[2026-06-03 05:17:03] Epoch 01 train batch [780/1875] loss=0.1579 avg_loss=0.3106
[2026-06-03 05:17:05] Epoch 01 train batch [800/1875] loss=0.2490 avg_loss=0.3091
[2026-06-03 05:17:07] Epoch 01 train batch [820/1875] loss=0.3449 avg_loss=0.3067
[2026-06-03 05:17:09] Epoch 01 train batch [840/1875] loss=0.4477 avg_loss=0.3045
[2026-06-03 05:17:10] Epoch 01 train batch [860/1875] loss=0.2389 avg_loss=0.3032
[2026-06-03 05:17:12] Epoch 01 train batch [880/1875] loss=0.0622 avg_loss=0.3038
[2026-06-03 05:17:14] Epoch 01 train batch [900/1875] loss=0.3907 avg_loss=0.3022
[2026-06-03 05:17:16] Epoch 01 train batch [920/1875] loss=0.8531 avg_loss=0.3027
[2026-06-03 05:17:17] Epoch 01 train batch [940/1875] loss=0.2528 avg_loss=0.3022
[2026-06-03 05:17:19] Epoch 01 train batch [960/1875] loss=0.2873 avg_loss=0.3018
[2026-06-03 05:17:21] Epoch 01 train batch [980/1875] loss=0.3346 avg_loss=0.3013
[2026-06-03 05:17:23] Epoch 01 train batch [1000/1875] loss=0.1281 avg_loss=0.3003
[2026-06-03 05:17:24] Epoch 01 train batch [1020/1875] loss=0.2759 avg_loss=0.2990
[2026-06-03 05:17:26] Epoch 01 train batch [1040/1875] loss=0.3059 avg_loss=0.2985
[2026-06-03 05:17:28] Epoch 01 train batch [1060/1875] loss=0.1775 avg_loss=0.2985
[2026-06-03 05:17:30] Epoch 01 train batch [1080/1875] loss=0.1601 avg_loss=0.2971
[2026-06-03 05:17:31] Epoch 01 train batch [1100/1875] loss=0.5001 avg_loss=0.2960
[2026-06-03 05:17:33] Epoch 01 train batch [1120/1875] loss=0.3138 avg_loss=0.2952
[2026-06-03 05:17:35] Epoch 01 train batch [1140/1875] loss=0.1660 avg_loss=0.2946
[2026-06-03 05:17:37] Epoch 01 train batch [1160/1875] loss=0.3339 avg_loss=0.2942
[2026-06-03 05:17:38] Epoch 01 train batch [1180/1875] loss=0.0707 avg_loss=0.2937
[2026-06-03 05:17:40] Epoch 01 train batch [1200/1875] loss=0.2767 avg_loss=0.2926
[2026-06-03 05:17:42] Epoch 01 train batch [1220/1875] loss=0.0950 avg_loss=0.2924
[2026-06-03 05:17:44] Epoch 01 train batch [1240/1875] loss=0.0665 avg_loss=0.2919
[2026-06-03 05:17:45] Epoch 01 train batch [1260/1875] loss=0.2416 avg_loss=0.2914
[2026-06-03 05:17:47] Epoch 01 train batch [1280/1875] loss=0.2245 avg_loss=0.2915
[2026-06-03 05:17:49] Epoch 01 train batch [1300/1875] loss=0.1286 avg_loss=0.2910
[2026-06-03 05:17:51] Epoch 01 train batch [1320/1875] loss=0.1389 avg_loss=0.2904
[2026-06-03 05:17:52] Epoch 01 train batch [1340/1875] loss=0.1721 avg_loss=0.2900
[2026-06-03 05:17:54] Epoch 01 train batch [1360/1875] loss=0.4166 avg_loss=0.2895
[2026-06-03 05:17:56] Epoch 01 train batch [1380/1875] loss=0.1917 avg_loss=0.2890
[2026-06-03 05:17:58] Epoch 01 train batch [1400/1875] loss=0.2146 avg_loss=0.2888
[2026-06-03 05:17:59] Epoch 01 train batch [1420/1875] loss=0.5148 avg_loss=0.2882
[2026-06-03 05:18:01] Epoch 01 train batch [1440/1875] loss=0.2203 avg_loss=0.2873
[2026-06-03 05:18:03] Epoch 01 train batch [1460/1875] loss=0.2066 avg_loss=0.2868
[2026-06-03 05:18:04] Epoch 01 train batch [1480/1875] loss=0.2581 avg_loss=0.2855
[2026-06-03 05:18:06] Epoch 01 train batch [1500/1875] loss=0.2216 avg_loss=0.2848
[2026-06-03 05:18:08] Epoch 01 train batch [1520/1875] loss=0.1105 avg_loss=0.2846
[2026-06-03 05:18:10] Epoch 01 train batch [1540/1875] loss=0.3749 avg_loss=0.2843
[2026-06-03 05:18:11] Epoch 01 train batch [1560/1875] loss=0.1559 avg_loss=0.2838
[2026-06-03 05:18:13] Epoch 01 train batch [1580/1875] loss=0.0492 avg_loss=0.2836
[2026-06-03 05:18:15] Epoch 01 train batch [1600/1875] loss=0.3759 avg_loss=0.2826
[2026-06-03 05:18:16] Epoch 01 train batch [1620/1875] loss=0.2897 avg_loss=0.2827
[2026-06-03 05:18:18] Epoch 01 train batch [1640/1875] loss=0.2242 avg_loss=0.2821
[2026-06-03 05:18:20] Epoch 01 train batch [1660/1875] loss=0.0411 avg_loss=0.2813
[2026-06-03 05:18:22] Epoch 01 train batch [1680/1875] loss=0.1602 avg_loss=0.2804
[2026-06-03 05:18:24] Epoch 01 train batch [1700/1875] loss=0.3005 avg_loss=0.2797
[2026-06-03 05:18:25] Epoch 01 train batch [1720/1875] loss=0.5482 avg_loss=0.2796
[2026-06-03 05:18:27] Epoch 01 train batch [1740/1875] loss=0.1692 avg_loss=0.2802
[2026-06-03 05:18:29] Epoch 01 train batch [1760/1875] loss=0.2807 avg_loss=0.2792
[2026-06-03 05:18:30] Epoch 01 train batch [1780/1875] loss=0.1914 avg_loss=0.2792
[2026-06-03 05:18:32] Epoch 01 train batch [1800/1875] loss=0.1786 avg_loss=0.2789
[2026-06-03 05:18:34] Epoch 01 train batch [1820/1875] loss=0.1809 avg_loss=0.2788
[2026-06-03 05:18:36] Epoch 01 train batch [1840/1875] loss=0.2024 avg_loss=0.2785
[2026-06-03 05:18:37] Epoch 01 train batch [1860/1875] loss=0.3796 avg_loss=0.2776
[2026-06-03 05:18:39] Epoch 01 train batch [1875/1875] loss=0.2266 avg_loss=0.2772
[2026-06-03 05:18:39] Epoch 01 training completed. Computing validation loss.
[2026-06-03 05:18:56] Epoch 01 validation loss completed: 0.2259. Computing detection metrics.
[2026-06-03 05:19:13] Epoch 01 metrics computed. Saving artifacts.
[2026-06-03 05:19:14] Epoch 01 improved mAP@0.5 to 0.1340. Saved best checkpoint: best_model-20260603-051553.pth.
Epoch [01/30]
├── Train Loss : 0.2772
│   ├── loss_classifier  : 0.1133
│   ├── loss_box_reg     : 0.1108
│   ├── loss_objectness  : 0.0432
│   └── loss_rpn_box_reg : 0.0099
├── Val Loss   : 0.2259
├── mAP@0.5    : 0.1340
├── mAP@0.75   : 0.0111
├── mAP@0.5:0.95 : 0.0434
├── Precision  : 0.2694
├── Recall     : 0.4780
├── GT Boxes   : 2021
├── Predictions: 3586
├── Per-class AP
│   ├── person  : AP50=0.4795, AP75=0.0506, AP50:95=0.1638, P=0.2862, R=0.7812
│   ├── car     : AP50=0.0254, AP75=0.0037, AP50:95=0.0091, P=0.5500, R=0.0389
│   ├── dog     : AP50=0.0000, AP75=0.0000, AP50:95=0.0000, P=0.0000, R=0.0000
│   ├── cat     : AP50=0.0000, AP75=0.0000, AP50:95=0.0000, P=0.0000, R=0.0000
│   └── chair   : AP50=0.1651, AP75=0.0014, AP50:95=0.0442, P=0.1830, R=0.4113
├── LR         : 0.001000
└── Time       : 198.2s
[2026-06-03 05:19:14] Epoch [01/30] completed.
[2026-06-03 05:19:14] Epoch [02/30] started.
[2026-06-03 05:19:16] Epoch 02 train batch [20/1875] loss=0.0913 avg_loss=0.2435
[2026-06-03 05:19:18] Epoch 02 train batch [40/1875] loss=0.1901 avg_loss=0.2250
[2026-06-03 05:19:20] Epoch 02 train batch [60/1875] loss=0.3661 avg_loss=0.2315
[2026-06-03 05:19:21] Epoch 02 train batch [80/1875] loss=0.1848 avg_loss=0.2352
[2026-06-03 05:19:23] Epoch 02 train batch [100/1875] loss=0.4465 avg_loss=0.2369
[2026-06-03 05:19:25] Epoch 02 train batch [120/1875] loss=0.3546 avg_loss=0.2288
[2026-06-03 05:19:27] Epoch 02 train batch [140/1875] loss=0.6327 avg_loss=0.2387
[2026-06-03 05:19:28] Epoch 02 train batch [160/1875] loss=0.1474 avg_loss=0.2327
[2026-06-03 05:19:30] Epoch 02 train batch [180/1875] loss=0.0883 avg_loss=0.2313
[2026-06-03 05:19:32] Epoch 02 train batch [200/1875] loss=0.0039 avg_loss=0.2265
[2026-06-03 05:19:34] Epoch 02 train batch [220/1875] loss=0.0790 avg_loss=0.2267
[2026-06-03 05:19:35] Epoch 02 train batch [240/1875] loss=0.3447 avg_loss=0.2284
[2026-06-03 05:19:37] Epoch 02 train batch [260/1875] loss=0.4741 avg_loss=0.2307
[2026-06-03 05:19:39] Epoch 02 train batch [280/1875] loss=0.1314 avg_loss=0.2302
[2026-06-03 05:19:41] Epoch 02 train batch [300/1875] loss=0.2022 avg_loss=0.2326
[2026-06-03 05:19:42] Epoch 02 train batch [320/1875] loss=0.1475 avg_loss=0.2322
[2026-06-03 05:19:44] Epoch 02 train batch [340/1875] loss=0.1806 avg_loss=0.2308
[2026-06-03 05:19:46] Epoch 02 train batch [360/1875] loss=0.0664 avg_loss=0.2286
[2026-06-03 05:19:48] Epoch 02 train batch [380/1875] loss=0.1881 avg_loss=0.2255
[2026-06-03 05:19:49] Epoch 02 train batch [400/1875] loss=0.2941 avg_loss=0.2246
[2026-06-03 05:19:51] Epoch 02 train batch [420/1875] loss=0.2798 avg_loss=0.2257
[2026-06-03 05:19:53] Epoch 02 train batch [440/1875] loss=0.2114 avg_loss=0.2250
[2026-06-03 05:19:54] Epoch 02 train batch [460/1875] loss=0.1341 avg_loss=0.2278
[2026-06-03 05:19:56] Epoch 02 train batch [480/1875] loss=0.1032 avg_loss=0.2290
[2026-06-03 05:19:58] Epoch 02 train batch [500/1875] loss=0.0618 avg_loss=0.2293
[2026-06-03 05:19:59] Epoch 02 train batch [520/1875] loss=0.1072 avg_loss=0.2289
[2026-06-03 05:20:01] Epoch 02 train batch [540/1875] loss=0.6672 avg_loss=0.2305
[2026-06-03 05:20:03] Epoch 02 train batch [560/1875] loss=0.2520 avg_loss=0.2288
[2026-06-03 05:20:05] Epoch 02 train batch [580/1875] loss=0.0478 avg_loss=0.2277
[2026-06-03 05:20:06] Epoch 02 train batch [600/1875] loss=0.1661 avg_loss=0.2274
[2026-06-03 05:20:08] Epoch 02 train batch [620/1875] loss=0.0606 avg_loss=0.2266
[2026-06-03 05:20:10] Epoch 02 train batch [640/1875] loss=0.2384 avg_loss=0.2259
[2026-06-03 05:20:12] Epoch 02 train batch [660/1875] loss=0.1355 avg_loss=0.2252
[2026-06-03 05:20:13] Epoch 02 train batch [680/1875] loss=0.1098 avg_loss=0.2252
[2026-06-03 05:20:15] Epoch 02 train batch [700/1875] loss=0.0775 avg_loss=0.2249
[2026-06-03 05:20:17] Epoch 02 train batch [720/1875] loss=0.3730 avg_loss=0.2248
[2026-06-03 05:20:19] Epoch 02 train batch [740/1875] loss=0.1466 avg_loss=0.2257
[2026-06-03 05:20:20] Epoch 02 train batch [760/1875] loss=0.2121 avg_loss=0.2248
[2026-06-03 05:20:22] Epoch 02 train batch [780/1875] loss=0.1527 avg_loss=0.2242
[2026-06-03 05:20:24] Epoch 02 train batch [800/1875] loss=0.2985 avg_loss=0.2233
[2026-06-03 05:20:26] Epoch 02 train batch [820/1875] loss=0.2511 avg_loss=0.2221
[2026-06-03 05:20:28] Epoch 02 train batch [840/1875] loss=0.3109 avg_loss=0.2219
[2026-06-03 05:20:29] Epoch 02 train batch [860/1875] loss=0.2595 avg_loss=0.2220
[2026-06-03 05:20:31] Epoch 02 train batch [880/1875] loss=0.0674 avg_loss=0.2217
[2026-06-03 05:20:33] Epoch 02 train batch [900/1875] loss=0.1026 avg_loss=0.2209
[2026-06-03 05:20:35] Epoch 02 train batch [920/1875] loss=0.2760 avg_loss=0.2208
[2026-06-03 05:20:36] Epoch 02 train batch [940/1875] loss=0.4063 avg_loss=0.2217
[2026-06-03 05:20:38] Epoch 02 train batch [960/1875] loss=0.1248 avg_loss=0.2219
[2026-06-03 05:20:40] Epoch 02 train batch [980/1875] loss=0.1852 avg_loss=0.2215
[2026-06-03 05:20:42] Epoch 02 train batch [1000/1875] loss=0.1857 avg_loss=0.2219
[2026-06-03 05:20:43] Epoch 02 train batch [1020/1875] loss=0.4052 avg_loss=0.2223
[2026-06-03 05:20:45] Epoch 02 train batch [1040/1875] loss=0.0537 avg_loss=0.2226
[2026-06-03 05:20:47] Epoch 02 train batch [1060/1875] loss=0.1369 avg_loss=0.2224
[2026-06-03 05:20:49] Epoch 02 train batch [1080/1875] loss=0.0340 avg_loss=0.2234
[2026-06-03 05:20:50] Epoch 02 train batch [1100/1875] loss=0.1109 avg_loss=0.2235
[2026-06-03 05:20:52] Epoch 02 train batch [1120/1875] loss=0.4477 avg_loss=0.2237
[2026-06-03 05:20:54] Epoch 02 train batch [1140/1875] loss=0.2312 avg_loss=0.2239
[2026-06-03 05:20:55] Epoch 02 train batch [1160/1875] loss=0.3556 avg_loss=0.2244
[2026-06-03 05:20:57] Epoch 02 train batch [1180/1875] loss=0.0541 avg_loss=0.2240
[2026-06-03 05:20:59] Epoch 02 train batch [1200/1875] loss=0.3468 avg_loss=0.2236
[2026-06-03 05:21:01] Epoch 02 train batch [1220/1875] loss=0.0460 avg_loss=0.2227
[2026-06-03 05:21:03] Epoch 02 train batch [1240/1875] loss=0.1470 avg_loss=0.2222
[2026-06-03 05:21:04] Epoch 02 train batch [1260/1875] loss=0.1245 avg_loss=0.2231
[2026-06-03 05:21:06] Epoch 02 train batch [1280/1875] loss=0.2053 avg_loss=0.2235
[2026-06-03 05:21:08] Epoch 02 train batch [1300/1875] loss=0.3526 avg_loss=0.2239
[2026-06-03 05:21:10] Epoch 02 train batch [1320/1875] loss=0.1060 avg_loss=0.2237
[2026-06-03 05:21:12] Epoch 02 train batch [1340/1875] loss=0.0970 avg_loss=0.2229
[2026-06-03 05:21:13] Epoch 02 train batch [1360/1875] loss=0.0668 avg_loss=0.2230
[2026-06-03 05:21:15] Epoch 02 train batch [1380/1875] loss=0.1354 avg_loss=0.2229
[2026-06-03 05:21:17] Epoch 02 train batch [1400/1875] loss=0.1696 avg_loss=0.2232
[2026-06-03 05:21:19] Epoch 02 train batch [1420/1875] loss=0.0055 avg_loss=0.2234
[2026-06-03 05:21:20] Epoch 02 train batch [1440/1875] loss=0.1710 avg_loss=0.2238
[2026-06-03 05:21:22] Epoch 02 train batch [1460/1875] loss=0.1157 avg_loss=0.2235
[2026-06-03 05:21:24] Epoch 02 train batch [1480/1875] loss=0.2102 avg_loss=0.2232
[2026-06-03 05:21:25] Epoch 02 train batch [1500/1875] loss=0.1192 avg_loss=0.2228
[2026-06-03 05:21:27] Epoch 02 train batch [1520/1875] loss=0.4560 avg_loss=0.2231
[2026-06-03 05:21:29] Epoch 02 train batch [1540/1875] loss=0.2197 avg_loss=0.2222
[2026-06-03 05:21:31] Epoch 02 train batch [1560/1875] loss=0.1768 avg_loss=0.2224
[2026-06-03 05:21:32] Epoch 02 train batch [1580/1875] loss=0.0779 avg_loss=0.2226
[2026-06-03 05:21:34] Epoch 02 train batch [1600/1875] loss=0.1997 avg_loss=0.2228
[2026-06-03 05:21:36] Epoch 02 train batch [1620/1875] loss=0.2576 avg_loss=0.2231
[2026-06-03 05:21:38] Epoch 02 train batch [1640/1875] loss=0.4207 avg_loss=0.2228
[2026-06-03 05:21:39] Epoch 02 train batch [1660/1875] loss=0.2398 avg_loss=0.2232
[2026-06-03 05:21:41] Epoch 02 train batch [1680/1875] loss=0.2625 avg_loss=0.2231
[2026-06-03 05:21:43] Epoch 02 train batch [1700/1875] loss=0.6287 avg_loss=0.2235
[2026-06-03 05:21:45] Epoch 02 train batch [1720/1875] loss=0.4053 avg_loss=0.2232
[2026-06-03 05:21:46] Epoch 02 train batch [1740/1875] loss=0.1372 avg_loss=0.2228
[2026-06-03 05:21:48] Epoch 02 train batch [1760/1875] loss=0.0875 avg_loss=0.2226
[2026-06-03 05:21:50] Epoch 02 train batch [1780/1875] loss=0.1784 avg_loss=0.2219
[2026-06-03 05:21:52] Epoch 02 train batch [1800/1875] loss=0.2120 avg_loss=0.2219
[2026-06-03 05:21:53] Epoch 02 train batch [1820/1875] loss=0.4536 avg_loss=0.2224
[2026-06-03 05:21:55] Epoch 02 train batch [1840/1875] loss=0.3136 avg_loss=0.2224
[2026-06-03 05:21:57] Epoch 02 train batch [1860/1875] loss=0.5217 avg_loss=0.2233
[2026-06-03 05:21:58] Epoch 02 train batch [1875/1875] loss=0.0684 avg_loss=0.2229
[2026-06-03 05:21:58] Epoch 02 training completed. Computing validation loss.
[2026-06-03 05:22:16] Epoch 02 validation loss completed: 0.2075. Computing detection metrics.
[2026-06-03 05:22:33] Epoch 02 metrics computed. Saving artifacts.
[2026-06-03 05:22:34] Epoch 02 improved mAP@0.5 to 0.5221. Saved best checkpoint: best_model-20260603-051553.pth.
Epoch [02/30]
├── Train Loss : 0.2229
│   ├── loss_classifier  : 0.0812
│   ├── loss_box_reg     : 0.1152
│   ├── loss_objectness  : 0.0178
│   └── loss_rpn_box_reg : 0.0087
├── Val Loss   : 0.2075
├── mAP@0.5    : 0.5221
├── mAP@0.75   : 0.1160
├── mAP@0.5:0.95 : 0.2087
├── Precision  : 0.4456
├── Recall     : 0.7160
├── GT Boxes   : 2021
├── Predictions: 3247
├── Per-class AP
│   ├── person  : AP50=0.6776, AP75=0.1557, AP50:95=0.2788, P=0.5215, R=0.7905
│   ├── car     : AP50=0.3523, AP75=0.0466, AP50:95=0.1281, P=0.2855, R=0.5689
│   ├── dog     : AP50=0.5794, AP75=0.1368, AP50:95=0.2298, P=0.4258, R=0.7524
│   ├── cat     : AP50=0.7070, AP75=0.2074, AP50:95=0.3095, P=0.5668, R=0.7955
│   └── chair   : AP50=0.2944, AP75=0.0334, AP50:95=0.0975, P=0.3198, R=0.5035
├── LR         : 0.001000
└── Time       : 198.5s
[2026-06-03 05:22:34] Epoch [02/30] completed.
[2026-06-03 05:22:34] Epoch [03/30] started.
[2026-06-03 05:22:36] Epoch 03 train batch [20/1875] loss=0.0038 avg_loss=0.1994
[2026-06-03 05:22:38] Epoch 03 train batch [40/1875] loss=0.1779 avg_loss=0.2144
[2026-06-03 05:22:39] Epoch 03 train batch [60/1875] loss=0.3160 avg_loss=0.2268
[2026-06-03 05:22:41] Epoch 03 train batch [80/1875] loss=0.1243 avg_loss=0.2217
[2026-06-03 05:22:43] Epoch 03 train batch [100/1875] loss=0.2022 avg_loss=0.2154
[2026-06-03 05:22:45] Epoch 03 train batch [120/1875] loss=0.0303 avg_loss=0.2050
[2026-06-03 05:22:46] Epoch 03 train batch [140/1875] loss=0.0995 avg_loss=0.2068
[2026-06-03 05:22:48] Epoch 03 train batch [160/1875] loss=0.2528 avg_loss=0.2040
[2026-06-03 05:22:50] Epoch 03 train batch [180/1875] loss=0.0579 avg_loss=0.1987
[2026-06-03 05:22:52] Epoch 03 train batch [200/1875] loss=0.2355 avg_loss=0.1932
[2026-06-03 05:22:53] Epoch 03 train batch [220/1875] loss=0.2081 avg_loss=0.1971
[2026-06-03 05:22:55] Epoch 03 train batch [240/1875] loss=0.1016 avg_loss=0.1973
[2026-06-03 05:22:57] Epoch 03 train batch [260/1875] loss=0.2223 avg_loss=0.2000
[2026-06-03 05:22:59] Epoch 03 train batch [280/1875] loss=0.1635 avg_loss=0.2028
[2026-06-03 05:23:00] Epoch 03 train batch [300/1875] loss=0.3568 avg_loss=0.2022
[2026-06-03 05:23:02] Epoch 03 train batch [320/1875] loss=0.4227 avg_loss=0.2030
[2026-06-03 05:23:04] Epoch 03 train batch [340/1875] loss=0.0585 avg_loss=0.2039
[2026-06-03 05:23:05] Epoch 03 train batch [360/1875] loss=0.1161 avg_loss=0.2075
[2026-06-03 05:23:07] Epoch 03 train batch [380/1875] loss=0.1606 avg_loss=0.2097
[2026-06-03 05:23:09] Epoch 03 train batch [400/1875] loss=0.3477 avg_loss=0.2110
[2026-06-03 05:23:11] Epoch 03 train batch [420/1875] loss=0.3759 avg_loss=0.2120
[2026-06-03 05:23:12] Epoch 03 train batch [440/1875] loss=0.2183 avg_loss=0.2144
[2026-06-03 05:23:14] Epoch 03 train batch [460/1875] loss=0.1604 avg_loss=0.2142
[2026-06-03 05:23:16] Epoch 03 train batch [480/1875] loss=0.3320 avg_loss=0.2144
[2026-06-03 05:23:18] Epoch 03 train batch [500/1875] loss=0.2716 avg_loss=0.2122
[2026-06-03 05:23:20] Epoch 03 train batch [520/1875] loss=0.2836 avg_loss=0.2118
[2026-06-03 05:23:21] Epoch 03 train batch [540/1875] loss=0.2383 avg_loss=0.2121
[2026-06-03 05:23:23] Epoch 03 train batch [560/1875] loss=0.0979 avg_loss=0.2123
[2026-06-03 05:23:25] Epoch 03 train batch [580/1875] loss=0.2458 avg_loss=0.2135
[2026-06-03 05:23:27] Epoch 03 train batch [600/1875] loss=0.0555 avg_loss=0.2125
[2026-06-03 05:23:28] Epoch 03 train batch [620/1875] loss=0.3761 avg_loss=0.2132
[2026-06-03 05:23:30] Epoch 03 train batch [640/1875] loss=0.0069 avg_loss=0.2132
[2026-06-03 05:23:32] Epoch 03 train batch [660/1875] loss=0.2177 avg_loss=0.2130
[2026-06-03 05:23:34] Epoch 03 train batch [680/1875] loss=0.1074 avg_loss=0.2115
[2026-06-03 05:23:35] Epoch 03 train batch [700/1875] loss=0.1502 avg_loss=0.2111
[2026-06-03 05:23:37] Epoch 03 train batch [720/1875] loss=0.1742 avg_loss=0.2114
[2026-06-03 05:23:39] Epoch 03 train batch [740/1875] loss=0.2706 avg_loss=0.2111
[2026-06-03 05:23:41] Epoch 03 train batch [760/1875] loss=0.2729 avg_loss=0.2107
[2026-06-03 05:23:42] Epoch 03 train batch [780/1875] loss=0.0266 avg_loss=0.2095
[2026-06-03 05:23:44] Epoch 03 train batch [800/1875] loss=0.2067 avg_loss=0.2085
[2026-06-03 05:23:46] Epoch 03 train batch [820/1875] loss=0.1874 avg_loss=0.2081
[2026-06-03 05:23:47] Epoch 03 train batch [840/1875] loss=0.1657 avg_loss=0.2086
[2026-06-03 05:23:49] Epoch 03 train batch [860/1875] loss=0.1603 avg_loss=0.2085
[2026-06-03 05:23:51] Epoch 03 train batch [880/1875] loss=0.1344 avg_loss=0.2086
[2026-06-03 05:23:53] Epoch 03 train batch [900/1875] loss=0.3860 avg_loss=0.2091
[2026-06-03 05:23:54] Epoch 03 train batch [920/1875] loss=0.2284 avg_loss=0.2096
[2026-06-03 05:23:56] Epoch 03 train batch [940/1875] loss=0.1617 avg_loss=0.2091
[2026-06-03 05:23:58] Epoch 03 train batch [960/1875] loss=0.1632 avg_loss=0.2087
[2026-06-03 05:24:00] Epoch 03 train batch [980/1875] loss=0.2933 avg_loss=0.2091
[2026-06-03 05:24:01] Epoch 03 train batch [1000/1875] loss=0.1392 avg_loss=0.2085
[2026-06-03 05:24:03] Epoch 03 train batch [1020/1875] loss=0.1876 avg_loss=0.2082
[2026-06-03 05:24:05] Epoch 03 train batch [1040/1875] loss=0.1077 avg_loss=0.2082
[2026-06-03 05:24:07] Epoch 03 train batch [1060/1875] loss=0.3577 avg_loss=0.2088
[2026-06-03 05:24:08] Epoch 03 train batch [1080/1875] loss=0.0748 avg_loss=0.2091
[2026-06-03 05:24:10] Epoch 03 train batch [1100/1875] loss=0.1270 avg_loss=0.2093
[2026-06-03 05:24:12] Epoch 03 train batch [1120/1875] loss=0.4579 avg_loss=0.2089
[2026-06-03 05:24:14] Epoch 03 train batch [1140/1875] loss=0.1044 avg_loss=0.2092
[2026-06-03 05:24:15] Epoch 03 train batch [1160/1875] loss=0.6528 avg_loss=0.2099
[2026-06-03 05:24:17] Epoch 03 train batch [1180/1875] loss=0.3705 avg_loss=0.2102
[2026-06-03 05:24:19] Epoch 03 train batch [1200/1875] loss=0.3324 avg_loss=0.2100
[2026-06-03 05:24:20] Epoch 03 train batch [1220/1875] loss=0.3777 avg_loss=0.2101
[2026-06-03 05:24:22] Epoch 03 train batch [1240/1875] loss=0.1973 avg_loss=0.2099
[2026-06-03 05:24:24] Epoch 03 train batch [1260/1875] loss=0.1559 avg_loss=0.2098
[2026-06-03 05:24:26] Epoch 03 train batch [1280/1875] loss=0.2655 avg_loss=0.2095
[2026-06-03 05:24:27] Epoch 03 train batch [1300/1875] loss=0.2598 avg_loss=0.2101
[2026-06-03 05:24:29] Epoch 03 train batch [1320/1875] loss=0.5423 avg_loss=0.2101
[2026-06-03 05:24:31] Epoch 03 train batch [1340/1875] loss=0.1268 avg_loss=0.2097
[2026-06-03 05:24:33] Epoch 03 train batch [1360/1875] loss=0.2293 avg_loss=0.2087
[2026-06-03 05:24:34] Epoch 03 train batch [1380/1875] loss=0.1359 avg_loss=0.2082
[2026-06-03 05:24:36] Epoch 03 train batch [1400/1875] loss=0.1163 avg_loss=0.2082
[2026-06-03 05:24:38] Epoch 03 train batch [1420/1875] loss=0.1512 avg_loss=0.2081
[2026-06-03 05:24:40] Epoch 03 train batch [1440/1875] loss=0.0690 avg_loss=0.2084
[2026-06-03 05:24:42] Epoch 03 train batch [1460/1875] loss=0.2024 avg_loss=0.2082
[2026-06-03 05:24:43] Epoch 03 train batch [1480/1875] loss=0.0730 avg_loss=0.2080
[2026-06-03 05:24:45] Epoch 03 train batch [1500/1875] loss=0.1506 avg_loss=0.2079
[2026-06-03 05:24:47] Epoch 03 train batch [1520/1875] loss=0.4422 avg_loss=0.2080
[2026-06-03 05:24:49] Epoch 03 train batch [1540/1875] loss=0.2707 avg_loss=0.2082
[2026-06-03 05:24:50] Epoch 03 train batch [1560/1875] loss=0.1439 avg_loss=0.2077
[2026-06-03 05:24:52] Epoch 03 train batch [1580/1875] loss=0.1108 avg_loss=0.2079
[2026-06-03 05:24:54] Epoch 03 train batch [1600/1875] loss=0.2725 avg_loss=0.2079
[2026-06-03 05:24:56] Epoch 03 train batch [1620/1875] loss=0.1215 avg_loss=0.2073
[2026-06-03 05:24:57] Epoch 03 train batch [1640/1875] loss=0.3655 avg_loss=0.2071
[2026-06-03 05:24:59] Epoch 03 train batch [1660/1875] loss=0.2712 avg_loss=0.2067
[2026-06-03 05:25:01] Epoch 03 train batch [1680/1875] loss=0.3324 avg_loss=0.2071
[2026-06-03 05:25:03] Epoch 03 train batch [1700/1875] loss=0.5059 avg_loss=0.2074
[2026-06-03 05:25:04] Epoch 03 train batch [1720/1875] loss=0.2441 avg_loss=0.2071
[2026-06-03 05:25:06] Epoch 03 train batch [1740/1875] loss=0.1734 avg_loss=0.2078
[2026-06-03 05:25:08] Epoch 03 train batch [1760/1875] loss=0.7271 avg_loss=0.2081
[2026-06-03 05:25:10] Epoch 03 train batch [1780/1875] loss=0.0421 avg_loss=0.2084
[2026-06-03 05:25:11] Epoch 03 train batch [1800/1875] loss=0.2189 avg_loss=0.2077
[2026-06-03 05:25:13] Epoch 03 train batch [1820/1875] loss=0.0660 avg_loss=0.2073
[2026-06-03 05:25:15] Epoch 03 train batch [1840/1875] loss=0.0433 avg_loss=0.2073
[2026-06-03 05:25:16] Epoch 03 train batch [1860/1875] loss=0.2594 avg_loss=0.2073
[2026-06-03 05:25:18] Epoch 03 train batch [1875/1875] loss=0.1183 avg_loss=0.2073
[2026-06-03 05:25:18] Epoch 03 training completed. Computing validation loss.
[2026-06-03 05:25:35] Epoch 03 validation loss completed: 0.2028. Computing detection metrics.
[2026-06-03 05:25:52] Epoch 03 metrics computed. Saving artifacts.
[2026-06-03 05:25:54] Epoch 03 improved mAP@0.5 to 0.6190. Saved best checkpoint: best_model-20260603-051553.pth.
Epoch [03/30]
├── Train Loss : 0.2073
│   ├── loss_classifier  : 0.0723
│   ├── loss_box_reg     : 0.1139
│   ├── loss_objectness  : 0.0135
│   └── loss_rpn_box_reg : 0.0077
├── Val Loss   : 0.2028
├── mAP@0.5    : 0.6190
├── mAP@0.75   : 0.2019
├── mAP@0.5:0.95 : 0.2812
├── Precision  : 0.4059
├── Recall     : 0.7734
├── GT Boxes   : 2021
├── Predictions: 3851
├── Per-class AP
│   ├── person  : AP50=0.7452, AP75=0.2366, AP50:95=0.3339, P=0.4091, R=0.8426
│   ├── car     : AP50=0.5436, AP75=0.1824, AP50:95=0.2435, P=0.3713, R=0.6678
│   ├── dog     : AP50=0.7274, AP75=0.2440, AP50:95=0.3403, P=0.4388, R=0.8350
│   ├── cat     : AP50=0.7299, AP75=0.2912, AP50:95=0.3623, P=0.5957, R=0.7955
│   └── chair   : AP50=0.3488, AP75=0.0552, AP50:95=0.1261, P=0.3121, R=0.5567
├── LR         : 0.001000
└── Time       : 198.3s
[2026-06-03 05:25:54] Epoch [03/30] completed.
[2026-06-03 05:25:54] Epoch [04/30] started.
[2026-06-03 05:25:56] Epoch 04 train batch [20/1875] loss=0.2041 avg_loss=0.1864
[2026-06-03 05:25:58] Epoch 04 train batch [40/1875] loss=0.1082 avg_loss=0.1854
[2026-06-03 05:25:59] Epoch 04 train batch [60/1875] loss=0.0556 avg_loss=0.1983
[2026-06-03 05:26:01] Epoch 04 train batch [80/1875] loss=0.6259 avg_loss=0.2047
[2026-06-03 05:26:03] Epoch 04 train batch [100/1875] loss=0.2060 avg_loss=0.2053
[2026-06-03 05:26:05] Epoch 04 train batch [120/1875] loss=0.1567 avg_loss=0.2033
[2026-06-03 05:26:07] Epoch 04 train batch [140/1875] loss=0.0327 avg_loss=0.2090
[2026-06-03 05:26:08] Epoch 04 train batch [160/1875] loss=0.0864 avg_loss=0.2072
[2026-06-03 05:26:10] Epoch 04 train batch [180/1875] loss=0.1210 avg_loss=0.2042
[2026-06-03 05:26:12] Epoch 04 train batch [200/1875] loss=0.2778 avg_loss=0.2059
[2026-06-03 05:26:13] Epoch 04 train batch [220/1875] loss=0.1681 avg_loss=0.2031
[2026-06-03 05:26:15] Epoch 04 train batch [240/1875] loss=0.3316 avg_loss=0.2081
[2026-06-03 05:26:17] Epoch 04 train batch [260/1875] loss=0.0512 avg_loss=0.2077
[2026-06-03 05:26:18] Epoch 04 train batch [280/1875] loss=0.0974 avg_loss=0.2078
[2026-06-03 05:26:20] Epoch 04 train batch [300/1875] loss=0.1782 avg_loss=0.2072
[2026-06-03 05:26:22] Epoch 04 train batch [320/1875] loss=0.0024 avg_loss=0.2038
[2026-06-03 05:26:24] Epoch 04 train batch [340/1875] loss=0.0494 avg_loss=0.2047
[2026-06-03 05:26:26] Epoch 04 train batch [360/1875] loss=0.1177 avg_loss=0.2027
[2026-06-03 05:26:27] Epoch 04 train batch [380/1875] loss=0.1281 avg_loss=0.2030
[2026-06-03 05:26:29] Epoch 04 train batch [400/1875] loss=0.1190 avg_loss=0.2040
[2026-06-03 05:26:31] Epoch 04 train batch [420/1875] loss=0.1543 avg_loss=0.2041
[2026-06-03 05:26:32] Epoch 04 train batch [440/1875] loss=0.0953 avg_loss=0.2044
[2026-06-03 05:26:34] Epoch 04 train batch [460/1875] loss=0.0839 avg_loss=0.2030
[2026-06-03 05:26:36] Epoch 04 train batch [480/1875] loss=0.1474 avg_loss=0.2008
[2026-06-03 05:26:38] Epoch 04 train batch [500/1875] loss=0.2068 avg_loss=0.1997
[2026-06-03 05:26:40] Epoch 04 train batch [520/1875] loss=0.1550 avg_loss=0.1987
[2026-06-03 05:26:41] Epoch 04 train batch [540/1875] loss=0.1653 avg_loss=0.1973
[2026-06-03 05:26:43] Epoch 04 train batch [560/1875] loss=0.2349 avg_loss=0.1979
[2026-06-03 05:26:45] Epoch 04 train batch [580/1875] loss=0.5147 avg_loss=0.1992
[2026-06-03 05:26:46] Epoch 04 train batch [600/1875] loss=0.2484 avg_loss=0.1988
[2026-06-03 05:26:48] Epoch 04 train batch [620/1875] loss=0.5241 avg_loss=0.1979
[2026-06-03 05:26:50] Epoch 04 train batch [640/1875] loss=0.0574 avg_loss=0.1970
[2026-06-03 05:26:52] Epoch 04 train batch [660/1875] loss=0.2212 avg_loss=0.1981
[2026-06-03 05:26:53] Epoch 04 train batch [680/1875] loss=0.1223 avg_loss=0.1982
[2026-06-03 05:26:55] Epoch 04 train batch [700/1875] loss=0.0389 avg_loss=0.1973
[2026-06-03 05:26:57] Epoch 04 train batch [720/1875] loss=0.1610 avg_loss=0.1976
[2026-06-03 05:26:59] Epoch 04 train batch [740/1875] loss=0.3470 avg_loss=0.1975
[2026-06-03 05:27:00] Epoch 04 train batch [760/1875] loss=0.2417 avg_loss=0.1972
[2026-06-03 05:27:02] Epoch 04 train batch [780/1875] loss=0.1061 avg_loss=0.1974
[2026-06-03 05:27:04] Epoch 04 train batch [800/1875] loss=0.0780 avg_loss=0.1965
[2026-06-03 05:27:06] Epoch 04 train batch [820/1875] loss=0.4295 avg_loss=0.1977
[2026-06-03 05:27:08] Epoch 04 train batch [840/1875] loss=0.0807 avg_loss=0.1987
[2026-06-03 05:27:09] Epoch 04 train batch [860/1875] loss=0.2788 avg_loss=0.1990
[2026-06-03 05:27:11] Epoch 04 train batch [880/1875] loss=0.0836 avg_loss=0.1994
[2026-06-03 05:27:13] Epoch 04 train batch [900/1875] loss=0.1661 avg_loss=0.1998
[2026-06-03 05:27:14] Epoch 04 train batch [920/1875] loss=0.2262 avg_loss=0.1991
[2026-06-03 05:27:16] Epoch 04 train batch [940/1875] loss=0.1883 avg_loss=0.1981
[2026-06-03 05:27:18] Epoch 04 train batch [960/1875] loss=0.2558 avg_loss=0.1983
[2026-06-03 05:27:20] Epoch 04 train batch [980/1875] loss=0.4002 avg_loss=0.1990
[2026-06-03 05:27:22] Epoch 04 train batch [1000/1875] loss=0.0732 avg_loss=0.1984
[2026-06-03 05:27:23] Epoch 04 train batch [1020/1875] loss=0.1406 avg_loss=0.1979
[2026-06-03 05:27:25] Epoch 04 train batch [1040/1875] loss=0.2741 avg_loss=0.1988
[2026-06-03 05:27:27] Epoch 04 train batch [1060/1875] loss=0.1985 avg_loss=0.1993
[2026-06-03 05:27:28] Epoch 04 train batch [1080/1875] loss=0.0531 avg_loss=0.1991
[2026-06-03 05:27:30] Epoch 04 train batch [1100/1875] loss=0.1415 avg_loss=0.1988
[2026-06-03 05:27:32] Epoch 04 train batch [1120/1875] loss=0.5485 avg_loss=0.1991
[2026-06-03 05:27:34] Epoch 04 train batch [1140/1875] loss=0.2162 avg_loss=0.1994
[2026-06-03 05:27:35] Epoch 04 train batch [1160/1875] loss=0.0928 avg_loss=0.1991
[2026-06-03 05:27:37] Epoch 04 train batch [1180/1875] loss=0.1165 avg_loss=0.1989
[2026-06-03 05:27:39] Epoch 04 train batch [1200/1875] loss=0.2493 avg_loss=0.1985
[2026-06-03 05:27:41] Epoch 04 train batch [1220/1875] loss=0.2063 avg_loss=0.1986
[2026-06-03 05:27:42] Epoch 04 train batch [1240/1875] loss=0.0848 avg_loss=0.1985
[2026-06-03 05:27:44] Epoch 04 train batch [1260/1875] loss=0.3723 avg_loss=0.1990
[2026-06-03 05:27:46] Epoch 04 train batch [1280/1875] loss=0.1417 avg_loss=0.1990
[2026-06-03 05:27:47] Epoch 04 train batch [1300/1875] loss=0.1529 avg_loss=0.1985
[2026-06-03 05:27:49] Epoch 04 train batch [1320/1875] loss=0.1685 avg_loss=0.1991
[2026-06-03 05:27:51] Epoch 04 train batch [1340/1875] loss=0.3155 avg_loss=0.1988
[2026-06-03 05:27:53] Epoch 04 train batch [1360/1875] loss=0.2500 avg_loss=0.1993
[2026-06-03 05:27:54] Epoch 04 train batch [1380/1875] loss=0.1570 avg_loss=0.1995
[2026-06-03 05:27:56] Epoch 04 train batch [1400/1875] loss=0.1431 avg_loss=0.1999
[2026-06-03 05:27:58] Epoch 04 train batch [1420/1875] loss=0.1352 avg_loss=0.1999
[2026-06-03 05:28:00] Epoch 04 train batch [1440/1875] loss=0.2142 avg_loss=0.2006
[2026-06-03 05:28:01] Epoch 04 train batch [1460/1875] loss=0.2083 avg_loss=0.2003
[2026-06-03 05:28:03] Epoch 04 train batch [1480/1875] loss=0.0871 avg_loss=0.1998
[2026-06-03 05:28:05] Epoch 04 train batch [1500/1875] loss=0.1053 avg_loss=0.1997
[2026-06-03 05:28:07] Epoch 04 train batch [1520/1875] loss=0.1521 avg_loss=0.1995
[2026-06-03 05:28:08] Epoch 04 train batch [1540/1875] loss=0.0635 avg_loss=0.1996
[2026-06-03 05:28:10] Epoch 04 train batch [1560/1875] loss=0.1286 avg_loss=0.1996
[2026-06-03 05:28:12] Epoch 04 train batch [1580/1875] loss=0.3173 avg_loss=0.1995
[2026-06-03 05:28:14] Epoch 04 train batch [1600/1875] loss=0.0839 avg_loss=0.1993
[2026-06-03 05:28:16] Epoch 04 train batch [1620/1875] loss=0.3892 avg_loss=0.1988
[2026-06-03 05:28:17] Epoch 04 train batch [1640/1875] loss=0.2742 avg_loss=0.1986
[2026-06-03 05:28:19] Epoch 04 train batch [1660/1875] loss=0.1922 avg_loss=0.1980
[2026-06-03 05:28:21] Epoch 04 train batch [1680/1875] loss=0.1290 avg_loss=0.1981
[2026-06-03 05:28:23] Epoch 04 train batch [1700/1875] loss=0.1812 avg_loss=0.1984
[2026-06-03 05:28:24] Epoch 04 train batch [1720/1875] loss=0.1455 avg_loss=0.1985
[2026-06-03 05:28:26] Epoch 04 train batch [1740/1875] loss=0.2249 avg_loss=0.1991
[2026-06-03 05:28:28] Epoch 04 train batch [1760/1875] loss=0.2181 avg_loss=0.1992
[2026-06-03 05:28:29] Epoch 04 train batch [1780/1875] loss=0.0742 avg_loss=0.1988
[2026-06-03 05:28:31] Epoch 04 train batch [1800/1875] loss=0.3299 avg_loss=0.1982
[2026-06-03 05:28:33] Epoch 04 train batch [1820/1875] loss=0.1426 avg_loss=0.1978
[2026-06-03 05:28:35] Epoch 04 train batch [1840/1875] loss=0.4403 avg_loss=0.1984
[2026-06-03 05:28:36] Epoch 04 train batch [1860/1875] loss=0.2124 avg_loss=0.1979
[2026-06-03 05:28:38] Epoch 04 train batch [1875/1875] loss=0.2468 avg_loss=0.1975
[2026-06-03 05:28:38] Epoch 04 training completed. Computing validation loss.
[2026-06-03 05:28:55] Epoch 04 validation loss completed: 0.1928. Computing detection metrics.
[2026-06-03 05:29:12] Epoch 04 metrics computed. Saving artifacts.
[2026-06-03 05:29:14] Epoch 04 improved mAP@0.5 to 0.6559. Saved best checkpoint: best_model-20260603-051553.pth.
Epoch [04/30]
├── Train Loss : 0.1975
│   ├── loss_classifier  : 0.0678
│   ├── loss_box_reg     : 0.1114
│   ├── loss_objectness  : 0.0112
│   └── loss_rpn_box_reg : 0.0071
├── Val Loss   : 0.1928
├── mAP@0.5    : 0.6559
├── mAP@0.75   : 0.2603
├── mAP@0.5:0.95 : 0.3147
├── Precision  : 0.4379
├── Recall     : 0.7922
├── GT Boxes   : 2021
├── Predictions: 3656
├── Per-class AP
│   ├── person  : AP50=0.7866, AP75=0.2885, AP50:95=0.3664, P=0.4207, R=0.8715
│   ├── car     : AP50=0.5494, AP75=0.2736, AP50:95=0.2852, P=0.6196, R=0.6042
│   ├── dog     : AP50=0.7713, AP75=0.2911, AP50:95=0.3752, P=0.4557, R=0.8495
│   ├── cat     : AP50=0.7824, AP75=0.3740, AP50:95=0.3938, P=0.5873, R=0.8409
│   └── chair   : AP50=0.3896, AP75=0.0741, AP50:95=0.1531, P=0.3295, R=0.6064
├── LR         : 0.001000
└── Time       : 198.2s
[2026-06-03 05:29:14] Epoch [04/30] completed.
[2026-06-03 05:29:14] Epoch [05/30] started.
[2026-06-03 05:29:15] Epoch 05 train batch [20/1875] loss=0.0285 avg_loss=0.1946
[2026-06-03 05:29:17] Epoch 05 train batch [40/1875] loss=0.1305 avg_loss=0.1896
[2026-06-03 05:29:19] Epoch 05 train batch [60/1875] loss=0.0952 avg_loss=0.2029
[2026-06-03 05:29:21] Epoch 05 train batch [80/1875] loss=0.0966 avg_loss=0.1995
[2026-06-03 05:29:22] Epoch 05 train batch [100/1875] loss=0.0437 avg_loss=0.1947
[2026-06-03 05:29:24] Epoch 05 train batch [120/1875] loss=0.1797 avg_loss=0.1891
[2026-06-03 05:29:26] Epoch 05 train batch [140/1875] loss=0.7477 avg_loss=0.1961
[2026-06-03 05:29:28] Epoch 05 train batch [160/1875] loss=0.3095 avg_loss=0.1943
[2026-06-03 05:29:29] Epoch 05 train batch [180/1875] loss=0.2964 avg_loss=0.1982
[2026-06-03 05:29:31] Epoch 05 train batch [200/1875] loss=0.5767 avg_loss=0.1991
[2026-06-03 05:29:33] Epoch 05 train batch [220/1875] loss=0.1416 avg_loss=0.1963
[2026-06-03 05:29:35] Epoch 05 train batch [240/1875] loss=0.1373 avg_loss=0.1936
[2026-06-03 05:29:37] Epoch 05 train batch [260/1875] loss=0.0469 avg_loss=0.1933
[2026-06-03 05:29:38] Epoch 05 train batch [280/1875] loss=0.2114 avg_loss=0.1933
[2026-06-03 05:29:40] Epoch 05 train batch [300/1875] loss=0.3223 avg_loss=0.1915
[2026-06-03 05:29:42] Epoch 05 train batch [320/1875] loss=0.0551 avg_loss=0.1909
[2026-06-03 05:29:44] Epoch 05 train batch [340/1875] loss=0.1440 avg_loss=0.1922
[2026-06-03 05:29:45] Epoch 05 train batch [360/1875] loss=0.0668 avg_loss=0.1918
[2026-06-03 05:29:47] Epoch 05 train batch [380/1875] loss=0.0894 avg_loss=0.1892
[2026-06-03 05:29:49] Epoch 05 train batch [400/1875] loss=0.0790 avg_loss=0.1904
[2026-06-03 05:29:51] Epoch 05 train batch [420/1875] loss=0.2318 avg_loss=0.1896
[2026-06-03 05:29:52] Epoch 05 train batch [440/1875] loss=0.2563 avg_loss=0.1905
[2026-06-03 05:29:54] Epoch 05 train batch [460/1875] loss=0.3264 avg_loss=0.1893
[2026-06-03 05:29:56] Epoch 05 train batch [480/1875] loss=0.0246 avg_loss=0.1881
[2026-06-03 05:29:58] Epoch 05 train batch [500/1875] loss=0.1530 avg_loss=0.1869
[2026-06-03 05:29:59] Epoch 05 train batch [520/1875] loss=0.3128 avg_loss=0.1887
[2026-06-03 05:30:01] Epoch 05 train batch [540/1875] loss=0.1158 avg_loss=0.1869
[2026-06-03 05:30:03] Epoch 05 train batch [560/1875] loss=0.1457 avg_loss=0.1863
[2026-06-03 05:30:05] Epoch 05 train batch [580/1875] loss=0.2769 avg_loss=0.1880
[2026-06-03 05:30:06] Epoch 05 train batch [600/1875] loss=0.0975 avg_loss=0.1873
[2026-06-03 05:30:08] Epoch 05 train batch [620/1875] loss=0.1350 avg_loss=0.1870
[2026-06-03 05:30:10] Epoch 05 train batch [640/1875] loss=0.1086 avg_loss=0.1858
[2026-06-03 05:30:11] Epoch 05 train batch [660/1875] loss=0.0622 avg_loss=0.1845
[2026-06-03 05:30:13] Epoch 05 train batch [680/1875] loss=0.1008 avg_loss=0.1847
[2026-06-03 05:30:15] Epoch 05 train batch [700/1875] loss=0.1802 avg_loss=0.1848
[2026-06-03 05:30:17] Epoch 05 train batch [720/1875] loss=0.0354 avg_loss=0.1835
[2026-06-03 05:30:18] Epoch 05 train batch [740/1875] loss=0.0403 avg_loss=0.1840
[2026-06-03 05:30:20] Epoch 05 train batch [760/1875] loss=0.2650 avg_loss=0.1841
[2026-06-03 05:30:22] Epoch 05 train batch [780/1875] loss=0.1339 avg_loss=0.1844
[2026-06-03 05:30:24] Epoch 05 train batch [800/1875] loss=0.0916 avg_loss=0.1851
[2026-06-03 05:30:25] Epoch 05 train batch [820/1875] loss=0.4279 avg_loss=0.1851
[2026-06-03 05:30:27] Epoch 05 train batch [840/1875] loss=0.1881 avg_loss=0.1847
[2026-06-03 05:30:29] Epoch 05 train batch [860/1875] loss=0.3403 avg_loss=0.1839
[2026-06-03 05:30:31] Epoch 05 train batch [880/1875] loss=0.3225 avg_loss=0.1844
[2026-06-03 05:30:32] Epoch 05 train batch [900/1875] loss=0.1062 avg_loss=0.1839
[2026-06-03 05:30:34] Epoch 05 train batch [920/1875] loss=0.1195 avg_loss=0.1846
[2026-06-03 05:30:36] Epoch 05 train batch [940/1875] loss=0.1526 avg_loss=0.1844
[2026-06-03 05:30:38] Epoch 05 train batch [960/1875] loss=0.0940 avg_loss=0.1842
[2026-06-03 05:30:39] Epoch 05 train batch [980/1875] loss=0.2426 avg_loss=0.1850
[2026-06-03 05:30:41] Epoch 05 train batch [1000/1875] loss=0.2040 avg_loss=0.1851
[2026-06-03 05:30:43] Epoch 05 train batch [1020/1875] loss=0.0785 avg_loss=0.1854
[2026-06-03 05:30:45] Epoch 05 train batch [1040/1875] loss=0.0830 avg_loss=0.1857
[2026-06-03 05:30:46] Epoch 05 train batch [1060/1875] loss=0.2464 avg_loss=0.1864
[2026-06-03 05:30:48] Epoch 05 train batch [1080/1875] loss=0.1632 avg_loss=0.1868
[2026-06-03 05:30:50] Epoch 05 train batch [1100/1875] loss=0.0976 avg_loss=0.1863
[2026-06-03 05:30:52] Epoch 05 train batch [1120/1875] loss=0.4140 avg_loss=0.1864
[2026-06-03 05:30:53] Epoch 05 train batch [1140/1875] loss=0.0672 avg_loss=0.1861
[2026-06-03 05:30:55] Epoch 05 train batch [1160/1875] loss=0.0613 avg_loss=0.1853
[2026-06-03 05:30:57] Epoch 05 train batch [1180/1875] loss=0.0853 avg_loss=0.1849
[2026-06-03 05:30:59] Epoch 05 train batch [1200/1875] loss=0.0828 avg_loss=0.1852
[2026-06-03 05:31:00] Epoch 05 train batch [1220/1875] loss=0.1807 avg_loss=0.1861
[2026-06-03 05:31:02] Epoch 05 train batch [1240/1875] loss=0.3205 avg_loss=0.1871
[2026-06-03 05:31:04] Epoch 05 train batch [1260/1875] loss=0.5238 avg_loss=0.1866
[2026-06-03 05:31:06] Epoch 05 train batch [1280/1875] loss=0.2208 avg_loss=0.1866
[2026-06-03 05:31:08] Epoch 05 train batch [1300/1875] loss=0.1577 avg_loss=0.1867
[2026-06-03 05:31:09] Epoch 05 train batch [1320/1875] loss=0.0451 avg_loss=0.1862
[2026-06-03 05:31:11] Epoch 05 train batch [1340/1875] loss=0.3144 avg_loss=0.1864
[2026-06-03 05:31:13] Epoch 05 train batch [1360/1875] loss=0.0443 avg_loss=0.1860
[2026-06-03 05:31:15] Epoch 05 train batch [1380/1875] loss=0.0017 avg_loss=0.1864
[2026-06-03 05:31:16] Epoch 05 train batch [1400/1875] loss=0.0800 avg_loss=0.1866
[2026-06-03 05:31:18] Epoch 05 train batch [1420/1875] loss=0.1728 avg_loss=0.1863
[2026-06-03 05:31:20] Epoch 05 train batch [1440/1875] loss=0.3992 avg_loss=0.1863
[2026-06-03 05:31:21] Epoch 05 train batch [1460/1875] loss=0.2255 avg_loss=0.1868
[2026-06-03 05:31:23] Epoch 05 train batch [1480/1875] loss=0.1346 avg_loss=0.1870
[2026-06-03 05:31:25] Epoch 05 train batch [1500/1875] loss=0.0739 avg_loss=0.1872
[2026-06-03 05:31:27] Epoch 05 train batch [1520/1875] loss=0.1428 avg_loss=0.1869
[2026-06-03 05:31:28] Epoch 05 train batch [1540/1875] loss=0.2703 avg_loss=0.1869
[2026-06-03 05:31:30] Epoch 05 train batch [1560/1875] loss=0.1506 avg_loss=0.1872
[2026-06-03 05:31:32] Epoch 05 train batch [1580/1875] loss=0.0577 avg_loss=0.1869
[2026-06-03 05:31:34] Epoch 05 train batch [1600/1875] loss=0.0630 avg_loss=0.1867
[2026-06-03 05:31:35] Epoch 05 train batch [1620/1875] loss=0.3330 avg_loss=0.1865
[2026-06-03 05:31:37] Epoch 05 train batch [1640/1875] loss=0.3399 avg_loss=0.1864
[2026-06-03 05:31:39] Epoch 05 train batch [1660/1875] loss=0.5389 avg_loss=0.1871
[2026-06-03 05:31:41] Epoch 05 train batch [1680/1875] loss=0.1593 avg_loss=0.1872
[2026-06-03 05:31:42] Epoch 05 train batch [1700/1875] loss=0.1181 avg_loss=0.1875
[2026-06-03 05:31:44] Epoch 05 train batch [1720/1875] loss=0.1391 avg_loss=0.1874
[2026-06-03 05:31:46] Epoch 05 train batch [1740/1875] loss=0.1497 avg_loss=0.1873
[2026-06-03 05:31:48] Epoch 05 train batch [1760/1875] loss=0.2804 avg_loss=0.1875
[2026-06-03 05:31:49] Epoch 05 train batch [1780/1875] loss=0.1741 avg_loss=0.1876
[2026-06-03 05:31:51] Epoch 05 train batch [1800/1875] loss=0.0617 avg_loss=0.1872
[2026-06-03 05:31:53] Epoch 05 train batch [1820/1875] loss=0.5704 avg_loss=0.1872
[2026-06-03 05:31:55] Epoch 05 train batch [1840/1875] loss=0.5978 avg_loss=0.1873
[2026-06-03 05:31:57] Epoch 05 train batch [1860/1875] loss=0.1108 avg_loss=0.1876
[2026-06-03 05:31:58] Epoch 05 train batch [1875/1875] loss=0.1539 avg_loss=0.1878
[2026-06-03 05:31:58] Epoch 05 training completed. Computing validation loss.
[2026-06-03 05:32:15] Epoch 05 validation loss completed: 0.1946. Computing detection metrics.
[2026-06-03 05:32:32] Epoch 05 metrics computed. Saving artifacts.
[2026-06-03 05:32:34] Epoch 05 improved mAP@0.5 to 0.6991. Saved best checkpoint: best_model-20260603-051553.pth.
Epoch [05/30]
├── Train Loss : 0.1878
│   ├── loss_classifier  : 0.0636
│   ├── loss_box_reg     : 0.1080
│   ├── loss_objectness  : 0.0097
│   └── loss_rpn_box_reg : 0.0066
├── Val Loss   : 0.1946
├── mAP@0.5    : 0.6991
├── mAP@0.75   : 0.2990
├── mAP@0.5:0.95 : 0.3450
├── Precision  : 0.3611
├── Recall     : 0.8436
├── GT Boxes   : 2021
├── Predictions: 4722
├── Per-class AP
│   ├── person  : AP50=0.8100, AP75=0.3288, AP50:95=0.4008, P=0.3554, R=0.9004
│   ├── car     : AP50=0.6494, AP75=0.2569, AP50:95=0.3120, P=0.4860, R=0.7350
│   ├── dog     : AP50=0.7711, AP75=0.3691, AP50:95=0.4014, P=0.4627, R=0.8738
│   ├── cat     : AP50=0.8208, AP75=0.4615, AP50:95=0.4475, P=0.5000, R=0.8636
│   └── chair   : AP50=0.4441, AP75=0.0787, AP50:95=0.1631, P=0.2250, R=0.7021
├── LR         : 0.001000
└── Time       : 198.8s
[2026-06-03 05:32:34] Epoch [05/30] completed.
[2026-06-03 05:32:34] Epoch [06/30] started.
[2026-06-03 05:32:35] Epoch 06 train batch [20/1875] loss=0.1286 avg_loss=0.1969
[2026-06-03 05:32:37] Epoch 06 train batch [40/1875] loss=0.0854 avg_loss=0.1761
[2026-06-03 05:32:39] Epoch 06 train batch [60/1875] loss=0.0869 avg_loss=0.1710
[2026-06-03 05:32:41] Epoch 06 train batch [80/1875] loss=0.2183 avg_loss=0.1628
[2026-06-03 05:32:42] Epoch 06 train batch [100/1875] loss=0.2911 avg_loss=0.1638
[2026-06-03 05:32:44] Epoch 06 train batch [120/1875] loss=0.1932 avg_loss=0.1703
[2026-06-03 05:32:46] Epoch 06 train batch [140/1875] loss=0.2652 avg_loss=0.1733
[2026-06-03 05:32:48] Epoch 06 train batch [160/1875] loss=0.2587 avg_loss=0.1763
[2026-06-03 05:32:49] Epoch 06 train batch [180/1875] loss=0.0501 avg_loss=0.1741
[2026-06-03 05:32:51] Epoch 06 train batch [200/1875] loss=0.2405 avg_loss=0.1763
[2026-06-03 05:32:53] Epoch 06 train batch [220/1875] loss=0.2374 avg_loss=0.1804
[2026-06-03 05:32:54] Epoch 06 train batch [240/1875] loss=0.0576 avg_loss=0.1788
[2026-06-03 05:32:56] Epoch 06 train batch [260/1875] loss=0.2405 avg_loss=0.1775
[2026-06-03 05:32:58] Epoch 06 train batch [280/1875] loss=0.1879 avg_loss=0.1772
[2026-06-03 05:33:00] Epoch 06 train batch [300/1875] loss=0.1776 avg_loss=0.1775
[2026-06-03 05:33:01] Epoch 06 train batch [320/1875] loss=0.0553 avg_loss=0.1779
[2026-06-03 05:33:03] Epoch 06 train batch [340/1875] loss=0.1949 avg_loss=0.1781
[2026-06-03 05:33:05] Epoch 06 train batch [360/1875] loss=0.2563 avg_loss=0.1795
[2026-06-03 05:33:07] Epoch 06 train batch [380/1875] loss=0.0310 avg_loss=0.1794
[2026-06-03 05:33:08] Epoch 06 train batch [400/1875] loss=0.1474 avg_loss=0.1776
[2026-06-03 05:33:10] Epoch 06 train batch [420/1875] loss=0.2497 avg_loss=0.1798
[2026-06-03 05:33:12] Epoch 06 train batch [440/1875] loss=0.2456 avg_loss=0.1781
[2026-06-03 05:33:14] Epoch 06 train batch [460/1875] loss=0.3350 avg_loss=0.1778
[2026-06-03 05:33:16] Epoch 06 train batch [480/1875] loss=0.1554 avg_loss=0.1808
[2026-06-03 05:33:17] Epoch 06 train batch [500/1875] loss=0.2576 avg_loss=0.1796
[2026-06-03 05:33:19] Epoch 06 train batch [520/1875] loss=0.0750 avg_loss=0.1799
[2026-06-03 05:33:21] Epoch 06 train batch [540/1875] loss=0.0765 avg_loss=0.1799
[2026-06-03 05:33:22] Epoch 06 train batch [560/1875] loss=0.0529 avg_loss=0.1791
[2026-06-03 05:33:24] Epoch 06 train batch [580/1875] loss=0.2673 avg_loss=0.1809
[2026-06-03 05:33:26] Epoch 06 train batch [600/1875] loss=0.1367 avg_loss=0.1807
[2026-06-03 05:33:28] Epoch 06 train batch [620/1875] loss=0.3256 avg_loss=0.1801
[2026-06-03 05:33:29] Epoch 06 train batch [640/1875] loss=0.1076 avg_loss=0.1785
[2026-06-03 05:33:31] Epoch 06 train batch [660/1875] loss=0.3561 avg_loss=0.1776
[2026-06-03 05:33:33] Epoch 06 train batch [680/1875] loss=0.0889 avg_loss=0.1785
[2026-06-03 05:33:35] Epoch 06 train batch [700/1875] loss=0.0943 avg_loss=0.1786
[2026-06-03 05:33:36] Epoch 06 train batch [720/1875] loss=0.0206 avg_loss=0.1788
[2026-06-03 05:33:38] Epoch 06 train batch [740/1875] loss=0.2730 avg_loss=0.1793
[2026-06-03 05:33:40] Epoch 06 train batch [760/1875] loss=0.3912 avg_loss=0.1797
[2026-06-03 05:33:42] Epoch 06 train batch [780/1875] loss=0.3800 avg_loss=0.1812
[2026-06-03 05:33:43] Epoch 06 train batch [800/1875] loss=0.2740 avg_loss=0.1813
[2026-06-03 05:33:45] Epoch 06 train batch [820/1875] loss=0.1938 avg_loss=0.1819
[2026-06-03 05:33:47] Epoch 06 train batch [840/1875] loss=0.0422 avg_loss=0.1823
[2026-06-03 05:33:49] Epoch 06 train batch [860/1875] loss=0.2038 avg_loss=0.1824
[2026-06-03 05:33:50] Epoch 06 train batch [880/1875] loss=0.4353 avg_loss=0.1828
[2026-06-03 05:33:52] Epoch 06 train batch [900/1875] loss=0.0244 avg_loss=0.1820
[2026-06-03 05:33:54] Epoch 06 train batch [920/1875] loss=0.1906 avg_loss=0.1817
[2026-06-03 05:33:56] Epoch 06 train batch [940/1875] loss=0.0877 avg_loss=0.1812
[2026-06-03 05:33:57] Epoch 06 train batch [960/1875] loss=0.1693 avg_loss=0.1811
[2026-06-03 05:33:59] Epoch 06 train batch [980/1875] loss=0.0273 avg_loss=0.1809
[2026-06-03 05:34:01] Epoch 06 train batch [1000/1875] loss=0.0486 avg_loss=0.1802
[2026-06-03 05:34:02] Epoch 06 train batch [1020/1875] loss=0.0624 avg_loss=0.1801
[2026-06-03 05:34:04] Epoch 06 train batch [1040/1875] loss=0.0551 avg_loss=0.1807
[2026-06-03 05:34:06] Epoch 06 train batch [1060/1875] loss=0.0904 avg_loss=0.1809
[2026-06-03 05:34:08] Epoch 06 train batch [1080/1875] loss=0.2495 avg_loss=0.1807
[2026-06-03 05:34:09] Epoch 06 train batch [1100/1875] loss=0.2183 avg_loss=0.1811
[2026-06-03 05:34:11] Epoch 06 train batch [1120/1875] loss=0.2294 avg_loss=0.1815
[2026-06-03 05:34:13] Epoch 06 train batch [1140/1875] loss=0.1641 avg_loss=0.1818
[2026-06-03 05:34:15] Epoch 06 train batch [1160/1875] loss=0.1559 avg_loss=0.1819
[2026-06-03 05:34:17] Epoch 06 train batch [1180/1875] loss=0.2322 avg_loss=0.1823
[2026-06-03 05:34:18] Epoch 06 train batch [1200/1875] loss=0.0340 avg_loss=0.1818
[2026-06-03 05:34:20] Epoch 06 train batch [1220/1875] loss=0.2251 avg_loss=0.1820
[2026-06-03 05:34:22] Epoch 06 train batch [1240/1875] loss=0.1507 avg_loss=0.1817
[2026-06-03 05:34:23] Epoch 06 train batch [1260/1875] loss=0.2037 avg_loss=0.1817
[2026-06-03 05:34:25] Epoch 06 train batch [1280/1875] loss=0.1574 avg_loss=0.1819
[2026-06-03 05:34:27] Epoch 06 train batch [1300/1875] loss=0.2194 avg_loss=0.1821
[2026-06-03 05:34:29] Epoch 06 train batch [1320/1875] loss=0.0764 avg_loss=0.1817
[2026-06-03 05:34:30] Epoch 06 train batch [1340/1875] loss=0.2427 avg_loss=0.1817
[2026-06-03 05:34:32] Epoch 06 train batch [1360/1875] loss=0.2995 avg_loss=0.1818
[2026-06-03 05:34:34] Epoch 06 train batch [1380/1875] loss=0.5064 avg_loss=0.1818
[2026-06-03 05:34:36] Epoch 06 train batch [1400/1875] loss=0.0982 avg_loss=0.1821
[2026-06-03 05:34:37] Epoch 06 train batch [1420/1875] loss=0.1072 avg_loss=0.1825
[2026-06-03 05:34:39] Epoch 06 train batch [1440/1875] loss=0.1202 avg_loss=0.1821
[2026-06-03 05:34:41] Epoch 06 train batch [1460/1875] loss=0.0886 avg_loss=0.1820
[2026-06-03 05:34:42] Epoch 06 train batch [1480/1875] loss=0.3485 avg_loss=0.1818
[2026-06-03 05:34:44] Epoch 06 train batch [1500/1875] loss=0.1656 avg_loss=0.1822
[2026-06-03 05:34:46] Epoch 06 train batch [1520/1875] loss=0.0811 avg_loss=0.1817
[2026-06-03 05:34:47] Epoch 06 train batch [1540/1875] loss=0.3543 avg_loss=0.1816
[2026-06-03 05:34:49] Epoch 06 train batch [1560/1875] loss=0.2029 avg_loss=0.1812
[2026-06-03 05:34:51] Epoch 06 train batch [1580/1875] loss=0.3119 avg_loss=0.1811
[2026-06-03 05:34:53] Epoch 06 train batch [1600/1875] loss=0.2020 avg_loss=0.1811
[2026-06-03 05:34:54] Epoch 06 train batch [1620/1875] loss=0.0597 avg_loss=0.1808
[2026-06-03 05:34:56] Epoch 06 train batch [1640/1875] loss=0.2032 avg_loss=0.1804
[2026-06-03 05:34:58] Epoch 06 train batch [1660/1875] loss=0.1403 avg_loss=0.1808
[2026-06-03 05:35:00] Epoch 06 train batch [1680/1875] loss=0.3934 avg_loss=0.1813
[2026-06-03 05:35:02] Epoch 06 train batch [1700/1875] loss=0.2754 avg_loss=0.1811
[2026-06-03 05:35:03] Epoch 06 train batch [1720/1875] loss=0.2382 avg_loss=0.1816
[2026-06-03 05:35:05] Epoch 06 train batch [1740/1875] loss=0.1019 avg_loss=0.1816
[2026-06-03 05:35:07] Epoch 06 train batch [1760/1875] loss=0.2603 avg_loss=0.1812
[2026-06-03 05:35:09] Epoch 06 train batch [1780/1875] loss=0.1251 avg_loss=0.1808
[2026-06-03 05:35:10] Epoch 06 train batch [1800/1875] loss=0.3760 avg_loss=0.1809
[2026-06-03 05:35:12] Epoch 06 train batch [1820/1875] loss=0.0174 avg_loss=0.1806
[2026-06-03 05:35:14] Epoch 06 train batch [1840/1875] loss=0.0665 avg_loss=0.1808
[2026-06-03 05:35:16] Epoch 06 train batch [1860/1875] loss=0.4374 avg_loss=0.1808
[2026-06-03 05:35:17] Epoch 06 train batch [1875/1875] loss=0.0770 avg_loss=0.1807
[2026-06-03 05:35:17] Epoch 06 training completed. Computing validation loss.
[2026-06-03 05:35:35] Epoch 06 validation loss completed: 0.1844. Computing detection metrics.
[2026-06-03 05:35:51] Epoch 06 metrics computed. Saving artifacts.
[2026-06-03 05:35:53] Epoch 06 improved mAP@0.5 to 0.7108. Saved best checkpoint: best_model-20260603-051553.pth.
Epoch [06/30]
├── Train Loss : 0.1807
│   ├── loss_classifier  : 0.0606
│   ├── loss_box_reg     : 0.1055
│   ├── loss_objectness  : 0.0084
│   └── loss_rpn_box_reg : 0.0062
├── Val Loss   : 0.1844
├── mAP@0.5    : 0.7108
├── mAP@0.75   : 0.3259
├── mAP@0.5:0.95 : 0.3611
├── Precision  : 0.4929
├── Recall     : 0.8189
├── GT Boxes   : 2021
├── Predictions: 3358
├── Per-class AP
│   ├── person  : AP50=0.8175, AP75=0.3707, AP50:95=0.4139, P=0.5230, R=0.8687
│   ├── car     : AP50=0.6476, AP75=0.3066, AP50:95=0.3327, P=0.4805, R=0.7385
│   ├── dog     : AP50=0.8161, AP75=0.4769, AP50:95=0.4547, P=0.4986, R=0.8689
│   ├── cat     : AP50=0.8540, AP75=0.3847, AP50:95=0.4336, P=0.5610, R=0.9148
│   └── chair   : AP50=0.4188, AP75=0.0905, AP50:95=0.1707, P=0.3509, R=0.6135
├── LR         : 0.001000
└── Time       : 197.8s
[2026-06-03 05:35:53] Epoch [06/30] completed.
[2026-06-03 05:35:53] Epoch [07/30] started.
[2026-06-03 05:35:54] Epoch 07 train batch [20/1875] loss=0.0633 avg_loss=0.1758
[2026-06-03 05:35:56] Epoch 07 train batch [40/1875] loss=0.0906 avg_loss=0.1979
[2026-06-03 05:35:58] Epoch 07 train batch [60/1875] loss=0.2187 avg_loss=0.1836
[2026-06-03 05:36:00] Epoch 07 train batch [80/1875] loss=0.0052 avg_loss=0.1836
[2026-06-03 05:36:02] Epoch 07 train batch [100/1875] loss=0.1162 avg_loss=0.1765
[2026-06-03 05:36:03] Epoch 07 train batch [120/1875] loss=0.2122 avg_loss=0.1794
[2026-06-03 05:36:05] Epoch 07 train batch [140/1875] loss=0.2372 avg_loss=0.1782
[2026-06-03 05:36:07] Epoch 07 train batch [160/1875] loss=0.2271 avg_loss=0.1816
[2026-06-03 05:36:09] Epoch 07 train batch [180/1875] loss=0.1586 avg_loss=0.1772
[2026-06-03 05:36:10] Epoch 07 train batch [200/1875] loss=0.2643 avg_loss=0.1816
[2026-06-03 05:36:12] Epoch 07 train batch [220/1875] loss=0.0512 avg_loss=0.1793
[2026-06-03 05:36:14] Epoch 07 train batch [240/1875] loss=0.0224 avg_loss=0.1786
[2026-06-03 05:36:16] Epoch 07 train batch [260/1875] loss=0.3049 avg_loss=0.1753
[2026-06-03 05:36:18] Epoch 07 train batch [280/1875] loss=0.1251 avg_loss=0.1756
[2026-06-03 05:36:19] Epoch 07 train batch [300/1875] loss=0.1475 avg_loss=0.1741
[2026-06-03 05:36:21] Epoch 07 train batch [320/1875] loss=0.0992 avg_loss=0.1744
[2026-06-03 05:36:23] Epoch 07 train batch [340/1875] loss=0.1995 avg_loss=0.1742
[2026-06-03 05:36:24] Epoch 07 train batch [360/1875] loss=0.0421 avg_loss=0.1765
[2026-06-03 05:36:26] Epoch 07 train batch [380/1875] loss=0.2060 avg_loss=0.1798
[2026-06-03 05:36:28] Epoch 07 train batch [400/1875] loss=0.0831 avg_loss=0.1795
[2026-06-03 05:36:30] Epoch 07 train batch [420/1875] loss=0.2827 avg_loss=0.1769
[2026-06-03 05:36:31] Epoch 07 train batch [440/1875] loss=0.0036 avg_loss=0.1781
[2026-06-03 05:36:33] Epoch 07 train batch [460/1875] loss=0.2069 avg_loss=0.1772
[2026-06-03 05:36:35] Epoch 07 train batch [480/1875] loss=0.1734 avg_loss=0.1771
[2026-06-03 05:36:37] Epoch 07 train batch [500/1875] loss=0.4897 avg_loss=0.1774
[2026-06-03 05:36:38] Epoch 07 train batch [520/1875] loss=0.1328 avg_loss=0.1771
[2026-06-03 05:36:40] Epoch 07 train batch [540/1875] loss=0.2077 avg_loss=0.1774
[2026-06-03 05:36:42] Epoch 07 train batch [560/1875] loss=0.1532 avg_loss=0.1761
[2026-06-03 05:36:44] Epoch 07 train batch [580/1875] loss=0.1507 avg_loss=0.1774
[2026-06-03 05:36:45] Epoch 07 train batch [600/1875] loss=0.1818 avg_loss=0.1766
[2026-06-03 05:36:47] Epoch 07 train batch [620/1875] loss=0.0688 avg_loss=0.1747
[2026-06-03 05:36:49] Epoch 07 train batch [640/1875] loss=0.2720 avg_loss=0.1756
[2026-06-03 05:36:50] Epoch 07 train batch [660/1875] loss=0.0554 avg_loss=0.1763
[2026-06-03 05:36:52] Epoch 07 train batch [680/1875] loss=0.3098 avg_loss=0.1760
[2026-06-03 05:36:54] Epoch 07 train batch [700/1875] loss=0.0838 avg_loss=0.1765
[2026-06-03 05:36:56] Epoch 07 train batch [720/1875] loss=0.1898 avg_loss=0.1758
[2026-06-03 05:36:57] Epoch 07 train batch [740/1875] loss=0.1955 avg_loss=0.1757
[2026-06-03 05:36:59] Epoch 07 train batch [760/1875] loss=0.1532 avg_loss=0.1750
[2026-06-03 05:37:01] Epoch 07 train batch [780/1875] loss=0.1212 avg_loss=0.1747
[2026-06-03 05:37:03] Epoch 07 train batch [800/1875] loss=0.1442 avg_loss=0.1735
[2026-06-03 05:37:04] Epoch 07 train batch [820/1875] loss=0.2428 avg_loss=0.1734
[2026-06-03 05:37:06] Epoch 07 train batch [840/1875] loss=0.1199 avg_loss=0.1736
[2026-06-03 05:37:08] Epoch 07 train batch [860/1875] loss=0.0680 avg_loss=0.1733
[2026-06-03 05:37:10] Epoch 07 train batch [880/1875] loss=0.0814 avg_loss=0.1731
[2026-06-03 05:37:12] Epoch 07 train batch [900/1875] loss=0.0837 avg_loss=0.1726
[2026-06-03 05:37:13] Epoch 07 train batch [920/1875] loss=0.2390 avg_loss=0.1731
[2026-06-03 05:37:15] Epoch 07 train batch [940/1875] loss=0.0903 avg_loss=0.1725
[2026-06-03 05:37:17] Epoch 07 train batch [960/1875] loss=0.1329 avg_loss=0.1727
[2026-06-03 05:37:19] Epoch 07 train batch [980/1875] loss=0.1259 avg_loss=0.1729
[2026-06-03 05:37:20] Epoch 07 train batch [1000/1875] loss=0.1467 avg_loss=0.1718
[2026-06-03 05:37:22] Epoch 07 train batch [1020/1875] loss=0.0977 avg_loss=0.1720
[2026-06-03 05:37:24] Epoch 07 train batch [1040/1875] loss=0.1345 avg_loss=0.1718
[2026-06-03 05:37:26] Epoch 07 train batch [1060/1875] loss=0.0220 avg_loss=0.1716
[2026-06-03 05:37:27] Epoch 07 train batch [1080/1875] loss=0.3246 avg_loss=0.1723
[2026-06-03 05:37:29] Epoch 07 train batch [1100/1875] loss=0.1288 avg_loss=0.1722
[2026-06-03 05:37:31] Epoch 07 train batch [1120/1875] loss=0.0212 avg_loss=0.1718
[2026-06-03 05:37:33] Epoch 07 train batch [1140/1875] loss=0.0453 avg_loss=0.1722
[2026-06-03 05:37:34] Epoch 07 train batch [1160/1875] loss=0.0463 avg_loss=0.1720
[2026-06-03 05:37:36] Epoch 07 train batch [1180/1875] loss=0.2703 avg_loss=0.1720
[2026-06-03 05:37:38] Epoch 07 train batch [1200/1875] loss=0.1528 avg_loss=0.1726
[2026-06-03 05:37:40] Epoch 07 train batch [1220/1875] loss=0.2450 avg_loss=0.1732
[2026-06-03 05:37:41] Epoch 07 train batch [1240/1875] loss=0.1096 avg_loss=0.1738
[2026-06-03 05:37:43] Epoch 07 train batch [1260/1875] loss=0.0953 avg_loss=0.1736
[2026-06-03 05:37:45] Epoch 07 train batch [1280/1875] loss=0.1115 avg_loss=0.1730
[2026-06-03 05:37:47] Epoch 07 train batch [1300/1875] loss=0.1058 avg_loss=0.1730
[2026-06-03 05:37:48] Epoch 07 train batch [1320/1875] loss=0.1257 avg_loss=0.1724
[2026-06-03 05:37:50] Epoch 07 train batch [1340/1875] loss=0.0154 avg_loss=0.1722
[2026-06-03 05:37:52] Epoch 07 train batch [1360/1875] loss=0.1554 avg_loss=0.1727
[2026-06-03 05:37:53] Epoch 07 train batch [1380/1875] loss=0.3145 avg_loss=0.1723
[2026-06-03 05:37:55] Epoch 07 train batch [1400/1875] loss=0.2031 avg_loss=0.1725
[2026-06-03 05:37:57] Epoch 07 train batch [1420/1875] loss=0.0621 avg_loss=0.1726
[2026-06-03 05:37:59] Epoch 07 train batch [1440/1875] loss=0.0794 avg_loss=0.1725
[2026-06-03 05:38:01] Epoch 07 train batch [1460/1875] loss=0.0940 avg_loss=0.1721
[2026-06-03 05:38:02] Epoch 07 train batch [1480/1875] loss=0.1422 avg_loss=0.1723
[2026-06-03 05:38:04] Epoch 07 train batch [1500/1875] loss=0.1776 avg_loss=0.1721
[2026-06-03 05:38:06] Epoch 07 train batch [1520/1875] loss=0.1948 avg_loss=0.1717
[2026-06-03 05:38:08] Epoch 07 train batch [1540/1875] loss=0.2466 avg_loss=0.1717
[2026-06-03 05:38:09] Epoch 07 train batch [1560/1875] loss=0.1812 avg_loss=0.1713
[2026-06-03 05:38:11] Epoch 07 train batch [1580/1875] loss=0.0627 avg_loss=0.1712
[2026-06-03 05:38:13] Epoch 07 train batch [1600/1875] loss=0.2839 avg_loss=0.1715
[2026-06-03 05:38:15] Epoch 07 train batch [1620/1875] loss=0.2367 avg_loss=0.1714
[2026-06-03 05:38:16] Epoch 07 train batch [1640/1875] loss=0.1021 avg_loss=0.1714
[2026-06-03 05:38:18] Epoch 07 train batch [1660/1875] loss=0.1407 avg_loss=0.1709
[2026-06-03 05:38:20] Epoch 07 train batch [1680/1875] loss=0.4448 avg_loss=0.1711
[2026-06-03 05:38:22] Epoch 07 train batch [1700/1875] loss=0.3122 avg_loss=0.1711
[2026-06-03 05:38:23] Epoch 07 train batch [1720/1875] loss=0.0314 avg_loss=0.1706
[2026-06-03 05:38:25] Epoch 07 train batch [1740/1875] loss=0.0426 avg_loss=0.1711
[2026-06-03 05:38:27] Epoch 07 train batch [1760/1875] loss=0.1092 avg_loss=0.1710
[2026-06-03 05:38:29] Epoch 07 train batch [1780/1875] loss=0.2708 avg_loss=0.1711
[2026-06-03 05:38:30] Epoch 07 train batch [1800/1875] loss=0.0853 avg_loss=0.1711
[2026-06-03 05:38:32] Epoch 07 train batch [1820/1875] loss=0.1431 avg_loss=0.1709
[2026-06-03 05:38:34] Epoch 07 train batch [1840/1875] loss=0.2913 avg_loss=0.1713
[2026-06-03 05:38:36] Epoch 07 train batch [1860/1875] loss=0.4821 avg_loss=0.1714
[2026-06-03 05:38:37] Epoch 07 train batch [1875/1875] loss=0.0636 avg_loss=0.1714
[2026-06-03 05:38:37] Epoch 07 training completed. Computing validation loss.
[2026-06-03 05:38:54] Epoch 07 validation loss completed: 0.1870. Computing detection metrics.
[2026-06-03 05:39:11] Epoch 07 metrics computed. Saving artifacts.
[2026-06-03 05:39:14] Epoch 07 improved mAP@0.5 to 0.7131. Saved best checkpoint: best_model-20260603-051553.pth.
Epoch [07/30]
├── Train Loss : 0.1714
│   ├── loss_classifier  : 0.0566
│   ├── loss_box_reg     : 0.1014
│   ├── loss_objectness  : 0.0076
│   └── loss_rpn_box_reg : 0.0058
├── Val Loss   : 0.1870
├── mAP@0.5    : 0.7131
├── mAP@0.75   : 0.3354
├── mAP@0.5:0.95 : 0.3656
├── Precision  : 0.4737
├── Recall     : 0.8199
├── GT Boxes   : 2021
├── Predictions: 3498
├── Per-class AP
│   ├── person  : AP50=0.8099, AP75=0.3643, AP50:95=0.4055, P=0.5303, R=0.8650
│   ├── car     : AP50=0.6934, AP75=0.3290, AP50:95=0.3573, P=0.3262, R=0.8057
│   ├── dog     : AP50=0.7717, AP75=0.3741, AP50:95=0.4004, P=0.6087, R=0.8155
│   ├── cat     : AP50=0.8522, AP75=0.4729, AP50:95=0.4695, P=0.5197, R=0.8977
│   └── chair   : AP50=0.4385, AP75=0.1366, AP50:95=0.1951, P=0.3726, R=0.6170
├── LR         : 0.001000
└── Time       : 198.5s
[2026-06-03 05:39:14] Epoch [07/30] completed.
[2026-06-03 05:39:14] Epoch [08/30] started.
[2026-06-03 05:39:16] Epoch 08 train batch [20/1875] loss=0.4029 avg_loss=0.2082
[2026-06-03 05:39:18] Epoch 08 train batch [40/1875] loss=0.3362 avg_loss=0.1673
[2026-06-03 05:39:20] Epoch 08 train batch [60/1875] loss=0.1794 avg_loss=0.1704
[2026-06-03 05:39:21] Epoch 08 train batch [80/1875] loss=0.0410 avg_loss=0.1618
[2026-06-03 05:39:23] Epoch 08 train batch [100/1875] loss=0.1170 avg_loss=0.1662
[2026-06-03 05:39:25] Epoch 08 train batch [120/1875] loss=0.0454 avg_loss=0.1629
[2026-06-03 05:39:27] Epoch 08 train batch [140/1875] loss=0.0450 avg_loss=0.1636
[2026-06-03 05:39:28] Epoch 08 train batch [160/1875] loss=0.3711 avg_loss=0.1641
[2026-06-03 05:39:30] Epoch 08 train batch [180/1875] loss=0.0434 avg_loss=0.1613
[2026-06-03 05:39:32] Epoch 08 train batch [200/1875] loss=0.1899 avg_loss=0.1580
[2026-06-03 05:39:34] Epoch 08 train batch [220/1875] loss=0.5866 avg_loss=0.1588
[2026-06-03 05:39:36] Epoch 08 train batch [240/1875] loss=0.1618 avg_loss=0.1617
[2026-06-03 05:39:37] Epoch 08 train batch [260/1875] loss=0.0993 avg_loss=0.1594
[2026-06-03 05:39:39] Epoch 08 train batch [280/1875] loss=0.1162 avg_loss=0.1579
[2026-06-03 05:39:41] Epoch 08 train batch [300/1875] loss=0.1684 avg_loss=0.1563
[2026-06-03 05:39:43] Epoch 08 train batch [320/1875] loss=0.1961 avg_loss=0.1564
[2026-06-03 05:39:44] Epoch 08 train batch [340/1875] loss=0.1887 avg_loss=0.1567
[2026-06-03 05:39:46] Epoch 08 train batch [360/1875] loss=0.2044 avg_loss=0.1580
[2026-06-03 05:39:48] Epoch 08 train batch [380/1875] loss=0.5130 avg_loss=0.1607
[2026-06-03 05:39:50] Epoch 08 train batch [400/1875] loss=0.4587 avg_loss=0.1613
[2026-06-03 05:39:52] Epoch 08 train batch [420/1875] loss=0.1918 avg_loss=0.1646
[2026-06-03 05:39:53] Epoch 08 train batch [440/1875] loss=0.0820 avg_loss=0.1640
[2026-06-03 05:39:55] Epoch 08 train batch [460/1875] loss=0.1933 avg_loss=0.1659
[2026-06-03 05:39:57] Epoch 08 train batch [480/1875] loss=0.1406 avg_loss=0.1651
[2026-06-03 05:39:59] Epoch 08 train batch [500/1875] loss=0.1871 avg_loss=0.1670
[2026-06-03 05:40:00] Epoch 08 train batch [520/1875] loss=0.1645 avg_loss=0.1668
[2026-06-03 05:40:02] Epoch 08 train batch [540/1875] loss=0.0843 avg_loss=0.1670
[2026-06-03 05:40:04] Epoch 08 train batch [560/1875] loss=0.1282 avg_loss=0.1671
[2026-06-03 05:40:05] Epoch 08 train batch [580/1875] loss=0.0497 avg_loss=0.1680
[2026-06-03 05:40:07] Epoch 08 train batch [600/1875] loss=0.3449 avg_loss=0.1678
[2026-06-03 05:40:09] Epoch 08 train batch [620/1875] loss=0.1981 avg_loss=0.1688
[2026-06-03 05:40:11] Epoch 08 train batch [640/1875] loss=0.1579 avg_loss=0.1684
[2026-06-03 05:40:12] Epoch 08 train batch [660/1875] loss=0.1809 avg_loss=0.1683
[2026-06-03 05:40:14] Epoch 08 train batch [680/1875] loss=0.1287 avg_loss=0.1686
[2026-06-03 05:40:16] Epoch 08 train batch [700/1875] loss=0.1002 avg_loss=0.1687
[2026-06-03 05:40:18] Epoch 08 train batch [720/1875] loss=0.0718 avg_loss=0.1684
[2026-06-03 05:40:19] Epoch 08 train batch [740/1875] loss=0.1866 avg_loss=0.1684
[2026-06-03 05:40:21] Epoch 08 train batch [760/1875] loss=0.3347 avg_loss=0.1677
[2026-06-03 05:40:23] Epoch 08 train batch [780/1875] loss=0.0381 avg_loss=0.1673
[2026-06-03 05:40:25] Epoch 08 train batch [800/1875] loss=0.1502 avg_loss=0.1661
[2026-06-03 05:40:26] Epoch 08 train batch [820/1875] loss=0.2487 avg_loss=0.1648
[2026-06-03 05:40:28] Epoch 08 train batch [840/1875] loss=0.1376 avg_loss=0.1646
[2026-06-03 05:40:30] Epoch 08 train batch [860/1875] loss=0.1215 avg_loss=0.1645
[2026-06-03 05:40:32] Epoch 08 train batch [880/1875] loss=0.1151 avg_loss=0.1648
[2026-06-03 05:40:33] Epoch 08 train batch [900/1875] loss=0.0837 avg_loss=0.1638
[2026-06-03 05:40:35] Epoch 08 train batch [920/1875] loss=0.1162 avg_loss=0.1638
[2026-06-03 05:40:37] Epoch 08 train batch [940/1875] loss=0.0222 avg_loss=0.1631
[2026-06-03 05:40:39] Epoch 08 train batch [960/1875] loss=0.3672 avg_loss=0.1636
[2026-06-03 05:40:40] Epoch 08 train batch [980/1875] loss=0.1318 avg_loss=0.1645
[2026-06-03 05:40:42] Epoch 08 train batch [1000/1875] loss=0.3469 avg_loss=0.1650
[2026-06-03 05:40:44] Epoch 08 train batch [1020/1875] loss=0.3139 avg_loss=0.1646
[2026-06-03 05:40:46] Epoch 08 train batch [1040/1875] loss=0.1711 avg_loss=0.1647
[2026-06-03 05:40:47] Epoch 08 train batch [1060/1875] loss=0.4090 avg_loss=0.1650
[2026-06-03 05:40:49] Epoch 08 train batch [1080/1875] loss=0.0865 avg_loss=0.1654
[2026-06-03 05:40:51] Epoch 08 train batch [1100/1875] loss=0.5493 avg_loss=0.1658
[2026-06-03 05:40:53] Epoch 08 train batch [1120/1875] loss=0.2051 avg_loss=0.1657
[2026-06-03 05:40:54] Epoch 08 train batch [1140/1875] loss=0.2573 avg_loss=0.1661
[2026-06-03 05:40:56] Epoch 08 train batch [1160/1875] loss=0.0285 avg_loss=0.1657
[2026-06-03 05:40:58] Epoch 08 train batch [1180/1875] loss=0.1760 avg_loss=0.1671
[2026-06-03 05:40:59] Epoch 08 train batch [1200/1875] loss=0.1494 avg_loss=0.1669
[2026-06-03 05:41:01] Epoch 08 train batch [1220/1875] loss=0.0193 avg_loss=0.1671
[2026-06-03 05:41:03] Epoch 08 train batch [1240/1875] loss=0.2367 avg_loss=0.1667
[2026-06-03 05:41:05] Epoch 08 train batch [1260/1875] loss=0.1700 avg_loss=0.1668
[2026-06-03 05:41:06] Epoch 08 train batch [1280/1875] loss=0.0093 avg_loss=0.1665
[2026-06-03 05:41:08] Epoch 08 train batch [1300/1875] loss=0.1006 avg_loss=0.1664
[2026-06-03 05:41:10] Epoch 08 train batch [1320/1875] loss=0.0983 avg_loss=0.1664
[2026-06-03 05:41:12] Epoch 08 train batch [1340/1875] loss=0.1531 avg_loss=0.1661
[2026-06-03 05:41:13] Epoch 08 train batch [1360/1875] loss=0.2719 avg_loss=0.1663
[2026-06-03 05:41:15] Epoch 08 train batch [1380/1875] loss=0.1025 avg_loss=0.1662
[2026-06-03 05:41:17] Epoch 08 train batch [1400/1875] loss=0.3824 avg_loss=0.1663
[2026-06-03 05:41:18] Epoch 08 train batch [1420/1875] loss=0.2609 avg_loss=0.1660
[2026-06-03 05:41:20] Epoch 08 train batch [1440/1875] loss=0.4101 avg_loss=0.1659
[2026-06-03 05:41:22] Epoch 08 train batch [1460/1875] loss=0.0585 avg_loss=0.1661
[2026-06-03 05:41:24] Epoch 08 train batch [1480/1875] loss=0.3658 avg_loss=0.1662
[2026-06-03 05:41:25] Epoch 08 train batch [1500/1875] loss=0.2019 avg_loss=0.1658
[2026-06-03 05:41:27] Epoch 08 train batch [1520/1875] loss=0.1933 avg_loss=0.1658
[2026-06-03 05:41:29] Epoch 08 train batch [1540/1875] loss=0.0271 avg_loss=0.1656
[2026-06-03 05:41:30] Epoch 08 train batch [1560/1875] loss=0.0933 avg_loss=0.1658
[2026-06-03 05:41:32] Epoch 08 train batch [1580/1875] loss=0.1403 avg_loss=0.1655
[2026-06-03 05:41:34] Epoch 08 train batch [1600/1875] loss=0.1487 avg_loss=0.1658
[2026-06-03 05:41:36] Epoch 08 train batch [1620/1875] loss=0.3171 avg_loss=0.1656
[2026-06-03 05:41:38] Epoch 08 train batch [1640/1875] loss=0.0962 avg_loss=0.1659
[2026-06-03 05:41:39] Epoch 08 train batch [1660/1875] loss=0.1616 avg_loss=0.1661
[2026-06-03 05:41:41] Epoch 08 train batch [1680/1875] loss=0.3036 avg_loss=0.1658
[2026-06-03 05:41:43] Epoch 08 train batch [1700/1875] loss=0.0769 avg_loss=0.1652
[2026-06-03 05:41:45] Epoch 08 train batch [1720/1875] loss=0.0130 avg_loss=0.1652
[2026-06-03 05:41:46] Epoch 08 train batch [1740/1875] loss=0.3164 avg_loss=0.1652
[2026-06-03 05:41:48] Epoch 08 train batch [1760/1875] loss=0.1390 avg_loss=0.1650
[2026-06-03 05:41:50] Epoch 08 train batch [1780/1875] loss=0.2228 avg_loss=0.1648
[2026-06-03 05:41:52] Epoch 08 train batch [1800/1875] loss=0.2253 avg_loss=0.1648
[2026-06-03 05:41:53] Epoch 08 train batch [1820/1875] loss=0.0945 avg_loss=0.1648
[2026-06-03 05:41:55] Epoch 08 train batch [1840/1875] loss=0.1399 avg_loss=0.1646
[2026-06-03 05:41:57] Epoch 08 train batch [1860/1875] loss=0.0449 avg_loss=0.1646
[2026-06-03 05:41:58] Epoch 08 train batch [1875/1875] loss=0.0381 avg_loss=0.1648
[2026-06-03 05:41:58] Epoch 08 training completed. Computing validation loss.
[2026-06-03 05:42:15] Epoch 08 validation loss completed: 0.1835. Computing detection metrics.
[2026-06-03 05:42:32] Epoch 08 metrics computed. Saving artifacts.
[2026-06-03 05:42:34] Epoch 08 improved mAP@0.5 to 0.7347. Saved best checkpoint: best_model-20260603-051553.pth.
Epoch [08/30]
├── Train Loss : 0.1648
│   ├── loss_classifier  : 0.0540
│   ├── loss_box_reg     : 0.0986
│   ├── loss_objectness  : 0.0067
│   └── loss_rpn_box_reg : 0.0056
├── Val Loss   : 0.1835
├── mAP@0.5    : 0.7347
├── mAP@0.75   : 0.3810
├── mAP@0.5:0.95 : 0.3941
├── Precision  : 0.4463
├── Recall     : 0.8436
├── GT Boxes   : 2021
├── Predictions: 3820
├── Per-class AP
│   ├── person  : AP50=0.8367, AP75=0.4232, AP50:95=0.4484, P=0.4574, R=0.8939
│   ├── car     : AP50=0.6685, AP75=0.2919, AP50:95=0.3263, P=0.3899, R=0.7633
│   ├── dog     : AP50=0.8159, AP75=0.4984, AP50:95=0.4716, P=0.5403, R=0.8786
│   ├── cat     : AP50=0.8716, AP75=0.5099, AP50:95=0.4955, P=0.5571, R=0.9148
│   └── chair   : AP50=0.4806, AP75=0.1815, AP50:95=0.2285, P=0.3444, R=0.6631
├── LR         : 0.001000
└── Time       : 198.3s
[2026-06-03 05:42:34] Epoch [08/30] completed.
[2026-06-03 05:42:34] Epoch [09/30] started.
[2026-06-03 05:42:35] Epoch 09 train batch [20/1875] loss=0.2297 avg_loss=0.1777
[2026-06-03 05:42:37] Epoch 09 train batch [40/1875] loss=0.0633 avg_loss=0.1834
[2026-06-03 05:42:39] Epoch 09 train batch [60/1875] loss=0.2204 avg_loss=0.1880
[2026-06-03 05:42:41] Epoch 09 train batch [80/1875] loss=0.0674 avg_loss=0.1799
[2026-06-03 05:42:42] Epoch 09 train batch [100/1875] loss=0.0929 avg_loss=0.1747
[2026-06-03 05:42:44] Epoch 09 train batch [120/1875] loss=0.1796 avg_loss=0.1718
[2026-06-03 05:42:46] Epoch 09 train batch [140/1875] loss=0.3248 avg_loss=0.1724
[2026-06-03 05:42:48] Epoch 09 train batch [160/1875] loss=0.1090 avg_loss=0.1760
[2026-06-03 05:42:49] Epoch 09 train batch [180/1875] loss=0.1443 avg_loss=0.1736
[2026-06-03 05:42:51] Epoch 09 train batch [200/1875] loss=0.1365 avg_loss=0.1666
[2026-06-03 05:42:53] Epoch 09 train batch [220/1875] loss=0.0937 avg_loss=0.1675
[2026-06-03 05:42:55] Epoch 09 train batch [240/1875] loss=0.0345 avg_loss=0.1685
[2026-06-03 05:42:56] Epoch 09 train batch [260/1875] loss=0.3714 avg_loss=0.1710
[2026-06-03 05:42:58] Epoch 09 train batch [280/1875] loss=0.1519 avg_loss=0.1699
[2026-06-03 05:43:00] Epoch 09 train batch [300/1875] loss=0.2759 avg_loss=0.1708
[2026-06-03 05:43:02] Epoch 09 train batch [320/1875] loss=0.1618 avg_loss=0.1694
[2026-06-03 05:43:03] Epoch 09 train batch [340/1875] loss=0.1290 avg_loss=0.1672
[2026-06-03 05:43:05] Epoch 09 train batch [360/1875] loss=0.2413 avg_loss=0.1663
[2026-06-03 05:43:07] Epoch 09 train batch [380/1875] loss=0.3465 avg_loss=0.1664
[2026-06-03 05:43:09] Epoch 09 train batch [400/1875] loss=0.0336 avg_loss=0.1637
[2026-06-03 05:43:10] Epoch 09 train batch [420/1875] loss=0.2235 avg_loss=0.1652
[2026-06-03 05:43:12] Epoch 09 train batch [440/1875] loss=0.1327 avg_loss=0.1646
[2026-06-03 05:43:14] Epoch 09 train batch [460/1875] loss=0.1028 avg_loss=0.1638
[2026-06-03 05:43:16] Epoch 09 train batch [480/1875] loss=0.0719 avg_loss=0.1616
[2026-06-03 05:43:17] Epoch 09 train batch [500/1875] loss=0.1311 avg_loss=0.1603
[2026-06-03 05:43:19] Epoch 09 train batch [520/1875] loss=0.1495 avg_loss=0.1602
[2026-06-03 05:43:21] Epoch 09 train batch [540/1875] loss=0.0532 avg_loss=0.1600
[2026-06-03 05:43:23] Epoch 09 train batch [560/1875] loss=0.0539 avg_loss=0.1592
[2026-06-03 05:43:24] Epoch 09 train batch [580/1875] loss=0.2653 avg_loss=0.1587
[2026-06-03 05:43:26] Epoch 09 train batch [600/1875] loss=0.2431 avg_loss=0.1589
[2026-06-03 05:43:28] Epoch 09 train batch [620/1875] loss=0.0727 avg_loss=0.1590
[2026-06-03 05:43:30] Epoch 09 train batch [640/1875] loss=0.0482 avg_loss=0.1582
[2026-06-03 05:43:31] Epoch 09 train batch [660/1875] loss=0.0799 avg_loss=0.1582
[2026-06-03 05:43:33] Epoch 09 train batch [680/1875] loss=0.2864 avg_loss=0.1583
[2026-06-03 05:43:35] Epoch 09 train batch [700/1875] loss=0.3361 avg_loss=0.1576
[2026-06-03 05:43:37] Epoch 09 train batch [720/1875] loss=0.4328 avg_loss=0.1575
[2026-06-03 05:43:38] Epoch 09 train batch [740/1875] loss=0.0418 avg_loss=0.1576
[2026-06-03 05:43:40] Epoch 09 train batch [760/1875] loss=0.0314 avg_loss=0.1575
[2026-06-03 05:43:42] Epoch 09 train batch [780/1875] loss=0.0745 avg_loss=0.1573
[2026-06-03 05:43:44] Epoch 09 train batch [800/1875] loss=0.1383 avg_loss=0.1582
[2026-06-03 05:43:45] Epoch 09 train batch [820/1875] loss=0.0594 avg_loss=0.1588
[2026-06-03 05:43:47] Epoch 09 train batch [840/1875] loss=0.0632 avg_loss=0.1590
[2026-06-03 05:43:49] Epoch 09 train batch [860/1875] loss=0.0589 avg_loss=0.1594
[2026-06-03 05:43:51] Epoch 09 train batch [880/1875] loss=0.0680 avg_loss=0.1596
[2026-06-03 05:43:52] Epoch 09 train batch [900/1875] loss=0.1397 avg_loss=0.1604
[2026-06-03 05:43:54] Epoch 09 train batch [920/1875] loss=0.2206 avg_loss=0.1599
[2026-06-03 05:43:56] Epoch 09 train batch [940/1875] loss=0.0692 avg_loss=0.1595
[2026-06-03 05:43:57] Epoch 09 train batch [960/1875] loss=0.2364 avg_loss=0.1592
[2026-06-03 05:43:59] Epoch 09 train batch [980/1875] loss=0.2906 avg_loss=0.1599
[2026-06-03 05:44:01] Epoch 09 train batch [1000/1875] loss=0.1444 avg_loss=0.1600
[2026-06-03 05:44:03] Epoch 09 train batch [1020/1875] loss=0.0774 avg_loss=0.1599
[2026-06-03 05:44:04] Epoch 09 train batch [1040/1875] loss=0.0917 avg_loss=0.1590
[2026-06-03 05:44:06] Epoch 09 train batch [1060/1875] loss=0.0755 avg_loss=0.1580
[2026-06-03 05:44:08] Epoch 09 train batch [1080/1875] loss=0.3593 avg_loss=0.1587
[2026-06-03 05:44:10] Epoch 09 train batch [1100/1875] loss=0.1962 avg_loss=0.1595
[2026-06-03 05:44:11] Epoch 09 train batch [1120/1875] loss=0.0859 avg_loss=0.1598
[2026-06-03 05:44:13] Epoch 09 train batch [1140/1875] loss=0.1976 avg_loss=0.1608
[2026-06-03 05:44:15] Epoch 09 train batch [1160/1875] loss=0.0276 avg_loss=0.1600
[2026-06-03 05:44:17] Epoch 09 train batch [1180/1875] loss=0.0933 avg_loss=0.1600
[2026-06-03 05:44:18] Epoch 09 train batch [1200/1875] loss=0.0981 avg_loss=0.1596
[2026-06-03 05:44:20] Epoch 09 train batch [1220/1875] loss=0.0315 avg_loss=0.1596
[2026-06-03 05:44:22] Epoch 09 train batch [1240/1875] loss=0.0965 avg_loss=0.1597
[2026-06-03 05:44:24] Epoch 09 train batch [1260/1875] loss=0.2895 avg_loss=0.1598
[2026-06-03 05:44:25] Epoch 09 train batch [1280/1875] loss=0.1406 avg_loss=0.1593
[2026-06-03 05:44:27] Epoch 09 train batch [1300/1875] loss=0.1209 avg_loss=0.1597
[2026-06-03 05:44:29] Epoch 09 train batch [1320/1875] loss=0.2925 avg_loss=0.1591
[2026-06-03 05:44:31] Epoch 09 train batch [1340/1875] loss=0.2163 avg_loss=0.1593
[2026-06-03 05:44:32] Epoch 09 train batch [1360/1875] loss=0.4305 avg_loss=0.1593
[2026-06-03 05:44:34] Epoch 09 train batch [1380/1875] loss=0.1998 avg_loss=0.1595
[2026-06-03 05:44:36] Epoch 09 train batch [1400/1875] loss=0.1356 avg_loss=0.1597
[2026-06-03 05:44:38] Epoch 09 train batch [1420/1875] loss=0.1508 avg_loss=0.1593
[2026-06-03 05:44:39] Epoch 09 train batch [1440/1875] loss=0.0363 avg_loss=0.1594
[2026-06-03 05:44:41] Epoch 09 train batch [1460/1875] loss=0.1403 avg_loss=0.1590
[2026-06-03 05:44:43] Epoch 09 train batch [1480/1875] loss=0.1383 avg_loss=0.1594
[2026-06-03 05:44:45] Epoch 09 train batch [1500/1875] loss=0.2554 avg_loss=0.1590
[2026-06-03 05:44:46] Epoch 09 train batch [1520/1875] loss=0.0703 avg_loss=0.1583
[2026-06-03 05:44:48] Epoch 09 train batch [1540/1875] loss=0.4147 avg_loss=0.1590
[2026-06-03 05:44:50] Epoch 09 train batch [1560/1875] loss=0.0687 avg_loss=0.1590
[2026-06-03 05:44:52] Epoch 09 train batch [1580/1875] loss=0.1724 avg_loss=0.1588
[2026-06-03 05:44:53] Epoch 09 train batch [1600/1875] loss=0.3663 avg_loss=0.1585
[2026-06-03 05:44:55] Epoch 09 train batch [1620/1875] loss=0.1288 avg_loss=0.1588
[2026-06-03 05:44:57] Epoch 09 train batch [1640/1875] loss=0.3279 avg_loss=0.1589
[2026-06-03 05:44:58] Epoch 09 train batch [1660/1875] loss=0.2421 avg_loss=0.1588
[2026-06-03 05:45:00] Epoch 09 train batch [1680/1875] loss=0.0739 avg_loss=0.1587
[2026-06-03 05:45:02] Epoch 09 train batch [1700/1875] loss=0.1525 avg_loss=0.1586
[2026-06-03 05:45:04] Epoch 09 train batch [1720/1875] loss=0.0996 avg_loss=0.1584
[2026-06-03 05:45:06] Epoch 09 train batch [1740/1875] loss=0.1174 avg_loss=0.1583
[2026-06-03 05:45:07] Epoch 09 train batch [1760/1875] loss=0.1729 avg_loss=0.1588
[2026-06-03 05:45:09] Epoch 09 train batch [1780/1875] loss=0.0957 avg_loss=0.1594
[2026-06-03 05:45:11] Epoch 09 train batch [1800/1875] loss=0.1363 avg_loss=0.1591
[2026-06-03 05:45:13] Epoch 09 train batch [1820/1875] loss=0.0130 avg_loss=0.1591
[2026-06-03 05:45:14] Epoch 09 train batch [1840/1875] loss=0.2701 avg_loss=0.1590
[2026-06-03 05:45:16] Epoch 09 train batch [1860/1875] loss=0.1137 avg_loss=0.1588
[2026-06-03 05:45:17] Epoch 09 train batch [1875/1875] loss=0.1902 avg_loss=0.1589
[2026-06-03 05:45:17] Epoch 09 training completed. Computing validation loss.
[2026-06-03 05:45:35] Epoch 09 validation loss completed: 0.1819. Computing detection metrics.
[2026-06-03 05:45:52] Epoch 09 metrics computed. Saving artifacts.
[2026-06-03 05:45:54] Epoch 09 improved mAP@0.5 to 0.7513. Saved best checkpoint: best_model-20260603-051553.pth.
Epoch [09/30]
├── Train Loss : 0.1589
│   ├── loss_classifier  : 0.0517
│   ├── loss_box_reg     : 0.0956
│   ├── loss_objectness  : 0.0063
│   └── loss_rpn_box_reg : 0.0054
├── Val Loss   : 0.1819
├── mAP@0.5    : 0.7513
├── mAP@0.75   : 0.3891
├── mAP@0.5:0.95 : 0.4014
├── Precision  : 0.4790
├── Recall     : 0.8456
├── GT Boxes   : 2021
├── Predictions: 3568
├── Per-class AP
│   ├── person  : AP50=0.8218, AP75=0.3904, AP50:95=0.4276, P=0.5665, R=0.8641
│   ├── car     : AP50=0.7265, AP75=0.4115, AP50:95=0.3937, P=0.4229, R=0.8233
│   ├── dog     : AP50=0.8359, AP75=0.4906, AP50:95=0.4667, P=0.5662, R=0.8932
│   ├── cat     : AP50=0.8648, AP75=0.4697, AP50:95=0.4873, P=0.6916, R=0.8920
│   └── chair   : AP50=0.5077, AP75=0.1835, AP50:95=0.2315, P=0.2503, R=0.7340
├── LR         : 0.001000
└── Time       : 198.0s
[2026-06-03 05:45:54] Epoch [09/30] completed.
[2026-06-03 05:45:54] Epoch [10/30] started.
[2026-06-03 05:45:56] Epoch 10 train batch [20/1875] loss=0.0582 avg_loss=0.1037
[2026-06-03 05:45:58] Epoch 10 train batch [40/1875] loss=0.0678 avg_loss=0.1068
[2026-06-03 05:46:00] Epoch 10 train batch [60/1875] loss=0.0775 avg_loss=0.1303
[2026-06-03 05:46:01] Epoch 10 train batch [80/1875] loss=0.1987 avg_loss=0.1300
[2026-06-03 05:46:03] Epoch 10 train batch [100/1875] loss=0.1272 avg_loss=0.1291
[2026-06-03 05:46:05] Epoch 10 train batch [120/1875] loss=0.0529 avg_loss=0.1281
[2026-06-03 05:46:06] Epoch 10 train batch [140/1875] loss=0.1054 avg_loss=0.1303
[2026-06-03 05:46:08] Epoch 10 train batch [160/1875] loss=0.0968 avg_loss=0.1362
[2026-06-03 05:46:10] Epoch 10 train batch [180/1875] loss=0.0866 avg_loss=0.1390
[2026-06-03 05:46:12] Epoch 10 train batch [200/1875] loss=0.1626 avg_loss=0.1377
[2026-06-03 05:46:13] Epoch 10 train batch [220/1875] loss=0.0900 avg_loss=0.1416
[2026-06-03 05:46:15] Epoch 10 train batch [240/1875] loss=0.0268 avg_loss=0.1414
[2026-06-03 05:46:17] Epoch 10 train batch [260/1875] loss=0.0071 avg_loss=0.1397
[2026-06-03 05:46:19] Epoch 10 train batch [280/1875] loss=0.0301 avg_loss=0.1388
[2026-06-03 05:46:20] Epoch 10 train batch [300/1875] loss=0.0309 avg_loss=0.1403
[2026-06-03 05:46:22] Epoch 10 train batch [320/1875] loss=0.1111 avg_loss=0.1421
[2026-06-03 05:46:24] Epoch 10 train batch [340/1875] loss=0.1107 avg_loss=0.1428
[2026-06-03 05:46:26] Epoch 10 train batch [360/1875] loss=0.1411 avg_loss=0.1423
[2026-06-03 05:46:27] Epoch 10 train batch [380/1875] loss=0.0155 avg_loss=0.1426
[2026-06-03 05:46:29] Epoch 10 train batch [400/1875] loss=0.1490 avg_loss=0.1430
[2026-06-03 05:46:31] Epoch 10 train batch [420/1875] loss=0.0750 avg_loss=0.1420
[2026-06-03 05:46:33] Epoch 10 train batch [440/1875] loss=0.1975 avg_loss=0.1434
[2026-06-03 05:46:34] Epoch 10 train batch [460/1875] loss=0.0663 avg_loss=0.1442
[2026-06-03 05:46:36] Epoch 10 train batch [480/1875] loss=0.6800 avg_loss=0.1447
[2026-06-03 05:46:38] Epoch 10 train batch [500/1875] loss=0.0889 avg_loss=0.1445
[2026-06-03 05:46:40] Epoch 10 train batch [520/1875] loss=0.1091 avg_loss=0.1457
[2026-06-03 05:46:41] Epoch 10 train batch [540/1875] loss=0.1185 avg_loss=0.1470
[2026-06-03 05:46:43] Epoch 10 train batch [560/1875] loss=0.4299 avg_loss=0.1462
[2026-06-03 05:46:45] Epoch 10 train batch [580/1875] loss=0.1129 avg_loss=0.1477
[2026-06-03 05:46:47] Epoch 10 train batch [600/1875] loss=0.1125 avg_loss=0.1475
[2026-06-03 05:46:49] Epoch 10 train batch [620/1875] loss=0.1064 avg_loss=0.1473
[2026-06-03 05:46:50] Epoch 10 train batch [640/1875] loss=0.1528 avg_loss=0.1469
[2026-06-03 05:46:52] Epoch 10 train batch [660/1875] loss=0.1609 avg_loss=0.1485
[2026-06-03 05:46:54] Epoch 10 train batch [680/1875] loss=0.0364 avg_loss=0.1491
[2026-06-03 05:46:56] Epoch 10 train batch [700/1875] loss=0.1953 avg_loss=0.1498
[2026-06-03 05:46:57] Epoch 10 train batch [720/1875] loss=0.1587 avg_loss=0.1505
[2026-06-03 05:46:59] Epoch 10 train batch [740/1875] loss=0.0643 avg_loss=0.1509
[2026-06-03 05:47:01] Epoch 10 train batch [760/1875] loss=0.3325 avg_loss=0.1506
[2026-06-03 05:47:02] Epoch 10 train batch [780/1875] loss=0.1653 avg_loss=0.1501
[2026-06-03 05:47:04] Epoch 10 train batch [800/1875] loss=0.2819 avg_loss=0.1494
[2026-06-03 05:47:06] Epoch 10 train batch [820/1875] loss=0.2390 avg_loss=0.1502
[2026-06-03 05:47:08] Epoch 10 train batch [840/1875] loss=0.0751 avg_loss=0.1502
[2026-06-03 05:47:09] Epoch 10 train batch [860/1875] loss=0.1393 avg_loss=0.1497
[2026-06-03 05:47:11] Epoch 10 train batch [880/1875] loss=0.2042 avg_loss=0.1494
[2026-06-03 05:47:13] Epoch 10 train batch [900/1875] loss=0.1953 avg_loss=0.1497
[2026-06-03 05:47:15] Epoch 10 train batch [920/1875] loss=0.1997 avg_loss=0.1493
[2026-06-03 05:47:16] Epoch 10 train batch [940/1875] loss=0.0600 avg_loss=0.1496
[2026-06-03 05:47:18] Epoch 10 train batch [960/1875] loss=0.0840 avg_loss=0.1494
[2026-06-03 05:47:20] Epoch 10 train batch [980/1875] loss=0.1753 avg_loss=0.1494
[2026-06-03 05:47:22] Epoch 10 train batch [1000/1875] loss=0.2106 avg_loss=0.1491
[2026-06-03 05:47:23] Epoch 10 train batch [1020/1875] loss=0.0628 avg_loss=0.1491
[2026-06-03 05:47:25] Epoch 10 train batch [1040/1875] loss=0.0280 avg_loss=0.1499
[2026-06-03 05:47:27] Epoch 10 train batch [1060/1875] loss=0.1707 avg_loss=0.1496
[2026-06-03 05:47:29] Epoch 10 train batch [1080/1875] loss=0.0878 avg_loss=0.1493
[2026-06-03 05:47:30] Epoch 10 train batch [1100/1875] loss=0.1123 avg_loss=0.1488
[2026-06-03 05:47:32] Epoch 10 train batch [1120/1875] loss=0.3652 avg_loss=0.1487
[2026-06-03 05:47:34] Epoch 10 train batch [1140/1875] loss=0.2521 avg_loss=0.1488
[2026-06-03 05:47:36] Epoch 10 train batch [1160/1875] loss=0.2035 avg_loss=0.1496
[2026-06-03 05:47:37] Epoch 10 train batch [1180/1875] loss=0.0598 avg_loss=0.1495
[2026-06-03 05:47:39] Epoch 10 train batch [1200/1875] loss=0.0368 avg_loss=0.1491
[2026-06-03 05:47:41] Epoch 10 train batch [1220/1875] loss=0.3200 avg_loss=0.1493
[2026-06-03 05:47:43] Epoch 10 train batch [1240/1875] loss=0.1471 avg_loss=0.1491
[2026-06-03 05:47:44] Epoch 10 train batch [1260/1875] loss=0.2726 avg_loss=0.1489
[2026-06-03 05:47:46] Epoch 10 train batch [1280/1875] loss=0.1301 avg_loss=0.1491
[2026-06-03 05:47:48] Epoch 10 train batch [1300/1875] loss=0.1606 avg_loss=0.1494
[2026-06-03 05:47:50] Epoch 10 train batch [1320/1875] loss=0.3239 avg_loss=0.1496
[2026-06-03 05:47:51] Epoch 10 train batch [1340/1875] loss=0.3760 avg_loss=0.1500
[2026-06-03 05:47:53] Epoch 10 train batch [1360/1875] loss=0.0461 avg_loss=0.1494
[2026-06-03 05:47:55] Epoch 10 train batch [1380/1875] loss=0.1207 avg_loss=0.1493
[2026-06-03 05:47:57] Epoch 10 train batch [1400/1875] loss=0.0029 avg_loss=0.1492
[2026-06-03 05:47:58] Epoch 10 train batch [1420/1875] loss=0.1157 avg_loss=0.1490
[2026-06-03 05:48:00] Epoch 10 train batch [1440/1875] loss=0.0435 avg_loss=0.1491
[2026-06-03 05:48:02] Epoch 10 train batch [1460/1875] loss=0.2304 avg_loss=0.1489
[2026-06-03 05:48:04] Epoch 10 train batch [1480/1875] loss=0.3213 avg_loss=0.1491
[2026-06-03 05:48:05] Epoch 10 train batch [1500/1875] loss=0.0451 avg_loss=0.1493
[2026-06-03 05:48:07] Epoch 10 train batch [1520/1875] loss=0.0721 avg_loss=0.1494
[2026-06-03 05:48:09] Epoch 10 train batch [1540/1875] loss=0.1303 avg_loss=0.1492
[2026-06-03 05:48:11] Epoch 10 train batch [1560/1875] loss=0.1536 avg_loss=0.1491
[2026-06-03 05:48:12] Epoch 10 train batch [1580/1875] loss=0.0067 avg_loss=0.1488
[2026-06-03 05:48:14] Epoch 10 train batch [1600/1875] loss=0.1422 avg_loss=0.1490
[2026-06-03 05:48:16] Epoch 10 train batch [1620/1875] loss=0.3005 avg_loss=0.1494
[2026-06-03 05:48:18] Epoch 10 train batch [1640/1875] loss=0.2038 avg_loss=0.1495
[2026-06-03 05:48:19] Epoch 10 train batch [1660/1875] loss=0.0749 avg_loss=0.1491
[2026-06-03 05:48:21] Epoch 10 train batch [1680/1875] loss=0.2419 avg_loss=0.1492
[2026-06-03 05:48:23] Epoch 10 train batch [1700/1875] loss=0.2279 avg_loss=0.1490
[2026-06-03 05:48:25] Epoch 10 train batch [1720/1875] loss=0.2370 avg_loss=0.1493
[2026-06-03 05:48:26] Epoch 10 train batch [1740/1875] loss=0.1973 avg_loss=0.1499
[2026-06-03 05:48:28] Epoch 10 train batch [1760/1875] loss=0.2468 avg_loss=0.1499
[2026-06-03 05:48:30] Epoch 10 train batch [1780/1875] loss=0.2065 avg_loss=0.1501
[2026-06-03 05:48:32] Epoch 10 train batch [1800/1875] loss=0.2104 avg_loss=0.1503
[2026-06-03 05:48:33] Epoch 10 train batch [1820/1875] loss=0.0300 avg_loss=0.1504
[2026-06-03 05:48:35] Epoch 10 train batch [1840/1875] loss=0.0874 avg_loss=0.1505
[2026-06-03 05:48:37] Epoch 10 train batch [1860/1875] loss=0.2224 avg_loss=0.1506
[2026-06-03 05:48:38] Epoch 10 train batch [1875/1875] loss=0.0165 avg_loss=0.1506
[2026-06-03 05:48:38] Epoch 10 training completed. Computing validation loss.
[2026-06-03 05:48:55] Epoch 10 validation loss completed: 0.1849. Computing detection metrics.
[2026-06-03 05:49:12] Epoch 10 metrics computed. Saving artifacts.
[2026-06-03 05:49:13] Epoch 10 did not improve mAP@0.5 enough. Early stopping counter: 1/7.
Epoch [10/30]
├── Train Loss : 0.1506
│   ├── loss_classifier  : 0.0485
│   ├── loss_box_reg     : 0.0912
│   ├── loss_objectness  : 0.0057
│   └── loss_rpn_box_reg : 0.0051
├── Val Loss   : 0.1849
├── mAP@0.5    : 0.7505
├── mAP@0.75   : 0.3972
├── mAP@0.5:0.95 : 0.4075
├── Precision  : 0.5526
├── Recall     : 0.8293
├── GT Boxes   : 2021
├── Predictions: 3033
├── Per-class AP
│   ├── person  : AP50=0.8191, AP75=0.4142, AP50:95=0.4321, P=0.5839, R=0.8687
│   ├── car     : AP50=0.7264, AP75=0.4035, AP50:95=0.3960, P=0.4535, R=0.8092
│   ├── dog     : AP50=0.8373, AP75=0.4972, AP50:95=0.4834, P=0.7103, R=0.8689
│   ├── cat     : AP50=0.8918, AP75=0.5010, AP50:95=0.5059, P=0.6067, R=0.9205
│   └── chair   : AP50=0.4778, AP75=0.1703, AP50:95=0.2200, P=0.4209, R=0.6135
├── LR         : 0.001000
└── Time       : 197.7s
[2026-06-03 05:49:13] Epoch [10/30] completed.
[2026-06-03 05:49:13] Epoch [11/30] started.
[2026-06-03 05:49:14] Epoch 11 train batch [20/1875] loss=0.2366 avg_loss=0.1431
[2026-06-03 05:49:16] Epoch 11 train batch [40/1875] loss=0.1926 avg_loss=0.1467
[2026-06-03 05:49:18] Epoch 11 train batch [60/1875] loss=0.1500 avg_loss=0.1558
[2026-06-03 05:49:20] Epoch 11 train batch [80/1875] loss=0.1360 avg_loss=0.1491
[2026-06-03 05:49:21] Epoch 11 train batch [100/1875] loss=0.1091 avg_loss=0.1480
[2026-06-03 05:49:23] Epoch 11 train batch [120/1875] loss=0.2040 avg_loss=0.1549
[2026-06-03 05:49:25] Epoch 11 train batch [140/1875] loss=0.1279 avg_loss=0.1513
[2026-06-03 05:49:27] Epoch 11 train batch [160/1875] loss=0.0416 avg_loss=0.1476
[2026-06-03 05:49:28] Epoch 11 train batch [180/1875] loss=0.0825 avg_loss=0.1450
[2026-06-03 05:49:30] Epoch 11 train batch [200/1875] loss=0.1038 avg_loss=0.1437
[2026-06-03 05:49:32] Epoch 11 train batch [220/1875] loss=0.0014 avg_loss=0.1426
[2026-06-03 05:49:34] Epoch 11 train batch [240/1875] loss=0.1011 avg_loss=0.1410
[2026-06-03 05:49:35] Epoch 11 train batch [260/1875] loss=0.1774 avg_loss=0.1378
[2026-06-03 05:49:37] Epoch 11 train batch [280/1875] loss=0.1296 avg_loss=0.1398
[2026-06-03 05:49:39] Epoch 11 train batch [300/1875] loss=0.3564 avg_loss=0.1382
[2026-06-03 05:49:41] Epoch 11 train batch [320/1875] loss=0.1270 avg_loss=0.1388
[2026-06-03 05:49:42] Epoch 11 train batch [340/1875] loss=0.0670 avg_loss=0.1380
[2026-06-03 05:49:44] Epoch 11 train batch [360/1875] loss=0.4491 avg_loss=0.1380
[2026-06-03 05:49:46] Epoch 11 train batch [380/1875] loss=0.1043 avg_loss=0.1384
[2026-06-03 05:49:48] Epoch 11 train batch [400/1875] loss=0.0335 avg_loss=0.1376
[2026-06-03 05:49:50] Epoch 11 train batch [420/1875] loss=0.2627 avg_loss=0.1381
[2026-06-03 05:49:51] Epoch 11 train batch [440/1875] loss=0.2722 avg_loss=0.1389
[2026-06-03 05:49:53] Epoch 11 train batch [460/1875] loss=0.0697 avg_loss=0.1389
[2026-06-03 05:49:55] Epoch 11 train batch [480/1875] loss=0.1026 avg_loss=0.1404
[2026-06-03 05:49:56] Epoch 11 train batch [500/1875] loss=0.0615 avg_loss=0.1410
[2026-06-03 05:49:58] Epoch 11 train batch [520/1875] loss=0.2408 avg_loss=0.1419
[2026-06-03 05:50:00] Epoch 11 train batch [540/1875] loss=0.0027 avg_loss=0.1422
[2026-06-03 05:50:02] Epoch 11 train batch [560/1875] loss=0.1419 avg_loss=0.1426
[2026-06-03 05:50:03] Epoch 11 train batch [580/1875] loss=0.1145 avg_loss=0.1421
[2026-06-03 05:50:05] Epoch 11 train batch [600/1875] loss=0.1438 avg_loss=0.1410
[2026-06-03 05:50:07] Epoch 11 train batch [620/1875] loss=0.2013 avg_loss=0.1405
[2026-06-03 05:50:08] Epoch 11 train batch [640/1875] loss=0.2814 avg_loss=0.1418
[2026-06-03 05:50:10] Epoch 11 train batch [660/1875] loss=0.3258 avg_loss=0.1424
[2026-06-03 05:50:12] Epoch 11 train batch [680/1875] loss=0.0528 avg_loss=0.1419
[2026-06-03 05:50:14] Epoch 11 train batch [700/1875] loss=0.0758 avg_loss=0.1412
[2026-06-03 05:50:15] Epoch 11 train batch [720/1875] loss=0.1012 avg_loss=0.1405
[2026-06-03 05:50:17] Epoch 11 train batch [740/1875] loss=0.0473 avg_loss=0.1401
[2026-06-03 05:50:19] Epoch 11 train batch [760/1875] loss=0.0696 avg_loss=0.1400
[2026-06-03 05:50:21] Epoch 11 train batch [780/1875] loss=0.0927 avg_loss=0.1400
[2026-06-03 05:50:23] Epoch 11 train batch [800/1875] loss=0.1080 avg_loss=0.1408
[2026-06-03 05:50:24] Epoch 11 train batch [820/1875] loss=0.1686 avg_loss=0.1418
[2026-06-03 05:50:26] Epoch 11 train batch [840/1875] loss=0.2464 avg_loss=0.1421
[2026-06-03 05:50:28] Epoch 11 train batch [860/1875] loss=0.1565 avg_loss=0.1421
[2026-06-03 05:50:30] Epoch 11 train batch [880/1875] loss=0.0833 avg_loss=0.1419
[2026-06-03 05:50:31] Epoch 11 train batch [900/1875] loss=0.0527 avg_loss=0.1430
[2026-06-03 05:50:33] Epoch 11 train batch [920/1875] loss=0.1381 avg_loss=0.1426
[2026-06-03 05:50:35] Epoch 11 train batch [940/1875] loss=0.1579 avg_loss=0.1415
[2026-06-03 05:50:37] Epoch 11 train batch [960/1875] loss=0.0303 avg_loss=0.1412
[2026-06-03 05:50:38] Epoch 11 train batch [980/1875] loss=0.2177 avg_loss=0.1409
[2026-06-03 05:50:40] Epoch 11 train batch [1000/1875] loss=0.3636 avg_loss=0.1408
[2026-06-03 05:50:42] Epoch 11 train batch [1020/1875] loss=0.2503 avg_loss=0.1406
[2026-06-03 05:50:44] Epoch 11 train batch [1040/1875] loss=0.0234 avg_loss=0.1405
[2026-06-03 05:50:45] Epoch 11 train batch [1060/1875] loss=0.0429 avg_loss=0.1402
[2026-06-03 05:50:47] Epoch 11 train batch [1080/1875] loss=0.0474 avg_loss=0.1399
[2026-06-03 05:50:49] Epoch 11 train batch [1100/1875] loss=0.0453 avg_loss=0.1395
[2026-06-03 05:50:51] Epoch 11 train batch [1120/1875] loss=0.2487 avg_loss=0.1404
[2026-06-03 05:50:52] Epoch 11 train batch [1140/1875] loss=0.0908 avg_loss=0.1402
[2026-06-03 05:50:54] Epoch 11 train batch [1160/1875] loss=0.1804 avg_loss=0.1406
[2026-06-03 05:50:56] Epoch 11 train batch [1180/1875] loss=0.1588 avg_loss=0.1412
[2026-06-03 05:50:58] Epoch 11 train batch [1200/1875] loss=0.1573 avg_loss=0.1409
[2026-06-03 05:50:59] Epoch 11 train batch [1220/1875] loss=0.0600 avg_loss=0.1413
[2026-06-03 05:51:01] Epoch 11 train batch [1240/1875] loss=0.3869 avg_loss=0.1414
[2026-06-03 05:51:03] Epoch 11 train batch [1260/1875] loss=0.1853 avg_loss=0.1411
[2026-06-03 05:51:04] Epoch 11 train batch [1280/1875] loss=0.1116 avg_loss=0.1414
[2026-06-03 05:51:06] Epoch 11 train batch [1300/1875] loss=0.0519 avg_loss=0.1415
[2026-06-03 05:51:08] Epoch 11 train batch [1320/1875] loss=0.0993 avg_loss=0.1417
[2026-06-03 05:51:10] Epoch 11 train batch [1340/1875] loss=0.1100 avg_loss=0.1419
[2026-06-03 05:51:11] Epoch 11 train batch [1360/1875] loss=0.0684 avg_loss=0.1419
[2026-06-03 05:51:13] Epoch 11 train batch [1380/1875] loss=0.2916 avg_loss=0.1423
[2026-06-03 05:51:15] Epoch 11 train batch [1400/1875] loss=0.0494 avg_loss=0.1424
[2026-06-03 05:51:17] Epoch 11 train batch [1420/1875] loss=0.0656 avg_loss=0.1428
[2026-06-03 05:51:18] Epoch 11 train batch [1440/1875] loss=0.0570 avg_loss=0.1430
[2026-06-03 05:51:20] Epoch 11 train batch [1460/1875] loss=0.2269 avg_loss=0.1432
[2026-06-03 05:51:22] Epoch 11 train batch [1480/1875] loss=0.1232 avg_loss=0.1432
[2026-06-03 05:51:24] Epoch 11 train batch [1500/1875] loss=0.1323 avg_loss=0.1429
[2026-06-03 05:51:25] Epoch 11 train batch [1520/1875] loss=0.1027 avg_loss=0.1428
[2026-06-03 05:51:27] Epoch 11 train batch [1540/1875] loss=0.2139 avg_loss=0.1427
[2026-06-03 05:51:29] Epoch 11 train batch [1560/1875] loss=0.2857 avg_loss=0.1429
[2026-06-03 05:51:30] Epoch 11 train batch [1580/1875] loss=0.2868 avg_loss=0.1431
[2026-06-03 05:51:32] Epoch 11 train batch [1600/1875] loss=0.1793 avg_loss=0.1436
[2026-06-03 05:51:34] Epoch 11 train batch [1620/1875] loss=0.0929 avg_loss=0.1442
[2026-06-03 05:51:36] Epoch 11 train batch [1640/1875] loss=0.0865 avg_loss=0.1445
[2026-06-03 05:51:38] Epoch 11 train batch [1660/1875] loss=0.2390 avg_loss=0.1446
[2026-06-03 05:51:39] Epoch 11 train batch [1680/1875] loss=0.1142 avg_loss=0.1445
[2026-06-03 05:51:41] Epoch 11 train batch [1700/1875] loss=0.1396 avg_loss=0.1443
[2026-06-03 05:51:43] Epoch 11 train batch [1720/1875] loss=0.1064 avg_loss=0.1443
[2026-06-03 05:51:45] Epoch 11 train batch [1740/1875] loss=0.0905 avg_loss=0.1444
[2026-06-03 05:51:46] Epoch 11 train batch [1760/1875] loss=0.0149 avg_loss=0.1444
[2026-06-03 05:51:48] Epoch 11 train batch [1780/1875] loss=0.1327 avg_loss=0.1446
[2026-06-03 05:51:50] Epoch 11 train batch [1800/1875] loss=0.1612 avg_loss=0.1449
[2026-06-03 05:51:52] Epoch 11 train batch [1820/1875] loss=0.1501 avg_loss=0.1449
[2026-06-03 05:51:53] Epoch 11 train batch [1840/1875] loss=0.2112 avg_loss=0.1452
[2026-06-03 05:51:55] Epoch 11 train batch [1860/1875] loss=0.0401 avg_loss=0.1454
[2026-06-03 05:51:56] Epoch 11 train batch [1875/1875] loss=0.2175 avg_loss=0.1454
[2026-06-03 05:51:56] Epoch 11 training completed. Computing validation loss.
[2026-06-03 05:52:14] Epoch 11 validation loss completed: 0.1876. Computing detection metrics.
[2026-06-03 05:52:31] Epoch 11 metrics computed. Saving artifacts.
[2026-06-03 05:52:31] Epoch 11 did not improve mAP@0.5 enough. Early stopping counter: 2/7.
Epoch [11/30]
├── Train Loss : 0.1454
│   ├── loss_classifier  : 0.0465
│   ├── loss_box_reg     : 0.0888
│   ├── loss_objectness  : 0.0052
│   └── loss_rpn_box_reg : 0.0049
├── Val Loss   : 0.1876
├── mAP@0.5    : 0.7407
├── mAP@0.75   : 0.3805
├── mAP@0.5:0.95 : 0.3924
├── Precision  : 0.5558
├── Recall     : 0.8229
├── GT Boxes   : 2021
├── Predictions: 2992
├── Per-class AP
│   ├── person  : AP50=0.8209, AP75=0.3951, AP50:95=0.4212, P=0.5729, R=0.8631
│   ├── car     : AP50=0.7021, AP75=0.4181, AP50:95=0.3932, P=0.5799, R=0.7562
│   ├── dog     : AP50=0.8415, AP75=0.5092, AP50:95=0.4772, P=0.5337, R=0.8835
│   ├── cat     : AP50=0.8327, AP75=0.3834, AP50:95=0.4326, P=0.7612, R=0.8693
│   └── chair   : AP50=0.5064, AP75=0.1965, AP50:95=0.2381, P=0.4039, R=0.6631
├── LR         : 0.001000
└── Time       : 198.0s
[2026-06-03 05:52:31] Epoch [11/30] completed.
[2026-06-03 05:52:31] Epoch [12/30] started.
[2026-06-03 05:52:33] Epoch 12 train batch [20/1875] loss=0.2550 avg_loss=0.1273
[2026-06-03 05:52:35] Epoch 12 train batch [40/1875] loss=0.1245 avg_loss=0.1272
[2026-06-03 05:52:37] Epoch 12 train batch [60/1875] loss=0.2574 avg_loss=0.1362
[2026-06-03 05:52:38] Epoch 12 train batch [80/1875] loss=0.2390 avg_loss=0.1386
[2026-06-03 05:52:40] Epoch 12 train batch [100/1875] loss=0.0510 avg_loss=0.1317
[2026-06-03 05:52:42] Epoch 12 train batch [120/1875] loss=0.0624 avg_loss=0.1298
[2026-06-03 05:52:44] Epoch 12 train batch [140/1875] loss=0.0934 avg_loss=0.1252
[2026-06-03 05:52:46] Epoch 12 train batch [160/1875] loss=0.0670 avg_loss=0.1279
[2026-06-03 05:52:47] Epoch 12 train batch [180/1875] loss=0.0683 avg_loss=0.1278
[2026-06-03 05:52:49] Epoch 12 train batch [200/1875] loss=0.1825 avg_loss=0.1306
[2026-06-03 05:52:51] Epoch 12 train batch [220/1875] loss=0.0793 avg_loss=0.1328
[2026-06-03 05:52:53] Epoch 12 train batch [240/1875] loss=0.0988 avg_loss=0.1297
[2026-06-03 05:52:54] Epoch 12 train batch [260/1875] loss=0.1130 avg_loss=0.1303
[2026-06-03 05:52:56] Epoch 12 train batch [280/1875] loss=0.0721 avg_loss=0.1297
[2026-06-03 05:52:58] Epoch 12 train batch [300/1875] loss=0.0983 avg_loss=0.1320
[2026-06-03 05:53:00] Epoch 12 train batch [320/1875] loss=0.0410 avg_loss=0.1325
[2026-06-03 05:53:01] Epoch 12 train batch [340/1875] loss=0.2930 avg_loss=0.1315
[2026-06-03 05:53:03] Epoch 12 train batch [360/1875] loss=0.1769 avg_loss=0.1297
[2026-06-03 05:53:05] Epoch 12 train batch [380/1875] loss=0.0554 avg_loss=0.1289
[2026-06-03 05:53:06] Epoch 12 train batch [400/1875] loss=0.1944 avg_loss=0.1314
[2026-06-03 05:53:08] Epoch 12 train batch [420/1875] loss=0.1585 avg_loss=0.1320
[2026-06-03 05:53:10] Epoch 12 train batch [440/1875] loss=0.1149 avg_loss=0.1331
[2026-06-03 05:53:12] Epoch 12 train batch [460/1875] loss=0.0793 avg_loss=0.1339
[2026-06-03 05:53:14] Epoch 12 train batch [480/1875] loss=0.0869 avg_loss=0.1327
[2026-06-03 05:53:15] Epoch 12 train batch [500/1875] loss=0.0493 avg_loss=0.1326
[2026-06-03 05:53:17] Epoch 12 train batch [520/1875] loss=0.0779 avg_loss=0.1343
[2026-06-03 05:53:19] Epoch 12 train batch [540/1875] loss=0.0974 avg_loss=0.1341
[2026-06-03 05:53:21] Epoch 12 train batch [560/1875] loss=0.3712 avg_loss=0.1346
[2026-06-03 05:53:22] Epoch 12 train batch [580/1875] loss=0.1051 avg_loss=0.1361
[2026-06-03 05:53:24] Epoch 12 train batch [600/1875] loss=0.3100 avg_loss=0.1363
[2026-06-03 05:53:26] Epoch 12 train batch [620/1875] loss=0.0755 avg_loss=0.1356
[2026-06-03 05:53:28] Epoch 12 train batch [640/1875] loss=0.2705 avg_loss=0.1352
[2026-06-03 05:53:29] Epoch 12 train batch [660/1875] loss=0.0258 avg_loss=0.1348
[2026-06-03 05:53:31] Epoch 12 train batch [680/1875] loss=0.1720 avg_loss=0.1346
[2026-06-03 05:53:33] Epoch 12 train batch [700/1875] loss=0.1741 avg_loss=0.1340
[2026-06-03 05:53:34] Epoch 12 train batch [720/1875] loss=0.0554 avg_loss=0.1356
[2026-06-03 05:53:36] Epoch 12 train batch [740/1875] loss=0.0132 avg_loss=0.1358
[2026-06-03 05:53:38] Epoch 12 train batch [760/1875] loss=0.1978 avg_loss=0.1350
[2026-06-03 05:53:40] Epoch 12 train batch [780/1875] loss=0.1152 avg_loss=0.1349
[2026-06-03 05:53:41] Epoch 12 train batch [800/1875] loss=0.3493 avg_loss=0.1352
[2026-06-03 05:53:43] Epoch 12 train batch [820/1875] loss=0.0345 avg_loss=0.1355
[2026-06-03 05:53:45] Epoch 12 train batch [840/1875] loss=0.1286 avg_loss=0.1353
[2026-06-03 05:53:47] Epoch 12 train batch [860/1875] loss=0.3723 avg_loss=0.1355
[2026-06-03 05:53:48] Epoch 12 train batch [880/1875] loss=0.0655 avg_loss=0.1348
[2026-06-03 05:53:50] Epoch 12 train batch [900/1875] loss=0.0057 avg_loss=0.1340
[2026-06-03 05:53:52] Epoch 12 train batch [920/1875] loss=0.0396 avg_loss=0.1347
[2026-06-03 05:53:54] Epoch 12 train batch [940/1875] loss=0.1079 avg_loss=0.1347
[2026-06-03 05:53:55] Epoch 12 train batch [960/1875] loss=0.3005 avg_loss=0.1353
[2026-06-03 05:53:57] Epoch 12 train batch [980/1875] loss=0.1401 avg_loss=0.1349
[2026-06-03 05:53:59] Epoch 12 train batch [1000/1875] loss=0.2056 avg_loss=0.1354
[2026-06-03 05:54:01] Epoch 12 train batch [1020/1875] loss=0.1098 avg_loss=0.1352
[2026-06-03 05:54:02] Epoch 12 train batch [1040/1875] loss=0.0904 avg_loss=0.1349
[2026-06-03 05:54:04] Epoch 12 train batch [1060/1875] loss=0.0447 avg_loss=0.1349
[2026-06-03 05:54:06] Epoch 12 train batch [1080/1875] loss=0.0771 avg_loss=0.1343
[2026-06-03 05:54:07] Epoch 12 train batch [1100/1875] loss=0.1553 avg_loss=0.1348
[2026-06-03 05:54:09] Epoch 12 train batch [1120/1875] loss=0.0632 avg_loss=0.1349
[2026-06-03 05:54:11] Epoch 12 train batch [1140/1875] loss=0.0804 avg_loss=0.1344
[2026-06-03 05:54:13] Epoch 12 train batch [1160/1875] loss=0.2653 avg_loss=0.1349
[2026-06-03 05:54:14] Epoch 12 train batch [1180/1875] loss=0.0535 avg_loss=0.1350
[2026-06-03 05:54:16] Epoch 12 train batch [1200/1875] loss=0.1363 avg_loss=0.1355
[2026-06-03 05:54:18] Epoch 12 train batch [1220/1875] loss=0.0748 avg_loss=0.1356
[2026-06-03 05:54:20] Epoch 12 train batch [1240/1875] loss=0.1213 avg_loss=0.1350
[2026-06-03 05:54:21] Epoch 12 train batch [1260/1875] loss=0.2445 avg_loss=0.1357
[2026-06-03 05:54:23] Epoch 12 train batch [1280/1875] loss=0.0875 avg_loss=0.1357
[2026-06-03 05:54:25] Epoch 12 train batch [1300/1875] loss=0.1549 avg_loss=0.1359
[2026-06-03 05:54:27] Epoch 12 train batch [1320/1875] loss=0.0371 avg_loss=0.1357
[2026-06-03 05:54:28] Epoch 12 train batch [1340/1875] loss=0.0613 avg_loss=0.1354
[2026-06-03 05:54:30] Epoch 12 train batch [1360/1875] loss=0.1545 avg_loss=0.1357
[2026-06-03 05:54:32] Epoch 12 train batch [1380/1875] loss=0.1683 avg_loss=0.1365
[2026-06-03 05:54:34] Epoch 12 train batch [1400/1875] loss=0.1489 avg_loss=0.1367
[2026-06-03 05:54:35] Epoch 12 train batch [1420/1875] loss=0.1726 avg_loss=0.1369
[2026-06-03 05:54:37] Epoch 12 train batch [1440/1875] loss=0.1881 avg_loss=0.1369
[2026-06-03 05:54:39] Epoch 12 train batch [1460/1875] loss=0.0368 avg_loss=0.1367
[2026-06-03 05:54:40] Epoch 12 train batch [1480/1875] loss=0.1173 avg_loss=0.1368
[2026-06-03 05:54:42] Epoch 12 train batch [1500/1875] loss=0.2223 avg_loss=0.1370
[2026-06-03 05:54:44] Epoch 12 train batch [1520/1875] loss=0.0860 avg_loss=0.1376
[2026-06-03 05:54:46] Epoch 12 train batch [1540/1875] loss=0.1236 avg_loss=0.1377
[2026-06-03 05:54:47] Epoch 12 train batch [1560/1875] loss=0.0691 avg_loss=0.1377
[2026-06-03 05:54:49] Epoch 12 train batch [1580/1875] loss=0.1048 avg_loss=0.1375
[2026-06-03 05:54:51] Epoch 12 train batch [1600/1875] loss=0.1045 avg_loss=0.1373
[2026-06-03 05:54:53] Epoch 12 train batch [1620/1875] loss=0.3956 avg_loss=0.1379
[2026-06-03 05:54:54] Epoch 12 train batch [1640/1875] loss=0.2445 avg_loss=0.1384
[2026-06-03 05:54:56] Epoch 12 train batch [1660/1875] loss=0.1575 avg_loss=0.1388
[2026-06-03 05:54:58] Epoch 12 train batch [1680/1875] loss=0.0873 avg_loss=0.1389
[2026-06-03 05:55:00] Epoch 12 train batch [1700/1875] loss=0.0365 avg_loss=0.1389
[2026-06-03 05:55:01] Epoch 12 train batch [1720/1875] loss=0.0804 avg_loss=0.1390
[2026-06-03 05:55:03] Epoch 12 train batch [1740/1875] loss=0.2362 avg_loss=0.1391
[2026-06-03 05:55:05] Epoch 12 train batch [1760/1875] loss=0.2777 avg_loss=0.1395
[2026-06-03 05:55:07] Epoch 12 train batch [1780/1875] loss=0.1078 avg_loss=0.1396
[2026-06-03 05:55:09] Epoch 12 train batch [1800/1875] loss=0.1982 avg_loss=0.1399
[2026-06-03 05:55:10] Epoch 12 train batch [1820/1875] loss=0.1987 avg_loss=0.1398
[2026-06-03 05:55:12] Epoch 12 train batch [1840/1875] loss=0.1962 avg_loss=0.1398
[2026-06-03 05:55:14] Epoch 12 train batch [1860/1875] loss=0.2277 avg_loss=0.1398
[2026-06-03 05:55:15] Epoch 12 train batch [1875/1875] loss=0.1630 avg_loss=0.1396
[2026-06-03 05:55:15] Epoch 12 training completed. Computing validation loss.
[2026-06-03 05:55:33] Epoch 12 validation loss completed: 0.1852. Computing detection metrics.
[2026-06-03 05:55:49] Epoch 12 metrics computed. Saving artifacts.
[2026-06-03 05:55:50] Epoch 12 did not improve mAP@0.5 enough. Early stopping counter: 3/7.
Epoch [12/30]
├── Train Loss : 0.1396
│   ├── loss_classifier  : 0.0444
│   ├── loss_box_reg     : 0.0856
│   ├── loss_objectness  : 0.0049
│   └── loss_rpn_box_reg : 0.0048
├── Val Loss   : 0.1852
├── mAP@0.5    : 0.7388
├── mAP@0.75   : 0.3964
├── mAP@0.5:0.95 : 0.4062
├── Precision  : 0.5972
├── Recall     : 0.8179
├── GT Boxes   : 2021
├── Predictions: 2768
├── Per-class AP
│   ├── person  : AP50=0.8214, AP75=0.4672, AP50:95=0.4608, P=0.6036, R=0.8650
│   ├── car     : AP50=0.6901, AP75=0.3719, AP50:95=0.3708, P=0.5877, R=0.7456
│   ├── dog     : AP50=0.8017, AP75=0.4756, AP50:95=0.4737, P=0.7963, R=0.8350
│   ├── cat     : AP50=0.8641, AP75=0.4839, AP50:95=0.4890, P=0.7256, R=0.8864
│   └── chair   : AP50=0.5167, AP75=0.1831, AP50:95=0.2367, P=0.4214, R=0.6560
├── LR         : 0.001000
└── Time       : 198.0s
[2026-06-03 05:55:50] Epoch [12/30] completed.
[2026-06-03 05:55:50] Epoch [13/30] started.
[2026-06-03 05:55:52] Epoch 13 train batch [20/1875] loss=0.0435 avg_loss=0.1217
[2026-06-03 05:55:53] Epoch 13 train batch [40/1875] loss=0.2511 avg_loss=0.1484
[2026-06-03 05:55:55] Epoch 13 train batch [60/1875] loss=0.2625 avg_loss=0.1354
[2026-06-03 05:55:57] Epoch 13 train batch [80/1875] loss=0.0768 avg_loss=0.1376
[2026-06-03 05:55:59] Epoch 13 train batch [100/1875] loss=0.3763 avg_loss=0.1386
[2026-06-03 05:56:00] Epoch 13 train batch [120/1875] loss=0.1061 avg_loss=0.1392
[2026-06-03 05:56:02] Epoch 13 train batch [140/1875] loss=0.2433 avg_loss=0.1382
[2026-06-03 05:56:04] Epoch 13 train batch [160/1875] loss=0.1592 avg_loss=0.1401
[2026-06-03 05:56:06] Epoch 13 train batch [180/1875] loss=0.0524 avg_loss=0.1368
[2026-06-03 05:56:07] Epoch 13 train batch [200/1875] loss=0.1437 avg_loss=0.1372
[2026-06-03 05:56:09] Epoch 13 train batch [220/1875] loss=0.1022 avg_loss=0.1349
[2026-06-03 05:56:11] Epoch 13 train batch [240/1875] loss=0.2938 avg_loss=0.1357
[2026-06-03 05:56:13] Epoch 13 train batch [260/1875] loss=0.2310 avg_loss=0.1361
[2026-06-03 05:56:14] Epoch 13 train batch [280/1875] loss=0.0635 avg_loss=0.1364
[2026-06-03 05:56:16] Epoch 13 train batch [300/1875] loss=0.1197 avg_loss=0.1364
[2026-06-03 05:56:18] Epoch 13 train batch [320/1875] loss=0.1505 avg_loss=0.1376
[2026-06-03 05:56:19] Epoch 13 train batch [340/1875] loss=0.1899 avg_loss=0.1357
[2026-06-03 05:56:21] Epoch 13 train batch [360/1875] loss=0.2022 avg_loss=0.1364
[2026-06-03 05:56:23] Epoch 13 train batch [380/1875] loss=0.1545 avg_loss=0.1374
[2026-06-03 05:56:25] Epoch 13 train batch [400/1875] loss=0.1409 avg_loss=0.1364
[2026-06-03 05:56:26] Epoch 13 train batch [420/1875] loss=0.1275 avg_loss=0.1359
[2026-06-03 05:56:28] Epoch 13 train batch [440/1875] loss=0.0650 avg_loss=0.1359
[2026-06-03 05:56:30] Epoch 13 train batch [460/1875] loss=0.1918 avg_loss=0.1348
[2026-06-03 05:56:32] Epoch 13 train batch [480/1875] loss=0.2233 avg_loss=0.1349
[2026-06-03 05:56:33] Epoch 13 train batch [500/1875] loss=0.0598 avg_loss=0.1363
[2026-06-03 05:56:35] Epoch 13 train batch [520/1875] loss=0.1184 avg_loss=0.1360
[2026-06-03 05:56:37] Epoch 13 train batch [540/1875] loss=0.2788 avg_loss=0.1353
[2026-06-03 05:56:38] Epoch 13 train batch [560/1875] loss=0.1748 avg_loss=0.1345
[2026-06-03 05:56:40] Epoch 13 train batch [580/1875] loss=0.0866 avg_loss=0.1344
[2026-06-03 05:56:42] Epoch 13 train batch [600/1875] loss=0.0574 avg_loss=0.1345
[2026-06-03 05:56:44] Epoch 13 train batch [620/1875] loss=0.1141 avg_loss=0.1337
[2026-06-03 05:56:45] Epoch 13 train batch [640/1875] loss=0.0764 avg_loss=0.1351
[2026-06-03 05:56:47] Epoch 13 train batch [660/1875] loss=0.1021 avg_loss=0.1355
[2026-06-03 05:56:49] Epoch 13 train batch [680/1875] loss=0.1202 avg_loss=0.1359
[2026-06-03 05:56:51] Epoch 13 train batch [700/1875] loss=0.1520 avg_loss=0.1357
[2026-06-03 05:56:52] Epoch 13 train batch [720/1875] loss=0.1315 avg_loss=0.1359
[2026-06-03 05:56:54] Epoch 13 train batch [740/1875] loss=0.2164 avg_loss=0.1357
[2026-06-03 05:56:56] Epoch 13 train batch [760/1875] loss=0.1640 avg_loss=0.1359
[2026-06-03 05:56:58] Epoch 13 train batch [780/1875] loss=0.0672 avg_loss=0.1350
[2026-06-03 05:56:59] Epoch 13 train batch [800/1875] loss=0.1220 avg_loss=0.1341
[2026-06-03 05:57:01] Epoch 13 train batch [820/1875] loss=0.0632 avg_loss=0.1341
[2026-06-03 05:57:03] Epoch 13 train batch [840/1875] loss=0.1311 avg_loss=0.1341
[2026-06-03 05:57:05] Epoch 13 train batch [860/1875] loss=0.0827 avg_loss=0.1339
[2026-06-03 05:57:06] Epoch 13 train batch [880/1875] loss=0.0739 avg_loss=0.1334
[2026-06-03 05:57:08] Epoch 13 train batch [900/1875] loss=0.1101 avg_loss=0.1328
[2026-06-03 05:57:10] Epoch 13 train batch [920/1875] loss=0.0666 avg_loss=0.1318
[2026-06-03 05:57:12] Epoch 13 train batch [940/1875] loss=0.0592 avg_loss=0.1328
[2026-06-03 05:57:13] Epoch 13 train batch [960/1875] loss=0.0904 avg_loss=0.1332
[2026-06-03 05:57:15] Epoch 13 train batch [980/1875] loss=0.3185 avg_loss=0.1332
[2026-06-03 05:57:17] Epoch 13 train batch [1000/1875] loss=0.0064 avg_loss=0.1333
[2026-06-03 05:57:19] Epoch 13 train batch [1020/1875] loss=0.1268 avg_loss=0.1334
[2026-06-03 05:57:21] Epoch 13 train batch [1040/1875] loss=0.0415 avg_loss=0.1339
[2026-06-03 05:57:22] Epoch 13 train batch [1060/1875] loss=0.0376 avg_loss=0.1339
[2026-06-03 05:57:24] Epoch 13 train batch [1080/1875] loss=0.2023 avg_loss=0.1342
[2026-06-03 05:57:26] Epoch 13 train batch [1100/1875] loss=0.1728 avg_loss=0.1346
[2026-06-03 05:57:27] Epoch 13 train batch [1120/1875] loss=0.0694 avg_loss=0.1342
[2026-06-03 05:57:29] Epoch 13 train batch [1140/1875] loss=0.1514 avg_loss=0.1341
[2026-06-03 05:57:31] Epoch 13 train batch [1160/1875] loss=0.3704 avg_loss=0.1347
[2026-06-03 05:57:33] Epoch 13 train batch [1180/1875] loss=0.0702 avg_loss=0.1350
[2026-06-03 05:57:34] Epoch 13 train batch [1200/1875] loss=0.1189 avg_loss=0.1349
[2026-06-03 05:57:36] Epoch 13 train batch [1220/1875] loss=0.1552 avg_loss=0.1352
[2026-06-03 05:57:38] Epoch 13 train batch [1240/1875] loss=0.0402 avg_loss=0.1345
[2026-06-03 05:57:40] Epoch 13 train batch [1260/1875] loss=0.1483 avg_loss=0.1344
[2026-06-03 05:57:42] Epoch 13 train batch [1280/1875] loss=0.2004 avg_loss=0.1344
[2026-06-03 05:57:43] Epoch 13 train batch [1300/1875] loss=0.0651 avg_loss=0.1336
[2026-06-03 05:57:45] Epoch 13 train batch [1320/1875] loss=0.2662 avg_loss=0.1330
[2026-06-03 05:57:47] Epoch 13 train batch [1340/1875] loss=0.2696 avg_loss=0.1330
[2026-06-03 05:57:48] Epoch 13 train batch [1360/1875] loss=0.0626 avg_loss=0.1332
[2026-06-03 05:57:50] Epoch 13 train batch [1380/1875] loss=0.1306 avg_loss=0.1335
[2026-06-03 05:57:52] Epoch 13 train batch [1400/1875] loss=0.1542 avg_loss=0.1341
[2026-06-03 05:57:54] Epoch 13 train batch [1420/1875] loss=0.1857 avg_loss=0.1344
[2026-06-03 05:57:55] Epoch 13 train batch [1440/1875] loss=0.1680 avg_loss=0.1346
[2026-06-03 05:57:57] Epoch 13 train batch [1460/1875] loss=0.1828 avg_loss=0.1347
[2026-06-03 05:57:59] Epoch 13 train batch [1480/1875] loss=0.0917 avg_loss=0.1345
[2026-06-03 05:58:01] Epoch 13 train batch [1500/1875] loss=0.0660 avg_loss=0.1342
[2026-06-03 05:58:02] Epoch 13 train batch [1520/1875] loss=0.0848 avg_loss=0.1343
[2026-06-03 05:58:04] Epoch 13 train batch [1540/1875] loss=0.4275 avg_loss=0.1348
[2026-06-03 05:58:06] Epoch 13 train batch [1560/1875] loss=0.0428 avg_loss=0.1348
[2026-06-03 05:58:08] Epoch 13 train batch [1580/1875] loss=0.1028 avg_loss=0.1346
[2026-06-03 05:58:09] Epoch 13 train batch [1600/1875] loss=0.0766 avg_loss=0.1343
[2026-06-03 05:58:11] Epoch 13 train batch [1620/1875] loss=0.0463 avg_loss=0.1344
[2026-06-03 05:58:13] Epoch 13 train batch [1640/1875] loss=0.0397 avg_loss=0.1346
[2026-06-03 05:58:15] Epoch 13 train batch [1660/1875] loss=0.1725 avg_loss=0.1345
[2026-06-03 05:58:16] Epoch 13 train batch [1680/1875] loss=0.0307 avg_loss=0.1345
[2026-06-03 05:58:18] Epoch 13 train batch [1700/1875] loss=0.2051 avg_loss=0.1348
[2026-06-03 05:58:20] Epoch 13 train batch [1720/1875] loss=0.1474 avg_loss=0.1346
[2026-06-03 05:58:22] Epoch 13 train batch [1740/1875] loss=0.4990 avg_loss=0.1346
[2026-06-03 05:58:24] Epoch 13 train batch [1760/1875] loss=0.0444 avg_loss=0.1344
[2026-06-03 05:58:25] Epoch 13 train batch [1780/1875] loss=0.0429 avg_loss=0.1342
[2026-06-03 05:58:27] Epoch 13 train batch [1800/1875] loss=0.1698 avg_loss=0.1342
[2026-06-03 05:58:29] Epoch 13 train batch [1820/1875] loss=0.0897 avg_loss=0.1343
[2026-06-03 05:58:31] Epoch 13 train batch [1840/1875] loss=0.1781 avg_loss=0.1346
[2026-06-03 05:58:32] Epoch 13 train batch [1860/1875] loss=0.1900 avg_loss=0.1347
[2026-06-03 05:58:34] Epoch 13 train batch [1875/1875] loss=0.1912 avg_loss=0.1347
[2026-06-03 05:58:34] Epoch 13 training completed. Computing validation loss.
[2026-06-03 05:58:51] Epoch 13 validation loss completed: 0.1762. Computing detection metrics.
[2026-06-03 05:59:08] Epoch 13 metrics computed. Saving artifacts.
[2026-06-03 05:59:09] Epoch 13 improved mAP@0.5 to 0.7531. Saved best checkpoint: best_model-20260603-051553.pth.
Epoch [13/30]
├── Train Loss : 0.1347
│   ├── loss_classifier  : 0.0425
│   ├── loss_box_reg     : 0.0832
│   ├── loss_objectness  : 0.0045
│   └── loss_rpn_box_reg : 0.0046
├── Val Loss   : 0.1762
├── mAP@0.5    : 0.7531
├── mAP@0.75   : 0.4271
├── mAP@0.5:0.95 : 0.4196
├── Precision  : 0.5138
├── Recall     : 0.8476
├── GT Boxes   : 2021
├── Predictions: 3334
├── Per-class AP
│   ├── person  : AP50=0.8299, AP75=0.4649, AP50:95=0.4568, P=0.5712, R=0.8743
│   ├── car     : AP50=0.7278, AP75=0.4321, AP50:95=0.4068, P=0.5324, R=0.8127
│   ├── dog     : AP50=0.8434, AP75=0.5480, AP50:95=0.5103, P=0.5318, R=0.8932
│   ├── cat     : AP50=0.8608, AP75=0.5103, AP50:95=0.4950, P=0.7441, R=0.8920
│   └── chair   : AP50=0.5035, AP75=0.1800, AP50:95=0.2291, P=0.2896, R=0.7199
├── LR         : 0.001000
└── Time       : 197.8s
[2026-06-03 05:59:09] Epoch [13/30] completed.
[2026-06-03 05:59:09] Epoch [14/30] started.
[2026-06-03 05:59:11] Epoch 14 train batch [20/1875] loss=0.0390 avg_loss=0.1551
[2026-06-03 05:59:13] Epoch 14 train batch [40/1875] loss=0.0280 avg_loss=0.1211
[2026-06-03 05:59:14] Epoch 14 train batch [60/1875] loss=0.1354 avg_loss=0.1312
[2026-06-03 05:59:16] Epoch 14 train batch [80/1875] loss=0.1197 avg_loss=0.1239
[2026-06-03 05:59:18] Epoch 14 train batch [100/1875] loss=0.0312 avg_loss=0.1281
[2026-06-03 05:59:20] Epoch 14 train batch [120/1875] loss=0.0752 avg_loss=0.1279
[2026-06-03 05:59:21] Epoch 14 train batch [140/1875] loss=0.0477 avg_loss=0.1259
[2026-06-03 05:59:23] Epoch 14 train batch [160/1875] loss=0.0777 avg_loss=0.1272
[2026-06-03 05:59:25] Epoch 14 train batch [180/1875] loss=0.1821 avg_loss=0.1280
[2026-06-03 05:59:27] Epoch 14 train batch [200/1875] loss=0.0861 avg_loss=0.1255
[2026-06-03 05:59:28] Epoch 14 train batch [220/1875] loss=0.0951 avg_loss=0.1272
[2026-06-03 05:59:30] Epoch 14 train batch [240/1875] loss=0.3134 avg_loss=0.1269
[2026-06-03 05:59:32] Epoch 14 train batch [260/1875] loss=0.0822 avg_loss=0.1256
[2026-06-03 05:59:34] Epoch 14 train batch [280/1875] loss=0.1754 avg_loss=0.1267
[2026-06-03 05:59:36] Epoch 14 train batch [300/1875] loss=0.2448 avg_loss=0.1272
[2026-06-03 05:59:37] Epoch 14 train batch [320/1875] loss=0.0893 avg_loss=0.1288
[2026-06-03 05:59:39] Epoch 14 train batch [340/1875] loss=0.2407 avg_loss=0.1281
[2026-06-03 05:59:41] Epoch 14 train batch [360/1875] loss=0.0658 avg_loss=0.1289
[2026-06-03 05:59:43] Epoch 14 train batch [380/1875] loss=0.0205 avg_loss=0.1281
[2026-06-03 05:59:44] Epoch 14 train batch [400/1875] loss=0.1390 avg_loss=0.1283
[2026-06-03 05:59:46] Epoch 14 train batch [420/1875] loss=0.0255 avg_loss=0.1304
[2026-06-03 05:59:48] Epoch 14 train batch [440/1875] loss=0.1093 avg_loss=0.1307
[2026-06-03 05:59:50] Epoch 14 train batch [460/1875] loss=0.0463 avg_loss=0.1297
[2026-06-03 05:59:51] Epoch 14 train batch [480/1875] loss=0.4143 avg_loss=0.1298
[2026-06-03 05:59:53] Epoch 14 train batch [500/1875] loss=0.0644 avg_loss=0.1302
[2026-06-03 05:59:55] Epoch 14 train batch [520/1875] loss=0.0856 avg_loss=0.1292
[2026-06-03 05:59:56] Epoch 14 train batch [540/1875] loss=0.0690 avg_loss=0.1288
[2026-06-03 05:59:58] Epoch 14 train batch [560/1875] loss=0.0630 avg_loss=0.1290
[2026-06-03 06:00:00] Epoch 14 train batch [580/1875] loss=0.1662 avg_loss=0.1284
[2026-06-03 06:00:02] Epoch 14 train batch [600/1875] loss=0.3535 avg_loss=0.1297
[2026-06-03 06:00:04] Epoch 14 train batch [620/1875] loss=0.2068 avg_loss=0.1296
[2026-06-03 06:00:05] Epoch 14 train batch [640/1875] loss=0.1203 avg_loss=0.1301
[2026-06-03 06:00:07] Epoch 14 train batch [660/1875] loss=0.1315 avg_loss=0.1300
[2026-06-03 06:00:09] Epoch 14 train batch [680/1875] loss=0.0375 avg_loss=0.1295
[2026-06-03 06:00:11] Epoch 14 train batch [700/1875] loss=0.2042 avg_loss=0.1292
[2026-06-03 06:00:12] Epoch 14 train batch [720/1875] loss=0.0318 avg_loss=0.1296
[2026-06-03 06:00:14] Epoch 14 train batch [740/1875] loss=0.0470 avg_loss=0.1284
[2026-06-03 06:00:16] Epoch 14 train batch [760/1875] loss=0.0760 avg_loss=0.1284
[2026-06-03 06:00:18] Epoch 14 train batch [780/1875] loss=0.0742 avg_loss=0.1290
[2026-06-03 06:00:19] Epoch 14 train batch [800/1875] loss=0.0895 avg_loss=0.1287
[2026-06-03 06:00:21] Epoch 14 train batch [820/1875] loss=0.0232 avg_loss=0.1290
[2026-06-03 06:00:23] Epoch 14 train batch [840/1875] loss=0.0833 avg_loss=0.1285
[2026-06-03 06:00:24] Epoch 14 train batch [860/1875] loss=0.0170 avg_loss=0.1286
[2026-06-03 06:00:26] Epoch 14 train batch [880/1875] loss=0.1508 avg_loss=0.1290
[2026-06-03 06:00:28] Epoch 14 train batch [900/1875] loss=0.1198 avg_loss=0.1287
[2026-06-03 06:00:30] Epoch 14 train batch [920/1875] loss=0.0186 avg_loss=0.1286
[2026-06-03 06:00:31] Epoch 14 train batch [940/1875] loss=0.0579 avg_loss=0.1291
[2026-06-03 06:00:33] Epoch 14 train batch [960/1875] loss=0.2310 avg_loss=0.1290
[2026-06-03 06:00:35] Epoch 14 train batch [980/1875] loss=0.2841 avg_loss=0.1293
[2026-06-03 06:00:37] Epoch 14 train batch [1000/1875] loss=0.1357 avg_loss=0.1288
[2026-06-03 06:00:39] Epoch 14 train batch [1020/1875] loss=0.1599 avg_loss=0.1285
[2026-06-03 06:00:40] Epoch 14 train batch [1040/1875] loss=0.0620 avg_loss=0.1285
[2026-06-03 06:00:42] Epoch 14 train batch [1060/1875] loss=0.0456 avg_loss=0.1289
[2026-06-03 06:00:44] Epoch 14 train batch [1080/1875] loss=0.0592 avg_loss=0.1287
[2026-06-03 06:00:46] Epoch 14 train batch [1100/1875] loss=0.0728 avg_loss=0.1284
[2026-06-03 06:00:47] Epoch 14 train batch [1120/1875] loss=0.0546 avg_loss=0.1279
[2026-06-03 06:00:49] Epoch 14 train batch [1140/1875] loss=0.1850 avg_loss=0.1286
[2026-06-03 06:00:51] Epoch 14 train batch [1160/1875] loss=0.1005 avg_loss=0.1293
[2026-06-03 06:00:52] Epoch 14 train batch [1180/1875] loss=0.1519 avg_loss=0.1291
[2026-06-03 06:00:54] Epoch 14 train batch [1200/1875] loss=0.1294 avg_loss=0.1292
[2026-06-03 06:00:56] Epoch 14 train batch [1220/1875] loss=0.1869 avg_loss=0.1292
[2026-06-03 06:00:58] Epoch 14 train batch [1240/1875] loss=0.1668 avg_loss=0.1293
[2026-06-03 06:00:59] Epoch 14 train batch [1260/1875] loss=0.1772 avg_loss=0.1297
[2026-06-03 06:01:01] Epoch 14 train batch [1280/1875] loss=0.0687 avg_loss=0.1295
[2026-06-03 06:01:03] Epoch 14 train batch [1300/1875] loss=0.2632 avg_loss=0.1293
[2026-06-03 06:01:05] Epoch 14 train batch [1320/1875] loss=0.0188 avg_loss=0.1290
[2026-06-03 06:01:06] Epoch 14 train batch [1340/1875] loss=0.1399 avg_loss=0.1294
[2026-06-03 06:01:08] Epoch 14 train batch [1360/1875] loss=0.2823 avg_loss=0.1297
[2026-06-03 06:01:10] Epoch 14 train batch [1380/1875] loss=0.1522 avg_loss=0.1298
[2026-06-03 06:01:11] Epoch 14 train batch [1400/1875] loss=0.0666 avg_loss=0.1300
[2026-06-03 06:01:13] Epoch 14 train batch [1420/1875] loss=0.1172 avg_loss=0.1296
[2026-06-03 06:01:15] Epoch 14 train batch [1440/1875] loss=0.1511 avg_loss=0.1294
[2026-06-03 06:01:17] Epoch 14 train batch [1460/1875] loss=0.2193 avg_loss=0.1294
[2026-06-03 06:01:18] Epoch 14 train batch [1480/1875] loss=0.1799 avg_loss=0.1293
[2026-06-03 06:01:20] Epoch 14 train batch [1500/1875] loss=0.1757 avg_loss=0.1294
[2026-06-03 06:01:22] Epoch 14 train batch [1520/1875] loss=0.1142 avg_loss=0.1295
[2026-06-03 06:01:24] Epoch 14 train batch [1540/1875] loss=0.1075 avg_loss=0.1294
[2026-06-03 06:01:25] Epoch 14 train batch [1560/1875] loss=0.0133 avg_loss=0.1297
[2026-06-03 06:01:27] Epoch 14 train batch [1580/1875] loss=0.1371 avg_loss=0.1294
[2026-06-03 06:01:29] Epoch 14 train batch [1600/1875] loss=0.2355 avg_loss=0.1295
[2026-06-03 06:01:31] Epoch 14 train batch [1620/1875] loss=0.0931 avg_loss=0.1295
[2026-06-03 06:01:33] Epoch 14 train batch [1640/1875] loss=0.0468 avg_loss=0.1293
[2026-06-03 06:01:34] Epoch 14 train batch [1660/1875] loss=0.2417 avg_loss=0.1293
[2026-06-03 06:01:36] Epoch 14 train batch [1680/1875] loss=0.1868 avg_loss=0.1294
[2026-06-03 06:01:38] Epoch 14 train batch [1700/1875] loss=0.2912 avg_loss=0.1295
[2026-06-03 06:01:39] Epoch 14 train batch [1720/1875] loss=0.0848 avg_loss=0.1296
[2026-06-03 06:01:41] Epoch 14 train batch [1740/1875] loss=0.2736 avg_loss=0.1296
[2026-06-03 06:01:43] Epoch 14 train batch [1760/1875] loss=0.2164 avg_loss=0.1292
[2026-06-03 06:01:45] Epoch 14 train batch [1780/1875] loss=0.2023 avg_loss=0.1296
[2026-06-03 06:01:46] Epoch 14 train batch [1800/1875] loss=0.2169 avg_loss=0.1300
[2026-06-03 06:01:48] Epoch 14 train batch [1820/1875] loss=0.2203 avg_loss=0.1301
[2026-06-03 06:01:50] Epoch 14 train batch [1840/1875] loss=0.0662 avg_loss=0.1301
[2026-06-03 06:01:52] Epoch 14 train batch [1860/1875] loss=0.0729 avg_loss=0.1304
[2026-06-03 06:01:53] Epoch 14 train batch [1875/1875] loss=0.2809 avg_loss=0.1303
[2026-06-03 06:01:53] Epoch 14 training completed. Computing validation loss.
[2026-06-03 06:02:10] Epoch 14 validation loss completed: 0.1781. Computing detection metrics.
[2026-06-03 06:02:27] Epoch 14 metrics computed. Saving artifacts.
[2026-06-03 06:02:30] Epoch 14 improved mAP@0.5 to 0.7578. Saved best checkpoint: best_model-20260603-051553.pth.
Epoch [14/30]
├── Train Loss : 0.1303
│   ├── loss_classifier  : 0.0409
│   ├── loss_box_reg     : 0.0807
│   ├── loss_objectness  : 0.0042
│   └── loss_rpn_box_reg : 0.0045
├── Val Loss   : 0.1781
├── mAP@0.5    : 0.7578
├── mAP@0.75   : 0.4249
├── mAP@0.5:0.95 : 0.4166
├── Precision  : 0.5344
├── Recall     : 0.8491
├── GT Boxes   : 2021
├── Predictions: 3211
├── Per-class AP
│   ├── person  : AP50=0.8294, AP75=0.4619, AP50:95=0.4565, P=0.5951, R=0.8799
│   ├── car     : AP50=0.7332, AP75=0.4076, AP50:95=0.4035, P=0.4142, R=0.8269
│   ├── dog     : AP50=0.8384, AP75=0.5707, AP50:95=0.5124, P=0.6246, R=0.8883
│   ├── cat     : AP50=0.8938, AP75=0.4760, AP50:95=0.4738, P=0.6838, R=0.9091
│   └── chair   : AP50=0.4942, AP75=0.2082, AP50:95=0.2370, P=0.3653, R=0.6879
├── LR         : 0.001000
└── Time       : 198.0s
[2026-06-03 06:02:30] Epoch [14/30] completed.
[2026-06-03 06:02:30] Epoch [15/30] started.
[2026-06-03 06:02:32] Epoch 15 train batch [20/1875] loss=0.0409 avg_loss=0.1208
[2026-06-03 06:02:34] Epoch 15 train batch [40/1875] loss=0.0165 avg_loss=0.1260
[2026-06-03 06:02:36] Epoch 15 train batch [60/1875] loss=0.0607 avg_loss=0.1254
[2026-06-03 06:02:37] Epoch 15 train batch [80/1875] loss=0.4121 avg_loss=0.1275
[2026-06-03 06:02:39] Epoch 15 train batch [100/1875] loss=0.1030 avg_loss=0.1238
[2026-06-03 06:02:41] Epoch 15 train batch [120/1875] loss=0.1759 avg_loss=0.1277
[2026-06-03 06:02:43] Epoch 15 train batch [140/1875] loss=0.1057 avg_loss=0.1261
[2026-06-03 06:02:44] Epoch 15 train batch [160/1875] loss=0.0684 avg_loss=0.1249
[2026-06-03 06:02:46] Epoch 15 train batch [180/1875] loss=0.0588 avg_loss=0.1234
[2026-06-03 06:02:48] Epoch 15 train batch [200/1875] loss=0.0582 avg_loss=0.1240
[2026-06-03 06:02:50] Epoch 15 train batch [220/1875] loss=0.1089 avg_loss=0.1245
[2026-06-03 06:02:51] Epoch 15 train batch [240/1875] loss=0.2651 avg_loss=0.1229
[2026-06-03 06:02:53] Epoch 15 train batch [260/1875] loss=0.1929 avg_loss=0.1238
[2026-06-03 06:02:55] Epoch 15 train batch [280/1875] loss=0.1475 avg_loss=0.1229
[2026-06-03 06:02:57] Epoch 15 train batch [300/1875] loss=0.0935 avg_loss=0.1213
[2026-06-03 06:02:58] Epoch 15 train batch [320/1875] loss=0.0669 avg_loss=0.1213
[2026-06-03 06:03:00] Epoch 15 train batch [340/1875] loss=0.0649 avg_loss=0.1202
[2026-06-03 06:03:02] Epoch 15 train batch [360/1875] loss=0.0606 avg_loss=0.1198
[2026-06-03 06:03:04] Epoch 15 train batch [380/1875] loss=0.0636 avg_loss=0.1195
[2026-06-03 06:03:05] Epoch 15 train batch [400/1875] loss=0.0420 avg_loss=0.1204
[2026-06-03 06:03:07] Epoch 15 train batch [420/1875] loss=0.0862 avg_loss=0.1206
[2026-06-03 06:03:09] Epoch 15 train batch [440/1875] loss=0.0612 avg_loss=0.1204
[2026-06-03 06:03:10] Epoch 15 train batch [460/1875] loss=0.1078 avg_loss=0.1205
[2026-06-03 06:03:12] Epoch 15 train batch [480/1875] loss=0.0252 avg_loss=0.1203
[2026-06-03 06:03:14] Epoch 15 train batch [500/1875] loss=0.0868 avg_loss=0.1199
[2026-06-03 06:03:16] Epoch 15 train batch [520/1875] loss=0.0238 avg_loss=0.1202
[2026-06-03 06:03:17] Epoch 15 train batch [540/1875] loss=0.0305 avg_loss=0.1206
[2026-06-03 06:03:19] Epoch 15 train batch [560/1875] loss=0.0528 avg_loss=0.1221
[2026-06-03 06:03:21] Epoch 15 train batch [580/1875] loss=0.0914 avg_loss=0.1224
[2026-06-03 06:03:23] Epoch 15 train batch [600/1875] loss=0.0866 avg_loss=0.1215
[2026-06-03 06:03:24] Epoch 15 train batch [620/1875] loss=0.2560 avg_loss=0.1219
[2026-06-03 06:03:26] Epoch 15 train batch [640/1875] loss=0.1834 avg_loss=0.1224
[2026-06-03 06:03:28] Epoch 15 train batch [660/1875] loss=0.0578 avg_loss=0.1229
[2026-06-03 06:03:30] Epoch 15 train batch [680/1875] loss=0.0036 avg_loss=0.1231
[2026-06-03 06:03:31] Epoch 15 train batch [700/1875] loss=0.0633 avg_loss=0.1235
[2026-06-03 06:03:33] Epoch 15 train batch [720/1875] loss=0.0528 avg_loss=0.1231
[2026-06-03 06:03:35] Epoch 15 train batch [740/1875] loss=0.1138 avg_loss=0.1235
[2026-06-03 06:03:37] Epoch 15 train batch [760/1875] loss=0.0635 avg_loss=0.1237
[2026-06-03 06:03:39] Epoch 15 train batch [780/1875] loss=0.0539 avg_loss=0.1238
[2026-06-03 06:03:40] Epoch 15 train batch [800/1875] loss=0.1448 avg_loss=0.1241
[2026-06-03 06:03:42] Epoch 15 train batch [820/1875] loss=0.0892 avg_loss=0.1248
[2026-06-03 06:03:44] Epoch 15 train batch [840/1875] loss=0.0592 avg_loss=0.1252
[2026-06-03 06:03:46] Epoch 15 train batch [860/1875] loss=0.0413 avg_loss=0.1254
[2026-06-03 06:03:47] Epoch 15 train batch [880/1875] loss=0.3962 avg_loss=0.1254
[2026-06-03 06:03:49] Epoch 15 train batch [900/1875] loss=0.0492 avg_loss=0.1253
[2026-06-03 06:03:51] Epoch 15 train batch [920/1875] loss=0.0228 avg_loss=0.1245
[2026-06-03 06:03:52] Epoch 15 train batch [940/1875] loss=0.1217 avg_loss=0.1246
[2026-06-03 06:03:54] Epoch 15 train batch [960/1875] loss=0.0345 avg_loss=0.1246
[2026-06-03 06:03:56] Epoch 15 train batch [980/1875] loss=0.0835 avg_loss=0.1240
[2026-06-03 06:03:58] Epoch 15 train batch [1000/1875] loss=0.0334 avg_loss=0.1241
[2026-06-03 06:03:59] Epoch 15 train batch [1020/1875] loss=0.2007 avg_loss=0.1244
[2026-06-03 06:04:01] Epoch 15 train batch [1040/1875] loss=0.1127 avg_loss=0.1253
[2026-06-03 06:04:03] Epoch 15 train batch [1060/1875] loss=0.0784 avg_loss=0.1260
[2026-06-03 06:04:05] Epoch 15 train batch [1080/1875] loss=0.0432 avg_loss=0.1260
[2026-06-03 06:04:06] Epoch 15 train batch [1100/1875] loss=0.0229 avg_loss=0.1264
[2026-06-03 06:04:08] Epoch 15 train batch [1120/1875] loss=0.0492 avg_loss=0.1261
[2026-06-03 06:04:10] Epoch 15 train batch [1140/1875] loss=0.0759 avg_loss=0.1259
[2026-06-03 06:04:12] Epoch 15 train batch [1160/1875] loss=0.0688 avg_loss=0.1258
[2026-06-03 06:04:13] Epoch 15 train batch [1180/1875] loss=0.1298 avg_loss=0.1261
[2026-06-03 06:04:15] Epoch 15 train batch [1200/1875] loss=0.1463 avg_loss=0.1260
[2026-06-03 06:04:17] Epoch 15 train batch [1220/1875] loss=0.0814 avg_loss=0.1259
[2026-06-03 06:04:19] Epoch 15 train batch [1240/1875] loss=0.0669 avg_loss=0.1257
[2026-06-03 06:04:21] Epoch 15 train batch [1260/1875] loss=0.0992 avg_loss=0.1272
[2026-06-03 06:04:22] Epoch 15 train batch [1280/1875] loss=0.0790 avg_loss=0.1272
[2026-06-03 06:04:24] Epoch 15 train batch [1300/1875] loss=0.1912 avg_loss=0.1275
[2026-06-03 06:04:26] Epoch 15 train batch [1320/1875] loss=0.1555 avg_loss=0.1275
[2026-06-03 06:04:28] Epoch 15 train batch [1340/1875] loss=0.1920 avg_loss=0.1275
[2026-06-03 06:04:29] Epoch 15 train batch [1360/1875] loss=0.0593 avg_loss=0.1275
[2026-06-03 06:04:31] Epoch 15 train batch [1380/1875] loss=0.1802 avg_loss=0.1274
[2026-06-03 06:04:33] Epoch 15 train batch [1400/1875] loss=0.0315 avg_loss=0.1271
[2026-06-03 06:04:35] Epoch 15 train batch [1420/1875] loss=0.1001 avg_loss=0.1270
[2026-06-03 06:04:36] Epoch 15 train batch [1440/1875] loss=0.0555 avg_loss=0.1268
[2026-06-03 06:04:38] Epoch 15 train batch [1460/1875] loss=0.0601 avg_loss=0.1266
[2026-06-03 06:04:40] Epoch 15 train batch [1480/1875] loss=0.0181 avg_loss=0.1264
[2026-06-03 06:04:42] Epoch 15 train batch [1500/1875] loss=0.0005 avg_loss=0.1261
[2026-06-03 06:04:43] Epoch 15 train batch [1520/1875] loss=0.0451 avg_loss=0.1259
[2026-06-03 06:04:45] Epoch 15 train batch [1540/1875] loss=0.1261 avg_loss=0.1256
[2026-06-03 06:04:47] Epoch 15 train batch [1560/1875] loss=0.1302 avg_loss=0.1254
[2026-06-03 06:04:48] Epoch 15 train batch [1580/1875] loss=0.0545 avg_loss=0.1253
[2026-06-03 06:04:50] Epoch 15 train batch [1600/1875] loss=0.2753 avg_loss=0.1254
[2026-06-03 06:04:52] Epoch 15 train batch [1620/1875] loss=0.2348 avg_loss=0.1256
[2026-06-03 06:04:54] Epoch 15 train batch [1640/1875] loss=0.1264 avg_loss=0.1256
[2026-06-03 06:04:55] Epoch 15 train batch [1660/1875] loss=0.1180 avg_loss=0.1256
[2026-06-03 06:04:57] Epoch 15 train batch [1680/1875] loss=0.0650 avg_loss=0.1253
[2026-06-03 06:04:59] Epoch 15 train batch [1700/1875] loss=0.1983 avg_loss=0.1251
[2026-06-03 06:05:01] Epoch 15 train batch [1720/1875] loss=0.0733 avg_loss=0.1251
[2026-06-03 06:05:02] Epoch 15 train batch [1740/1875] loss=0.1468 avg_loss=0.1250
[2026-06-03 06:05:04] Epoch 15 train batch [1760/1875] loss=0.0410 avg_loss=0.1249
[2026-06-03 06:05:06] Epoch 15 train batch [1780/1875] loss=0.3494 avg_loss=0.1250
[2026-06-03 06:05:08] Epoch 15 train batch [1800/1875] loss=0.0582 avg_loss=0.1247
[2026-06-03 06:05:09] Epoch 15 train batch [1820/1875] loss=0.2161 avg_loss=0.1251
[2026-06-03 06:05:11] Epoch 15 train batch [1840/1875] loss=0.2630 avg_loss=0.1254
[2026-06-03 06:05:13] Epoch 15 train batch [1860/1875] loss=0.0798 avg_loss=0.1255
[2026-06-03 06:05:14] Epoch 15 train batch [1875/1875] loss=0.2205 avg_loss=0.1256
[2026-06-03 06:05:14] Epoch 15 training completed. Computing validation loss.
[2026-06-03 06:05:31] Epoch 15 validation loss completed: 0.1825. Computing detection metrics.
[2026-06-03 06:05:48] Epoch 15 metrics computed. Saving artifacts.
[2026-06-03 06:05:49] Epoch 15 did not improve mAP@0.5 enough. Early stopping counter: 1/7.
Epoch [15/30]
├── Train Loss : 0.1256
│   ├── loss_classifier  : 0.0390
│   ├── loss_box_reg     : 0.0783
│   ├── loss_objectness  : 0.0039
│   └── loss_rpn_box_reg : 0.0043
├── Val Loss   : 0.1825
├── mAP@0.5    : 0.7579
├── mAP@0.75   : 0.4288
├── mAP@0.5:0.95 : 0.4245
├── Precision  : 0.5542
├── Recall     : 0.8372
├── GT Boxes   : 2021
├── Predictions: 3053
├── Per-class AP
│   ├── person  : AP50=0.8099, AP75=0.4444, AP50:95=0.4467, P=0.6342, R=0.8622
│   ├── car     : AP50=0.7322, AP75=0.4291, AP50:95=0.4088, P=0.5124, R=0.8021
│   ├── dog     : AP50=0.8646, AP75=0.6270, AP50:95=0.5361, P=0.6200, R=0.9029
│   ├── cat     : AP50=0.8511, AP75=0.4838, AP50:95=0.4910, P=0.8063, R=0.8750
│   └── chair   : AP50=0.5318, AP75=0.1597, AP50:95=0.2401, P=0.3020, R=0.7057
├── LR         : 0.001000
└── Time       : 197.9s
[2026-06-03 06:05:49] Epoch [15/30] completed.
[2026-06-03 06:05:49] Epoch [16/30] started.
[2026-06-03 06:05:51] Epoch 16 train batch [20/1875] loss=0.1020 avg_loss=0.1164
[2026-06-03 06:05:52] Epoch 16 train batch [40/1875] loss=0.0776 avg_loss=0.1101
[2026-06-03 06:05:54] Epoch 16 train batch [60/1875] loss=0.0473 avg_loss=0.1097
[2026-06-03 06:05:56] Epoch 16 train batch [80/1875] loss=0.0850 avg_loss=0.1115
[2026-06-03 06:05:58] Epoch 16 train batch [100/1875] loss=0.0630 avg_loss=0.1130
[2026-06-03 06:05:59] Epoch 16 train batch [120/1875] loss=0.0613 avg_loss=0.1100
[2026-06-03 06:06:01] Epoch 16 train batch [140/1875] loss=0.2947 avg_loss=0.1091
[2026-06-03 06:06:03] Epoch 16 train batch [160/1875] loss=0.0299 avg_loss=0.1076
[2026-06-03 06:06:05] Epoch 16 train batch [180/1875] loss=0.0814 avg_loss=0.1063
[2026-06-03 06:06:06] Epoch 16 train batch [200/1875] loss=0.0663 avg_loss=0.1066
[2026-06-03 06:06:08] Epoch 16 train batch [220/1875] loss=0.0389 avg_loss=0.1068
[2026-06-03 06:06:10] Epoch 16 train batch [240/1875] loss=0.1828 avg_loss=0.1056
[2026-06-03 06:06:12] Epoch 16 train batch [260/1875] loss=0.1343 avg_loss=0.1084
[2026-06-03 06:06:13] Epoch 16 train batch [280/1875] loss=0.1238 avg_loss=0.1080
[2026-06-03 06:06:15] Epoch 16 train batch [300/1875] loss=0.0644 avg_loss=0.1070
[2026-06-03 06:06:17] Epoch 16 train batch [320/1875] loss=0.0430 avg_loss=0.1045
[2026-06-03 06:06:19] Epoch 16 train batch [340/1875] loss=0.0715 avg_loss=0.1046
[2026-06-03 06:06:20] Epoch 16 train batch [360/1875] loss=0.0614 avg_loss=0.1069
[2026-06-03 06:06:22] Epoch 16 train batch [380/1875] loss=0.1006 avg_loss=0.1083
[2026-06-03 06:06:24] Epoch 16 train batch [400/1875] loss=0.0421 avg_loss=0.1092
[2026-06-03 06:06:26] Epoch 16 train batch [420/1875] loss=0.1332 avg_loss=0.1086
[2026-06-03 06:06:27] Epoch 16 train batch [440/1875] loss=0.0542 avg_loss=0.1087
[2026-06-03 06:06:29] Epoch 16 train batch [460/1875] loss=0.1392 avg_loss=0.1085
[2026-06-03 06:06:31] Epoch 16 train batch [480/1875] loss=0.0301 avg_loss=0.1094
[2026-06-03 06:06:33] Epoch 16 train batch [500/1875] loss=0.1332 avg_loss=0.1095
[2026-06-03 06:06:34] Epoch 16 train batch [520/1875] loss=0.1886 avg_loss=0.1092
[2026-06-03 06:06:36] Epoch 16 train batch [540/1875] loss=0.0320 avg_loss=0.1095
[2026-06-03 06:06:38] Epoch 16 train batch [560/1875] loss=0.1525 avg_loss=0.1102
[2026-06-03 06:06:39] Epoch 16 train batch [580/1875] loss=0.2495 avg_loss=0.1106
[2026-06-03 06:06:41] Epoch 16 train batch [600/1875] loss=0.2016 avg_loss=0.1116
[2026-06-03 06:06:43] Epoch 16 train batch [620/1875] loss=0.0216 avg_loss=0.1121
[2026-06-03 06:06:45] Epoch 16 train batch [640/1875] loss=0.0689 avg_loss=0.1124
[2026-06-03 06:06:46] Epoch 16 train batch [660/1875] loss=0.0678 avg_loss=0.1128
[2026-06-03 06:06:48] Epoch 16 train batch [680/1875] loss=0.1980 avg_loss=0.1128
[2026-06-03 06:06:50] Epoch 16 train batch [700/1875] loss=0.0993 avg_loss=0.1125
[2026-06-03 06:06:52] Epoch 16 train batch [720/1875] loss=0.0548 avg_loss=0.1127
[2026-06-03 06:06:53] Epoch 16 train batch [740/1875] loss=0.0423 avg_loss=0.1129
[2026-06-03 06:06:55] Epoch 16 train batch [760/1875] loss=0.0916 avg_loss=0.1123
[2026-06-03 06:06:57] Epoch 16 train batch [780/1875] loss=0.0801 avg_loss=0.1118
[2026-06-03 06:06:59] Epoch 16 train batch [800/1875] loss=0.0353 avg_loss=0.1124
[2026-06-03 06:07:01] Epoch 16 train batch [820/1875] loss=0.0783 avg_loss=0.1123
[2026-06-03 06:07:02] Epoch 16 train batch [840/1875] loss=0.1819 avg_loss=0.1131
[2026-06-03 06:07:04] Epoch 16 train batch [860/1875] loss=0.1676 avg_loss=0.1124
[2026-06-03 06:07:06] Epoch 16 train batch [880/1875] loss=0.1343 avg_loss=0.1120
[2026-06-03 06:07:07] Epoch 16 train batch [900/1875] loss=0.2918 avg_loss=0.1126
[2026-06-03 06:07:09] Epoch 16 train batch [920/1875] loss=0.1468 avg_loss=0.1124
[2026-06-03 06:07:11] Epoch 16 train batch [940/1875] loss=0.0417 avg_loss=0.1125
[2026-06-03 06:07:13] Epoch 16 train batch [960/1875] loss=0.2331 avg_loss=0.1126
[2026-06-03 06:07:15] Epoch 16 train batch [980/1875] loss=0.0234 avg_loss=0.1125
[2026-06-03 06:07:16] Epoch 16 train batch [1000/1875] loss=0.3012 avg_loss=0.1131
[2026-06-03 06:07:18] Epoch 16 train batch [1020/1875] loss=0.0059 avg_loss=0.1127
[2026-06-03 06:07:20] Epoch 16 train batch [1040/1875] loss=0.0944 avg_loss=0.1125
[2026-06-03 06:07:22] Epoch 16 train batch [1060/1875] loss=0.1328 avg_loss=0.1129
[2026-06-03 06:07:23] Epoch 16 train batch [1080/1875] loss=0.0211 avg_loss=0.1128
[2026-06-03 06:07:25] Epoch 16 train batch [1100/1875] loss=0.0914 avg_loss=0.1123
[2026-06-03 06:07:27] Epoch 16 train batch [1120/1875] loss=0.1440 avg_loss=0.1125
[2026-06-03 06:07:29] Epoch 16 train batch [1140/1875] loss=0.1382 avg_loss=0.1120
[2026-06-03 06:07:30] Epoch 16 train batch [1160/1875] loss=0.0930 avg_loss=0.1116
[2026-06-03 06:07:32] Epoch 16 train batch [1180/1875] loss=0.0767 avg_loss=0.1110
[2026-06-03 06:07:34] Epoch 16 train batch [1200/1875] loss=0.2745 avg_loss=0.1117
[2026-06-03 06:07:36] Epoch 16 train batch [1220/1875] loss=0.1003 avg_loss=0.1116
[2026-06-03 06:07:37] Epoch 16 train batch [1240/1875] loss=0.0797 avg_loss=0.1115
[2026-06-03 06:07:39] Epoch 16 train batch [1260/1875] loss=0.2150 avg_loss=0.1111
[2026-06-03 06:07:41] Epoch 16 train batch [1280/1875] loss=0.0240 avg_loss=0.1109
[2026-06-03 06:07:43] Epoch 16 train batch [1300/1875] loss=0.0357 avg_loss=0.1105
[2026-06-03 06:07:44] Epoch 16 train batch [1320/1875] loss=0.0570 avg_loss=0.1104
[2026-06-03 06:07:46] Epoch 16 train batch [1340/1875] loss=0.0566 avg_loss=0.1111
[2026-06-03 06:07:48] Epoch 16 train batch [1360/1875] loss=0.0967 avg_loss=0.1111
[2026-06-03 06:07:50] Epoch 16 train batch [1380/1875] loss=0.0809 avg_loss=0.1112
[2026-06-03 06:07:51] Epoch 16 train batch [1400/1875] loss=0.0009 avg_loss=0.1111
[2026-06-03 06:07:53] Epoch 16 train batch [1420/1875] loss=0.1863 avg_loss=0.1108
[2026-06-03 06:07:55] Epoch 16 train batch [1440/1875] loss=0.0510 avg_loss=0.1107
[2026-06-03 06:07:57] Epoch 16 train batch [1460/1875] loss=0.2049 avg_loss=0.1107
[2026-06-03 06:07:58] Epoch 16 train batch [1480/1875] loss=0.1142 avg_loss=0.1107
[2026-06-03 06:08:00] Epoch 16 train batch [1500/1875] loss=0.0397 avg_loss=0.1107
[2026-06-03 06:08:02] Epoch 16 train batch [1520/1875] loss=0.1193 avg_loss=0.1108
[2026-06-03 06:08:04] Epoch 16 train batch [1540/1875] loss=0.1203 avg_loss=0.1105
[2026-06-03 06:08:05] Epoch 16 train batch [1560/1875] loss=0.1780 avg_loss=0.1104
[2026-06-03 06:08:07] Epoch 16 train batch [1580/1875] loss=0.1108 avg_loss=0.1101
[2026-06-03 06:08:09] Epoch 16 train batch [1600/1875] loss=0.0654 avg_loss=0.1096
[2026-06-03 06:08:11] Epoch 16 train batch [1620/1875] loss=0.0571 avg_loss=0.1095
[2026-06-03 06:08:12] Epoch 16 train batch [1640/1875] loss=0.1348 avg_loss=0.1097
[2026-06-03 06:08:14] Epoch 16 train batch [1660/1875] loss=0.0845 avg_loss=0.1097
[2026-06-03 06:08:16] Epoch 16 train batch [1680/1875] loss=0.1413 avg_loss=0.1098
[2026-06-03 06:08:18] Epoch 16 train batch [1700/1875] loss=0.1599 avg_loss=0.1097
[2026-06-03 06:08:19] Epoch 16 train batch [1720/1875] loss=0.2839 avg_loss=0.1099
[2026-06-03 06:08:21] Epoch 16 train batch [1740/1875] loss=0.0759 avg_loss=0.1098
[2026-06-03 06:08:23] Epoch 16 train batch [1760/1875] loss=0.1251 avg_loss=0.1095
[2026-06-03 06:08:25] Epoch 16 train batch [1780/1875] loss=0.0314 avg_loss=0.1095
[2026-06-03 06:08:27] Epoch 16 train batch [1800/1875] loss=0.1140 avg_loss=0.1098
[2026-06-03 06:08:28] Epoch 16 train batch [1820/1875] loss=0.0988 avg_loss=0.1096
[2026-06-03 06:08:30] Epoch 16 train batch [1840/1875] loss=0.0922 avg_loss=0.1093
[2026-06-03 06:08:32] Epoch 16 train batch [1860/1875] loss=0.0550 avg_loss=0.1093
[2026-06-03 06:08:33] Epoch 16 train batch [1875/1875] loss=0.1506 avg_loss=0.1092
[2026-06-03 06:08:33] Epoch 16 training completed. Computing validation loss.
[2026-06-03 06:08:50] Epoch 16 validation loss completed: 0.1828. Computing detection metrics.
[2026-06-03 06:09:07] Epoch 16 metrics computed. Saving artifacts.
[2026-06-03 06:09:08] Epoch 16 improved mAP@0.5 to 0.7747. Saved best checkpoint: best_model-20260603-051553.pth.
Epoch [16/30]
├── Train Loss : 0.1092
│   ├── loss_classifier  : 0.0336
│   ├── loss_box_reg     : 0.0687
│   ├── loss_objectness  : 0.0032
│   └── loss_rpn_box_reg : 0.0038
├── Val Loss   : 0.1828
├── mAP@0.5    : 0.7747
├── mAP@0.75   : 0.4580
├── mAP@0.5:0.95 : 0.4496
├── Precision  : 0.6072
├── Recall     : 0.8451
├── GT Boxes   : 2021
├── Predictions: 2813
├── Per-class AP
│   ├── person  : AP50=0.8305, AP75=0.4823, AP50:95=0.4735, P=0.6645, R=0.8687
│   ├── car     : AP50=0.7509, AP75=0.4470, AP50:95=0.4334, P=0.5419, R=0.8233
│   ├── dog     : AP50=0.8615, AP75=0.5925, AP50:95=0.5401, P=0.6985, R=0.8883
│   ├── cat     : AP50=0.8820, AP75=0.5321, AP50:95=0.5308, P=0.7980, R=0.8977
│   └── chair   : AP50=0.5487, AP75=0.2360, AP50:95=0.2702, P=0.3873, R=0.7128
├── LR         : 0.000100
└── Time       : 198.3s
[2026-06-03 06:09:08] Epoch [16/30] completed.
[2026-06-03 06:09:08] Epoch [17/30] started.
[2026-06-03 06:09:10] Epoch 17 train batch [20/1875] loss=0.3111 avg_loss=0.1337
[2026-06-03 06:09:12] Epoch 17 train batch [40/1875] loss=0.0191 avg_loss=0.1250
[2026-06-03 06:09:14] Epoch 17 train batch [60/1875] loss=0.0086 avg_loss=0.1214
[2026-06-03 06:09:16] Epoch 17 train batch [80/1875] loss=0.0460 avg_loss=0.1168
[2026-06-03 06:09:17] Epoch 17 train batch [100/1875] loss=0.2764 avg_loss=0.1160
[2026-06-03 06:09:19] Epoch 17 train batch [120/1875] loss=0.0750 avg_loss=0.1113
[2026-06-03 06:09:21] Epoch 17 train batch [140/1875] loss=0.1607 avg_loss=0.1143
[2026-06-03 06:09:23] Epoch 17 train batch [160/1875] loss=0.2097 avg_loss=0.1138
[2026-06-03 06:09:24] Epoch 17 train batch [180/1875] loss=0.0246 avg_loss=0.1162
[2026-06-03 06:09:26] Epoch 17 train batch [200/1875] loss=0.0989 avg_loss=0.1153
[2026-06-03 06:09:28] Epoch 17 train batch [220/1875] loss=0.0407 avg_loss=0.1159
[2026-06-03 06:09:30] Epoch 17 train batch [240/1875] loss=0.0511 avg_loss=0.1158
[2026-06-03 06:09:31] Epoch 17 train batch [260/1875] loss=0.1460 avg_loss=0.1148
[2026-06-03 06:09:33] Epoch 17 train batch [280/1875] loss=0.2566 avg_loss=0.1133
[2026-06-03 06:09:35] Epoch 17 train batch [300/1875] loss=0.0201 avg_loss=0.1126
[2026-06-03 06:09:37] Epoch 17 train batch [320/1875] loss=0.2145 avg_loss=0.1113
[2026-06-03 06:09:38] Epoch 17 train batch [340/1875] loss=0.0931 avg_loss=0.1108
[2026-06-03 06:09:40] Epoch 17 train batch [360/1875] loss=0.3251 avg_loss=0.1101
[2026-06-03 06:09:42] Epoch 17 train batch [380/1875] loss=0.1768 avg_loss=0.1090
[2026-06-03 06:09:43] Epoch 17 train batch [400/1875] loss=0.0200 avg_loss=0.1115
[2026-06-03 06:09:45] Epoch 17 train batch [420/1875] loss=0.1542 avg_loss=0.1140
[2026-06-03 06:09:47] Epoch 17 train batch [440/1875] loss=0.0037 avg_loss=0.1144
[2026-06-03 06:09:49] Epoch 17 train batch [460/1875] loss=0.2492 avg_loss=0.1138
[2026-06-03 06:09:50] Epoch 17 train batch [480/1875] loss=0.0312 avg_loss=0.1124
[2026-06-03 06:09:52] Epoch 17 train batch [500/1875] loss=0.0547 avg_loss=0.1120
[2026-06-03 06:09:54] Epoch 17 train batch [520/1875] loss=0.1060 avg_loss=0.1129
[2026-06-03 06:09:56] Epoch 17 train batch [540/1875] loss=0.0384 avg_loss=0.1123
[2026-06-03 06:09:57] Epoch 17 train batch [560/1875] loss=0.1836 avg_loss=0.1121
[2026-06-03 06:09:59] Epoch 17 train batch [580/1875] loss=0.0912 avg_loss=0.1127
[2026-06-03 06:10:01] Epoch 17 train batch [600/1875] loss=0.1205 avg_loss=0.1123
[2026-06-03 06:10:02] Epoch 17 train batch [620/1875] loss=0.1852 avg_loss=0.1123
[2026-06-03 06:10:04] Epoch 17 train batch [640/1875] loss=0.1933 avg_loss=0.1123
[2026-06-03 06:10:06] Epoch 17 train batch [660/1875] loss=0.0611 avg_loss=0.1129
[2026-06-03 06:10:08] Epoch 17 train batch [680/1875] loss=0.1561 avg_loss=0.1128
[2026-06-03 06:10:10] Epoch 17 train batch [700/1875] loss=0.0691 avg_loss=0.1122
[2026-06-03 06:10:11] Epoch 17 train batch [720/1875] loss=0.0512 avg_loss=0.1126
[2026-06-03 06:10:13] Epoch 17 train batch [740/1875] loss=0.0245 avg_loss=0.1120
[2026-06-03 06:10:15] Epoch 17 train batch [760/1875] loss=0.1203 avg_loss=0.1119
[2026-06-03 06:10:16] Epoch 17 train batch [780/1875] loss=0.0767 avg_loss=0.1125
[2026-06-03 06:10:18] Epoch 17 train batch [800/1875] loss=0.1009 avg_loss=0.1117
[2026-06-03 06:10:20] Epoch 17 train batch [820/1875] loss=0.0743 avg_loss=0.1108
[2026-06-03 06:10:22] Epoch 17 train batch [840/1875] loss=0.1691 avg_loss=0.1109
[2026-06-03 06:10:23] Epoch 17 train batch [860/1875] loss=0.0824 avg_loss=0.1110
[2026-06-03 06:10:25] Epoch 17 train batch [880/1875] loss=0.1263 avg_loss=0.1106
[2026-06-03 06:10:27] Epoch 17 train batch [900/1875] loss=0.0346 avg_loss=0.1104
[2026-06-03 06:10:29] Epoch 17 train batch [920/1875] loss=0.0392 avg_loss=0.1099
[2026-06-03 06:10:30] Epoch 17 train batch [940/1875] loss=0.0875 avg_loss=0.1095
[2026-06-03 06:10:32] Epoch 17 train batch [960/1875] loss=0.0930 avg_loss=0.1088
[2026-06-03 06:10:34] Epoch 17 train batch [980/1875] loss=0.0854 avg_loss=0.1085
[2026-06-03 06:10:36] Epoch 17 train batch [1000/1875] loss=0.0544 avg_loss=0.1090
[2026-06-03 06:10:37] Epoch 17 train batch [1020/1875] loss=0.0627 avg_loss=0.1087
[2026-06-03 06:10:39] Epoch 17 train batch [1040/1875] loss=0.1478 avg_loss=0.1086
[2026-06-03 06:10:41] Epoch 17 train batch [1060/1875] loss=0.0683 avg_loss=0.1085
[2026-06-03 06:10:43] Epoch 17 train batch [1080/1875] loss=0.1744 avg_loss=0.1084
[2026-06-03 06:10:44] Epoch 17 train batch [1100/1875] loss=0.1130 avg_loss=0.1085
[2026-06-03 06:10:46] Epoch 17 train batch [1120/1875] loss=0.1482 avg_loss=0.1085
[2026-06-03 06:10:48] Epoch 17 train batch [1140/1875] loss=0.0358 avg_loss=0.1084
[2026-06-03 06:10:50] Epoch 17 train batch [1160/1875] loss=0.2270 avg_loss=0.1082
[2026-06-03 06:10:52] Epoch 17 train batch [1180/1875] loss=0.1013 avg_loss=0.1079
[2026-06-03 06:10:53] Epoch 17 train batch [1200/1875] loss=0.0638 avg_loss=0.1078
[2026-06-03 06:10:55] Epoch 17 train batch [1220/1875] loss=0.0326 avg_loss=0.1075
[2026-06-03 06:10:57] Epoch 17 train batch [1240/1875] loss=0.0273 avg_loss=0.1070
[2026-06-03 06:10:59] Epoch 17 train batch [1260/1875] loss=0.0954 avg_loss=0.1070
[2026-06-03 06:11:00] Epoch 17 train batch [1280/1875] loss=0.0354 avg_loss=0.1071
[2026-06-03 06:11:02] Epoch 17 train batch [1300/1875] loss=0.1045 avg_loss=0.1070
[2026-06-03 06:11:04] Epoch 17 train batch [1320/1875] loss=0.0576 avg_loss=0.1067
[2026-06-03 06:11:06] Epoch 17 train batch [1340/1875] loss=0.1868 avg_loss=0.1067
[2026-06-03 06:11:07] Epoch 17 train batch [1360/1875] loss=0.0296 avg_loss=0.1065
[2026-06-03 06:11:09] Epoch 17 train batch [1380/1875] loss=0.0302 avg_loss=0.1064
[2026-06-03 06:11:11] Epoch 17 train batch [1400/1875] loss=0.2165 avg_loss=0.1064
[2026-06-03 06:11:13] Epoch 17 train batch [1420/1875] loss=0.0510 avg_loss=0.1067
[2026-06-03 06:11:14] Epoch 17 train batch [1440/1875] loss=0.0942 avg_loss=0.1066
[2026-06-03 06:11:16] Epoch 17 train batch [1460/1875] loss=0.0468 avg_loss=0.1065
[2026-06-03 06:11:18] Epoch 17 train batch [1480/1875] loss=0.0474 avg_loss=0.1062
[2026-06-03 06:11:19] Epoch 17 train batch [1500/1875] loss=0.3089 avg_loss=0.1066
[2026-06-03 06:11:21] Epoch 17 train batch [1520/1875] loss=0.0827 avg_loss=0.1064
[2026-06-03 06:11:23] Epoch 17 train batch [1540/1875] loss=0.0160 avg_loss=0.1063
[2026-06-03 06:11:25] Epoch 17 train batch [1560/1875] loss=0.2065 avg_loss=0.1063
[2026-06-03 06:11:26] Epoch 17 train batch [1580/1875] loss=0.0496 avg_loss=0.1062
[2026-06-03 06:11:28] Epoch 17 train batch [1600/1875] loss=0.0816 avg_loss=0.1061
[2026-06-03 06:11:30] Epoch 17 train batch [1620/1875] loss=0.0286 avg_loss=0.1059
[2026-06-03 06:11:32] Epoch 17 train batch [1640/1875] loss=0.0444 avg_loss=0.1055
[2026-06-03 06:11:33] Epoch 17 train batch [1660/1875] loss=0.1899 avg_loss=0.1057
[2026-06-03 06:11:35] Epoch 17 train batch [1680/1875] loss=0.0592 avg_loss=0.1057
[2026-06-03 06:11:37] Epoch 17 train batch [1700/1875] loss=0.0199 avg_loss=0.1060
[2026-06-03 06:11:38] Epoch 17 train batch [1720/1875] loss=0.0515 avg_loss=0.1059
[2026-06-03 06:11:40] Epoch 17 train batch [1740/1875] loss=0.1293 avg_loss=0.1059
[2026-06-03 06:11:42] Epoch 17 train batch [1760/1875] loss=0.0002 avg_loss=0.1059
[2026-06-03 06:11:44] Epoch 17 train batch [1780/1875] loss=0.2585 avg_loss=0.1063
[2026-06-03 06:11:45] Epoch 17 train batch [1800/1875] loss=0.0374 avg_loss=0.1063
[2026-06-03 06:11:47] Epoch 17 train batch [1820/1875] loss=0.1091 avg_loss=0.1062
[2026-06-03 06:11:49] Epoch 17 train batch [1840/1875] loss=0.1018 avg_loss=0.1060
[2026-06-03 06:11:51] Epoch 17 train batch [1860/1875] loss=0.2439 avg_loss=0.1061
[2026-06-03 06:11:52] Epoch 17 train batch [1875/1875] loss=0.0998 avg_loss=0.1064
[2026-06-03 06:11:52] Epoch 17 training completed. Computing validation loss.
[2026-06-03 06:12:09] Epoch 17 validation loss completed: 0.1836. Computing detection metrics.
[2026-06-03 06:12:26] Epoch 17 metrics computed. Saving artifacts.
[2026-06-03 06:12:27] Epoch 17 did not improve mAP@0.5 enough. Early stopping counter: 1/7.
Epoch [17/30]
├── Train Loss : 0.1064
│   ├── loss_classifier  : 0.0326
│   ├── loss_box_reg     : 0.0671
│   ├── loss_objectness  : 0.0030
│   └── loss_rpn_box_reg : 0.0037
├── Val Loss   : 0.1836
├── mAP@0.5    : 0.7743
├── mAP@0.75   : 0.4563
├── mAP@0.5:0.95 : 0.4505
├── Precision  : 0.5949
├── Recall     : 0.8481
├── GT Boxes   : 2021
├── Predictions: 2881
├── Per-class AP
│   ├── person  : AP50=0.8341, AP75=0.4765, AP50:95=0.4751, P=0.6432, R=0.8762
│   ├── car     : AP50=0.7493, AP75=0.4568, AP50:95=0.4351, P=0.5320, R=0.8233
│   ├── dog     : AP50=0.8503, AP75=0.5905, AP50:95=0.5422, P=0.6962, R=0.8786
│   ├── cat     : AP50=0.8773, AP75=0.5236, AP50:95=0.5266, P=0.7696, R=0.8920
│   └── chair   : AP50=0.5604, AP75=0.2343, AP50:95=0.2734, P=0.3915, R=0.7163
├── LR         : 0.000100
└── Time       : 197.6s
[2026-06-03 06:12:27] Epoch [17/30] completed.
[2026-06-03 06:12:27] Epoch [18/30] started.
[2026-06-03 06:12:28] Epoch 18 train batch [20/1875] loss=0.0876 avg_loss=0.1002
[2026-06-03 06:12:30] Epoch 18 train batch [40/1875] loss=0.0297 avg_loss=0.0909
[2026-06-03 06:12:32] Epoch 18 train batch [60/1875] loss=0.0014 avg_loss=0.0937
[2026-06-03 06:12:34] Epoch 18 train batch [80/1875] loss=0.0699 avg_loss=0.1004
[2026-06-03 06:12:35] Epoch 18 train batch [100/1875] loss=0.1220 avg_loss=0.0991
[2026-06-03 06:12:37] Epoch 18 train batch [120/1875] loss=0.2181 avg_loss=0.0966
[2026-06-03 06:12:39] Epoch 18 train batch [140/1875] loss=0.1374 avg_loss=0.0990
[2026-06-03 06:12:41] Epoch 18 train batch [160/1875] loss=0.0277 avg_loss=0.1046
[2026-06-03 06:12:42] Epoch 18 train batch [180/1875] loss=0.0629 avg_loss=0.1022
[2026-06-03 06:12:44] Epoch 18 train batch [200/1875] loss=0.0402 avg_loss=0.1011
[2026-06-03 06:12:46] Epoch 18 train batch [220/1875] loss=0.0621 avg_loss=0.1034
[2026-06-03 06:12:47] Epoch 18 train batch [240/1875] loss=0.0299 avg_loss=0.1034
[2026-06-03 06:12:49] Epoch 18 train batch [260/1875] loss=0.1049 avg_loss=0.1029
[2026-06-03 06:12:51] Epoch 18 train batch [280/1875] loss=0.0697 avg_loss=0.1010
[2026-06-03 06:12:52] Epoch 18 train batch [300/1875] loss=0.0316 avg_loss=0.1009
[2026-06-03 06:12:54] Epoch 18 train batch [320/1875] loss=0.1583 avg_loss=0.1001
[2026-06-03 06:12:56] Epoch 18 train batch [340/1875] loss=0.1012 avg_loss=0.1015
[2026-06-03 06:12:58] Epoch 18 train batch [360/1875] loss=0.0087 avg_loss=0.1026
[2026-06-03 06:12:59] Epoch 18 train batch [380/1875] loss=0.1055 avg_loss=0.1023
[2026-06-03 06:13:01] Epoch 18 train batch [400/1875] loss=0.1290 avg_loss=0.1018
[2026-06-03 06:13:03] Epoch 18 train batch [420/1875] loss=0.0797 avg_loss=0.1017
[2026-06-03 06:13:05] Epoch 18 train batch [440/1875] loss=0.0649 avg_loss=0.1013
[2026-06-03 06:13:07] Epoch 18 train batch [460/1875] loss=0.1149 avg_loss=0.1017
[2026-06-03 06:13:08] Epoch 18 train batch [480/1875] loss=0.0477 avg_loss=0.1022
[2026-06-03 06:13:10] Epoch 18 train batch [500/1875] loss=0.0436 avg_loss=0.1027
[2026-06-03 06:13:12] Epoch 18 train batch [520/1875] loss=0.0001 avg_loss=0.1025
[2026-06-03 06:13:14] Epoch 18 train batch [540/1875] loss=0.1006 avg_loss=0.1018
[2026-06-03 06:13:16] Epoch 18 train batch [560/1875] loss=0.2065 avg_loss=0.1018
[2026-06-03 06:13:17] Epoch 18 train batch [580/1875] loss=0.0931 avg_loss=0.1017
[2026-06-03 06:13:19] Epoch 18 train batch [600/1875] loss=0.1189 avg_loss=0.1016
[2026-06-03 06:13:21] Epoch 18 train batch [620/1875] loss=0.1451 avg_loss=0.1029
[2026-06-03 06:13:23] Epoch 18 train batch [640/1875] loss=0.0808 avg_loss=0.1033
[2026-06-03 06:13:24] Epoch 18 train batch [660/1875] loss=0.1260 avg_loss=0.1036
[2026-06-03 06:13:26] Epoch 18 train batch [680/1875] loss=0.0239 avg_loss=0.1029
[2026-06-03 06:13:28] Epoch 18 train batch [700/1875] loss=0.0120 avg_loss=0.1026
[2026-06-03 06:13:30] Epoch 18 train batch [720/1875] loss=0.2629 avg_loss=0.1045
[2026-06-03 06:13:31] Epoch 18 train batch [740/1875] loss=0.1943 avg_loss=0.1048
[2026-06-03 06:13:33] Epoch 18 train batch [760/1875] loss=0.0302 avg_loss=0.1047
[2026-06-03 06:13:35] Epoch 18 train batch [780/1875] loss=0.1254 avg_loss=0.1041
[2026-06-03 06:13:37] Epoch 18 train batch [800/1875] loss=0.0626 avg_loss=0.1035
[2026-06-03 06:13:38] Epoch 18 train batch [820/1875] loss=0.1139 avg_loss=0.1038
[2026-06-03 06:13:40] Epoch 18 train batch [840/1875] loss=0.0609 avg_loss=0.1043
[2026-06-03 06:13:42] Epoch 18 train batch [860/1875] loss=0.1238 avg_loss=0.1042
[2026-06-03 06:13:44] Epoch 18 train batch [880/1875] loss=0.1812 avg_loss=0.1041
[2026-06-03 06:13:45] Epoch 18 train batch [900/1875] loss=0.1449 avg_loss=0.1041
[2026-06-03 06:13:47] Epoch 18 train batch [920/1875] loss=0.1972 avg_loss=0.1044
[2026-06-03 06:13:49] Epoch 18 train batch [940/1875] loss=0.1821 avg_loss=0.1049
[2026-06-03 06:13:50] Epoch 18 train batch [960/1875] loss=0.1224 avg_loss=0.1047
[2026-06-03 06:13:52] Epoch 18 train batch [980/1875] loss=0.0002 avg_loss=0.1046
[2026-06-03 06:13:54] Epoch 18 train batch [1000/1875] loss=0.1398 avg_loss=0.1048
[2026-06-03 06:13:56] Epoch 18 train batch [1020/1875] loss=0.2277 avg_loss=0.1052
[2026-06-03 06:13:57] Epoch 18 train batch [1040/1875] loss=0.0476 avg_loss=0.1047
[2026-06-03 06:13:59] Epoch 18 train batch [1060/1875] loss=0.1830 avg_loss=0.1046
[2026-06-03 06:14:01] Epoch 18 train batch [1080/1875] loss=0.0214 avg_loss=0.1044
[2026-06-03 06:14:03] Epoch 18 train batch [1100/1875] loss=0.1271 avg_loss=0.1050
[2026-06-03 06:14:05] Epoch 18 train batch [1120/1875] loss=0.0415 avg_loss=0.1048
[2026-06-03 06:14:06] Epoch 18 train batch [1140/1875] loss=0.0852 avg_loss=0.1045
[2026-06-03 06:14:08] Epoch 18 train batch [1160/1875] loss=0.0180 avg_loss=0.1047
[2026-06-03 06:14:10] Epoch 18 train batch [1180/1875] loss=0.0538 avg_loss=0.1047
[2026-06-03 06:14:11] Epoch 18 train batch [1200/1875] loss=0.0622 avg_loss=0.1046
[2026-06-03 06:14:13] Epoch 18 train batch [1220/1875] loss=0.0792 avg_loss=0.1048
[2026-06-03 06:14:15] Epoch 18 train batch [1240/1875] loss=0.0872 avg_loss=0.1047
[2026-06-03 06:14:17] Epoch 18 train batch [1260/1875] loss=0.1423 avg_loss=0.1050
[2026-06-03 06:14:18] Epoch 18 train batch [1280/1875] loss=0.1150 avg_loss=0.1051
[2026-06-03 06:14:20] Epoch 18 train batch [1300/1875] loss=0.0800 avg_loss=0.1059
[2026-06-03 06:14:22] Epoch 18 train batch [1320/1875] loss=0.0551 avg_loss=0.1060
[2026-06-03 06:14:24] Epoch 18 train batch [1340/1875] loss=0.0439 avg_loss=0.1056
[2026-06-03 06:14:25] Epoch 18 train batch [1360/1875] loss=0.0138 avg_loss=0.1053
[2026-06-03 06:14:27] Epoch 18 train batch [1380/1875] loss=0.0858 avg_loss=0.1050
[2026-06-03 06:14:29] Epoch 18 train batch [1400/1875] loss=0.0727 avg_loss=0.1049
[2026-06-03 06:14:31] Epoch 18 train batch [1420/1875] loss=0.1118 avg_loss=0.1049
[2026-06-03 06:14:32] Epoch 18 train batch [1440/1875] loss=0.1564 avg_loss=0.1053
[2026-06-03 06:14:34] Epoch 18 train batch [1460/1875] loss=0.1424 avg_loss=0.1051
[2026-06-03 06:14:36] Epoch 18 train batch [1480/1875] loss=0.0091 avg_loss=0.1048
[2026-06-03 06:14:38] Epoch 18 train batch [1500/1875] loss=0.0716 avg_loss=0.1051
[2026-06-03 06:14:39] Epoch 18 train batch [1520/1875] loss=0.0277 avg_loss=0.1052
[2026-06-03 06:14:41] Epoch 18 train batch [1540/1875] loss=0.0370 avg_loss=0.1050
[2026-06-03 06:14:43] Epoch 18 train batch [1560/1875] loss=0.1105 avg_loss=0.1051
[2026-06-03 06:14:45] Epoch 18 train batch [1580/1875] loss=0.2515 avg_loss=0.1051
[2026-06-03 06:14:47] Epoch 18 train batch [1600/1875] loss=0.0493 avg_loss=0.1052
[2026-06-03 06:14:48] Epoch 18 train batch [1620/1875] loss=0.0358 avg_loss=0.1050
[2026-06-03 06:14:50] Epoch 18 train batch [1640/1875] loss=0.0162 avg_loss=0.1050
[2026-06-03 06:14:52] Epoch 18 train batch [1660/1875] loss=0.0168 avg_loss=0.1049
[2026-06-03 06:14:53] Epoch 18 train batch [1680/1875] loss=0.2475 avg_loss=0.1054
[2026-06-03 06:14:55] Epoch 18 train batch [1700/1875] loss=0.0524 avg_loss=0.1056
[2026-06-03 06:14:57] Epoch 18 train batch [1720/1875] loss=0.0788 avg_loss=0.1053
[2026-06-03 06:14:59] Epoch 18 train batch [1740/1875] loss=0.1410 avg_loss=0.1053
[2026-06-03 06:15:01] Epoch 18 train batch [1760/1875] loss=0.1583 avg_loss=0.1054
[2026-06-03 06:15:02] Epoch 18 train batch [1780/1875] loss=0.0612 avg_loss=0.1057
[2026-06-03 06:15:04] Epoch 18 train batch [1800/1875] loss=0.1519 avg_loss=0.1059
[2026-06-03 06:15:06] Epoch 18 train batch [1820/1875] loss=0.1290 avg_loss=0.1060
[2026-06-03 06:15:08] Epoch 18 train batch [1840/1875] loss=0.0359 avg_loss=0.1057
[2026-06-03 06:15:09] Epoch 18 train batch [1860/1875] loss=0.2435 avg_loss=0.1055
[2026-06-03 06:15:11] Epoch 18 train batch [1875/1875] loss=0.0750 avg_loss=0.1054
[2026-06-03 06:15:11] Epoch 18 training completed. Computing validation loss.
[2026-06-03 06:15:28] Epoch 18 validation loss completed: 0.1848. Computing detection metrics.
[2026-06-03 06:15:45] Epoch 18 metrics computed. Saving artifacts.
[2026-06-03 06:15:45] Epoch 18 did not improve mAP@0.5 enough. Early stopping counter: 2/7.
Epoch [18/30]
├── Train Loss : 0.1054
│   ├── loss_classifier  : 0.0323
│   ├── loss_box_reg     : 0.0664
│   ├── loss_objectness  : 0.0030
│   └── loss_rpn_box_reg : 0.0036
├── Val Loss   : 0.1848
├── mAP@0.5    : 0.7702
├── mAP@0.75   : 0.4682
├── mAP@0.5:0.95 : 0.4492
├── Precision  : 0.6085
├── Recall     : 0.8422
├── GT Boxes   : 2021
├── Predictions: 2797
├── Per-class AP
│   ├── person  : AP50=0.8367, AP75=0.4741, AP50:95=0.4705, P=0.6571, R=0.8762
│   ├── car     : AP50=0.7453, AP75=0.4556, AP50:95=0.4345, P=0.5410, R=0.8163
│   ├── dog     : AP50=0.8490, AP75=0.6114, AP50:95=0.5402, P=0.7004, R=0.8738
│   ├── cat     : AP50=0.8805, AP75=0.5463, AP50:95=0.5375, P=0.7560, R=0.8977
│   └── chair   : AP50=0.5395, AP75=0.2535, AP50:95=0.2635, P=0.4068, R=0.6809
├── LR         : 0.000100
└── Time       : 198.2s
[2026-06-03 06:15:45] Epoch [18/30] completed.
[2026-06-03 06:15:45] Epoch [19/30] started.
[2026-06-03 06:15:47] Epoch 19 train batch [20/1875] loss=0.1198 avg_loss=0.1268
[2026-06-03 06:15:49] Epoch 19 train batch [40/1875] loss=0.1342 avg_loss=0.1010
[2026-06-03 06:15:51] Epoch 19 train batch [60/1875] loss=0.0656 avg_loss=0.0999
[2026-06-03 06:15:52] Epoch 19 train batch [80/1875] loss=0.0339 avg_loss=0.1048
[2026-06-03 06:15:54] Epoch 19 train batch [100/1875] loss=0.0114 avg_loss=0.1083
[2026-06-03 06:15:56] Epoch 19 train batch [120/1875] loss=0.0448 avg_loss=0.1093
[2026-06-03 06:15:58] Epoch 19 train batch [140/1875] loss=0.1125 avg_loss=0.1101
[2026-06-03 06:15:59] Epoch 19 train batch [160/1875] loss=0.0990 avg_loss=0.1139
[2026-06-03 06:16:01] Epoch 19 train batch [180/1875] loss=0.1255 avg_loss=0.1120
[2026-06-03 06:16:03] Epoch 19 train batch [200/1875] loss=0.0624 avg_loss=0.1074
[2026-06-03 06:16:05] Epoch 19 train batch [220/1875] loss=0.1440 avg_loss=0.1077
[2026-06-03 06:16:07] Epoch 19 train batch [240/1875] loss=0.0647 avg_loss=0.1084
[2026-06-03 06:16:08] Epoch 19 train batch [260/1875] loss=0.0769 avg_loss=0.1096
[2026-06-03 06:16:10] Epoch 19 train batch [280/1875] loss=0.2085 avg_loss=0.1089
[2026-06-03 06:16:12] Epoch 19 train batch [300/1875] loss=0.0624 avg_loss=0.1097
[2026-06-03 06:16:14] Epoch 19 train batch [320/1875] loss=0.2275 avg_loss=0.1094
[2026-06-03 06:16:15] Epoch 19 train batch [340/1875] loss=0.0270 avg_loss=0.1087
[2026-06-03 06:16:17] Epoch 19 train batch [360/1875] loss=0.0515 avg_loss=0.1075
[2026-06-03 06:16:19] Epoch 19 train batch [380/1875] loss=0.1491 avg_loss=0.1072
[2026-06-03 06:16:21] Epoch 19 train batch [400/1875] loss=0.1010 avg_loss=0.1063
[2026-06-03 06:16:22] Epoch 19 train batch [420/1875] loss=0.0291 avg_loss=0.1064
[2026-06-03 06:16:24] Epoch 19 train batch [440/1875] loss=0.0896 avg_loss=0.1058
[2026-06-03 06:16:26] Epoch 19 train batch [460/1875] loss=0.0731 avg_loss=0.1049
[2026-06-03 06:16:28] Epoch 19 train batch [480/1875] loss=0.1710 avg_loss=0.1043
[2026-06-03 06:16:29] Epoch 19 train batch [500/1875] loss=0.0137 avg_loss=0.1039
[2026-06-03 06:16:31] Epoch 19 train batch [520/1875] loss=0.0716 avg_loss=0.1040
[2026-06-03 06:16:33] Epoch 19 train batch [540/1875] loss=0.1103 avg_loss=0.1046
[2026-06-03 06:16:34] Epoch 19 train batch [560/1875] loss=0.2520 avg_loss=0.1040
[2026-06-03 06:16:36] Epoch 19 train batch [580/1875] loss=0.1778 avg_loss=0.1036
[2026-06-03 06:16:38] Epoch 19 train batch [600/1875] loss=0.1050 avg_loss=0.1041
[2026-06-03 06:16:40] Epoch 19 train batch [620/1875] loss=0.0904 avg_loss=0.1040
[2026-06-03 06:16:41] Epoch 19 train batch [640/1875] loss=0.2168 avg_loss=0.1043
[2026-06-03 06:16:43] Epoch 19 train batch [660/1875] loss=0.1212 avg_loss=0.1045
[2026-06-03 06:16:45] Epoch 19 train batch [680/1875] loss=0.0416 avg_loss=0.1045
[2026-06-03 06:16:47] Epoch 19 train batch [700/1875] loss=0.0367 avg_loss=0.1046
[2026-06-03 06:16:48] Epoch 19 train batch [720/1875] loss=0.0631 avg_loss=0.1045
[2026-06-03 06:16:50] Epoch 19 train batch [740/1875] loss=0.0794 avg_loss=0.1045
[2026-06-03 06:16:52] Epoch 19 train batch [760/1875] loss=0.1960 avg_loss=0.1049
[2026-06-03 06:16:54] Epoch 19 train batch [780/1875] loss=0.0160 avg_loss=0.1043
[2026-06-03 06:16:55] Epoch 19 train batch [800/1875] loss=0.1831 avg_loss=0.1050
[2026-06-03 06:16:57] Epoch 19 train batch [820/1875] loss=0.0855 avg_loss=0.1048
[2026-06-03 06:16:59] Epoch 19 train batch [840/1875] loss=0.1647 avg_loss=0.1047
[2026-06-03 06:17:01] Epoch 19 train batch [860/1875] loss=0.0000 avg_loss=0.1053
[2026-06-03 06:17:02] Epoch 19 train batch [880/1875] loss=0.0640 avg_loss=0.1049
[2026-06-03 06:17:04] Epoch 19 train batch [900/1875] loss=0.2169 avg_loss=0.1048
[2026-06-03 06:17:06] Epoch 19 train batch [920/1875] loss=0.0971 avg_loss=0.1044
[2026-06-03 06:17:08] Epoch 19 train batch [940/1875] loss=0.0578 avg_loss=0.1038
[2026-06-03 06:17:09] Epoch 19 train batch [960/1875] loss=0.0412 avg_loss=0.1033
[2026-06-03 06:17:11] Epoch 19 train batch [980/1875] loss=0.1126 avg_loss=0.1032
[2026-06-03 06:17:13] Epoch 19 train batch [1000/1875] loss=0.1719 avg_loss=0.1037
[2026-06-03 06:17:15] Epoch 19 train batch [1020/1875] loss=0.1002 avg_loss=0.1041
[2026-06-03 06:17:16] Epoch 19 train batch [1040/1875] loss=0.0757 avg_loss=0.1042
[2026-06-03 06:17:18] Epoch 19 train batch [1060/1875] loss=0.2246 avg_loss=0.1042
[2026-06-03 06:17:20] Epoch 19 train batch [1080/1875] loss=0.1304 avg_loss=0.1038
[2026-06-03 06:17:22] Epoch 19 train batch [1100/1875] loss=0.1089 avg_loss=0.1038
[2026-06-03 06:17:23] Epoch 19 train batch [1120/1875] loss=0.1017 avg_loss=0.1035
[2026-06-03 06:17:25] Epoch 19 train batch [1140/1875] loss=0.0395 avg_loss=0.1035
[2026-06-03 06:17:27] Epoch 19 train batch [1160/1875] loss=0.2295 avg_loss=0.1042
[2026-06-03 06:17:29] Epoch 19 train batch [1180/1875] loss=0.0585 avg_loss=0.1046
[2026-06-03 06:17:30] Epoch 19 train batch [1200/1875] loss=0.0642 avg_loss=0.1044
[2026-06-03 06:17:32] Epoch 19 train batch [1220/1875] loss=0.0576 avg_loss=0.1050
[2026-06-03 06:17:34] Epoch 19 train batch [1240/1875] loss=0.0537 avg_loss=0.1050
[2026-06-03 06:17:36] Epoch 19 train batch [1260/1875] loss=0.1432 avg_loss=0.1049
[2026-06-03 06:17:37] Epoch 19 train batch [1280/1875] loss=0.1149 avg_loss=0.1050
[2026-06-03 06:17:39] Epoch 19 train batch [1300/1875] loss=0.1303 avg_loss=0.1045
[2026-06-03 06:17:41] Epoch 19 train batch [1320/1875] loss=0.0889 avg_loss=0.1043
[2026-06-03 06:17:43] Epoch 19 train batch [1340/1875] loss=0.0456 avg_loss=0.1044
[2026-06-03 06:17:44] Epoch 19 train batch [1360/1875] loss=0.0548 avg_loss=0.1047
[2026-06-03 06:17:46] Epoch 19 train batch [1380/1875] loss=0.0742 avg_loss=0.1046
[2026-06-03 06:17:48] Epoch 19 train batch [1400/1875] loss=0.0102 avg_loss=0.1047
[2026-06-03 06:17:50] Epoch 19 train batch [1420/1875] loss=0.1455 avg_loss=0.1053
[2026-06-03 06:17:51] Epoch 19 train batch [1440/1875] loss=0.0209 avg_loss=0.1053
[2026-06-03 06:17:53] Epoch 19 train batch [1460/1875] loss=0.0739 avg_loss=0.1052
[2026-06-03 06:17:55] Epoch 19 train batch [1480/1875] loss=0.1088 avg_loss=0.1049
[2026-06-03 06:17:57] Epoch 19 train batch [1500/1875] loss=0.1022 avg_loss=0.1048
[2026-06-03 06:17:58] Epoch 19 train batch [1520/1875] loss=0.1765 avg_loss=0.1049
[2026-06-03 06:18:00] Epoch 19 train batch [1540/1875] loss=0.0657 avg_loss=0.1047
[2026-06-03 06:18:02] Epoch 19 train batch [1560/1875] loss=0.0823 avg_loss=0.1045
[2026-06-03 06:18:04] Epoch 19 train batch [1580/1875] loss=0.0451 avg_loss=0.1044
[2026-06-03 06:18:05] Epoch 19 train batch [1600/1875] loss=0.0820 avg_loss=0.1046
[2026-06-03 06:18:07] Epoch 19 train batch [1620/1875] loss=0.1068 avg_loss=0.1047
[2026-06-03 06:18:09] Epoch 19 train batch [1640/1875] loss=0.1349 avg_loss=0.1050
[2026-06-03 06:18:11] Epoch 19 train batch [1660/1875] loss=0.1686 avg_loss=0.1048
[2026-06-03 06:18:12] Epoch 19 train batch [1680/1875] loss=0.0282 avg_loss=0.1047
[2026-06-03 06:18:14] Epoch 19 train batch [1700/1875] loss=0.0089 avg_loss=0.1051
[2026-06-03 06:18:16] Epoch 19 train batch [1720/1875] loss=0.0682 avg_loss=0.1048
[2026-06-03 06:18:18] Epoch 19 train batch [1740/1875] loss=0.0214 avg_loss=0.1048
[2026-06-03 06:18:20] Epoch 19 train batch [1760/1875] loss=0.0996 avg_loss=0.1044
[2026-06-03 06:18:21] Epoch 19 train batch [1780/1875] loss=0.0307 avg_loss=0.1044
[2026-06-03 06:18:23] Epoch 19 train batch [1800/1875] loss=0.0001 avg_loss=0.1045
[2026-06-03 06:18:25] Epoch 19 train batch [1820/1875] loss=0.0360 avg_loss=0.1042
[2026-06-03 06:18:27] Epoch 19 train batch [1840/1875] loss=0.0601 avg_loss=0.1042
[2026-06-03 06:18:28] Epoch 19 train batch [1860/1875] loss=0.0410 avg_loss=0.1042
[2026-06-03 06:18:30] Epoch 19 train batch [1875/1875] loss=0.0449 avg_loss=0.1042
[2026-06-03 06:18:30] Epoch 19 training completed. Computing validation loss.
[2026-06-03 06:18:47] Epoch 19 validation loss completed: 0.1884. Computing detection metrics.
[2026-06-03 06:19:04] Epoch 19 metrics computed. Saving artifacts.
[2026-06-03 06:19:04] Epoch 19 did not improve mAP@0.5 enough. Early stopping counter: 3/7.
Epoch [19/30]
├── Train Loss : 0.1042
│   ├── loss_classifier  : 0.0319
│   ├── loss_box_reg     : 0.0657
│   ├── loss_objectness  : 0.0030
│   └── loss_rpn_box_reg : 0.0036
├── Val Loss   : 0.1884
├── mAP@0.5    : 0.7704
├── mAP@0.75   : 0.4596
├── mAP@0.5:0.95 : 0.4480
├── Precision  : 0.6244
├── Recall     : 0.8367
├── GT Boxes   : 2021
├── Predictions: 2708
├── Per-class AP
│   ├── person  : AP50=0.8267, AP75=0.4717, AP50:95=0.4725, P=0.6662, R=0.8622
│   ├── car     : AP50=0.7421, AP75=0.4515, AP50:95=0.4330, P=0.5531, R=0.8092
│   ├── dog     : AP50=0.8549, AP75=0.5982, AP50:95=0.5452, P=0.7000, R=0.8835
│   ├── cat     : AP50=0.8756, AP75=0.5516, AP50:95=0.5252, P=0.8135, R=0.8920
│   └── chair   : AP50=0.5527, AP75=0.2251, AP50:95=0.2640, P=0.4368, R=0.6986
├── LR         : 0.000100
└── Time       : 198.1s
[2026-06-03 06:19:04] Epoch [19/30] completed.
[2026-06-03 06:19:04] Epoch [20/30] started.
[2026-06-03 06:19:06] Epoch 20 train batch [20/1875] loss=0.1522 avg_loss=0.0962
[2026-06-03 06:19:08] Epoch 20 train batch [40/1875] loss=0.0937 avg_loss=0.0850
[2026-06-03 06:19:09] Epoch 20 train batch [60/1875] loss=0.0320 avg_loss=0.0840
[2026-06-03 06:19:11] Epoch 20 train batch [80/1875] loss=0.1825 avg_loss=0.0877
[2026-06-03 06:19:13] Epoch 20 train batch [100/1875] loss=0.0638 avg_loss=0.0918
[2026-06-03 06:19:15] Epoch 20 train batch [120/1875] loss=0.1473 avg_loss=0.0947
[2026-06-03 06:19:16] Epoch 20 train batch [140/1875] loss=0.1406 avg_loss=0.0968
[2026-06-03 06:19:18] Epoch 20 train batch [160/1875] loss=0.0873 avg_loss=0.0984
[2026-06-03 06:19:20] Epoch 20 train batch [180/1875] loss=0.0534 avg_loss=0.0999
[2026-06-03 06:19:22] Epoch 20 train batch [200/1875] loss=0.2405 avg_loss=0.0997
[2026-06-03 06:19:23] Epoch 20 train batch [220/1875] loss=0.0490 avg_loss=0.1003
[2026-06-03 06:19:25] Epoch 20 train batch [240/1875] loss=0.0803 avg_loss=0.1009
[2026-06-03 06:19:27] Epoch 20 train batch [260/1875] loss=0.1525 avg_loss=0.1026
[2026-06-03 06:19:29] Epoch 20 train batch [280/1875] loss=0.0657 avg_loss=0.1025
[2026-06-03 06:19:30] Epoch 20 train batch [300/1875] loss=0.1228 avg_loss=0.1034
[2026-06-03 06:19:32] Epoch 20 train batch [320/1875] loss=0.1108 avg_loss=0.1025
[2026-06-03 06:19:34] Epoch 20 train batch [340/1875] loss=0.0091 avg_loss=0.1028
[2026-06-03 06:19:36] Epoch 20 train batch [360/1875] loss=0.0758 avg_loss=0.1024
[2026-06-03 06:19:37] Epoch 20 train batch [380/1875] loss=0.0453 avg_loss=0.1023
[2026-06-03 06:19:39] Epoch 20 train batch [400/1875] loss=0.1130 avg_loss=0.1029
[2026-06-03 06:19:41] Epoch 20 train batch [420/1875] loss=0.0816 avg_loss=0.1034
[2026-06-03 06:19:43] Epoch 20 train batch [440/1875] loss=0.0281 avg_loss=0.1028
[2026-06-03 06:19:45] Epoch 20 train batch [460/1875] loss=0.0870 avg_loss=0.1030
[2026-06-03 06:19:46] Epoch 20 train batch [480/1875] loss=0.0477 avg_loss=0.1037
[2026-06-03 06:19:48] Epoch 20 train batch [500/1875] loss=0.1459 avg_loss=0.1038
[2026-06-03 06:19:50] Epoch 20 train batch [520/1875] loss=0.0468 avg_loss=0.1038
[2026-06-03 06:19:51] Epoch 20 train batch [540/1875] loss=0.2620 avg_loss=0.1039
[2026-06-03 06:19:53] Epoch 20 train batch [560/1875] loss=0.0355 avg_loss=0.1033
[2026-06-03 06:19:55] Epoch 20 train batch [580/1875] loss=0.0501 avg_loss=0.1029
[2026-06-03 06:19:57] Epoch 20 train batch [600/1875] loss=0.0740 avg_loss=0.1034
[2026-06-03 06:19:58] Epoch 20 train batch [620/1875] loss=0.2463 avg_loss=0.1031
[2026-06-03 06:20:00] Epoch 20 train batch [640/1875] loss=0.3226 avg_loss=0.1035
[2026-06-03 06:20:02] Epoch 20 train batch [660/1875] loss=0.0417 avg_loss=0.1038
[2026-06-03 06:20:03] Epoch 20 train batch [680/1875] loss=0.0896 avg_loss=0.1039
[2026-06-03 06:20:05] Epoch 20 train batch [700/1875] loss=0.1841 avg_loss=0.1042
[2026-06-03 06:20:07] Epoch 20 train batch [720/1875] loss=0.0423 avg_loss=0.1040
[2026-06-03 06:20:09] Epoch 20 train batch [740/1875] loss=0.2472 avg_loss=0.1042
[2026-06-03 06:20:10] Epoch 20 train batch [760/1875] loss=0.1583 avg_loss=0.1043
[2026-06-03 06:20:12] Epoch 20 train batch [780/1875] loss=0.0189 avg_loss=0.1046
[2026-06-03 06:20:14] Epoch 20 train batch [800/1875] loss=0.0636 avg_loss=0.1052
[2026-06-03 06:20:16] Epoch 20 train batch [820/1875] loss=0.2737 avg_loss=0.1048
[2026-06-03 06:20:18] Epoch 20 train batch [840/1875] loss=0.0642 avg_loss=0.1047
[2026-06-03 06:20:19] Epoch 20 train batch [860/1875] loss=0.1694 avg_loss=0.1055
[2026-06-03 06:20:21] Epoch 20 train batch [880/1875] loss=0.1412 avg_loss=0.1050
[2026-06-03 06:20:23] Epoch 20 train batch [900/1875] loss=0.2016 avg_loss=0.1052
[2026-06-03 06:20:24] Epoch 20 train batch [920/1875] loss=0.0386 avg_loss=0.1049
[2026-06-03 06:20:26] Epoch 20 train batch [940/1875] loss=0.1047 avg_loss=0.1053
[2026-06-03 06:20:28] Epoch 20 train batch [960/1875] loss=0.2240 avg_loss=0.1056
[2026-06-03 06:20:30] Epoch 20 train batch [980/1875] loss=0.1012 avg_loss=0.1052
[2026-06-03 06:20:32] Epoch 20 train batch [1000/1875] loss=0.1777 avg_loss=0.1055
[2026-06-03 06:20:33] Epoch 20 train batch [1020/1875] loss=0.0687 avg_loss=0.1057
[2026-06-03 06:20:35] Epoch 20 train batch [1040/1875] loss=0.0853 avg_loss=0.1058
[2026-06-03 06:20:37] Epoch 20 train batch [1060/1875] loss=0.0293 avg_loss=0.1057
[2026-06-03 06:20:38] Epoch 20 train batch [1080/1875] loss=0.0138 avg_loss=0.1056
[2026-06-03 06:20:40] Epoch 20 train batch [1100/1875] loss=0.0902 avg_loss=0.1057
[2026-06-03 06:20:42] Epoch 20 train batch [1120/1875] loss=0.1355 avg_loss=0.1063
[2026-06-03 06:20:44] Epoch 20 train batch [1140/1875] loss=0.1539 avg_loss=0.1064
[2026-06-03 06:20:46] Epoch 20 train batch [1160/1875] loss=0.0150 avg_loss=0.1065
[2026-06-03 06:20:47] Epoch 20 train batch [1180/1875] loss=0.1345 avg_loss=0.1068
[2026-06-03 06:20:49] Epoch 20 train batch [1200/1875] loss=0.0445 avg_loss=0.1061
[2026-06-03 06:20:51] Epoch 20 train batch [1220/1875] loss=0.0191 avg_loss=0.1058
[2026-06-03 06:20:53] Epoch 20 train batch [1240/1875] loss=0.0424 avg_loss=0.1054
[2026-06-03 06:20:54] Epoch 20 train batch [1260/1875] loss=0.0613 avg_loss=0.1054
[2026-06-03 06:20:56] Epoch 20 train batch [1280/1875] loss=0.0530 avg_loss=0.1051
[2026-06-03 06:20:58] Epoch 20 train batch [1300/1875] loss=0.1021 avg_loss=0.1051
[2026-06-03 06:21:00] Epoch 20 train batch [1320/1875] loss=0.0870 avg_loss=0.1048
[2026-06-03 06:21:02] Epoch 20 train batch [1340/1875] loss=0.0338 avg_loss=0.1044
[2026-06-03 06:21:03] Epoch 20 train batch [1360/1875] loss=0.0463 avg_loss=0.1042
[2026-06-03 06:21:05] Epoch 20 train batch [1380/1875] loss=0.2183 avg_loss=0.1044
[2026-06-03 06:21:07] Epoch 20 train batch [1400/1875] loss=0.1062 avg_loss=0.1043
[2026-06-03 06:21:09] Epoch 20 train batch [1420/1875] loss=0.0481 avg_loss=0.1041
[2026-06-03 06:21:10] Epoch 20 train batch [1440/1875] loss=0.0436 avg_loss=0.1040
[2026-06-03 06:21:12] Epoch 20 train batch [1460/1875] loss=0.0712 avg_loss=0.1039
[2026-06-03 06:21:14] Epoch 20 train batch [1480/1875] loss=0.1577 avg_loss=0.1042
[2026-06-03 06:21:16] Epoch 20 train batch [1500/1875] loss=0.0567 avg_loss=0.1045
[2026-06-03 06:21:17] Epoch 20 train batch [1520/1875] loss=0.2035 avg_loss=0.1044
[2026-06-03 06:21:19] Epoch 20 train batch [1540/1875] loss=0.1041 avg_loss=0.1044
[2026-06-03 06:21:21] Epoch 20 train batch [1560/1875] loss=0.0469 avg_loss=0.1042
[2026-06-03 06:21:22] Epoch 20 train batch [1580/1875] loss=0.0001 avg_loss=0.1040
[2026-06-03 06:21:24] Epoch 20 train batch [1600/1875] loss=0.0198 avg_loss=0.1041
[2026-06-03 06:21:26] Epoch 20 train batch [1620/1875] loss=0.0445 avg_loss=0.1036
[2026-06-03 06:21:28] Epoch 20 train batch [1640/1875] loss=0.1983 avg_loss=0.1036
[2026-06-03 06:21:29] Epoch 20 train batch [1660/1875] loss=0.0787 avg_loss=0.1034
[2026-06-03 06:21:31] Epoch 20 train batch [1680/1875] loss=0.0136 avg_loss=0.1035
[2026-06-03 06:21:33] Epoch 20 train batch [1700/1875] loss=0.0520 avg_loss=0.1035
[2026-06-03 06:21:35] Epoch 20 train batch [1720/1875] loss=0.0665 avg_loss=0.1033
[2026-06-03 06:21:36] Epoch 20 train batch [1740/1875] loss=0.0977 avg_loss=0.1031
[2026-06-03 06:21:38] Epoch 20 train batch [1760/1875] loss=0.1185 avg_loss=0.1030
[2026-06-03 06:21:40] Epoch 20 train batch [1780/1875] loss=0.0477 avg_loss=0.1033
[2026-06-03 06:21:42] Epoch 20 train batch [1800/1875] loss=0.0232 avg_loss=0.1033
[2026-06-03 06:21:43] Epoch 20 train batch [1820/1875] loss=0.0100 avg_loss=0.1036
[2026-06-03 06:21:45] Epoch 20 train batch [1840/1875] loss=0.1245 avg_loss=0.1035
[2026-06-03 06:21:47] Epoch 20 train batch [1860/1875] loss=0.0214 avg_loss=0.1032
[2026-06-03 06:21:48] Epoch 20 train batch [1875/1875] loss=0.0533 avg_loss=0.1030
[2026-06-03 06:21:48] Epoch 20 training completed. Computing validation loss.
[2026-06-03 06:22:05] Epoch 20 validation loss completed: 0.1869. Computing detection metrics.
[2026-06-03 06:22:22] Epoch 20 metrics computed. Saving artifacts.
[2026-06-03 06:22:23] Epoch 20 did not improve mAP@0.5 enough. Early stopping counter: 4/7.
Epoch [20/30]
├── Train Loss : 0.1030
│   ├── loss_classifier  : 0.0316
│   ├── loss_box_reg     : 0.0649
│   ├── loss_objectness  : 0.0029
│   └── loss_rpn_box_reg : 0.0036
├── Val Loss   : 0.1869
├── mAP@0.5    : 0.7744
├── mAP@0.75   : 0.4727
├── mAP@0.5:0.95 : 0.4527
├── Precision  : 0.6085
├── Recall     : 0.8422
├── GT Boxes   : 2021
├── Predictions: 2797
├── Per-class AP
│   ├── person  : AP50=0.8321, AP75=0.4717, AP50:95=0.4708, P=0.6518, R=0.8715
│   ├── car     : AP50=0.7506, AP75=0.4593, AP50:95=0.4352, P=0.5397, R=0.8163
│   ├── dog     : AP50=0.8571, AP75=0.5999, AP50:95=0.5481, P=0.7070, R=0.8786
│   ├── cat     : AP50=0.8801, AP75=0.5980, AP50:95=0.5429, P=0.8020, R=0.8977
│   └── chair   : AP50=0.5520, AP75=0.2347, AP50:95=0.2667, P=0.4083, R=0.6950
├── LR         : 0.000100
└── Time       : 197.9s
[2026-06-03 06:22:23] Epoch [20/30] completed.
[2026-06-03 06:22:23] Epoch [21/30] started.
[2026-06-03 06:22:25] Epoch 21 train batch [20/1875] loss=0.1820 avg_loss=0.1071
[2026-06-03 06:22:26] Epoch 21 train batch [40/1875] loss=0.1340 avg_loss=0.0967
[2026-06-03 06:22:28] Epoch 21 train batch [60/1875] loss=0.2415 avg_loss=0.0995
[2026-06-03 06:22:30] Epoch 21 train batch [80/1875] loss=0.0331 avg_loss=0.0977
[2026-06-03 06:22:31] Epoch 21 train batch [100/1875] loss=0.0699 avg_loss=0.0951
[2026-06-03 06:22:33] Epoch 21 train batch [120/1875] loss=0.0764 avg_loss=0.0953
[2026-06-03 06:22:35] Epoch 21 train batch [140/1875] loss=0.0426 avg_loss=0.0962
[2026-06-03 06:22:37] Epoch 21 train batch [160/1875] loss=0.0770 avg_loss=0.0975
[2026-06-03 06:22:39] Epoch 21 train batch [180/1875] loss=0.1047 avg_loss=0.0967
[2026-06-03 06:22:40] Epoch 21 train batch [200/1875] loss=0.0175 avg_loss=0.0973
[2026-06-03 06:22:42] Epoch 21 train batch [220/1875] loss=0.2704 avg_loss=0.1003
[2026-06-03 06:22:44] Epoch 21 train batch [240/1875] loss=0.1147 avg_loss=0.0999
[2026-06-03 06:22:46] Epoch 21 train batch [260/1875] loss=0.0369 avg_loss=0.1010
[2026-06-03 06:22:47] Epoch 21 train batch [280/1875] loss=0.1607 avg_loss=0.1007
[2026-06-03 06:22:49] Epoch 21 train batch [300/1875] loss=0.1381 avg_loss=0.1003
[2026-06-03 06:22:51] Epoch 21 train batch [320/1875] loss=0.0927 avg_loss=0.0995
[2026-06-03 06:22:53] Epoch 21 train batch [340/1875] loss=0.0644 avg_loss=0.1006
[2026-06-03 06:22:54] Epoch 21 train batch [360/1875] loss=0.0151 avg_loss=0.1011
[2026-06-03 06:22:56] Epoch 21 train batch [380/1875] loss=0.2737 avg_loss=0.1005
[2026-06-03 06:22:58] Epoch 21 train batch [400/1875] loss=0.1307 avg_loss=0.1002
[2026-06-03 06:22:59] Epoch 21 train batch [420/1875] loss=0.1357 avg_loss=0.1005
[2026-06-03 06:23:01] Epoch 21 train batch [440/1875] loss=0.2331 avg_loss=0.1003
[2026-06-03 06:23:03] Epoch 21 train batch [460/1875] loss=0.0712 avg_loss=0.0996
[2026-06-03 06:23:05] Epoch 21 train batch [480/1875] loss=0.0375 avg_loss=0.0999
[2026-06-03 06:23:06] Epoch 21 train batch [500/1875] loss=0.1210 avg_loss=0.1011
[2026-06-03 06:23:08] Epoch 21 train batch [520/1875] loss=0.0905 avg_loss=0.1012
[2026-06-03 06:23:10] Epoch 21 train batch [540/1875] loss=0.0866 avg_loss=0.1018
[2026-06-03 06:23:12] Epoch 21 train batch [560/1875] loss=0.0432 avg_loss=0.1018
[2026-06-03 06:23:13] Epoch 21 train batch [580/1875] loss=0.1000 avg_loss=0.1021
[2026-06-03 06:23:15] Epoch 21 train batch [600/1875] loss=0.1186 avg_loss=0.1016
[2026-06-03 06:23:17] Epoch 21 train batch [620/1875] loss=0.2932 avg_loss=0.1013
[2026-06-03 06:23:19] Epoch 21 train batch [640/1875] loss=0.1547 avg_loss=0.1011
[2026-06-03 06:23:20] Epoch 21 train batch [660/1875] loss=0.1353 avg_loss=0.1017
[2026-06-03 06:23:22] Epoch 21 train batch [680/1875] loss=0.2457 avg_loss=0.1025
[2026-06-03 06:23:24] Epoch 21 train batch [700/1875] loss=0.1995 avg_loss=0.1018
[2026-06-03 06:23:25] Epoch 21 train batch [720/1875] loss=0.0262 avg_loss=0.1025
[2026-06-03 06:23:27] Epoch 21 train batch [740/1875] loss=0.1324 avg_loss=0.1027
[2026-06-03 06:23:29] Epoch 21 train batch [760/1875] loss=0.0839 avg_loss=0.1026
[2026-06-03 06:23:31] Epoch 21 train batch [780/1875] loss=0.1233 avg_loss=0.1028
[2026-06-03 06:23:32] Epoch 21 train batch [800/1875] loss=0.1119 avg_loss=0.1030
[2026-06-03 06:23:34] Epoch 21 train batch [820/1875] loss=0.1621 avg_loss=0.1030
[2026-06-03 06:23:36] Epoch 21 train batch [840/1875] loss=0.2587 avg_loss=0.1029
[2026-06-03 06:23:38] Epoch 21 train batch [860/1875] loss=0.0254 avg_loss=0.1033
[2026-06-03 06:23:39] Epoch 21 train batch [880/1875] loss=0.0495 avg_loss=0.1039
[2026-06-03 06:23:41] Epoch 21 train batch [900/1875] loss=0.0637 avg_loss=0.1042
[2026-06-03 06:23:43] Epoch 21 train batch [920/1875] loss=0.0810 avg_loss=0.1040
[2026-06-03 06:23:45] Epoch 21 train batch [940/1875] loss=0.0916 avg_loss=0.1040
[2026-06-03 06:23:46] Epoch 21 train batch [960/1875] loss=0.0830 avg_loss=0.1043
[2026-06-03 06:23:48] Epoch 21 train batch [980/1875] loss=0.1049 avg_loss=0.1041
[2026-06-03 06:23:50] Epoch 21 train batch [1000/1875] loss=0.1246 avg_loss=0.1033
[2026-06-03 06:23:52] Epoch 21 train batch [1020/1875] loss=0.0853 avg_loss=0.1034
[2026-06-03 06:23:53] Epoch 21 train batch [1040/1875] loss=0.1380 avg_loss=0.1034
[2026-06-03 06:23:55] Epoch 21 train batch [1060/1875] loss=0.0228 avg_loss=0.1036
[2026-06-03 06:23:57] Epoch 21 train batch [1080/1875] loss=0.0656 avg_loss=0.1032
[2026-06-03 06:23:59] Epoch 21 train batch [1100/1875] loss=0.1424 avg_loss=0.1037
[2026-06-03 06:24:00] Epoch 21 train batch [1120/1875] loss=0.0383 avg_loss=0.1037
[2026-06-03 06:24:02] Epoch 21 train batch [1140/1875] loss=0.0851 avg_loss=0.1033
[2026-06-03 06:24:04] Epoch 21 train batch [1160/1875] loss=0.0683 avg_loss=0.1033
[2026-06-03 06:24:06] Epoch 21 train batch [1180/1875] loss=0.0632 avg_loss=0.1033
[2026-06-03 06:24:08] Epoch 21 train batch [1200/1875] loss=0.0598 avg_loss=0.1030
[2026-06-03 06:24:09] Epoch 21 train batch [1220/1875] loss=0.0076 avg_loss=0.1028
[2026-06-03 06:24:11] Epoch 21 train batch [1240/1875] loss=0.0584 avg_loss=0.1027
[2026-06-03 06:24:13] Epoch 21 train batch [1260/1875] loss=0.0880 avg_loss=0.1026
[2026-06-03 06:24:14] Epoch 21 train batch [1280/1875] loss=0.2509 avg_loss=0.1025
[2026-06-03 06:24:16] Epoch 21 train batch [1300/1875] loss=0.1205 avg_loss=0.1025
[2026-06-03 06:24:18] Epoch 21 train batch [1320/1875] loss=0.1784 avg_loss=0.1029
[2026-06-03 06:24:20] Epoch 21 train batch [1340/1875] loss=0.0649 avg_loss=0.1030
[2026-06-03 06:24:21] Epoch 21 train batch [1360/1875] loss=0.1378 avg_loss=0.1030
[2026-06-03 06:24:23] Epoch 21 train batch [1380/1875] loss=0.0441 avg_loss=0.1029
[2026-06-03 06:24:25] Epoch 21 train batch [1400/1875] loss=0.0743 avg_loss=0.1028
[2026-06-03 06:24:27] Epoch 21 train batch [1420/1875] loss=0.0900 avg_loss=0.1031
[2026-06-03 06:24:28] Epoch 21 train batch [1440/1875] loss=0.0256 avg_loss=0.1032
[2026-06-03 06:24:30] Epoch 21 train batch [1460/1875] loss=0.0777 avg_loss=0.1033
[2026-06-03 06:24:32] Epoch 21 train batch [1480/1875] loss=0.0969 avg_loss=0.1037
[2026-06-03 06:24:34] Epoch 21 train batch [1500/1875] loss=0.1033 avg_loss=0.1036
[2026-06-03 06:24:35] Epoch 21 train batch [1520/1875] loss=0.1625 avg_loss=0.1037
[2026-06-03 06:24:37] Epoch 21 train batch [1540/1875] loss=0.1128 avg_loss=0.1040
[2026-06-03 06:24:39] Epoch 21 train batch [1560/1875] loss=0.1732 avg_loss=0.1038
[2026-06-03 06:24:40] Epoch 21 train batch [1580/1875] loss=0.0795 avg_loss=0.1037
[2026-06-03 06:24:42] Epoch 21 train batch [1600/1875] loss=0.0617 avg_loss=0.1035
[2026-06-03 06:24:44] Epoch 21 train batch [1620/1875] loss=0.2125 avg_loss=0.1035
[2026-06-03 06:24:46] Epoch 21 train batch [1640/1875] loss=0.0740 avg_loss=0.1037
[2026-06-03 06:24:47] Epoch 21 train batch [1660/1875] loss=0.0218 avg_loss=0.1035
[2026-06-03 06:24:49] Epoch 21 train batch [1680/1875] loss=0.0428 avg_loss=0.1037
[2026-06-03 06:24:51] Epoch 21 train batch [1700/1875] loss=0.0933 avg_loss=0.1036
[2026-06-03 06:24:53] Epoch 21 train batch [1720/1875] loss=0.0293 avg_loss=0.1037
[2026-06-03 06:24:54] Epoch 21 train batch [1740/1875] loss=0.0901 avg_loss=0.1033
[2026-06-03 06:24:56] Epoch 21 train batch [1760/1875] loss=0.1257 avg_loss=0.1030
[2026-06-03 06:24:58] Epoch 21 train batch [1780/1875] loss=0.0995 avg_loss=0.1026
[2026-06-03 06:25:00] Epoch 21 train batch [1800/1875] loss=0.0232 avg_loss=0.1025
[2026-06-03 06:25:02] Epoch 21 train batch [1820/1875] loss=0.0818 avg_loss=0.1024
[2026-06-03 06:25:03] Epoch 21 train batch [1840/1875] loss=0.2109 avg_loss=0.1025
[2026-06-03 06:25:05] Epoch 21 train batch [1860/1875] loss=0.0299 avg_loss=0.1023
[2026-06-03 06:25:06] Epoch 21 train batch [1875/1875] loss=0.1128 avg_loss=0.1022
[2026-06-03 06:25:06] Epoch 21 training completed. Computing validation loss.
[2026-06-03 06:25:24] Epoch 21 validation loss completed: 0.1859. Computing detection metrics.
[2026-06-03 06:25:40] Epoch 21 metrics computed. Saving artifacts.
[2026-06-03 06:25:41] Epoch 21 did not improve mAP@0.5 enough. Early stopping counter: 5/7.
Epoch [21/30]
├── Train Loss : 0.1022
│   ├── loss_classifier  : 0.0313
│   ├── loss_box_reg     : 0.0644
│   ├── loss_objectness  : 0.0029
│   └── loss_rpn_box_reg : 0.0036
├── Val Loss   : 0.1859
├── mAP@0.5    : 0.7728
├── mAP@0.75   : 0.4631
├── mAP@0.5:0.95 : 0.4476
├── Precision  : 0.6047
├── Recall     : 0.8431
├── GT Boxes   : 2021
├── Predictions: 2818
├── Per-class AP
│   ├── person  : AP50=0.8297, AP75=0.4575, AP50:95=0.4647, P=0.6518, R=0.8696
│   ├── car     : AP50=0.7564, AP75=0.4536, AP50:95=0.4331, P=0.5341, R=0.8304
│   ├── dog     : AP50=0.8538, AP75=0.5845, AP50:95=0.5402, P=0.6830, R=0.8786
│   ├── cat     : AP50=0.8702, AP75=0.5814, AP50:95=0.5348, P=0.7811, R=0.8920
│   └── chair   : AP50=0.5543, AP75=0.2384, AP50:95=0.2651, P=0.4113, R=0.6986
├── LR         : 0.000100
└── Time       : 197.8s
[2026-06-03 06:25:42] Epoch [21/30] completed.
[2026-06-03 06:25:42] Epoch [22/30] started.
[2026-06-03 06:25:44] Epoch 22 train batch [20/1875] loss=0.0824 avg_loss=0.1137
[2026-06-03 06:25:46] Epoch 22 train batch [40/1875] loss=0.1728 avg_loss=0.1086
[2026-06-03 06:25:47] Epoch 22 train batch [60/1875] loss=0.1604 avg_loss=0.1019
[2026-06-03 06:25:49] Epoch 22 train batch [80/1875] loss=0.1224 avg_loss=0.0946
[2026-06-03 06:25:51] Epoch 22 train batch [100/1875] loss=0.1237 avg_loss=0.0919
[2026-06-03 06:25:53] Epoch 22 train batch [120/1875] loss=0.0892 avg_loss=0.0947
[2026-06-03 06:25:54] Epoch 22 train batch [140/1875] loss=0.1032 avg_loss=0.0967
[2026-06-03 06:25:56] Epoch 22 train batch [160/1875] loss=0.1151 avg_loss=0.0961
[2026-06-03 06:25:58] Epoch 22 train batch [180/1875] loss=0.0713 avg_loss=0.1004
[2026-06-03 06:26:00] Epoch 22 train batch [200/1875] loss=0.0232 avg_loss=0.1000
[2026-06-03 06:26:01] Epoch 22 train batch [220/1875] loss=0.1224 avg_loss=0.0998
[2026-06-03 06:26:03] Epoch 22 train batch [240/1875] loss=0.0555 avg_loss=0.0987
[2026-06-03 06:26:05] Epoch 22 train batch [260/1875] loss=0.0774 avg_loss=0.0998
[2026-06-03 06:26:07] Epoch 22 train batch [280/1875] loss=0.3289 avg_loss=0.0994
[2026-06-03 06:26:08] Epoch 22 train batch [300/1875] loss=0.1287 avg_loss=0.0994
[2026-06-03 06:26:10] Epoch 22 train batch [320/1875] loss=0.1671 avg_loss=0.1005
[2026-06-03 06:26:12] Epoch 22 train batch [340/1875] loss=0.0497 avg_loss=0.1004
[2026-06-03 06:26:13] Epoch 22 train batch [360/1875] loss=0.0141 avg_loss=0.1013
[2026-06-03 06:26:15] Epoch 22 train batch [380/1875] loss=0.0460 avg_loss=0.1014
[2026-06-03 06:26:17] Epoch 22 train batch [400/1875] loss=0.1448 avg_loss=0.1025
[2026-06-03 06:26:19] Epoch 22 train batch [420/1875] loss=0.0870 avg_loss=0.1013
[2026-06-03 06:26:20] Epoch 22 train batch [440/1875] loss=0.0354 avg_loss=0.1005
[2026-06-03 06:26:22] Epoch 22 train batch [460/1875] loss=0.1010 avg_loss=0.1000
[2026-06-03 06:26:24] Epoch 22 train batch [480/1875] loss=0.2590 avg_loss=0.1001
[2026-06-03 06:26:26] Epoch 22 train batch [500/1875] loss=0.0601 avg_loss=0.0995
[2026-06-03 06:26:27] Epoch 22 train batch [520/1875] loss=0.1345 avg_loss=0.0998
[2026-06-03 06:26:29] Epoch 22 train batch [540/1875] loss=0.0712 avg_loss=0.0992
[2026-06-03 06:26:31] Epoch 22 train batch [560/1875] loss=0.0061 avg_loss=0.0992
[2026-06-03 06:26:33] Epoch 22 train batch [580/1875] loss=0.0617 avg_loss=0.1000
[2026-06-03 06:26:34] Epoch 22 train batch [600/1875] loss=0.0689 avg_loss=0.0998
[2026-06-03 06:26:36] Epoch 22 train batch [620/1875] loss=0.0731 avg_loss=0.1002
[2026-06-03 06:26:38] Epoch 22 train batch [640/1875] loss=0.0518 avg_loss=0.1011
[2026-06-03 06:26:40] Epoch 22 train batch [660/1875] loss=0.0756 avg_loss=0.1018
[2026-06-03 06:26:41] Epoch 22 train batch [680/1875] loss=0.2785 avg_loss=0.1014
[2026-06-03 06:26:43] Epoch 22 train batch [700/1875] loss=0.1139 avg_loss=0.1010
[2026-06-03 06:26:45] Epoch 22 train batch [720/1875] loss=0.1039 avg_loss=0.1007
[2026-06-03 06:26:47] Epoch 22 train batch [740/1875] loss=0.0284 avg_loss=0.1005
[2026-06-03 06:26:48] Epoch 22 train batch [760/1875] loss=0.3314 avg_loss=0.1009
[2026-06-03 06:26:50] Epoch 22 train batch [780/1875] loss=0.0679 avg_loss=0.1007
[2026-06-03 06:26:52] Epoch 22 train batch [800/1875] loss=0.1045 avg_loss=0.1009
[2026-06-03 06:26:54] Epoch 22 train batch [820/1875] loss=0.0352 avg_loss=0.1013
[2026-06-03 06:26:55] Epoch 22 train batch [840/1875] loss=0.0455 avg_loss=0.1010
[2026-06-03 06:26:57] Epoch 22 train batch [860/1875] loss=0.0552 avg_loss=0.1007
[2026-06-03 06:26:59] Epoch 22 train batch [880/1875] loss=0.0353 avg_loss=0.1013
[2026-06-03 06:27:01] Epoch 22 train batch [900/1875] loss=0.0692 avg_loss=0.1015
[2026-06-03 06:27:02] Epoch 22 train batch [920/1875] loss=0.1074 avg_loss=0.1009
[2026-06-03 06:27:04] Epoch 22 train batch [940/1875] loss=0.0539 avg_loss=0.1011
[2026-06-03 06:27:06] Epoch 22 train batch [960/1875] loss=0.0599 avg_loss=0.1012
[2026-06-03 06:27:07] Epoch 22 train batch [980/1875] loss=0.1565 avg_loss=0.1019
[2026-06-03 06:27:09] Epoch 22 train batch [1000/1875] loss=0.0434 avg_loss=0.1012
[2026-06-03 06:27:11] Epoch 22 train batch [1020/1875] loss=0.0491 avg_loss=0.1011
[2026-06-03 06:27:13] Epoch 22 train batch [1040/1875] loss=0.1900 avg_loss=0.1018
[2026-06-03 06:27:14] Epoch 22 train batch [1060/1875] loss=0.0581 avg_loss=0.1021
[2026-06-03 06:27:16] Epoch 22 train batch [1080/1875] loss=0.2305 avg_loss=0.1022
[2026-06-03 06:27:18] Epoch 22 train batch [1100/1875] loss=0.2749 avg_loss=0.1020
[2026-06-03 06:27:20] Epoch 22 train batch [1120/1875] loss=0.3750 avg_loss=0.1020
[2026-06-03 06:27:21] Epoch 22 train batch [1140/1875] loss=0.1590 avg_loss=0.1023
[2026-06-03 06:27:23] Epoch 22 train batch [1160/1875] loss=0.0525 avg_loss=0.1021
[2026-06-03 06:27:25] Epoch 22 train batch [1180/1875] loss=0.1693 avg_loss=0.1025
[2026-06-03 06:27:27] Epoch 22 train batch [1200/1875] loss=0.0586 avg_loss=0.1024
[2026-06-03 06:27:28] Epoch 22 train batch [1220/1875] loss=0.0950 avg_loss=0.1025
[2026-06-03 06:27:30] Epoch 22 train batch [1240/1875] loss=0.1621 avg_loss=0.1028
[2026-06-03 06:27:32] Epoch 22 train batch [1260/1875] loss=0.0452 avg_loss=0.1024
[2026-06-03 06:27:34] Epoch 22 train batch [1280/1875] loss=0.0731 avg_loss=0.1022
[2026-06-03 06:27:35] Epoch 22 train batch [1300/1875] loss=0.0963 avg_loss=0.1025
[2026-06-03 06:27:37] Epoch 22 train batch [1320/1875] loss=0.1644 avg_loss=0.1024
[2026-06-03 06:27:39] Epoch 22 train batch [1340/1875] loss=0.0441 avg_loss=0.1022
[2026-06-03 06:27:41] Epoch 22 train batch [1360/1875] loss=0.2113 avg_loss=0.1023
[2026-06-03 06:27:42] Epoch 22 train batch [1380/1875] loss=0.0508 avg_loss=0.1024
[2026-06-03 06:27:44] Epoch 22 train batch [1400/1875] loss=0.1410 avg_loss=0.1023
[2026-06-03 06:27:46] Epoch 22 train batch [1420/1875] loss=0.1353 avg_loss=0.1021
[2026-06-03 06:27:48] Epoch 22 train batch [1440/1875] loss=0.0000 avg_loss=0.1020
[2026-06-03 06:27:49] Epoch 22 train batch [1460/1875] loss=0.0398 avg_loss=0.1020
[2026-06-03 06:27:51] Epoch 22 train batch [1480/1875] loss=0.2234 avg_loss=0.1023
[2026-06-03 06:27:53] Epoch 22 train batch [1500/1875] loss=0.1466 avg_loss=0.1019
[2026-06-03 06:27:55] Epoch 22 train batch [1520/1875] loss=0.1902 avg_loss=0.1019
[2026-06-03 06:27:56] Epoch 22 train batch [1540/1875] loss=0.3118 avg_loss=0.1023
[2026-06-03 06:27:58] Epoch 22 train batch [1560/1875] loss=0.0457 avg_loss=0.1022
[2026-06-03 06:28:00] Epoch 22 train batch [1580/1875] loss=0.1683 avg_loss=0.1020
[2026-06-03 06:28:02] Epoch 22 train batch [1600/1875] loss=0.0629 avg_loss=0.1019
[2026-06-03 06:28:03] Epoch 22 train batch [1620/1875] loss=0.1458 avg_loss=0.1018
[2026-06-03 06:28:05] Epoch 22 train batch [1640/1875] loss=0.0205 avg_loss=0.1016
[2026-06-03 06:28:07] Epoch 22 train batch [1660/1875] loss=0.0463 avg_loss=0.1015
[2026-06-03 06:28:09] Epoch 22 train batch [1680/1875] loss=0.0715 avg_loss=0.1014
[2026-06-03 06:28:10] Epoch 22 train batch [1700/1875] loss=0.0993 avg_loss=0.1012
[2026-06-03 06:28:12] Epoch 22 train batch [1720/1875] loss=0.0073 avg_loss=0.1014
[2026-06-03 06:28:14] Epoch 22 train batch [1740/1875] loss=0.0428 avg_loss=0.1013
[2026-06-03 06:28:16] Epoch 22 train batch [1760/1875] loss=0.1012 avg_loss=0.1012
[2026-06-03 06:28:17] Epoch 22 train batch [1780/1875] loss=0.0431 avg_loss=0.1009
[2026-06-03 06:28:19] Epoch 22 train batch [1800/1875] loss=0.0525 avg_loss=0.1008
[2026-06-03 06:28:21] Epoch 22 train batch [1820/1875] loss=0.1715 avg_loss=0.1013
[2026-06-03 06:28:22] Epoch 22 train batch [1840/1875] loss=0.1151 avg_loss=0.1011
[2026-06-03 06:28:24] Epoch 22 train batch [1860/1875] loss=0.0625 avg_loss=0.1013
[2026-06-03 06:28:26] Epoch 22 train batch [1875/1875] loss=0.0662 avg_loss=0.1014
[2026-06-03 06:28:26] Epoch 22 training completed. Computing validation loss.
[2026-06-03 06:28:43] Epoch 22 validation loss completed: 0.1864. Computing detection metrics.
[2026-06-03 06:29:00] Epoch 22 metrics computed. Saving artifacts.
[2026-06-03 06:29:00] Epoch 22 did not improve mAP@0.5 enough. Early stopping counter: 6/7.
Epoch [22/30]
├── Train Loss : 0.1014
│   ├── loss_classifier  : 0.0310
│   ├── loss_box_reg     : 0.0639
│   ├── loss_objectness  : 0.0029
│   └── loss_rpn_box_reg : 0.0036
├── Val Loss   : 0.1864
├── mAP@0.5    : 0.7723
├── mAP@0.75   : 0.4650
├── mAP@0.5:0.95 : 0.4495
├── Precision  : 0.6189
├── Recall     : 0.8407
├── GT Boxes   : 2021
├── Predictions: 2745
├── Per-class AP
│   ├── person  : AP50=0.8275, AP75=0.4613, AP50:95=0.4668, P=0.6612, R=0.8669
│   ├── car     : AP50=0.7554, AP75=0.4453, AP50:95=0.4354, P=0.5455, R=0.8269
│   ├── dog     : AP50=0.8555, AP75=0.5960, AP50:95=0.5413, P=0.7043, R=0.8786
│   ├── cat     : AP50=0.8843, AP75=0.5823, AP50:95=0.5429, P=0.8144, R=0.8977
│   └── chair   : AP50=0.5386, AP75=0.2399, AP50:95=0.2610, P=0.4267, R=0.6915
├── LR         : 0.000100
└── Time       : 197.5s
[2026-06-03 06:29:00] Epoch [22/30] completed.
[2026-06-03 06:29:00] Epoch [23/30] started.
[2026-06-03 06:29:02] Epoch 23 train batch [20/1875] loss=0.1832 avg_loss=0.0857
[2026-06-03 06:29:04] Epoch 23 train batch [40/1875] loss=0.1956 avg_loss=0.0944
[2026-06-03 06:29:06] Epoch 23 train batch [60/1875] loss=0.0296 avg_loss=0.0896
[2026-06-03 06:29:07] Epoch 23 train batch [80/1875] loss=0.0429 avg_loss=0.0952
[2026-06-03 06:29:09] Epoch 23 train batch [100/1875] loss=0.0999 avg_loss=0.0950
[2026-06-03 06:29:11] Epoch 23 train batch [120/1875] loss=0.1563 avg_loss=0.0969
[2026-06-03 06:29:13] Epoch 23 train batch [140/1875] loss=0.1015 avg_loss=0.0964
[2026-06-03 06:29:14] Epoch 23 train batch [160/1875] loss=0.0552 avg_loss=0.0979
[2026-06-03 06:29:16] Epoch 23 train batch [180/1875] loss=0.1918 avg_loss=0.0972
[2026-06-03 06:29:18] Epoch 23 train batch [200/1875] loss=0.3146 avg_loss=0.0958
[2026-06-03 06:29:20] Epoch 23 train batch [220/1875] loss=0.0788 avg_loss=0.0955
[2026-06-03 06:29:21] Epoch 23 train batch [240/1875] loss=0.1222 avg_loss=0.0949
[2026-06-03 06:29:23] Epoch 23 train batch [260/1875] loss=0.0528 avg_loss=0.0941
[2026-06-03 06:29:25] Epoch 23 train batch [280/1875] loss=0.1098 avg_loss=0.0941
[2026-06-03 06:29:27] Epoch 23 train batch [300/1875] loss=0.1355 avg_loss=0.0946
[2026-06-03 06:29:29] Epoch 23 train batch [320/1875] loss=0.0628 avg_loss=0.0947
[2026-06-03 06:29:30] Epoch 23 train batch [340/1875] loss=0.0785 avg_loss=0.0955
[2026-06-03 06:29:32] Epoch 23 train batch [360/1875] loss=0.0251 avg_loss=0.0947
[2026-06-03 06:29:34] Epoch 23 train batch [380/1875] loss=0.0724 avg_loss=0.0928
[2026-06-03 06:29:36] Epoch 23 train batch [400/1875] loss=0.0832 avg_loss=0.0932
[2026-06-03 06:29:37] Epoch 23 train batch [420/1875] loss=0.0168 avg_loss=0.0939
[2026-06-03 06:29:39] Epoch 23 train batch [440/1875] loss=0.1454 avg_loss=0.0944
[2026-06-03 06:29:41] Epoch 23 train batch [460/1875] loss=0.0986 avg_loss=0.0945
[2026-06-03 06:29:43] Epoch 23 train batch [480/1875] loss=0.0131 avg_loss=0.0955
[2026-06-03 06:29:44] Epoch 23 train batch [500/1875] loss=0.0229 avg_loss=0.0967
[2026-06-03 06:29:46] Epoch 23 train batch [520/1875] loss=0.1096 avg_loss=0.0963
[2026-06-03 06:29:48] Epoch 23 train batch [540/1875] loss=0.0906 avg_loss=0.0963
[2026-06-03 06:29:50] Epoch 23 train batch [560/1875] loss=0.2089 avg_loss=0.0967
[2026-06-03 06:29:52] Epoch 23 train batch [580/1875] loss=0.0503 avg_loss=0.0973
[2026-06-03 06:29:53] Epoch 23 train batch [600/1875] loss=0.1049 avg_loss=0.0968
[2026-06-03 06:29:55] Epoch 23 train batch [620/1875] loss=0.0549 avg_loss=0.0969
[2026-06-03 06:29:57] Epoch 23 train batch [640/1875] loss=0.0908 avg_loss=0.0972
[2026-06-03 06:29:59] Epoch 23 train batch [660/1875] loss=0.0182 avg_loss=0.0969
[2026-06-03 06:30:00] Epoch 23 train batch [680/1875] loss=0.0606 avg_loss=0.0976
[2026-06-03 06:30:02] Epoch 23 train batch [700/1875] loss=0.1784 avg_loss=0.0979
[2026-06-03 06:30:04] Epoch 23 train batch [720/1875] loss=0.0951 avg_loss=0.0983
[2026-06-03 06:30:06] Epoch 23 train batch [740/1875] loss=0.0637 avg_loss=0.0981
[2026-06-03 06:30:07] Epoch 23 train batch [760/1875] loss=0.1195 avg_loss=0.0979
[2026-06-03 06:30:09] Epoch 23 train batch [780/1875] loss=0.0580 avg_loss=0.0978
[2026-06-03 06:30:11] Epoch 23 train batch [800/1875] loss=0.0124 avg_loss=0.0977
[2026-06-03 06:30:12] Epoch 23 train batch [820/1875] loss=0.1012 avg_loss=0.0980
[2026-06-03 06:30:14] Epoch 23 train batch [840/1875] loss=0.0296 avg_loss=0.0978
[2026-06-03 06:30:16] Epoch 23 train batch [860/1875] loss=0.0720 avg_loss=0.0974
[2026-06-03 06:30:18] Epoch 23 train batch [880/1875] loss=0.1224 avg_loss=0.0972
[2026-06-03 06:30:19] Epoch 23 train batch [900/1875] loss=0.0427 avg_loss=0.0970
[2026-06-03 06:30:21] Epoch 23 train batch [920/1875] loss=0.2521 avg_loss=0.0973
[2026-06-03 06:30:23] Epoch 23 train batch [940/1875] loss=0.0706 avg_loss=0.0975
[2026-06-03 06:30:25] Epoch 23 train batch [960/1875] loss=0.1616 avg_loss=0.0973
[2026-06-03 06:30:26] Epoch 23 train batch [980/1875] loss=0.0587 avg_loss=0.0978
[2026-06-03 06:30:28] Epoch 23 train batch [1000/1875] loss=0.0298 avg_loss=0.0973
[2026-06-03 06:30:30] Epoch 23 train batch [1020/1875] loss=0.0081 avg_loss=0.0975
[2026-06-03 06:30:31] Epoch 23 train batch [1040/1875] loss=0.2311 avg_loss=0.0977
[2026-06-03 06:30:33] Epoch 23 train batch [1060/1875] loss=0.0795 avg_loss=0.0979
[2026-06-03 06:30:35] Epoch 23 train batch [1080/1875] loss=0.2341 avg_loss=0.0982
[2026-06-03 06:30:37] Epoch 23 train batch [1100/1875] loss=0.1072 avg_loss=0.0988
[2026-06-03 06:30:39] Epoch 23 train batch [1120/1875] loss=0.1811 avg_loss=0.0984
[2026-06-03 06:30:40] Epoch 23 train batch [1140/1875] loss=0.0989 avg_loss=0.0986
[2026-06-03 06:30:42] Epoch 23 train batch [1160/1875] loss=0.0001 avg_loss=0.0981
[2026-06-03 06:30:44] Epoch 23 train batch [1180/1875] loss=0.0765 avg_loss=0.0981
[2026-06-03 06:30:45] Epoch 23 train batch [1200/1875] loss=0.1041 avg_loss=0.0980
[2026-06-03 06:30:47] Epoch 23 train batch [1220/1875] loss=0.0001 avg_loss=0.0977
[2026-06-03 06:30:49] Epoch 23 train batch [1240/1875] loss=0.1945 avg_loss=0.0977
[2026-06-03 06:30:51] Epoch 23 train batch [1260/1875] loss=0.0065 avg_loss=0.0978
[2026-06-03 06:30:52] Epoch 23 train batch [1280/1875] loss=0.1613 avg_loss=0.0978
[2026-06-03 06:30:54] Epoch 23 train batch [1300/1875] loss=0.0418 avg_loss=0.0979
[2026-06-03 06:30:56] Epoch 23 train batch [1320/1875] loss=0.0865 avg_loss=0.0978
[2026-06-03 06:30:58] Epoch 23 train batch [1340/1875] loss=0.0313 avg_loss=0.0980
[2026-06-03 06:30:59] Epoch 23 train batch [1360/1875] loss=0.0206 avg_loss=0.0980
[2026-06-03 06:31:01] Epoch 23 train batch [1380/1875] loss=0.0550 avg_loss=0.0979
[2026-06-03 06:31:03] Epoch 23 train batch [1400/1875] loss=0.3140 avg_loss=0.0981
[2026-06-03 06:31:05] Epoch 23 train batch [1420/1875] loss=0.1012 avg_loss=0.0981
[2026-06-03 06:31:06] Epoch 23 train batch [1440/1875] loss=0.2528 avg_loss=0.0982
[2026-06-03 06:31:08] Epoch 23 train batch [1460/1875] loss=0.3686 avg_loss=0.0982
[2026-06-03 06:31:10] Epoch 23 train batch [1480/1875] loss=0.0176 avg_loss=0.0983
[2026-06-03 06:31:12] Epoch 23 train batch [1500/1875] loss=0.2692 avg_loss=0.0989
[2026-06-03 06:31:13] Epoch 23 train batch [1520/1875] loss=0.1233 avg_loss=0.0992
[2026-06-03 06:31:15] Epoch 23 train batch [1540/1875] loss=0.1659 avg_loss=0.0997
[2026-06-03 06:31:17] Epoch 23 train batch [1560/1875] loss=0.1803 avg_loss=0.0992
[2026-06-03 06:31:19] Epoch 23 train batch [1580/1875] loss=0.2783 avg_loss=0.0995
[2026-06-03 06:31:21] Epoch 23 train batch [1600/1875] loss=0.0798 avg_loss=0.0998
[2026-06-03 06:31:22] Epoch 23 train batch [1620/1875] loss=0.2331 avg_loss=0.1001
[2026-06-03 06:31:24] Epoch 23 train batch [1640/1875] loss=0.2248 avg_loss=0.0999
[2026-06-03 06:31:26] Epoch 23 train batch [1660/1875] loss=0.0657 avg_loss=0.0996
[2026-06-03 06:31:28] Epoch 23 train batch [1680/1875] loss=0.0560 avg_loss=0.0994
[2026-06-03 06:31:29] Epoch 23 train batch [1700/1875] loss=0.2285 avg_loss=0.0997
[2026-06-03 06:31:31] Epoch 23 train batch [1720/1875] loss=0.1490 avg_loss=0.0999
[2026-06-03 06:31:33] Epoch 23 train batch [1740/1875] loss=0.0304 avg_loss=0.0998
[2026-06-03 06:31:34] Epoch 23 train batch [1760/1875] loss=0.0781 avg_loss=0.0999
[2026-06-03 06:31:36] Epoch 23 train batch [1780/1875] loss=0.1034 avg_loss=0.1006
[2026-06-03 06:31:38] Epoch 23 train batch [1800/1875] loss=0.0651 avg_loss=0.1007
[2026-06-03 06:31:40] Epoch 23 train batch [1820/1875] loss=0.1233 avg_loss=0.1007
[2026-06-03 06:31:41] Epoch 23 train batch [1840/1875] loss=0.0550 avg_loss=0.1005
[2026-06-03 06:31:43] Epoch 23 train batch [1860/1875] loss=0.0697 avg_loss=0.1004
[2026-06-03 06:31:44] Epoch 23 train batch [1875/1875] loss=0.0436 avg_loss=0.1004
[2026-06-03 06:31:44] Epoch 23 training completed. Computing validation loss.
[2026-06-03 06:32:02] Epoch 23 validation loss completed: 0.1859. Computing detection metrics.
[2026-06-03 06:32:18] Epoch 23 metrics computed. Saving artifacts.
[2026-06-03 06:32:19] Epoch 23 did not improve mAP@0.5 enough. Early stopping counter: 7/7.
Epoch [23/30]
├── Train Loss : 0.1004
│   ├── loss_classifier  : 0.0308
│   ├── loss_box_reg     : 0.0633
│   ├── loss_objectness  : 0.0028
│   └── loss_rpn_box_reg : 0.0035
├── Val Loss   : 0.1859
├── mAP@0.5    : 0.7715
├── mAP@0.75   : 0.4645
├── mAP@0.5:0.95 : 0.4481
├── Precision  : 0.6081
├── Recall     : 0.8407
├── GT Boxes   : 2021
├── Predictions: 2794
├── Per-class AP
│   ├── person  : AP50=0.8265, AP75=0.4617, AP50:95=0.4677, P=0.6504, R=0.8696
│   ├── car     : AP50=0.7473, AP75=0.4407, AP50:95=0.4242, P=0.5452, R=0.8092
│   ├── dog     : AP50=0.8519, AP75=0.6168, AP50:95=0.5425, P=0.7004, R=0.8738
│   ├── cat     : AP50=0.8890, AP75=0.5773, AP50:95=0.5460, P=0.8040, R=0.9091
│   └── chair   : AP50=0.5428, AP75=0.2260, AP50:95=0.2601, P=0.4066, R=0.6950
├── LR         : 0.000100
└── Time       : 198.0s
[2026-06-03 06:32:19] Epoch [23/30] completed.
[2026-06-03 06:32:19] Early stopping triggered at epoch 23. Best mAP@0.5=0.7747.
[2026-06-03 06:32:21] Training session completed.
