========== Training Session ==========
Started: 20260602-233227
Run name: 00_no_augmentation
Device: cuda:1
CUDA: NVIDIA GeForce RTX 4090 (47.38 GB)
Torch: 2.7.1+cu126
Classes: person, car, dog, cat, chair
Train dataset: 7500 images, 10642 boxes, 2500 empty images
Val dataset: 1500 images, 2021 boxes, 500 empty images
Train class counts: {'dog': 1028, 'person': 5829, 'chair': 1613, 'cat': 833, 'car': 1339}
Val class counts: {'dog': 206, 'chair': 282, 'person': 1074, 'car': 283, 'cat': 176}
Model: Faster R-CNN resnet101 FPN (60,037,165/60,259,565 trainable/total params)
Hyperparams: epochs=30, batch_size=4, lr=0.005, lr_milestones=[15, 25], lr_gamma=0.1, backbone=resnet101, min_size=512, max_size=768, score_threshold=0.5, augmentation=False, early_stopping=False, early_stopping_patience=7, early_stopping_min_delta=0.001, num_workers=2, log_interval=20
Saved results dir: saved_results/augmentation_ablation/00_no_augmentation
Checkpoint dir: saved_results/augmentation_ablation/00_no_augmentation/checkpoints
Best checkpoint: saved_results/augmentation_ablation/00_no_augmentation/checkpoints/best_model-20260602-233227.pth
Last checkpoint: saved_results/augmentation_ablation/00_no_augmentation/checkpoints/last_model-20260602-233227.pth
Log dir: saved_results/augmentation_ablation/00_no_augmentation/logs
=====================================
[2026-06-02 23:32:28] Training session initialized.
[2026-06-02 23:32:29] Epoch [01/30] started.
[2026-06-02 23:32:36] Epoch 01 train batch [20/1875] loss=0.2784 avg_loss=0.6476
[2026-06-02 23:32:41] Epoch 01 train batch [40/1875] loss=0.7411 avg_loss=0.4640
========== Training Session ==========
Started: 20260602-233313
Run name: 00_no_augmentation
Device: cuda:1
CUDA: NVIDIA GeForce RTX 4090 (47.38 GB)
Torch: 2.7.1+cu126
Classes: person, car, dog, cat, chair
Train dataset: 7500 images, 10642 boxes, 2500 empty images
Val dataset: 1500 images, 2021 boxes, 500 empty images
Train class counts: {'dog': 1028, 'person': 5829, 'chair': 1613, 'cat': 833, 'car': 1339}
Val class counts: {'dog': 206, 'chair': 282, 'person': 1074, 'car': 283, 'cat': 176}
Model: Faster R-CNN resnet50 FPN (41,097,261/41,319,661 trainable/total params)
Hyperparams: epochs=30, batch_size=8, lr=0.005, lr_milestones=[15, 25], lr_gamma=0.1, backbone=resnet50, min_size=512, max_size=768, score_threshold=0.5, augmentation=False, early_stopping=False, early_stopping_patience=7, early_stopping_min_delta=0.001, num_workers=2, log_interval=20
Saved results dir: saved_results/augmentation_ablation/00_no_augmentation
Checkpoint dir: saved_results/augmentation_ablation/00_no_augmentation/checkpoints
Best checkpoint: saved_results/augmentation_ablation/00_no_augmentation/checkpoints/best_model-20260602-233313.pth
Last checkpoint: saved_results/augmentation_ablation/00_no_augmentation/checkpoints/last_model-20260602-233313.pth
Log dir: saved_results/augmentation_ablation/00_no_augmentation/logs
=====================================
[2026-06-02 23:33:14] Training session initialized.
[2026-06-02 23:33:16] Epoch [01/30] started.
[2026-06-02 23:33:26] Epoch 01 train batch [20/938] loss=0.8250 avg_loss=0.6439
[2026-06-02 23:33:35] Epoch 01 train batch [40/938] loss=0.5200 avg_loss=0.4874
[2026-06-02 23:33:44] Epoch 01 train batch [60/938] loss=0.2527 avg_loss=0.4248
[2026-06-02 23:33:54] Epoch 01 train batch [80/938] loss=0.1318 avg_loss=0.3957
[2026-06-02 23:34:03] Epoch 01 train batch [100/938] loss=0.3758 avg_loss=0.3766
[2026-06-02 23:34:13] Epoch 01 train batch [120/938] loss=0.1530 avg_loss=0.3705
[2026-06-02 23:34:22] Epoch 01 train batch [140/938] loss=0.4319 avg_loss=0.3576
[2026-06-02 23:34:31] Epoch 01 train batch [160/938] loss=0.3906 avg_loss=0.3421
[2026-06-02 23:34:40] Epoch 01 train batch [180/938] loss=0.3657 avg_loss=0.3353
[2026-06-02 23:34:50] Epoch 01 train batch [200/938] loss=0.0889 avg_loss=0.3283
[2026-06-02 23:34:59] Epoch 01 train batch [220/938] loss=0.5785 avg_loss=0.3261
[2026-06-02 23:35:09] Epoch 01 train batch [240/938] loss=0.2023 avg_loss=0.3211
[2026-06-02 23:35:18] Epoch 01 train batch [260/938] loss=0.1381 avg_loss=0.3156
[2026-06-02 23:35:28] Epoch 01 train batch [280/938] loss=0.3366 avg_loss=0.3144
[2026-06-02 23:35:37] Epoch 01 train batch [300/938] loss=0.3648 avg_loss=0.3111
[2026-06-02 23:35:46] Epoch 01 train batch [320/938] loss=0.2038 avg_loss=0.3061
[2026-06-02 23:35:56] Epoch 01 train batch [340/938] loss=0.2267 avg_loss=0.3036
[2026-06-02 23:36:05] Epoch 01 train batch [360/938] loss=0.1491 avg_loss=0.3016
[2026-06-02 23:36:15] Epoch 01 train batch [380/938] loss=0.2404 avg_loss=0.2992
[2026-06-02 23:36:24] Epoch 01 train batch [400/938] loss=0.1777 avg_loss=0.2948
[2026-06-02 23:36:34] Epoch 01 train batch [420/938] loss=0.3773 avg_loss=0.2925
[2026-06-02 23:36:44] Epoch 01 train batch [440/938] loss=0.1808 avg_loss=0.2923
[2026-06-02 23:36:53] Epoch 01 train batch [460/938] loss=0.1412 avg_loss=0.2904
[2026-06-02 23:37:02] Epoch 01 train batch [480/938] loss=0.2468 avg_loss=0.2886
[2026-06-02 23:37:12] Epoch 01 train batch [500/938] loss=0.2523 avg_loss=0.2863
[2026-06-02 23:37:21] Epoch 01 train batch [520/938] loss=0.2630 avg_loss=0.2861
[2026-06-02 23:37:31] Epoch 01 train batch [540/938] loss=0.2263 avg_loss=0.2854
[2026-06-02 23:37:40] Epoch 01 train batch [560/938] loss=0.3242 avg_loss=0.2843
[2026-06-02 23:37:49] Epoch 01 train batch [580/938] loss=0.2298 avg_loss=0.2818
[2026-06-02 23:37:58] Epoch 01 train batch [600/938] loss=0.1947 avg_loss=0.2806
[2026-06-02 23:38:08] Epoch 01 train batch [620/938] loss=0.3023 avg_loss=0.2788
[2026-06-02 23:38:17] Epoch 01 train batch [640/938] loss=0.2420 avg_loss=0.2773
[2026-06-02 23:38:23] Epoch 01 train batch [660/938] loss=0.1520 avg_loss=0.2749
[2026-06-02 23:38:30] Epoch 01 train batch [680/938] loss=0.1845 avg_loss=0.2738
[2026-06-02 23:38:36] Epoch 01 train batch [700/938] loss=0.0880 avg_loss=0.2725
[2026-06-02 23:38:43] Epoch 01 train batch [720/938] loss=0.0840 avg_loss=0.2708
[2026-06-02 23:38:49] Epoch 01 train batch [740/938] loss=0.1991 avg_loss=0.2696
[2026-06-02 23:38:57] Epoch 01 train batch [760/938] loss=0.0805 avg_loss=0.2687
[2026-06-02 23:39:03] Epoch 01 train batch [780/938] loss=0.1421 avg_loss=0.2667
[2026-06-02 23:39:10] Epoch 01 train batch [800/938] loss=0.3884 avg_loss=0.2656
[2026-06-02 23:39:17] Epoch 01 train batch [820/938] loss=0.2094 avg_loss=0.2643
[2026-06-02 23:39:24] Epoch 01 train batch [840/938] loss=0.1884 avg_loss=0.2635
[2026-06-02 23:39:32] Epoch 01 train batch [860/938] loss=0.0980 avg_loss=0.2625
[2026-06-02 23:39:40] Epoch 01 train batch [880/938] loss=0.1105 avg_loss=0.2609
[2026-06-02 23:39:47] Epoch 01 train batch [900/938] loss=0.2117 avg_loss=0.2603
[2026-06-02 23:39:55] Epoch 01 train batch [920/938] loss=0.1421 avg_loss=0.2592
[2026-06-02 23:40:02] Epoch 01 train batch [938/938] loss=0.0815 avg_loss=0.2584
[2026-06-02 23:40:02] Epoch 01 training completed. Computing validation loss.
[2026-06-02 23:40:58] Epoch 01 validation loss completed: 0.1988. Computing detection metrics.
[2026-06-02 23:41:43] Epoch 01 metrics computed. Saving artifacts.
[2026-06-02 23:41:44] Epoch 01 improved mAP@0.5 to 0.4138. Saved best checkpoint: best_model-20260602-233313.pth.
Epoch [01/30]
├── Train Loss : 0.2584
│   ├── loss_classifier  : 0.1040
│   ├── loss_box_reg     : 0.1140
│   ├── loss_objectness  : 0.0309
│   └── loss_rpn_box_reg : 0.0095
├── Val Loss   : 0.1988
├── mAP@0.5    : 0.4138
├── mAP@0.75   : 0.0532
├── mAP@0.5:0.95 : 0.1451
├── Precision  : 0.3074
├── Recall     : 0.6690
├── GT Boxes   : 2021
├── Predictions: 4398
├── Per-class AP
│   ├── person  : AP50=0.5581, AP75=0.0317, AP50:95=0.1702, P=0.3034, R=0.7933
│   ├── car     : AP50=0.2578, AP75=0.0173, AP50:95=0.0813, P=0.3918, R=0.3710
│   ├── dog     : AP50=0.3999, AP75=0.0545, AP50:95=0.1522, P=0.4977, R=0.5340
│   ├── cat     : AP50=0.5373, AP75=0.1472, AP50:95=0.2221, P=0.5291, R=0.6705
│   └── chair   : AP50=0.3160, AP75=0.0152, AP50:95=0.0999, P=0.1902, R=0.5922
├── LR         : 0.005000
└── Time       : 506.9s
[2026-06-02 23:41:44] Epoch [01/30] completed.
[2026-06-02 23:41:44] Epoch [02/30] started.
[2026-06-02 23:41:53] Epoch 02 train batch [20/938] loss=0.1562 avg_loss=0.1835
[2026-06-02 23:42:03] Epoch 02 train batch [40/938] loss=0.2926 avg_loss=0.2094
[2026-06-02 23:42:12] Epoch 02 train batch [60/938] loss=0.0820 avg_loss=0.2004
[2026-06-02 23:42:21] Epoch 02 train batch [80/938] loss=0.2995 avg_loss=0.2022
[2026-06-02 23:42:31] Epoch 02 train batch [100/938] loss=0.4366 avg_loss=0.2065
[2026-06-02 23:42:40] Epoch 02 train batch [120/938] loss=0.3487 avg_loss=0.2032
[2026-06-02 23:42:50] Epoch 02 train batch [140/938] loss=0.1460 avg_loss=0.2055
[2026-06-02 23:42:59] Epoch 02 train batch [160/938] loss=0.2983 avg_loss=0.2045
[2026-06-02 23:43:09] Epoch 02 train batch [180/938] loss=0.2202 avg_loss=0.2047
[2026-06-02 23:43:18] Epoch 02 train batch [200/938] loss=0.1695 avg_loss=0.2068
[2026-06-02 23:43:28] Epoch 02 train batch [220/938] loss=0.1661 avg_loss=0.2070
[2026-06-02 23:43:37] Epoch 02 train batch [240/938] loss=0.3338 avg_loss=0.2058
[2026-06-02 23:43:47] Epoch 02 train batch [260/938] loss=0.0908 avg_loss=0.2088
[2026-06-02 23:43:56] Epoch 02 train batch [280/938] loss=0.3138 avg_loss=0.2103
[2026-06-02 23:44:05] Epoch 02 train batch [300/938] loss=0.0999 avg_loss=0.2126
[2026-06-02 23:44:15] Epoch 02 train batch [320/938] loss=0.1557 avg_loss=0.2110
[2026-06-02 23:44:24] Epoch 02 train batch [340/938] loss=0.1541 avg_loss=0.2114
[2026-06-02 23:44:34] Epoch 02 train batch [360/938] loss=0.2577 avg_loss=0.2138
[2026-06-02 23:44:43] Epoch 02 train batch [380/938] loss=0.2103 avg_loss=0.2150
[2026-06-02 23:44:53] Epoch 02 train batch [400/938] loss=0.3024 avg_loss=0.2139
[2026-06-02 23:45:02] Epoch 02 train batch [420/938] loss=0.1846 avg_loss=0.2130
[2026-06-02 23:45:11] Epoch 02 train batch [440/938] loss=0.3005 avg_loss=0.2121
[2026-06-02 23:45:20] Epoch 02 train batch [460/938] loss=0.1316 avg_loss=0.2110
[2026-06-02 23:45:30] Epoch 02 train batch [480/938] loss=0.2971 avg_loss=0.2120
[2026-06-02 23:45:39] Epoch 02 train batch [500/938] loss=0.1726 avg_loss=0.2097
[2026-06-02 23:45:49] Epoch 02 train batch [520/938] loss=0.1039 avg_loss=0.2085
[2026-06-02 23:45:58] Epoch 02 train batch [540/938] loss=0.1733 avg_loss=0.2071
[2026-06-02 23:46:08] Epoch 02 train batch [560/938] loss=0.4119 avg_loss=0.2068
[2026-06-02 23:46:18] Epoch 02 train batch [580/938] loss=0.1196 avg_loss=0.2062
[2026-06-02 23:46:27] Epoch 02 train batch [600/938] loss=0.3332 avg_loss=0.2075
[2026-06-02 23:46:36] Epoch 02 train batch [620/938] loss=0.2650 avg_loss=0.2073
[2026-06-02 23:46:46] Epoch 02 train batch [640/938] loss=0.2208 avg_loss=0.2083
[2026-06-02 23:46:55] Epoch 02 train batch [660/938] loss=0.2917 avg_loss=0.2075
[2026-06-02 23:47:05] Epoch 02 train batch [680/938] loss=0.3480 avg_loss=0.2077
[2026-06-02 23:47:14] Epoch 02 train batch [700/938] loss=0.3134 avg_loss=0.2075
[2026-06-02 23:47:23] Epoch 02 train batch [720/938] loss=0.1941 avg_loss=0.2075
[2026-06-02 23:47:30] Epoch 02 train batch [740/938] loss=0.2255 avg_loss=0.2075
[2026-06-02 23:47:36] Epoch 02 train batch [760/938] loss=0.1390 avg_loss=0.2075
[2026-06-02 23:47:43] Epoch 02 train batch [780/938] loss=0.2991 avg_loss=0.2078
[2026-06-02 23:47:50] Epoch 02 train batch [800/938] loss=0.1997 avg_loss=0.2080
[2026-06-02 23:47:56] Epoch 02 train batch [820/938] loss=0.4545 avg_loss=0.2073
[2026-06-02 23:48:03] Epoch 02 train batch [840/938] loss=0.2674 avg_loss=0.2076
[2026-06-02 23:48:10] Epoch 02 train batch [860/938] loss=0.1626 avg_loss=0.2072
[2026-06-02 23:48:16] Epoch 02 train batch [880/938] loss=0.1900 avg_loss=0.2071
[2026-06-02 23:48:23] Epoch 02 train batch [900/938] loss=0.3383 avg_loss=0.2063
[2026-06-02 23:48:30] Epoch 02 train batch [920/938] loss=0.2574 avg_loss=0.2060
[2026-06-02 23:48:37] Epoch 02 train batch [938/938] loss=0.1841 avg_loss=0.2055
[2026-06-02 23:48:37] Epoch 02 training completed. Computing validation loss.
[2026-06-02 23:49:21] Epoch 02 validation loss completed: 0.1937. Computing detection metrics.
[2026-06-02 23:50:05] Epoch 02 metrics computed. Saving artifacts.
[2026-06-02 23:50:06] Epoch 02 improved mAP@0.5 to 0.6483. Saved best checkpoint: best_model-20260602-233313.pth.
Epoch [02/30]
├── Train Loss : 0.2055
│   ├── loss_classifier  : 0.0733
│   ├── loss_box_reg     : 0.1116
│   ├── loss_objectness  : 0.0128
│   └── loss_rpn_box_reg : 0.0078
├── Val Loss   : 0.1937
├── mAP@0.5    : 0.6483
├── mAP@0.75   : 0.2073
├── mAP@0.5:0.95 : 0.2915
├── Precision  : 0.4645
├── Recall     : 0.7867
├── GT Boxes   : 2021
├── Predictions: 3423
├── Per-class AP
│   ├── person  : AP50=0.7418, AP75=0.2077, AP50:95=0.3214, P=0.5143, R=0.8361
│   ├── car     : AP50=0.6023, AP75=0.2061, AP50:95=0.2754, P=0.4874, R=0.6855
│   ├── dog     : AP50=0.7562, AP75=0.2796, AP50:95=0.3497, P=0.5151, R=0.8301
│   ├── cat     : AP50=0.7211, AP75=0.2371, AP50:95=0.3345, P=0.6171, R=0.7784
│   └── chair   : AP50=0.4205, AP75=0.1061, AP50:95=0.1763, P=0.2621, R=0.6738
├── LR         : 0.005000
└── Time       : 501.7s
[2026-06-02 23:50:06] Epoch [02/30] completed.
[2026-06-02 23:50:06] Epoch [03/30] started.
[2026-06-02 23:50:16] Epoch 03 train batch [20/938] loss=0.0880 avg_loss=0.1715
[2026-06-02 23:50:26] Epoch 03 train batch [40/938] loss=0.2890 avg_loss=0.1644
[2026-06-02 23:50:36] Epoch 03 train batch [60/938] loss=0.2292 avg_loss=0.1745
[2026-06-02 23:50:45] Epoch 03 train batch [80/938] loss=0.3722 avg_loss=0.1871
[2026-06-02 23:50:54] Epoch 03 train batch [100/938] loss=0.2460 avg_loss=0.1912
[2026-06-02 23:51:04] Epoch 03 train batch [120/938] loss=0.2921 avg_loss=0.1924
[2026-06-02 23:51:13] Epoch 03 train batch [140/938] loss=0.1777 avg_loss=0.1918
[2026-06-02 23:51:23] Epoch 03 train batch [160/938] loss=0.2171 avg_loss=0.1892
[2026-06-02 23:51:32] Epoch 03 train batch [180/938] loss=0.1698 avg_loss=0.1905
[2026-06-02 23:51:41] Epoch 03 train batch [200/938] loss=0.1390 avg_loss=0.1910
[2026-06-02 23:51:51] Epoch 03 train batch [220/938] loss=0.2337 avg_loss=0.1950
[2026-06-02 23:52:00] Epoch 03 train batch [240/938] loss=0.2441 avg_loss=0.1939
[2026-06-02 23:52:09] Epoch 03 train batch [260/938] loss=0.2516 avg_loss=0.1958
[2026-06-02 23:52:19] Epoch 03 train batch [280/938] loss=0.1489 avg_loss=0.1959
[2026-06-02 23:52:28] Epoch 03 train batch [300/938] loss=0.1136 avg_loss=0.1955
[2026-06-02 23:52:38] Epoch 03 train batch [320/938] loss=0.3027 avg_loss=0.1952
[2026-06-02 23:52:47] Epoch 03 train batch [340/938] loss=0.2460 avg_loss=0.1957
[2026-06-02 23:52:57] Epoch 03 train batch [360/938] loss=0.2218 avg_loss=0.1944
[2026-06-02 23:53:06] Epoch 03 train batch [380/938] loss=0.2192 avg_loss=0.1930
[2026-06-02 23:53:16] Epoch 03 train batch [400/938] loss=0.1928 avg_loss=0.1930
[2026-06-02 23:53:25] Epoch 03 train batch [420/938] loss=0.2302 avg_loss=0.1922
[2026-06-02 23:53:35] Epoch 03 train batch [440/938] loss=0.1457 avg_loss=0.1915
[2026-06-02 23:53:44] Epoch 03 train batch [460/938] loss=0.3920 avg_loss=0.1916
[2026-06-02 23:53:53] Epoch 03 train batch [480/938] loss=0.1906 avg_loss=0.1914
[2026-06-02 23:54:03] Epoch 03 train batch [500/938] loss=0.1765 avg_loss=0.1918
[2026-06-02 23:54:12] Epoch 03 train batch [520/938] loss=0.1739 avg_loss=0.1913
[2026-06-02 23:54:21] Epoch 03 train batch [540/938] loss=0.1050 avg_loss=0.1924
[2026-06-02 23:54:30] Epoch 03 train batch [560/938] loss=0.1803 avg_loss=0.1921
[2026-06-02 23:54:40] Epoch 03 train batch [580/938] loss=0.1256 avg_loss=0.1916
[2026-06-02 23:54:50] Epoch 03 train batch [600/938] loss=0.0431 avg_loss=0.1912
[2026-06-02 23:54:59] Epoch 03 train batch [620/938] loss=0.0992 avg_loss=0.1920
[2026-06-02 23:55:09] Epoch 03 train batch [640/938] loss=0.1489 avg_loss=0.1919
[2026-06-02 23:55:18] Epoch 03 train batch [660/938] loss=0.1052 avg_loss=0.1912
[2026-06-02 23:55:28] Epoch 03 train batch [680/938] loss=0.3332 avg_loss=0.1916
[2026-06-02 23:55:37] Epoch 03 train batch [700/938] loss=0.0788 avg_loss=0.1909
[2026-06-02 23:55:46] Epoch 03 train batch [720/938] loss=0.2910 avg_loss=0.1919
[2026-06-02 23:55:56] Epoch 03 train batch [740/938] loss=0.2504 avg_loss=0.1922
[2026-06-02 23:56:05] Epoch 03 train batch [760/938] loss=0.0618 avg_loss=0.1922
[2026-06-02 23:56:14] Epoch 03 train batch [780/938] loss=0.1043 avg_loss=0.1923
[2026-06-02 23:56:24] Epoch 03 train batch [800/938] loss=0.2862 avg_loss=0.1926
[2026-06-02 23:56:31] Epoch 03 train batch [820/938] loss=0.2405 avg_loss=0.1937
[2026-06-02 23:56:38] Epoch 03 train batch [840/938] loss=0.2048 avg_loss=0.1937
[2026-06-02 23:56:44] Epoch 03 train batch [860/938] loss=0.2757 avg_loss=0.1935
[2026-06-02 23:56:51] Epoch 03 train batch [880/938] loss=0.1843 avg_loss=0.1934
[2026-06-02 23:56:58] Epoch 03 train batch [900/938] loss=0.1564 avg_loss=0.1934
[2026-06-02 23:57:05] Epoch 03 train batch [920/938] loss=0.2257 avg_loss=0.1932
[2026-06-02 23:57:11] Epoch 03 train batch [938/938] loss=0.0283 avg_loss=0.1927
[2026-06-02 23:57:11] Epoch 03 training completed. Computing validation loss.
[2026-06-02 23:57:54] Epoch 03 validation loss completed: 0.2027. Computing detection metrics.
[2026-06-02 23:58:37] Epoch 03 metrics computed. Saving artifacts.
[2026-06-02 23:58:38] Epoch 03 did not improve mAP@0.5 enough. Early stopping counter: 1/7.
Epoch [03/30]
├── Train Loss : 0.1927
│   ├── loss_classifier  : 0.0673
│   ├── loss_box_reg     : 0.1089
│   ├── loss_objectness  : 0.0097
│   └── loss_rpn_box_reg : 0.0069
├── Val Loss   : 0.2027
├── mAP@0.5    : 0.6437
├── mAP@0.75   : 0.2302
├── mAP@0.5:0.95 : 0.2966
├── Precision  : 0.3780
├── Recall     : 0.8085
├── GT Boxes   : 2021
├── Predictions: 4323
├── Per-class AP
│   ├── person  : AP50=0.8011, AP75=0.3209, AP50:95=0.3899, P=0.4102, R=0.8827
│   ├── car     : AP50=0.6702, AP75=0.3171, AP50:95=0.3335, P=0.2902, R=0.7915
│   ├── dog     : AP50=0.7331, AP75=0.2581, AP50:95=0.3401, P=0.3515, R=0.8155
│   ├── cat     : AP50=0.5561, AP75=0.1207, AP50:95=0.2278, P=0.7365, R=0.6193
│   └── chair   : AP50=0.4579, AP75=0.1342, AP50:95=0.1916, P=0.3013, R=0.6560
├── LR         : 0.005000
└── Time       : 510.6s
[2026-06-02 23:58:38] Epoch [03/30] completed.
[2026-06-02 23:58:38] Epoch [04/30] started.
[2026-06-02 23:58:47] Epoch 04 train batch [20/938] loss=0.1930 avg_loss=0.1470
[2026-06-02 23:58:57] Epoch 04 train batch [40/938] loss=0.0536 avg_loss=0.1657
[2026-06-02 23:59:07] Epoch 04 train batch [60/938] loss=0.1484 avg_loss=0.1775
[2026-06-02 23:59:16] Epoch 04 train batch [80/938] loss=0.1033 avg_loss=0.1858
[2026-06-02 23:59:25] Epoch 04 train batch [100/938] loss=0.2099 avg_loss=0.1857
[2026-06-02 23:59:35] Epoch 04 train batch [120/938] loss=0.3970 avg_loss=0.1828
[2026-06-02 23:59:44] Epoch 04 train batch [140/938] loss=0.0808 avg_loss=0.1793
[2026-06-02 23:59:54] Epoch 04 train batch [160/938] loss=0.3109 avg_loss=0.1825
[2026-06-03 00:00:03] Epoch 04 train batch [180/938] loss=0.0817 avg_loss=0.1821
[2026-06-03 00:00:13] Epoch 04 train batch [200/938] loss=0.1260 avg_loss=0.1839
[2026-06-03 00:00:22] Epoch 04 train batch [220/938] loss=0.2220 avg_loss=0.1839
[2026-06-03 00:00:32] Epoch 04 train batch [240/938] loss=0.3364 avg_loss=0.1838
[2026-06-03 00:00:41] Epoch 04 train batch [260/938] loss=0.3519 avg_loss=0.1847
[2026-06-03 00:00:50] Epoch 04 train batch [280/938] loss=0.1345 avg_loss=0.1830
[2026-06-03 00:01:00] Epoch 04 train batch [300/938] loss=0.1703 avg_loss=0.1841
[2026-06-03 00:01:09] Epoch 04 train batch [320/938] loss=0.1590 avg_loss=0.1845
[2026-06-03 00:01:19] Epoch 04 train batch [340/938] loss=0.2154 avg_loss=0.1862
[2026-06-03 00:01:28] Epoch 04 train batch [360/938] loss=0.1931 avg_loss=0.1869
[2026-06-03 00:01:38] Epoch 04 train batch [380/938] loss=0.2236 avg_loss=0.1856
[2026-06-03 00:01:47] Epoch 04 train batch [400/938] loss=0.1542 avg_loss=0.1850
[2026-06-03 00:01:57] Epoch 04 train batch [420/938] loss=0.2353 avg_loss=0.1854
[2026-06-03 00:02:06] Epoch 04 train batch [440/938] loss=0.0690 avg_loss=0.1842
[2026-06-03 00:02:16] Epoch 04 train batch [460/938] loss=0.2015 avg_loss=0.1853
[2026-06-03 00:02:26] Epoch 04 train batch [480/938] loss=0.1945 avg_loss=0.1850
[2026-06-03 00:02:35] Epoch 04 train batch [500/938] loss=0.2950 avg_loss=0.1850
[2026-06-03 00:02:44] Epoch 04 train batch [520/938] loss=0.2634 avg_loss=0.1864
[2026-06-03 00:02:54] Epoch 04 train batch [540/938] loss=0.3040 avg_loss=0.1865
[2026-06-03 00:03:03] Epoch 04 train batch [560/938] loss=0.0763 avg_loss=0.1860
[2026-06-03 00:03:13] Epoch 04 train batch [580/938] loss=0.1809 avg_loss=0.1857
[2026-06-03 00:03:22] Epoch 04 train batch [600/938] loss=0.0980 avg_loss=0.1853
[2026-06-03 00:03:31] Epoch 04 train batch [620/938] loss=0.3692 avg_loss=0.1851
[2026-06-03 00:03:40] Epoch 04 train batch [640/938] loss=0.2196 avg_loss=0.1851
[2026-06-03 00:03:50] Epoch 04 train batch [660/938] loss=0.0640 avg_loss=0.1858
[2026-06-03 00:03:59] Epoch 04 train batch [680/938] loss=0.1013 avg_loss=0.1843
[2026-06-03 00:04:08] Epoch 04 train batch [700/938] loss=0.2287 avg_loss=0.1833
[2026-06-03 00:04:18] Epoch 04 train batch [720/938] loss=0.2431 avg_loss=0.1833
[2026-06-03 00:04:27] Epoch 04 train batch [740/938] loss=0.1506 avg_loss=0.1824
[2026-06-03 00:04:37] Epoch 04 train batch [760/938] loss=0.2522 avg_loss=0.1829
[2026-06-03 00:04:46] Epoch 04 train batch [780/938] loss=0.1279 avg_loss=0.1830
[2026-06-03 00:04:55] Epoch 04 train batch [800/938] loss=0.2310 avg_loss=0.1831
[2026-06-03 00:05:05] Epoch 04 train batch [820/938] loss=0.2427 avg_loss=0.1835
[2026-06-03 00:05:14] Epoch 04 train batch [840/938] loss=0.1573 avg_loss=0.1832
[2026-06-03 00:05:23] Epoch 04 train batch [860/938] loss=0.1420 avg_loss=0.1825
[2026-06-03 00:05:32] Epoch 04 train batch [880/938] loss=0.2704 avg_loss=0.1828
[2026-06-03 00:05:39] Epoch 04 train batch [900/938] loss=0.1645 avg_loss=0.1824
[2026-06-03 00:05:45] Epoch 04 train batch [920/938] loss=0.1791 avg_loss=0.1827
[2026-06-03 00:05:51] Epoch 04 train batch [938/938] loss=0.2122 avg_loss=0.1827
[2026-06-03 00:05:51] Epoch 04 training completed. Computing validation loss.
[2026-06-03 00:06:36] Epoch 04 validation loss completed: 0.1921. Computing detection metrics.
[2026-06-03 00:07:19] Epoch 04 metrics computed. Saving artifacts.
[2026-06-03 00:07:21] Epoch 04 improved mAP@0.5 to 0.6937. Saved best checkpoint: best_model-20260602-233313.pth.
Epoch [04/30]
├── Train Loss : 0.1827
│   ├── loss_classifier  : 0.0626
│   ├── loss_box_reg     : 0.1059
│   ├── loss_objectness  : 0.0079
│   └── loss_rpn_box_reg : 0.0063
├── Val Loss   : 0.1921
├── mAP@0.5    : 0.6937
├── mAP@0.75   : 0.3392
├── mAP@0.5:0.95 : 0.3633
├── Precision  : 0.5167
├── Recall     : 0.7971
├── GT Boxes   : 2021
├── Predictions: 3118
├── Per-class AP
│   ├── person  : AP50=0.8191, AP75=0.4022, AP50:95=0.4363, P=0.5297, R=0.8808
│   ├── car     : AP50=0.6389, AP75=0.3416, AP50:95=0.3415, P=0.6334, R=0.6961
│   ├── dog     : AP50=0.7793, AP75=0.3816, AP50:95=0.3994, P=0.4265, R=0.8592
│   ├── cat     : AP50=0.8558, AP75=0.4105, AP50:95=0.4614, P=0.4563, R=0.9205
│   └── chair   : AP50=0.3752, AP75=0.1600, AP50:95=0.1777, P=0.5139, R=0.4574
├── LR         : 0.005000
└── Time       : 521.8s
[2026-06-03 00:07:21] Epoch [04/30] completed.
[2026-06-03 00:07:21] Epoch [05/30] started.
[2026-06-03 00:07:31] Epoch 05 train batch [20/938] loss=0.1747 avg_loss=0.1736
[2026-06-03 00:07:40] Epoch 05 train batch [40/938] loss=0.1549 avg_loss=0.1604
[2026-06-03 00:07:49] Epoch 05 train batch [60/938] loss=0.1759 avg_loss=0.1627
[2026-06-03 00:07:59] Epoch 05 train batch [80/938] loss=0.1048 avg_loss=0.1639
[2026-06-03 00:08:08] Epoch 05 train batch [100/938] loss=0.1984 avg_loss=0.1651
[2026-06-03 00:08:18] Epoch 05 train batch [120/938] loss=0.0538 avg_loss=0.1583
[2026-06-03 00:08:27] Epoch 05 train batch [140/938] loss=0.1289 avg_loss=0.1682
[2026-06-03 00:08:36] Epoch 05 train batch [160/938] loss=0.0879 avg_loss=0.1714
[2026-06-03 00:08:46] Epoch 05 train batch [180/938] loss=0.1591 avg_loss=0.1719
[2026-06-03 00:08:55] Epoch 05 train batch [200/938] loss=0.1880 avg_loss=0.1715
[2026-06-03 00:09:05] Epoch 05 train batch [220/938] loss=0.1818 avg_loss=0.1716
[2026-06-03 00:09:14] Epoch 05 train batch [240/938] loss=0.0547 avg_loss=0.1680
[2026-06-03 00:09:23] Epoch 05 train batch [260/938] loss=0.1892 avg_loss=0.1692
[2026-06-03 00:09:33] Epoch 05 train batch [280/938] loss=0.1651 avg_loss=0.1679
[2026-06-03 00:09:42] Epoch 05 train batch [300/938] loss=0.1824 avg_loss=0.1687
[2026-06-03 00:09:51] Epoch 05 train batch [320/938] loss=0.1963 avg_loss=0.1688
[2026-06-03 00:10:01] Epoch 05 train batch [340/938] loss=0.2175 avg_loss=0.1695
[2026-06-03 00:10:10] Epoch 05 train batch [360/938] loss=0.0732 avg_loss=0.1682
[2026-06-03 00:10:20] Epoch 05 train batch [380/938] loss=0.0881 avg_loss=0.1682
[2026-06-03 00:10:29] Epoch 05 train batch [400/938] loss=0.1777 avg_loss=0.1676
[2026-06-03 00:10:39] Epoch 05 train batch [420/938] loss=0.2390 avg_loss=0.1690
[2026-06-03 00:10:48] Epoch 05 train batch [440/938] loss=0.2145 avg_loss=0.1706
[2026-06-03 00:10:57] Epoch 05 train batch [460/938] loss=0.2046 avg_loss=0.1708
[2026-06-03 00:11:06] Epoch 05 train batch [480/938] loss=0.2466 avg_loss=0.1707
[2026-06-03 00:11:15] Epoch 05 train batch [500/938] loss=0.3083 avg_loss=0.1698
[2026-06-03 00:11:25] Epoch 05 train batch [520/938] loss=0.1759 avg_loss=0.1705
[2026-06-03 00:11:34] Epoch 05 train batch [540/938] loss=0.1584 avg_loss=0.1695
[2026-06-03 00:11:44] Epoch 05 train batch [560/938] loss=0.0676 avg_loss=0.1697
[2026-06-03 00:11:53] Epoch 05 train batch [580/938] loss=0.1115 avg_loss=0.1691
[2026-06-03 00:12:02] Epoch 05 train batch [600/938] loss=0.1518 avg_loss=0.1693
[2026-06-03 00:12:12] Epoch 05 train batch [620/938] loss=0.0674 avg_loss=0.1685
[2026-06-03 00:12:21] Epoch 05 train batch [640/938] loss=0.1356 avg_loss=0.1680
[2026-06-03 00:12:31] Epoch 05 train batch [660/938] loss=0.1648 avg_loss=0.1686
[2026-06-03 00:12:40] Epoch 05 train batch [680/938] loss=0.1767 avg_loss=0.1693
[2026-06-03 00:12:50] Epoch 05 train batch [700/938] loss=0.0784 avg_loss=0.1697
[2026-06-03 00:13:00] Epoch 05 train batch [720/938] loss=0.1846 avg_loss=0.1693
[2026-06-03 00:13:09] Epoch 05 train batch [740/938] loss=0.1203 avg_loss=0.1705
[2026-06-03 00:13:19] Epoch 05 train batch [760/938] loss=0.1399 avg_loss=0.1699
[2026-06-03 00:13:28] Epoch 05 train batch [780/938] loss=0.0235 avg_loss=0.1700
[2026-06-03 00:13:38] Epoch 05 train batch [800/938] loss=0.1092 avg_loss=0.1704
[2026-06-03 00:13:47] Epoch 05 train batch [820/938] loss=0.2034 avg_loss=0.1707
[2026-06-03 00:13:56] Epoch 05 train batch [840/938] loss=0.1249 avg_loss=0.1704
[2026-06-03 00:14:06] Epoch 05 train batch [860/938] loss=0.1930 avg_loss=0.1709
[2026-06-03 00:14:15] Epoch 05 train batch [880/938] loss=0.1619 avg_loss=0.1709
[2026-06-03 00:14:25] Epoch 05 train batch [900/938] loss=0.1179 avg_loss=0.1713
[2026-06-03 00:14:32] Epoch 05 train batch [920/938] loss=0.1739 avg_loss=0.1713
[2026-06-03 00:14:39] Epoch 05 train batch [938/938] loss=0.1413 avg_loss=0.1715
[2026-06-03 00:14:39] Epoch 05 training completed. Computing validation loss.
[2026-06-03 00:15:23] Epoch 05 validation loss completed: 0.1895. Computing detection metrics.
[2026-06-03 00:16:08] Epoch 05 metrics computed. Saving artifacts.
[2026-06-03 00:16:09] Epoch 05 improved mAP@0.5 to 0.7067. Saved best checkpoint: best_model-20260602-233313.pth.
Epoch [05/30]
├── Train Loss : 0.1715
│   ├── loss_classifier  : 0.0581
│   ├── loss_box_reg     : 0.1010
│   ├── loss_objectness  : 0.0067
│   └── loss_rpn_box_reg : 0.0058
├── Val Loss   : 0.1895
├── mAP@0.5    : 0.7067
├── mAP@0.75   : 0.3508
├── mAP@0.5:0.95 : 0.3752
├── Precision  : 0.5617
├── Recall     : 0.8041
├── GT Boxes   : 2021
├── Predictions: 2893
├── Per-class AP
│   ├── person  : AP50=0.8230, AP75=0.4012, AP50:95=0.4331, P=0.5917, R=0.8743
│   ├── car     : AP50=0.6650, AP75=0.3673, AP50:95=0.3594, P=0.5438, R=0.7244
│   ├── dog     : AP50=0.6889, AP75=0.3589, AP50:95=0.3855, P=0.8066, R=0.7087
│   ├── cat     : AP50=0.8603, AP75=0.4745, AP50:95=0.4811, P=0.5925, R=0.8920
│   └── chair   : AP50=0.4964, AP75=0.1520, AP50:95=0.2170, P=0.3685, R=0.6312
├── LR         : 0.005000
└── Time       : 527.7s
[2026-06-03 00:16:09] Epoch [05/30] completed.
[2026-06-03 00:16:09] Epoch [06/30] started.
[2026-06-03 00:16:19] Epoch 06 train batch [20/938] loss=0.1468 avg_loss=0.1460
[2026-06-03 00:16:29] Epoch 06 train batch [40/938] loss=0.0539 avg_loss=0.1571
[2026-06-03 00:16:38] Epoch 06 train batch [60/938] loss=0.1953 avg_loss=0.1623
[2026-06-03 00:16:47] Epoch 06 train batch [80/938] loss=0.2359 avg_loss=0.1600
[2026-06-03 00:16:56] Epoch 06 train batch [100/938] loss=0.0854 avg_loss=0.1570
[2026-06-03 00:17:06] Epoch 06 train batch [120/938] loss=0.2716 avg_loss=0.1617
[2026-06-03 00:17:15] Epoch 06 train batch [140/938] loss=0.1164 avg_loss=0.1637
[2026-06-03 00:17:24] Epoch 06 train batch [160/938] loss=0.1665 avg_loss=0.1649
[2026-06-03 00:17:34] Epoch 06 train batch [180/938] loss=0.2676 avg_loss=0.1642
[2026-06-03 00:17:43] Epoch 06 train batch [200/938] loss=0.0756 avg_loss=0.1654
[2026-06-03 00:17:53] Epoch 06 train batch [220/938] loss=0.1757 avg_loss=0.1662
[2026-06-03 00:18:02] Epoch 06 train batch [240/938] loss=0.1995 avg_loss=0.1659
[2026-06-03 00:18:11] Epoch 06 train batch [260/938] loss=0.3820 avg_loss=0.1676
[2026-06-03 00:18:21] Epoch 06 train batch [280/938] loss=0.1281 avg_loss=0.1689
[2026-06-03 00:18:30] Epoch 06 train batch [300/938] loss=0.1771 avg_loss=0.1678
[2026-06-03 00:18:40] Epoch 06 train batch [320/938] loss=0.1065 avg_loss=0.1669
[2026-06-03 00:18:49] Epoch 06 train batch [340/938] loss=0.2970 avg_loss=0.1674
[2026-06-03 00:18:58] Epoch 06 train batch [360/938] loss=0.1586 avg_loss=0.1663
[2026-06-03 00:19:08] Epoch 06 train batch [380/938] loss=0.1979 avg_loss=0.1656
[2026-06-03 00:19:17] Epoch 06 train batch [400/938] loss=0.0777 avg_loss=0.1656
[2026-06-03 00:19:26] Epoch 06 train batch [420/938] loss=0.1162 avg_loss=0.1653
[2026-06-03 00:19:36] Epoch 06 train batch [440/938] loss=0.1280 avg_loss=0.1651
[2026-06-03 00:19:45] Epoch 06 train batch [460/938] loss=0.2179 avg_loss=0.1657
[2026-06-03 00:19:54] Epoch 06 train batch [480/938] loss=0.0930 avg_loss=0.1645
[2026-06-03 00:20:03] Epoch 06 train batch [500/938] loss=0.1271 avg_loss=0.1634
[2026-06-03 00:20:12] Epoch 06 train batch [520/938] loss=0.0729 avg_loss=0.1631
[2026-06-03 00:20:22] Epoch 06 train batch [540/938] loss=0.1663 avg_loss=0.1631
[2026-06-03 00:20:31] Epoch 06 train batch [560/938] loss=0.2473 avg_loss=0.1637
[2026-06-03 00:20:41] Epoch 06 train batch [580/938] loss=0.1563 avg_loss=0.1632
[2026-06-03 00:20:50] Epoch 06 train batch [600/938] loss=0.1672 avg_loss=0.1643
[2026-06-03 00:21:00] Epoch 06 train batch [620/938] loss=0.1049 avg_loss=0.1631
[2026-06-03 00:21:09] Epoch 06 train batch [640/938] loss=0.1783 avg_loss=0.1632
[2026-06-03 00:21:19] Epoch 06 train batch [660/938] loss=0.2952 avg_loss=0.1646
[2026-06-03 00:21:28] Epoch 06 train batch [680/938] loss=0.2619 avg_loss=0.1647
[2026-06-03 00:21:38] Epoch 06 train batch [700/938] loss=0.1918 avg_loss=0.1651
[2026-06-03 00:21:48] Epoch 06 train batch [720/938] loss=0.1345 avg_loss=0.1647
[2026-06-03 00:21:57] Epoch 06 train batch [740/938] loss=0.1283 avg_loss=0.1644
[2026-06-03 00:22:06] Epoch 06 train batch [760/938] loss=0.2252 avg_loss=0.1642
[2026-06-03 00:22:16] Epoch 06 train batch [780/938] loss=0.1302 avg_loss=0.1637
[2026-06-03 00:22:25] Epoch 06 train batch [800/938] loss=0.0765 avg_loss=0.1636
[2026-06-03 00:22:35] Epoch 06 train batch [820/938] loss=0.1538 avg_loss=0.1636
[2026-06-03 00:22:44] Epoch 06 train batch [840/938] loss=0.1203 avg_loss=0.1633
[2026-06-03 00:22:54] Epoch 06 train batch [860/938] loss=0.1416 avg_loss=0.1633
[2026-06-03 00:23:03] Epoch 06 train batch [880/938] loss=0.1369 avg_loss=0.1628
[2026-06-03 00:23:12] Epoch 06 train batch [900/938] loss=0.1135 avg_loss=0.1628
[2026-06-03 00:23:22] Epoch 06 train batch [920/938] loss=0.1763 avg_loss=0.1629
[2026-06-03 00:23:28] Epoch 06 train batch [938/938] loss=0.2099 avg_loss=0.1630
[2026-06-03 00:23:28] Epoch 06 training completed. Computing validation loss.
[2026-06-03 00:24:12] Epoch 06 validation loss completed: 0.1820. Computing detection metrics.
[2026-06-03 00:24:58] Epoch 06 metrics computed. Saving artifacts.
[2026-06-03 00:24:59] Epoch 06 improved mAP@0.5 to 0.7369. Saved best checkpoint: best_model-20260602-233313.pth.
Epoch [06/30]
├── Train Loss : 0.1630
│   ├── loss_classifier  : 0.0546
│   ├── loss_box_reg     : 0.0969
│   ├── loss_objectness  : 0.0059
│   └── loss_rpn_box_reg : 0.0055
├── Val Loss   : 0.1820
├── mAP@0.5    : 0.7369
├── mAP@0.75   : 0.3773
├── mAP@0.5:0.95 : 0.3913
├── Precision  : 0.5030
├── Recall     : 0.8367
├── GT Boxes   : 2021
├── Predictions: 3362
├── Per-class AP
│   ├── person  : AP50=0.8056, AP75=0.4315, AP50:95=0.4392, P=0.5701, R=0.8631
│   ├── car     : AP50=0.7328, AP75=0.4076, AP50:95=0.3887, P=0.3681, R=0.8481
│   ├── dog     : AP50=0.7943, AP75=0.4830, AP50:95=0.4566, P=0.6179, R=0.8398
│   ├── cat     : AP50=0.8458, AP75=0.3966, AP50:95=0.4356, P=0.7051, R=0.8693
│   └── chair   : AP50=0.5060, AP75=0.1678, AP50:95=0.2364, P=0.3373, R=0.7021
├── LR         : 0.005000
└── Time       : 528.2s
[2026-06-03 00:24:59] Epoch [06/30] completed.
[2026-06-03 00:24:59] Epoch [07/30] started.
[2026-06-03 00:25:09] Epoch 07 train batch [20/938] loss=0.1467 avg_loss=0.1706
[2026-06-03 00:25:18] Epoch 07 train batch [40/938] loss=0.1295 avg_loss=0.1648
[2026-06-03 00:25:28] Epoch 07 train batch [60/938] loss=0.1253 avg_loss=0.1528
[2026-06-03 00:25:37] Epoch 07 train batch [80/938] loss=0.0935 avg_loss=0.1458
[2026-06-03 00:25:49] Epoch 07 train batch [100/938] loss=0.1331 avg_loss=0.1461
========== Training Session ==========
Started: 20260603-004014
Run name: 00_no_augmentation
Device: cuda:1
CUDA: NVIDIA GeForce RTX 4090 (47.38 GB)
Torch: 2.7.1+cu126
Classes: person, car, dog, cat, chair
Train dataset: 7500 images, 10642 boxes, 2500 empty images
Val dataset: 1500 images, 2021 boxes, 500 empty images
Train class counts: {'dog': 1028, 'person': 5829, 'chair': 1613, 'cat': 833, 'car': 1339}
Val class counts: {'dog': 206, 'chair': 282, 'person': 1074, 'car': 283, 'cat': 176}
Model: Faster R-CNN resnet50 FPN (41,097,261/41,319,661 trainable/total params)
Hyperparams: epochs=30, batch_size=4, lr=0.005, lr_milestones=[15, 25], lr_gamma=0.1, backbone=resnet50, min_size=512, max_size=768, score_threshold=0.5, augmentation=False, early_stopping=False, early_stopping_patience=7, early_stopping_min_delta=0.001, num_workers=2, log_interval=20
Saved results dir: saved_results/augmentation_ablation/00_no_augmentation
Checkpoint dir: saved_results/augmentation_ablation/00_no_augmentation/checkpoints
Best checkpoint: saved_results/augmentation_ablation/00_no_augmentation/checkpoints/best_model-20260603-004014.pth
Last checkpoint: saved_results/augmentation_ablation/00_no_augmentation/checkpoints/last_model-20260603-004014.pth
Log dir: saved_results/augmentation_ablation/00_no_augmentation/logs
=====================================
[2026-06-03 00:40:15] Training session initialized.
[2026-06-03 00:40:17] Epoch [01/30] started.
[2026-06-03 00:40:22] Epoch 01 train batch [20/1875] loss=0.1672 avg_loss=0.6378
[2026-06-03 00:40:26] Epoch 01 train batch [40/1875] loss=0.3878 avg_loss=0.5117
[2026-06-03 00:40:30] Epoch 01 train batch [60/1875] loss=0.0901 avg_loss=0.4362
========== Training Session ==========
Started: 20260603-004045
Run name: 00_no_augmentation
Device: cuda:1
CUDA: NVIDIA GeForce RTX 4090 (47.38 GB)
Torch: 2.7.1+cu126
Classes: person, car, dog, cat, chair
Train dataset: 7500 images, 10642 boxes, 2500 empty images
Val dataset: 1500 images, 2021 boxes, 500 empty images
Train class counts: {'dog': 1028, 'person': 5829, 'chair': 1613, 'cat': 833, 'car': 1339}
Val class counts: {'dog': 206, 'chair': 282, 'person': 1074, 'car': 283, 'cat': 176}
Model: Faster R-CNN resnet50 FPN (41,097,261/41,319,661 trainable/total params)
Hyperparams: epochs=30, batch_size=4, lr=0.005, lr_milestones=[15, 25], lr_gamma=0.1, backbone=resnet50, min_size=512, max_size=768, score_threshold=0.5, augmentation=False, early_stopping=False, early_stopping_patience=7, early_stopping_min_delta=0.001, num_workers=2, log_interval=20
Saved results dir: saved_results/augmentation_ablation/00_no_augmentation
Checkpoint dir: saved_results/augmentation_ablation/00_no_augmentation/checkpoints
Best checkpoint: saved_results/augmentation_ablation/00_no_augmentation/checkpoints/best_model-20260603-004045.pth
Last checkpoint: saved_results/augmentation_ablation/00_no_augmentation/checkpoints/last_model-20260603-004045.pth
Log dir: saved_results/augmentation_ablation/00_no_augmentation/logs
=====================================
[2026-06-03 00:40:46] Training session initialized.
[2026-06-03 00:40:48] Epoch [01/30] started.
[2026-06-03 00:40:53] Epoch 01 train batch [20/1875] loss=0.6692 avg_loss=0.6228
[2026-06-03 00:40:57] Epoch 01 train batch [40/1875] loss=0.1502 avg_loss=0.5805
[2026-06-03 00:41:01] Epoch 01 train batch [60/1875] loss=0.1406 avg_loss=0.4760
[2026-06-03 00:41:05] Epoch 01 train batch [80/1875] loss=0.2045 avg_loss=0.4406
[2026-06-03 00:41:10] Epoch 01 train batch [100/1875] loss=0.0880 avg_loss=0.4221
[2026-06-03 00:41:14] Epoch 01 train batch [120/1875] loss=0.3563 avg_loss=0.4039
[2026-06-03 00:41:18] Epoch 01 train batch [140/1875] loss=0.3179 avg_loss=0.3909
[2026-06-03 00:41:22] Epoch 01 train batch [160/1875] loss=0.9427 avg_loss=0.3813
[2026-06-03 00:41:26] Epoch 01 train batch [180/1875] loss=0.2880 avg_loss=0.3721
========== Training Session ==========
Started: 20260603-004138
Run name: 00_no_augmentation
Device: cuda:1
CUDA: NVIDIA GeForce RTX 4090 (47.38 GB)
Torch: 2.7.1+cu126
Classes: person, car, dog, cat, chair
Train dataset: 7500 images, 10642 boxes, 2500 empty images
Val dataset: 1500 images, 2021 boxes, 500 empty images
Train class counts: {'dog': 1028, 'person': 5829, 'chair': 1613, 'cat': 833, 'car': 1339}
Val class counts: {'dog': 206, 'chair': 282, 'person': 1074, 'car': 283, 'cat': 176}
Model: Faster R-CNN resnet50 FPN (41,097,261/41,319,661 trainable/total params)
Hyperparams: epochs=30, batch_size=4, lr=0.005, lr_milestones=[15, 25], lr_gamma=0.1, backbone=resnet50, min_size=512, max_size=768, score_threshold=0.5, augmentation=False, early_stopping=True, early_stopping_patience=7, early_stopping_min_delta=0.001, num_workers=2, log_interval=20
Saved results dir: saved_results/augmentation_ablation/00_no_augmentation
Checkpoint dir: saved_results/augmentation_ablation/00_no_augmentation/checkpoints
Best checkpoint: saved_results/augmentation_ablation/00_no_augmentation/checkpoints/best_model-20260603-004138.pth
Last checkpoint: saved_results/augmentation_ablation/00_no_augmentation/checkpoints/last_model-20260603-004138.pth
Log dir: saved_results/augmentation_ablation/00_no_augmentation/logs
=====================================
[2026-06-03 00:41:39] Training session initialized.
[2026-06-03 00:41:40] Epoch [01/30] started.
[2026-06-03 00:41:45] Epoch 01 train batch [20/1875] loss=0.2832 avg_loss=0.7012
[2026-06-03 00:41:50] Epoch 01 train batch [40/1875] loss=0.2151 avg_loss=0.4794
[2026-06-03 00:41:54] Epoch 01 train batch [60/1875] loss=0.2754 avg_loss=0.4169
[2026-06-03 00:41:58] Epoch 01 train batch [80/1875] loss=0.1373 avg_loss=0.3761
[2026-06-03 00:42:02] Epoch 01 train batch [100/1875] loss=0.7824 avg_loss=0.3519
[2026-06-03 00:42:07] Epoch 01 train batch [120/1875] loss=0.2082 avg_loss=0.3464
[2026-06-03 00:42:11] Epoch 01 train batch [140/1875] loss=0.0901 avg_loss=0.3353
[2026-06-03 00:42:15] Epoch 01 train batch [160/1875] loss=0.3959 avg_loss=0.3391
[2026-06-03 00:42:19] Epoch 01 train batch [180/1875] loss=0.1742 avg_loss=0.3317
[2026-06-03 00:42:23] Epoch 01 train batch [200/1875] loss=0.1422 avg_loss=0.3223
[2026-06-03 00:42:27] Epoch 01 train batch [220/1875] loss=0.2253 avg_loss=0.3197
[2026-06-03 00:42:31] Epoch 01 train batch [240/1875] loss=0.0132 avg_loss=0.3127
[2026-06-03 00:42:36] Epoch 01 train batch [260/1875] loss=0.2365 avg_loss=0.3113
[2026-06-03 00:42:40] Epoch 01 train batch [280/1875] loss=0.4167 avg_loss=0.3058
[2026-06-03 00:42:44] Epoch 01 train batch [300/1875] loss=0.2824 avg_loss=0.3018
[2026-06-03 00:42:48] Epoch 01 train batch [320/1875] loss=0.8951 avg_loss=0.2970
[2026-06-03 00:42:52] Epoch 01 train batch [340/1875] loss=0.3057 avg_loss=0.2987
[2026-06-03 00:42:57] Epoch 01 train batch [360/1875] loss=0.2008 avg_loss=0.2969
[2026-06-03 00:43:01] Epoch 01 train batch [380/1875] loss=0.1273 avg_loss=0.2919
[2026-06-03 00:43:05] Epoch 01 train batch [400/1875] loss=0.2340 avg_loss=0.2884
[2026-06-03 00:43:09] Epoch 01 train batch [420/1875] loss=0.3375 avg_loss=0.2899
[2026-06-03 00:43:14] Epoch 01 train batch [440/1875] loss=0.0914 avg_loss=0.2907
[2026-06-03 00:43:18] Epoch 01 train batch [460/1875] loss=0.0959 avg_loss=0.2888
[2026-06-03 00:43:22] Epoch 01 train batch [480/1875] loss=0.0162 avg_loss=0.2878
[2026-06-03 00:43:26] Epoch 01 train batch [500/1875] loss=0.3082 avg_loss=0.2880
[2026-06-03 00:43:30] Epoch 01 train batch [520/1875] loss=0.3407 avg_loss=0.2858
[2026-06-03 00:43:35] Epoch 01 train batch [540/1875] loss=0.2282 avg_loss=0.2836
[2026-06-03 00:43:37] Epoch 01 train batch [560/1875] loss=0.2112 avg_loss=0.2815
[2026-06-03 00:43:39] Epoch 01 train batch [580/1875] loss=0.4743 avg_loss=0.2794
[2026-06-03 00:43:41] Epoch 01 train batch [600/1875] loss=0.1138 avg_loss=0.2758
[2026-06-03 00:43:42] Epoch 01 train batch [620/1875] loss=0.2088 avg_loss=0.2760
[2026-06-03 00:43:44] Epoch 01 train batch [640/1875] loss=0.3646 avg_loss=0.2743
[2026-06-03 00:43:46] Epoch 01 train batch [660/1875] loss=0.8190 avg_loss=0.2736
[2026-06-03 00:43:48] Epoch 01 train batch [680/1875] loss=0.1826 avg_loss=0.2725
[2026-06-03 00:43:52] Epoch 01 train batch [700/1875] loss=0.2322 avg_loss=0.2720
[2026-06-03 00:43:56] Epoch 01 train batch [720/1875] loss=0.3353 avg_loss=0.2698
[2026-06-03 00:44:00] Epoch 01 train batch [740/1875] loss=0.2562 avg_loss=0.2684
[2026-06-03 00:44:04] Epoch 01 train batch [760/1875] loss=0.2040 avg_loss=0.2671
========== Training Session ==========
Started: 20260603-004418
Run name: 00_no_augmentation
Device: cuda:1
CUDA: NVIDIA GeForce RTX 4090 (47.38 GB)
Torch: 2.7.1+cu126
Classes: person, car, dog, cat, chair
Train dataset: 7500 images, 10642 boxes, 2500 empty images
Val dataset: 1500 images, 2021 boxes, 500 empty images
Train class counts: {'dog': 1028, 'person': 5829, 'chair': 1613, 'cat': 833, 'car': 1339}
Val class counts: {'dog': 206, 'chair': 282, 'person': 1074, 'car': 283, 'cat': 176}
Model: Faster R-CNN resnet50 FPN (41,097,261/41,319,661 trainable/total params)
Hyperparams: epochs=30, batch_size=4, lr=0.001, lr_milestones=[15, 25], lr_gamma=0.1, backbone=resnet50, min_size=512, max_size=768, score_threshold=0.5, augmentation=False, early_stopping=True, early_stopping_patience=7, early_stopping_min_delta=0.001, num_workers=2, log_interval=20
Saved results dir: saved_results/augmentation_ablation/00_no_augmentation
Checkpoint dir: saved_results/augmentation_ablation/00_no_augmentation/checkpoints
Best checkpoint: saved_results/augmentation_ablation/00_no_augmentation/checkpoints/best_model-20260603-004418.pth
Last checkpoint: saved_results/augmentation_ablation/00_no_augmentation/checkpoints/last_model-20260603-004418.pth
Log dir: saved_results/augmentation_ablation/00_no_augmentation/logs
=====================================
[2026-06-03 00:44:19] Training session initialized.
[2026-06-03 00:44:20] Epoch [01/30] started.
[2026-06-03 00:44:25] Epoch 01 train batch [20/1875] loss=0.2505 avg_loss=0.8124
[2026-06-03 00:44:29] Epoch 01 train batch [40/1875] loss=0.8344 avg_loss=0.6101
[2026-06-03 00:44:33] Epoch 01 train batch [60/1875] loss=0.2959 avg_loss=0.5145
[2026-06-03 00:44:37] Epoch 01 train batch [80/1875] loss=0.4378 avg_loss=0.4598
[2026-06-03 00:44:41] Epoch 01 train batch [100/1875] loss=0.1991 avg_loss=0.4126
[2026-06-03 00:44:46] Epoch 01 train batch [120/1875] loss=0.5121 avg_loss=0.4035
[2026-06-03 00:44:50] Epoch 01 train batch [140/1875] loss=0.4615 avg_loss=0.3972
[2026-06-03 00:44:54] Epoch 01 train batch [160/1875] loss=0.3075 avg_loss=0.3779
[2026-06-03 00:44:59] Epoch 01 train batch [180/1875] loss=0.3938 avg_loss=0.3633
[2026-06-03 00:45:03] Epoch 01 train batch [200/1875] loss=0.3775 avg_loss=0.3594
[2026-06-03 00:45:07] Epoch 01 train batch [220/1875] loss=0.3760 avg_loss=0.3510
[2026-06-03 00:45:11] Epoch 01 train batch [240/1875] loss=0.3569 avg_loss=0.3431
[2026-06-03 00:45:15] Epoch 01 train batch [260/1875] loss=0.4923 avg_loss=0.3410
[2026-06-03 00:45:19] Epoch 01 train batch [280/1875] loss=0.1113 avg_loss=0.3350
[2026-06-03 00:45:23] Epoch 01 train batch [300/1875] loss=0.3853 avg_loss=0.3330
[2026-06-03 00:45:28] Epoch 01 train batch [320/1875] loss=0.2125 avg_loss=0.3337
[2026-06-03 00:45:32] Epoch 01 train batch [340/1875] loss=0.1194 avg_loss=0.3280
[2026-06-03 00:45:36] Epoch 01 train batch [360/1875] loss=0.0707 avg_loss=0.3266
[2026-06-03 00:45:40] Epoch 01 train batch [380/1875] loss=0.4675 avg_loss=0.3255
[2026-06-03 00:45:44] Epoch 01 train batch [400/1875] loss=0.3892 avg_loss=0.3253
[2026-06-03 00:45:49] Epoch 01 train batch [420/1875] loss=0.0699 avg_loss=0.3245
[2026-06-03 00:45:53] Epoch 01 train batch [440/1875] loss=0.6059 avg_loss=0.3244
[2026-06-03 00:45:57] Epoch 01 train batch [460/1875] loss=0.3353 avg_loss=0.3234
[2026-06-03 00:46:01] Epoch 01 train batch [480/1875] loss=0.0656 avg_loss=0.3214
[2026-06-03 00:46:05] Epoch 01 train batch [500/1875] loss=0.0985 avg_loss=0.3198
[2026-06-03 00:46:09] Epoch 01 train batch [520/1875] loss=0.2042 avg_loss=0.3180
[2026-06-03 00:46:14] Epoch 01 train batch [540/1875] loss=0.3012 avg_loss=0.3158
[2026-06-03 00:46:18] Epoch 01 train batch [560/1875] loss=0.5256 avg_loss=0.3134
[2026-06-03 00:46:20] Epoch 01 train batch [580/1875] loss=0.2113 avg_loss=0.3126
[2026-06-03 00:46:22] Epoch 01 train batch [600/1875] loss=0.1063 avg_loss=0.3083
[2026-06-03 00:46:24] Epoch 01 train batch [620/1875] loss=0.4690 avg_loss=0.3092
[2026-06-03 00:46:25] Epoch 01 train batch [640/1875] loss=0.3963 avg_loss=0.3085
[2026-06-03 00:46:27] Epoch 01 train batch [660/1875] loss=0.2248 avg_loss=0.3065
[2026-06-03 00:46:29] Epoch 01 train batch [680/1875] loss=0.1402 avg_loss=0.3068
[2026-06-03 00:46:31] Epoch 01 train batch [700/1875] loss=0.2600 avg_loss=0.3057
[2026-06-03 00:46:32] Epoch 01 train batch [720/1875] loss=0.2391 avg_loss=0.3054
[2026-06-03 00:46:34] Epoch 01 train batch [740/1875] loss=0.3074 avg_loss=0.3042
[2026-06-03 00:46:36] Epoch 01 train batch [760/1875] loss=0.5927 avg_loss=0.3026
[2026-06-03 00:46:38] Epoch 01 train batch [780/1875] loss=0.3729 avg_loss=0.3022
[2026-06-03 00:46:39] Epoch 01 train batch [800/1875] loss=0.1553 avg_loss=0.3005
[2026-06-03 00:46:41] Epoch 01 train batch [820/1875] loss=0.1565 avg_loss=0.2990
[2026-06-03 00:46:43] Epoch 01 train batch [840/1875] loss=0.4439 avg_loss=0.3000
[2026-06-03 00:46:45] Epoch 01 train batch [860/1875] loss=0.3559 avg_loss=0.2986
[2026-06-03 00:46:47] Epoch 01 train batch [880/1875] loss=0.2727 avg_loss=0.2976
[2026-06-03 00:46:48] Epoch 01 train batch [900/1875] loss=0.2783 avg_loss=0.2973
[2026-06-03 00:46:50] Epoch 01 train batch [920/1875] loss=0.1941 avg_loss=0.2971
[2026-06-03 00:46:52] Epoch 01 train batch [940/1875] loss=0.4515 avg_loss=0.2971
[2026-06-03 00:46:54] Epoch 01 train batch [960/1875] loss=0.1010 avg_loss=0.2961
[2026-06-03 00:46:55] Epoch 01 train batch [980/1875] loss=0.2645 avg_loss=0.2951
[2026-06-03 00:46:57] Epoch 01 train batch [1000/1875] loss=0.3911 avg_loss=0.2942
[2026-06-03 00:46:59] Epoch 01 train batch [1020/1875] loss=0.4992 avg_loss=0.2933
[2026-06-03 00:47:00] Epoch 01 train batch [1040/1875] loss=0.0511 avg_loss=0.2923
[2026-06-03 00:47:02] Epoch 01 train batch [1060/1875] loss=0.1626 avg_loss=0.2917
[2026-06-03 00:47:04] Epoch 01 train batch [1080/1875] loss=0.2742 avg_loss=0.2917
[2026-06-03 00:47:06] Epoch 01 train batch [1100/1875] loss=0.4262 avg_loss=0.2921
[2026-06-03 00:47:07] Epoch 01 train batch [1120/1875] loss=0.5247 avg_loss=0.2920
[2026-06-03 00:47:09] Epoch 01 train batch [1140/1875] loss=0.0762 avg_loss=0.2915
[2026-06-03 00:47:11] Epoch 01 train batch [1160/1875] loss=0.3708 avg_loss=0.2908
[2026-06-03 00:47:13] Epoch 01 train batch [1180/1875] loss=0.1828 avg_loss=0.2900
[2026-06-03 00:47:14] Epoch 01 train batch [1200/1875] loss=0.3921 avg_loss=0.2893
[2026-06-03 00:47:16] Epoch 01 train batch [1220/1875] loss=0.1053 avg_loss=0.2883
[2026-06-03 00:47:18] Epoch 01 train batch [1240/1875] loss=0.0484 avg_loss=0.2881
[2026-06-03 00:47:20] Epoch 01 train batch [1260/1875] loss=0.0651 avg_loss=0.2872
[2026-06-03 00:47:21] Epoch 01 train batch [1280/1875] loss=0.2191 avg_loss=0.2865
[2026-06-03 00:47:23] Epoch 01 train batch [1300/1875] loss=0.1947 avg_loss=0.2866
[2026-06-03 00:47:25] Epoch 01 train batch [1320/1875] loss=0.0819 avg_loss=0.2857
[2026-06-03 00:47:26] Epoch 01 train batch [1340/1875] loss=0.2427 avg_loss=0.2853
[2026-06-03 00:47:28] Epoch 01 train batch [1360/1875] loss=0.4180 avg_loss=0.2857
[2026-06-03 00:47:30] Epoch 01 train batch [1380/1875] loss=0.3091 avg_loss=0.2861
[2026-06-03 00:47:32] Epoch 01 train batch [1400/1875] loss=0.1221 avg_loss=0.2855
[2026-06-03 00:47:36] Epoch 01 train batch [1420/1875] loss=0.4283 avg_loss=0.2854
[2026-06-03 00:47:40] Epoch 01 train batch [1440/1875] loss=0.2114 avg_loss=0.2853
[2026-06-03 00:47:44] Epoch 01 train batch [1460/1875] loss=0.2426 avg_loss=0.2846
[2026-06-03 00:47:48] Epoch 01 train batch [1480/1875] loss=0.2540 avg_loss=0.2845
[2026-06-03 00:47:52] Epoch 01 train batch [1500/1875] loss=0.2013 avg_loss=0.2839
[2026-06-03 00:47:56] Epoch 01 train batch [1520/1875] loss=0.0905 avg_loss=0.2829
[2026-06-03 00:48:01] Epoch 01 train batch [1540/1875] loss=0.5341 avg_loss=0.2826
[2026-06-03 00:48:05] Epoch 01 train batch [1560/1875] loss=0.2599 avg_loss=0.2821
[2026-06-03 00:48:09] Epoch 01 train batch [1580/1875] loss=0.2789 avg_loss=0.2812
[2026-06-03 00:48:13] Epoch 01 train batch [1600/1875] loss=0.1776 avg_loss=0.2807
[2026-06-03 00:48:18] Epoch 01 train batch [1620/1875] loss=0.0516 avg_loss=0.2807
[2026-06-03 00:48:22] Epoch 01 train batch [1640/1875] loss=0.1191 avg_loss=0.2805
[2026-06-03 00:48:26] Epoch 01 train batch [1660/1875] loss=0.1521 avg_loss=0.2800
[2026-06-03 00:48:30] Epoch 01 train batch [1680/1875] loss=0.0982 avg_loss=0.2786
[2026-06-03 00:48:35] Epoch 01 train batch [1700/1875] loss=0.2984 avg_loss=0.2788
[2026-06-03 00:48:39] Epoch 01 train batch [1720/1875] loss=0.1809 avg_loss=0.2782
[2026-06-03 00:48:44] Epoch 01 train batch [1740/1875] loss=0.0901 avg_loss=0.2778
[2026-06-03 00:48:48] Epoch 01 train batch [1760/1875] loss=0.2873 avg_loss=0.2782
[2026-06-03 00:48:52] Epoch 01 train batch [1780/1875] loss=0.3232 avg_loss=0.2785
[2026-06-03 00:48:56] Epoch 01 train batch [1800/1875] loss=0.3294 avg_loss=0.2779
[2026-06-03 00:49:00] Epoch 01 train batch [1820/1875] loss=0.1823 avg_loss=0.2773
[2026-06-03 00:49:04] Epoch 01 train batch [1840/1875] loss=0.1887 avg_loss=0.2762
[2026-06-03 00:49:09] Epoch 01 train batch [1860/1875] loss=0.1053 avg_loss=0.2760
[2026-06-03 00:49:12] Epoch 01 train batch [1875/1875] loss=0.1273 avg_loss=0.2760
[2026-06-03 00:49:12] Epoch 01 training completed. Computing validation loss.
[2026-06-03 00:50:08] Epoch 01 validation loss completed: 0.2241. Computing detection metrics.
[2026-06-03 00:50:47] Epoch 01 metrics computed. Saving artifacts.
[2026-06-03 00:50:48] Epoch 01 improved mAP@0.5 to 0.1418. Saved best checkpoint: best_model-20260603-004418.pth.
Epoch [01/30]
├── Train Loss : 0.2760
│   ├── loss_classifier  : 0.1128
│   ├── loss_box_reg     : 0.1103
│   ├── loss_objectness  : 0.0429
│   └── loss_rpn_box_reg : 0.0099
├── Val Loss   : 0.2241
├── mAP@0.5    : 0.1418
├── mAP@0.75   : 0.0186
├── mAP@0.5:0.95 : 0.0472
├── Precision  : 0.3151
├── Recall     : 0.4592
├── GT Boxes   : 2021
├── Predictions: 2945
├── Per-class AP
│   ├── person  : AP50=0.5335, AP75=0.0782, AP50:95=0.1866, P=0.3273, R=0.7691
│   ├── car     : AP50=0.0376, AP75=0.0093, AP50:95=0.0114, P=0.5417, R=0.0459
│   ├── dog     : AP50=0.0000, AP75=0.0000, AP50:95=0.0000, P=0.0000, R=0.0000
│   ├── cat     : AP50=0.0000, AP75=0.0000, AP50:95=0.0000, P=0.0000, R=0.0000
│   └── chair   : AP50=0.1378, AP75=0.0056, AP50:95=0.0380, P=0.2242, R=0.3156
├── LR         : 0.001000
└── Time       : 387.2s
[2026-06-03 00:50:48] Epoch [01/30] completed.
[2026-06-03 00:50:48] Epoch [02/30] started.
[2026-06-03 00:50:53] Epoch 02 train batch [20/1875] loss=0.2857 avg_loss=0.2241
[2026-06-03 00:50:57] Epoch 02 train batch [40/1875] loss=0.1031 avg_loss=0.2327
[2026-06-03 00:51:01] Epoch 02 train batch [60/1875] loss=0.1331 avg_loss=0.2179
[2026-06-03 00:51:05] Epoch 02 train batch [80/1875] loss=0.2402 avg_loss=0.2484
[2026-06-03 00:51:09] Epoch 02 train batch [100/1875] loss=0.1466 avg_loss=0.2423
[2026-06-03 00:51:14] Epoch 02 train batch [120/1875] loss=0.0650 avg_loss=0.2350
[2026-06-03 00:51:18] Epoch 02 train batch [140/1875] loss=0.3945 avg_loss=0.2428
[2026-06-03 00:51:22] Epoch 02 train batch [160/1875] loss=0.5145 avg_loss=0.2389
[2026-06-03 00:51:26] Epoch 02 train batch [180/1875] loss=0.1323 avg_loss=0.2354
[2026-06-03 00:51:30] Epoch 02 train batch [200/1875] loss=0.2425 avg_loss=0.2262
[2026-06-03 00:51:34] Epoch 02 train batch [220/1875] loss=0.2292 avg_loss=0.2306
[2026-06-03 00:51:39] Epoch 02 train batch [240/1875] loss=0.2252 avg_loss=0.2330
[2026-06-03 00:51:43] Epoch 02 train batch [260/1875] loss=0.4934 avg_loss=0.2340
[2026-06-03 00:51:47] Epoch 02 train batch [280/1875] loss=0.1830 avg_loss=0.2322
[2026-06-03 00:51:51] Epoch 02 train batch [300/1875] loss=0.0818 avg_loss=0.2280
[2026-06-03 00:51:56] Epoch 02 train batch [320/1875] loss=0.2815 avg_loss=0.2292
[2026-06-03 00:52:00] Epoch 02 train batch [340/1875] loss=0.1991 avg_loss=0.2331
[2026-06-03 00:52:04] Epoch 02 train batch [360/1875] loss=0.0997 avg_loss=0.2330
[2026-06-03 00:52:08] Epoch 02 train batch [380/1875] loss=0.1839 avg_loss=0.2306
[2026-06-03 00:52:13] Epoch 02 train batch [400/1875] loss=0.3827 avg_loss=0.2299
[2026-06-03 00:52:17] Epoch 02 train batch [420/1875] loss=0.2131 avg_loss=0.2327
[2026-06-03 00:52:21] Epoch 02 train batch [440/1875] loss=0.2052 avg_loss=0.2322
[2026-06-03 00:52:25] Epoch 02 train batch [460/1875] loss=0.1141 avg_loss=0.2315
[2026-06-03 00:52:29] Epoch 02 train batch [480/1875] loss=0.4008 avg_loss=0.2319
[2026-06-03 00:52:34] Epoch 02 train batch [500/1875] loss=0.2608 avg_loss=0.2301
[2026-06-03 00:52:38] Epoch 02 train batch [520/1875] loss=0.0728 avg_loss=0.2291
[2026-06-03 00:52:42] Epoch 02 train batch [540/1875] loss=0.4106 avg_loss=0.2283
[2026-06-03 00:52:46] Epoch 02 train batch [560/1875] loss=0.3148 avg_loss=0.2289
[2026-06-03 00:52:50] Epoch 02 train batch [580/1875] loss=0.1273 avg_loss=0.2269
[2026-06-03 00:52:55] Epoch 02 train batch [600/1875] loss=0.4327 avg_loss=0.2283
[2026-06-03 00:52:59] Epoch 02 train batch [620/1875] loss=0.0589 avg_loss=0.2279
[2026-06-03 00:53:03] Epoch 02 train batch [640/1875] loss=0.1539 avg_loss=0.2268
[2026-06-03 00:53:07] Epoch 02 train batch [660/1875] loss=0.3914 avg_loss=0.2256
[2026-06-03 00:53:11] Epoch 02 train batch [680/1875] loss=0.1806 avg_loss=0.2260
[2026-06-03 00:53:15] Epoch 02 train batch [700/1875] loss=0.2319 avg_loss=0.2258
[2026-06-03 00:53:20] Epoch 02 train batch [720/1875] loss=0.2381 avg_loss=0.2247
[2026-06-03 00:53:24] Epoch 02 train batch [740/1875] loss=0.2412 avg_loss=0.2232
[2026-06-03 00:53:28] Epoch 02 train batch [760/1875] loss=0.4784 avg_loss=0.2227
[2026-06-03 00:53:32] Epoch 02 train batch [780/1875] loss=0.4738 avg_loss=0.2222
[2026-06-03 00:53:37] Epoch 02 train batch [800/1875] loss=0.1292 avg_loss=0.2221
[2026-06-03 00:53:41] Epoch 02 train batch [820/1875] loss=0.2519 avg_loss=0.2227
[2026-06-03 00:53:45] Epoch 02 train batch [840/1875] loss=0.1872 avg_loss=0.2225
[2026-06-03 00:53:49] Epoch 02 train batch [860/1875] loss=0.4296 avg_loss=0.2223
[2026-06-03 00:53:53] Epoch 02 train batch [880/1875] loss=0.1535 avg_loss=0.2229
[2026-06-03 00:53:55] Epoch 02 train batch [900/1875] loss=0.0856 avg_loss=0.2220
[2026-06-03 00:53:58] Epoch 02 train batch [920/1875] loss=0.0387 avg_loss=0.2209
[2026-06-03 00:54:01] Epoch 02 train batch [940/1875] loss=0.1189 avg_loss=0.2215
[2026-06-03 00:54:04] Epoch 02 train batch [960/1875] loss=0.1513 avg_loss=0.2214
[2026-06-03 00:54:07] Epoch 02 train batch [980/1875] loss=0.1524 avg_loss=0.2211
[2026-06-03 00:54:10] Epoch 02 train batch [1000/1875] loss=0.2573 avg_loss=0.2214
[2026-06-03 00:54:13] Epoch 02 train batch [1020/1875] loss=0.5458 avg_loss=0.2220
[2026-06-03 00:54:16] Epoch 02 train batch [1040/1875] loss=0.2517 avg_loss=0.2215
[2026-06-03 00:54:19] Epoch 02 train batch [1060/1875] loss=0.2356 avg_loss=0.2202
[2026-06-03 00:54:22] Epoch 02 train batch [1080/1875] loss=0.2833 avg_loss=0.2193
[2026-06-03 00:54:25] Epoch 02 train batch [1100/1875] loss=0.4052 avg_loss=0.2193
[2026-06-03 00:54:28] Epoch 02 train batch [1120/1875] loss=0.7426 avg_loss=0.2205
[2026-06-03 00:54:31] Epoch 02 train batch [1140/1875] loss=0.3392 avg_loss=0.2207
[2026-06-03 00:54:34] Epoch 02 train batch [1160/1875] loss=0.1502 avg_loss=0.2213
[2026-06-03 00:54:37] Epoch 02 train batch [1180/1875] loss=0.1583 avg_loss=0.2212
[2026-06-03 00:54:39] Epoch 02 train batch [1200/1875] loss=0.3987 avg_loss=0.2210
[2026-06-03 00:54:42] Epoch 02 train batch [1220/1875] loss=0.1694 avg_loss=0.2217
[2026-06-03 00:54:45] Epoch 02 train batch [1240/1875] loss=0.1341 avg_loss=0.2219
[2026-06-03 00:54:48] Epoch 02 train batch [1260/1875] loss=0.2636 avg_loss=0.2215
[2026-06-03 00:54:52] Epoch 02 train batch [1280/1875] loss=0.5051 avg_loss=0.2228
[2026-06-03 00:54:55] Epoch 02 train batch [1300/1875] loss=0.6161 avg_loss=0.2227
[2026-06-03 00:54:58] Epoch 02 train batch [1320/1875] loss=0.0641 avg_loss=0.2227
[2026-06-03 00:55:02] Epoch 02 train batch [1340/1875] loss=0.2705 avg_loss=0.2221
[2026-06-03 00:55:05] Epoch 02 train batch [1360/1875] loss=0.1792 avg_loss=0.2220
[2026-06-03 00:55:08] Epoch 02 train batch [1380/1875] loss=0.2993 avg_loss=0.2221
[2026-06-03 00:55:12] Epoch 02 train batch [1400/1875] loss=0.2547 avg_loss=0.2218
[2026-06-03 00:55:15] Epoch 02 train batch [1420/1875] loss=0.2779 avg_loss=0.2216
[2026-06-03 00:55:18] Epoch 02 train batch [1440/1875] loss=0.1140 avg_loss=0.2217
[2026-06-03 00:55:22] Epoch 02 train batch [1460/1875] loss=0.2264 avg_loss=0.2221
[2026-06-03 00:55:25] Epoch 02 train batch [1480/1875] loss=0.1792 avg_loss=0.2226
[2026-06-03 00:55:28] Epoch 02 train batch [1500/1875] loss=0.1623 avg_loss=0.2223
[2026-06-03 00:55:31] Epoch 02 train batch [1520/1875] loss=0.5264 avg_loss=0.2223
[2026-06-03 00:55:34] Epoch 02 train batch [1540/1875] loss=0.3433 avg_loss=0.2222
[2026-06-03 00:55:38] Epoch 02 train batch [1560/1875] loss=0.2484 avg_loss=0.2219
[2026-06-03 00:55:43] Epoch 02 train batch [1580/1875] loss=0.0355 avg_loss=0.2212
[2026-06-03 00:55:47] Epoch 02 train batch [1600/1875] loss=0.1037 avg_loss=0.2209
[2026-06-03 00:55:51] Epoch 02 train batch [1620/1875] loss=0.3703 avg_loss=0.2211
[2026-06-03 00:55:55] Epoch 02 train batch [1640/1875] loss=0.1393 avg_loss=0.2208
[2026-06-03 00:56:00] Epoch 02 train batch [1660/1875] loss=0.2378 avg_loss=0.2212
[2026-06-03 00:56:04] Epoch 02 train batch [1680/1875] loss=0.2239 avg_loss=0.2214
[2026-06-03 00:56:08] Epoch 02 train batch [1700/1875] loss=0.1762 avg_loss=0.2210
[2026-06-03 00:56:12] Epoch 02 train batch [1720/1875] loss=0.1345 avg_loss=0.2208
[2026-06-03 00:56:16] Epoch 02 train batch [1740/1875] loss=0.5193 avg_loss=0.2206
[2026-06-03 00:56:21] Epoch 02 train batch [1760/1875] loss=0.0616 avg_loss=0.2201
[2026-06-03 00:56:25] Epoch 02 train batch [1780/1875] loss=0.2425 avg_loss=0.2199
[2026-06-03 00:56:29] Epoch 02 train batch [1800/1875] loss=0.0699 avg_loss=0.2194
[2026-06-03 00:56:33] Epoch 02 train batch [1820/1875] loss=0.0783 avg_loss=0.2198
[2026-06-03 00:56:37] Epoch 02 train batch [1840/1875] loss=0.3258 avg_loss=0.2202
[2026-06-03 00:56:42] Epoch 02 train batch [1860/1875] loss=0.1781 avg_loss=0.2206
[2026-06-03 00:56:45] Epoch 02 train batch [1875/1875] loss=0.1527 avg_loss=0.2201
[2026-06-03 00:56:45] Epoch 02 training completed. Computing validation loss.
[2026-06-03 00:57:41] Epoch 02 validation loss completed: 0.2163. Computing detection metrics.
[2026-06-03 00:58:20] Epoch 02 metrics computed. Saving artifacts.
[2026-06-03 00:58:22] Epoch 02 improved mAP@0.5 to 0.5159. Saved best checkpoint: best_model-20260603-004418.pth.
Epoch [02/30]
├── Train Loss : 0.2201
│   ├── loss_classifier  : 0.0793
│   ├── loss_box_reg     : 0.1148
│   ├── loss_objectness  : 0.0173
│   └── loss_rpn_box_reg : 0.0087
├── Val Loss   : 0.2163
├── mAP@0.5    : 0.5159
├── mAP@0.75   : 0.1402
├── mAP@0.5:0.95 : 0.2194
├── Precision  : 0.4993
├── Recall     : 0.6645
├── GT Boxes   : 2021
├── Predictions: 2690
├── Per-class AP
│   ├── person  : AP50=0.6539, AP75=0.1989, AP50:95=0.2870, P=0.5288, R=0.7449
│   ├── car     : AP50=0.3776, AP75=0.0688, AP50:95=0.1534, P=0.4803, R=0.4735
│   ├── dog     : AP50=0.5680, AP75=0.1167, AP50:95=0.2263, P=0.5431, R=0.7039
│   ├── cat     : AP50=0.6881, AP75=0.2782, AP50:95=0.3294, P=0.6535, R=0.7500
│   └── chair   : AP50=0.2920, AP75=0.0384, AP50:95=0.1008, P=0.3077, R=0.4681
├── LR         : 0.001000
└── Time       : 452.0s
[2026-06-03 00:58:22] Epoch [02/30] completed.
[2026-06-03 00:58:22] Epoch [03/30] started.
[2026-06-03 00:58:26] Epoch 03 train batch [20/1875] loss=0.0367 avg_loss=0.2307
[2026-06-03 00:58:31] Epoch 03 train batch [40/1875] loss=0.3698 avg_loss=0.2271
[2026-06-03 00:58:35] Epoch 03 train batch [60/1875] loss=0.0328 avg_loss=0.2239
[2026-06-03 00:58:39] Epoch 03 train batch [80/1875] loss=0.0069 avg_loss=0.2280
[2026-06-03 00:58:43] Epoch 03 train batch [100/1875] loss=0.1584 avg_loss=0.2137
[2026-06-03 00:58:47] Epoch 03 train batch [120/1875] loss=0.1028 avg_loss=0.2109
[2026-06-03 00:58:52] Epoch 03 train batch [140/1875] loss=0.5153 avg_loss=0.2148
[2026-06-03 00:58:56] Epoch 03 train batch [160/1875] loss=0.2718 avg_loss=0.2151
[2026-06-03 00:59:00] Epoch 03 train batch [180/1875] loss=0.2063 avg_loss=0.2167
[2026-06-03 00:59:04] Epoch 03 train batch [200/1875] loss=0.4811 avg_loss=0.2182
[2026-06-03 00:59:08] Epoch 03 train batch [220/1875] loss=0.1464 avg_loss=0.2145
[2026-06-03 00:59:12] Epoch 03 train batch [240/1875] loss=0.1695 avg_loss=0.2143
[2026-06-03 00:59:17] Epoch 03 train batch [260/1875] loss=0.0999 avg_loss=0.2143
[2026-06-03 00:59:21] Epoch 03 train batch [280/1875] loss=0.1985 avg_loss=0.2165
[2026-06-03 00:59:25] Epoch 03 train batch [300/1875] loss=0.1418 avg_loss=0.2137
[2026-06-03 00:59:30] Epoch 03 train batch [320/1875] loss=0.0740 avg_loss=0.2105
[2026-06-03 00:59:34] Epoch 03 train batch [340/1875] loss=0.2468 avg_loss=0.2096
[2026-06-03 00:59:38] Epoch 03 train batch [360/1875] loss=0.2721 avg_loss=0.2129
[2026-06-03 00:59:42] Epoch 03 train batch [380/1875] loss=0.4246 avg_loss=0.2144
[2026-06-03 00:59:47] Epoch 03 train batch [400/1875] loss=0.0634 avg_loss=0.2137
[2026-06-03 00:59:51] Epoch 03 train batch [420/1875] loss=0.3190 avg_loss=0.2129
[2026-06-03 00:59:55] Epoch 03 train batch [440/1875] loss=0.2568 avg_loss=0.2118
[2026-06-03 00:59:59] Epoch 03 train batch [460/1875] loss=0.7660 avg_loss=0.2137
[2026-06-03 01:00:03] Epoch 03 train batch [480/1875] loss=0.1327 avg_loss=0.2124
[2026-06-03 01:00:08] Epoch 03 train batch [500/1875] loss=0.1741 avg_loss=0.2128
[2026-06-03 01:00:12] Epoch 03 train batch [520/1875] loss=0.1852 avg_loss=0.2141
[2026-06-03 01:00:16] Epoch 03 train batch [540/1875] loss=0.3731 avg_loss=0.2145
[2026-06-03 01:00:20] Epoch 03 train batch [560/1875] loss=0.1508 avg_loss=0.2135
[2026-06-03 01:00:24] Epoch 03 train batch [580/1875] loss=0.1789 avg_loss=0.2131
[2026-06-03 01:00:28] Epoch 03 train batch [600/1875] loss=0.1312 avg_loss=0.2126
[2026-06-03 01:00:32] Epoch 03 train batch [620/1875] loss=0.1215 avg_loss=0.2118
[2026-06-03 01:00:37] Epoch 03 train batch [640/1875] loss=0.3052 avg_loss=0.2109
[2026-06-03 01:00:41] Epoch 03 train batch [660/1875] loss=0.2075 avg_loss=0.2102
[2026-06-03 01:00:45] Epoch 03 train batch [680/1875] loss=0.2000 avg_loss=0.2099
[2026-06-03 01:00:49] Epoch 03 train batch [700/1875] loss=0.1355 avg_loss=0.2093
[2026-06-03 01:00:54] Epoch 03 train batch [720/1875] loss=0.0621 avg_loss=0.2076
[2026-06-03 01:00:58] Epoch 03 train batch [740/1875] loss=0.1859 avg_loss=0.2076
[2026-06-03 01:01:02] Epoch 03 train batch [760/1875] loss=0.0551 avg_loss=0.2071
[2026-06-03 01:01:07] Epoch 03 train batch [780/1875] loss=0.2884 avg_loss=0.2083
[2026-06-03 01:01:11] Epoch 03 train batch [800/1875] loss=0.1514 avg_loss=0.2079
[2026-06-03 01:01:15] Epoch 03 train batch [820/1875] loss=0.1426 avg_loss=0.2085
[2026-06-03 01:01:19] Epoch 03 train batch [840/1875] loss=0.2006 avg_loss=0.2087
[2026-06-03 01:01:24] Epoch 03 train batch [860/1875] loss=0.1432 avg_loss=0.2077
[2026-06-03 01:01:28] Epoch 03 train batch [880/1875] loss=0.3912 avg_loss=0.2081
[2026-06-03 01:01:32] Epoch 03 train batch [900/1875] loss=0.0298 avg_loss=0.2073
[2026-06-03 01:01:36] Epoch 03 train batch [920/1875] loss=0.3766 avg_loss=0.2077
[2026-06-03 01:01:40] Epoch 03 train batch [940/1875] loss=0.1785 avg_loss=0.2070
[2026-06-03 01:01:45] Epoch 03 train batch [960/1875] loss=0.4068 avg_loss=0.2073
[2026-06-03 01:01:49] Epoch 03 train batch [980/1875] loss=0.5081 avg_loss=0.2068
[2026-06-03 01:01:53] Epoch 03 train batch [1000/1875] loss=0.3187 avg_loss=0.2059
[2026-06-03 01:01:55] Epoch 03 train batch [1020/1875] loss=0.0873 avg_loss=0.2051
[2026-06-03 01:01:58] Epoch 03 train batch [1040/1875] loss=0.2667 avg_loss=0.2047
[2026-06-03 01:02:01] Epoch 03 train batch [1060/1875] loss=0.2033 avg_loss=0.2048
[2026-06-03 01:02:04] Epoch 03 train batch [1080/1875] loss=0.1218 avg_loss=0.2042
[2026-06-03 01:02:07] Epoch 03 train batch [1100/1875] loss=0.0381 avg_loss=0.2046
[2026-06-03 01:02:10] Epoch 03 train batch [1120/1875] loss=0.2240 avg_loss=0.2035
[2026-06-03 01:02:13] Epoch 03 train batch [1140/1875] loss=0.1987 avg_loss=0.2037
[2026-06-03 01:02:16] Epoch 03 train batch [1160/1875] loss=0.1402 avg_loss=0.2036
[2026-06-03 01:02:19] Epoch 03 train batch [1180/1875] loss=0.0890 avg_loss=0.2037
[2026-06-03 01:02:22] Epoch 03 train batch [1200/1875] loss=0.0987 avg_loss=0.2032
[2026-06-03 01:02:25] Epoch 03 train batch [1220/1875] loss=0.1892 avg_loss=0.2037
[2026-06-03 01:02:28] Epoch 03 train batch [1240/1875] loss=0.1250 avg_loss=0.2040
[2026-06-03 01:02:31] Epoch 03 train batch [1260/1875] loss=0.2178 avg_loss=0.2042
[2026-06-03 01:02:34] Epoch 03 train batch [1280/1875] loss=0.1273 avg_loss=0.2040
[2026-06-03 01:02:37] Epoch 03 train batch [1300/1875] loss=0.2616 avg_loss=0.2045
[2026-06-03 01:02:40] Epoch 03 train batch [1320/1875] loss=0.4552 avg_loss=0.2049
[2026-06-03 01:02:42] Epoch 03 train batch [1340/1875] loss=0.2092 avg_loss=0.2051
[2026-06-03 01:02:45] Epoch 03 train batch [1360/1875] loss=0.1637 avg_loss=0.2045
[2026-06-03 01:02:48] Epoch 03 train batch [1380/1875] loss=0.3328 avg_loss=0.2045
[2026-06-03 01:02:52] Epoch 03 train batch [1400/1875] loss=0.1851 avg_loss=0.2048
[2026-06-03 01:02:55] Epoch 03 train batch [1420/1875] loss=0.5928 avg_loss=0.2049
[2026-06-03 01:02:58] Epoch 03 train batch [1440/1875] loss=0.1997 avg_loss=0.2045
[2026-06-03 01:03:02] Epoch 03 train batch [1460/1875] loss=0.1618 avg_loss=0.2044
[2026-06-03 01:03:05] Epoch 03 train batch [1480/1875] loss=0.0257 avg_loss=0.2041
[2026-06-03 01:03:09] Epoch 03 train batch [1500/1875] loss=0.1803 avg_loss=0.2043
[2026-06-03 01:03:12] Epoch 03 train batch [1520/1875] loss=0.4733 avg_loss=0.2045
[2026-06-03 01:03:15] Epoch 03 train batch [1540/1875] loss=0.1628 avg_loss=0.2045
[2026-06-03 01:03:19] Epoch 03 train batch [1560/1875] loss=0.4265 avg_loss=0.2045
[2026-06-03 01:03:22] Epoch 03 train batch [1580/1875] loss=0.1812 avg_loss=0.2045
[2026-06-03 01:03:25] Epoch 03 train batch [1600/1875] loss=0.1375 avg_loss=0.2046
[2026-06-03 01:03:29] Epoch 03 train batch [1620/1875] loss=0.2736 avg_loss=0.2053
[2026-06-03 01:03:31] Epoch 03 train batch [1640/1875] loss=0.2830 avg_loss=0.2056
[2026-06-03 01:03:34] Epoch 03 train batch [1660/1875] loss=0.1495 avg_loss=0.2054
[2026-06-03 01:03:38] Epoch 03 train batch [1680/1875] loss=0.1563 avg_loss=0.2052
[2026-06-03 01:03:43] Epoch 03 train batch [1700/1875] loss=0.1441 avg_loss=0.2051
[2026-06-03 01:03:47] Epoch 03 train batch [1720/1875] loss=0.0831 avg_loss=0.2055
[2026-06-03 01:03:51] Epoch 03 train batch [1740/1875] loss=0.2241 avg_loss=0.2056
[2026-06-03 01:03:55] Epoch 03 train batch [1760/1875] loss=0.1595 avg_loss=0.2057
[2026-06-03 01:04:00] Epoch 03 train batch [1780/1875] loss=0.1873 avg_loss=0.2059
[2026-06-03 01:04:04] Epoch 03 train batch [1800/1875] loss=0.2321 avg_loss=0.2059
[2026-06-03 01:04:08] Epoch 03 train batch [1820/1875] loss=0.1397 avg_loss=0.2058
[2026-06-03 01:04:12] Epoch 03 train batch [1840/1875] loss=0.2430 avg_loss=0.2057
[2026-06-03 01:04:16] Epoch 03 train batch [1860/1875] loss=0.0805 avg_loss=0.2054
[2026-06-03 01:04:20] Epoch 03 train batch [1875/1875] loss=0.2395 avg_loss=0.2052
[2026-06-03 01:04:20] Epoch 03 training completed. Computing validation loss.
[2026-06-03 01:05:16] Epoch 03 validation loss completed: 0.1918. Computing detection metrics.
[2026-06-03 01:05:56] Epoch 03 metrics computed. Saving artifacts.
[2026-06-03 01:05:57] Epoch 03 improved mAP@0.5 to 0.6219. Saved best checkpoint: best_model-20260603-004418.pth.
Epoch [03/30]
├── Train Loss : 0.2052
│   ├── loss_classifier  : 0.0717
│   ├── loss_box_reg     : 0.1128
│   ├── loss_objectness  : 0.0131
│   └── loss_rpn_box_reg : 0.0077
├── Val Loss   : 0.1918
├── mAP@0.5    : 0.6219
├── mAP@0.75   : 0.2083
├── mAP@0.5:0.95 : 0.2886
├── Precision  : 0.4257
├── Recall     : 0.7669
├── GT Boxes   : 2021
├── Predictions: 3641
├── Per-class AP
│   ├── person  : AP50=0.7421, AP75=0.2838, AP50:95=0.3599, P=0.4709, R=0.8277
│   ├── car     : AP50=0.5786, AP75=0.2059, AP50:95=0.2671, P=0.3060, R=0.6996
│   ├── dog     : AP50=0.6506, AP75=0.2276, AP50:95=0.3189, P=0.4938, R=0.7718
│   ├── cat     : AP50=0.7932, AP75=0.2502, AP50:95=0.3617, P=0.5404, R=0.8352
│   └── chair   : AP50=0.3451, AP75=0.0738, AP50:95=0.1355, P=0.3066, R=0.5567
├── LR         : 0.001000
└── Time       : 454.0s
[2026-06-03 01:05:57] Epoch [03/30] completed.
[2026-06-03 01:05:57] Epoch [04/30] started.
[2026-06-03 01:06:02] Epoch 04 train batch [20/1875] loss=0.1424 avg_loss=0.1680
[2026-06-03 01:06:06] Epoch 04 train batch [40/1875] loss=0.4623 avg_loss=0.1785
[2026-06-03 01:06:10] Epoch 04 train batch [60/1875] loss=0.0349 avg_loss=0.1992
[2026-06-03 01:06:14] Epoch 04 train batch [80/1875] loss=0.2363 avg_loss=0.1975
[2026-06-03 01:06:18] Epoch 04 train batch [100/1875] loss=0.4689 avg_loss=0.1950
[2026-06-03 01:06:22] Epoch 04 train batch [120/1875] loss=0.2057 avg_loss=0.1936
[2026-06-03 01:06:27] Epoch 04 train batch [140/1875] loss=0.1135 avg_loss=0.1898
[2026-06-03 01:06:31] Epoch 04 train batch [160/1875] loss=0.1384 avg_loss=0.1892
[2026-06-03 01:06:35] Epoch 04 train batch [180/1875] loss=0.1226 avg_loss=0.1837
[2026-06-03 01:06:39] Epoch 04 train batch [200/1875] loss=0.0493 avg_loss=0.1842
[2026-06-03 01:06:43] Epoch 04 train batch [220/1875] loss=0.2664 avg_loss=0.1855
[2026-06-03 01:06:47] Epoch 04 train batch [240/1875] loss=0.1209 avg_loss=0.1855
[2026-06-03 01:06:51] Epoch 04 train batch [260/1875] loss=0.0219 avg_loss=0.1870
[2026-06-03 01:06:56] Epoch 04 train batch [280/1875] loss=0.3667 avg_loss=0.1894
[2026-06-03 01:07:00] Epoch 04 train batch [300/1875] loss=0.3752 avg_loss=0.1928
[2026-06-03 01:07:04] Epoch 04 train batch [320/1875] loss=0.0275 avg_loss=0.1962
[2026-06-03 01:07:08] Epoch 04 train batch [340/1875] loss=0.3502 avg_loss=0.2018
[2026-06-03 01:07:12] Epoch 04 train batch [360/1875] loss=0.0408 avg_loss=0.1997
[2026-06-03 01:07:17] Epoch 04 train batch [380/1875] loss=0.0798 avg_loss=0.1988
[2026-06-03 01:07:21] Epoch 04 train batch [400/1875] loss=0.3336 avg_loss=0.2000
[2026-06-03 01:07:25] Epoch 04 train batch [420/1875] loss=0.0188 avg_loss=0.1989
[2026-06-03 01:07:29] Epoch 04 train batch [440/1875] loss=0.0025 avg_loss=0.1980
[2026-06-03 01:07:33] Epoch 04 train batch [460/1875] loss=0.4450 avg_loss=0.1991
[2026-06-03 01:07:37] Epoch 04 train batch [480/1875] loss=0.2628 avg_loss=0.1983
[2026-06-03 01:07:41] Epoch 04 train batch [500/1875] loss=0.0183 avg_loss=0.1976
[2026-06-03 01:07:45] Epoch 04 train batch [520/1875] loss=0.1927 avg_loss=0.1969
[2026-06-03 01:07:50] Epoch 04 train batch [540/1875] loss=0.2344 avg_loss=0.1992
[2026-06-03 01:07:54] Epoch 04 train batch [560/1875] loss=0.1925 avg_loss=0.1990
[2026-06-03 01:07:58] Epoch 04 train batch [580/1875] loss=0.0922 avg_loss=0.1996
[2026-06-03 01:08:02] Epoch 04 train batch [600/1875] loss=0.0587 avg_loss=0.1998
[2026-06-03 01:08:06] Epoch 04 train batch [620/1875] loss=0.0368 avg_loss=0.1991
[2026-06-03 01:08:10] Epoch 04 train batch [640/1875] loss=0.2433 avg_loss=0.2004
[2026-06-03 01:08:15] Epoch 04 train batch [660/1875] loss=0.4279 avg_loss=0.1998
[2026-06-03 01:08:19] Epoch 04 train batch [680/1875] loss=0.0246 avg_loss=0.1991
[2026-06-03 01:08:23] Epoch 04 train batch [700/1875] loss=0.2707 avg_loss=0.1980
[2026-06-03 01:08:27] Epoch 04 train batch [720/1875] loss=0.0804 avg_loss=0.1987
[2026-06-03 01:08:31] Epoch 04 train batch [740/1875] loss=0.0945 avg_loss=0.1995
[2026-06-03 01:08:36] Epoch 04 train batch [760/1875] loss=0.4576 avg_loss=0.1994
[2026-06-03 01:08:40] Epoch 04 train batch [780/1875] loss=0.3377 avg_loss=0.2001
[2026-06-03 01:08:44] Epoch 04 train batch [800/1875] loss=0.2042 avg_loss=0.2006
[2026-06-03 01:08:48] Epoch 04 train batch [820/1875] loss=0.3288 avg_loss=0.2008
[2026-06-03 01:08:53] Epoch 04 train batch [840/1875] loss=0.3394 avg_loss=0.2005
[2026-06-03 01:08:57] Epoch 04 train batch [860/1875] loss=0.1886 avg_loss=0.2011
[2026-06-03 01:09:01] Epoch 04 train batch [880/1875] loss=0.1429 avg_loss=0.2014
[2026-06-03 01:09:05] Epoch 04 train batch [900/1875] loss=0.2374 avg_loss=0.2009
[2026-06-03 01:09:09] Epoch 04 train batch [920/1875] loss=0.2232 avg_loss=0.2008
[2026-06-03 01:09:14] Epoch 04 train batch [940/1875] loss=0.0772 avg_loss=0.1999
[2026-06-03 01:09:18] Epoch 04 train batch [960/1875] loss=0.0866 avg_loss=0.2005
[2026-06-03 01:09:22] Epoch 04 train batch [980/1875] loss=0.1711 avg_loss=0.2001
[2026-06-03 01:09:26] Epoch 04 train batch [1000/1875] loss=0.3480 avg_loss=0.2004
[2026-06-03 01:09:31] Epoch 04 train batch [1020/1875] loss=0.4325 avg_loss=0.2006
[2026-06-03 01:09:35] Epoch 04 train batch [1040/1875] loss=0.1484 avg_loss=0.1999
[2026-06-03 01:09:39] Epoch 04 train batch [1060/1875] loss=0.0580 avg_loss=0.1990
[2026-06-03 01:09:43] Epoch 04 train batch [1080/1875] loss=0.0559 avg_loss=0.1981
[2026-06-03 01:09:48] Epoch 04 train batch [1100/1875] loss=0.1428 avg_loss=0.1980
[2026-06-03 01:09:52] Epoch 04 train batch [1120/1875] loss=0.4246 avg_loss=0.1979
[2026-06-03 01:09:55] Epoch 04 train batch [1140/1875] loss=0.1138 avg_loss=0.1974
[2026-06-03 01:09:58] Epoch 04 train batch [1160/1875] loss=0.1292 avg_loss=0.1977
[2026-06-03 01:10:01] Epoch 04 train batch [1180/1875] loss=0.0557 avg_loss=0.1972
[2026-06-03 01:10:04] Epoch 04 train batch [1200/1875] loss=0.2110 avg_loss=0.1973
[2026-06-03 01:10:07] Epoch 04 train batch [1220/1875] loss=0.1704 avg_loss=0.1966
[2026-06-03 01:10:10] Epoch 04 train batch [1240/1875] loss=0.3428 avg_loss=0.1971
[2026-06-03 01:10:13] Epoch 04 train batch [1260/1875] loss=0.1527 avg_loss=0.1964
[2026-06-03 01:10:16] Epoch 04 train batch [1280/1875] loss=0.2120 avg_loss=0.1964
[2026-06-03 01:10:19] Epoch 04 train batch [1300/1875] loss=0.1145 avg_loss=0.1964
[2026-06-03 01:10:22] Epoch 04 train batch [1320/1875] loss=0.0558 avg_loss=0.1956
[2026-06-03 01:10:25] Epoch 04 train batch [1340/1875] loss=0.2635 avg_loss=0.1958
[2026-06-03 01:10:28] Epoch 04 train batch [1360/1875] loss=0.0931 avg_loss=0.1957
[2026-06-03 01:10:31] Epoch 04 train batch [1380/1875] loss=0.1074 avg_loss=0.1952
[2026-06-03 01:10:34] Epoch 04 train batch [1400/1875] loss=0.1935 avg_loss=0.1955
[2026-06-03 01:10:37] Epoch 04 train batch [1420/1875] loss=0.1542 avg_loss=0.1953
[2026-06-03 01:10:40] Epoch 04 train batch [1440/1875] loss=0.4271 avg_loss=0.1954
[2026-06-03 01:10:43] Epoch 04 train batch [1460/1875] loss=0.0308 avg_loss=0.1947
[2026-06-03 01:10:45] Epoch 04 train batch [1480/1875] loss=0.1098 avg_loss=0.1946
[2026-06-03 01:10:48] Epoch 04 train batch [1500/1875] loss=0.0697 avg_loss=0.1948
[2026-06-03 01:10:51] Epoch 04 train batch [1520/1875] loss=0.2236 avg_loss=0.1954
[2026-06-03 01:10:55] Epoch 04 train batch [1540/1875] loss=0.0853 avg_loss=0.1951
[2026-06-03 01:10:58] Epoch 04 train batch [1560/1875] loss=0.3220 avg_loss=0.1954
[2026-06-03 01:11:02] Epoch 04 train batch [1580/1875] loss=0.1727 avg_loss=0.1956
[2026-06-03 01:11:05] Epoch 04 train batch [1600/1875] loss=0.2248 avg_loss=0.1961
[2026-06-03 01:11:09] Epoch 04 train batch [1620/1875] loss=0.1605 avg_loss=0.1960
[2026-06-03 01:11:12] Epoch 04 train batch [1640/1875] loss=0.1329 avg_loss=0.1958
[2026-06-03 01:11:16] Epoch 04 train batch [1660/1875] loss=0.1357 avg_loss=0.1961
[2026-06-03 01:11:19] Epoch 04 train batch [1680/1875] loss=0.0542 avg_loss=0.1965
[2026-06-03 01:11:22] Epoch 04 train batch [1700/1875] loss=0.1184 avg_loss=0.1967
[2026-06-03 01:11:26] Epoch 04 train batch [1720/1875] loss=0.2651 avg_loss=0.1973
[2026-06-03 01:11:29] Epoch 04 train batch [1740/1875] loss=0.1457 avg_loss=0.1970
[2026-06-03 01:11:33] Epoch 04 train batch [1760/1875] loss=0.1250 avg_loss=0.1972
[2026-06-03 01:11:35] Epoch 04 train batch [1780/1875] loss=0.1332 avg_loss=0.1973
[2026-06-03 01:11:38] Epoch 04 train batch [1800/1875] loss=0.3340 avg_loss=0.1976
[2026-06-03 01:11:43] Epoch 04 train batch [1820/1875] loss=0.0820 avg_loss=0.1974
[2026-06-03 01:11:47] Epoch 04 train batch [1840/1875] loss=0.3230 avg_loss=0.1974
[2026-06-03 01:11:51] Epoch 04 train batch [1860/1875] loss=0.0666 avg_loss=0.1971
[2026-06-03 01:11:54] Epoch 04 train batch [1875/1875] loss=0.2157 avg_loss=0.1968
[2026-06-03 01:11:54] Epoch 04 training completed. Computing validation loss.
[2026-06-03 01:12:51] Epoch 04 validation loss completed: 0.1952. Computing detection metrics.
[2026-06-03 01:13:30] Epoch 04 metrics computed. Saving artifacts.
[2026-06-03 01:13:31] Epoch 04 improved mAP@0.5 to 0.6689. Saved best checkpoint: best_model-20260603-004418.pth.
Epoch [04/30]
├── Train Loss : 0.1968
│   ├── loss_classifier  : 0.0676
│   ├── loss_box_reg     : 0.1113
│   ├── loss_objectness  : 0.0108
│   └── loss_rpn_box_reg : 0.0070
├── Val Loss   : 0.1952
├── mAP@0.5    : 0.6689
├── mAP@0.75   : 0.2704
├── mAP@0.5:0.95 : 0.3288
├── Precision  : 0.4898
├── Recall     : 0.7838
├── GT Boxes   : 2021
├── Predictions: 3234
├── Per-class AP
│   ├── person  : AP50=0.7736, AP75=0.3150, AP50:95=0.3803, P=0.4875, R=0.8529
│   ├── car     : AP50=0.6399, AP75=0.3047, AP50:95=0.3386, P=0.4331, R=0.7314
│   ├── dog     : AP50=0.7425, AP75=0.3281, AP50:95=0.3807, P=0.6117, R=0.8107
│   ├── cat     : AP50=0.7968, AP75=0.3074, AP50:95=0.3802, P=0.6304, R=0.8239
│   └── chair   : AP50=0.3919, AP75=0.0968, AP50:95=0.1644, P=0.3984, R=0.5284
├── LR         : 0.001000
└── Time       : 453.0s
[2026-06-03 01:13:31] Epoch [04/30] completed.
[2026-06-03 01:13:31] Epoch [05/30] started.
[2026-06-03 01:13:36] Epoch 05 train batch [20/1875] loss=0.1893 avg_loss=0.1845
[2026-06-03 01:13:40] Epoch 05 train batch [40/1875] loss=0.1511 avg_loss=0.1768
[2026-06-03 01:13:44] Epoch 05 train batch [60/1875] loss=0.0729 avg_loss=0.1735
[2026-06-03 01:13:49] Epoch 05 train batch [80/1875] loss=0.0764 avg_loss=0.1735
[2026-06-03 01:13:53] Epoch 05 train batch [100/1875] loss=0.4664 avg_loss=0.1749
[2026-06-03 01:13:57] Epoch 05 train batch [120/1875] loss=0.1070 avg_loss=0.1792
[2026-06-03 01:14:01] Epoch 05 train batch [140/1875] loss=0.4257 avg_loss=0.1796
[2026-06-03 01:14:06] Epoch 05 train batch [160/1875] loss=0.0820 avg_loss=0.1778
[2026-06-03 01:14:10] Epoch 05 train batch [180/1875] loss=0.2295 avg_loss=0.1739
[2026-06-03 01:14:14] Epoch 05 train batch [200/1875] loss=0.3805 avg_loss=0.1782
[2026-06-03 01:14:18] Epoch 05 train batch [220/1875] loss=0.0384 avg_loss=0.1821
[2026-06-03 01:14:23] Epoch 05 train batch [240/1875] loss=0.1465 avg_loss=0.1853
[2026-06-03 01:14:27] Epoch 05 train batch [260/1875] loss=0.1552 avg_loss=0.1826
[2026-06-03 01:14:31] Epoch 05 train batch [280/1875] loss=0.0507 avg_loss=0.1826
[2026-06-03 01:14:36] Epoch 05 train batch [300/1875] loss=0.2615 avg_loss=0.1808
[2026-06-03 01:14:40] Epoch 05 train batch [320/1875] loss=0.1059 avg_loss=0.1799
[2026-06-03 01:14:44] Epoch 05 train batch [340/1875] loss=0.2596 avg_loss=0.1802
[2026-06-03 01:14:49] Epoch 05 train batch [360/1875] loss=0.3347 avg_loss=0.1821
[2026-06-03 01:14:53] Epoch 05 train batch [380/1875] loss=0.1312 avg_loss=0.1872
[2026-06-03 01:14:57] Epoch 05 train batch [400/1875] loss=0.2848 avg_loss=0.1887
[2026-06-03 01:15:01] Epoch 05 train batch [420/1875] loss=0.2220 avg_loss=0.1884
[2026-06-03 01:15:05] Epoch 05 train batch [440/1875] loss=0.0367 avg_loss=0.1886
[2026-06-03 01:15:10] Epoch 05 train batch [460/1875] loss=0.1604 avg_loss=0.1892
[2026-06-03 01:15:14] Epoch 05 train batch [480/1875] loss=0.0950 avg_loss=0.1876
[2026-06-03 01:15:18] Epoch 05 train batch [500/1875] loss=0.1459 avg_loss=0.1869
[2026-06-03 01:15:22] Epoch 05 train batch [520/1875] loss=0.1309 avg_loss=0.1883
[2026-06-03 01:15:26] Epoch 05 train batch [540/1875] loss=0.0204 avg_loss=0.1874
[2026-06-03 01:15:31] Epoch 05 train batch [560/1875] loss=0.1709 avg_loss=0.1888
[2026-06-03 01:15:35] Epoch 05 train batch [580/1875] loss=0.1175 avg_loss=0.1896
[2026-06-03 01:15:39] Epoch 05 train batch [600/1875] loss=0.1253 avg_loss=0.1907
[2026-06-03 01:15:44] Epoch 05 train batch [620/1875] loss=0.2931 avg_loss=0.1909
[2026-06-03 01:15:48] Epoch 05 train batch [640/1875] loss=0.2759 avg_loss=0.1921
[2026-06-03 01:15:52] Epoch 05 train batch [660/1875] loss=0.2047 avg_loss=0.1914
[2026-06-03 01:15:56] Epoch 05 train batch [680/1875] loss=0.1001 avg_loss=0.1915
[2026-06-03 01:16:00] Epoch 05 train batch [700/1875] loss=0.1512 avg_loss=0.1904
[2026-06-03 01:16:04] Epoch 05 train batch [720/1875] loss=0.6279 avg_loss=0.1898
[2026-06-03 01:16:08] Epoch 05 train batch [740/1875] loss=0.1062 avg_loss=0.1896
[2026-06-03 01:16:13] Epoch 05 train batch [760/1875] loss=0.0626 avg_loss=0.1885
[2026-06-03 01:16:17] Epoch 05 train batch [780/1875] loss=0.1715 avg_loss=0.1885
[2026-06-03 01:16:21] Epoch 05 train batch [800/1875] loss=0.1091 avg_loss=0.1877
[2026-06-03 01:16:25] Epoch 05 train batch [820/1875] loss=0.2195 avg_loss=0.1873
[2026-06-03 01:16:30] Epoch 05 train batch [840/1875] loss=0.1081 avg_loss=0.1862
[2026-06-03 01:16:34] Epoch 05 train batch [860/1875] loss=0.1802 avg_loss=0.1862
[2026-06-03 01:16:38] Epoch 05 train batch [880/1875] loss=0.0560 avg_loss=0.1869
[2026-06-03 01:16:42] Epoch 05 train batch [900/1875] loss=0.0518 avg_loss=0.1874
[2026-06-03 01:16:46] Epoch 05 train batch [920/1875] loss=0.0445 avg_loss=0.1879
[2026-06-03 01:16:51] Epoch 05 train batch [940/1875] loss=0.0734 avg_loss=0.1872
[2026-06-03 01:16:55] Epoch 05 train batch [960/1875] loss=0.2395 avg_loss=0.1874
[2026-06-03 01:16:59] Epoch 05 train batch [980/1875] loss=0.0914 avg_loss=0.1876
[2026-06-03 01:17:03] Epoch 05 train batch [1000/1875] loss=0.1100 avg_loss=0.1871
[2026-06-03 01:17:07] Epoch 05 train batch [1020/1875] loss=0.2756 avg_loss=0.1874
[2026-06-03 01:17:12] Epoch 05 train batch [1040/1875] loss=0.2440 avg_loss=0.1877
[2026-06-03 01:17:16] Epoch 05 train batch [1060/1875] loss=0.4783 avg_loss=0.1886
[2026-06-03 01:17:20] Epoch 05 train batch [1080/1875] loss=0.5638 avg_loss=0.1878
[2026-06-03 01:17:24] Epoch 05 train batch [1100/1875] loss=0.1677 avg_loss=0.1883
[2026-06-03 01:17:29] Epoch 05 train batch [1120/1875] loss=0.2588 avg_loss=0.1899
[2026-06-03 01:17:33] Epoch 05 train batch [1140/1875] loss=0.1523 avg_loss=0.1897
[2026-06-03 01:17:37] Epoch 05 train batch [1160/1875] loss=0.2102 avg_loss=0.1897
[2026-06-03 01:17:41] Epoch 05 train batch [1180/1875] loss=0.1657 avg_loss=0.1896
[2026-06-03 01:17:45] Epoch 05 train batch [1200/1875] loss=0.1236 avg_loss=0.1892
[2026-06-03 01:17:50] Epoch 05 train batch [1220/1875] loss=0.1257 avg_loss=0.1888
[2026-06-03 01:17:54] Epoch 05 train batch [1240/1875] loss=0.0811 avg_loss=0.1890
[2026-06-03 01:17:57] Epoch 05 train batch [1260/1875] loss=0.2097 avg_loss=0.1884
[2026-06-03 01:18:00] Epoch 05 train batch [1280/1875] loss=0.1269 avg_loss=0.1887
[2026-06-03 01:18:03] Epoch 05 train batch [1300/1875] loss=0.0692 avg_loss=0.1882
[2026-06-03 01:18:06] Epoch 05 train batch [1320/1875] loss=0.0604 avg_loss=0.1874
[2026-06-03 01:18:09] Epoch 05 train batch [1340/1875] loss=0.0631 avg_loss=0.1878
[2026-06-03 01:18:12] Epoch 05 train batch [1360/1875] loss=0.1241 avg_loss=0.1883
[2026-06-03 01:18:15] Epoch 05 train batch [1380/1875] loss=0.1034 avg_loss=0.1883
[2026-06-03 01:18:17] Epoch 05 train batch [1400/1875] loss=0.3778 avg_loss=0.1886
[2026-06-03 01:18:20] Epoch 05 train batch [1420/1875] loss=0.4951 avg_loss=0.1887
[2026-06-03 01:18:23] Epoch 05 train batch [1440/1875] loss=0.3053 avg_loss=0.1895
[2026-06-03 01:18:26] Epoch 05 train batch [1460/1875] loss=0.1174 avg_loss=0.1889
[2026-06-03 01:18:29] Epoch 05 train batch [1480/1875] loss=0.1921 avg_loss=0.1886
[2026-06-03 01:18:32] Epoch 05 train batch [1500/1875] loss=0.0942 avg_loss=0.1884
[2026-06-03 01:18:35] Epoch 05 train batch [1520/1875] loss=0.1731 avg_loss=0.1883
[2026-06-03 01:18:38] Epoch 05 train batch [1540/1875] loss=0.3723 avg_loss=0.1882
[2026-06-03 01:18:41] Epoch 05 train batch [1560/1875] loss=0.0636 avg_loss=0.1882
[2026-06-03 01:18:44] Epoch 05 train batch [1580/1875] loss=0.3054 avg_loss=0.1882
[2026-06-03 01:18:47] Epoch 05 train batch [1600/1875] loss=0.1433 avg_loss=0.1879
[2026-06-03 01:18:50] Epoch 05 train batch [1620/1875] loss=0.1344 avg_loss=0.1874
[2026-06-03 01:18:53] Epoch 05 train batch [1640/1875] loss=0.0448 avg_loss=0.1873
[2026-06-03 01:18:57] Epoch 05 train batch [1660/1875] loss=0.0026 avg_loss=0.1876
[2026-06-03 01:19:00] Epoch 05 train batch [1680/1875] loss=0.0993 avg_loss=0.1878
[2026-06-03 01:19:03] Epoch 05 train batch [1700/1875] loss=0.1633 avg_loss=0.1875
[2026-06-03 01:19:07] Epoch 05 train batch [1720/1875] loss=0.2852 avg_loss=0.1875
[2026-06-03 01:19:10] Epoch 05 train batch [1740/1875] loss=0.1559 avg_loss=0.1870
[2026-06-03 01:19:13] Epoch 05 train batch [1760/1875] loss=0.3551 avg_loss=0.1872
[2026-06-03 01:19:17] Epoch 05 train batch [1780/1875] loss=0.2648 avg_loss=0.1871
[2026-06-03 01:19:20] Epoch 05 train batch [1800/1875] loss=0.0234 avg_loss=0.1875
[2026-06-03 01:19:23] Epoch 05 train batch [1820/1875] loss=0.3881 avg_loss=0.1878
[2026-06-03 01:19:27] Epoch 05 train batch [1840/1875] loss=0.1722 avg_loss=0.1881
[2026-06-03 01:19:30] Epoch 05 train batch [1860/1875] loss=0.0382 avg_loss=0.1878
[2026-06-03 01:19:33] Epoch 05 train batch [1875/1875] loss=0.2650 avg_loss=0.1877
[2026-06-03 01:19:33] Epoch 05 training completed. Computing validation loss.
[2026-06-03 01:20:25] Epoch 05 validation loss completed: 0.1962. Computing detection metrics.
[2026-06-03 01:21:04] Epoch 05 metrics computed. Saving artifacts.
[2026-06-03 01:21:07] Epoch 05 improved mAP@0.5 to 0.6998. Saved best checkpoint: best_model-20260603-004418.pth.
Epoch [05/30]
├── Train Loss : 0.1877
│   ├── loss_classifier  : 0.0632
│   ├── loss_box_reg     : 0.1087
│   ├── loss_objectness  : 0.0093
│   └── loss_rpn_box_reg : 0.0065
├── Val Loss   : 0.1962
├── mAP@0.5    : 0.6998
├── mAP@0.75   : 0.3361
├── mAP@0.5:0.95 : 0.3626
├── Precision  : 0.4358
├── Recall     : 0.8174
├── GT Boxes   : 2021
├── Predictions: 3791
├── Per-class AP
│   ├── person  : AP50=0.7845, AP75=0.3483, AP50:95=0.3937, P=0.5052, R=0.8557
│   ├── car     : AP50=0.6699, AP75=0.3636, AP50:95=0.3614, P=0.2621, R=0.8198
│   ├── dog     : AP50=0.7850, AP75=0.4464, AP50:95=0.4333, P=0.4276, R=0.8738
│   ├── cat     : AP50=0.8129, AP75=0.3974, AP50:95=0.4206, P=0.6349, R=0.8693
│   └── chair   : AP50=0.4465, AP75=0.1248, AP50:95=0.2040, P=0.3953, R=0.5957
├── LR         : 0.001000
└── Time       : 453.0s
[2026-06-03 01:21:07] Epoch [05/30] completed.
[2026-06-03 01:21:07] Epoch [06/30] started.
[2026-06-03 01:21:11] Epoch 06 train batch [20/1875] loss=0.5411 avg_loss=0.2623
[2026-06-03 01:21:15] Epoch 06 train batch [40/1875] loss=0.3291 avg_loss=0.2398
[2026-06-03 01:21:19] Epoch 06 train batch [60/1875] loss=0.1324 avg_loss=0.2098
[2026-06-03 01:21:24] Epoch 06 train batch [80/1875] loss=0.2058 avg_loss=0.2015
[2026-06-03 01:21:28] Epoch 06 train batch [100/1875] loss=0.2233 avg_loss=0.1931
[2026-06-03 01:21:32] Epoch 06 train batch [120/1875] loss=0.0894 avg_loss=0.1916
[2026-06-03 01:21:36] Epoch 06 train batch [140/1875] loss=0.4622 avg_loss=0.1955
[2026-06-03 01:21:40] Epoch 06 train batch [160/1875] loss=0.1597 avg_loss=0.1942
[2026-06-03 01:21:44] Epoch 06 train batch [180/1875] loss=0.0189 avg_loss=0.1845
[2026-06-03 01:21:49] Epoch 06 train batch [200/1875] loss=0.2587 avg_loss=0.1847
[2026-06-03 01:21:53] Epoch 06 train batch [220/1875] loss=0.3119 avg_loss=0.1802
[2026-06-03 01:21:57] Epoch 06 train batch [240/1875] loss=0.1234 avg_loss=0.1805
[2026-06-03 01:22:01] Epoch 06 train batch [260/1875] loss=0.3366 avg_loss=0.1783
[2026-06-03 01:22:06] Epoch 06 train batch [280/1875] loss=0.0980 avg_loss=0.1767
[2026-06-03 01:22:10] Epoch 06 train batch [300/1875] loss=0.1683 avg_loss=0.1740
[2026-06-03 01:22:14] Epoch 06 train batch [320/1875] loss=0.2965 avg_loss=0.1734
[2026-06-03 01:22:19] Epoch 06 train batch [340/1875] loss=0.0917 avg_loss=0.1724
[2026-06-03 01:22:23] Epoch 06 train batch [360/1875] loss=0.0937 avg_loss=0.1733
[2026-06-03 01:22:27] Epoch 06 train batch [380/1875] loss=0.1457 avg_loss=0.1733
[2026-06-03 01:22:31] Epoch 06 train batch [400/1875] loss=0.2622 avg_loss=0.1733
[2026-06-03 01:22:35] Epoch 06 train batch [420/1875] loss=0.1094 avg_loss=0.1741
[2026-06-03 01:22:39] Epoch 06 train batch [440/1875] loss=0.1371 avg_loss=0.1728
[2026-06-03 01:22:44] Epoch 06 train batch [460/1875] loss=0.1855 avg_loss=0.1724
[2026-06-03 01:22:48] Epoch 06 train batch [480/1875] loss=0.3606 avg_loss=0.1715
[2026-06-03 01:22:52] Epoch 06 train batch [500/1875] loss=0.0784 avg_loss=0.1746
[2026-06-03 01:22:56] Epoch 06 train batch [520/1875] loss=0.0621 avg_loss=0.1769
[2026-06-03 01:23:01] Epoch 06 train batch [540/1875] loss=0.2343 avg_loss=0.1771
[2026-06-03 01:23:05] Epoch 06 train batch [560/1875] loss=0.1179 avg_loss=0.1783
[2026-06-03 01:23:09] Epoch 06 train batch [580/1875] loss=0.0555 avg_loss=0.1768
[2026-06-03 01:23:13] Epoch 06 train batch [600/1875] loss=0.0772 avg_loss=0.1778
[2026-06-03 01:23:18] Epoch 06 train batch [620/1875] loss=0.0611 avg_loss=0.1769
[2026-06-03 01:23:22] Epoch 06 train batch [640/1875] loss=0.0956 avg_loss=0.1768
[2026-06-03 01:23:26] Epoch 06 train batch [660/1875] loss=0.6902 avg_loss=0.1765
[2026-06-03 01:23:30] Epoch 06 train batch [680/1875] loss=0.2388 avg_loss=0.1757
[2026-06-03 01:23:34] Epoch 06 train batch [700/1875] loss=0.0950 avg_loss=0.1757
[2026-06-03 01:23:39] Epoch 06 train batch [720/1875] loss=0.3334 avg_loss=0.1759
[2026-06-03 01:23:43] Epoch 06 train batch [740/1875] loss=0.2348 avg_loss=0.1761
[2026-06-03 01:23:47] Epoch 06 train batch [760/1875] loss=0.1554 avg_loss=0.1748
[2026-06-03 01:23:51] Epoch 06 train batch [780/1875] loss=0.2831 avg_loss=0.1747
[2026-06-03 01:23:55] Epoch 06 train batch [800/1875] loss=0.0728 avg_loss=0.1735
[2026-06-03 01:23:59] Epoch 06 train batch [820/1875] loss=0.1344 avg_loss=0.1728
[2026-06-03 01:24:04] Epoch 06 train batch [840/1875] loss=0.6630 avg_loss=0.1739
[2026-06-03 01:24:08] Epoch 06 train batch [860/1875] loss=0.2760 avg_loss=0.1742
[2026-06-03 01:24:12] Epoch 06 train batch [880/1875] loss=0.1034 avg_loss=0.1761
[2026-06-03 01:24:16] Epoch 06 train batch [900/1875] loss=0.0203 avg_loss=0.1760
[2026-06-03 01:24:21] Epoch 06 train batch [920/1875] loss=0.0871 avg_loss=0.1765
[2026-06-03 01:24:25] Epoch 06 train batch [940/1875] loss=0.0565 avg_loss=0.1763
[2026-06-03 01:24:29] Epoch 06 train batch [960/1875] loss=0.3908 avg_loss=0.1762
[2026-06-03 01:24:33] Epoch 06 train batch [980/1875] loss=0.2096 avg_loss=0.1769
[2026-06-03 01:24:37] Epoch 06 train batch [1000/1875] loss=0.2574 avg_loss=0.1766
[2026-06-03 01:24:42] Epoch 06 train batch [1020/1875] loss=0.1572 avg_loss=0.1771
[2026-06-03 01:24:46] Epoch 06 train batch [1040/1875] loss=0.3351 avg_loss=0.1775
[2026-06-03 01:24:50] Epoch 06 train batch [1060/1875] loss=0.0843 avg_loss=0.1779
[2026-06-03 01:24:54] Epoch 06 train batch [1080/1875] loss=0.3168 avg_loss=0.1782
[2026-06-03 01:24:58] Epoch 06 train batch [1100/1875] loss=0.2039 avg_loss=0.1777
[2026-06-03 01:25:02] Epoch 06 train batch [1120/1875] loss=0.0483 avg_loss=0.1779
[2026-06-03 01:25:07] Epoch 06 train batch [1140/1875] loss=0.3754 avg_loss=0.1780
[2026-06-03 01:25:11] Epoch 06 train batch [1160/1875] loss=0.0949 avg_loss=0.1772
[2026-06-03 01:25:15] Epoch 06 train batch [1180/1875] loss=0.1756 avg_loss=0.1771
[2026-06-03 01:25:19] Epoch 06 train batch [1200/1875] loss=0.3053 avg_loss=0.1768
[2026-06-03 01:25:24] Epoch 06 train batch [1220/1875] loss=0.0634 avg_loss=0.1767
[2026-06-03 01:25:28] Epoch 06 train batch [1240/1875] loss=0.1164 avg_loss=0.1770
[2026-06-03 01:25:32] Epoch 06 train batch [1260/1875] loss=0.0664 avg_loss=0.1772
[2026-06-03 01:25:37] Epoch 06 train batch [1280/1875] loss=0.1428 avg_loss=0.1779
[2026-06-03 01:25:41] Epoch 06 train batch [1300/1875] loss=0.0873 avg_loss=0.1774
[2026-06-03 01:25:45] Epoch 06 train batch [1320/1875] loss=0.2789 avg_loss=0.1778
[2026-06-03 01:25:49] Epoch 06 train batch [1340/1875] loss=0.1944 avg_loss=0.1781
[2026-06-03 01:25:53] Epoch 06 train batch [1360/1875] loss=0.1099 avg_loss=0.1790
[2026-06-03 01:25:57] Epoch 06 train batch [1380/1875] loss=0.1969 avg_loss=0.1789
[2026-06-03 01:26:00] Epoch 06 train batch [1400/1875] loss=0.2066 avg_loss=0.1790
[2026-06-03 01:26:03] Epoch 06 train batch [1420/1875] loss=0.3293 avg_loss=0.1794
[2026-06-03 01:26:06] Epoch 06 train batch [1440/1875] loss=0.0437 avg_loss=0.1791
[2026-06-03 01:26:09] Epoch 06 train batch [1460/1875] loss=0.1088 avg_loss=0.1789
[2026-06-03 01:26:12] Epoch 06 train batch [1480/1875] loss=0.3119 avg_loss=0.1793
[2026-06-03 01:26:15] Epoch 06 train batch [1500/1875] loss=0.5187 avg_loss=0.1793
[2026-06-03 01:26:18] Epoch 06 train batch [1520/1875] loss=0.4597 avg_loss=0.1790
[2026-06-03 01:26:21] Epoch 06 train batch [1540/1875] loss=0.1164 avg_loss=0.1792
[2026-06-03 01:26:23] Epoch 06 train batch [1560/1875] loss=0.0887 avg_loss=0.1794
[2026-06-03 01:26:26] Epoch 06 train batch [1580/1875] loss=0.1944 avg_loss=0.1787
[2026-06-03 01:26:29] Epoch 06 train batch [1600/1875] loss=0.2231 avg_loss=0.1787
[2026-06-03 01:26:32] Epoch 06 train batch [1620/1875] loss=0.1048 avg_loss=0.1786
[2026-06-03 01:26:35] Epoch 06 train batch [1640/1875] loss=0.3361 avg_loss=0.1785
[2026-06-03 01:26:38] Epoch 06 train batch [1660/1875] loss=0.1767 avg_loss=0.1787
[2026-06-03 01:26:41] Epoch 06 train batch [1680/1875] loss=0.0701 avg_loss=0.1791
[2026-06-03 01:26:44] Epoch 06 train batch [1700/1875] loss=0.2474 avg_loss=0.1793
[2026-06-03 01:26:47] Epoch 06 train batch [1720/1875] loss=0.0792 avg_loss=0.1790
[2026-06-03 01:26:50] Epoch 06 train batch [1740/1875] loss=0.0559 avg_loss=0.1788
[2026-06-03 01:26:53] Epoch 06 train batch [1760/1875] loss=0.0122 avg_loss=0.1789
[2026-06-03 01:26:56] Epoch 06 train batch [1780/1875] loss=0.2177 avg_loss=0.1792
[2026-06-03 01:27:00] Epoch 06 train batch [1800/1875] loss=0.2750 avg_loss=0.1791
[2026-06-03 01:27:03] Epoch 06 train batch [1820/1875] loss=0.1015 avg_loss=0.1790
[2026-06-03 01:27:07] Epoch 06 train batch [1840/1875] loss=0.0684 avg_loss=0.1783
[2026-06-03 01:27:10] Epoch 06 train batch [1860/1875] loss=0.2250 avg_loss=0.1784
[2026-06-03 01:27:13] Epoch 06 train batch [1875/1875] loss=0.3780 avg_loss=0.1787
[2026-06-03 01:27:13] Epoch 06 training completed. Computing validation loss.
[2026-06-03 01:27:51] Epoch 06 validation loss completed: 0.1864. Computing detection metrics.
[2026-06-03 01:28:31] Epoch 06 metrics computed. Saving artifacts.
[2026-06-03 01:28:32] Epoch 06 improved mAP@0.5 to 0.7234. Saved best checkpoint: best_model-20260603-004418.pth.
Epoch [06/30]
├── Train Loss : 0.1787
│   ├── loss_classifier  : 0.0595
│   ├── loss_box_reg     : 0.1048
│   ├── loss_objectness  : 0.0082
│   └── loss_rpn_box_reg : 0.0061
├── Val Loss   : 0.1864
├── mAP@0.5    : 0.7234
├── mAP@0.75   : 0.3578
├── mAP@0.5:0.95 : 0.3815
├── Precision  : 0.3824
├── Recall     : 0.8555
├── GT Boxes   : 2021
├── Predictions: 4521
├── Per-class AP
│   ├── person  : AP50=0.8065, AP75=0.3684, AP50:95=0.4184, P=0.4844, R=0.8818
│   ├── car     : AP50=0.6734, AP75=0.3698, AP50:95=0.3672, P=0.3482, R=0.7986
│   ├── dog     : AP50=0.8102, AP75=0.4630, AP50:95=0.4634, P=0.4336, R=0.8883
│   ├── cat     : AP50=0.8458, AP75=0.4162, AP50:95=0.4459, P=0.6709, R=0.8920
│   └── chair   : AP50=0.4809, AP75=0.1714, AP50:95=0.2126, P=0.1713, R=0.7660
├── LR         : 0.001000
└── Time       : 443.8s
[2026-06-03 01:28:32] Epoch [06/30] completed.
[2026-06-03 01:28:32] Epoch [07/30] started.
[2026-06-03 01:28:36] Epoch 07 train batch [20/1875] loss=0.1094 avg_loss=0.1855
[2026-06-03 01:28:40] Epoch 07 train batch [40/1875] loss=0.1229 avg_loss=0.1881
[2026-06-03 01:28:45] Epoch 07 train batch [60/1875] loss=0.2890 avg_loss=0.1955
[2026-06-03 01:28:49] Epoch 07 train batch [80/1875] loss=0.1857 avg_loss=0.1971
[2026-06-03 01:28:53] Epoch 07 train batch [100/1875] loss=0.0930 avg_loss=0.1927
[2026-06-03 01:28:57] Epoch 07 train batch [120/1875] loss=0.0786 avg_loss=0.1844
[2026-06-03 01:29:01] Epoch 07 train batch [140/1875] loss=0.2856 avg_loss=0.1816
[2026-06-03 01:29:05] Epoch 07 train batch [160/1875] loss=0.1933 avg_loss=0.1844
[2026-06-03 01:29:10] Epoch 07 train batch [180/1875] loss=0.0770 avg_loss=0.1825
[2026-06-03 01:29:14] Epoch 07 train batch [200/1875] loss=0.2474 avg_loss=0.1782
[2026-06-03 01:29:18] Epoch 07 train batch [220/1875] loss=0.0632 avg_loss=0.1798
[2026-06-03 01:29:22] Epoch 07 train batch [240/1875] loss=0.0296 avg_loss=0.1782
[2026-06-03 01:29:26] Epoch 07 train batch [260/1875] loss=0.1242 avg_loss=0.1770
[2026-06-03 01:29:30] Epoch 07 train batch [280/1875] loss=0.0836 avg_loss=0.1744
[2026-06-03 01:29:35] Epoch 07 train batch [300/1875] loss=0.1795 avg_loss=0.1753
[2026-06-03 01:29:39] Epoch 07 train batch [320/1875] loss=0.5391 avg_loss=0.1765
[2026-06-03 01:29:43] Epoch 07 train batch [340/1875] loss=0.3066 avg_loss=0.1753
[2026-06-03 01:29:47] Epoch 07 train batch [360/1875] loss=0.0700 avg_loss=0.1745
[2026-06-03 01:29:52] Epoch 07 train batch [380/1875] loss=0.0421 avg_loss=0.1726
[2026-06-03 01:29:56] Epoch 07 train batch [400/1875] loss=0.1364 avg_loss=0.1706
[2026-06-03 01:30:01] Epoch 07 train batch [420/1875] loss=0.0963 avg_loss=0.1697
[2026-06-03 01:30:05] Epoch 07 train batch [440/1875] loss=0.1206 avg_loss=0.1692
[2026-06-03 01:30:09] Epoch 07 train batch [460/1875] loss=0.0209 avg_loss=0.1700
[2026-06-03 01:30:13] Epoch 07 train batch [480/1875] loss=0.0739 avg_loss=0.1700
[2026-06-03 01:30:17] Epoch 07 train batch [500/1875] loss=0.0186 avg_loss=0.1690
[2026-06-03 01:30:22] Epoch 07 train batch [520/1875] loss=0.1362 avg_loss=0.1680
[2026-06-03 01:30:26] Epoch 07 train batch [540/1875] loss=0.1093 avg_loss=0.1666
[2026-06-03 01:30:30] Epoch 07 train batch [560/1875] loss=0.0841 avg_loss=0.1674
[2026-06-03 01:30:34] Epoch 07 train batch [580/1875] loss=0.2623 avg_loss=0.1678
[2026-06-03 01:30:38] Epoch 07 train batch [600/1875] loss=0.2318 avg_loss=0.1687
[2026-06-03 01:30:42] Epoch 07 train batch [620/1875] loss=0.2056 avg_loss=0.1683
[2026-06-03 01:30:47] Epoch 07 train batch [640/1875] loss=0.0280 avg_loss=0.1686
[2026-06-03 01:30:51] Epoch 07 train batch [660/1875] loss=0.3447 avg_loss=0.1701
[2026-06-03 01:30:55] Epoch 07 train batch [680/1875] loss=0.2861 avg_loss=0.1704
[2026-06-03 01:30:59] Epoch 07 train batch [700/1875] loss=0.2575 avg_loss=0.1701
[2026-06-03 01:31:03] Epoch 07 train batch [720/1875] loss=0.0769 avg_loss=0.1697
[2026-06-03 01:31:07] Epoch 07 train batch [740/1875] loss=0.1396 avg_loss=0.1689
[2026-06-03 01:31:12] Epoch 07 train batch [760/1875] loss=0.0445 avg_loss=0.1694
[2026-06-03 01:31:16] Epoch 07 train batch [780/1875] loss=0.1597 avg_loss=0.1695
[2026-06-03 01:31:20] Epoch 07 train batch [800/1875] loss=0.4229 avg_loss=0.1703
[2026-06-03 01:31:24] Epoch 07 train batch [820/1875] loss=0.2220 avg_loss=0.1696
[2026-06-03 01:31:28] Epoch 07 train batch [840/1875] loss=0.1112 avg_loss=0.1688
[2026-06-03 01:31:33] Epoch 07 train batch [860/1875] loss=0.1814 avg_loss=0.1700
[2026-06-03 01:31:37] Epoch 07 train batch [880/1875] loss=0.1490 avg_loss=0.1694
[2026-06-03 01:31:41] Epoch 07 train batch [900/1875] loss=0.0605 avg_loss=0.1694
[2026-06-03 01:31:45] Epoch 07 train batch [920/1875] loss=0.3199 avg_loss=0.1697
[2026-06-03 01:31:49] Epoch 07 train batch [940/1875] loss=0.2444 avg_loss=0.1698
[2026-06-03 01:31:54] Epoch 07 train batch [960/1875] loss=0.2137 avg_loss=0.1700
[2026-06-03 01:31:58] Epoch 07 train batch [980/1875] loss=0.1190 avg_loss=0.1703
[2026-06-03 01:32:02] Epoch 07 train batch [1000/1875] loss=0.1509 avg_loss=0.1709
[2026-06-03 01:32:06] Epoch 07 train batch [1020/1875] loss=0.3544 avg_loss=0.1713
[2026-06-03 01:32:10] Epoch 07 train batch [1040/1875] loss=0.1870 avg_loss=0.1718
[2026-06-03 01:32:15] Epoch 07 train batch [1060/1875] loss=0.2114 avg_loss=0.1723
[2026-06-03 01:32:19] Epoch 07 train batch [1080/1875] loss=0.0394 avg_loss=0.1720
[2026-06-03 01:32:23] Epoch 07 train batch [1100/1875] loss=0.3858 avg_loss=0.1714
[2026-06-03 01:32:27] Epoch 07 train batch [1120/1875] loss=0.0933 avg_loss=0.1713
[2026-06-03 01:32:32] Epoch 07 train batch [1140/1875] loss=0.1348 avg_loss=0.1707
[2026-06-03 01:32:36] Epoch 07 train batch [1160/1875] loss=0.0744 avg_loss=0.1705
[2026-06-03 01:32:40] Epoch 07 train batch [1180/1875] loss=0.0538 avg_loss=0.1701
[2026-06-03 01:32:44] Epoch 07 train batch [1200/1875] loss=0.3407 avg_loss=0.1705
[2026-06-03 01:32:49] Epoch 07 train batch [1220/1875] loss=0.1491 avg_loss=0.1703
[2026-06-03 01:32:53] Epoch 07 train batch [1240/1875] loss=0.2239 avg_loss=0.1702
[2026-06-03 01:32:57] Epoch 07 train batch [1260/1875] loss=0.4075 avg_loss=0.1703
[2026-06-03 01:33:01] Epoch 07 train batch [1280/1875] loss=0.0546 avg_loss=0.1711
[2026-06-03 01:33:05] Epoch 07 train batch [1300/1875] loss=0.2061 avg_loss=0.1709
[2026-06-03 01:33:10] Epoch 07 train batch [1320/1875] loss=0.1979 avg_loss=0.1712
[2026-06-03 01:33:14] Epoch 07 train batch [1340/1875] loss=0.3197 avg_loss=0.1709
[2026-06-03 01:33:18] Epoch 07 train batch [1360/1875] loss=0.1344 avg_loss=0.1711
[2026-06-03 01:33:22] Epoch 07 train batch [1380/1875] loss=0.2687 avg_loss=0.1710
[2026-06-03 01:33:26] Epoch 07 train batch [1400/1875] loss=0.4097 avg_loss=0.1714
[2026-06-03 01:33:31] Epoch 07 train batch [1420/1875] loss=0.1292 avg_loss=0.1718
[2026-06-03 01:33:35] Epoch 07 train batch [1440/1875] loss=0.1121 avg_loss=0.1719
[2026-06-03 01:33:39] Epoch 07 train batch [1460/1875] loss=0.0701 avg_loss=0.1714
[2026-06-03 01:33:43] Epoch 07 train batch [1480/1875] loss=0.0575 avg_loss=0.1714
[2026-06-03 01:33:48] Epoch 07 train batch [1500/1875] loss=0.0709 avg_loss=0.1716
[2026-06-03 01:33:52] Epoch 07 train batch [1520/1875] loss=0.0399 avg_loss=0.1717
[2026-06-03 01:33:56] Epoch 07 train batch [1540/1875] loss=0.1253 avg_loss=0.1718
[2026-06-03 01:34:00] Epoch 07 train batch [1560/1875] loss=0.0158 avg_loss=0.1716
[2026-06-03 01:34:04] Epoch 07 train batch [1580/1875] loss=0.1600 avg_loss=0.1712
[2026-06-03 01:34:07] Epoch 07 train batch [1600/1875] loss=0.1427 avg_loss=0.1711
[2026-06-03 01:34:10] Epoch 07 train batch [1620/1875] loss=0.1062 avg_loss=0.1714
[2026-06-03 01:34:13] Epoch 07 train batch [1640/1875] loss=0.1774 avg_loss=0.1716
[2026-06-03 01:34:16] Epoch 07 train batch [1660/1875] loss=0.2902 avg_loss=0.1718
[2026-06-03 01:34:18] Epoch 07 train batch [1680/1875] loss=0.0501 avg_loss=0.1715
[2026-06-03 01:34:21] Epoch 07 train batch [1700/1875] loss=0.0544 avg_loss=0.1713
[2026-06-03 01:34:24] Epoch 07 train batch [1720/1875] loss=0.1177 avg_loss=0.1712
[2026-06-03 01:34:27] Epoch 07 train batch [1740/1875] loss=0.1753 avg_loss=0.1711
[2026-06-03 01:34:30] Epoch 07 train batch [1760/1875] loss=0.3423 avg_loss=0.1710
[2026-06-03 01:34:33] Epoch 07 train batch [1780/1875] loss=0.0529 avg_loss=0.1708
[2026-06-03 01:34:36] Epoch 07 train batch [1800/1875] loss=0.0755 avg_loss=0.1707
[2026-06-03 01:34:39] Epoch 07 train batch [1820/1875] loss=0.0216 avg_loss=0.1704
[2026-06-03 01:34:42] Epoch 07 train batch [1840/1875] loss=0.0475 avg_loss=0.1705
[2026-06-03 01:34:45] Epoch 07 train batch [1860/1875] loss=0.2609 avg_loss=0.1706
[2026-06-03 01:34:47] Epoch 07 train batch [1875/1875] loss=0.0838 avg_loss=0.1708
[2026-06-03 01:34:47] Epoch 07 training completed. Computing validation loss.
[2026-06-03 01:35:25] Epoch 07 validation loss completed: 0.1853. Computing detection metrics.
[2026-06-03 01:36:00] Epoch 07 metrics computed. Saving artifacts.
[2026-06-03 01:36:01] Epoch 07 did not improve mAP@0.5 enough. Early stopping counter: 1/7.
Epoch [07/30]
├── Train Loss : 0.1708
│   ├── loss_classifier  : 0.0563
│   ├── loss_box_reg     : 0.1016
│   ├── loss_objectness  : 0.0072
│   └── loss_rpn_box_reg : 0.0058
├── Val Loss   : 0.1853
├── mAP@0.5    : 0.7174
├── mAP@0.75   : 0.3773
├── mAP@0.5:0.95 : 0.3835
├── Precision  : 0.5153
├── Recall     : 0.8085
├── GT Boxes   : 2021
├── Predictions: 3171
├── Per-class AP
│   ├── person  : AP50=0.8056, AP75=0.3490, AP50:95=0.4036, P=0.5373, R=0.8575
│   ├── car     : AP50=0.6665, AP75=0.4200, AP50:95=0.3839, P=0.5110, R=0.7385
│   ├── dog     : AP50=0.8107, AP75=0.5148, AP50:95=0.4666, P=0.4932, R=0.8738
│   ├── cat     : AP50=0.8228, AP75=0.4473, AP50:95=0.4501, P=0.8278, R=0.8466
│   └── chair   : AP50=0.4816, AP75=0.1553, AP50:95=0.2131, P=0.3479, R=0.6206
├── LR         : 0.001000
└── Time       : 448.3s
[2026-06-03 01:36:01] Epoch [07/30] completed.
[2026-06-03 01:36:01] Epoch [08/30] started.
[2026-06-03 01:36:05] Epoch 08 train batch [20/1875] loss=0.1975 avg_loss=0.2078
[2026-06-03 01:36:09] Epoch 08 train batch [40/1875] loss=0.0938 avg_loss=0.1745
[2026-06-03 01:36:13] Epoch 08 train batch [60/1875] loss=0.0494 avg_loss=0.1840
[2026-06-03 01:36:17] Epoch 08 train batch [80/1875] loss=0.3167 avg_loss=0.1721
[2026-06-03 01:36:21] Epoch 08 train batch [100/1875] loss=0.1958 avg_loss=0.1687
[2026-06-03 01:36:26] Epoch 08 train batch [120/1875] loss=0.1043 avg_loss=0.1666
[2026-06-03 01:36:30] Epoch 08 train batch [140/1875] loss=0.0950 avg_loss=0.1602
[2026-06-03 01:36:34] Epoch 08 train batch [160/1875] loss=0.3429 avg_loss=0.1652
[2026-06-03 01:36:38] Epoch 08 train batch [180/1875] loss=0.0903 avg_loss=0.1649
[2026-06-03 01:36:43] Epoch 08 train batch [200/1875] loss=0.0397 avg_loss=0.1617
[2026-06-03 01:36:47] Epoch 08 train batch [220/1875] loss=0.1237 avg_loss=0.1633
[2026-06-03 01:36:51] Epoch 08 train batch [240/1875] loss=0.1838 avg_loss=0.1633
[2026-06-03 01:36:55] Epoch 08 train batch [260/1875] loss=0.2737 avg_loss=0.1611
[2026-06-03 01:37:00] Epoch 08 train batch [280/1875] loss=0.0459 avg_loss=0.1649
[2026-06-03 01:37:04] Epoch 08 train batch [300/1875] loss=0.2106 avg_loss=0.1653
[2026-06-03 01:37:08] Epoch 08 train batch [320/1875] loss=0.1182 avg_loss=0.1650
[2026-06-03 01:37:12] Epoch 08 train batch [340/1875] loss=0.0450 avg_loss=0.1622
[2026-06-03 01:37:16] Epoch 08 train batch [360/1875] loss=0.1897 avg_loss=0.1619
[2026-06-03 01:37:21] Epoch 08 train batch [380/1875] loss=0.0906 avg_loss=0.1624
[2026-06-03 01:37:25] Epoch 08 train batch [400/1875] loss=0.3929 avg_loss=0.1627
[2026-06-03 01:37:29] Epoch 08 train batch [420/1875] loss=0.1866 avg_loss=0.1650
[2026-06-03 01:37:33] Epoch 08 train batch [440/1875] loss=0.0355 avg_loss=0.1637
[2026-06-03 01:37:38] Epoch 08 train batch [460/1875] loss=0.1553 avg_loss=0.1637
[2026-06-03 01:37:42] Epoch 08 train batch [480/1875] loss=0.1831 avg_loss=0.1628
[2026-06-03 01:37:46] Epoch 08 train batch [500/1875] loss=0.3022 avg_loss=0.1616
[2026-06-03 01:37:50] Epoch 08 train batch [520/1875] loss=0.1034 avg_loss=0.1624
[2026-06-03 01:37:54] Epoch 08 train batch [540/1875] loss=0.0554 avg_loss=0.1626
[2026-06-03 01:37:58] Epoch 08 train batch [560/1875] loss=0.0527 avg_loss=0.1617
[2026-06-03 01:38:02] Epoch 08 train batch [580/1875] loss=0.1259 avg_loss=0.1615
[2026-06-03 01:38:07] Epoch 08 train batch [600/1875] loss=0.0839 avg_loss=0.1624
[2026-06-03 01:38:11] Epoch 08 train batch [620/1875] loss=0.1411 avg_loss=0.1615
[2026-06-03 01:38:15] Epoch 08 train batch [640/1875] loss=0.3238 avg_loss=0.1619
[2026-06-03 01:38:20] Epoch 08 train batch [660/1875] loss=0.1796 avg_loss=0.1622
[2026-06-03 01:38:24] Epoch 08 train batch [680/1875] loss=0.1505 avg_loss=0.1632
[2026-06-03 01:38:28] Epoch 08 train batch [700/1875] loss=0.1390 avg_loss=0.1624
[2026-06-03 01:38:32] Epoch 08 train batch [720/1875] loss=0.1175 avg_loss=0.1621
[2026-06-03 01:38:37] Epoch 08 train batch [740/1875] loss=0.1650 avg_loss=0.1622
[2026-06-03 01:38:41] Epoch 08 train batch [760/1875] loss=0.1700 avg_loss=0.1614
[2026-06-03 01:38:45] Epoch 08 train batch [780/1875] loss=0.4204 avg_loss=0.1605
[2026-06-03 01:38:49] Epoch 08 train batch [800/1875] loss=0.1271 avg_loss=0.1602
[2026-06-03 01:38:53] Epoch 08 train batch [820/1875] loss=0.0423 avg_loss=0.1608
[2026-06-03 01:38:58] Epoch 08 train batch [840/1875] loss=0.1842 avg_loss=0.1608
[2026-06-03 01:39:02] Epoch 08 train batch [860/1875] loss=0.1372 avg_loss=0.1605
[2026-06-03 01:39:06] Epoch 08 train batch [880/1875] loss=0.0822 avg_loss=0.1600
[2026-06-03 01:39:10] Epoch 08 train batch [900/1875] loss=0.2383 avg_loss=0.1593
[2026-06-03 01:39:14] Epoch 08 train batch [920/1875] loss=0.0893 avg_loss=0.1592
[2026-06-03 01:39:19] Epoch 08 train batch [940/1875] loss=0.3027 avg_loss=0.1601
[2026-06-03 01:39:23] Epoch 08 train batch [960/1875] loss=0.4400 avg_loss=0.1608
[2026-06-03 01:39:27] Epoch 08 train batch [980/1875] loss=0.0995 avg_loss=0.1604
[2026-06-03 01:39:31] Epoch 08 train batch [1000/1875] loss=0.0517 avg_loss=0.1606
[2026-06-03 01:39:36] Epoch 08 train batch [1020/1875] loss=0.0700 avg_loss=0.1611
[2026-06-03 01:39:40] Epoch 08 train batch [1040/1875] loss=0.2216 avg_loss=0.1611
[2026-06-03 01:39:44] Epoch 08 train batch [1060/1875] loss=0.1083 avg_loss=0.1613
[2026-06-03 01:39:49] Epoch 08 train batch [1080/1875] loss=0.1805 avg_loss=0.1613
[2026-06-03 01:39:53] Epoch 08 train batch [1100/1875] loss=0.1890 avg_loss=0.1620
[2026-06-03 01:39:57] Epoch 08 train batch [1120/1875] loss=0.1390 avg_loss=0.1622
[2026-06-03 01:40:01] Epoch 08 train batch [1140/1875] loss=0.1340 avg_loss=0.1631
[2026-06-03 01:40:05] Epoch 08 train batch [1160/1875] loss=0.3495 avg_loss=0.1632
[2026-06-03 01:40:09] Epoch 08 train batch [1180/1875] loss=0.2209 avg_loss=0.1638
[2026-06-03 01:40:13] Epoch 08 train batch [1200/1875] loss=0.0662 avg_loss=0.1638
[2026-06-03 01:40:18] Epoch 08 train batch [1220/1875] loss=0.1879 avg_loss=0.1633
[2026-06-03 01:40:22] Epoch 08 train batch [1240/1875] loss=0.1277 avg_loss=0.1642
[2026-06-03 01:40:26] Epoch 08 train batch [1260/1875] loss=0.0482 avg_loss=0.1639
[2026-06-03 01:40:30] Epoch 08 train batch [1280/1875] loss=0.0403 avg_loss=0.1636
[2026-06-03 01:40:35] Epoch 08 train batch [1300/1875] loss=0.3734 avg_loss=0.1631
[2026-06-03 01:40:39] Epoch 08 train batch [1320/1875] loss=0.4615 avg_loss=0.1634
[2026-06-03 01:40:43] Epoch 08 train batch [1340/1875] loss=0.0393 avg_loss=0.1640
[2026-06-03 01:40:47] Epoch 08 train batch [1360/1875] loss=0.4199 avg_loss=0.1641
[2026-06-03 01:40:51] Epoch 08 train batch [1380/1875] loss=0.3077 avg_loss=0.1638
[2026-06-03 01:40:55] Epoch 08 train batch [1400/1875] loss=0.1903 avg_loss=0.1638
[2026-06-03 01:40:59] Epoch 08 train batch [1420/1875] loss=0.2338 avg_loss=0.1641
[2026-06-03 01:41:04] Epoch 08 train batch [1440/1875] loss=0.1160 avg_loss=0.1640
[2026-06-03 01:41:08] Epoch 08 train batch [1460/1875] loss=0.0920 avg_loss=0.1638
[2026-06-03 01:41:12] Epoch 08 train batch [1480/1875] loss=0.3409 avg_loss=0.1639
[2026-06-03 01:41:17] Epoch 08 train batch [1500/1875] loss=0.2181 avg_loss=0.1643
[2026-06-03 01:41:21] Epoch 08 train batch [1520/1875] loss=0.2214 avg_loss=0.1646
[2026-06-03 01:41:25] Epoch 08 train batch [1540/1875] loss=0.2703 avg_loss=0.1646
[2026-06-03 01:41:29] Epoch 08 train batch [1560/1875] loss=0.1605 avg_loss=0.1644
[2026-06-03 01:41:33] Epoch 08 train batch [1580/1875] loss=0.1960 avg_loss=0.1642
[2026-06-03 01:41:38] Epoch 08 train batch [1600/1875] loss=0.1697 avg_loss=0.1642
[2026-06-03 01:41:42] Epoch 08 train batch [1620/1875] loss=0.2717 avg_loss=0.1638
[2026-06-03 01:41:46] Epoch 08 train batch [1640/1875] loss=0.3700 avg_loss=0.1639
[2026-06-03 01:41:50] Epoch 08 train batch [1660/1875] loss=0.4351 avg_loss=0.1638
[2026-06-03 01:41:55] Epoch 08 train batch [1680/1875] loss=0.0617 avg_loss=0.1631
[2026-06-03 01:41:59] Epoch 08 train batch [1700/1875] loss=0.2883 avg_loss=0.1636
[2026-06-03 01:42:03] Epoch 08 train batch [1720/1875] loss=0.2498 avg_loss=0.1633
[2026-06-03 01:42:07] Epoch 08 train batch [1740/1875] loss=0.1439 avg_loss=0.1633
[2026-06-03 01:42:11] Epoch 08 train batch [1760/1875] loss=0.1983 avg_loss=0.1638
[2026-06-03 01:42:14] Epoch 08 train batch [1780/1875] loss=0.2356 avg_loss=0.1637
[2026-06-03 01:42:17] Epoch 08 train batch [1800/1875] loss=0.2264 avg_loss=0.1636
[2026-06-03 01:42:20] Epoch 08 train batch [1820/1875] loss=0.2760 avg_loss=0.1638
[2026-06-03 01:42:23] Epoch 08 train batch [1840/1875] loss=0.2739 avg_loss=0.1635
[2026-06-03 01:42:26] Epoch 08 train batch [1860/1875] loss=0.0568 avg_loss=0.1634
[2026-06-03 01:42:28] Epoch 08 train batch [1875/1875] loss=0.0405 avg_loss=0.1631
[2026-06-03 01:42:28] Epoch 08 training completed. Computing validation loss.
[2026-06-03 01:43:06] Epoch 08 validation loss completed: 0.1946. Computing detection metrics.
[2026-06-03 01:43:45] Epoch 08 metrics computed. Saving artifacts.
[2026-06-03 01:43:45] Epoch 08 did not improve mAP@0.5 enough. Early stopping counter: 2/7.
Epoch [08/30]
├── Train Loss : 0.1631
│   ├── loss_classifier  : 0.0530
│   ├── loss_box_reg     : 0.0981
│   ├── loss_objectness  : 0.0065
│   └── loss_rpn_box_reg : 0.0055
├── Val Loss   : 0.1946
├── mAP@0.5    : 0.7065
├── mAP@0.75   : 0.3506
├── mAP@0.5:0.95 : 0.3714
├── Precision  : 0.5955
├── Recall     : 0.7902
├── GT Boxes   : 2021
├── Predictions: 2682
├── Per-class AP
│   ├── person  : AP50=0.7913, AP75=0.3727, AP50:95=0.4022, P=0.6303, R=0.8445
│   ├── car     : AP50=0.6796, AP75=0.3660, AP50:95=0.3641, P=0.4831, R=0.7562
│   ├── dog     : AP50=0.7873, AP75=0.4353, AP50:95=0.4363, P=0.5972, R=0.8350
│   ├── cat     : AP50=0.8470, AP75=0.4861, AP50:95=0.4753, P=0.7045, R=0.8807
│   └── chair   : AP50=0.4275, AP75=0.0930, AP50:95=0.1793, P=0.5103, R=0.5284
├── LR         : 0.001000
└── Time       : 464.2s
[2026-06-03 01:43:45] Epoch [08/30] completed.
[2026-06-03 01:43:45] Epoch [09/30] started.
[2026-06-03 01:43:50] Epoch 09 train batch [20/1875] loss=0.1110 avg_loss=0.1611
[2026-06-03 01:43:54] Epoch 09 train batch [40/1875] loss=0.0298 avg_loss=0.1431
[2026-06-03 01:43:58] Epoch 09 train batch [60/1875] loss=0.3813 avg_loss=0.1522
[2026-06-03 01:44:02] Epoch 09 train batch [80/1875] loss=0.0896 avg_loss=0.1437
[2026-06-03 01:44:06] Epoch 09 train batch [100/1875] loss=0.0412 avg_loss=0.1428
[2026-06-03 01:44:11] Epoch 09 train batch [120/1875] loss=0.0804 avg_loss=0.1435
[2026-06-03 01:44:15] Epoch 09 train batch [140/1875] loss=0.3495 avg_loss=0.1456
[2026-06-03 01:44:19] Epoch 09 train batch [160/1875] loss=0.2829 avg_loss=0.1487
[2026-06-03 01:44:23] Epoch 09 train batch [180/1875] loss=0.1866 avg_loss=0.1483
[2026-06-03 01:44:27] Epoch 09 train batch [200/1875] loss=0.1079 avg_loss=0.1512
[2026-06-03 01:44:31] Epoch 09 train batch [220/1875] loss=0.2707 avg_loss=0.1538
[2026-06-03 01:44:36] Epoch 09 train batch [240/1875] loss=0.1485 avg_loss=0.1515
[2026-06-03 01:44:40] Epoch 09 train batch [260/1875] loss=0.2243 avg_loss=0.1545
[2026-06-03 01:44:44] Epoch 09 train batch [280/1875] loss=0.3255 avg_loss=0.1602
[2026-06-03 01:44:48] Epoch 09 train batch [300/1875] loss=0.0123 avg_loss=0.1582
[2026-06-03 01:44:52] Epoch 09 train batch [320/1875] loss=0.0666 avg_loss=0.1585
[2026-06-03 01:44:57] Epoch 09 train batch [340/1875] loss=0.1698 avg_loss=0.1590
[2026-06-03 01:45:01] Epoch 09 train batch [360/1875] loss=0.0388 avg_loss=0.1579
[2026-06-03 01:45:05] Epoch 09 train batch [380/1875] loss=0.0765 avg_loss=0.1616
[2026-06-03 01:45:09] Epoch 09 train batch [400/1875] loss=0.2575 avg_loss=0.1611
[2026-06-03 01:45:13] Epoch 09 train batch [420/1875] loss=0.1012 avg_loss=0.1623
[2026-06-03 01:45:18] Epoch 09 train batch [440/1875] loss=0.2164 avg_loss=0.1613
[2026-06-03 01:45:22] Epoch 09 train batch [460/1875] loss=0.1423 avg_loss=0.1609
[2026-06-03 01:45:26] Epoch 09 train batch [480/1875] loss=0.2852 avg_loss=0.1603
[2026-06-03 01:45:31] Epoch 09 train batch [500/1875] loss=0.0820 avg_loss=0.1592
[2026-06-03 01:45:35] Epoch 09 train batch [520/1875] loss=0.1348 avg_loss=0.1575
[2026-06-03 01:45:39] Epoch 09 train batch [540/1875] loss=0.3060 avg_loss=0.1578
[2026-06-03 01:45:43] Epoch 09 train batch [560/1875] loss=0.2920 avg_loss=0.1573
[2026-06-03 01:45:47] Epoch 09 train batch [580/1875] loss=0.0518 avg_loss=0.1566
[2026-06-03 01:45:51] Epoch 09 train batch [600/1875] loss=0.1569 avg_loss=0.1571
[2026-06-03 01:45:56] Epoch 09 train batch [620/1875] loss=0.0499 avg_loss=0.1565
[2026-06-03 01:46:00] Epoch 09 train batch [640/1875] loss=0.1464 avg_loss=0.1565
[2026-06-03 01:46:04] Epoch 09 train batch [660/1875] loss=0.1149 avg_loss=0.1571
[2026-06-03 01:46:08] Epoch 09 train batch [680/1875] loss=0.0883 avg_loss=0.1564
[2026-06-03 01:46:13] Epoch 09 train batch [700/1875] loss=0.0825 avg_loss=0.1559
[2026-06-03 01:46:17] Epoch 09 train batch [720/1875] loss=0.0689 avg_loss=0.1572
[2026-06-03 01:46:21] Epoch 09 train batch [740/1875] loss=0.1026 avg_loss=0.1558
[2026-06-03 01:46:25] Epoch 09 train batch [760/1875] loss=0.0937 avg_loss=0.1558
[2026-06-03 01:46:29] Epoch 09 train batch [780/1875] loss=0.1933 avg_loss=0.1559
[2026-06-03 01:46:34] Epoch 09 train batch [800/1875] loss=0.1988 avg_loss=0.1552
[2026-06-03 01:46:38] Epoch 09 train batch [820/1875] loss=0.2232 avg_loss=0.1549
[2026-06-03 01:46:42] Epoch 09 train batch [840/1875] loss=0.1496 avg_loss=0.1564
[2026-06-03 01:46:47] Epoch 09 train batch [860/1875] loss=0.3047 avg_loss=0.1562
[2026-06-03 01:46:51] Epoch 09 train batch [880/1875] loss=0.0266 avg_loss=0.1559
[2026-06-03 01:46:55] Epoch 09 train batch [900/1875] loss=0.1373 avg_loss=0.1556
[2026-06-03 01:47:00] Epoch 09 train batch [920/1875] loss=0.1766 avg_loss=0.1551
[2026-06-03 01:47:04] Epoch 09 train batch [940/1875] loss=0.1680 avg_loss=0.1551
[2026-06-03 01:47:08] Epoch 09 train batch [960/1875] loss=0.1320 avg_loss=0.1558
[2026-06-03 01:47:12] Epoch 09 train batch [980/1875] loss=0.1182 avg_loss=0.1552
[2026-06-03 01:47:16] Epoch 09 train batch [1000/1875] loss=0.0429 avg_loss=0.1550
[2026-06-03 01:47:20] Epoch 09 train batch [1020/1875] loss=0.0032 avg_loss=0.1552
[2026-06-03 01:47:25] Epoch 09 train batch [1040/1875] loss=0.2714 avg_loss=0.1556
[2026-06-03 01:47:29] Epoch 09 train batch [1060/1875] loss=0.1759 avg_loss=0.1566
[2026-06-03 01:47:33] Epoch 09 train batch [1080/1875] loss=0.2622 avg_loss=0.1568
[2026-06-03 01:47:38] Epoch 09 train batch [1100/1875] loss=0.3065 avg_loss=0.1574
[2026-06-03 01:47:42] Epoch 09 train batch [1120/1875] loss=0.2226 avg_loss=0.1572
[2026-06-03 01:47:46] Epoch 09 train batch [1140/1875] loss=0.0382 avg_loss=0.1572
[2026-06-03 01:47:50] Epoch 09 train batch [1160/1875] loss=0.0734 avg_loss=0.1580
[2026-06-03 01:47:54] Epoch 09 train batch [1180/1875] loss=0.0924 avg_loss=0.1578
[2026-06-03 01:47:59] Epoch 09 train batch [1200/1875] loss=0.1667 avg_loss=0.1577
[2026-06-03 01:48:03] Epoch 09 train batch [1220/1875] loss=0.2333 avg_loss=0.1574
[2026-06-03 01:48:07] Epoch 09 train batch [1240/1875] loss=0.2937 avg_loss=0.1576
[2026-06-03 01:48:12] Epoch 09 train batch [1260/1875] loss=0.2411 avg_loss=0.1582
[2026-06-03 01:48:16] Epoch 09 train batch [1280/1875] loss=0.0222 avg_loss=0.1581
[2026-06-03 01:48:20] Epoch 09 train batch [1300/1875] loss=0.1882 avg_loss=0.1585
[2026-06-03 01:48:24] Epoch 09 train batch [1320/1875] loss=0.1312 avg_loss=0.1582
[2026-06-03 01:48:28] Epoch 09 train batch [1340/1875] loss=0.0139 avg_loss=0.1578
[2026-06-03 01:48:33] Epoch 09 train batch [1360/1875] loss=0.1504 avg_loss=0.1572
[2026-06-03 01:48:37] Epoch 09 train batch [1380/1875] loss=0.2657 avg_loss=0.1573
[2026-06-03 01:48:41] Epoch 09 train batch [1400/1875] loss=0.1351 avg_loss=0.1575
[2026-06-03 01:48:45] Epoch 09 train batch [1420/1875] loss=0.1557 avg_loss=0.1578
[2026-06-03 01:48:49] Epoch 09 train batch [1440/1875] loss=0.1533 avg_loss=0.1577
[2026-06-03 01:48:54] Epoch 09 train batch [1460/1875] loss=0.1556 avg_loss=0.1572
[2026-06-03 01:48:58] Epoch 09 train batch [1480/1875] loss=0.1274 avg_loss=0.1571
[2026-06-03 01:49:02] Epoch 09 train batch [1500/1875] loss=0.0388 avg_loss=0.1579
[2026-06-03 01:49:07] Epoch 09 train batch [1520/1875] loss=0.0361 avg_loss=0.1577
[2026-06-03 01:49:11] Epoch 09 train batch [1540/1875] loss=0.1865 avg_loss=0.1581
[2026-06-03 01:49:15] Epoch 09 train batch [1560/1875] loss=0.1114 avg_loss=0.1585
[2026-06-03 01:49:19] Epoch 09 train batch [1580/1875] loss=0.2405 avg_loss=0.1587
[2026-06-03 01:49:23] Epoch 09 train batch [1600/1875] loss=0.0813 avg_loss=0.1583
[2026-06-03 01:49:28] Epoch 09 train batch [1620/1875] loss=0.4455 avg_loss=0.1583
[2026-06-03 01:49:32] Epoch 09 train batch [1640/1875] loss=0.1682 avg_loss=0.1583
[2026-06-03 01:49:36] Epoch 09 train batch [1660/1875] loss=0.1000 avg_loss=0.1583
[2026-06-03 01:49:40] Epoch 09 train batch [1680/1875] loss=0.1174 avg_loss=0.1582
[2026-06-03 01:49:44] Epoch 09 train batch [1700/1875] loss=0.0698 avg_loss=0.1582
[2026-06-03 01:49:49] Epoch 09 train batch [1720/1875] loss=0.1912 avg_loss=0.1577
[2026-06-03 01:49:53] Epoch 09 train batch [1740/1875] loss=0.1161 avg_loss=0.1571
[2026-06-03 01:49:57] Epoch 09 train batch [1760/1875] loss=0.0923 avg_loss=0.1569
[2026-06-03 01:50:01] Epoch 09 train batch [1780/1875] loss=0.2084 avg_loss=0.1572
[2026-06-03 01:50:06] Epoch 09 train batch [1800/1875] loss=0.3082 avg_loss=0.1570
[2026-06-03 01:50:10] Epoch 09 train batch [1820/1875] loss=0.1312 avg_loss=0.1571
[2026-06-03 01:50:13] Epoch 09 train batch [1840/1875] loss=0.1953 avg_loss=0.1571
[2026-06-03 01:50:15] Epoch 09 train batch [1860/1875] loss=0.2586 avg_loss=0.1571
[2026-06-03 01:50:18] Epoch 09 train batch [1875/1875] loss=0.0704 avg_loss=0.1573
[2026-06-03 01:50:18] Epoch 09 training completed. Computing validation loss.
[2026-06-03 01:50:57] Epoch 09 validation loss completed: 0.1887. Computing detection metrics.
[2026-06-03 01:51:34] Epoch 09 metrics computed. Saving artifacts.
[2026-06-03 01:51:35] Epoch 09 improved mAP@0.5 to 0.7322. Saved best checkpoint: best_model-20260603-004418.pth.
Epoch [09/30]
├── Train Loss : 0.1573
│   ├── loss_classifier  : 0.0510
│   ├── loss_box_reg     : 0.0952
│   ├── loss_objectness  : 0.0058
│   └── loss_rpn_box_reg : 0.0053
├── Val Loss   : 0.1887
├── mAP@0.5    : 0.7322
├── mAP@0.75   : 0.3896
├── mAP@0.5:0.95 : 0.4012
├── Precision  : 0.5164
├── Recall     : 0.8258
├── GT Boxes   : 2021
├── Predictions: 3232
├── Per-class AP
│   ├── person  : AP50=0.7981, AP75=0.3947, AP50:95=0.4254, P=0.5609, R=0.8575
│   ├── car     : AP50=0.6966, AP75=0.3771, AP50:95=0.3840, P=0.4098, R=0.7951
│   ├── dog     : AP50=0.7983, AP75=0.5184, AP50:95=0.4797, P=0.6853, R=0.8350
│   ├── cat     : AP50=0.8405, AP75=0.4833, AP50:95=0.4757, P=0.7716, R=0.8636
│   └── chair   : AP50=0.5276, AP75=0.1744, AP50:95=0.2413, P=0.3356, R=0.7057
├── LR         : 0.001000
└── Time       : 468.1s
[2026-06-03 01:51:35] Epoch [09/30] completed.
[2026-06-03 01:51:35] Epoch [10/30] started.
[2026-06-03 01:51:39] Epoch 10 train batch [20/1875] loss=0.2970 avg_loss=0.2039
[2026-06-03 01:51:43] Epoch 10 train batch [40/1875] loss=0.0678 avg_loss=0.1789
[2026-06-03 01:51:47] Epoch 10 train batch [60/1875] loss=0.1006 avg_loss=0.1664
[2026-06-03 01:51:52] Epoch 10 train batch [80/1875] loss=0.1563 avg_loss=0.1736
[2026-06-03 01:51:56] Epoch 10 train batch [100/1875] loss=0.1534 avg_loss=0.1732
[2026-06-03 01:52:00] Epoch 10 train batch [120/1875] loss=0.0289 avg_loss=0.1720
[2026-06-03 01:52:04] Epoch 10 train batch [140/1875] loss=0.1656 avg_loss=0.1678
[2026-06-03 01:52:08] Epoch 10 train batch [160/1875] loss=0.1486 avg_loss=0.1642
[2026-06-03 01:52:13] Epoch 10 train batch [180/1875] loss=0.1729 avg_loss=0.1683
[2026-06-03 01:52:17] Epoch 10 train batch [200/1875] loss=0.2524 avg_loss=0.1667
[2026-06-03 01:52:21] Epoch 10 train batch [220/1875] loss=0.1287 avg_loss=0.1659
[2026-06-03 01:52:25] Epoch 10 train batch [240/1875] loss=0.0585 avg_loss=0.1685
[2026-06-03 01:52:29] Epoch 10 train batch [260/1875] loss=0.1225 avg_loss=0.1681
[2026-06-03 01:52:33] Epoch 10 train batch [280/1875] loss=0.2755 avg_loss=0.1651
[2026-06-03 01:52:38] Epoch 10 train batch [300/1875] loss=0.0278 avg_loss=0.1613
[2026-06-03 01:52:42] Epoch 10 train batch [320/1875] loss=0.3140 avg_loss=0.1598
[2026-06-03 01:52:46] Epoch 10 train batch [340/1875] loss=0.1587 avg_loss=0.1594
[2026-06-03 01:52:50] Epoch 10 train batch [360/1875] loss=0.1929 avg_loss=0.1589
[2026-06-03 01:52:55] Epoch 10 train batch [380/1875] loss=0.0820 avg_loss=0.1580
[2026-06-03 01:52:59] Epoch 10 train batch [400/1875] loss=0.0196 avg_loss=0.1576
[2026-06-03 01:53:03] Epoch 10 train batch [420/1875] loss=0.0965 avg_loss=0.1561
[2026-06-03 01:53:07] Epoch 10 train batch [440/1875] loss=0.1739 avg_loss=0.1560
[2026-06-03 01:53:12] Epoch 10 train batch [460/1875] loss=0.1399 avg_loss=0.1565
[2026-06-03 01:53:16] Epoch 10 train batch [480/1875] loss=0.1752 avg_loss=0.1553
[2026-06-03 01:53:20] Epoch 10 train batch [500/1875] loss=0.2358 avg_loss=0.1559
[2026-06-03 01:53:24] Epoch 10 train batch [520/1875] loss=0.0402 avg_loss=0.1541
[2026-06-03 01:53:29] Epoch 10 train batch [540/1875] loss=0.0294 avg_loss=0.1543
[2026-06-03 01:53:33] Epoch 10 train batch [560/1875] loss=0.1113 avg_loss=0.1534
[2026-06-03 01:53:37] Epoch 10 train batch [580/1875] loss=0.3601 avg_loss=0.1542
[2026-06-03 01:53:41] Epoch 10 train batch [600/1875] loss=0.1192 avg_loss=0.1536
[2026-06-03 01:53:45] Epoch 10 train batch [620/1875] loss=0.2075 avg_loss=0.1533
[2026-06-03 01:53:50] Epoch 10 train batch [640/1875] loss=0.0264 avg_loss=0.1529
[2026-06-03 01:53:54] Epoch 10 train batch [660/1875] loss=0.1338 avg_loss=0.1537
[2026-06-03 01:53:58] Epoch 10 train batch [680/1875] loss=0.0291 avg_loss=0.1541
[2026-06-03 01:54:02] Epoch 10 train batch [700/1875] loss=0.1018 avg_loss=0.1529
[2026-06-03 01:54:07] Epoch 10 train batch [720/1875] loss=0.2647 avg_loss=0.1528
[2026-06-03 01:54:11] Epoch 10 train batch [740/1875] loss=0.0484 avg_loss=0.1531
[2026-06-03 01:54:15] Epoch 10 train batch [760/1875] loss=0.1854 avg_loss=0.1522
[2026-06-03 01:54:19] Epoch 10 train batch [780/1875] loss=0.3366 avg_loss=0.1523
[2026-06-03 01:54:23] Epoch 10 train batch [800/1875] loss=0.0733 avg_loss=0.1512
[2026-06-03 01:54:28] Epoch 10 train batch [820/1875] loss=0.2704 avg_loss=0.1518
[2026-06-03 01:54:32] Epoch 10 train batch [840/1875] loss=0.0930 avg_loss=0.1515
[2026-06-03 01:54:36] Epoch 10 train batch [860/1875] loss=0.2875 avg_loss=0.1514
[2026-06-03 01:54:40] Epoch 10 train batch [880/1875] loss=0.1523 avg_loss=0.1513
[2026-06-03 01:54:44] Epoch 10 train batch [900/1875] loss=0.1176 avg_loss=0.1518
[2026-06-03 01:54:49] Epoch 10 train batch [920/1875] loss=0.0409 avg_loss=0.1522
[2026-06-03 01:54:53] Epoch 10 train batch [940/1875] loss=0.2041 avg_loss=0.1524
[2026-06-03 01:54:57] Epoch 10 train batch [960/1875] loss=0.0490 avg_loss=0.1515
[2026-06-03 01:55:01] Epoch 10 train batch [980/1875] loss=0.0384 avg_loss=0.1513
[2026-06-03 01:55:05] Epoch 10 train batch [1000/1875] loss=0.2835 avg_loss=0.1515
[2026-06-03 01:55:10] Epoch 10 train batch [1020/1875] loss=0.0672 avg_loss=0.1511
[2026-06-03 01:55:14] Epoch 10 train batch [1040/1875] loss=0.1644 avg_loss=0.1503
[2026-06-03 01:55:18] Epoch 10 train batch [1060/1875] loss=0.2341 avg_loss=0.1504
[2026-06-03 01:55:22] Epoch 10 train batch [1080/1875] loss=0.0929 avg_loss=0.1505
[2026-06-03 01:55:27] Epoch 10 train batch [1100/1875] loss=0.3488 avg_loss=0.1504
[2026-06-03 01:55:31] Epoch 10 train batch [1120/1875] loss=0.1379 avg_loss=0.1503
[2026-06-03 01:55:35] Epoch 10 train batch [1140/1875] loss=0.0881 avg_loss=0.1499
[2026-06-03 01:55:39] Epoch 10 train batch [1160/1875] loss=0.1334 avg_loss=0.1501
[2026-06-03 01:55:43] Epoch 10 train batch [1180/1875] loss=0.0193 avg_loss=0.1500
[2026-06-03 01:55:47] Epoch 10 train batch [1200/1875] loss=0.0677 avg_loss=0.1494
[2026-06-03 01:55:51] Epoch 10 train batch [1220/1875] loss=0.2289 avg_loss=0.1491
[2026-06-03 01:55:56] Epoch 10 train batch [1240/1875] loss=0.0771 avg_loss=0.1493
[2026-06-03 01:56:00] Epoch 10 train batch [1260/1875] loss=0.0332 avg_loss=0.1489
[2026-06-03 01:56:04] Epoch 10 train batch [1280/1875] loss=0.0170 avg_loss=0.1487
[2026-06-03 01:56:08] Epoch 10 train batch [1300/1875] loss=0.0791 avg_loss=0.1488
[2026-06-03 01:56:12] Epoch 10 train batch [1320/1875] loss=0.0535 avg_loss=0.1488
[2026-06-03 01:56:17] Epoch 10 train batch [1340/1875] loss=0.0581 avg_loss=0.1488
[2026-06-03 01:56:21] Epoch 10 train batch [1360/1875] loss=0.1190 avg_loss=0.1492
[2026-06-03 01:56:25] Epoch 10 train batch [1380/1875] loss=0.1481 avg_loss=0.1496
[2026-06-03 01:56:29] Epoch 10 train batch [1400/1875] loss=0.3244 avg_loss=0.1499
[2026-06-03 01:56:34] Epoch 10 train batch [1420/1875] loss=0.6478 avg_loss=0.1506
[2026-06-03 01:56:38] Epoch 10 train batch [1440/1875] loss=0.0801 avg_loss=0.1507
[2026-06-03 01:56:42] Epoch 10 train batch [1460/1875] loss=0.0566 avg_loss=0.1505
[2026-06-03 01:56:46] Epoch 10 train batch [1480/1875] loss=0.0540 avg_loss=0.1500
[2026-06-03 01:56:51] Epoch 10 train batch [1500/1875] loss=0.1264 avg_loss=0.1503
[2026-06-03 01:56:55] Epoch 10 train batch [1520/1875] loss=0.0522 avg_loss=0.1504
[2026-06-03 01:56:59] Epoch 10 train batch [1540/1875] loss=0.1215 avg_loss=0.1504
[2026-06-03 01:57:03] Epoch 10 train batch [1560/1875] loss=0.1352 avg_loss=0.1500
[2026-06-03 01:57:07] Epoch 10 train batch [1580/1875] loss=0.1097 avg_loss=0.1498
[2026-06-03 01:57:12] Epoch 10 train batch [1600/1875] loss=0.1736 avg_loss=0.1500
[2026-06-03 01:57:16] Epoch 10 train batch [1620/1875] loss=0.3049 avg_loss=0.1500
[2026-06-03 01:57:20] Epoch 10 train batch [1640/1875] loss=0.1592 avg_loss=0.1500
[2026-06-03 01:57:25] Epoch 10 train batch [1660/1875] loss=0.0701 avg_loss=0.1497
[2026-06-03 01:57:29] Epoch 10 train batch [1680/1875] loss=0.0598 avg_loss=0.1497
[2026-06-03 01:57:33] Epoch 10 train batch [1700/1875] loss=0.2404 avg_loss=0.1500
[2026-06-03 01:57:37] Epoch 10 train batch [1720/1875] loss=0.0184 avg_loss=0.1499
[2026-06-03 01:57:41] Epoch 10 train batch [1740/1875] loss=0.2683 avg_loss=0.1498
[2026-06-03 01:57:46] Epoch 10 train batch [1760/1875] loss=0.0901 avg_loss=0.1498
[2026-06-03 01:57:50] Epoch 10 train batch [1780/1875] loss=0.1236 avg_loss=0.1495
[2026-06-03 01:57:54] Epoch 10 train batch [1800/1875] loss=0.0860 avg_loss=0.1499
[2026-06-03 01:57:58] Epoch 10 train batch [1820/1875] loss=0.1971 avg_loss=0.1496
[2026-06-03 01:58:02] Epoch 10 train batch [1840/1875] loss=0.1531 avg_loss=0.1493
[2026-06-03 01:58:07] Epoch 10 train batch [1860/1875] loss=0.0989 avg_loss=0.1492
[2026-06-03 01:58:09] Epoch 10 train batch [1875/1875] loss=0.0741 avg_loss=0.1490
[2026-06-03 01:58:09] Epoch 10 training completed. Computing validation loss.
[2026-06-03 01:58:47] Epoch 10 validation loss completed: 0.1821. Computing detection metrics.
[2026-06-03 01:59:27] Epoch 10 metrics computed. Saving artifacts.
[2026-06-03 01:59:28] Epoch 10 did not improve mAP@0.5 enough. Early stopping counter: 1/7.
Epoch [10/30]
├── Train Loss : 0.1490
│   ├── loss_classifier  : 0.0476
│   ├── loss_box_reg     : 0.0911
│   ├── loss_objectness  : 0.0052
│   └── loss_rpn_box_reg : 0.0050
├── Val Loss   : 0.1821
├── mAP@0.5    : 0.7290
├── mAP@0.75   : 0.4166
├── mAP@0.5:0.95 : 0.4035
├── Precision  : 0.5767
├── Recall     : 0.8224
├── GT Boxes   : 2021
├── Predictions: 2882
├── Per-class AP
│   ├── person  : AP50=0.8182, AP75=0.4250, AP50:95=0.4388, P=0.6027, R=0.8715
│   ├── car     : AP50=0.6918, AP75=0.4309, AP50:95=0.3997, P=0.5093, R=0.7703
│   ├── dog     : AP50=0.8236, AP75=0.5680, AP50:95=0.4939, P=0.6768, R=0.8641
│   ├── cat     : AP50=0.8079, AP75=0.4356, AP50:95=0.4367, P=0.7861, R=0.8352
│   └── chair   : AP50=0.5039, AP75=0.2236, AP50:95=0.2483, P=0.4058, R=0.6489
├── LR         : 0.001000
└── Time       : 472.2s
[2026-06-03 01:59:28] Epoch [10/30] completed.
[2026-06-03 01:59:28] Epoch [11/30] started.
[2026-06-03 01:59:31] Epoch 11 train batch [20/1875] loss=0.1349 avg_loss=0.1805
[2026-06-03 01:59:35] Epoch 11 train batch [40/1875] loss=0.0301 avg_loss=0.1507
[2026-06-03 01:59:39] Epoch 11 train batch [60/1875] loss=0.1889 avg_loss=0.1435
[2026-06-03 01:59:44] Epoch 11 train batch [80/1875] loss=0.2369 avg_loss=0.1421
[2026-06-03 01:59:48] Epoch 11 train batch [100/1875] loss=0.1027 avg_loss=0.1453
[2026-06-03 01:59:52] Epoch 11 train batch [120/1875] loss=0.0211 avg_loss=0.1446
[2026-06-03 01:59:56] Epoch 11 train batch [140/1875] loss=0.0586 avg_loss=0.1471
[2026-06-03 02:00:01] Epoch 11 train batch [160/1875] loss=0.3031 avg_loss=0.1495
[2026-06-03 02:00:05] Epoch 11 train batch [180/1875] loss=0.0474 avg_loss=0.1470
[2026-06-03 02:00:09] Epoch 11 train batch [200/1875] loss=0.1170 avg_loss=0.1464
[2026-06-03 02:00:13] Epoch 11 train batch [220/1875] loss=0.0672 avg_loss=0.1468
[2026-06-03 02:00:17] Epoch 11 train batch [240/1875] loss=0.0695 avg_loss=0.1461
[2026-06-03 02:00:21] Epoch 11 train batch [260/1875] loss=0.0968 avg_loss=0.1469
[2026-06-03 02:00:26] Epoch 11 train batch [280/1875] loss=0.0810 avg_loss=0.1440
[2026-06-03 02:00:30] Epoch 11 train batch [300/1875] loss=0.0647 avg_loss=0.1430
[2026-06-03 02:00:34] Epoch 11 train batch [320/1875] loss=0.0778 avg_loss=0.1407
[2026-06-03 02:00:38] Epoch 11 train batch [340/1875] loss=0.0791 avg_loss=0.1382
[2026-06-03 02:00:43] Epoch 11 train batch [360/1875] loss=0.0669 avg_loss=0.1395
[2026-06-03 02:00:47] Epoch 11 train batch [380/1875] loss=0.2282 avg_loss=0.1387
[2026-06-03 02:00:51] Epoch 11 train batch [400/1875] loss=0.1190 avg_loss=0.1380
[2026-06-03 02:00:55] Epoch 11 train batch [420/1875] loss=0.1945 avg_loss=0.1385
[2026-06-03 02:00:59] Epoch 11 train batch [440/1875] loss=0.0859 avg_loss=0.1395
[2026-06-03 02:01:04] Epoch 11 train batch [460/1875] loss=0.0085 avg_loss=0.1406
[2026-06-03 02:01:08] Epoch 11 train batch [480/1875] loss=0.1846 avg_loss=0.1414
[2026-06-03 02:01:12] Epoch 11 train batch [500/1875] loss=0.0503 avg_loss=0.1424
[2026-06-03 02:01:16] Epoch 11 train batch [520/1875] loss=0.0756 avg_loss=0.1431
[2026-06-03 02:01:21] Epoch 11 train batch [540/1875] loss=0.0435 avg_loss=0.1419
[2026-06-03 02:01:25] Epoch 11 train batch [560/1875] loss=0.2769 avg_loss=0.1427
[2026-06-03 02:01:29] Epoch 11 train batch [580/1875] loss=0.0394 avg_loss=0.1422
[2026-06-03 02:01:33] Epoch 11 train batch [600/1875] loss=0.1475 avg_loss=0.1439
[2026-06-03 02:01:38] Epoch 11 train batch [620/1875] loss=0.0045 avg_loss=0.1450
[2026-06-03 02:01:42] Epoch 11 train batch [640/1875] loss=0.0732 avg_loss=0.1444
[2026-06-03 02:01:46] Epoch 11 train batch [660/1875] loss=0.0757 avg_loss=0.1439
[2026-06-03 02:01:50] Epoch 11 train batch [680/1875] loss=0.0739 avg_loss=0.1448
[2026-06-03 02:01:54] Epoch 11 train batch [700/1875] loss=0.1865 avg_loss=0.1441
[2026-06-03 02:01:58] Epoch 11 train batch [720/1875] loss=0.0949 avg_loss=0.1444
[2026-06-03 02:02:02] Epoch 11 train batch [740/1875] loss=0.0299 avg_loss=0.1433
[2026-06-03 02:02:07] Epoch 11 train batch [760/1875] loss=0.2326 avg_loss=0.1436
[2026-06-03 02:02:11] Epoch 11 train batch [780/1875] loss=0.1992 avg_loss=0.1438
[2026-06-03 02:02:15] Epoch 11 train batch [800/1875] loss=0.1838 avg_loss=0.1430
[2026-06-03 02:02:19] Epoch 11 train batch [820/1875] loss=0.0660 avg_loss=0.1421
[2026-06-03 02:02:24] Epoch 11 train batch [840/1875] loss=0.2762 avg_loss=0.1421
[2026-06-03 02:02:28] Epoch 11 train batch [860/1875] loss=0.0696 avg_loss=0.1436
[2026-06-03 02:02:32] Epoch 11 train batch [880/1875] loss=0.0479 avg_loss=0.1440
[2026-06-03 02:02:36] Epoch 11 train batch [900/1875] loss=0.0356 avg_loss=0.1440
[2026-06-03 02:02:40] Epoch 11 train batch [920/1875] loss=0.1646 avg_loss=0.1442
[2026-06-03 02:02:44] Epoch 11 train batch [940/1875] loss=0.0588 avg_loss=0.1450
[2026-06-03 02:02:49] Epoch 11 train batch [960/1875] loss=0.1551 avg_loss=0.1445
[2026-06-03 02:02:53] Epoch 11 train batch [980/1875] loss=0.1474 avg_loss=0.1445
[2026-06-03 02:02:57] Epoch 11 train batch [1000/1875] loss=0.1567 avg_loss=0.1448
[2026-06-03 02:03:01] Epoch 11 train batch [1020/1875] loss=0.0445 avg_loss=0.1444
[2026-06-03 02:03:06] Epoch 11 train batch [1040/1875] loss=0.0779 avg_loss=0.1446
[2026-06-03 02:03:10] Epoch 11 train batch [1060/1875] loss=0.1274 avg_loss=0.1448
[2026-06-03 02:03:14] Epoch 11 train batch [1080/1875] loss=0.0649 avg_loss=0.1448
[2026-06-03 02:03:18] Epoch 11 train batch [1100/1875] loss=0.0213 avg_loss=0.1446
[2026-06-03 02:03:22] Epoch 11 train batch [1120/1875] loss=0.4716 avg_loss=0.1445
[2026-06-03 02:03:27] Epoch 11 train batch [1140/1875] loss=0.3156 avg_loss=0.1446
[2026-06-03 02:03:31] Epoch 11 train batch [1160/1875] loss=0.0929 avg_loss=0.1443
[2026-06-03 02:03:36] Epoch 11 train batch [1180/1875] loss=0.0946 avg_loss=0.1444
[2026-06-03 02:03:40] Epoch 11 train batch [1200/1875] loss=0.0405 avg_loss=0.1442
[2026-06-03 02:03:44] Epoch 11 train batch [1220/1875] loss=0.1495 avg_loss=0.1442
[2026-06-03 02:03:49] Epoch 11 train batch [1240/1875] loss=0.0747 avg_loss=0.1446
[2026-06-03 02:03:53] Epoch 11 train batch [1260/1875] loss=0.0816 avg_loss=0.1445
[2026-06-03 02:03:57] Epoch 11 train batch [1280/1875] loss=0.1329 avg_loss=0.1445
[2026-06-03 02:04:01] Epoch 11 train batch [1300/1875] loss=0.1457 avg_loss=0.1447
[2026-06-03 02:04:06] Epoch 11 train batch [1320/1875] loss=0.1554 avg_loss=0.1447
[2026-06-03 02:04:10] Epoch 11 train batch [1340/1875] loss=0.2127 avg_loss=0.1449
[2026-06-03 02:04:14] Epoch 11 train batch [1360/1875] loss=0.1893 avg_loss=0.1447
[2026-06-03 02:04:18] Epoch 11 train batch [1380/1875] loss=0.2919 avg_loss=0.1444
[2026-06-03 02:04:23] Epoch 11 train batch [1400/1875] loss=0.2678 avg_loss=0.1446
[2026-06-03 02:04:27] Epoch 11 train batch [1420/1875] loss=0.0906 avg_loss=0.1446
[2026-06-03 02:04:31] Epoch 11 train batch [1440/1875] loss=0.1446 avg_loss=0.1449
[2026-06-03 02:04:35] Epoch 11 train batch [1460/1875] loss=0.0363 avg_loss=0.1448
[2026-06-03 02:04:39] Epoch 11 train batch [1480/1875] loss=0.2535 avg_loss=0.1447
[2026-06-03 02:04:44] Epoch 11 train batch [1500/1875] loss=0.0918 avg_loss=0.1444
[2026-06-03 02:04:48] Epoch 11 train batch [1520/1875] loss=0.2357 avg_loss=0.1444
[2026-06-03 02:04:52] Epoch 11 train batch [1540/1875] loss=0.1037 avg_loss=0.1439
[2026-06-03 02:04:56] Epoch 11 train batch [1560/1875] loss=0.1356 avg_loss=0.1436
[2026-06-03 02:05:01] Epoch 11 train batch [1580/1875] loss=0.2191 avg_loss=0.1437
[2026-06-03 02:05:05] Epoch 11 train batch [1600/1875] loss=0.1201 avg_loss=0.1434
[2026-06-03 02:05:09] Epoch 11 train batch [1620/1875] loss=0.0763 avg_loss=0.1433
[2026-06-03 02:05:13] Epoch 11 train batch [1640/1875] loss=0.3298 avg_loss=0.1430
[2026-06-03 02:05:18] Epoch 11 train batch [1660/1875] loss=0.1134 avg_loss=0.1426
[2026-06-03 02:05:22] Epoch 11 train batch [1680/1875] loss=0.0109 avg_loss=0.1425
[2026-06-03 02:05:26] Epoch 11 train batch [1700/1875] loss=0.0281 avg_loss=0.1426
[2026-06-03 02:05:30] Epoch 11 train batch [1720/1875] loss=0.1454 avg_loss=0.1421
[2026-06-03 02:05:34] Epoch 11 train batch [1740/1875] loss=0.1352 avg_loss=0.1422
[2026-06-03 02:05:39] Epoch 11 train batch [1760/1875] loss=0.0443 avg_loss=0.1424
[2026-06-03 02:05:43] Epoch 11 train batch [1780/1875] loss=0.2295 avg_loss=0.1424
[2026-06-03 02:05:47] Epoch 11 train batch [1800/1875] loss=0.1530 avg_loss=0.1428
[2026-06-03 02:05:51] Epoch 11 train batch [1820/1875] loss=0.2221 avg_loss=0.1427
[2026-06-03 02:05:55] Epoch 11 train batch [1840/1875] loss=0.2371 avg_loss=0.1428
[2026-06-03 02:06:00] Epoch 11 train batch [1860/1875] loss=0.1828 avg_loss=0.1428
[2026-06-03 02:06:03] Epoch 11 train batch [1875/1875] loss=0.4008 avg_loss=0.1433
[2026-06-03 02:06:03] Epoch 11 training completed. Computing validation loss.
[2026-06-03 02:06:42] Epoch 11 validation loss completed: 0.1785. Computing detection metrics.
[2026-06-03 02:07:23] Epoch 11 metrics computed. Saving artifacts.
[2026-06-03 02:07:25] Epoch 11 improved mAP@0.5 to 0.7537. Saved best checkpoint: best_model-20260603-004418.pth.
Epoch [11/30]
├── Train Loss : 0.1433
│   ├── loss_classifier  : 0.0455
│   ├── loss_box_reg     : 0.0881
│   ├── loss_objectness  : 0.0048
│   └── loss_rpn_box_reg : 0.0048
├── Val Loss   : 0.1785
├── mAP@0.5    : 0.7537
├── mAP@0.75   : 0.3954
├── mAP@0.5:0.95 : 0.4055
├── Precision  : 0.4856
├── Recall     : 0.8511
├── GT Boxes   : 2021
├── Predictions: 3542
├── Per-class AP
│   ├── person  : AP50=0.8207, AP75=0.4094, AP50:95=0.4382, P=0.5377, R=0.8836
│   ├── car     : AP50=0.7199, AP75=0.4626, AP50:95=0.4098, P=0.4707, R=0.7951
│   ├── dog     : AP50=0.8132, AP75=0.5062, AP50:95=0.4775, P=0.6344, R=0.8592
│   ├── cat     : AP50=0.8768, AP75=0.4500, AP50:95=0.4598, P=0.6583, R=0.8977
│   └── chair   : AP50=0.5381, AP75=0.1490, AP50:95=0.2422, P=0.2705, R=0.7482
├── LR         : 0.001000
└── Time       : 475.2s
[2026-06-03 02:07:25] Epoch [11/30] completed.
[2026-06-03 02:07:25] Epoch [12/30] started.
[2026-06-03 02:07:29] Epoch 12 train batch [20/1875] loss=0.0591 avg_loss=0.1194
[2026-06-03 02:07:33] Epoch 12 train batch [40/1875] loss=0.0908 avg_loss=0.1416
[2026-06-03 02:07:37] Epoch 12 train batch [60/1875] loss=0.0826 avg_loss=0.1362
[2026-06-03 02:07:41] Epoch 12 train batch [80/1875] loss=0.1704 avg_loss=0.1260
[2026-06-03 02:07:46] Epoch 12 train batch [100/1875] loss=0.3218 avg_loss=0.1254
[2026-06-03 02:07:50] Epoch 12 train batch [120/1875] loss=0.0293 avg_loss=0.1275
[2026-06-03 02:07:54] Epoch 12 train batch [140/1875] loss=0.0321 avg_loss=0.1326
[2026-06-03 02:07:58] Epoch 12 train batch [160/1875] loss=0.0495 avg_loss=0.1319
[2026-06-03 02:08:03] Epoch 12 train batch [180/1875] loss=0.0379 avg_loss=0.1296
[2026-06-03 02:08:07] Epoch 12 train batch [200/1875] loss=0.0972 avg_loss=0.1326
[2026-06-03 02:08:11] Epoch 12 train batch [220/1875] loss=0.0332 avg_loss=0.1338
[2026-06-03 02:08:15] Epoch 12 train batch [240/1875] loss=0.1037 avg_loss=0.1327
[2026-06-03 02:08:19] Epoch 12 train batch [260/1875] loss=0.1036 avg_loss=0.1322
[2026-06-03 02:08:23] Epoch 12 train batch [280/1875] loss=0.0364 avg_loss=0.1325
[2026-06-03 02:08:28] Epoch 12 train batch [300/1875] loss=0.0169 avg_loss=0.1333
[2026-06-03 02:08:32] Epoch 12 train batch [320/1875] loss=0.0578 avg_loss=0.1342
[2026-06-03 02:08:36] Epoch 12 train batch [340/1875] loss=0.1891 avg_loss=0.1355
[2026-06-03 02:08:40] Epoch 12 train batch [360/1875] loss=0.2743 avg_loss=0.1358
[2026-06-03 02:08:44] Epoch 12 train batch [380/1875] loss=0.1706 avg_loss=0.1360
[2026-06-03 02:08:49] Epoch 12 train batch [400/1875] loss=0.0993 avg_loss=0.1355
[2026-06-03 02:08:53] Epoch 12 train batch [420/1875] loss=0.2631 avg_loss=0.1355
[2026-06-03 02:08:57] Epoch 12 train batch [440/1875] loss=0.1117 avg_loss=0.1351
[2026-06-03 02:09:01] Epoch 12 train batch [460/1875] loss=0.0376 avg_loss=0.1351
[2026-06-03 02:09:05] Epoch 12 train batch [480/1875] loss=0.1032 avg_loss=0.1336
[2026-06-03 02:09:10] Epoch 12 train batch [500/1875] loss=0.2822 avg_loss=0.1342
[2026-06-03 02:09:14] Epoch 12 train batch [520/1875] loss=0.2563 avg_loss=0.1343
[2026-06-03 02:09:18] Epoch 12 train batch [540/1875] loss=0.2558 avg_loss=0.1341
[2026-06-03 02:09:23] Epoch 12 train batch [560/1875] loss=0.1711 avg_loss=0.1343
[2026-06-03 02:09:27] Epoch 12 train batch [580/1875] loss=0.0778 avg_loss=0.1336
[2026-06-03 02:09:31] Epoch 12 train batch [600/1875] loss=0.2182 avg_loss=0.1341
[2026-06-03 02:09:35] Epoch 12 train batch [620/1875] loss=0.0621 avg_loss=0.1329
[2026-06-03 02:09:40] Epoch 12 train batch [640/1875] loss=0.0564 avg_loss=0.1320
[2026-06-03 02:09:44] Epoch 12 train batch [660/1875] loss=0.2940 avg_loss=0.1322
[2026-06-03 02:09:48] Epoch 12 train batch [680/1875] loss=0.0962 avg_loss=0.1324
[2026-06-03 02:09:52] Epoch 12 train batch [700/1875] loss=0.1117 avg_loss=0.1331
[2026-06-03 02:09:57] Epoch 12 train batch [720/1875] loss=0.0911 avg_loss=0.1335
[2026-06-03 02:10:01] Epoch 12 train batch [740/1875] loss=0.0603 avg_loss=0.1333
[2026-06-03 02:10:05] Epoch 12 train batch [760/1875] loss=0.1231 avg_loss=0.1338
[2026-06-03 02:10:09] Epoch 12 train batch [780/1875] loss=0.2133 avg_loss=0.1336
[2026-06-03 02:10:13] Epoch 12 train batch [800/1875] loss=0.1188 avg_loss=0.1337
[2026-06-03 02:10:18] Epoch 12 train batch [820/1875] loss=0.2372 avg_loss=0.1340
[2026-06-03 02:10:21] Epoch 12 train batch [840/1875] loss=0.1313 avg_loss=0.1337
[2026-06-03 02:10:26] Epoch 12 train batch [860/1875] loss=0.3861 avg_loss=0.1340
[2026-06-03 02:10:30] Epoch 12 train batch [880/1875] loss=0.1291 avg_loss=0.1348
[2026-06-03 02:10:34] Epoch 12 train batch [900/1875] loss=0.0608 avg_loss=0.1351
[2026-06-03 02:10:38] Epoch 12 train batch [920/1875] loss=0.0558 avg_loss=0.1348
[2026-06-03 02:10:42] Epoch 12 train batch [940/1875] loss=0.0872 avg_loss=0.1345
[2026-06-03 02:10:46] Epoch 12 train batch [960/1875] loss=0.0158 avg_loss=0.1336
[2026-06-03 02:10:51] Epoch 12 train batch [980/1875] loss=0.1055 avg_loss=0.1335
[2026-06-03 02:10:55] Epoch 12 train batch [1000/1875] loss=0.1846 avg_loss=0.1341
[2026-06-03 02:10:59] Epoch 12 train batch [1020/1875] loss=0.1015 avg_loss=0.1344
[2026-06-03 02:11:03] Epoch 12 train batch [1040/1875] loss=0.0441 avg_loss=0.1345
[2026-06-03 02:11:08] Epoch 12 train batch [1060/1875] loss=0.1095 avg_loss=0.1345
[2026-06-03 02:11:12] Epoch 12 train batch [1080/1875] loss=0.2626 avg_loss=0.1346
[2026-06-03 02:11:16] Epoch 12 train batch [1100/1875] loss=0.2799 avg_loss=0.1350
[2026-06-03 02:11:20] Epoch 12 train batch [1120/1875] loss=0.0672 avg_loss=0.1352
[2026-06-03 02:11:24] Epoch 12 train batch [1140/1875] loss=0.1737 avg_loss=0.1354
[2026-06-03 02:11:29] Epoch 12 train batch [1160/1875] loss=0.2785 avg_loss=0.1355
[2026-06-03 02:11:33] Epoch 12 train batch [1180/1875] loss=0.0629 avg_loss=0.1359
[2026-06-03 02:11:37] Epoch 12 train batch [1200/1875] loss=0.0734 avg_loss=0.1360
[2026-06-03 02:11:41] Epoch 12 train batch [1220/1875] loss=0.0308 avg_loss=0.1357
[2026-06-03 02:11:45] Epoch 12 train batch [1240/1875] loss=0.0845 avg_loss=0.1356
[2026-06-03 02:11:50] Epoch 12 train batch [1260/1875] loss=0.0763 avg_loss=0.1359
[2026-06-03 02:11:54] Epoch 12 train batch [1280/1875] loss=0.0411 avg_loss=0.1362
[2026-06-03 02:11:58] Epoch 12 train batch [1300/1875] loss=0.2956 avg_loss=0.1362
[2026-06-03 02:12:02] Epoch 12 train batch [1320/1875] loss=0.1044 avg_loss=0.1361
[2026-06-03 02:12:06] Epoch 12 train batch [1340/1875] loss=0.2579 avg_loss=0.1364
[2026-06-03 02:12:11] Epoch 12 train batch [1360/1875] loss=0.0708 avg_loss=0.1361
[2026-06-03 02:12:15] Epoch 12 train batch [1380/1875] loss=0.0337 avg_loss=0.1367
[2026-06-03 02:12:19] Epoch 12 train batch [1400/1875] loss=0.0874 avg_loss=0.1368
[2026-06-03 02:12:24] Epoch 12 train batch [1420/1875] loss=0.0278 avg_loss=0.1371
[2026-06-03 02:12:28] Epoch 12 train batch [1440/1875] loss=0.0804 avg_loss=0.1369
[2026-06-03 02:12:32] Epoch 12 train batch [1460/1875] loss=0.1967 avg_loss=0.1373
[2026-06-03 02:12:36] Epoch 12 train batch [1480/1875] loss=0.2336 avg_loss=0.1371
[2026-06-03 02:12:40] Epoch 12 train batch [1500/1875] loss=0.0010 avg_loss=0.1369
[2026-06-03 02:12:45] Epoch 12 train batch [1520/1875] loss=0.3067 avg_loss=0.1371
[2026-06-03 02:12:49] Epoch 12 train batch [1540/1875] loss=0.0740 avg_loss=0.1372
[2026-06-03 02:12:53] Epoch 12 train batch [1560/1875] loss=0.1819 avg_loss=0.1373
[2026-06-03 02:12:57] Epoch 12 train batch [1580/1875] loss=0.1015 avg_loss=0.1371
[2026-06-03 02:13:02] Epoch 12 train batch [1600/1875] loss=0.0868 avg_loss=0.1372
[2026-06-03 02:13:06] Epoch 12 train batch [1620/1875] loss=0.1900 avg_loss=0.1372
[2026-06-03 02:13:10] Epoch 12 train batch [1640/1875] loss=0.2178 avg_loss=0.1374
[2026-06-03 02:13:14] Epoch 12 train batch [1660/1875] loss=0.0537 avg_loss=0.1378
[2026-06-03 02:13:18] Epoch 12 train batch [1680/1875] loss=0.0751 avg_loss=0.1380
[2026-06-03 02:13:22] Epoch 12 train batch [1700/1875] loss=0.1440 avg_loss=0.1381
[2026-06-03 02:13:26] Epoch 12 train batch [1720/1875] loss=0.1689 avg_loss=0.1379
[2026-06-03 02:13:31] Epoch 12 train batch [1740/1875] loss=0.1278 avg_loss=0.1379
[2026-06-03 02:13:35] Epoch 12 train batch [1760/1875] loss=0.0877 avg_loss=0.1380
[2026-06-03 02:13:39] Epoch 12 train batch [1780/1875] loss=0.1704 avg_loss=0.1376
[2026-06-03 02:13:43] Epoch 12 train batch [1800/1875] loss=0.0225 avg_loss=0.1374
[2026-06-03 02:13:47] Epoch 12 train batch [1820/1875] loss=0.1482 avg_loss=0.1376
[2026-06-03 02:13:52] Epoch 12 train batch [1840/1875] loss=0.0980 avg_loss=0.1375
[2026-06-03 02:13:56] Epoch 12 train batch [1860/1875] loss=0.0864 avg_loss=0.1372
[2026-06-03 02:13:59] Epoch 12 train batch [1875/1875] loss=0.1132 avg_loss=0.1374
[2026-06-03 02:13:59] Epoch 12 training completed. Computing validation loss.
[2026-06-03 02:14:37] Epoch 12 validation loss completed: 0.1824. Computing detection metrics.
[2026-06-03 02:15:18] Epoch 12 metrics computed. Saving artifacts.
[2026-06-03 02:15:18] Epoch 12 did not improve mAP@0.5 enough. Early stopping counter: 1/7.
Epoch [12/30]
├── Train Loss : 0.1374
│   ├── loss_classifier  : 0.0431
│   ├── loss_box_reg     : 0.0852
│   ├── loss_objectness  : 0.0044
│   └── loss_rpn_box_reg : 0.0047
├── Val Loss   : 0.1824
├── mAP@0.5    : 0.7544
├── mAP@0.75   : 0.4228
├── mAP@0.5:0.95 : 0.4247
├── Precision  : 0.5158
├── Recall     : 0.8417
├── GT Boxes   : 2021
├── Predictions: 3298
├── Per-class AP
│   ├── person  : AP50=0.8202, AP75=0.4600, AP50:95=0.4549, P=0.6105, R=0.8641
│   ├── car     : AP50=0.7355, AP75=0.4399, AP50:95=0.4261, P=0.4336, R=0.8198
│   ├── dog     : AP50=0.7838, AP75=0.4737, AP50:95=0.4628, P=0.6007, R=0.8544
│   ├── cat     : AP50=0.8771, AP75=0.5239, AP50:95=0.5121, P=0.5740, R=0.9034
│   └── chair   : AP50=0.5556, AP75=0.2164, AP50:95=0.2677, P=0.3061, R=0.7305
├── LR         : 0.001000
└── Time       : 473.2s
[2026-06-03 02:15:18] Epoch [12/30] completed.
[2026-06-03 02:15:18] Epoch [13/30] started.
[2026-06-03 02:15:21] Epoch 13 train batch [20/1875] loss=0.1861 avg_loss=0.1199
[2026-06-03 02:15:25] Epoch 13 train batch [40/1875] loss=0.1148 avg_loss=0.1244
[2026-06-03 02:15:29] Epoch 13 train batch [60/1875] loss=0.1932 avg_loss=0.1293
[2026-06-03 02:15:33] Epoch 13 train batch [80/1875] loss=0.1009 avg_loss=0.1289
[2026-06-03 02:15:38] Epoch 13 train batch [100/1875] loss=0.0238 avg_loss=0.1266
[2026-06-03 02:15:42] Epoch 13 train batch [120/1875] loss=0.0798 avg_loss=0.1237
[2026-06-03 02:15:46] Epoch 13 train batch [140/1875] loss=0.0538 avg_loss=0.1207
[2026-06-03 02:15:50] Epoch 13 train batch [160/1875] loss=0.0748 avg_loss=0.1243
[2026-06-03 02:15:55] Epoch 13 train batch [180/1875] loss=0.2160 avg_loss=0.1243
[2026-06-03 02:15:59] Epoch 13 train batch [200/1875] loss=0.0933 avg_loss=0.1249
[2026-06-03 02:16:03] Epoch 13 train batch [220/1875] loss=0.0824 avg_loss=0.1253
[2026-06-03 02:16:07] Epoch 13 train batch [240/1875] loss=0.0663 avg_loss=0.1264
[2026-06-03 02:16:11] Epoch 13 train batch [260/1875] loss=0.0792 avg_loss=0.1256
[2026-06-03 02:16:15] Epoch 13 train batch [280/1875] loss=0.1476 avg_loss=0.1265
[2026-06-03 02:16:20] Epoch 13 train batch [300/1875] loss=0.1666 avg_loss=0.1277
[2026-06-03 02:16:24] Epoch 13 train batch [320/1875] loss=0.4382 avg_loss=0.1294
[2026-06-03 02:16:28] Epoch 13 train batch [340/1875] loss=0.1322 avg_loss=0.1284
[2026-06-03 02:16:32] Epoch 13 train batch [360/1875] loss=0.0759 avg_loss=0.1279
[2026-06-03 02:16:36] Epoch 13 train batch [380/1875] loss=0.1984 avg_loss=0.1291
[2026-06-03 02:16:41] Epoch 13 train batch [400/1875] loss=0.0672 avg_loss=0.1287
[2026-06-03 02:16:45] Epoch 13 train batch [420/1875] loss=0.1451 avg_loss=0.1281
[2026-06-03 02:16:49] Epoch 13 train batch [440/1875] loss=0.1880 avg_loss=0.1270
[2026-06-03 02:16:53] Epoch 13 train batch [460/1875] loss=0.1474 avg_loss=0.1259
[2026-06-03 02:16:58] Epoch 13 train batch [480/1875] loss=0.0881 avg_loss=0.1258
[2026-06-03 02:17:02] Epoch 13 train batch [500/1875] loss=0.0771 avg_loss=0.1269
[2026-06-03 02:17:06] Epoch 13 train batch [520/1875] loss=0.1192 avg_loss=0.1267
[2026-06-03 02:17:10] Epoch 13 train batch [540/1875] loss=0.0232 avg_loss=0.1262
[2026-06-03 02:17:14] Epoch 13 train batch [560/1875] loss=0.0410 avg_loss=0.1257
[2026-06-03 02:17:19] Epoch 13 train batch [580/1875] loss=0.3252 avg_loss=0.1258
[2026-06-03 02:17:23] Epoch 13 train batch [600/1875] loss=0.1118 avg_loss=0.1252
[2026-06-03 02:17:27] Epoch 13 train batch [620/1875] loss=0.4667 avg_loss=0.1265
[2026-06-03 02:17:31] Epoch 13 train batch [640/1875] loss=0.0337 avg_loss=0.1269
[2026-06-03 02:17:35] Epoch 13 train batch [660/1875] loss=0.3045 avg_loss=0.1266
[2026-06-03 02:17:40] Epoch 13 train batch [680/1875] loss=0.2513 avg_loss=0.1274
[2026-06-03 02:17:44] Epoch 13 train batch [700/1875] loss=0.0901 avg_loss=0.1270
[2026-06-03 02:17:48] Epoch 13 train batch [720/1875] loss=0.1494 avg_loss=0.1283
[2026-06-03 02:17:52] Epoch 13 train batch [740/1875] loss=0.0203 avg_loss=0.1280
[2026-06-03 02:17:56] Epoch 13 train batch [760/1875] loss=0.0451 avg_loss=0.1281
[2026-06-03 02:18:00] Epoch 13 train batch [780/1875] loss=0.1071 avg_loss=0.1284
[2026-06-03 02:18:05] Epoch 13 train batch [800/1875] loss=0.0358 avg_loss=0.1276
[2026-06-03 02:18:09] Epoch 13 train batch [820/1875] loss=0.1194 avg_loss=0.1276
[2026-06-03 02:18:13] Epoch 13 train batch [840/1875] loss=0.0507 avg_loss=0.1284
[2026-06-03 02:18:17] Epoch 13 train batch [860/1875] loss=0.2980 avg_loss=0.1295
[2026-06-03 02:18:22] Epoch 13 train batch [880/1875] loss=0.1302 avg_loss=0.1300
[2026-06-03 02:18:26] Epoch 13 train batch [900/1875] loss=0.1586 avg_loss=0.1306
[2026-06-03 02:18:30] Epoch 13 train batch [920/1875] loss=0.0878 avg_loss=0.1305
[2026-06-03 02:18:34] Epoch 13 train batch [940/1875] loss=0.1319 avg_loss=0.1304
[2026-06-03 02:18:38] Epoch 13 train batch [960/1875] loss=0.0230 avg_loss=0.1299
[2026-06-03 02:18:42] Epoch 13 train batch [980/1875] loss=0.0981 avg_loss=0.1303
[2026-06-03 02:18:46] Epoch 13 train batch [1000/1875] loss=0.2222 avg_loss=0.1310
[2026-06-03 02:18:51] Epoch 13 train batch [1020/1875] loss=0.0775 avg_loss=0.1310
[2026-06-03 02:18:55] Epoch 13 train batch [1040/1875] loss=0.1539 avg_loss=0.1311
[2026-06-03 02:18:59] Epoch 13 train batch [1060/1875] loss=0.0002 avg_loss=0.1319
[2026-06-03 02:19:03] Epoch 13 train batch [1080/1875] loss=0.1453 avg_loss=0.1314
[2026-06-03 02:19:08] Epoch 13 train batch [1100/1875] loss=0.1172 avg_loss=0.1314
[2026-06-03 02:19:12] Epoch 13 train batch [1120/1875] loss=0.2167 avg_loss=0.1316
[2026-06-03 02:19:16] Epoch 13 train batch [1140/1875] loss=0.0527 avg_loss=0.1311
[2026-06-03 02:19:20] Epoch 13 train batch [1160/1875] loss=0.2005 avg_loss=0.1311
[2026-06-03 02:19:25] Epoch 13 train batch [1180/1875] loss=0.0354 avg_loss=0.1309
[2026-06-03 02:19:29] Epoch 13 train batch [1200/1875] loss=0.0447 avg_loss=0.1312
[2026-06-03 02:19:33] Epoch 13 train batch [1220/1875] loss=0.0326 avg_loss=0.1309
[2026-06-03 02:19:37] Epoch 13 train batch [1240/1875] loss=0.2617 avg_loss=0.1311
[2026-06-03 02:19:41] Epoch 13 train batch [1260/1875] loss=0.0426 avg_loss=0.1304
[2026-06-03 02:19:46] Epoch 13 train batch [1280/1875] loss=0.1383 avg_loss=0.1312
[2026-06-03 02:19:50] Epoch 13 train batch [1300/1875] loss=0.1291 avg_loss=0.1317
[2026-06-03 02:19:54] Epoch 13 train batch [1320/1875] loss=0.1795 avg_loss=0.1315
[2026-06-03 02:19:58] Epoch 13 train batch [1340/1875] loss=0.1238 avg_loss=0.1315
[2026-06-03 02:20:02] Epoch 13 train batch [1360/1875] loss=0.1482 avg_loss=0.1316
[2026-06-03 02:20:07] Epoch 13 train batch [1380/1875] loss=0.0645 avg_loss=0.1315
[2026-06-03 02:20:11] Epoch 13 train batch [1400/1875] loss=0.4506 avg_loss=0.1319
[2026-06-03 02:20:15] Epoch 13 train batch [1420/1875] loss=0.2828 avg_loss=0.1314
[2026-06-03 02:20:19] Epoch 13 train batch [1440/1875] loss=0.1799 avg_loss=0.1315
[2026-06-03 02:20:24] Epoch 13 train batch [1460/1875] loss=0.0302 avg_loss=0.1313
[2026-06-03 02:20:28] Epoch 13 train batch [1480/1875] loss=0.0347 avg_loss=0.1310
[2026-06-03 02:20:32] Epoch 13 train batch [1500/1875] loss=0.1332 avg_loss=0.1309
[2026-06-03 02:20:36] Epoch 13 train batch [1520/1875] loss=0.1301 avg_loss=0.1308
[2026-06-03 02:20:40] Epoch 13 train batch [1540/1875] loss=0.2873 avg_loss=0.1307
[2026-06-03 02:20:44] Epoch 13 train batch [1560/1875] loss=0.1660 avg_loss=0.1307
[2026-06-03 02:20:49] Epoch 13 train batch [1580/1875] loss=0.0827 avg_loss=0.1305
[2026-06-03 02:20:53] Epoch 13 train batch [1600/1875] loss=0.1336 avg_loss=0.1308
[2026-06-03 02:20:57] Epoch 13 train batch [1620/1875] loss=0.1281 avg_loss=0.1311
[2026-06-03 02:21:01] Epoch 13 train batch [1640/1875] loss=0.1933 avg_loss=0.1312
[2026-06-03 02:21:05] Epoch 13 train batch [1660/1875] loss=0.0832 avg_loss=0.1315
[2026-06-03 02:21:10] Epoch 13 train batch [1680/1875] loss=0.3531 avg_loss=0.1312
[2026-06-03 02:21:14] Epoch 13 train batch [1700/1875] loss=0.1415 avg_loss=0.1312
[2026-06-03 02:21:18] Epoch 13 train batch [1720/1875] loss=0.2076 avg_loss=0.1317
[2026-06-03 02:21:22] Epoch 13 train batch [1740/1875] loss=0.1603 avg_loss=0.1319
[2026-06-03 02:21:27] Epoch 13 train batch [1760/1875] loss=0.0909 avg_loss=0.1319
[2026-06-03 02:21:31] Epoch 13 train batch [1780/1875] loss=0.1224 avg_loss=0.1318
[2026-06-03 02:21:35] Epoch 13 train batch [1800/1875] loss=0.0444 avg_loss=0.1322
[2026-06-03 02:21:39] Epoch 13 train batch [1820/1875] loss=0.1567 avg_loss=0.1322
[2026-06-03 02:21:43] Epoch 13 train batch [1840/1875] loss=0.0778 avg_loss=0.1321
[2026-06-03 02:21:48] Epoch 13 train batch [1860/1875] loss=0.1025 avg_loss=0.1321
[2026-06-03 02:21:51] Epoch 13 train batch [1875/1875] loss=0.2563 avg_loss=0.1326
[2026-06-03 02:21:51] Epoch 13 training completed. Computing validation loss.
[2026-06-03 02:22:31] Epoch 13 validation loss completed: 0.1870. Computing detection metrics.
[2026-06-03 02:23:11] Epoch 13 metrics computed. Saving artifacts.
[2026-06-03 02:23:11] Epoch 13 did not improve mAP@0.5 enough. Early stopping counter: 2/7.
Epoch [13/30]
├── Train Loss : 0.1326
│   ├── loss_classifier  : 0.0414
│   ├── loss_box_reg     : 0.0826
│   ├── loss_objectness  : 0.0042
│   └── loss_rpn_box_reg : 0.0045
├── Val Loss   : 0.1870
├── mAP@0.5    : 0.7445
├── mAP@0.75   : 0.4048
├── mAP@0.5:0.95 : 0.4163
├── Precision  : 0.5142
├── Recall     : 0.8352
├── GT Boxes   : 2021
├── Predictions: 3283
├── Per-class AP
│   ├── person  : AP50=0.8175, AP75=0.4087, AP50:95=0.4421, P=0.5484, R=0.8706
│   ├── car     : AP50=0.6996, AP75=0.4041, AP50:95=0.3987, P=0.5046, R=0.7774
│   ├── dog     : AP50=0.8217, AP75=0.5308, AP50:95=0.4910, P=0.6034, R=0.8641
│   ├── cat     : AP50=0.8719, AP75=0.5188, AP50:95=0.5121, P=0.7621, R=0.8920
│   └── chair   : AP50=0.5121, AP75=0.1615, AP50:95=0.2379, P=0.3089, R=0.7021
├── LR         : 0.001000
└── Time       : 472.4s
[2026-06-03 02:23:12] Epoch [13/30] completed.
[2026-06-03 02:23:12] Epoch [14/30] started.
[2026-06-03 02:23:14] Epoch 14 train batch [20/1875] loss=0.0665 avg_loss=0.1740
[2026-06-03 02:23:16] Epoch 14 train batch [40/1875] loss=0.0611 avg_loss=0.1457
[2026-06-03 02:23:21] Epoch 14 train batch [60/1875] loss=0.3518 avg_loss=0.1478
[2026-06-03 02:23:25] Epoch 14 train batch [80/1875] loss=0.2689 avg_loss=0.1488
[2026-06-03 02:23:29] Epoch 14 train batch [100/1875] loss=0.1560 avg_loss=0.1383
[2026-06-03 02:23:33] Epoch 14 train batch [120/1875] loss=0.1232 avg_loss=0.1360
[2026-06-03 02:23:38] Epoch 14 train batch [140/1875] loss=0.0424 avg_loss=0.1302
[2026-06-03 02:23:42] Epoch 14 train batch [160/1875] loss=0.0975 avg_loss=0.1298
[2026-06-03 02:23:46] Epoch 14 train batch [180/1875] loss=0.0374 avg_loss=0.1276
[2026-06-03 02:23:50] Epoch 14 train batch [200/1875] loss=0.1184 avg_loss=0.1237
[2026-06-03 02:23:54] Epoch 14 train batch [220/1875] loss=0.1325 avg_loss=0.1252
[2026-06-03 02:23:59] Epoch 14 train batch [240/1875] loss=0.1244 avg_loss=0.1249
[2026-06-03 02:24:03] Epoch 14 train batch [260/1875] loss=0.0416 avg_loss=0.1257
[2026-06-03 02:24:07] Epoch 14 train batch [280/1875] loss=0.1097 avg_loss=0.1273
[2026-06-03 02:24:11] Epoch 14 train batch [300/1875] loss=0.0429 avg_loss=0.1268
[2026-06-03 02:24:15] Epoch 14 train batch [320/1875] loss=0.0056 avg_loss=0.1262
[2026-06-03 02:24:19] Epoch 14 train batch [340/1875] loss=0.3805 avg_loss=0.1263
[2026-06-03 02:24:24] Epoch 14 train batch [360/1875] loss=0.0868 avg_loss=0.1261
[2026-06-03 02:24:28] Epoch 14 train batch [380/1875] loss=0.3701 avg_loss=0.1261
[2026-06-03 02:24:32] Epoch 14 train batch [400/1875] loss=0.1688 avg_loss=0.1245
[2026-06-03 02:24:37] Epoch 14 train batch [420/1875] loss=0.0572 avg_loss=0.1237
[2026-06-03 02:24:41] Epoch 14 train batch [440/1875] loss=0.0350 avg_loss=0.1232
[2026-06-03 02:24:45] Epoch 14 train batch [460/1875] loss=0.0534 avg_loss=0.1231
[2026-06-03 02:24:49] Epoch 14 train batch [480/1875] loss=0.0367 avg_loss=0.1233
[2026-06-03 02:24:53] Epoch 14 train batch [500/1875] loss=0.1337 avg_loss=0.1229
[2026-06-03 02:24:57] Epoch 14 train batch [520/1875] loss=0.0002 avg_loss=0.1221
[2026-06-03 02:25:02] Epoch 14 train batch [540/1875] loss=0.0221 avg_loss=0.1223
[2026-06-03 02:25:06] Epoch 14 train batch [560/1875] loss=0.1529 avg_loss=0.1221
[2026-06-03 02:25:10] Epoch 14 train batch [580/1875] loss=0.2595 avg_loss=0.1221
[2026-06-03 02:25:14] Epoch 14 train batch [600/1875] loss=0.0785 avg_loss=0.1210
[2026-06-03 02:25:18] Epoch 14 train batch [620/1875] loss=0.1559 avg_loss=0.1210
[2026-06-03 02:25:23] Epoch 14 train batch [640/1875] loss=0.1544 avg_loss=0.1196
[2026-06-03 02:25:27] Epoch 14 train batch [660/1875] loss=0.0502 avg_loss=0.1202
[2026-06-03 02:25:31] Epoch 14 train batch [680/1875] loss=0.0660 avg_loss=0.1202
[2026-06-03 02:25:35] Epoch 14 train batch [700/1875] loss=0.1555 avg_loss=0.1199
[2026-06-03 02:25:39] Epoch 14 train batch [720/1875] loss=0.1541 avg_loss=0.1205
[2026-06-03 02:25:44] Epoch 14 train batch [740/1875] loss=0.0308 avg_loss=0.1206
[2026-06-03 02:25:48] Epoch 14 train batch [760/1875] loss=0.0011 avg_loss=0.1207
[2026-06-03 02:25:52] Epoch 14 train batch [780/1875] loss=0.0266 avg_loss=0.1209
[2026-06-03 02:25:56] Epoch 14 train batch [800/1875] loss=0.1255 avg_loss=0.1217
[2026-06-03 02:26:00] Epoch 14 train batch [820/1875] loss=0.0441 avg_loss=0.1214
[2026-06-03 02:26:04] Epoch 14 train batch [840/1875] loss=0.2976 avg_loss=0.1216
[2026-06-03 02:26:09] Epoch 14 train batch [860/1875] loss=0.2209 avg_loss=0.1221
[2026-06-03 02:26:13] Epoch 14 train batch [880/1875] loss=0.0635 avg_loss=0.1225
[2026-06-03 02:26:17] Epoch 14 train batch [900/1875] loss=0.4992 avg_loss=0.1225
[2026-06-03 02:26:21] Epoch 14 train batch [920/1875] loss=0.2235 avg_loss=0.1219
[2026-06-03 02:26:26] Epoch 14 train batch [940/1875] loss=0.1931 avg_loss=0.1224
[2026-06-03 02:26:30] Epoch 14 train batch [960/1875] loss=0.0543 avg_loss=0.1227
[2026-06-03 02:26:34] Epoch 14 train batch [980/1875] loss=0.1486 avg_loss=0.1228
[2026-06-03 02:26:38] Epoch 14 train batch [1000/1875] loss=0.1964 avg_loss=0.1226
[2026-06-03 02:26:42] Epoch 14 train batch [1020/1875] loss=0.1850 avg_loss=0.1233
[2026-06-03 02:26:46] Epoch 14 train batch [1040/1875] loss=0.1250 avg_loss=0.1236
[2026-06-03 02:26:51] Epoch 14 train batch [1060/1875] loss=0.0976 avg_loss=0.1235
[2026-06-03 02:26:55] Epoch 14 train batch [1080/1875] loss=0.0529 avg_loss=0.1235
[2026-06-03 02:26:59] Epoch 14 train batch [1100/1875] loss=0.2145 avg_loss=0.1232
[2026-06-03 02:27:04] Epoch 14 train batch [1120/1875] loss=0.0515 avg_loss=0.1231
[2026-06-03 02:27:08] Epoch 14 train batch [1140/1875] loss=0.1545 avg_loss=0.1237
[2026-06-03 02:27:12] Epoch 14 train batch [1160/1875] loss=0.0516 avg_loss=0.1236
[2026-06-03 02:27:16] Epoch 14 train batch [1180/1875] loss=0.0007 avg_loss=0.1238
[2026-06-03 02:27:20] Epoch 14 train batch [1200/1875] loss=0.1241 avg_loss=0.1242
[2026-06-03 02:27:24] Epoch 14 train batch [1220/1875] loss=0.0483 avg_loss=0.1245
[2026-06-03 02:27:28] Epoch 14 train batch [1240/1875] loss=0.3798 avg_loss=0.1248
[2026-06-03 02:27:33] Epoch 14 train batch [1260/1875] loss=0.1803 avg_loss=0.1254
[2026-06-03 02:27:37] Epoch 14 train batch [1280/1875] loss=0.1380 avg_loss=0.1254
[2026-06-03 02:27:41] Epoch 14 train batch [1300/1875] loss=0.3289 avg_loss=0.1255
[2026-06-03 02:27:45] Epoch 14 train batch [1320/1875] loss=0.1564 avg_loss=0.1255
[2026-06-03 02:27:50] Epoch 14 train batch [1340/1875] loss=0.0857 avg_loss=0.1253
[2026-06-03 02:27:54] Epoch 14 train batch [1360/1875] loss=0.1581 avg_loss=0.1255
[2026-06-03 02:27:58] Epoch 14 train batch [1380/1875] loss=0.2664 avg_loss=0.1256
[2026-06-03 02:28:02] Epoch 14 train batch [1400/1875] loss=0.0146 avg_loss=0.1258
[2026-06-03 02:28:07] Epoch 14 train batch [1420/1875] loss=0.0772 avg_loss=0.1257
[2026-06-03 02:28:11] Epoch 14 train batch [1440/1875] loss=0.1820 avg_loss=0.1262
[2026-06-03 02:28:15] Epoch 14 train batch [1460/1875] loss=0.1452 avg_loss=0.1260
[2026-06-03 02:28:19] Epoch 14 train batch [1480/1875] loss=0.1602 avg_loss=0.1259
[2026-06-03 02:28:24] Epoch 14 train batch [1500/1875] loss=0.1074 avg_loss=0.1261
[2026-06-03 02:28:28] Epoch 14 train batch [1520/1875] loss=0.1768 avg_loss=0.1265
[2026-06-03 02:28:32] Epoch 14 train batch [1540/1875] loss=0.1820 avg_loss=0.1264
[2026-06-03 02:28:36] Epoch 14 train batch [1560/1875] loss=0.1821 avg_loss=0.1267
[2026-06-03 02:28:41] Epoch 14 train batch [1580/1875] loss=0.0463 avg_loss=0.1267
[2026-06-03 02:28:45] Epoch 14 train batch [1600/1875] loss=0.1641 avg_loss=0.1267
[2026-06-03 02:28:49] Epoch 14 train batch [1620/1875] loss=0.0926 avg_loss=0.1266
[2026-06-03 02:28:53] Epoch 14 train batch [1640/1875] loss=0.1256 avg_loss=0.1268
[2026-06-03 02:28:57] Epoch 14 train batch [1660/1875] loss=0.2556 avg_loss=0.1269
[2026-06-03 02:29:01] Epoch 14 train batch [1680/1875] loss=0.0920 avg_loss=0.1271
[2026-06-03 02:29:06] Epoch 14 train batch [1700/1875] loss=0.0702 avg_loss=0.1272
[2026-06-03 02:29:10] Epoch 14 train batch [1720/1875] loss=0.4294 avg_loss=0.1275
[2026-06-03 02:29:14] Epoch 14 train batch [1740/1875] loss=0.1096 avg_loss=0.1277
[2026-06-03 02:29:18] Epoch 14 train batch [1760/1875] loss=0.2519 avg_loss=0.1280
[2026-06-03 02:29:23] Epoch 14 train batch [1780/1875] loss=0.0590 avg_loss=0.1279
[2026-06-03 02:29:27] Epoch 14 train batch [1800/1875] loss=0.1099 avg_loss=0.1277
[2026-06-03 02:29:31] Epoch 14 train batch [1820/1875] loss=0.0306 avg_loss=0.1276
[2026-06-03 02:29:36] Epoch 14 train batch [1840/1875] loss=0.3156 avg_loss=0.1279
[2026-06-03 02:29:40] Epoch 14 train batch [1860/1875] loss=0.1473 avg_loss=0.1281
[2026-06-03 02:29:43] Epoch 14 train batch [1875/1875] loss=0.0830 avg_loss=0.1281
[2026-06-03 02:29:43] Epoch 14 training completed. Computing validation loss.
[2026-06-03 02:30:24] Epoch 14 validation loss completed: 0.1855. Computing detection metrics.
[2026-06-03 02:31:04] Epoch 14 metrics computed. Saving artifacts.
[2026-06-03 02:31:04] Epoch 14 did not improve mAP@0.5 enough. Early stopping counter: 3/7.
Epoch [14/30]
├── Train Loss : 0.1281
│   ├── loss_classifier  : 0.0398
│   ├── loss_box_reg     : 0.0800
│   ├── loss_objectness  : 0.0039
│   └── loss_rpn_box_reg : 0.0044
├── Val Loss   : 0.1855
├── mAP@0.5    : 0.7405
├── mAP@0.75   : 0.4103
├── mAP@0.5:0.95 : 0.4182
├── Precision  : 0.5789
├── Recall     : 0.8318
├── GT Boxes   : 2021
├── Predictions: 2904
├── Per-class AP
│   ├── person  : AP50=0.8254, AP75=0.4503, AP50:95=0.4544, P=0.5796, R=0.8743
│   ├── car     : AP50=0.7194, AP75=0.3746, AP50:95=0.3918, P=0.5689, R=0.8021
│   ├── dog     : AP50=0.8196, AP75=0.5104, AP50:95=0.4940, P=0.6957, R=0.8544
│   ├── cat     : AP50=0.8549, AP75=0.5469, AP50:95=0.5192, P=0.7949, R=0.8807
│   └── chair   : AP50=0.4829, AP75=0.1693, AP50:95=0.2317, P=0.4211, R=0.6525
├── LR         : 0.001000
└── Time       : 472.1s
[2026-06-03 02:31:04] Epoch [14/30] completed.
[2026-06-03 02:31:04] Epoch [15/30] started.
[2026-06-03 02:31:08] Epoch 15 train batch [20/1875] loss=0.0459 avg_loss=0.1000
[2026-06-03 02:31:10] Epoch 15 train batch [40/1875] loss=0.1053 avg_loss=0.1043
[2026-06-03 02:31:15] Epoch 15 train batch [60/1875] loss=0.1875 avg_loss=0.1092
[2026-06-03 02:31:19] Epoch 15 train batch [80/1875] loss=0.1229 avg_loss=0.1133
[2026-06-03 02:31:23] Epoch 15 train batch [100/1875] loss=0.1360 avg_loss=0.1132
[2026-06-03 02:31:28] Epoch 15 train batch [120/1875] loss=0.3364 avg_loss=0.1166
[2026-06-03 02:31:32] Epoch 15 train batch [140/1875] loss=0.2154 avg_loss=0.1150
[2026-06-03 02:31:36] Epoch 15 train batch [160/1875] loss=0.1497 avg_loss=0.1148
[2026-06-03 02:31:40] Epoch 15 train batch [180/1875] loss=0.1177 avg_loss=0.1166
[2026-06-03 02:31:45] Epoch 15 train batch [200/1875] loss=0.0432 avg_loss=0.1182
[2026-06-03 02:31:49] Epoch 15 train batch [220/1875] loss=0.0908 avg_loss=0.1211
[2026-06-03 02:31:53] Epoch 15 train batch [240/1875] loss=0.0372 avg_loss=0.1221
[2026-06-03 02:31:58] Epoch 15 train batch [260/1875] loss=0.1342 avg_loss=0.1225
[2026-06-03 02:32:02] Epoch 15 train batch [280/1875] loss=0.0648 avg_loss=0.1208
[2026-06-03 02:32:06] Epoch 15 train batch [300/1875] loss=0.1526 avg_loss=0.1220
[2026-06-03 02:32:10] Epoch 15 train batch [320/1875] loss=0.0682 avg_loss=0.1225
[2026-06-03 02:32:15] Epoch 15 train batch [340/1875] loss=0.1308 avg_loss=0.1224
[2026-06-03 02:32:19] Epoch 15 train batch [360/1875] loss=0.0577 avg_loss=0.1244
[2026-06-03 02:32:23] Epoch 15 train batch [380/1875] loss=0.0135 avg_loss=0.1252
[2026-06-03 02:32:27] Epoch 15 train batch [400/1875] loss=0.0608 avg_loss=0.1255
[2026-06-03 02:32:31] Epoch 15 train batch [420/1875] loss=0.0470 avg_loss=0.1263
[2026-06-03 02:32:36] Epoch 15 train batch [440/1875] loss=0.0946 avg_loss=0.1264
[2026-06-03 02:32:40] Epoch 15 train batch [460/1875] loss=0.0389 avg_loss=0.1256
[2026-06-03 02:32:44] Epoch 15 train batch [480/1875] loss=0.1450 avg_loss=0.1259
[2026-06-03 02:32:48] Epoch 15 train batch [500/1875] loss=0.1331 avg_loss=0.1257
[2026-06-03 02:32:53] Epoch 15 train batch [520/1875] loss=0.0451 avg_loss=0.1261
[2026-06-03 02:32:57] Epoch 15 train batch [540/1875] loss=0.0575 avg_loss=0.1258
[2026-06-03 02:33:01] Epoch 15 train batch [560/1875] loss=0.0542 avg_loss=0.1253
[2026-06-03 02:33:05] Epoch 15 train batch [580/1875] loss=0.0774 avg_loss=0.1251
[2026-06-03 02:33:10] Epoch 15 train batch [600/1875] loss=0.0780 avg_loss=0.1254
[2026-06-03 02:33:14] Epoch 15 train batch [620/1875] loss=0.0673 avg_loss=0.1245
[2026-06-03 02:33:18] Epoch 15 train batch [640/1875] loss=0.0194 avg_loss=0.1242
[2026-06-03 02:33:22] Epoch 15 train batch [660/1875] loss=0.1250 avg_loss=0.1237
[2026-06-03 02:33:26] Epoch 15 train batch [680/1875] loss=0.1048 avg_loss=0.1244
[2026-06-03 02:33:30] Epoch 15 train batch [700/1875] loss=0.2023 avg_loss=0.1241
[2026-06-03 02:33:35] Epoch 15 train batch [720/1875] loss=0.0209 avg_loss=0.1247
[2026-06-03 02:33:39] Epoch 15 train batch [740/1875] loss=0.1499 avg_loss=0.1254
[2026-06-03 02:33:43] Epoch 15 train batch [760/1875] loss=0.1206 avg_loss=0.1252
[2026-06-03 02:33:47] Epoch 15 train batch [780/1875] loss=0.1892 avg_loss=0.1252
[2026-06-03 02:33:52] Epoch 15 train batch [800/1875] loss=0.1183 avg_loss=0.1252
[2026-06-03 02:33:56] Epoch 15 train batch [820/1875] loss=0.0365 avg_loss=0.1244
[2026-06-03 02:34:00] Epoch 15 train batch [840/1875] loss=0.2708 avg_loss=0.1245
[2026-06-03 02:34:04] Epoch 15 train batch [860/1875] loss=0.2207 avg_loss=0.1244
[2026-06-03 02:34:09] Epoch 15 train batch [880/1875] loss=0.2799 avg_loss=0.1245
[2026-06-03 02:34:13] Epoch 15 train batch [900/1875] loss=0.0987 avg_loss=0.1246
[2026-06-03 02:34:17] Epoch 15 train batch [920/1875] loss=0.0498 avg_loss=0.1251
[2026-06-03 02:34:21] Epoch 15 train batch [940/1875] loss=0.0025 avg_loss=0.1245
[2026-06-03 02:34:25] Epoch 15 train batch [960/1875] loss=0.1812 avg_loss=0.1244
[2026-06-03 02:34:29] Epoch 15 train batch [980/1875] loss=0.1797 avg_loss=0.1241
[2026-06-03 02:34:33] Epoch 15 train batch [1000/1875] loss=0.1329 avg_loss=0.1242
[2026-06-03 02:34:37] Epoch 15 train batch [1020/1875] loss=0.1700 avg_loss=0.1242
[2026-06-03 02:34:41] Epoch 15 train batch [1040/1875] loss=0.2917 avg_loss=0.1243
[2026-06-03 02:34:46] Epoch 15 train batch [1060/1875] loss=0.0807 avg_loss=0.1249
[2026-06-03 02:34:50] Epoch 15 train batch [1080/1875] loss=0.0758 avg_loss=0.1246
[2026-06-03 02:34:54] Epoch 15 train batch [1100/1875] loss=0.0362 avg_loss=0.1239
[2026-06-03 02:34:59] Epoch 15 train batch [1120/1875] loss=0.1240 avg_loss=0.1238
[2026-06-03 02:35:03] Epoch 15 train batch [1140/1875] loss=0.1132 avg_loss=0.1234
[2026-06-03 02:35:07] Epoch 15 train batch [1160/1875] loss=0.0500 avg_loss=0.1234
[2026-06-03 02:35:11] Epoch 15 train batch [1180/1875] loss=0.0675 avg_loss=0.1241
[2026-06-03 02:35:15] Epoch 15 train batch [1200/1875] loss=0.1056 avg_loss=0.1241
[2026-06-03 02:35:19] Epoch 15 train batch [1220/1875] loss=0.1892 avg_loss=0.1243
[2026-06-03 02:35:24] Epoch 15 train batch [1240/1875] loss=0.1403 avg_loss=0.1245
[2026-06-03 02:35:28] Epoch 15 train batch [1260/1875] loss=0.1469 avg_loss=0.1251
[2026-06-03 02:35:32] Epoch 15 train batch [1280/1875] loss=0.2873 avg_loss=0.1254
[2026-06-03 02:35:36] Epoch 15 train batch [1300/1875] loss=0.0943 avg_loss=0.1255
[2026-06-03 02:35:41] Epoch 15 train batch [1320/1875] loss=0.1019 avg_loss=0.1253
[2026-06-03 02:35:45] Epoch 15 train batch [1340/1875] loss=0.1360 avg_loss=0.1250
[2026-06-03 02:35:49] Epoch 15 train batch [1360/1875] loss=0.1023 avg_loss=0.1250
[2026-06-03 02:35:53] Epoch 15 train batch [1380/1875] loss=0.0295 avg_loss=0.1248
[2026-06-03 02:35:57] Epoch 15 train batch [1400/1875] loss=0.0610 avg_loss=0.1244
[2026-06-03 02:36:02] Epoch 15 train batch [1420/1875] loss=0.0982 avg_loss=0.1245
[2026-06-03 02:36:06] Epoch 15 train batch [1440/1875] loss=0.1762 avg_loss=0.1244
[2026-06-03 02:36:10] Epoch 15 train batch [1460/1875] loss=0.0467 avg_loss=0.1245
[2026-06-03 02:36:14] Epoch 15 train batch [1480/1875] loss=0.0595 avg_loss=0.1249
[2026-06-03 02:36:18] Epoch 15 train batch [1500/1875] loss=0.0848 avg_loss=0.1249
[2026-06-03 02:36:22] Epoch 15 train batch [1520/1875] loss=0.0941 avg_loss=0.1249
[2026-06-03 02:36:27] Epoch 15 train batch [1540/1875] loss=0.0457 avg_loss=0.1245
[2026-06-03 02:36:31] Epoch 15 train batch [1560/1875] loss=0.0048 avg_loss=0.1242
[2026-06-03 02:36:35] Epoch 15 train batch [1580/1875] loss=0.0856 avg_loss=0.1242
[2026-06-03 02:36:39] Epoch 15 train batch [1600/1875] loss=0.1299 avg_loss=0.1247
[2026-06-03 02:36:43] Epoch 15 train batch [1620/1875] loss=0.1482 avg_loss=0.1245
[2026-06-03 02:36:47] Epoch 15 train batch [1640/1875] loss=0.1032 avg_loss=0.1247
[2026-06-03 02:36:51] Epoch 15 train batch [1660/1875] loss=0.0527 avg_loss=0.1244
[2026-06-03 02:36:55] Epoch 15 train batch [1680/1875] loss=0.0826 avg_loss=0.1242
[2026-06-03 02:37:00] Epoch 15 train batch [1700/1875] loss=0.0373 avg_loss=0.1239
[2026-06-03 02:37:04] Epoch 15 train batch [1720/1875] loss=0.0928 avg_loss=0.1238
[2026-06-03 02:37:08] Epoch 15 train batch [1740/1875] loss=0.1559 avg_loss=0.1237
[2026-06-03 02:37:12] Epoch 15 train batch [1760/1875] loss=0.1582 avg_loss=0.1239
[2026-06-03 02:37:17] Epoch 15 train batch [1780/1875] loss=0.0694 avg_loss=0.1241
[2026-06-03 02:37:21] Epoch 15 train batch [1800/1875] loss=0.0201 avg_loss=0.1240
[2026-06-03 02:37:25] Epoch 15 train batch [1820/1875] loss=0.0265 avg_loss=0.1239
[2026-06-03 02:37:29] Epoch 15 train batch [1840/1875] loss=0.0434 avg_loss=0.1239
[2026-06-03 02:37:33] Epoch 15 train batch [1860/1875] loss=0.0461 avg_loss=0.1239
[2026-06-03 02:37:36] Epoch 15 train batch [1875/1875] loss=0.0774 avg_loss=0.1241
[2026-06-03 02:37:36] Epoch 15 training completed. Computing validation loss.
[2026-06-03 02:38:17] Epoch 15 validation loss completed: 0.1811. Computing detection metrics.
[2026-06-03 02:38:56] Epoch 15 metrics computed. Saving artifacts.
[2026-06-03 02:38:58] Epoch 15 improved mAP@0.5 to 0.7590. Saved best checkpoint: best_model-20260603-004418.pth.
Epoch [15/30]
├── Train Loss : 0.1241
│   ├── loss_classifier  : 0.0384
│   ├── loss_box_reg     : 0.0778
│   ├── loss_objectness  : 0.0037
│   └── loss_rpn_box_reg : 0.0042
├── Val Loss   : 0.1811
├── mAP@0.5    : 0.7590
├── mAP@0.75   : 0.4099
├── mAP@0.5:0.95 : 0.4193
├── Precision  : 0.4906
├── Recall     : 0.8530
├── GT Boxes   : 2021
├── Predictions: 3514
├── Per-class AP
│   ├── person  : AP50=0.8236, AP75=0.4658, AP50:95=0.4563, P=0.4941, R=0.8911
│   ├── car     : AP50=0.7441, AP75=0.4140, AP50:95=0.4137, P=0.4572, R=0.8304
│   ├── dog     : AP50=0.8295, AP75=0.4932, AP50:95=0.4910, P=0.6228, R=0.8738
│   ├── cat     : AP50=0.8663, AP75=0.4573, AP50:95=0.4767, P=0.7929, R=0.8920
│   └── chair   : AP50=0.5316, AP75=0.2194, AP50:95=0.2588, P=0.3385, R=0.6915
├── LR         : 0.001000
└── Time       : 472.1s
[2026-06-03 02:38:58] Epoch [15/30] completed.
[2026-06-03 02:38:58] Epoch [16/30] started.
[2026-06-03 02:39:01] Epoch 16 train batch [20/1875] loss=0.0895 avg_loss=0.0976
[2026-06-03 02:39:03] Epoch 16 train batch [40/1875] loss=0.1864 avg_loss=0.1022
[2026-06-03 02:39:06] Epoch 16 train batch [60/1875] loss=0.2244 avg_loss=0.1102
[2026-06-03 02:39:11] Epoch 16 train batch [80/1875] loss=0.0248 avg_loss=0.1112
[2026-06-03 02:39:15] Epoch 16 train batch [100/1875] loss=0.0547 avg_loss=0.1113
[2026-06-03 02:39:19] Epoch 16 train batch [120/1875] loss=0.1296 avg_loss=0.1163
[2026-06-03 02:39:23] Epoch 16 train batch [140/1875] loss=0.1747 avg_loss=0.1195
[2026-06-03 02:39:28] Epoch 16 train batch [160/1875] loss=0.0358 avg_loss=0.1165
[2026-06-03 02:39:32] Epoch 16 train batch [180/1875] loss=0.2372 avg_loss=0.1153
[2026-06-03 02:39:36] Epoch 16 train batch [200/1875] loss=0.0154 avg_loss=0.1123
[2026-06-03 02:39:41] Epoch 16 train batch [220/1875] loss=0.0644 avg_loss=0.1098
[2026-06-03 02:39:45] Epoch 16 train batch [240/1875] loss=0.1175 avg_loss=0.1086
[2026-06-03 02:39:49] Epoch 16 train batch [260/1875] loss=0.1138 avg_loss=0.1098
[2026-06-03 02:39:53] Epoch 16 train batch [280/1875] loss=0.0067 avg_loss=0.1089
[2026-06-03 02:39:57] Epoch 16 train batch [300/1875] loss=0.0442 avg_loss=0.1078
[2026-06-03 02:40:01] Epoch 16 train batch [320/1875] loss=0.0907 avg_loss=0.1082
[2026-06-03 02:40:06] Epoch 16 train batch [340/1875] loss=0.0502 avg_loss=0.1072
[2026-06-03 02:40:10] Epoch 16 train batch [360/1875] loss=0.1064 avg_loss=0.1056
[2026-06-03 02:40:14] Epoch 16 train batch [380/1875] loss=0.2258 avg_loss=0.1065
[2026-06-03 02:40:18] Epoch 16 train batch [400/1875] loss=0.0310 avg_loss=0.1065
[2026-06-03 02:40:22] Epoch 16 train batch [420/1875] loss=0.0475 avg_loss=0.1061
[2026-06-03 02:40:27] Epoch 16 train batch [440/1875] loss=0.0781 avg_loss=0.1057
[2026-06-03 02:40:31] Epoch 16 train batch [460/1875] loss=0.1115 avg_loss=0.1059
[2026-06-03 02:40:35] Epoch 16 train batch [480/1875] loss=0.1383 avg_loss=0.1052
[2026-06-03 02:40:39] Epoch 16 train batch [500/1875] loss=0.0618 avg_loss=0.1059
[2026-06-03 02:40:44] Epoch 16 train batch [520/1875] loss=0.0959 avg_loss=0.1063
[2026-06-03 02:40:48] Epoch 16 train batch [540/1875] loss=0.0056 avg_loss=0.1059
[2026-06-03 02:40:52] Epoch 16 train batch [560/1875] loss=0.0468 avg_loss=0.1057
[2026-06-03 02:40:56] Epoch 16 train batch [580/1875] loss=0.0290 avg_loss=0.1056
[2026-06-03 02:41:00] Epoch 16 train batch [600/1875] loss=0.1061 avg_loss=0.1065
[2026-06-03 02:41:05] Epoch 16 train batch [620/1875] loss=0.0308 avg_loss=0.1070
[2026-06-03 02:41:09] Epoch 16 train batch [640/1875] loss=0.0269 avg_loss=0.1067
[2026-06-03 02:41:13] Epoch 16 train batch [660/1875] loss=0.1454 avg_loss=0.1060
[2026-06-03 02:41:17] Epoch 16 train batch [680/1875] loss=0.0167 avg_loss=0.1055
[2026-06-03 02:41:22] Epoch 16 train batch [700/1875] loss=0.1352 avg_loss=0.1059
[2026-06-03 02:41:26] Epoch 16 train batch [720/1875] loss=0.0002 avg_loss=0.1059
[2026-06-03 02:41:30] Epoch 16 train batch [740/1875] loss=0.1282 avg_loss=0.1059
[2026-06-03 02:41:34] Epoch 16 train batch [760/1875] loss=0.0612 avg_loss=0.1058
[2026-06-03 02:41:39] Epoch 16 train batch [780/1875] loss=0.0870 avg_loss=0.1055
[2026-06-03 02:41:43] Epoch 16 train batch [800/1875] loss=0.2149 avg_loss=0.1068
[2026-06-03 02:41:47] Epoch 16 train batch [820/1875] loss=0.0154 avg_loss=0.1066
[2026-06-03 02:41:52] Epoch 16 train batch [840/1875] loss=0.0480 avg_loss=0.1061
[2026-06-03 02:41:56] Epoch 16 train batch [860/1875] loss=0.0148 avg_loss=0.1067
[2026-06-03 02:42:00] Epoch 16 train batch [880/1875] loss=0.0528 avg_loss=0.1067
[2026-06-03 02:42:04] Epoch 16 train batch [900/1875] loss=0.1054 avg_loss=0.1066
[2026-06-03 02:42:08] Epoch 16 train batch [920/1875] loss=0.1464 avg_loss=0.1070
[2026-06-03 02:42:13] Epoch 16 train batch [940/1875] loss=0.0384 avg_loss=0.1071
[2026-06-03 02:42:17] Epoch 16 train batch [960/1875] loss=0.1424 avg_loss=0.1069
[2026-06-03 02:42:21] Epoch 16 train batch [980/1875] loss=0.1209 avg_loss=0.1075
[2026-06-03 02:42:25] Epoch 16 train batch [1000/1875] loss=0.0401 avg_loss=0.1074
[2026-06-03 02:42:30] Epoch 16 train batch [1020/1875] loss=0.1106 avg_loss=0.1068
[2026-06-03 02:42:34] Epoch 16 train batch [1040/1875] loss=0.0482 avg_loss=0.1069
[2026-06-03 02:42:38] Epoch 16 train batch [1060/1875] loss=0.3215 avg_loss=0.1071
[2026-06-03 02:42:42] Epoch 16 train batch [1080/1875] loss=0.0972 avg_loss=0.1069
[2026-06-03 02:42:47] Epoch 16 train batch [1100/1875] loss=0.0722 avg_loss=0.1068
[2026-06-03 02:42:51] Epoch 16 train batch [1120/1875] loss=0.1163 avg_loss=0.1070
[2026-06-03 02:42:55] Epoch 16 train batch [1140/1875] loss=0.0863 avg_loss=0.1070
[2026-06-03 02:42:59] Epoch 16 train batch [1160/1875] loss=0.1428 avg_loss=0.1069
[2026-06-03 02:43:03] Epoch 16 train batch [1180/1875] loss=0.1343 avg_loss=0.1071
[2026-06-03 02:43:08] Epoch 16 train batch [1200/1875] loss=0.0116 avg_loss=0.1067
[2026-06-03 02:43:12] Epoch 16 train batch [1220/1875] loss=0.0705 avg_loss=0.1067
[2026-06-03 02:43:16] Epoch 16 train batch [1240/1875] loss=0.0987 avg_loss=0.1065
[2026-06-03 02:43:20] Epoch 16 train batch [1260/1875] loss=0.0498 avg_loss=0.1065
[2026-06-03 02:43:25] Epoch 16 train batch [1280/1875] loss=0.2886 avg_loss=0.1066
[2026-06-03 02:43:29] Epoch 16 train batch [1300/1875] loss=0.1346 avg_loss=0.1064
[2026-06-03 02:43:33] Epoch 16 train batch [1320/1875] loss=0.0150 avg_loss=0.1057
[2026-06-03 02:43:37] Epoch 16 train batch [1340/1875] loss=0.0223 avg_loss=0.1056
[2026-06-03 02:43:41] Epoch 16 train batch [1360/1875] loss=0.0380 avg_loss=0.1052
[2026-06-03 02:43:45] Epoch 16 train batch [1380/1875] loss=0.0410 avg_loss=0.1052
[2026-06-03 02:43:50] Epoch 16 train batch [1400/1875] loss=0.1270 avg_loss=0.1052
[2026-06-03 02:43:54] Epoch 16 train batch [1420/1875] loss=0.2296 avg_loss=0.1056
[2026-06-03 02:43:58] Epoch 16 train batch [1440/1875] loss=0.0500 avg_loss=0.1055
[2026-06-03 02:44:02] Epoch 16 train batch [1460/1875] loss=0.2847 avg_loss=0.1058
[2026-06-03 02:44:06] Epoch 16 train batch [1480/1875] loss=0.1619 avg_loss=0.1062
[2026-06-03 02:44:11] Epoch 16 train batch [1500/1875] loss=0.0443 avg_loss=0.1059
[2026-06-03 02:44:15] Epoch 16 train batch [1520/1875] loss=0.0343 avg_loss=0.1061
[2026-06-03 02:44:19] Epoch 16 train batch [1540/1875] loss=0.1245 avg_loss=0.1062
[2026-06-03 02:44:23] Epoch 16 train batch [1560/1875] loss=0.0692 avg_loss=0.1061
[2026-06-03 02:44:28] Epoch 16 train batch [1580/1875] loss=0.0967 avg_loss=0.1061
[2026-06-03 02:44:32] Epoch 16 train batch [1600/1875] loss=0.0114 avg_loss=0.1061
[2026-06-03 02:44:36] Epoch 16 train batch [1620/1875] loss=0.0132 avg_loss=0.1059
[2026-06-03 02:44:40] Epoch 16 train batch [1640/1875] loss=0.0119 avg_loss=0.1058
[2026-06-03 02:44:44] Epoch 16 train batch [1660/1875] loss=0.1093 avg_loss=0.1058
[2026-06-03 02:44:49] Epoch 16 train batch [1680/1875] loss=0.0409 avg_loss=0.1054
[2026-06-03 02:44:53] Epoch 16 train batch [1700/1875] loss=0.0174 avg_loss=0.1051
[2026-06-03 02:44:57] Epoch 16 train batch [1720/1875] loss=0.0786 avg_loss=0.1051
[2026-06-03 02:45:01] Epoch 16 train batch [1740/1875] loss=0.1362 avg_loss=0.1052
[2026-06-03 02:45:05] Epoch 16 train batch [1760/1875] loss=0.0001 avg_loss=0.1052
[2026-06-03 02:45:10] Epoch 16 train batch [1780/1875] loss=0.0766 avg_loss=0.1053
[2026-06-03 02:45:14] Epoch 16 train batch [1800/1875] loss=0.0129 avg_loss=0.1054
[2026-06-03 02:45:18] Epoch 16 train batch [1820/1875] loss=0.1165 avg_loss=0.1057
[2026-06-03 02:45:22] Epoch 16 train batch [1840/1875] loss=0.0607 avg_loss=0.1056
[2026-06-03 02:45:26] Epoch 16 train batch [1860/1875] loss=0.0329 avg_loss=0.1055
[2026-06-03 02:45:30] Epoch 16 train batch [1875/1875] loss=0.2412 avg_loss=0.1056
[2026-06-03 02:45:30] Epoch 16 training completed. Computing validation loss.
[2026-06-03 02:46:11] Epoch 16 validation loss completed: 0.1831. Computing detection metrics.
[2026-06-03 02:46:50] Epoch 16 metrics computed. Saving artifacts.
[2026-06-03 02:46:51] Epoch 16 improved mAP@0.5 to 0.7654. Saved best checkpoint: best_model-20260603-004418.pth.
Epoch [16/30]
├── Train Loss : 0.1056
│   ├── loss_classifier  : 0.0322
│   ├── loss_box_reg     : 0.0668
│   ├── loss_objectness  : 0.0030
│   └── loss_rpn_box_reg : 0.0036
├── Val Loss   : 0.1831
├── mAP@0.5    : 0.7654
├── mAP@0.75   : 0.4547
├── mAP@0.5:0.95 : 0.4415
├── Precision  : 0.6094
├── Recall     : 0.8367
├── GT Boxes   : 2021
├── Predictions: 2775
├── Per-class AP
│   ├── person  : AP50=0.8205, AP75=0.4608, AP50:95=0.4614, P=0.6477, R=0.8678
│   ├── car     : AP50=0.7479, AP75=0.4216, AP50:95=0.4198, P=0.5297, R=0.8198
│   ├── dog     : AP50=0.8290, AP75=0.6348, AP50:95=0.5328, P=0.7008, R=0.8641
│   ├── cat     : AP50=0.8874, AP75=0.5415, AP50:95=0.5251, P=0.7756, R=0.9034
│   └── chair   : AP50=0.5421, AP75=0.2149, AP50:95=0.2683, P=0.4328, R=0.6738
├── LR         : 0.000100
└── Time       : 472.7s
[2026-06-03 02:46:52] Epoch [16/30] completed.
[2026-06-03 02:46:52] Epoch [17/30] started.
[2026-06-03 02:46:55] Epoch 17 train batch [20/1875] loss=0.1971 avg_loss=0.1175
[2026-06-03 02:46:57] Epoch 17 train batch [40/1875] loss=0.1007 avg_loss=0.1275
[2026-06-03 02:47:01] Epoch 17 train batch [60/1875] loss=0.0329 avg_loss=0.1189
[2026-06-03 02:47:05] Epoch 17 train batch [80/1875] loss=0.0249 avg_loss=0.1142
[2026-06-03 02:47:10] Epoch 17 train batch [100/1875] loss=0.2141 avg_loss=0.1174
[2026-06-03 02:47:14] Epoch 17 train batch [120/1875] loss=0.0598 avg_loss=0.1125
[2026-06-03 02:47:18] Epoch 17 train batch [140/1875] loss=0.1768 avg_loss=0.1161
[2026-06-03 02:47:22] Epoch 17 train batch [160/1875] loss=0.1159 avg_loss=0.1110
[2026-06-03 02:47:26] Epoch 17 train batch [180/1875] loss=0.0277 avg_loss=0.1111
[2026-06-03 02:47:31] Epoch 17 train batch [200/1875] loss=0.0568 avg_loss=0.1110
[2026-06-03 02:47:35] Epoch 17 train batch [220/1875] loss=0.0772 avg_loss=0.1094
[2026-06-03 02:47:39] Epoch 17 train batch [240/1875] loss=0.1390 avg_loss=0.1091
[2026-06-03 02:47:43] Epoch 17 train batch [260/1875] loss=0.0451 avg_loss=0.1106
[2026-06-03 02:47:47] Epoch 17 train batch [280/1875] loss=0.0299 avg_loss=0.1100
[2026-06-03 02:47:51] Epoch 17 train batch [300/1875] loss=0.0212 avg_loss=0.1117
[2026-06-03 02:47:56] Epoch 17 train batch [320/1875] loss=0.1627 avg_loss=0.1103
[2026-06-03 02:48:00] Epoch 17 train batch [340/1875] loss=0.0932 avg_loss=0.1103
[2026-06-03 02:48:04] Epoch 17 train batch [360/1875] loss=0.0507 avg_loss=0.1095
[2026-06-03 02:48:08] Epoch 17 train batch [380/1875] loss=0.1484 avg_loss=0.1098
[2026-06-03 02:48:12] Epoch 17 train batch [400/1875] loss=0.0351 avg_loss=0.1098
[2026-06-03 02:48:17] Epoch 17 train batch [420/1875] loss=0.0622 avg_loss=0.1100
[2026-06-03 02:48:21] Epoch 17 train batch [440/1875] loss=0.0570 avg_loss=0.1097
[2026-06-03 02:48:26] Epoch 17 train batch [460/1875] loss=0.0690 avg_loss=0.1099
[2026-06-03 02:48:30] Epoch 17 train batch [480/1875] loss=0.0204 avg_loss=0.1103
[2026-06-03 02:48:34] Epoch 17 train batch [500/1875] loss=0.0512 avg_loss=0.1102
[2026-06-03 02:48:38] Epoch 17 train batch [520/1875] loss=0.0910 avg_loss=0.1094
[2026-06-03 02:48:42] Epoch 17 train batch [540/1875] loss=0.0224 avg_loss=0.1093
[2026-06-03 02:48:47] Epoch 17 train batch [560/1875] loss=0.1738 avg_loss=0.1091
[2026-06-03 02:48:51] Epoch 17 train batch [580/1875] loss=0.0606 avg_loss=0.1092
[2026-06-03 02:48:55] Epoch 17 train batch [600/1875] loss=0.2023 avg_loss=0.1099
[2026-06-03 02:48:59] Epoch 17 train batch [620/1875] loss=0.0836 avg_loss=0.1105
[2026-06-03 02:49:03] Epoch 17 train batch [640/1875] loss=0.1154 avg_loss=0.1101
[2026-06-03 02:49:08] Epoch 17 train batch [660/1875] loss=0.0970 avg_loss=0.1098
[2026-06-03 02:49:12] Epoch 17 train batch [680/1875] loss=0.2288 avg_loss=0.1098
[2026-06-03 02:49:16] Epoch 17 train batch [700/1875] loss=0.1242 avg_loss=0.1093
[2026-06-03 02:49:20] Epoch 17 train batch [720/1875] loss=0.0730 avg_loss=0.1095
[2026-06-03 02:49:25] Epoch 17 train batch [740/1875] loss=0.1289 avg_loss=0.1096
[2026-06-03 02:49:29] Epoch 17 train batch [760/1875] loss=0.1262 avg_loss=0.1104
[2026-06-03 02:49:33] Epoch 17 train batch [780/1875] loss=0.0429 avg_loss=0.1099
[2026-06-03 02:49:37] Epoch 17 train batch [800/1875] loss=0.0501 avg_loss=0.1094
[2026-06-03 02:49:42] Epoch 17 train batch [820/1875] loss=0.2553 avg_loss=0.1088
[2026-06-03 02:49:46] Epoch 17 train batch [840/1875] loss=0.2204 avg_loss=0.1084
[2026-06-03 02:49:50] Epoch 17 train batch [860/1875] loss=0.0946 avg_loss=0.1079
[2026-06-03 02:49:54] Epoch 17 train batch [880/1875] loss=0.0532 avg_loss=0.1077
[2026-06-03 02:49:58] Epoch 17 train batch [900/1875] loss=0.2240 avg_loss=0.1076
[2026-06-03 02:50:03] Epoch 17 train batch [920/1875] loss=0.1151 avg_loss=0.1076
[2026-06-03 02:50:07] Epoch 17 train batch [940/1875] loss=0.1456 avg_loss=0.1072
[2026-06-03 02:50:11] Epoch 17 train batch [960/1875] loss=0.0228 avg_loss=0.1065
[2026-06-03 02:50:15] Epoch 17 train batch [980/1875] loss=0.0204 avg_loss=0.1068
[2026-06-03 02:50:20] Epoch 17 train batch [1000/1875] loss=0.1065 avg_loss=0.1068
[2026-06-03 02:50:24] Epoch 17 train batch [1020/1875] loss=0.2151 avg_loss=0.1071
[2026-06-03 02:50:28] Epoch 17 train batch [1040/1875] loss=0.1373 avg_loss=0.1070
[2026-06-03 02:50:32] Epoch 17 train batch [1060/1875] loss=0.0776 avg_loss=0.1070
[2026-06-03 02:50:37] Epoch 17 train batch [1080/1875] loss=0.1242 avg_loss=0.1067
[2026-06-03 02:50:41] Epoch 17 train batch [1100/1875] loss=0.0843 avg_loss=0.1069
[2026-06-03 02:50:45] Epoch 17 train batch [1120/1875] loss=0.0629 avg_loss=0.1067
[2026-06-03 02:50:49] Epoch 17 train batch [1140/1875] loss=0.1646 avg_loss=0.1063
[2026-06-03 02:50:53] Epoch 17 train batch [1160/1875] loss=0.1006 avg_loss=0.1065
[2026-06-03 02:50:58] Epoch 17 train batch [1180/1875] loss=0.2383 avg_loss=0.1064
[2026-06-03 02:51:02] Epoch 17 train batch [1200/1875] loss=0.0604 avg_loss=0.1062
[2026-06-03 02:51:06] Epoch 17 train batch [1220/1875] loss=0.0353 avg_loss=0.1057
[2026-06-03 02:51:10] Epoch 17 train batch [1240/1875] loss=0.2183 avg_loss=0.1053
[2026-06-03 02:51:15] Epoch 17 train batch [1260/1875] loss=0.2285 avg_loss=0.1055
[2026-06-03 02:51:19] Epoch 17 train batch [1280/1875] loss=0.1813 avg_loss=0.1057
[2026-06-03 02:51:23] Epoch 17 train batch [1300/1875] loss=0.0389 avg_loss=0.1055
[2026-06-03 02:51:27] Epoch 17 train batch [1320/1875] loss=0.0317 avg_loss=0.1055
[2026-06-03 02:51:31] Epoch 17 train batch [1340/1875] loss=0.0529 avg_loss=0.1055
[2026-06-03 02:51:35] Epoch 17 train batch [1360/1875] loss=0.0279 avg_loss=0.1050
[2026-06-03 02:51:40] Epoch 17 train batch [1380/1875] loss=0.0237 avg_loss=0.1047
[2026-06-03 02:51:44] Epoch 17 train batch [1400/1875] loss=0.0607 avg_loss=0.1047
[2026-06-03 02:51:48] Epoch 17 train batch [1420/1875] loss=0.1299 avg_loss=0.1043
[2026-06-03 02:51:52] Epoch 17 train batch [1440/1875] loss=0.0550 avg_loss=0.1041
[2026-06-03 02:51:57] Epoch 17 train batch [1460/1875] loss=0.2540 avg_loss=0.1043
[2026-06-03 02:52:01] Epoch 17 train batch [1480/1875] loss=0.2502 avg_loss=0.1042
[2026-06-03 02:52:05] Epoch 17 train batch [1500/1875] loss=0.0905 avg_loss=0.1041
[2026-06-03 02:52:09] Epoch 17 train batch [1520/1875] loss=0.0669 avg_loss=0.1040
[2026-06-03 02:52:14] Epoch 17 train batch [1540/1875] loss=0.1485 avg_loss=0.1040
[2026-06-03 02:52:18] Epoch 17 train batch [1560/1875] loss=0.2892 avg_loss=0.1037
[2026-06-03 02:52:22] Epoch 17 train batch [1580/1875] loss=0.0368 avg_loss=0.1033
[2026-06-03 02:52:26] Epoch 17 train batch [1600/1875] loss=0.2882 avg_loss=0.1031
[2026-06-03 02:52:31] Epoch 17 train batch [1620/1875] loss=0.0539 avg_loss=0.1029
[2026-06-03 02:52:35] Epoch 17 train batch [1640/1875] loss=0.0495 avg_loss=0.1031
[2026-06-03 02:52:39] Epoch 17 train batch [1660/1875] loss=0.0768 avg_loss=0.1030
[2026-06-03 02:52:43] Epoch 17 train batch [1680/1875] loss=0.0461 avg_loss=0.1032
[2026-06-03 02:52:48] Epoch 17 train batch [1700/1875] loss=0.0659 avg_loss=0.1032
[2026-06-03 02:52:52] Epoch 17 train batch [1720/1875] loss=0.2655 avg_loss=0.1032
[2026-06-03 02:52:56] Epoch 17 train batch [1740/1875] loss=0.0517 avg_loss=0.1031
[2026-06-03 02:53:01] Epoch 17 train batch [1760/1875] loss=0.0500 avg_loss=0.1032
[2026-06-03 02:53:05] Epoch 17 train batch [1780/1875] loss=0.0938 avg_loss=0.1032
[2026-06-03 02:53:09] Epoch 17 train batch [1800/1875] loss=0.0999 avg_loss=0.1033
[2026-06-03 02:53:13] Epoch 17 train batch [1820/1875] loss=0.0743 avg_loss=0.1033
[2026-06-03 02:53:17] Epoch 17 train batch [1840/1875] loss=0.1896 avg_loss=0.1032
[2026-06-03 02:53:21] Epoch 17 train batch [1860/1875] loss=0.0893 avg_loss=0.1030
[2026-06-03 02:53:25] Epoch 17 train batch [1875/1875] loss=0.0240 avg_loss=0.1031
[2026-06-03 02:53:25] Epoch 17 training completed. Computing validation loss.
[2026-06-03 02:54:05] Epoch 17 validation loss completed: 0.1843. Computing detection metrics.
[2026-06-03 02:54:44] Epoch 17 metrics computed. Saving artifacts.
[2026-06-03 02:54:45] Epoch 17 did not improve mAP@0.5 enough. Early stopping counter: 1/7.
Epoch [17/30]
├── Train Loss : 0.1031
│   ├── loss_classifier  : 0.0315
│   ├── loss_box_reg     : 0.0652
│   ├── loss_objectness  : 0.0028
│   └── loss_rpn_box_reg : 0.0036
├── Val Loss   : 0.1843
├── mAP@0.5    : 0.7635
├── mAP@0.75   : 0.4452
├── mAP@0.5:0.95 : 0.4377
├── Precision  : 0.6143
├── Recall     : 0.8323
├── GT Boxes   : 2021
├── Predictions: 2738
├── Per-class AP
│   ├── person  : AP50=0.8216, AP75=0.4669, AP50:95=0.4638, P=0.6485, R=0.8659
│   ├── car     : AP50=0.7365, AP75=0.4029, AP50:95=0.4168, P=0.5510, R=0.8021
│   ├── dog     : AP50=0.8246, AP75=0.5999, AP50:95=0.5203, P=0.7137, R=0.8592
│   ├── cat     : AP50=0.8952, AP75=0.5409, AP50:95=0.5255, P=0.8040, R=0.9091
│   └── chair   : AP50=0.5397, AP75=0.2157, AP50:95=0.2624, P=0.4225, R=0.6667
├── LR         : 0.000100
└── Time       : 472.6s
[2026-06-03 02:54:45] Epoch [17/30] completed.
[2026-06-03 02:54:45] Epoch [18/30] started.
[2026-06-03 02:54:49] Epoch 18 train batch [20/1875] loss=0.2300 avg_loss=0.0898
[2026-06-03 02:54:51] Epoch 18 train batch [40/1875] loss=0.2275 avg_loss=0.1097
[2026-06-03 02:54:54] Epoch 18 train batch [60/1875] loss=0.1424 avg_loss=0.1030
[2026-06-03 02:54:58] Epoch 18 train batch [80/1875] loss=0.1170 avg_loss=0.1059
[2026-06-03 02:55:03] Epoch 18 train batch [100/1875] loss=0.0395 avg_loss=0.1038
[2026-06-03 02:55:07] Epoch 18 train batch [120/1875] loss=0.0306 avg_loss=0.0998
[2026-06-03 02:55:11] Epoch 18 train batch [140/1875] loss=0.0853 avg_loss=0.0985
[2026-06-03 02:55:15] Epoch 18 train batch [160/1875] loss=0.1544 avg_loss=0.1028
[2026-06-03 02:55:19] Epoch 18 train batch [180/1875] loss=0.0938 avg_loss=0.1012
[2026-06-03 02:55:24] Epoch 18 train batch [200/1875] loss=0.1345 avg_loss=0.1011
[2026-06-03 02:55:28] Epoch 18 train batch [220/1875] loss=0.2105 avg_loss=0.1014
[2026-06-03 02:55:32] Epoch 18 train batch [240/1875] loss=0.0249 avg_loss=0.0999
[2026-06-03 02:55:36] Epoch 18 train batch [260/1875] loss=0.0335 avg_loss=0.0981
[2026-06-03 02:55:41] Epoch 18 train batch [280/1875] loss=0.1690 avg_loss=0.0988
[2026-06-03 02:55:45] Epoch 18 train batch [300/1875] loss=0.0589 avg_loss=0.0976
[2026-06-03 02:55:49] Epoch 18 train batch [320/1875] loss=0.1090 avg_loss=0.0972
[2026-06-03 02:55:53] Epoch 18 train batch [340/1875] loss=0.2006 avg_loss=0.0985
[2026-06-03 02:55:57] Epoch 18 train batch [360/1875] loss=0.1019 avg_loss=0.0990
[2026-06-03 02:56:02] Epoch 18 train batch [380/1875] loss=0.1791 avg_loss=0.0983
[2026-06-03 02:56:06] Epoch 18 train batch [400/1875] loss=0.0779 avg_loss=0.0974
[2026-06-03 02:56:10] Epoch 18 train batch [420/1875] loss=0.0288 avg_loss=0.0975
[2026-06-03 02:56:15] Epoch 18 train batch [440/1875] loss=0.1252 avg_loss=0.0988
[2026-06-03 02:56:19] Epoch 18 train batch [460/1875] loss=0.0120 avg_loss=0.0989
[2026-06-03 02:56:23] Epoch 18 train batch [480/1875] loss=0.1156 avg_loss=0.0987
[2026-06-03 02:56:27] Epoch 18 train batch [500/1875] loss=0.2757 avg_loss=0.0987
[2026-06-03 02:56:31] Epoch 18 train batch [520/1875] loss=0.1519 avg_loss=0.0989
[2026-06-03 02:56:35] Epoch 18 train batch [540/1875] loss=0.1154 avg_loss=0.0993
[2026-06-03 02:56:39] Epoch 18 train batch [560/1875] loss=0.0559 avg_loss=0.0992
[2026-06-03 02:56:43] Epoch 18 train batch [580/1875] loss=0.1882 avg_loss=0.0992
[2026-06-03 02:56:48] Epoch 18 train batch [600/1875] loss=0.1614 avg_loss=0.0988
[2026-06-03 02:56:52] Epoch 18 train batch [620/1875] loss=0.1045 avg_loss=0.0992
[2026-06-03 02:56:56] Epoch 18 train batch [640/1875] loss=0.0792 avg_loss=0.0996
[2026-06-03 02:57:00] Epoch 18 train batch [660/1875] loss=0.1446 avg_loss=0.0996
[2026-06-03 02:57:05] Epoch 18 train batch [680/1875] loss=0.1113 avg_loss=0.0988
[2026-06-03 02:57:09] Epoch 18 train batch [700/1875] loss=0.0302 avg_loss=0.0987
[2026-06-03 02:57:13] Epoch 18 train batch [720/1875] loss=0.0137 avg_loss=0.0988
[2026-06-03 02:57:17] Epoch 18 train batch [740/1875] loss=0.0490 avg_loss=0.0985
[2026-06-03 02:57:22] Epoch 18 train batch [760/1875] loss=0.2270 avg_loss=0.0986
[2026-06-03 02:57:26] Epoch 18 train batch [780/1875] loss=0.1651 avg_loss=0.0985
[2026-06-03 02:57:31] Epoch 18 train batch [800/1875] loss=0.0440 avg_loss=0.0983
[2026-06-03 02:57:35] Epoch 18 train batch [820/1875] loss=0.0306 avg_loss=0.0982
[2026-06-03 02:57:39] Epoch 18 train batch [840/1875] loss=0.0299 avg_loss=0.0977
[2026-06-03 02:57:43] Epoch 18 train batch [860/1875] loss=0.1909 avg_loss=0.0977
[2026-06-03 02:57:47] Epoch 18 train batch [880/1875] loss=0.2591 avg_loss=0.0977
[2026-06-03 02:57:52] Epoch 18 train batch [900/1875] loss=0.1113 avg_loss=0.0972
[2026-06-03 02:57:56] Epoch 18 train batch [920/1875] loss=0.0335 avg_loss=0.0966
[2026-06-03 02:58:00] Epoch 18 train batch [940/1875] loss=0.0057 avg_loss=0.0972
[2026-06-03 02:58:04] Epoch 18 train batch [960/1875] loss=0.0895 avg_loss=0.0973
[2026-06-03 02:58:08] Epoch 18 train batch [980/1875] loss=0.0286 avg_loss=0.0976
[2026-06-03 02:58:13] Epoch 18 train batch [1000/1875] loss=0.2063 avg_loss=0.0980
[2026-06-03 02:58:17] Epoch 18 train batch [1020/1875] loss=0.0422 avg_loss=0.0980
[2026-06-03 02:58:21] Epoch 18 train batch [1040/1875] loss=0.0551 avg_loss=0.0977
[2026-06-03 02:58:25] Epoch 18 train batch [1060/1875] loss=0.0381 avg_loss=0.0981
[2026-06-03 02:58:29] Epoch 18 train batch [1080/1875] loss=0.2892 avg_loss=0.0983
[2026-06-03 02:58:34] Epoch 18 train batch [1100/1875] loss=0.1151 avg_loss=0.0984
[2026-06-03 02:58:38] Epoch 18 train batch [1120/1875] loss=0.0972 avg_loss=0.0983
[2026-06-03 02:58:42] Epoch 18 train batch [1140/1875] loss=0.1262 avg_loss=0.0980
[2026-06-03 02:58:46] Epoch 18 train batch [1160/1875] loss=0.0900 avg_loss=0.0982
[2026-06-03 02:58:50] Epoch 18 train batch [1180/1875] loss=0.1342 avg_loss=0.0992
[2026-06-03 02:58:55] Epoch 18 train batch [1200/1875] loss=0.2029 avg_loss=0.0999
[2026-06-03 02:58:59] Epoch 18 train batch [1220/1875] loss=0.0635 avg_loss=0.0997
[2026-06-03 02:59:03] Epoch 18 train batch [1240/1875] loss=0.1249 avg_loss=0.1000
[2026-06-03 02:59:07] Epoch 18 train batch [1260/1875] loss=0.0685 avg_loss=0.0999
[2026-06-03 02:59:11] Epoch 18 train batch [1280/1875] loss=0.0983 avg_loss=0.0997
[2026-06-03 02:59:15] Epoch 18 train batch [1300/1875] loss=0.0918 avg_loss=0.0996
[2026-06-03 02:59:20] Epoch 18 train batch [1320/1875] loss=0.0709 avg_loss=0.0995
[2026-06-03 02:59:24] Epoch 18 train batch [1340/1875] loss=0.0840 avg_loss=0.0999
[2026-06-03 02:59:28] Epoch 18 train batch [1360/1875] loss=0.0717 avg_loss=0.0997
[2026-06-03 02:59:32] Epoch 18 train batch [1380/1875] loss=0.0993 avg_loss=0.0995
[2026-06-03 02:59:36] Epoch 18 train batch [1400/1875] loss=0.0233 avg_loss=0.0999
[2026-06-03 02:59:40] Epoch 18 train batch [1420/1875] loss=0.2450 avg_loss=0.0998
[2026-06-03 02:59:45] Epoch 18 train batch [1440/1875] loss=0.1742 avg_loss=0.1002
[2026-06-03 02:59:49] Epoch 18 train batch [1460/1875] loss=0.1553 avg_loss=0.1005
[2026-06-03 02:59:53] Epoch 18 train batch [1480/1875] loss=0.0869 avg_loss=0.1006
[2026-06-03 02:59:57] Epoch 18 train batch [1500/1875] loss=0.0206 avg_loss=0.1009
[2026-06-03 03:00:02] Epoch 18 train batch [1520/1875] loss=0.1464 avg_loss=0.1007
[2026-06-03 03:00:06] Epoch 18 train batch [1540/1875] loss=0.0348 avg_loss=0.1009
[2026-06-03 03:00:10] Epoch 18 train batch [1560/1875] loss=0.1851 avg_loss=0.1010
[2026-06-03 03:00:14] Epoch 18 train batch [1580/1875] loss=0.1363 avg_loss=0.1014
[2026-06-03 03:00:18] Epoch 18 train batch [1600/1875] loss=0.0796 avg_loss=0.1015
[2026-06-03 03:00:23] Epoch 18 train batch [1620/1875] loss=0.1449 avg_loss=0.1015
[2026-06-03 03:00:27] Epoch 18 train batch [1640/1875] loss=0.1600 avg_loss=0.1014
[2026-06-03 03:00:31] Epoch 18 train batch [1660/1875] loss=0.0498 avg_loss=0.1013
[2026-06-03 03:00:35] Epoch 18 train batch [1680/1875] loss=0.0758 avg_loss=0.1014
[2026-06-03 03:00:40] Epoch 18 train batch [1700/1875] loss=0.0855 avg_loss=0.1017
[2026-06-03 03:00:44] Epoch 18 train batch [1720/1875] loss=0.0439 avg_loss=0.1017
[2026-06-03 03:00:48] Epoch 18 train batch [1740/1875] loss=0.0336 avg_loss=0.1017
[2026-06-03 03:00:52] Epoch 18 train batch [1760/1875] loss=0.0656 avg_loss=0.1016
[2026-06-03 03:00:57] Epoch 18 train batch [1780/1875] loss=0.0362 avg_loss=0.1018
[2026-06-03 03:01:01] Epoch 18 train batch [1800/1875] loss=0.1666 avg_loss=0.1018
[2026-06-03 03:01:05] Epoch 18 train batch [1820/1875] loss=0.0655 avg_loss=0.1020
[2026-06-03 03:01:09] Epoch 18 train batch [1840/1875] loss=0.3908 avg_loss=0.1021
[2026-06-03 03:01:14] Epoch 18 train batch [1860/1875] loss=0.1638 avg_loss=0.1020
[2026-06-03 03:01:17] Epoch 18 train batch [1875/1875] loss=0.0816 avg_loss=0.1019
[2026-06-03 03:01:17] Epoch 18 training completed. Computing validation loss.
[2026-06-03 03:01:58] Epoch 18 validation loss completed: 0.1869. Computing detection metrics.
[2026-06-03 03:02:38] Epoch 18 metrics computed. Saving artifacts.
[2026-06-03 03:02:38] Epoch 18 did not improve mAP@0.5 enough. Early stopping counter: 2/7.
Epoch [18/30]
├── Train Loss : 0.1019
│   ├── loss_classifier  : 0.0312
│   ├── loss_box_reg     : 0.0645
│   ├── loss_objectness  : 0.0027
│   └── loss_rpn_box_reg : 0.0035
├── Val Loss   : 0.1869
├── mAP@0.5    : 0.7644
├── mAP@0.75   : 0.4556
├── mAP@0.5:0.95 : 0.4392
├── Precision  : 0.6071
├── Recall     : 0.8328
├── GT Boxes   : 2021
├── Predictions: 2772
├── Per-class AP
│   ├── person  : AP50=0.8168, AP75=0.4606, AP50:95=0.4619, P=0.6297, R=0.8659
│   ├── car     : AP50=0.7330, AP75=0.4301, AP50:95=0.4093, P=0.5636, R=0.7986
│   ├── dog     : AP50=0.8256, AP75=0.6280, AP50:95=0.5252, P=0.6914, R=0.8592
│   ├── cat     : AP50=0.9014, AP75=0.5537, AP50:95=0.5376, P=0.7778, R=0.9148
│   └── chair   : AP50=0.5451, AP75=0.2053, AP50:95=0.2619, P=0.4385, R=0.6702
├── LR         : 0.000100
└── Time       : 472.6s
[2026-06-03 03:02:38] Epoch [18/30] completed.
[2026-06-03 03:02:38] Epoch [19/30] started.
[2026-06-03 03:02:42] Epoch 19 train batch [20/1875] loss=0.1233 avg_loss=0.0972
[2026-06-03 03:02:44] Epoch 19 train batch [40/1875] loss=0.1106 avg_loss=0.1223
[2026-06-03 03:02:48] Epoch 19 train batch [60/1875] loss=0.0589 avg_loss=0.1185
[2026-06-03 03:02:52] Epoch 19 train batch [80/1875] loss=0.0683 avg_loss=0.1149
[2026-06-03 03:02:56] Epoch 19 train batch [100/1875] loss=0.0867 avg_loss=0.1137
[2026-06-03 03:03:00] Epoch 19 train batch [120/1875] loss=0.1296 avg_loss=0.1116
[2026-06-03 03:03:05] Epoch 19 train batch [140/1875] loss=0.0384 avg_loss=0.1080
[2026-06-03 03:03:09] Epoch 19 train batch [160/1875] loss=0.0866 avg_loss=0.1053
[2026-06-03 03:03:13] Epoch 19 train batch [180/1875] loss=0.1201 avg_loss=0.1061
[2026-06-03 03:03:17] Epoch 19 train batch [200/1875] loss=0.0455 avg_loss=0.1034
[2026-06-03 03:03:22] Epoch 19 train batch [220/1875] loss=0.0925 avg_loss=0.1010
[2026-06-03 03:03:26] Epoch 19 train batch [240/1875] loss=0.1989 avg_loss=0.1016
[2026-06-03 03:03:30] Epoch 19 train batch [260/1875] loss=0.0318 avg_loss=0.1000
[2026-06-03 03:03:34] Epoch 19 train batch [280/1875] loss=0.0760 avg_loss=0.0992
[2026-06-03 03:03:38] Epoch 19 train batch [300/1875] loss=0.2052 avg_loss=0.1020
[2026-06-03 03:03:42] Epoch 19 train batch [320/1875] loss=0.1459 avg_loss=0.1020
[2026-06-03 03:03:46] Epoch 19 train batch [340/1875] loss=0.0439 avg_loss=0.0999
[2026-06-03 03:03:51] Epoch 19 train batch [360/1875] loss=0.1246 avg_loss=0.1001
[2026-06-03 03:03:55] Epoch 19 train batch [380/1875] loss=0.1700 avg_loss=0.1015
[2026-06-03 03:03:59] Epoch 19 train batch [400/1875] loss=0.0353 avg_loss=0.1020
[2026-06-03 03:04:03] Epoch 19 train batch [420/1875] loss=0.0441 avg_loss=0.1009
[2026-06-03 03:04:08] Epoch 19 train batch [440/1875] loss=0.0203 avg_loss=0.1003
[2026-06-03 03:04:12] Epoch 19 train batch [460/1875] loss=0.1336 avg_loss=0.1004
[2026-06-03 03:04:16] Epoch 19 train batch [480/1875] loss=0.0309 avg_loss=0.1005
[2026-06-03 03:04:20] Epoch 19 train batch [500/1875] loss=0.0699 avg_loss=0.1010
[2026-06-03 03:04:25] Epoch 19 train batch [520/1875] loss=0.2209 avg_loss=0.1008
[2026-06-03 03:04:29] Epoch 19 train batch [540/1875] loss=0.1249 avg_loss=0.1006
[2026-06-03 03:04:33] Epoch 19 train batch [560/1875] loss=0.0526 avg_loss=0.1000
[2026-06-03 03:04:37] Epoch 19 train batch [580/1875] loss=0.0922 avg_loss=0.0996
[2026-06-03 03:04:41] Epoch 19 train batch [600/1875] loss=0.0906 avg_loss=0.1001
[2026-06-03 03:04:45] Epoch 19 train batch [620/1875] loss=0.0443 avg_loss=0.1001
[2026-06-03 03:04:50] Epoch 19 train batch [640/1875] loss=0.3589 avg_loss=0.1008
[2026-06-03 03:04:54] Epoch 19 train batch [660/1875] loss=0.0479 avg_loss=0.1006
[2026-06-03 03:04:58] Epoch 19 train batch [680/1875] loss=0.0918 avg_loss=0.1004
[2026-06-03 03:05:02] Epoch 19 train batch [700/1875] loss=0.0655 avg_loss=0.1012
[2026-06-03 03:05:06] Epoch 19 train batch [720/1875] loss=0.1660 avg_loss=0.1012
[2026-06-03 03:05:11] Epoch 19 train batch [740/1875] loss=0.1285 avg_loss=0.1010
[2026-06-03 03:05:15] Epoch 19 train batch [760/1875] loss=0.1570 avg_loss=0.1017
[2026-06-03 03:05:19] Epoch 19 train batch [780/1875] loss=0.0582 avg_loss=0.1019
[2026-06-03 03:05:23] Epoch 19 train batch [800/1875] loss=0.0678 avg_loss=0.1017
[2026-06-03 03:05:27] Epoch 19 train batch [820/1875] loss=0.0619 avg_loss=0.1022
[2026-06-03 03:05:32] Epoch 19 train batch [840/1875] loss=0.1035 avg_loss=0.1026
[2026-06-03 03:05:36] Epoch 19 train batch [860/1875] loss=0.2580 avg_loss=0.1025
[2026-06-03 03:05:40] Epoch 19 train batch [880/1875] loss=0.0341 avg_loss=0.1032
[2026-06-03 03:05:45] Epoch 19 train batch [900/1875] loss=0.0483 avg_loss=0.1031
[2026-06-03 03:05:49] Epoch 19 train batch [920/1875] loss=0.0280 avg_loss=0.1034
[2026-06-03 03:05:53] Epoch 19 train batch [940/1875] loss=0.0516 avg_loss=0.1035
[2026-06-03 03:05:57] Epoch 19 train batch [960/1875] loss=0.0731 avg_loss=0.1032
[2026-06-03 03:06:02] Epoch 19 train batch [980/1875] loss=0.0400 avg_loss=0.1032
[2026-06-03 03:06:06] Epoch 19 train batch [1000/1875] loss=0.1192 avg_loss=0.1026
[2026-06-03 03:06:10] Epoch 19 train batch [1020/1875] loss=0.0837 avg_loss=0.1034
[2026-06-03 03:06:14] Epoch 19 train batch [1040/1875] loss=0.0948 avg_loss=0.1030
[2026-06-03 03:06:19] Epoch 19 train batch [1060/1875] loss=0.1004 avg_loss=0.1028
[2026-06-03 03:06:23] Epoch 19 train batch [1080/1875] loss=0.1679 avg_loss=0.1027
[2026-06-03 03:06:27] Epoch 19 train batch [1100/1875] loss=0.0885 avg_loss=0.1031
[2026-06-03 03:06:31] Epoch 19 train batch [1120/1875] loss=0.1559 avg_loss=0.1031
[2026-06-03 03:06:36] Epoch 19 train batch [1140/1875] loss=0.0326 avg_loss=0.1029
[2026-06-03 03:06:40] Epoch 19 train batch [1160/1875] loss=0.1736 avg_loss=0.1030
[2026-06-03 03:06:44] Epoch 19 train batch [1180/1875] loss=0.1063 avg_loss=0.1029
[2026-06-03 03:06:48] Epoch 19 train batch [1200/1875] loss=0.1673 avg_loss=0.1027
[2026-06-03 03:06:52] Epoch 19 train batch [1220/1875] loss=0.0964 avg_loss=0.1023
[2026-06-03 03:06:56] Epoch 19 train batch [1240/1875] loss=0.1499 avg_loss=0.1019
[2026-06-03 03:07:00] Epoch 19 train batch [1260/1875] loss=0.0690 avg_loss=0.1016
[2026-06-03 03:07:05] Epoch 19 train batch [1280/1875] loss=0.0131 avg_loss=0.1016
[2026-06-03 03:07:09] Epoch 19 train batch [1300/1875] loss=0.0620 avg_loss=0.1018
[2026-06-03 03:07:13] Epoch 19 train batch [1320/1875] loss=0.0533 avg_loss=0.1016
[2026-06-03 03:07:17] Epoch 19 train batch [1340/1875] loss=0.0427 avg_loss=0.1017
[2026-06-03 03:07:21] Epoch 19 train batch [1360/1875] loss=0.1016 avg_loss=0.1014
[2026-06-03 03:07:26] Epoch 19 train batch [1380/1875] loss=0.0892 avg_loss=0.1015
[2026-06-03 03:07:30] Epoch 19 train batch [1400/1875] loss=0.0446 avg_loss=0.1015
[2026-06-03 03:07:34] Epoch 19 train batch [1420/1875] loss=0.0533 avg_loss=0.1015
[2026-06-03 03:07:39] Epoch 19 train batch [1440/1875] loss=0.0693 avg_loss=0.1011
[2026-06-03 03:07:43] Epoch 19 train batch [1460/1875] loss=0.0280 avg_loss=0.1007
[2026-06-03 03:07:47] Epoch 19 train batch [1480/1875] loss=0.0926 avg_loss=0.1006
[2026-06-03 03:07:51] Epoch 19 train batch [1500/1875] loss=0.0975 avg_loss=0.1006
[2026-06-03 03:07:55] Epoch 19 train batch [1520/1875] loss=0.0540 avg_loss=0.1003
[2026-06-03 03:08:00] Epoch 19 train batch [1540/1875] loss=0.0473 avg_loss=0.1004
[2026-06-03 03:08:04] Epoch 19 train batch [1560/1875] loss=0.0211 avg_loss=0.1002
[2026-06-03 03:08:08] Epoch 19 train batch [1580/1875] loss=0.0881 avg_loss=0.1004
[2026-06-03 03:08:12] Epoch 19 train batch [1600/1875] loss=0.1053 avg_loss=0.1004
[2026-06-03 03:08:16] Epoch 19 train batch [1620/1875] loss=0.1096 avg_loss=0.1004
[2026-06-03 03:08:21] Epoch 19 train batch [1640/1875] loss=0.1253 avg_loss=0.1001
[2026-06-03 03:08:25] Epoch 19 train batch [1660/1875] loss=0.0773 avg_loss=0.0999
[2026-06-03 03:08:29] Epoch 19 train batch [1680/1875] loss=0.1930 avg_loss=0.1002
[2026-06-03 03:08:33] Epoch 19 train batch [1700/1875] loss=0.1639 avg_loss=0.1002
[2026-06-03 03:08:38] Epoch 19 train batch [1720/1875] loss=0.0197 avg_loss=0.1000
[2026-06-03 03:08:42] Epoch 19 train batch [1740/1875] loss=0.0758 avg_loss=0.1000
[2026-06-03 03:08:46] Epoch 19 train batch [1760/1875] loss=0.0736 avg_loss=0.1000
[2026-06-03 03:08:50] Epoch 19 train batch [1780/1875] loss=0.1194 avg_loss=0.1001
[2026-06-03 03:08:54] Epoch 19 train batch [1800/1875] loss=0.1652 avg_loss=0.1002
[2026-06-03 03:08:59] Epoch 19 train batch [1820/1875] loss=0.0485 avg_loss=0.1003
[2026-06-03 03:09:03] Epoch 19 train batch [1840/1875] loss=0.2809 avg_loss=0.1006
[2026-06-03 03:09:07] Epoch 19 train batch [1860/1875] loss=0.1934 avg_loss=0.1006
[2026-06-03 03:09:10] Epoch 19 train batch [1875/1875] loss=0.2377 avg_loss=0.1010
[2026-06-03 03:09:11] Epoch 19 training completed. Computing validation loss.
[2026-06-03 03:09:52] Epoch 19 validation loss completed: 0.1862. Computing detection metrics.
[2026-06-03 03:10:31] Epoch 19 metrics computed. Saving artifacts.
[2026-06-03 03:10:31] Epoch 19 did not improve mAP@0.5 enough. Early stopping counter: 3/7.
Epoch [19/30]
├── Train Loss : 0.1010
│   ├── loss_classifier  : 0.0310
│   ├── loss_box_reg     : 0.0639
│   ├── loss_objectness  : 0.0027
│   └── loss_rpn_box_reg : 0.0035
├── Val Loss   : 0.1862
├── mAP@0.5    : 0.7593
├── mAP@0.75   : 0.4569
├── mAP@0.5:0.95 : 0.4371
├── Precision  : 0.6150
├── Recall     : 0.8323
├── GT Boxes   : 2021
├── Predictions: 2735
├── Per-class AP
│   ├── person  : AP50=0.8198, AP75=0.4576, AP50:95=0.4595, P=0.6329, R=0.8715
│   ├── car     : AP50=0.7320, AP75=0.4234, AP50:95=0.4089, P=0.5740, R=0.7951
│   ├── dog     : AP50=0.8284, AP75=0.6439, AP50:95=0.5295, P=0.7008, R=0.8641
│   ├── cat     : AP50=0.8913, AP75=0.5525, AP50:95=0.5293, P=0.8071, R=0.9034
│   └── chair   : AP50=0.5249, AP75=0.2069, AP50:95=0.2583, P=0.4455, R=0.6525
├── LR         : 0.000100
└── Time       : 472.5s
[2026-06-03 03:10:31] Epoch [19/30] completed.
[2026-06-03 03:10:31] Epoch [20/30] started.
[2026-06-03 03:10:35] Epoch 20 train batch [20/1875] loss=0.2050 avg_loss=0.0976
[2026-06-03 03:10:38] Epoch 20 train batch [40/1875] loss=0.0014 avg_loss=0.0912
[2026-06-03 03:10:42] Epoch 20 train batch [60/1875] loss=0.1769 avg_loss=0.0918
[2026-06-03 03:10:46] Epoch 20 train batch [80/1875] loss=0.1051 avg_loss=0.0904
[2026-06-03 03:10:50] Epoch 20 train batch [100/1875] loss=0.1393 avg_loss=0.0866
[2026-06-03 03:10:55] Epoch 20 train batch [120/1875] loss=0.0817 avg_loss=0.0901
[2026-06-03 03:10:59] Epoch 20 train batch [140/1875] loss=0.1776 avg_loss=0.0904
[2026-06-03 03:11:03] Epoch 20 train batch [160/1875] loss=0.1064 avg_loss=0.0918
[2026-06-03 03:11:07] Epoch 20 train batch [180/1875] loss=0.0310 avg_loss=0.0976
[2026-06-03 03:11:12] Epoch 20 train batch [200/1875] loss=0.0874 avg_loss=0.0998
[2026-06-03 03:11:16] Epoch 20 train batch [220/1875] loss=0.0485 avg_loss=0.0984
[2026-06-03 03:11:20] Epoch 20 train batch [240/1875] loss=0.0420 avg_loss=0.0974
[2026-06-03 03:11:24] Epoch 20 train batch [260/1875] loss=0.0188 avg_loss=0.0975
[2026-06-03 03:11:28] Epoch 20 train batch [280/1875] loss=0.0478 avg_loss=0.0954
[2026-06-03 03:11:32] Epoch 20 train batch [300/1875] loss=0.0184 avg_loss=0.0940
[2026-06-03 03:11:37] Epoch 20 train batch [320/1875] loss=0.0268 avg_loss=0.0950
[2026-06-03 03:11:41] Epoch 20 train batch [340/1875] loss=0.1921 avg_loss=0.0945
[2026-06-03 03:11:45] Epoch 20 train batch [360/1875] loss=0.0828 avg_loss=0.0944
[2026-06-03 03:11:49] Epoch 20 train batch [380/1875] loss=0.0708 avg_loss=0.0932
[2026-06-03 03:11:54] Epoch 20 train batch [400/1875] loss=0.1717 avg_loss=0.0931
[2026-06-03 03:11:58] Epoch 20 train batch [420/1875] loss=0.0227 avg_loss=0.0927
[2026-06-03 03:12:02] Epoch 20 train batch [440/1875] loss=0.0443 avg_loss=0.0925
[2026-06-03 03:12:06] Epoch 20 train batch [460/1875] loss=0.0706 avg_loss=0.0931
[2026-06-03 03:12:11] Epoch 20 train batch [480/1875] loss=0.2485 avg_loss=0.0931
[2026-06-03 03:12:15] Epoch 20 train batch [500/1875] loss=0.0991 avg_loss=0.0940
[2026-06-03 03:12:19] Epoch 20 train batch [520/1875] loss=0.0470 avg_loss=0.0943
[2026-06-03 03:12:23] Epoch 20 train batch [540/1875] loss=0.0099 avg_loss=0.0943
[2026-06-03 03:12:27] Epoch 20 train batch [560/1875] loss=0.0786 avg_loss=0.0947
[2026-06-03 03:12:31] Epoch 20 train batch [580/1875] loss=0.1513 avg_loss=0.0955
[2026-06-03 03:12:36] Epoch 20 train batch [600/1875] loss=0.2195 avg_loss=0.0962
[2026-06-03 03:12:40] Epoch 20 train batch [620/1875] loss=0.0482 avg_loss=0.0962
[2026-06-03 03:12:44] Epoch 20 train batch [640/1875] loss=0.2351 avg_loss=0.0972
[2026-06-03 03:12:48] Epoch 20 train batch [660/1875] loss=0.0377 avg_loss=0.0975
[2026-06-03 03:12:53] Epoch 20 train batch [680/1875] loss=0.0196 avg_loss=0.0969
[2026-06-03 03:12:57] Epoch 20 train batch [700/1875] loss=0.0680 avg_loss=0.0975
[2026-06-03 03:13:01] Epoch 20 train batch [720/1875] loss=0.0447 avg_loss=0.0976
[2026-06-03 03:13:05] Epoch 20 train batch [740/1875] loss=0.1045 avg_loss=0.0981
[2026-06-03 03:13:09] Epoch 20 train batch [760/1875] loss=0.1506 avg_loss=0.0993
[2026-06-03 03:13:14] Epoch 20 train batch [780/1875] loss=0.0410 avg_loss=0.0994
[2026-06-03 03:13:18] Epoch 20 train batch [800/1875] loss=0.0478 avg_loss=0.0991
[2026-06-03 03:13:22] Epoch 20 train batch [820/1875] loss=0.1098 avg_loss=0.0986
[2026-06-03 03:13:26] Epoch 20 train batch [840/1875] loss=0.0377 avg_loss=0.0986
[2026-06-03 03:13:30] Epoch 20 train batch [860/1875] loss=0.0498 avg_loss=0.0988
[2026-06-03 03:13:35] Epoch 20 train batch [880/1875] loss=0.1101 avg_loss=0.0988
[2026-06-03 03:13:39] Epoch 20 train batch [900/1875] loss=0.2338 avg_loss=0.0990
[2026-06-03 03:13:43] Epoch 20 train batch [920/1875] loss=0.0112 avg_loss=0.0990
[2026-06-03 03:13:47] Epoch 20 train batch [940/1875] loss=0.1414 avg_loss=0.0992
[2026-06-03 03:13:51] Epoch 20 train batch [960/1875] loss=0.0997 avg_loss=0.0989
[2026-06-03 03:13:56] Epoch 20 train batch [980/1875] loss=0.1456 avg_loss=0.0998
[2026-06-03 03:14:00] Epoch 20 train batch [1000/1875] loss=0.2178 avg_loss=0.0998
[2026-06-03 03:14:04] Epoch 20 train batch [1020/1875] loss=0.1121 avg_loss=0.0999
[2026-06-03 03:14:08] Epoch 20 train batch [1040/1875] loss=0.0455 avg_loss=0.0997
[2026-06-03 03:14:12] Epoch 20 train batch [1060/1875] loss=0.1282 avg_loss=0.0995
[2026-06-03 03:14:17] Epoch 20 train batch [1080/1875] loss=0.0543 avg_loss=0.0996
[2026-06-03 03:14:21] Epoch 20 train batch [1100/1875] loss=0.0616 avg_loss=0.0994
[2026-06-03 03:14:25] Epoch 20 train batch [1120/1875] loss=0.1437 avg_loss=0.0994
[2026-06-03 03:14:29] Epoch 20 train batch [1140/1875] loss=0.2245 avg_loss=0.0999
[2026-06-03 03:14:33] Epoch 20 train batch [1160/1875] loss=0.1402 avg_loss=0.0999
[2026-06-03 03:14:38] Epoch 20 train batch [1180/1875] loss=0.0638 avg_loss=0.0997
[2026-06-03 03:14:42] Epoch 20 train batch [1200/1875] loss=0.1436 avg_loss=0.0997
[2026-06-03 03:14:46] Epoch 20 train batch [1220/1875] loss=0.0737 avg_loss=0.0995
[2026-06-03 03:14:50] Epoch 20 train batch [1240/1875] loss=0.0700 avg_loss=0.0996
[2026-06-03 03:14:54] Epoch 20 train batch [1260/1875] loss=0.0525 avg_loss=0.0993
[2026-06-03 03:14:59] Epoch 20 train batch [1280/1875] loss=0.2121 avg_loss=0.0990
[2026-06-03 03:15:03] Epoch 20 train batch [1300/1875] loss=0.0294 avg_loss=0.0992
[2026-06-03 03:15:07] Epoch 20 train batch [1320/1875] loss=0.1321 avg_loss=0.0991
[2026-06-03 03:15:11] Epoch 20 train batch [1340/1875] loss=0.0385 avg_loss=0.0991
[2026-06-03 03:15:15] Epoch 20 train batch [1360/1875] loss=0.1308 avg_loss=0.0991
[2026-06-03 03:15:19] Epoch 20 train batch [1380/1875] loss=0.1438 avg_loss=0.0992
[2026-06-03 03:15:23] Epoch 20 train batch [1400/1875] loss=0.1307 avg_loss=0.0994
[2026-06-03 03:15:28] Epoch 20 train batch [1420/1875] loss=0.1010 avg_loss=0.0998
[2026-06-03 03:15:32] Epoch 20 train batch [1440/1875] loss=0.1435 avg_loss=0.0998
[2026-06-03 03:15:36] Epoch 20 train batch [1460/1875] loss=0.0207 avg_loss=0.1000
[2026-06-03 03:15:40] Epoch 20 train batch [1480/1875] loss=0.1279 avg_loss=0.1000
[2026-06-03 03:15:44] Epoch 20 train batch [1500/1875] loss=0.0265 avg_loss=0.0998
[2026-06-03 03:15:49] Epoch 20 train batch [1520/1875] loss=0.2197 avg_loss=0.0996
[2026-06-03 03:15:53] Epoch 20 train batch [1540/1875] loss=0.1259 avg_loss=0.0997
[2026-06-03 03:15:57] Epoch 20 train batch [1560/1875] loss=0.1681 avg_loss=0.0995
[2026-06-03 03:16:01] Epoch 20 train batch [1580/1875] loss=0.0501 avg_loss=0.0996
[2026-06-03 03:16:06] Epoch 20 train batch [1600/1875] loss=0.1011 avg_loss=0.0997
[2026-06-03 03:16:10] Epoch 20 train batch [1620/1875] loss=0.0155 avg_loss=0.0993
[2026-06-03 03:16:14] Epoch 20 train batch [1640/1875] loss=0.1496 avg_loss=0.0994
[2026-06-03 03:16:18] Epoch 20 train batch [1660/1875] loss=0.0792 avg_loss=0.0993
[2026-06-03 03:16:23] Epoch 20 train batch [1680/1875] loss=0.1437 avg_loss=0.0995
[2026-06-03 03:16:27] Epoch 20 train batch [1700/1875] loss=0.0958 avg_loss=0.0997
[2026-06-03 03:16:31] Epoch 20 train batch [1720/1875] loss=0.1537 avg_loss=0.1000
[2026-06-03 03:16:35] Epoch 20 train batch [1740/1875] loss=0.1029 avg_loss=0.1001
[2026-06-03 03:16:40] Epoch 20 train batch [1760/1875] loss=0.1612 avg_loss=0.1000
[2026-06-03 03:16:44] Epoch 20 train batch [1780/1875] loss=0.0080 avg_loss=0.0999
[2026-06-03 03:16:48] Epoch 20 train batch [1800/1875] loss=0.0190 avg_loss=0.0998
[2026-06-03 03:16:52] Epoch 20 train batch [1820/1875] loss=0.0866 avg_loss=0.0997
[2026-06-03 03:16:57] Epoch 20 train batch [1840/1875] loss=0.0265 avg_loss=0.0999
[2026-06-03 03:17:01] Epoch 20 train batch [1860/1875] loss=0.0409 avg_loss=0.0999
[2026-06-03 03:17:04] Epoch 20 train batch [1875/1875] loss=0.1633 avg_loss=0.0997
[2026-06-03 03:17:04] Epoch 20 training completed. Computing validation loss.
[2026-06-03 03:17:45] Epoch 20 validation loss completed: 0.1875. Computing detection metrics.
[2026-06-03 03:18:24] Epoch 20 metrics computed. Saving artifacts.
[2026-06-03 03:18:25] Epoch 20 did not improve mAP@0.5 enough. Early stopping counter: 4/7.
Epoch [20/30]
├── Train Loss : 0.0997
│   ├── loss_classifier  : 0.0305
│   ├── loss_box_reg     : 0.0631
│   ├── loss_objectness  : 0.0026
│   └── loss_rpn_box_reg : 0.0035
├── Val Loss   : 0.1875
├── mAP@0.5    : 0.7601
├── mAP@0.75   : 0.4578
├── mAP@0.5:0.95 : 0.4381
├── Precision  : 0.6128
├── Recall     : 0.8318
├── GT Boxes   : 2021
├── Predictions: 2743
├── Per-class AP
│   ├── person  : AP50=0.8204, AP75=0.4687, AP50:95=0.4625, P=0.6529, R=0.8669
│   ├── car     : AP50=0.7194, AP75=0.4211, AP50:95=0.4103, P=0.5525, R=0.7809
│   ├── dog     : AP50=0.8299, AP75=0.6343, AP50:95=0.5295, P=0.6953, R=0.8641
│   ├── cat     : AP50=0.8879, AP75=0.5350, AP50:95=0.5221, P=0.7644, R=0.9034
│   └── chair   : AP50=0.5430, AP75=0.2299, AP50:95=0.2662, P=0.4238, R=0.6809
├── LR         : 0.000100
└── Time       : 472.9s
[2026-06-03 03:18:25] Epoch [20/30] completed.
[2026-06-03 03:18:25] Epoch [21/30] started.
[2026-06-03 03:18:28] Epoch 21 train batch [20/1875] loss=0.0671 avg_loss=0.0957
[2026-06-03 03:18:31] Epoch 21 train batch [40/1875] loss=0.0853 avg_loss=0.0971
[2026-06-03 03:18:34] Epoch 21 train batch [60/1875] loss=0.1264 avg_loss=0.0994
[2026-06-03 03:18:39] Epoch 21 train batch [80/1875] loss=0.0353 avg_loss=0.0999
[2026-06-03 03:18:43] Epoch 21 train batch [100/1875] loss=0.1041 avg_loss=0.0934
[2026-06-03 03:18:47] Epoch 21 train batch [120/1875] loss=0.0615 avg_loss=0.0933
[2026-06-03 03:18:51] Epoch 21 train batch [140/1875] loss=0.1482 avg_loss=0.0971
[2026-06-03 03:18:55] Epoch 21 train batch [160/1875] loss=0.1035 avg_loss=0.0981
[2026-06-03 03:19:00] Epoch 21 train batch [180/1875] loss=0.1155 avg_loss=0.1012
[2026-06-03 03:19:04] Epoch 21 train batch [200/1875] loss=0.0647 avg_loss=0.0986
[2026-06-03 03:19:08] Epoch 21 train batch [220/1875] loss=0.0202 avg_loss=0.0988
[2026-06-03 03:19:13] Epoch 21 train batch [240/1875] loss=0.0751 avg_loss=0.1011
[2026-06-03 03:19:17] Epoch 21 train batch [260/1875] loss=0.2613 avg_loss=0.1040
[2026-06-03 03:19:21] Epoch 21 train batch [280/1875] loss=0.1680 avg_loss=0.1046
[2026-06-03 03:19:25] Epoch 21 train batch [300/1875] loss=0.0003 avg_loss=0.1052
[2026-06-03 03:19:29] Epoch 21 train batch [320/1875] loss=0.1127 avg_loss=0.1059
[2026-06-03 03:19:33] Epoch 21 train batch [340/1875] loss=0.0405 avg_loss=0.1050
[2026-06-03 03:19:38] Epoch 21 train batch [360/1875] loss=0.1173 avg_loss=0.1039
[2026-06-03 03:19:42] Epoch 21 train batch [380/1875] loss=0.2527 avg_loss=0.1052
[2026-06-03 03:19:46] Epoch 21 train batch [400/1875] loss=0.0470 avg_loss=0.1037
[2026-06-03 03:19:51] Epoch 21 train batch [420/1875] loss=0.1645 avg_loss=0.1036
[2026-06-03 03:19:55] Epoch 21 train batch [440/1875] loss=0.0079 avg_loss=0.1026
[2026-06-03 03:19:59] Epoch 21 train batch [460/1875] loss=0.1803 avg_loss=0.1025
[2026-06-03 03:20:03] Epoch 21 train batch [480/1875] loss=0.1818 avg_loss=0.1019
[2026-06-03 03:20:07] Epoch 21 train batch [500/1875] loss=0.2349 avg_loss=0.1032
[2026-06-03 03:20:11] Epoch 21 train batch [520/1875] loss=0.0392 avg_loss=0.1031
[2026-06-03 03:20:15] Epoch 21 train batch [540/1875] loss=0.0760 avg_loss=0.1019
[2026-06-03 03:20:20] Epoch 21 train batch [560/1875] loss=0.0110 avg_loss=0.1021
[2026-06-03 03:20:24] Epoch 21 train batch [580/1875] loss=0.1133 avg_loss=0.1017
[2026-06-03 03:20:28] Epoch 21 train batch [600/1875] loss=0.0227 avg_loss=0.1010
[2026-06-03 03:20:32] Epoch 21 train batch [620/1875] loss=0.0577 avg_loss=0.1014
[2026-06-03 03:20:37] Epoch 21 train batch [640/1875] loss=0.0548 avg_loss=0.1010
[2026-06-03 03:20:41] Epoch 21 train batch [660/1875] loss=0.0526 avg_loss=0.1007
[2026-06-03 03:20:45] Epoch 21 train batch [680/1875] loss=0.1050 avg_loss=0.1013
[2026-06-03 03:20:49] Epoch 21 train batch [700/1875] loss=0.0713 avg_loss=0.1013
[2026-06-03 03:20:53] Epoch 21 train batch [720/1875] loss=0.0853 avg_loss=0.1020
[2026-06-03 03:20:57] Epoch 21 train batch [740/1875] loss=0.1507 avg_loss=0.1015
[2026-06-03 03:21:02] Epoch 21 train batch [760/1875] loss=0.0557 avg_loss=0.1013
[2026-06-03 03:21:06] Epoch 21 train batch [780/1875] loss=0.1391 avg_loss=0.1018
[2026-06-03 03:21:10] Epoch 21 train batch [800/1875] loss=0.1798 avg_loss=0.1016
[2026-06-03 03:21:14] Epoch 21 train batch [820/1875] loss=0.1782 avg_loss=0.1018
[2026-06-03 03:21:18] Epoch 21 train batch [840/1875] loss=0.0733 avg_loss=0.1018
[2026-06-03 03:21:23] Epoch 21 train batch [860/1875] loss=0.0457 avg_loss=0.1013
[2026-06-03 03:21:27] Epoch 21 train batch [880/1875] loss=0.0268 avg_loss=0.1018
[2026-06-03 03:21:31] Epoch 21 train batch [900/1875] loss=0.0657 avg_loss=0.1019
[2026-06-03 03:21:35] Epoch 21 train batch [920/1875] loss=0.1771 avg_loss=0.1021
[2026-06-03 03:21:39] Epoch 21 train batch [940/1875] loss=0.1921 avg_loss=0.1025
[2026-06-03 03:21:44] Epoch 21 train batch [960/1875] loss=0.0802 avg_loss=0.1021
[2026-06-03 03:21:48] Epoch 21 train batch [980/1875] loss=0.1922 avg_loss=0.1022
[2026-06-03 03:21:52] Epoch 21 train batch [1000/1875] loss=0.1761 avg_loss=0.1023
[2026-06-03 03:21:56] Epoch 21 train batch [1020/1875] loss=0.2004 avg_loss=0.1017
[2026-06-03 03:22:00] Epoch 21 train batch [1040/1875] loss=0.1233 avg_loss=0.1016
[2026-06-03 03:22:05] Epoch 21 train batch [1060/1875] loss=0.0961 avg_loss=0.1015
[2026-06-03 03:22:09] Epoch 21 train batch [1080/1875] loss=0.2108 avg_loss=0.1015
[2026-06-03 03:22:13] Epoch 21 train batch [1100/1875] loss=0.0516 avg_loss=0.1008
[2026-06-03 03:22:17] Epoch 21 train batch [1120/1875] loss=0.0634 avg_loss=0.1006
[2026-06-03 03:22:22] Epoch 21 train batch [1140/1875] loss=0.0271 avg_loss=0.0998
[2026-06-03 03:22:26] Epoch 21 train batch [1160/1875] loss=0.0944 avg_loss=0.0997
[2026-06-03 03:22:30] Epoch 21 train batch [1180/1875] loss=0.1810 avg_loss=0.0998
[2026-06-03 03:22:34] Epoch 21 train batch [1200/1875] loss=0.1016 avg_loss=0.0998
[2026-06-03 03:22:38] Epoch 21 train batch [1220/1875] loss=0.1449 avg_loss=0.0998
[2026-06-03 03:22:43] Epoch 21 train batch [1240/1875] loss=0.0422 avg_loss=0.0992
[2026-06-03 03:22:47] Epoch 21 train batch [1260/1875] loss=0.0666 avg_loss=0.0991
[2026-06-03 03:22:51] Epoch 21 train batch [1280/1875] loss=0.1107 avg_loss=0.0994
[2026-06-03 03:22:55] Epoch 21 train batch [1300/1875] loss=0.0895 avg_loss=0.0994
[2026-06-03 03:22:59] Epoch 21 train batch [1320/1875] loss=0.0675 avg_loss=0.0993
[2026-06-03 03:23:03] Epoch 21 train batch [1340/1875] loss=0.1741 avg_loss=0.0992
[2026-06-03 03:23:07] Epoch 21 train batch [1360/1875] loss=0.1713 avg_loss=0.0992
[2026-06-03 03:23:12] Epoch 21 train batch [1380/1875] loss=0.1228 avg_loss=0.0994
[2026-06-03 03:23:16] Epoch 21 train batch [1400/1875] loss=0.0862 avg_loss=0.0992
[2026-06-03 03:23:20] Epoch 21 train batch [1420/1875] loss=0.0664 avg_loss=0.0993
[2026-06-03 03:23:24] Epoch 21 train batch [1440/1875] loss=0.0113 avg_loss=0.0992
[2026-06-03 03:23:29] Epoch 21 train batch [1460/1875] loss=0.1638 avg_loss=0.0994
[2026-06-03 03:23:33] Epoch 21 train batch [1480/1875] loss=0.0477 avg_loss=0.0990
[2026-06-03 03:23:37] Epoch 21 train batch [1500/1875] loss=0.0481 avg_loss=0.0993
[2026-06-03 03:23:41] Epoch 21 train batch [1520/1875] loss=0.0180 avg_loss=0.0992
[2026-06-03 03:23:46] Epoch 21 train batch [1540/1875] loss=0.1785 avg_loss=0.0997
[2026-06-03 03:23:50] Epoch 21 train batch [1560/1875] loss=0.2273 avg_loss=0.0996
[2026-06-03 03:23:54] Epoch 21 train batch [1580/1875] loss=0.0230 avg_loss=0.0992
[2026-06-03 03:23:58] Epoch 21 train batch [1600/1875] loss=0.1837 avg_loss=0.0991
[2026-06-03 03:24:02] Epoch 21 train batch [1620/1875] loss=0.0944 avg_loss=0.0994
[2026-06-03 03:24:06] Epoch 21 train batch [1640/1875] loss=0.0452 avg_loss=0.0992
[2026-06-03 03:24:11] Epoch 21 train batch [1660/1875] loss=0.1845 avg_loss=0.0993
[2026-06-03 03:24:15] Epoch 21 train batch [1680/1875] loss=0.0705 avg_loss=0.0991
[2026-06-03 03:24:19] Epoch 21 train batch [1700/1875] loss=0.1840 avg_loss=0.0990
[2026-06-03 03:24:24] Epoch 21 train batch [1720/1875] loss=0.0376 avg_loss=0.0993
[2026-06-03 03:24:28] Epoch 21 train batch [1740/1875] loss=0.0223 avg_loss=0.0993
[2026-06-03 03:24:32] Epoch 21 train batch [1760/1875] loss=0.1119 avg_loss=0.0989
[2026-06-03 03:24:36] Epoch 21 train batch [1780/1875] loss=0.1630 avg_loss=0.0988
[2026-06-03 03:24:40] Epoch 21 train batch [1800/1875] loss=0.2692 avg_loss=0.0991
[2026-06-03 03:24:45] Epoch 21 train batch [1820/1875] loss=0.2677 avg_loss=0.0989
[2026-06-03 03:24:49] Epoch 21 train batch [1840/1875] loss=0.0252 avg_loss=0.0988
[2026-06-03 03:24:53] Epoch 21 train batch [1860/1875] loss=0.0887 avg_loss=0.0989
[2026-06-03 03:24:56] Epoch 21 train batch [1875/1875] loss=0.1573 avg_loss=0.0989
[2026-06-03 03:24:56] Epoch 21 training completed. Computing validation loss.
[2026-06-03 03:25:37] Epoch 21 validation loss completed: 0.1887. Computing detection metrics.
[2026-06-03 03:26:16] Epoch 21 metrics computed. Saving artifacts.
[2026-06-03 03:26:17] Epoch 21 did not improve mAP@0.5 enough. Early stopping counter: 5/7.
Epoch [21/30]
├── Train Loss : 0.0989
│   ├── loss_classifier  : 0.0302
│   ├── loss_box_reg     : 0.0626
│   ├── loss_objectness  : 0.0026
│   └── loss_rpn_box_reg : 0.0034
├── Val Loss   : 0.1887
├── mAP@0.5    : 0.7586
├── mAP@0.75   : 0.4480
├── mAP@0.5:0.95 : 0.4367
├── Precision  : 0.6156
├── Recall     : 0.8288
├── GT Boxes   : 2021
├── Predictions: 2721
├── Per-class AP
│   ├── person  : AP50=0.8167, AP75=0.4603, AP50:95=0.4578, P=0.6430, R=0.8669
│   ├── car     : AP50=0.7291, AP75=0.3999, AP50:95=0.4103, P=0.5558, R=0.7915
│   ├── dog     : AP50=0.8261, AP75=0.6020, AP50:95=0.5237, P=0.7024, R=0.8592
│   ├── cat     : AP50=0.8874, AP75=0.5573, AP50:95=0.5291, P=0.7718, R=0.9034
│   └── chair   : AP50=0.5335, AP75=0.2204, AP50:95=0.2627, P=0.4466, R=0.6525
├── LR         : 0.000100
└── Time       : 471.4s
[2026-06-03 03:26:17] Epoch [21/30] completed.
[2026-06-03 03:26:17] Epoch [22/30] started.
[2026-06-03 03:26:20] Epoch 22 train batch [20/1875] loss=0.0386 avg_loss=0.0851
[2026-06-03 03:26:24] Epoch 22 train batch [40/1875] loss=0.2411 avg_loss=0.0917
[2026-06-03 03:26:26] Epoch 22 train batch [60/1875] loss=0.2127 avg_loss=0.0934
[2026-06-03 03:26:31] Epoch 22 train batch [80/1875] loss=0.1010 avg_loss=0.0984
[2026-06-03 03:26:35] Epoch 22 train batch [100/1875] loss=0.0887 avg_loss=0.0988
[2026-06-03 03:26:39] Epoch 22 train batch [120/1875] loss=0.0937 avg_loss=0.0974
[2026-06-03 03:26:43] Epoch 22 train batch [140/1875] loss=0.1016 avg_loss=0.0960
[2026-06-03 03:26:47] Epoch 22 train batch [160/1875] loss=0.0903 avg_loss=0.0947
[2026-06-03 03:26:52] Epoch 22 train batch [180/1875] loss=0.0642 avg_loss=0.0947
[2026-06-03 03:26:56] Epoch 22 train batch [200/1875] loss=0.2152 avg_loss=0.0943
[2026-06-03 03:27:00] Epoch 22 train batch [220/1875] loss=0.0218 avg_loss=0.0943
[2026-06-03 03:27:04] Epoch 22 train batch [240/1875] loss=0.0521 avg_loss=0.0950
[2026-06-03 03:27:08] Epoch 22 train batch [260/1875] loss=0.0236 avg_loss=0.0941
[2026-06-03 03:27:12] Epoch 22 train batch [280/1875] loss=0.1496 avg_loss=0.0939
[2026-06-03 03:27:17] Epoch 22 train batch [300/1875] loss=0.0323 avg_loss=0.0936
[2026-06-03 03:27:21] Epoch 22 train batch [320/1875] loss=0.0939 avg_loss=0.0938
[2026-06-03 03:27:25] Epoch 22 train batch [340/1875] loss=0.1060 avg_loss=0.0949
[2026-06-03 03:27:29] Epoch 22 train batch [360/1875] loss=0.1904 avg_loss=0.0965
[2026-06-03 03:27:34] Epoch 22 train batch [380/1875] loss=0.1941 avg_loss=0.0983
[2026-06-03 03:27:38] Epoch 22 train batch [400/1875] loss=0.0768 avg_loss=0.1001
[2026-06-03 03:27:42] Epoch 22 train batch [420/1875] loss=0.0719 avg_loss=0.1000
[2026-06-03 03:27:46] Epoch 22 train batch [440/1875] loss=0.0382 avg_loss=0.0999
[2026-06-03 03:27:50] Epoch 22 train batch [460/1875] loss=0.0146 avg_loss=0.0994
[2026-06-03 03:27:54] Epoch 22 train batch [480/1875] loss=0.0517 avg_loss=0.0996
[2026-06-03 03:27:59] Epoch 22 train batch [500/1875] loss=0.2511 avg_loss=0.0987
[2026-06-03 03:28:03] Epoch 22 train batch [520/1875] loss=0.1700 avg_loss=0.0993
[2026-06-03 03:28:07] Epoch 22 train batch [540/1875] loss=0.0385 avg_loss=0.0991
[2026-06-03 03:28:11] Epoch 22 train batch [560/1875] loss=0.0837 avg_loss=0.0990
[2026-06-03 03:28:15] Epoch 22 train batch [580/1875] loss=0.1703 avg_loss=0.0998
[2026-06-03 03:28:19] Epoch 22 train batch [600/1875] loss=0.0340 avg_loss=0.1003
[2026-06-03 03:28:24] Epoch 22 train batch [620/1875] loss=0.1570 avg_loss=0.1003
[2026-06-03 03:28:28] Epoch 22 train batch [640/1875] loss=0.1630 avg_loss=0.1004
[2026-06-03 03:28:32] Epoch 22 train batch [660/1875] loss=0.0476 avg_loss=0.1002
[2026-06-03 03:28:37] Epoch 22 train batch [680/1875] loss=0.1941 avg_loss=0.1009
[2026-06-03 03:28:41] Epoch 22 train batch [700/1875] loss=0.1153 avg_loss=0.1013
[2026-06-03 03:28:45] Epoch 22 train batch [720/1875] loss=0.0759 avg_loss=0.1013
[2026-06-03 03:28:49] Epoch 22 train batch [740/1875] loss=0.0272 avg_loss=0.1004
[2026-06-03 03:28:54] Epoch 22 train batch [760/1875] loss=0.0861 avg_loss=0.0998
[2026-06-03 03:28:58] Epoch 22 train batch [780/1875] loss=0.1348 avg_loss=0.0995
[2026-06-03 03:29:02] Epoch 22 train batch [800/1875] loss=0.2171 avg_loss=0.0998
[2026-06-03 03:29:06] Epoch 22 train batch [820/1875] loss=0.0877 avg_loss=0.1005
[2026-06-03 03:29:10] Epoch 22 train batch [840/1875] loss=0.1009 avg_loss=0.1001
[2026-06-03 03:29:14] Epoch 22 train batch [860/1875] loss=0.0258 avg_loss=0.1004
[2026-06-03 03:29:18] Epoch 22 train batch [880/1875] loss=0.0471 avg_loss=0.1001
[2026-06-03 03:29:23] Epoch 22 train batch [900/1875] loss=0.0181 avg_loss=0.0998
[2026-06-03 03:29:27] Epoch 22 train batch [920/1875] loss=0.0678 avg_loss=0.0999
[2026-06-03 03:29:31] Epoch 22 train batch [940/1875] loss=0.2864 avg_loss=0.0998
[2026-06-03 03:29:36] Epoch 22 train batch [960/1875] loss=0.0760 avg_loss=0.0996
[2026-06-03 03:29:40] Epoch 22 train batch [980/1875] loss=0.1310 avg_loss=0.0998
[2026-06-03 03:29:44] Epoch 22 train batch [1000/1875] loss=0.1845 avg_loss=0.0996
[2026-06-03 03:29:48] Epoch 22 train batch [1020/1875] loss=0.0819 avg_loss=0.0999
[2026-06-03 03:29:53] Epoch 22 train batch [1040/1875] loss=0.2000 avg_loss=0.0997
[2026-06-03 03:29:57] Epoch 22 train batch [1060/1875] loss=0.2217 avg_loss=0.0992
[2026-06-03 03:30:01] Epoch 22 train batch [1080/1875] loss=0.0592 avg_loss=0.0991
[2026-06-03 03:30:05] Epoch 22 train batch [1100/1875] loss=0.0136 avg_loss=0.0988
[2026-06-03 03:30:10] Epoch 22 train batch [1120/1875] loss=0.0889 avg_loss=0.0988
[2026-06-03 03:30:14] Epoch 22 train batch [1140/1875] loss=0.2706 avg_loss=0.0990
[2026-06-03 03:30:18] Epoch 22 train batch [1160/1875] loss=0.3210 avg_loss=0.0991
[2026-06-03 03:30:22] Epoch 22 train batch [1180/1875] loss=0.0673 avg_loss=0.0986
[2026-06-03 03:30:26] Epoch 22 train batch [1200/1875] loss=0.2111 avg_loss=0.0982
[2026-06-03 03:30:31] Epoch 22 train batch [1220/1875] loss=0.0690 avg_loss=0.0981
[2026-06-03 03:30:35] Epoch 22 train batch [1240/1875] loss=0.2116 avg_loss=0.0977
[2026-06-03 03:30:39] Epoch 22 train batch [1260/1875] loss=0.1311 avg_loss=0.0976
[2026-06-03 03:30:43] Epoch 22 train batch [1280/1875] loss=0.0192 avg_loss=0.0977
[2026-06-03 03:30:48] Epoch 22 train batch [1300/1875] loss=0.2650 avg_loss=0.0978
[2026-06-03 03:30:52] Epoch 22 train batch [1320/1875] loss=0.1094 avg_loss=0.0981
[2026-06-03 03:30:56] Epoch 22 train batch [1340/1875] loss=0.1213 avg_loss=0.0980
[2026-06-03 03:31:00] Epoch 22 train batch [1360/1875] loss=0.0665 avg_loss=0.0979
[2026-06-03 03:31:04] Epoch 22 train batch [1380/1875] loss=0.0689 avg_loss=0.0978
[2026-06-03 03:31:08] Epoch 22 train batch [1400/1875] loss=0.0603 avg_loss=0.0981
[2026-06-03 03:31:13] Epoch 22 train batch [1420/1875] loss=0.0856 avg_loss=0.0981
[2026-06-03 03:31:17] Epoch 22 train batch [1440/1875] loss=0.1527 avg_loss=0.0975
[2026-06-03 03:31:21] Epoch 22 train batch [1460/1875] loss=0.0988 avg_loss=0.0976
[2026-06-03 03:31:25] Epoch 22 train batch [1480/1875] loss=0.0244 avg_loss=0.0975
[2026-06-03 03:31:29] Epoch 22 train batch [1500/1875] loss=0.1864 avg_loss=0.0974
[2026-06-03 03:31:34] Epoch 22 train batch [1520/1875] loss=0.0956 avg_loss=0.0973
[2026-06-03 03:31:38] Epoch 22 train batch [1540/1875] loss=0.0140 avg_loss=0.0973
[2026-06-03 03:31:42] Epoch 22 train batch [1560/1875] loss=0.1530 avg_loss=0.0973
[2026-06-03 03:31:46] Epoch 22 train batch [1580/1875] loss=0.0696 avg_loss=0.0980
[2026-06-03 03:31:50] Epoch 22 train batch [1600/1875] loss=0.1788 avg_loss=0.0978
[2026-06-03 03:31:54] Epoch 22 train batch [1620/1875] loss=0.1106 avg_loss=0.0983
[2026-06-03 03:31:59] Epoch 22 train batch [1640/1875] loss=0.0230 avg_loss=0.0981
[2026-06-03 03:32:03] Epoch 22 train batch [1660/1875] loss=0.1490 avg_loss=0.0984
[2026-06-03 03:32:07] Epoch 22 train batch [1680/1875] loss=0.0367 avg_loss=0.0985
[2026-06-03 03:32:11] Epoch 22 train batch [1700/1875] loss=0.0352 avg_loss=0.0983
[2026-06-03 03:32:15] Epoch 22 train batch [1720/1875] loss=0.0149 avg_loss=0.0979
[2026-06-03 03:32:20] Epoch 22 train batch [1740/1875] loss=0.0941 avg_loss=0.0979
[2026-06-03 03:32:24] Epoch 22 train batch [1760/1875] loss=0.1661 avg_loss=0.0981
[2026-06-03 03:32:28] Epoch 22 train batch [1780/1875] loss=0.0159 avg_loss=0.0978
[2026-06-03 03:32:32] Epoch 22 train batch [1800/1875] loss=0.0770 avg_loss=0.0978
[2026-06-03 03:32:37] Epoch 22 train batch [1820/1875] loss=0.0997 avg_loss=0.0977
[2026-06-03 03:32:41] Epoch 22 train batch [1840/1875] loss=0.0490 avg_loss=0.0978
[2026-06-03 03:32:45] Epoch 22 train batch [1860/1875] loss=0.1229 avg_loss=0.0981
[2026-06-03 03:32:49] Epoch 22 train batch [1875/1875] loss=0.1222 avg_loss=0.0980
[2026-06-03 03:32:49] Epoch 22 training completed. Computing validation loss.
[2026-06-03 03:33:30] Epoch 22 validation loss completed: 0.1904. Computing detection metrics.
[2026-06-03 03:34:09] Epoch 22 metrics computed. Saving artifacts.
[2026-06-03 03:34:10] Epoch 22 did not improve mAP@0.5 enough. Early stopping counter: 6/7.
Epoch [22/30]
├── Train Loss : 0.0980
│   ├── loss_classifier  : 0.0301
│   ├── loss_box_reg     : 0.0620
│   ├── loss_objectness  : 0.0025
│   └── loss_rpn_box_reg : 0.0034
├── Val Loss   : 0.1904
├── mAP@0.5    : 0.7597
├── mAP@0.75   : 0.4535
├── mAP@0.5:0.95 : 0.4385
├── Precision  : 0.6153
├── Recall     : 0.8263
├── GT Boxes   : 2021
├── Predictions: 2714
├── Per-class AP
│   ├── person  : AP50=0.8143, AP75=0.4610, AP50:95=0.4566, P=0.6446, R=0.8613
│   ├── car     : AP50=0.7200, AP75=0.4299, AP50:95=0.4118, P=0.5914, R=0.7774
│   ├── dog     : AP50=0.8296, AP75=0.6159, AP50:95=0.5306, P=0.7052, R=0.8592
│   ├── cat     : AP50=0.8891, AP75=0.5314, AP50:95=0.5250, P=0.8030, R=0.9034
│   └── chair   : AP50=0.5458, AP75=0.2291, AP50:95=0.2682, P=0.4127, R=0.6702
├── LR         : 0.000100
└── Time       : 472.6s
[2026-06-03 03:34:10] Epoch [22/30] completed.
[2026-06-03 03:34:10] Epoch [23/30] started.
[2026-06-03 03:34:13] Epoch 23 train batch [20/1875] loss=0.0706 avg_loss=0.1242
[2026-06-03 03:34:17] Epoch 23 train batch [40/1875] loss=0.0144 avg_loss=0.1172
[2026-06-03 03:34:20] Epoch 23 train batch [60/1875] loss=0.1495 avg_loss=0.1160
[2026-06-03 03:34:24] Epoch 23 train batch [80/1875] loss=0.0841 avg_loss=0.1128
[2026-06-03 03:34:28] Epoch 23 train batch [100/1875] loss=0.0515 avg_loss=0.1099
[2026-06-03 03:34:33] Epoch 23 train batch [120/1875] loss=0.1815 avg_loss=0.1086
[2026-06-03 03:34:37] Epoch 23 train batch [140/1875] loss=0.1021 avg_loss=0.1062
[2026-06-03 03:34:41] Epoch 23 train batch [160/1875] loss=0.1808 avg_loss=0.1035
[2026-06-03 03:34:45] Epoch 23 train batch [180/1875] loss=0.1129 avg_loss=0.1014
[2026-06-03 03:34:49] Epoch 23 train batch [200/1875] loss=0.1298 avg_loss=0.1030
[2026-06-03 03:34:54] Epoch 23 train batch [220/1875] loss=0.0595 avg_loss=0.1004
[2026-06-03 03:34:58] Epoch 23 train batch [240/1875] loss=0.0091 avg_loss=0.0997
[2026-06-03 03:35:02] Epoch 23 train batch [260/1875] loss=0.0412 avg_loss=0.0985
[2026-06-03 03:35:06] Epoch 23 train batch [280/1875] loss=0.0477 avg_loss=0.0967
[2026-06-03 03:35:10] Epoch 23 train batch [300/1875] loss=0.0747 avg_loss=0.0968
[2026-06-03 03:35:15] Epoch 23 train batch [320/1875] loss=0.0789 avg_loss=0.0954
[2026-06-03 03:35:19] Epoch 23 train batch [340/1875] loss=0.0647 avg_loss=0.0944
[2026-06-03 03:35:23] Epoch 23 train batch [360/1875] loss=0.0653 avg_loss=0.0936
[2026-06-03 03:35:27] Epoch 23 train batch [380/1875] loss=0.0546 avg_loss=0.0936
[2026-06-03 03:35:32] Epoch 23 train batch [400/1875] loss=0.0755 avg_loss=0.0931
[2026-06-03 03:35:36] Epoch 23 train batch [420/1875] loss=0.2528 avg_loss=0.0930
[2026-06-03 03:35:40] Epoch 23 train batch [440/1875] loss=0.0473 avg_loss=0.0935
[2026-06-03 03:35:44] Epoch 23 train batch [460/1875] loss=0.1851 avg_loss=0.0950
[2026-06-03 03:35:48] Epoch 23 train batch [480/1875] loss=0.0485 avg_loss=0.0953
[2026-06-03 03:35:53] Epoch 23 train batch [500/1875] loss=0.0612 avg_loss=0.0953
[2026-06-03 03:35:57] Epoch 23 train batch [520/1875] loss=0.0191 avg_loss=0.0955
[2026-06-03 03:36:01] Epoch 23 train batch [540/1875] loss=0.0961 avg_loss=0.0962
[2026-06-03 03:36:05] Epoch 23 train batch [560/1875] loss=0.1375 avg_loss=0.0964
[2026-06-03 03:36:09] Epoch 23 train batch [580/1875] loss=0.0127 avg_loss=0.0969
[2026-06-03 03:36:13] Epoch 23 train batch [600/1875] loss=0.0553 avg_loss=0.0963
[2026-06-03 03:36:17] Epoch 23 train batch [620/1875] loss=0.1104 avg_loss=0.0957
[2026-06-03 03:36:22] Epoch 23 train batch [640/1875] loss=0.1440 avg_loss=0.0951
[2026-06-03 03:36:26] Epoch 23 train batch [660/1875] loss=0.0429 avg_loss=0.0956
[2026-06-03 03:36:30] Epoch 23 train batch [680/1875] loss=0.2543 avg_loss=0.0956
[2026-06-03 03:36:34] Epoch 23 train batch [700/1875] loss=0.0453 avg_loss=0.0955
[2026-06-03 03:36:38] Epoch 23 train batch [720/1875] loss=0.1142 avg_loss=0.0955
[2026-06-03 03:36:42] Epoch 23 train batch [740/1875] loss=0.0878 avg_loss=0.0961
[2026-06-03 03:36:47] Epoch 23 train batch [760/1875] loss=0.2316 avg_loss=0.0960
[2026-06-03 03:36:51] Epoch 23 train batch [780/1875] loss=0.1259 avg_loss=0.0960
[2026-06-03 03:36:55] Epoch 23 train batch [800/1875] loss=0.1475 avg_loss=0.0957
[2026-06-03 03:36:59] Epoch 23 train batch [820/1875] loss=0.0959 avg_loss=0.0955
[2026-06-03 03:37:04] Epoch 23 train batch [840/1875] loss=0.0589 avg_loss=0.0956
[2026-06-03 03:37:08] Epoch 23 train batch [860/1875] loss=0.0618 avg_loss=0.0953
[2026-06-03 03:37:12] Epoch 23 train batch [880/1875] loss=0.0913 avg_loss=0.0954
[2026-06-03 03:37:16] Epoch 23 train batch [900/1875] loss=0.0522 avg_loss=0.0951
[2026-06-03 03:37:20] Epoch 23 train batch [920/1875] loss=0.2267 avg_loss=0.0958
[2026-06-03 03:37:25] Epoch 23 train batch [940/1875] loss=0.0563 avg_loss=0.0954
[2026-06-03 03:37:29] Epoch 23 train batch [960/1875] loss=0.0747 avg_loss=0.0958
[2026-06-03 03:37:33] Epoch 23 train batch [980/1875] loss=0.0538 avg_loss=0.0959
[2026-06-03 03:37:37] Epoch 23 train batch [1000/1875] loss=0.1394 avg_loss=0.0966
[2026-06-03 03:37:41] Epoch 23 train batch [1020/1875] loss=0.0609 avg_loss=0.0966
[2026-06-03 03:37:46] Epoch 23 train batch [1040/1875] loss=0.0392 avg_loss=0.0962
[2026-06-03 03:37:50] Epoch 23 train batch [1060/1875] loss=0.0619 avg_loss=0.0963
[2026-06-03 03:37:54] Epoch 23 train batch [1080/1875] loss=0.0499 avg_loss=0.0966
[2026-06-03 03:37:58] Epoch 23 train batch [1100/1875] loss=0.1070 avg_loss=0.0968
[2026-06-03 03:38:03] Epoch 23 train batch [1120/1875] loss=0.0897 avg_loss=0.0966
[2026-06-03 03:38:07] Epoch 23 train batch [1140/1875] loss=0.0003 avg_loss=0.0970
[2026-06-03 03:38:11] Epoch 23 train batch [1160/1875] loss=0.0720 avg_loss=0.0970
[2026-06-03 03:38:15] Epoch 23 train batch [1180/1875] loss=0.0566 avg_loss=0.0975
[2026-06-03 03:38:19] Epoch 23 train batch [1200/1875] loss=0.0131 avg_loss=0.0975
[2026-06-03 03:38:23] Epoch 23 train batch [1220/1875] loss=0.1331 avg_loss=0.0976
[2026-06-03 03:38:28] Epoch 23 train batch [1240/1875] loss=0.0000 avg_loss=0.0976
[2026-06-03 03:38:32] Epoch 23 train batch [1260/1875] loss=0.0321 avg_loss=0.0973
[2026-06-03 03:38:36] Epoch 23 train batch [1280/1875] loss=0.1026 avg_loss=0.0974
[2026-06-03 03:38:41] Epoch 23 train batch [1300/1875] loss=0.0952 avg_loss=0.0978
[2026-06-03 03:38:45] Epoch 23 train batch [1320/1875] loss=0.0415 avg_loss=0.0980
[2026-06-03 03:38:49] Epoch 23 train batch [1340/1875] loss=0.0900 avg_loss=0.0981
[2026-06-03 03:38:53] Epoch 23 train batch [1360/1875] loss=0.1725 avg_loss=0.0982
[2026-06-03 03:38:57] Epoch 23 train batch [1380/1875] loss=0.0131 avg_loss=0.0979
[2026-06-03 03:39:02] Epoch 23 train batch [1400/1875] loss=0.0629 avg_loss=0.0979
[2026-06-03 03:39:06] Epoch 23 train batch [1420/1875] loss=0.0642 avg_loss=0.0982
[2026-06-03 03:39:10] Epoch 23 train batch [1440/1875] loss=0.0722 avg_loss=0.0978
[2026-06-03 03:39:14] Epoch 23 train batch [1460/1875] loss=0.2341 avg_loss=0.0981
[2026-06-03 03:39:19] Epoch 23 train batch [1480/1875] loss=0.0281 avg_loss=0.0983
[2026-06-03 03:39:23] Epoch 23 train batch [1500/1875] loss=0.1015 avg_loss=0.0985
[2026-06-03 03:39:27] Epoch 23 train batch [1520/1875] loss=0.1105 avg_loss=0.0983
[2026-06-03 03:39:31] Epoch 23 train batch [1540/1875] loss=0.2030 avg_loss=0.0980
[2026-06-03 03:39:36] Epoch 23 train batch [1560/1875] loss=0.0698 avg_loss=0.0980
[2026-06-03 03:39:40] Epoch 23 train batch [1580/1875] loss=0.0628 avg_loss=0.0982
[2026-06-03 03:39:44] Epoch 23 train batch [1600/1875] loss=0.1050 avg_loss=0.0981
[2026-06-03 03:39:48] Epoch 23 train batch [1620/1875] loss=0.0866 avg_loss=0.0979
[2026-06-03 03:39:52] Epoch 23 train batch [1640/1875] loss=0.1306 avg_loss=0.0979
[2026-06-03 03:39:57] Epoch 23 train batch [1660/1875] loss=0.1713 avg_loss=0.0978
[2026-06-03 03:40:01] Epoch 23 train batch [1680/1875] loss=0.0667 avg_loss=0.0976
[2026-06-03 03:40:05] Epoch 23 train batch [1700/1875] loss=0.0484 avg_loss=0.0975
[2026-06-03 03:40:09] Epoch 23 train batch [1720/1875] loss=0.0156 avg_loss=0.0975
[2026-06-03 03:40:13] Epoch 23 train batch [1740/1875] loss=0.1442 avg_loss=0.0975
[2026-06-03 03:40:18] Epoch 23 train batch [1760/1875] loss=0.0411 avg_loss=0.0973
[2026-06-03 03:40:22] Epoch 23 train batch [1780/1875] loss=0.0294 avg_loss=0.0971
[2026-06-03 03:40:26] Epoch 23 train batch [1800/1875] loss=0.0274 avg_loss=0.0971
[2026-06-03 03:40:30] Epoch 23 train batch [1820/1875] loss=0.0699 avg_loss=0.0969
[2026-06-03 03:40:35] Epoch 23 train batch [1840/1875] loss=0.0317 avg_loss=0.0974
[2026-06-03 03:40:39] Epoch 23 train batch [1860/1875] loss=0.0619 avg_loss=0.0973
[2026-06-03 03:40:42] Epoch 23 train batch [1875/1875] loss=0.3319 avg_loss=0.0972
[2026-06-03 03:40:42] Epoch 23 training completed. Computing validation loss.
[2026-06-03 03:41:23] Epoch 23 validation loss completed: 0.1889. Computing detection metrics.
[2026-06-03 03:42:02] Epoch 23 metrics computed. Saving artifacts.
[2026-06-03 03:42:03] Epoch 23 did not improve mAP@0.5 enough. Early stopping counter: 7/7.
Epoch [23/30]
├── Train Loss : 0.0972
│   ├── loss_classifier  : 0.0298
│   ├── loss_box_reg     : 0.0616
│   ├── loss_objectness  : 0.0025
│   └── loss_rpn_box_reg : 0.0034
├── Val Loss   : 0.1889
├── mAP@0.5    : 0.7632
├── mAP@0.75   : 0.4494
├── mAP@0.5:0.95 : 0.4385
├── Precision  : 0.6021
├── Recall     : 0.8342
├── GT Boxes   : 2021
├── Predictions: 2800
├── Per-class AP
│   ├── person  : AP50=0.8163, AP75=0.4579, AP50:95=0.4545, P=0.6386, R=0.8687
│   ├── car     : AP50=0.7326, AP75=0.4351, AP50:95=0.4200, P=0.5611, R=0.7951
│   ├── dog     : AP50=0.8296, AP75=0.6083, AP50:95=0.5284, P=0.6717, R=0.8641
│   ├── cat     : AP50=0.8955, AP75=0.5301, AP50:95=0.5247, P=0.7882, R=0.9091
│   └── chair   : AP50=0.5421, AP75=0.2157, AP50:95=0.2653, P=0.4043, R=0.6738
├── LR         : 0.000100
└── Time       : 472.0s
[2026-06-03 03:42:03] Epoch [23/30] completed.
[2026-06-03 03:42:03] Early stopping triggered at epoch 23. Best mAP@0.5=0.7654.
[2026-06-03 03:42:15] Training session completed.
========== Training Session ==========
Started: 20260603-104621
Run name: 00_no_augmentation
Device: cuda:0
CUDA: NVIDIA GeForce RTX 4090 (47.38 GB)
Torch: 2.6.0+cu124
Classes: person, car, dog, cat, chair
Train dataset: 7500 images, 10642 boxes, 2500 empty images
Val dataset: 1500 images, 2021 boxes, 500 empty images
Train class counts: {'dog': 1028, 'person': 5829, 'chair': 1613, 'cat': 833, 'car': 1339}
Val class counts: {'dog': 206, 'chair': 282, 'person': 1074, 'car': 283, 'cat': 176}
Model: Faster R-CNN resnet101 FPN (60,037,165/60,259,565 trainable/total params)
Hyperparams: epochs=30, batch_size=4, lr=0.001, lr_milestones=[15, 25], lr_gamma=0.1, backbone=resnet101, min_size=512, max_size=768, score_threshold=0.5, augmentation=False, early_stopping=True, early_stopping_patience=7, early_stopping_min_delta=0.001, num_workers=2, log_interval=20
Saved results dir: saved_results/augmentation_ablation/00_no_augmentation
Checkpoint dir: saved_results/augmentation_ablation/00_no_augmentation/checkpoints
Best checkpoint: saved_results/augmentation_ablation/00_no_augmentation/checkpoints/best_model-20260603-104621.pth
Last checkpoint: saved_results/augmentation_ablation/00_no_augmentation/checkpoints/last_model-20260603-104621.pth
Log dir: saved_results/augmentation_ablation/00_no_augmentation/logs
=====================================
[2026-06-03 10:46:22] Training session initialized.
========== Training Session ==========
Started: 20260603-104631
Run name: 00_no_augmentation
Device: cuda:0
CUDA: NVIDIA GeForce RTX 4090 (47.38 GB)
Torch: 2.7.1+cu126
Classes: person, car, dog, cat, chair
Train dataset: 7500 images, 10642 boxes, 2500 empty images
Val dataset: 1500 images, 2021 boxes, 500 empty images
Train class counts: {'dog': 1028, 'person': 5829, 'chair': 1613, 'cat': 833, 'car': 1339}
Val class counts: {'dog': 206, 'chair': 282, 'person': 1074, 'car': 283, 'cat': 176}
Model: Faster R-CNN resnet101 FPN (60,037,165/60,259,565 trainable/total params)
Hyperparams: epochs=30, batch_size=4, lr=0.001, lr_milestones=[15, 25], lr_gamma=0.1, backbone=resnet101, min_size=512, max_size=768, score_threshold=0.5, augmentation=False, early_stopping=True, early_stopping_patience=7, early_stopping_min_delta=0.001, num_workers=2, log_interval=20
Saved results dir: saved_results/augmentation_ablation/00_no_augmentation
Checkpoint dir: saved_results/augmentation_ablation/00_no_augmentation/checkpoints
Best checkpoint: saved_results/augmentation_ablation/00_no_augmentation/checkpoints/best_model-20260603-104631.pth
Last checkpoint: saved_results/augmentation_ablation/00_no_augmentation/checkpoints/last_model-20260603-104631.pth
Log dir: saved_results/augmentation_ablation/00_no_augmentation/logs
=====================================
[2026-06-03 10:46:31] Training session initialized.
[2026-06-03 10:46:33] Epoch [01/30] started.
[2026-06-03 10:46:37] Epoch 01 train batch [20/1875] loss=0.1789 avg_loss=0.6799
[2026-06-03 10:46:39] Epoch 01 train batch [40/1875] loss=0.6379 avg_loss=0.5356
[2026-06-03 10:46:42] Epoch 01 train batch [60/1875] loss=0.2094 avg_loss=0.4563
[2026-06-03 10:46:44] Epoch 01 train batch [80/1875] loss=0.1280 avg_loss=0.4038
[2026-06-03 10:46:46] Epoch 01 train batch [100/1875] loss=0.1865 avg_loss=0.3931
[2026-06-03 10:46:48] Epoch 01 train batch [120/1875] loss=0.1276 avg_loss=0.3713
[2026-06-03 10:46:50] Epoch 01 train batch [140/1875] loss=0.4119 avg_loss=0.3626
[2026-06-03 10:46:52] Epoch 01 train batch [160/1875] loss=0.5116 avg_loss=0.3552
[2026-06-03 10:46:54] Epoch 01 train batch [180/1875] loss=0.2798 avg_loss=0.3419
[2026-06-03 10:46:56] Epoch 01 train batch [200/1875] loss=0.2935 avg_loss=0.3351
[2026-06-03 10:46:58] Epoch 01 train batch [220/1875] loss=0.0946 avg_loss=0.3342
[2026-06-03 10:47:00] Epoch 01 train batch [240/1875] loss=0.4406 avg_loss=0.3347
[2026-06-03 10:47:02] Epoch 01 train batch [260/1875] loss=0.1833 avg_loss=0.3249
[2026-06-03 10:47:05] Epoch 01 train batch [280/1875] loss=0.2377 avg_loss=0.3244
[2026-06-03 10:47:07] Epoch 01 train batch [300/1875] loss=0.0797 avg_loss=0.3241
[2026-06-03 10:47:09] Epoch 01 train batch [320/1875] loss=0.1382 avg_loss=0.3216
[2026-06-03 10:47:11] Epoch 01 train batch [340/1875] loss=0.6472 avg_loss=0.3212
[2026-06-03 10:47:13] Epoch 01 train batch [360/1875] loss=0.0633 avg_loss=0.3178
[2026-06-03 10:47:15] Epoch 01 train batch [380/1875] loss=0.1182 avg_loss=0.3157
[2026-06-03 10:47:17] Epoch 01 train batch [400/1875] loss=0.2595 avg_loss=0.3124
[2026-06-03 10:47:19] Epoch 01 train batch [420/1875] loss=1.0366 avg_loss=0.3121
[2026-06-03 10:47:21] Epoch 01 train batch [440/1875] loss=0.5133 avg_loss=0.3109
[2026-06-03 10:47:23] Epoch 01 train batch [460/1875] loss=0.2716 avg_loss=0.3091
[2026-06-03 10:47:25] Epoch 01 train batch [480/1875] loss=0.1361 avg_loss=0.3067
[2026-06-03 10:47:28] Epoch 01 train batch [500/1875] loss=0.0948 avg_loss=0.3063
[2026-06-03 10:47:30] Epoch 01 train batch [520/1875] loss=0.4114 avg_loss=0.3032
[2026-06-03 10:47:32] Epoch 01 train batch [540/1875] loss=0.3560 avg_loss=0.3027
[2026-06-03 10:47:34] Epoch 01 train batch [560/1875] loss=0.1362 avg_loss=0.3015
[2026-06-03 10:47:36] Epoch 01 train batch [580/1875] loss=0.2448 avg_loss=0.3009
[2026-06-03 10:47:38] Epoch 01 train batch [600/1875] loss=0.3845 avg_loss=0.3011
[2026-06-03 10:47:40] Epoch 01 train batch [620/1875] loss=0.2018 avg_loss=0.2987
[2026-06-03 10:47:42] Epoch 01 train batch [640/1875] loss=0.5492 avg_loss=0.2979
[2026-06-03 10:47:45] Epoch 01 train batch [660/1875] loss=0.1764 avg_loss=0.2985
[2026-06-03 10:47:47] Epoch 01 train batch [680/1875] loss=0.3732 avg_loss=0.2979
[2026-06-03 10:47:49] Epoch 01 train batch [700/1875] loss=0.2201 avg_loss=0.2962
[2026-06-03 10:47:51] Epoch 01 train batch [720/1875] loss=0.3022 avg_loss=0.2957
[2026-06-03 10:47:53] Epoch 01 train batch [740/1875] loss=0.1684 avg_loss=0.2960
========== Training Session ==========
Started: 20260603-104800
Run name: 00_no_augmentation
Device: cuda:0
CUDA: NVIDIA GeForce RTX 4090 (47.38 GB)
Torch: 2.7.1+cu126
Classes: person, car, dog, cat, chair
Train dataset: 7500 images, 10642 boxes, 2500 empty images
Val dataset: 1500 images, 2021 boxes, 500 empty images
Train class counts: {'dog': 1028, 'person': 5829, 'chair': 1613, 'cat': 833, 'car': 1339}
Val class counts: {'dog': 206, 'chair': 282, 'person': 1074, 'car': 283, 'cat': 176}
Model: Faster R-CNN resnet101 FPN (60,037,165/60,259,565 trainable/total params)
Hyperparams: epochs=30, batch_size=4, lr=0.001, lr_milestones=[15, 25], lr_gamma=0.1, backbone=resnet101, min_size=512, max_size=768, score_threshold=0.5, augmentation=False, early_stopping=True, early_stopping_patience=7, early_stopping_min_delta=0.001, num_workers=2, log_interval=20
Saved results dir: saved_results/augmentation_ablation/00_no_augmentation
Checkpoint dir: saved_results/augmentation_ablation/00_no_augmentation/checkpoints
Best checkpoint: saved_results/augmentation_ablation/00_no_augmentation/checkpoints/best_model-20260603-104800.pth
Last checkpoint: saved_results/augmentation_ablation/00_no_augmentation/checkpoints/last_model-20260603-104800.pth
Log dir: saved_results/augmentation_ablation/00_no_augmentation/logs
=====================================
[2026-06-03 10:48:01] Training session initialized.
[2026-06-03 10:48:02] Epoch [01/30] started.
[2026-06-03 10:48:05] Epoch 01 train batch [20/1875] loss=0.7100 avg_loss=0.7438
