========== Training Session ==========
Started: 20260603-073843
Run name: 04_all_augmentations
Device: cuda:1
CUDA: NVIDIA GeForce RTX 4090 (47.38 GB)
Torch: 2.7.1+cu126
Classes: person, car, dog, cat, chair
Train dataset: 7500 images, 10642 boxes, 2500 empty images
Val dataset: 1500 images, 2021 boxes, 500 empty images
Train class counts: {'dog': 1028, 'person': 5829, 'chair': 1613, 'cat': 833, 'car': 1339}
Val class counts: {'dog': 206, 'chair': 282, 'person': 1074, 'car': 283, 'cat': 176}
Model: Faster R-CNN resnet50 FPN (41,097,261/41,319,661 trainable/total params)
Hyperparams: epochs=30, batch_size=4, lr=0.001, lr_milestones=[15, 25], lr_gamma=0.1, backbone=resnet50, min_size=512, max_size=768, score_threshold=0.5, augmentation=True, early_stopping=True, early_stopping_patience=7, early_stopping_min_delta=0.001, num_workers=2, log_interval=20
Saved results dir: saved_results/augmentation_ablation/04_all_augmentations
Checkpoint dir: saved_results/augmentation_ablation/04_all_augmentations/checkpoints
Best checkpoint: saved_results/augmentation_ablation/04_all_augmentations/checkpoints/best_model-20260603-073843.pth
Last checkpoint: saved_results/augmentation_ablation/04_all_augmentations/checkpoints/last_model-20260603-073843.pth
Log dir: saved_results/augmentation_ablation/04_all_augmentations/logs
=====================================
[2026-06-03 07:38:43] Training session initialized.
[2026-06-03 07:38:45] Epoch [01/30] started.
[2026-06-03 07:38:47] Epoch 01 train batch [20/1875] loss=0.2760 avg_loss=0.8246
[2026-06-03 07:38:49] Epoch 01 train batch [40/1875] loss=0.5956 avg_loss=0.5963
[2026-06-03 07:38:51] Epoch 01 train batch [60/1875] loss=0.2196 avg_loss=0.4822
[2026-06-03 07:38:52] Epoch 01 train batch [80/1875] loss=0.2282 avg_loss=0.4359
[2026-06-03 07:38:54] Epoch 01 train batch [100/1875] loss=0.0957 avg_loss=0.4035
[2026-06-03 07:38:56] Epoch 01 train batch [120/1875] loss=0.1923 avg_loss=0.3816
[2026-06-03 07:38:58] Epoch 01 train batch [140/1875] loss=0.5953 avg_loss=0.3707
[2026-06-03 07:38:59] Epoch 01 train batch [160/1875] loss=0.2195 avg_loss=0.3655
[2026-06-03 07:39:01] Epoch 01 train batch [180/1875] loss=0.2892 avg_loss=0.3568
[2026-06-03 07:39:03] Epoch 01 train batch [200/1875] loss=0.1276 avg_loss=0.3546
[2026-06-03 07:39:05] Epoch 01 train batch [220/1875] loss=0.1182 avg_loss=0.3456
[2026-06-03 07:39:06] Epoch 01 train batch [240/1875] loss=0.3439 avg_loss=0.3479
[2026-06-03 07:39:08] Epoch 01 train batch [260/1875] loss=0.3679 avg_loss=0.3466
[2026-06-03 07:39:10] Epoch 01 train batch [280/1875] loss=0.2860 avg_loss=0.3411
[2026-06-03 07:39:11] Epoch 01 train batch [300/1875] loss=0.2828 avg_loss=0.3410
[2026-06-03 07:39:13] Epoch 01 train batch [320/1875] loss=0.2739 avg_loss=0.3371
[2026-06-03 07:39:15] Epoch 01 train batch [340/1875] loss=0.1244 avg_loss=0.3342
[2026-06-03 07:39:17] Epoch 01 train batch [360/1875] loss=0.3282 avg_loss=0.3336
[2026-06-03 07:39:18] Epoch 01 train batch [380/1875] loss=0.2388 avg_loss=0.3329
[2026-06-03 07:39:20] Epoch 01 train batch [400/1875] loss=0.1279 avg_loss=0.3267
[2026-06-03 07:39:22] Epoch 01 train batch [420/1875] loss=0.1320 avg_loss=0.3232
[2026-06-03 07:39:24] Epoch 01 train batch [440/1875] loss=0.3146 avg_loss=0.3210
[2026-06-03 07:39:25] Epoch 01 train batch [460/1875] loss=0.5778 avg_loss=0.3202
[2026-06-03 07:39:27] Epoch 01 train batch [480/1875] loss=0.0613 avg_loss=0.3171
[2026-06-03 07:39:29] Epoch 01 train batch [500/1875] loss=0.6560 avg_loss=0.3164
[2026-06-03 07:39:31] Epoch 01 train batch [520/1875] loss=0.1693 avg_loss=0.3172
[2026-06-03 07:39:32] Epoch 01 train batch [540/1875] loss=0.0781 avg_loss=0.3170
[2026-06-03 07:39:34] Epoch 01 train batch [560/1875] loss=0.2742 avg_loss=0.3180
[2026-06-03 07:39:36] Epoch 01 train batch [580/1875] loss=0.2810 avg_loss=0.3153
[2026-06-03 07:39:38] Epoch 01 train batch [600/1875] loss=0.2332 avg_loss=0.3133
[2026-06-03 07:39:39] Epoch 01 train batch [620/1875] loss=0.2806 avg_loss=0.3111
[2026-06-03 07:39:41] Epoch 01 train batch [640/1875] loss=0.4631 avg_loss=0.3106
[2026-06-03 07:39:43] Epoch 01 train batch [660/1875] loss=0.3671 avg_loss=0.3088
[2026-06-03 07:39:45] Epoch 01 train batch [680/1875] loss=0.2364 avg_loss=0.3097
[2026-06-03 07:39:46] Epoch 01 train batch [700/1875] loss=0.2273 avg_loss=0.3081
[2026-06-03 07:39:48] Epoch 01 train batch [720/1875] loss=0.5815 avg_loss=0.3071
[2026-06-03 07:39:50] Epoch 01 train batch [740/1875] loss=0.2638 avg_loss=0.3070
[2026-06-03 07:39:52] Epoch 01 train batch [760/1875] loss=0.3450 avg_loss=0.3057
[2026-06-03 07:39:53] Epoch 01 train batch [780/1875] loss=0.1679 avg_loss=0.3043
[2026-06-03 07:39:55] Epoch 01 train batch [800/1875] loss=0.5537 avg_loss=0.3039
[2026-06-03 07:39:57] Epoch 01 train batch [820/1875] loss=0.1758 avg_loss=0.3029
[2026-06-03 07:39:59] Epoch 01 train batch [840/1875] loss=0.4882 avg_loss=0.3015
[2026-06-03 07:40:00] Epoch 01 train batch [860/1875] loss=0.1650 avg_loss=0.3012
[2026-06-03 07:40:02] Epoch 01 train batch [880/1875] loss=0.2309 avg_loss=0.3023
[2026-06-03 07:40:04] Epoch 01 train batch [900/1875] loss=0.3211 avg_loss=0.3016
[2026-06-03 07:40:06] Epoch 01 train batch [920/1875] loss=0.2973 avg_loss=0.3009
[2026-06-03 07:40:07] Epoch 01 train batch [940/1875] loss=0.1062 avg_loss=0.2999
[2026-06-03 07:40:09] Epoch 01 train batch [960/1875] loss=0.2858 avg_loss=0.2987
[2026-06-03 07:40:11] Epoch 01 train batch [980/1875] loss=0.2383 avg_loss=0.2977
[2026-06-03 07:40:12] Epoch 01 train batch [1000/1875] loss=0.6849 avg_loss=0.2973
[2026-06-03 07:40:14] Epoch 01 train batch [1020/1875] loss=0.1337 avg_loss=0.2955
[2026-06-03 07:40:16] Epoch 01 train batch [1040/1875] loss=0.0733 avg_loss=0.2940
[2026-06-03 07:40:18] Epoch 01 train batch [1060/1875] loss=0.0430 avg_loss=0.2925
[2026-06-03 07:40:19] Epoch 01 train batch [1080/1875] loss=0.6327 avg_loss=0.2920
[2026-06-03 07:40:21] Epoch 01 train batch [1100/1875] loss=0.4476 avg_loss=0.2925
[2026-06-03 07:40:23] Epoch 01 train batch [1120/1875] loss=0.0625 avg_loss=0.2918
[2026-06-03 07:40:25] Epoch 01 train batch [1140/1875] loss=0.2579 avg_loss=0.2915
[2026-06-03 07:40:26] Epoch 01 train batch [1160/1875] loss=0.0873 avg_loss=0.2904
[2026-06-03 07:40:28] Epoch 01 train batch [1180/1875] loss=0.1704 avg_loss=0.2903
[2026-06-03 07:40:30] Epoch 01 train batch [1200/1875] loss=0.2072 avg_loss=0.2900
[2026-06-03 07:40:32] Epoch 01 train batch [1220/1875] loss=0.4431 avg_loss=0.2901
[2026-06-03 07:40:33] Epoch 01 train batch [1240/1875] loss=0.1966 avg_loss=0.2893
[2026-06-03 07:40:35] Epoch 01 train batch [1260/1875] loss=0.2486 avg_loss=0.2897
[2026-06-03 07:40:37] Epoch 01 train batch [1280/1875] loss=0.1795 avg_loss=0.2888
[2026-06-03 07:40:39] Epoch 01 train batch [1300/1875] loss=0.0568 avg_loss=0.2880
[2026-06-03 07:40:40] Epoch 01 train batch [1320/1875] loss=0.5147 avg_loss=0.2882
[2026-06-03 07:40:42] Epoch 01 train batch [1340/1875] loss=0.2135 avg_loss=0.2870
[2026-06-03 07:40:44] Epoch 01 train batch [1360/1875] loss=0.1040 avg_loss=0.2864
[2026-06-03 07:40:46] Epoch 01 train batch [1380/1875] loss=0.2866 avg_loss=0.2859
[2026-06-03 07:40:47] Epoch 01 train batch [1400/1875] loss=0.1483 avg_loss=0.2850
[2026-06-03 07:40:49] Epoch 01 train batch [1420/1875] loss=0.1375 avg_loss=0.2842
[2026-06-03 07:40:51] Epoch 01 train batch [1440/1875] loss=0.2662 avg_loss=0.2843
[2026-06-03 07:40:53] Epoch 01 train batch [1460/1875] loss=0.1538 avg_loss=0.2835
[2026-06-03 07:40:54] Epoch 01 train batch [1480/1875] loss=0.2094 avg_loss=0.2833
[2026-06-03 07:40:56] Epoch 01 train batch [1500/1875] loss=0.1971 avg_loss=0.2824
[2026-06-03 07:40:58] Epoch 01 train batch [1520/1875] loss=0.0153 avg_loss=0.2819
[2026-06-03 07:41:00] Epoch 01 train batch [1540/1875] loss=0.2039 avg_loss=0.2818
[2026-06-03 07:41:01] Epoch 01 train batch [1560/1875] loss=0.2739 avg_loss=0.2817
[2026-06-03 07:41:03] Epoch 01 train batch [1580/1875] loss=0.5460 avg_loss=0.2818
[2026-06-03 07:41:05] Epoch 01 train batch [1600/1875] loss=0.2867 avg_loss=0.2817
[2026-06-03 07:41:07] Epoch 01 train batch [1620/1875] loss=0.1909 avg_loss=0.2811
[2026-06-03 07:41:08] Epoch 01 train batch [1640/1875] loss=0.1266 avg_loss=0.2813
[2026-06-03 07:41:10] Epoch 01 train batch [1660/1875] loss=0.2401 avg_loss=0.2806
[2026-06-03 07:41:12] Epoch 01 train batch [1680/1875] loss=0.0957 avg_loss=0.2804
[2026-06-03 07:41:14] Epoch 01 train batch [1700/1875] loss=0.3477 avg_loss=0.2794
[2026-06-03 07:41:15] Epoch 01 train batch [1720/1875] loss=0.1595 avg_loss=0.2789
[2026-06-03 07:41:17] Epoch 01 train batch [1740/1875] loss=0.4286 avg_loss=0.2787
[2026-06-03 07:41:19] Epoch 01 train batch [1760/1875] loss=0.1791 avg_loss=0.2783
[2026-06-03 07:41:21] Epoch 01 train batch [1780/1875] loss=0.0779 avg_loss=0.2786
[2026-06-03 07:41:22] Epoch 01 train batch [1800/1875] loss=0.0799 avg_loss=0.2786
[2026-06-03 07:41:24] Epoch 01 train batch [1820/1875] loss=0.0099 avg_loss=0.2776
[2026-06-03 07:41:26] Epoch 01 train batch [1840/1875] loss=0.2380 avg_loss=0.2770
[2026-06-03 07:41:27] Epoch 01 train batch [1860/1875] loss=0.1755 avg_loss=0.2770
[2026-06-03 07:41:29] Epoch 01 train batch [1875/1875] loss=0.1212 avg_loss=0.2764
[2026-06-03 07:41:29] Epoch 01 training completed. Computing validation loss.
[2026-06-03 07:41:46] Epoch 01 validation loss completed: 0.2274. Computing detection metrics.
[2026-06-03 07:42:03] Epoch 01 metrics computed. Saving artifacts.
[2026-06-03 07:42:04] Epoch 01 improved mAP@0.5 to 0.1151. Saved best checkpoint: best_model-20260603-073843.pth.
Epoch [01/30]
├── Train Loss : 0.2764
│   ├── loss_classifier  : 0.1134
│   ├── loss_box_reg     : 0.1092
│   ├── loss_objectness  : 0.0441
│   └── loss_rpn_box_reg : 0.0097
├── Val Loss   : 0.2274
├── mAP@0.5    : 0.1151
├── mAP@0.75   : 0.0152
├── mAP@0.5:0.95 : 0.0396
├── Precision  : 0.3569
├── Recall     : 0.4077
├── GT Boxes   : 2021
├── Predictions: 2309
├── Per-class AP
│   ├── person  : AP50=0.5108, AP75=0.0631, AP50:95=0.1746, P=0.3549, R=0.7412
│   ├── car     : AP50=0.0035, AP75=0.0000, AP50:95=0.0014, P=0.5000, R=0.0035
│   ├── dog     : AP50=0.0000, AP75=0.0000, AP50:95=0.0000, P=0.0000, R=0.0000
│   ├── cat     : AP50=0.0000, AP75=0.0000, AP50:95=0.0000, P=0.0000, R=0.0000
│   └── chair   : AP50=0.0611, AP75=0.0130, AP50:95=0.0218, P=0.4219, R=0.0957
├── LR         : 0.001000
└── Time       : 198.2s
[2026-06-03 07:42:04] Epoch [01/30] completed.
[2026-06-03 07:42:04] Epoch [02/30] started.
[2026-06-03 07:42:06] Epoch 02 train batch [20/1875] loss=0.0951 avg_loss=0.1964
[2026-06-03 07:42:08] Epoch 02 train batch [40/1875] loss=0.0827 avg_loss=0.2235
[2026-06-03 07:42:09] Epoch 02 train batch [60/1875] loss=0.1985 avg_loss=0.2283
[2026-06-03 07:42:11] Epoch 02 train batch [80/1875] loss=0.1784 avg_loss=0.2238
[2026-06-03 07:42:13] Epoch 02 train batch [100/1875] loss=0.1996 avg_loss=0.2279
[2026-06-03 07:42:14] Epoch 02 train batch [120/1875] loss=0.1584 avg_loss=0.2243
[2026-06-03 07:42:16] Epoch 02 train batch [140/1875] loss=0.1351 avg_loss=0.2288
[2026-06-03 07:42:18] Epoch 02 train batch [160/1875] loss=0.1641 avg_loss=0.2364
[2026-06-03 07:42:20] Epoch 02 train batch [180/1875] loss=0.1461 avg_loss=0.2396
[2026-06-03 07:42:21] Epoch 02 train batch [200/1875] loss=0.2313 avg_loss=0.2413
[2026-06-03 07:42:23] Epoch 02 train batch [220/1875] loss=0.1699 avg_loss=0.2396
[2026-06-03 07:42:25] Epoch 02 train batch [240/1875] loss=0.2015 avg_loss=0.2375
[2026-06-03 07:42:27] Epoch 02 train batch [260/1875] loss=0.0773 avg_loss=0.2403
[2026-06-03 07:42:28] Epoch 02 train batch [280/1875] loss=0.1397 avg_loss=0.2459
[2026-06-03 07:42:30] Epoch 02 train batch [300/1875] loss=0.1330 avg_loss=0.2467
[2026-06-03 07:42:32] Epoch 02 train batch [320/1875] loss=0.0996 avg_loss=0.2441
[2026-06-03 07:42:34] Epoch 02 train batch [340/1875] loss=0.3058 avg_loss=0.2410
[2026-06-03 07:42:35] Epoch 02 train batch [360/1875] loss=0.5210 avg_loss=0.2424
[2026-06-03 07:42:37] Epoch 02 train batch [380/1875] loss=0.2981 avg_loss=0.2390
[2026-06-03 07:42:39] Epoch 02 train batch [400/1875] loss=0.2418 avg_loss=0.2400
[2026-06-03 07:42:41] Epoch 02 train batch [420/1875] loss=0.0915 avg_loss=0.2390
[2026-06-03 07:42:42] Epoch 02 train batch [440/1875] loss=0.2875 avg_loss=0.2361
[2026-06-03 07:42:44] Epoch 02 train batch [460/1875] loss=0.0988 avg_loss=0.2360
[2026-06-03 07:42:46] Epoch 02 train batch [480/1875] loss=0.5664 avg_loss=0.2359
[2026-06-03 07:42:48] Epoch 02 train batch [500/1875] loss=0.2027 avg_loss=0.2366
[2026-06-03 07:42:49] Epoch 02 train batch [520/1875] loss=0.3402 avg_loss=0.2363
[2026-06-03 07:42:51] Epoch 02 train batch [540/1875] loss=0.0624 avg_loss=0.2366
[2026-06-03 07:42:53] Epoch 02 train batch [560/1875] loss=0.2315 avg_loss=0.2337
[2026-06-03 07:42:55] Epoch 02 train batch [580/1875] loss=0.3951 avg_loss=0.2331
[2026-06-03 07:42:56] Epoch 02 train batch [600/1875] loss=0.1091 avg_loss=0.2331
[2026-06-03 07:42:58] Epoch 02 train batch [620/1875] loss=0.5962 avg_loss=0.2332
[2026-06-03 07:43:00] Epoch 02 train batch [640/1875] loss=0.0673 avg_loss=0.2314
[2026-06-03 07:43:02] Epoch 02 train batch [660/1875] loss=0.4192 avg_loss=0.2311
[2026-06-03 07:43:03] Epoch 02 train batch [680/1875] loss=0.1369 avg_loss=0.2319
[2026-06-03 07:43:05] Epoch 02 train batch [700/1875] loss=0.1410 avg_loss=0.2316
[2026-06-03 07:43:07] Epoch 02 train batch [720/1875] loss=0.1152 avg_loss=0.2309
[2026-06-03 07:43:09] Epoch 02 train batch [740/1875] loss=0.1601 avg_loss=0.2316
[2026-06-03 07:43:10] Epoch 02 train batch [760/1875] loss=0.2708 avg_loss=0.2319
[2026-06-03 07:43:12] Epoch 02 train batch [780/1875] loss=0.0945 avg_loss=0.2330
[2026-06-03 07:43:14] Epoch 02 train batch [800/1875] loss=0.2525 avg_loss=0.2332
[2026-06-03 07:43:16] Epoch 02 train batch [820/1875] loss=0.2380 avg_loss=0.2320
[2026-06-03 07:43:17] Epoch 02 train batch [840/1875] loss=0.2686 avg_loss=0.2321
[2026-06-03 07:43:19] Epoch 02 train batch [860/1875] loss=0.0894 avg_loss=0.2324
[2026-06-03 07:43:21] Epoch 02 train batch [880/1875] loss=0.2447 avg_loss=0.2324
[2026-06-03 07:43:22] Epoch 02 train batch [900/1875] loss=0.3903 avg_loss=0.2322
[2026-06-03 07:43:24] Epoch 02 train batch [920/1875] loss=0.5013 avg_loss=0.2315
[2026-06-03 07:43:26] Epoch 02 train batch [940/1875] loss=0.1722 avg_loss=0.2316
[2026-06-03 07:43:28] Epoch 02 train batch [960/1875] loss=0.2498 avg_loss=0.2314
[2026-06-03 07:43:30] Epoch 02 train batch [980/1875] loss=0.0622 avg_loss=0.2308
[2026-06-03 07:43:31] Epoch 02 train batch [1000/1875] loss=0.1244 avg_loss=0.2308
[2026-06-03 07:43:33] Epoch 02 train batch [1020/1875] loss=0.2070 avg_loss=0.2312
[2026-06-03 07:43:35] Epoch 02 train batch [1040/1875] loss=0.1141 avg_loss=0.2309
[2026-06-03 07:43:37] Epoch 02 train batch [1060/1875] loss=0.5192 avg_loss=0.2309
[2026-06-03 07:43:38] Epoch 02 train batch [1080/1875] loss=0.2032 avg_loss=0.2311
[2026-06-03 07:43:40] Epoch 02 train batch [1100/1875] loss=0.0792 avg_loss=0.2304
[2026-06-03 07:43:42] Epoch 02 train batch [1120/1875] loss=0.0603 avg_loss=0.2301
[2026-06-03 07:43:44] Epoch 02 train batch [1140/1875] loss=0.1069 avg_loss=0.2292
[2026-06-03 07:43:46] Epoch 02 train batch [1160/1875] loss=0.3850 avg_loss=0.2296
[2026-06-03 07:43:47] Epoch 02 train batch [1180/1875] loss=0.1944 avg_loss=0.2293
[2026-06-03 07:43:49] Epoch 02 train batch [1200/1875] loss=0.1758 avg_loss=0.2305
[2026-06-03 07:43:51] Epoch 02 train batch [1220/1875] loss=0.1920 avg_loss=0.2301
[2026-06-03 07:43:53] Epoch 02 train batch [1240/1875] loss=0.0743 avg_loss=0.2304
[2026-06-03 07:43:54] Epoch 02 train batch [1260/1875] loss=0.0369 avg_loss=0.2300
[2026-06-03 07:43:56] Epoch 02 train batch [1280/1875] loss=0.1640 avg_loss=0.2301
[2026-06-03 07:43:58] Epoch 02 train batch [1300/1875] loss=0.1367 avg_loss=0.2290
[2026-06-03 07:44:00] Epoch 02 train batch [1320/1875] loss=0.0468 avg_loss=0.2297
[2026-06-03 07:44:01] Epoch 02 train batch [1340/1875] loss=0.1256 avg_loss=0.2289
[2026-06-03 07:44:03] Epoch 02 train batch [1360/1875] loss=0.1920 avg_loss=0.2279
[2026-06-03 07:44:05] Epoch 02 train batch [1380/1875] loss=0.0306 avg_loss=0.2279
[2026-06-03 07:44:07] Epoch 02 train batch [1400/1875] loss=0.1243 avg_loss=0.2276
[2026-06-03 07:44:08] Epoch 02 train batch [1420/1875] loss=0.2254 avg_loss=0.2279
[2026-06-03 07:44:10] Epoch 02 train batch [1440/1875] loss=0.2607 avg_loss=0.2279
[2026-06-03 07:44:12] Epoch 02 train batch [1460/1875] loss=0.2624 avg_loss=0.2274
[2026-06-03 07:44:14] Epoch 02 train batch [1480/1875] loss=0.1383 avg_loss=0.2279
[2026-06-03 07:44:15] Epoch 02 train batch [1500/1875] loss=0.1318 avg_loss=0.2270
[2026-06-03 07:44:17] Epoch 02 train batch [1520/1875] loss=0.2388 avg_loss=0.2271
[2026-06-03 07:44:19] Epoch 02 train batch [1540/1875] loss=0.1689 avg_loss=0.2271
[2026-06-03 07:44:21] Epoch 02 train batch [1560/1875] loss=0.0373 avg_loss=0.2274
[2026-06-03 07:44:22] Epoch 02 train batch [1580/1875] loss=0.4116 avg_loss=0.2272
[2026-06-03 07:44:24] Epoch 02 train batch [1600/1875] loss=0.2208 avg_loss=0.2277
[2026-06-03 07:44:26] Epoch 02 train batch [1620/1875] loss=0.1411 avg_loss=0.2270
[2026-06-03 07:44:28] Epoch 02 train batch [1640/1875] loss=0.2503 avg_loss=0.2264
[2026-06-03 07:44:29] Epoch 02 train batch [1660/1875] loss=0.0974 avg_loss=0.2263
[2026-06-03 07:44:31] Epoch 02 train batch [1680/1875] loss=0.1051 avg_loss=0.2263
[2026-06-03 07:44:33] Epoch 02 train batch [1700/1875] loss=0.1260 avg_loss=0.2264
[2026-06-03 07:44:35] Epoch 02 train batch [1720/1875] loss=0.2375 avg_loss=0.2260
[2026-06-03 07:44:36] Epoch 02 train batch [1740/1875] loss=0.2157 avg_loss=0.2263
[2026-06-03 07:44:38] Epoch 02 train batch [1760/1875] loss=0.0560 avg_loss=0.2258
[2026-06-03 07:44:40] Epoch 02 train batch [1780/1875] loss=0.3627 avg_loss=0.2260
[2026-06-03 07:44:42] Epoch 02 train batch [1800/1875] loss=0.1822 avg_loss=0.2256
[2026-06-03 07:44:43] Epoch 02 train batch [1820/1875] loss=0.0540 avg_loss=0.2252
[2026-06-03 07:44:45] Epoch 02 train batch [1840/1875] loss=0.0888 avg_loss=0.2248
[2026-06-03 07:44:47] Epoch 02 train batch [1860/1875] loss=0.0671 avg_loss=0.2243
[2026-06-03 07:44:48] Epoch 02 train batch [1875/1875] loss=0.2761 avg_loss=0.2239
[2026-06-03 07:44:48] Epoch 02 training completed. Computing validation loss.
[2026-06-03 07:45:06] Epoch 02 validation loss completed: 0.2065. Computing detection metrics.
[2026-06-03 07:45:23] Epoch 02 metrics computed. Saving artifacts.
[2026-06-03 07:45:25] Epoch 02 improved mAP@0.5 to 0.4853. Saved best checkpoint: best_model-20260603-073843.pth.
Epoch [02/30]
├── Train Loss : 0.2239
│   ├── loss_classifier  : 0.0821
│   ├── loss_box_reg     : 0.1147
│   ├── loss_objectness  : 0.0185
│   └── loss_rpn_box_reg : 0.0087
├── Val Loss   : 0.2065
├── mAP@0.5    : 0.4853
├── mAP@0.75   : 0.1111
├── mAP@0.5:0.95 : 0.2007
├── Precision  : 0.5152
├── Recall     : 0.6616
├── GT Boxes   : 2021
├── Predictions: 2595
├── Per-class AP
│   ├── person  : AP50=0.6620, AP75=0.1693, AP50:95=0.2788, P=0.5507, R=0.7737
│   ├── car     : AP50=0.2856, AP75=0.0323, AP50:95=0.1029, P=0.3574, R=0.4205
│   ├── dog     : AP50=0.5983, AP75=0.1305, AP50:95=0.2502, P=0.5240, R=0.7427
│   ├── cat     : AP50=0.6042, AP75=0.1987, AP50:95=0.2777, P=0.7273, R=0.6818
│   └── chair   : AP50=0.2761, AP75=0.0247, AP50:95=0.0941, P=0.3851, R=0.4043
├── LR         : 0.001000
└── Time       : 198.8s
[2026-06-03 07:45:26] Epoch [02/30] completed.
[2026-06-03 07:45:26] Epoch [03/30] started.
[2026-06-03 07:45:28] Epoch 03 train batch [20/1875] loss=0.4124 avg_loss=0.2017
[2026-06-03 07:45:29] Epoch 03 train batch [40/1875] loss=0.1057 avg_loss=0.2073
[2026-06-03 07:45:31] Epoch 03 train batch [60/1875] loss=0.0567 avg_loss=0.1987
[2026-06-03 07:45:33] Epoch 03 train batch [80/1875] loss=0.3293 avg_loss=0.2028
[2026-06-03 07:45:35] Epoch 03 train batch [100/1875] loss=0.1062 avg_loss=0.2134
[2026-06-03 07:45:37] Epoch 03 train batch [120/1875] loss=0.2389 avg_loss=0.2150
[2026-06-03 07:45:38] Epoch 03 train batch [140/1875] loss=0.0557 avg_loss=0.2155
[2026-06-03 07:45:40] Epoch 03 train batch [160/1875] loss=0.0338 avg_loss=0.2120
[2026-06-03 07:45:42] Epoch 03 train batch [180/1875] loss=0.1545 avg_loss=0.2083
[2026-06-03 07:45:44] Epoch 03 train batch [200/1875] loss=0.1772 avg_loss=0.2141
[2026-06-03 07:45:45] Epoch 03 train batch [220/1875] loss=0.6253 avg_loss=0.2174
[2026-06-03 07:45:47] Epoch 03 train batch [240/1875] loss=0.2058 avg_loss=0.2180
[2026-06-03 07:45:49] Epoch 03 train batch [260/1875] loss=0.2558 avg_loss=0.2211
[2026-06-03 07:45:51] Epoch 03 train batch [280/1875] loss=0.2319 avg_loss=0.2203
[2026-06-03 07:45:52] Epoch 03 train batch [300/1875] loss=0.4331 avg_loss=0.2206
[2026-06-03 07:45:54] Epoch 03 train batch [320/1875] loss=0.3062 avg_loss=0.2204
[2026-06-03 07:45:56] Epoch 03 train batch [340/1875] loss=0.3001 avg_loss=0.2156
[2026-06-03 07:45:58] Epoch 03 train batch [360/1875] loss=0.0679 avg_loss=0.2155
[2026-06-03 07:45:59] Epoch 03 train batch [380/1875] loss=0.2472 avg_loss=0.2173
[2026-06-03 07:46:01] Epoch 03 train batch [400/1875] loss=0.0592 avg_loss=0.2143
[2026-06-03 07:46:03] Epoch 03 train batch [420/1875] loss=0.0420 avg_loss=0.2145
[2026-06-03 07:46:05] Epoch 03 train batch [440/1875] loss=0.5720 avg_loss=0.2159
[2026-06-03 07:46:06] Epoch 03 train batch [460/1875] loss=0.3616 avg_loss=0.2137
[2026-06-03 07:46:08] Epoch 03 train batch [480/1875] loss=0.3084 avg_loss=0.2141
[2026-06-03 07:46:10] Epoch 03 train batch [500/1875] loss=0.1996 avg_loss=0.2146
[2026-06-03 07:46:12] Epoch 03 train batch [520/1875] loss=0.0718 avg_loss=0.2143
[2026-06-03 07:46:14] Epoch 03 train batch [540/1875] loss=0.1510 avg_loss=0.2144
[2026-06-03 07:46:15] Epoch 03 train batch [560/1875] loss=0.2457 avg_loss=0.2138
[2026-06-03 07:46:17] Epoch 03 train batch [580/1875] loss=0.1273 avg_loss=0.2129
[2026-06-03 07:46:19] Epoch 03 train batch [600/1875] loss=0.1523 avg_loss=0.2121
[2026-06-03 07:46:21] Epoch 03 train batch [620/1875] loss=0.1028 avg_loss=0.2119
[2026-06-03 07:46:22] Epoch 03 train batch [640/1875] loss=0.0267 avg_loss=0.2105
[2026-06-03 07:46:24] Epoch 03 train batch [660/1875] loss=0.3946 avg_loss=0.2111
[2026-06-03 07:46:26] Epoch 03 train batch [680/1875] loss=0.2590 avg_loss=0.2122
[2026-06-03 07:46:28] Epoch 03 train batch [700/1875] loss=0.1059 avg_loss=0.2114
[2026-06-03 07:46:29] Epoch 03 train batch [720/1875] loss=0.0598 avg_loss=0.2111
[2026-06-03 07:46:31] Epoch 03 train batch [740/1875] loss=0.6126 avg_loss=0.2112
[2026-06-03 07:46:33] Epoch 03 train batch [760/1875] loss=0.1472 avg_loss=0.2110
[2026-06-03 07:46:35] Epoch 03 train batch [780/1875] loss=0.1011 avg_loss=0.2118
[2026-06-03 07:46:36] Epoch 03 train batch [800/1875] loss=0.1668 avg_loss=0.2126
[2026-06-03 07:46:38] Epoch 03 train batch [820/1875] loss=0.1799 avg_loss=0.2126
[2026-06-03 07:46:40] Epoch 03 train batch [840/1875] loss=0.2199 avg_loss=0.2132
[2026-06-03 07:46:42] Epoch 03 train batch [860/1875] loss=0.1938 avg_loss=0.2135
[2026-06-03 07:46:43] Epoch 03 train batch [880/1875] loss=0.2795 avg_loss=0.2141
[2026-06-03 07:46:45] Epoch 03 train batch [900/1875] loss=0.1650 avg_loss=0.2136
[2026-06-03 07:46:47] Epoch 03 train batch [920/1875] loss=0.1812 avg_loss=0.2140
[2026-06-03 07:46:49] Epoch 03 train batch [940/1875] loss=0.1071 avg_loss=0.2137
[2026-06-03 07:46:50] Epoch 03 train batch [960/1875] loss=0.2011 avg_loss=0.2143
[2026-06-03 07:46:52] Epoch 03 train batch [980/1875] loss=0.1559 avg_loss=0.2139
[2026-06-03 07:46:54] Epoch 03 train batch [1000/1875] loss=0.1350 avg_loss=0.2147
[2026-06-03 07:46:56] Epoch 03 train batch [1020/1875] loss=0.4067 avg_loss=0.2155
[2026-06-03 07:46:57] Epoch 03 train batch [1040/1875] loss=0.1948 avg_loss=0.2163
[2026-06-03 07:46:59] Epoch 03 train batch [1060/1875] loss=0.3532 avg_loss=0.2160
[2026-06-03 07:47:01] Epoch 03 train batch [1080/1875] loss=0.1844 avg_loss=0.2158
[2026-06-03 07:47:03] Epoch 03 train batch [1100/1875] loss=0.0210 avg_loss=0.2159
[2026-06-03 07:47:05] Epoch 03 train batch [1120/1875] loss=0.3130 avg_loss=0.2152
[2026-06-03 07:47:06] Epoch 03 train batch [1140/1875] loss=0.2170 avg_loss=0.2152
[2026-06-03 07:47:08] Epoch 03 train batch [1160/1875] loss=0.1194 avg_loss=0.2149
[2026-06-03 07:47:10] Epoch 03 train batch [1180/1875] loss=0.0550 avg_loss=0.2142
[2026-06-03 07:47:12] Epoch 03 train batch [1200/1875] loss=0.1508 avg_loss=0.2147
[2026-06-03 07:47:13] Epoch 03 train batch [1220/1875] loss=0.1698 avg_loss=0.2150
[2026-06-03 07:47:15] Epoch 03 train batch [1240/1875] loss=0.2177 avg_loss=0.2148
[2026-06-03 07:47:17] Epoch 03 train batch [1260/1875] loss=0.0661 avg_loss=0.2147
[2026-06-03 07:47:19] Epoch 03 train batch [1280/1875] loss=0.2264 avg_loss=0.2147
[2026-06-03 07:47:20] Epoch 03 train batch [1300/1875] loss=0.0668 avg_loss=0.2137
[2026-06-03 07:47:22] Epoch 03 train batch [1320/1875] loss=0.0495 avg_loss=0.2126
[2026-06-03 07:47:24] Epoch 03 train batch [1340/1875] loss=0.1182 avg_loss=0.2120
[2026-06-03 07:47:26] Epoch 03 train batch [1360/1875] loss=0.0050 avg_loss=0.2116
[2026-06-03 07:47:27] Epoch 03 train batch [1380/1875] loss=0.1575 avg_loss=0.2119
[2026-06-03 07:47:29] Epoch 03 train batch [1400/1875] loss=0.3547 avg_loss=0.2121
[2026-06-03 07:47:31] Epoch 03 train batch [1420/1875] loss=0.1012 avg_loss=0.2112
[2026-06-03 07:47:33] Epoch 03 train batch [1440/1875] loss=0.3269 avg_loss=0.2118
[2026-06-03 07:47:34] Epoch 03 train batch [1460/1875] loss=0.2586 avg_loss=0.2114
[2026-06-03 07:47:36] Epoch 03 train batch [1480/1875] loss=0.4161 avg_loss=0.2114
[2026-06-03 07:47:38] Epoch 03 train batch [1500/1875] loss=0.2285 avg_loss=0.2108
[2026-06-03 07:47:40] Epoch 03 train batch [1520/1875] loss=0.3892 avg_loss=0.2105
[2026-06-03 07:47:41] Epoch 03 train batch [1540/1875] loss=0.3786 avg_loss=0.2107
[2026-06-03 07:47:43] Epoch 03 train batch [1560/1875] loss=0.2540 avg_loss=0.2104
[2026-06-03 07:47:45] Epoch 03 train batch [1580/1875] loss=0.0355 avg_loss=0.2102
[2026-06-03 07:47:46] Epoch 03 train batch [1600/1875] loss=0.5226 avg_loss=0.2106
[2026-06-03 07:47:48] Epoch 03 train batch [1620/1875] loss=0.2030 avg_loss=0.2102
[2026-06-03 07:47:50] Epoch 03 train batch [1640/1875] loss=0.0432 avg_loss=0.2103
[2026-06-03 07:47:52] Epoch 03 train batch [1660/1875] loss=0.2752 avg_loss=0.2106
[2026-06-03 07:47:53] Epoch 03 train batch [1680/1875] loss=0.0778 avg_loss=0.2105
[2026-06-03 07:47:55] Epoch 03 train batch [1700/1875] loss=0.2194 avg_loss=0.2104
[2026-06-03 07:47:57] Epoch 03 train batch [1720/1875] loss=0.1561 avg_loss=0.2107
[2026-06-03 07:47:58] Epoch 03 train batch [1740/1875] loss=0.1083 avg_loss=0.2107
[2026-06-03 07:48:00] Epoch 03 train batch [1760/1875] loss=0.1588 avg_loss=0.2106
[2026-06-03 07:48:02] Epoch 03 train batch [1780/1875] loss=0.1947 avg_loss=0.2107
[2026-06-03 07:48:04] Epoch 03 train batch [1800/1875] loss=0.2080 avg_loss=0.2113
[2026-06-03 07:48:06] Epoch 03 train batch [1820/1875] loss=0.2230 avg_loss=0.2113
[2026-06-03 07:48:07] Epoch 03 train batch [1840/1875] loss=0.1583 avg_loss=0.2112
[2026-06-03 07:48:09] Epoch 03 train batch [1860/1875] loss=0.2220 avg_loss=0.2115
[2026-06-03 07:48:10] Epoch 03 train batch [1875/1875] loss=0.2274 avg_loss=0.2113
[2026-06-03 07:48:10] Epoch 03 training completed. Computing validation loss.
[2026-06-03 07:48:28] Epoch 03 validation loss completed: 0.2062. Computing detection metrics.
[2026-06-03 07:48:45] Epoch 03 metrics computed. Saving artifacts.
[2026-06-03 07:48:48] Epoch 03 improved mAP@0.5 to 0.5948. Saved best checkpoint: best_model-20260603-073843.pth.
Epoch [03/30]
├── Train Loss : 0.2113
│   ├── loss_classifier  : 0.0746
│   ├── loss_box_reg     : 0.1149
│   ├── loss_objectness  : 0.0142
│   └── loss_rpn_box_reg : 0.0077
├── Val Loss   : 0.2062
├── mAP@0.5    : 0.5948
├── mAP@0.75   : 0.1571
├── mAP@0.5:0.95 : 0.2559
├── Precision  : 0.3945
├── Recall     : 0.7625
├── GT Boxes   : 2021
├── Predictions: 3906
├── Per-class AP
│   ├── person  : AP50=0.7073, AP75=0.1563, AP50:95=0.2887, P=0.4018, R=0.8557
│   ├── car     : AP50=0.5093, AP75=0.1601, AP50:95=0.2265, P=0.4163, R=0.5972
│   ├── dog     : AP50=0.6872, AP75=0.1870, AP50:95=0.3020, P=0.3163, R=0.8398
│   ├── cat     : AP50=0.7325, AP75=0.2355, AP50:95=0.3384, P=0.6000, R=0.7841
│   └── chair   : AP50=0.3379, AP75=0.0466, AP50:95=0.1241, P=0.3257, R=0.5035
├── LR         : 0.001000
└── Time       : 199.0s
[2026-06-03 07:48:48] Epoch [03/30] completed.
[2026-06-03 07:48:48] Epoch [04/30] started.
[2026-06-03 07:48:50] Epoch 04 train batch [20/1875] loss=0.2970 avg_loss=0.2162
[2026-06-03 07:48:52] Epoch 04 train batch [40/1875] loss=0.2520 avg_loss=0.1856
[2026-06-03 07:48:54] Epoch 04 train batch [60/1875] loss=0.0357 avg_loss=0.1796
[2026-06-03 07:48:55] Epoch 04 train batch [80/1875] loss=0.2031 avg_loss=0.1819
[2026-06-03 07:48:57] Epoch 04 train batch [100/1875] loss=0.4560 avg_loss=0.1895
[2026-06-03 07:48:59] Epoch 04 train batch [120/1875] loss=0.4362 avg_loss=0.1947
[2026-06-03 07:49:01] Epoch 04 train batch [140/1875] loss=0.1114 avg_loss=0.1860
[2026-06-03 07:49:02] Epoch 04 train batch [160/1875] loss=0.0569 avg_loss=0.1925
[2026-06-03 07:49:04] Epoch 04 train batch [180/1875] loss=0.2282 avg_loss=0.1951
[2026-06-03 07:49:06] Epoch 04 train batch [200/1875] loss=0.1282 avg_loss=0.1969
[2026-06-03 07:49:08] Epoch 04 train batch [220/1875] loss=0.0267 avg_loss=0.1995
[2026-06-03 07:49:09] Epoch 04 train batch [240/1875] loss=0.1278 avg_loss=0.1987
[2026-06-03 07:49:11] Epoch 04 train batch [260/1875] loss=0.1843 avg_loss=0.1996
[2026-06-03 07:49:13] Epoch 04 train batch [280/1875] loss=0.1371 avg_loss=0.1970
[2026-06-03 07:49:15] Epoch 04 train batch [300/1875] loss=0.1157 avg_loss=0.1976
[2026-06-03 07:49:16] Epoch 04 train batch [320/1875] loss=0.1314 avg_loss=0.2002
[2026-06-03 07:49:18] Epoch 04 train batch [340/1875] loss=0.0630 avg_loss=0.2022
[2026-06-03 07:49:20] Epoch 04 train batch [360/1875] loss=0.3459 avg_loss=0.2009
[2026-06-03 07:49:22] Epoch 04 train batch [380/1875] loss=0.0546 avg_loss=0.2003
[2026-06-03 07:49:23] Epoch 04 train batch [400/1875] loss=0.2357 avg_loss=0.2004
[2026-06-03 07:49:25] Epoch 04 train batch [420/1875] loss=0.3396 avg_loss=0.2024
[2026-06-03 07:49:27] Epoch 04 train batch [440/1875] loss=0.1682 avg_loss=0.2033
[2026-06-03 07:49:29] Epoch 04 train batch [460/1875] loss=0.1340 avg_loss=0.2045
[2026-06-03 07:49:30] Epoch 04 train batch [480/1875] loss=0.2969 avg_loss=0.2063
[2026-06-03 07:49:32] Epoch 04 train batch [500/1875] loss=0.2160 avg_loss=0.2065
[2026-06-03 07:49:34] Epoch 04 train batch [520/1875] loss=0.0552 avg_loss=0.2051
[2026-06-03 07:49:35] Epoch 04 train batch [540/1875] loss=0.1037 avg_loss=0.2032
[2026-06-03 07:49:37] Epoch 04 train batch [560/1875] loss=0.1122 avg_loss=0.2043
[2026-06-03 07:49:39] Epoch 04 train batch [580/1875] loss=0.1708 avg_loss=0.2048
[2026-06-03 07:49:41] Epoch 04 train batch [600/1875] loss=0.2944 avg_loss=0.2054
[2026-06-03 07:49:42] Epoch 04 train batch [620/1875] loss=0.2741 avg_loss=0.2041
[2026-06-03 07:49:44] Epoch 04 train batch [640/1875] loss=0.3285 avg_loss=0.2040
[2026-06-03 07:49:46] Epoch 04 train batch [660/1875] loss=0.4503 avg_loss=0.2039
[2026-06-03 07:49:48] Epoch 04 train batch [680/1875] loss=0.2056 avg_loss=0.2044
[2026-06-03 07:49:49] Epoch 04 train batch [700/1875] loss=0.0360 avg_loss=0.2046
[2026-06-03 07:49:51] Epoch 04 train batch [720/1875] loss=0.1657 avg_loss=0.2034
[2026-06-03 07:49:53] Epoch 04 train batch [740/1875] loss=0.2130 avg_loss=0.2033
[2026-06-03 07:49:54] Epoch 04 train batch [760/1875] loss=0.3465 avg_loss=0.2029
[2026-06-03 07:49:56] Epoch 04 train batch [780/1875] loss=0.2432 avg_loss=0.2027
[2026-06-03 07:49:58] Epoch 04 train batch [800/1875] loss=0.5519 avg_loss=0.2028
[2026-06-03 07:50:00] Epoch 04 train batch [820/1875] loss=0.1113 avg_loss=0.2019
[2026-06-03 07:50:01] Epoch 04 train batch [840/1875] loss=0.0611 avg_loss=0.2020
[2026-06-03 07:50:03] Epoch 04 train batch [860/1875] loss=0.1791 avg_loss=0.2016
[2026-06-03 07:50:05] Epoch 04 train batch [880/1875] loss=0.3595 avg_loss=0.2014
[2026-06-03 07:50:07] Epoch 04 train batch [900/1875] loss=0.2910 avg_loss=0.2005
[2026-06-03 07:50:08] Epoch 04 train batch [920/1875] loss=0.1238 avg_loss=0.2000
[2026-06-03 07:50:10] Epoch 04 train batch [940/1875] loss=0.2121 avg_loss=0.2006
[2026-06-03 07:50:12] Epoch 04 train batch [960/1875] loss=0.4519 avg_loss=0.2011
[2026-06-03 07:50:14] Epoch 04 train batch [980/1875] loss=0.1285 avg_loss=0.2014
[2026-06-03 07:50:15] Epoch 04 train batch [1000/1875] loss=0.0745 avg_loss=0.2014
[2026-06-03 07:50:17] Epoch 04 train batch [1020/1875] loss=0.1828 avg_loss=0.2016
[2026-06-03 07:50:19] Epoch 04 train batch [1040/1875] loss=0.4678 avg_loss=0.2020
[2026-06-03 07:50:21] Epoch 04 train batch [1060/1875] loss=0.0453 avg_loss=0.2011
[2026-06-03 07:50:22] Epoch 04 train batch [1080/1875] loss=0.0918 avg_loss=0.2022
[2026-06-03 07:50:24] Epoch 04 train batch [1100/1875] loss=0.0156 avg_loss=0.2028
[2026-06-03 07:50:26] Epoch 04 train batch [1120/1875] loss=0.2831 avg_loss=0.2025
[2026-06-03 07:50:28] Epoch 04 train batch [1140/1875] loss=0.0956 avg_loss=0.2020
[2026-06-03 07:50:29] Epoch 04 train batch [1160/1875] loss=0.1669 avg_loss=0.2022
[2026-06-03 07:50:31] Epoch 04 train batch [1180/1875] loss=0.2407 avg_loss=0.2019
[2026-06-03 07:50:33] Epoch 04 train batch [1200/1875] loss=0.0638 avg_loss=0.2020
[2026-06-03 07:50:35] Epoch 04 train batch [1220/1875] loss=0.0899 avg_loss=0.2024
[2026-06-03 07:50:36] Epoch 04 train batch [1240/1875] loss=0.2652 avg_loss=0.2019
[2026-06-03 07:50:38] Epoch 04 train batch [1260/1875] loss=0.1242 avg_loss=0.2022
[2026-06-03 07:50:40] Epoch 04 train batch [1280/1875] loss=0.1887 avg_loss=0.2029
[2026-06-03 07:50:42] Epoch 04 train batch [1300/1875] loss=0.4948 avg_loss=0.2033
[2026-06-03 07:50:43] Epoch 04 train batch [1320/1875] loss=0.0236 avg_loss=0.2029
[2026-06-03 07:50:45] Epoch 04 train batch [1340/1875] loss=0.4048 avg_loss=0.2025
[2026-06-03 07:50:47] Epoch 04 train batch [1360/1875] loss=0.0743 avg_loss=0.2021
[2026-06-03 07:50:49] Epoch 04 train batch [1380/1875] loss=0.1491 avg_loss=0.2027
[2026-06-03 07:50:51] Epoch 04 train batch [1400/1875] loss=0.0778 avg_loss=0.2034
[2026-06-03 07:50:52] Epoch 04 train batch [1420/1875] loss=0.2564 avg_loss=0.2033
[2026-06-03 07:50:54] Epoch 04 train batch [1440/1875] loss=0.1215 avg_loss=0.2036
[2026-06-03 07:50:56] Epoch 04 train batch [1460/1875] loss=0.3280 avg_loss=0.2035
[2026-06-03 07:50:58] Epoch 04 train batch [1480/1875] loss=0.1155 avg_loss=0.2042
[2026-06-03 07:50:59] Epoch 04 train batch [1500/1875] loss=0.3804 avg_loss=0.2038
[2026-06-03 07:51:01] Epoch 04 train batch [1520/1875] loss=0.0343 avg_loss=0.2038
[2026-06-03 07:51:03] Epoch 04 train batch [1540/1875] loss=0.2678 avg_loss=0.2038
[2026-06-03 07:51:05] Epoch 04 train batch [1560/1875] loss=0.1272 avg_loss=0.2033
[2026-06-03 07:51:06] Epoch 04 train batch [1580/1875] loss=0.0564 avg_loss=0.2036
[2026-06-03 07:51:08] Epoch 04 train batch [1600/1875] loss=0.3126 avg_loss=0.2035
[2026-06-03 07:51:10] Epoch 04 train batch [1620/1875] loss=0.4276 avg_loss=0.2039
[2026-06-03 07:51:12] Epoch 04 train batch [1640/1875] loss=0.1926 avg_loss=0.2037
[2026-06-03 07:51:13] Epoch 04 train batch [1660/1875] loss=0.0792 avg_loss=0.2035
[2026-06-03 07:51:15] Epoch 04 train batch [1680/1875] loss=0.2292 avg_loss=0.2030
[2026-06-03 07:51:17] Epoch 04 train batch [1700/1875] loss=0.0447 avg_loss=0.2028
[2026-06-03 07:51:19] Epoch 04 train batch [1720/1875] loss=0.0746 avg_loss=0.2029
[2026-06-03 07:51:21] Epoch 04 train batch [1740/1875] loss=0.1458 avg_loss=0.2034
[2026-06-03 07:51:22] Epoch 04 train batch [1760/1875] loss=0.1323 avg_loss=0.2043
[2026-06-03 07:51:24] Epoch 04 train batch [1780/1875] loss=0.2528 avg_loss=0.2040
[2026-06-03 07:51:26] Epoch 04 train batch [1800/1875] loss=0.0393 avg_loss=0.2038
[2026-06-03 07:51:28] Epoch 04 train batch [1820/1875] loss=0.2296 avg_loss=0.2037
[2026-06-03 07:51:29] Epoch 04 train batch [1840/1875] loss=0.2911 avg_loss=0.2036
[2026-06-03 07:51:31] Epoch 04 train batch [1860/1875] loss=0.0660 avg_loss=0.2034
[2026-06-03 07:51:32] Epoch 04 train batch [1875/1875] loss=0.3768 avg_loss=0.2032
[2026-06-03 07:51:32] Epoch 04 training completed. Computing validation loss.
[2026-06-03 07:51:50] Epoch 04 validation loss completed: 0.1953. Computing detection metrics.
[2026-06-03 07:52:07] Epoch 04 metrics computed. Saving artifacts.
[2026-06-03 07:52:08] Epoch 04 improved mAP@0.5 to 0.6624. Saved best checkpoint: best_model-20260603-073843.pth.
Epoch [04/30]
├── Train Loss : 0.2032
│   ├── loss_classifier  : 0.0705
│   ├── loss_box_reg     : 0.1136
│   ├── loss_objectness  : 0.0120
│   └── loss_rpn_box_reg : 0.0071
├── Val Loss   : 0.1953
├── mAP@0.5    : 0.6624
├── mAP@0.75   : 0.2655
├── mAP@0.5:0.95 : 0.3176
├── Precision  : 0.4229
├── Recall     : 0.7937
├── GT Boxes   : 2021
├── Predictions: 3793
├── Per-class AP
│   ├── person  : AP50=0.7770, AP75=0.2867, AP50:95=0.3697, P=0.4293, R=0.8678
│   ├── car     : AP50=0.6184, AP75=0.2858, AP50:95=0.3085, P=0.3163, R=0.7208
│   ├── dog     : AP50=0.7709, AP75=0.3782, AP50:95=0.3852, P=0.5163, R=0.8447
│   ├── cat     : AP50=0.7660, AP75=0.2675, AP50:95=0.3659, P=0.6016, R=0.8409
│   └── chair   : AP50=0.3795, AP75=0.1093, AP50:95=0.1586, P=0.3706, R=0.5177
├── LR         : 0.001000
└── Time       : 198.6s
[2026-06-03 07:52:08] Epoch [04/30] completed.
[2026-06-03 07:52:08] Epoch [05/30] started.
[2026-06-03 07:52:10] Epoch 05 train batch [20/1875] loss=0.2667 avg_loss=0.1861
[2026-06-03 07:52:12] Epoch 05 train batch [40/1875] loss=0.1019 avg_loss=0.1655
[2026-06-03 07:52:14] Epoch 05 train batch [60/1875] loss=0.3883 avg_loss=0.1728
[2026-06-03 07:52:15] Epoch 05 train batch [80/1875] loss=0.1437 avg_loss=0.1769
[2026-06-03 07:52:17] Epoch 05 train batch [100/1875] loss=0.0895 avg_loss=0.1769
[2026-06-03 07:52:19] Epoch 05 train batch [120/1875] loss=0.1844 avg_loss=0.1806
[2026-06-03 07:52:20] Epoch 05 train batch [140/1875] loss=0.2127 avg_loss=0.1809
[2026-06-03 07:52:22] Epoch 05 train batch [160/1875] loss=0.0908 avg_loss=0.1756
[2026-06-03 07:52:24] Epoch 05 train batch [180/1875] loss=0.1863 avg_loss=0.1808
[2026-06-03 07:52:26] Epoch 05 train batch [200/1875] loss=0.0929 avg_loss=0.1790
[2026-06-03 07:52:27] Epoch 05 train batch [220/1875] loss=0.2327 avg_loss=0.1817
[2026-06-03 07:52:29] Epoch 05 train batch [240/1875] loss=0.3249 avg_loss=0.1806
[2026-06-03 07:52:31] Epoch 05 train batch [260/1875] loss=0.2753 avg_loss=0.1849
[2026-06-03 07:52:33] Epoch 05 train batch [280/1875] loss=0.0432 avg_loss=0.1857
[2026-06-03 07:52:34] Epoch 05 train batch [300/1875] loss=0.2390 avg_loss=0.1857
[2026-06-03 07:52:36] Epoch 05 train batch [320/1875] loss=0.1357 avg_loss=0.1831
[2026-06-03 07:52:38] Epoch 05 train batch [340/1875] loss=0.2575 avg_loss=0.1837
[2026-06-03 07:52:40] Epoch 05 train batch [360/1875] loss=0.4988 avg_loss=0.1852
[2026-06-03 07:52:42] Epoch 05 train batch [380/1875] loss=0.2834 avg_loss=0.1882
[2026-06-03 07:52:43] Epoch 05 train batch [400/1875] loss=0.2640 avg_loss=0.1889
[2026-06-03 07:52:45] Epoch 05 train batch [420/1875] loss=0.4008 avg_loss=0.1879
[2026-06-03 07:52:47] Epoch 05 train batch [440/1875] loss=0.1703 avg_loss=0.1881
[2026-06-03 07:52:49] Epoch 05 train batch [460/1875] loss=0.0252 avg_loss=0.1887
[2026-06-03 07:52:50] Epoch 05 train batch [480/1875] loss=0.0712 avg_loss=0.1889
[2026-06-03 07:52:52] Epoch 05 train batch [500/1875] loss=0.1560 avg_loss=0.1899
[2026-06-03 07:52:54] Epoch 05 train batch [520/1875] loss=0.3229 avg_loss=0.1893
[2026-06-03 07:52:56] Epoch 05 train batch [540/1875] loss=0.0058 avg_loss=0.1895
[2026-06-03 07:52:57] Epoch 05 train batch [560/1875] loss=0.0918 avg_loss=0.1904
[2026-06-03 07:52:59] Epoch 05 train batch [580/1875] loss=0.0852 avg_loss=0.1903
[2026-06-03 07:53:01] Epoch 05 train batch [600/1875] loss=0.2124 avg_loss=0.1919
[2026-06-03 07:53:03] Epoch 05 train batch [620/1875] loss=0.3504 avg_loss=0.1941
[2026-06-03 07:53:04] Epoch 05 train batch [640/1875] loss=0.3680 avg_loss=0.1952
[2026-06-03 07:53:06] Epoch 05 train batch [660/1875] loss=0.0939 avg_loss=0.1964
[2026-06-03 07:53:08] Epoch 05 train batch [680/1875] loss=0.1094 avg_loss=0.1957
[2026-06-03 07:53:10] Epoch 05 train batch [700/1875] loss=0.1871 avg_loss=0.1961
[2026-06-03 07:53:11] Epoch 05 train batch [720/1875] loss=0.3109 avg_loss=0.1958
[2026-06-03 07:53:13] Epoch 05 train batch [740/1875] loss=0.5542 avg_loss=0.1954
[2026-06-03 07:53:15] Epoch 05 train batch [760/1875] loss=0.0899 avg_loss=0.1959
[2026-06-03 07:53:17] Epoch 05 train batch [780/1875] loss=0.1497 avg_loss=0.1951
[2026-06-03 07:53:19] Epoch 05 train batch [800/1875] loss=0.2840 avg_loss=0.1943
[2026-06-03 07:53:20] Epoch 05 train batch [820/1875] loss=0.1990 avg_loss=0.1956
[2026-06-03 07:53:22] Epoch 05 train batch [840/1875] loss=0.2632 avg_loss=0.1960
[2026-06-03 07:53:24] Epoch 05 train batch [860/1875] loss=0.0601 avg_loss=0.1960
[2026-06-03 07:53:25] Epoch 05 train batch [880/1875] loss=0.1056 avg_loss=0.1974
[2026-06-03 07:53:27] Epoch 05 train batch [900/1875] loss=0.1722 avg_loss=0.1978
[2026-06-03 07:53:29] Epoch 05 train batch [920/1875] loss=0.2060 avg_loss=0.1967
[2026-06-03 07:53:31] Epoch 05 train batch [940/1875] loss=0.3925 avg_loss=0.1977
[2026-06-03 07:53:32] Epoch 05 train batch [960/1875] loss=0.1160 avg_loss=0.1978
[2026-06-03 07:53:34] Epoch 05 train batch [980/1875] loss=0.3692 avg_loss=0.1978
[2026-06-03 07:53:36] Epoch 05 train batch [1000/1875] loss=0.4076 avg_loss=0.1979
[2026-06-03 07:53:38] Epoch 05 train batch [1020/1875] loss=0.2281 avg_loss=0.1978
[2026-06-03 07:53:39] Epoch 05 train batch [1040/1875] loss=0.2450 avg_loss=0.1977
[2026-06-03 07:53:41] Epoch 05 train batch [1060/1875] loss=0.2631 avg_loss=0.1980
[2026-06-03 07:53:43] Epoch 05 train batch [1080/1875] loss=0.1645 avg_loss=0.1982
[2026-06-03 07:53:45] Epoch 05 train batch [1100/1875] loss=0.1481 avg_loss=0.1984
[2026-06-03 07:53:46] Epoch 05 train batch [1120/1875] loss=0.3445 avg_loss=0.1984
[2026-06-03 07:53:48] Epoch 05 train batch [1140/1875] loss=0.0209 avg_loss=0.1974
[2026-06-03 07:53:50] Epoch 05 train batch [1160/1875] loss=0.1734 avg_loss=0.1978
[2026-06-03 07:53:52] Epoch 05 train batch [1180/1875] loss=0.0830 avg_loss=0.1980
[2026-06-03 07:53:53] Epoch 05 train batch [1200/1875] loss=0.1549 avg_loss=0.1973
[2026-06-03 07:53:55] Epoch 05 train batch [1220/1875] loss=0.0666 avg_loss=0.1975
[2026-06-03 07:53:57] Epoch 05 train batch [1240/1875] loss=0.0054 avg_loss=0.1984
[2026-06-03 07:53:59] Epoch 05 train batch [1260/1875] loss=0.1399 avg_loss=0.1985
[2026-06-03 07:54:01] Epoch 05 train batch [1280/1875] loss=0.2103 avg_loss=0.1987
[2026-06-03 07:54:02] Epoch 05 train batch [1300/1875] loss=0.0917 avg_loss=0.1980
[2026-06-03 07:54:04] Epoch 05 train batch [1320/1875] loss=0.1025 avg_loss=0.1980
[2026-06-03 07:54:06] Epoch 05 train batch [1340/1875] loss=0.2813 avg_loss=0.1978
[2026-06-03 07:54:07] Epoch 05 train batch [1360/1875] loss=0.1304 avg_loss=0.1973
[2026-06-03 07:54:09] Epoch 05 train batch [1380/1875] loss=0.3349 avg_loss=0.1970
[2026-06-03 07:54:11] Epoch 05 train batch [1400/1875] loss=0.1511 avg_loss=0.1972
[2026-06-03 07:54:13] Epoch 05 train batch [1420/1875] loss=0.2804 avg_loss=0.1977
[2026-06-03 07:54:14] Epoch 05 train batch [1440/1875] loss=0.3690 avg_loss=0.1979
[2026-06-03 07:54:16] Epoch 05 train batch [1460/1875] loss=0.2957 avg_loss=0.1983
[2026-06-03 07:54:18] Epoch 05 train batch [1480/1875] loss=0.5819 avg_loss=0.1989
[2026-06-03 07:54:20] Epoch 05 train batch [1500/1875] loss=0.1512 avg_loss=0.1996
[2026-06-03 07:54:22] Epoch 05 train batch [1520/1875] loss=0.1266 avg_loss=0.2000
[2026-06-03 07:54:23] Epoch 05 train batch [1540/1875] loss=0.3665 avg_loss=0.2004
[2026-06-03 07:54:25] Epoch 05 train batch [1560/1875] loss=0.0735 avg_loss=0.2002
[2026-06-03 07:54:27] Epoch 05 train batch [1580/1875] loss=0.2991 avg_loss=0.2001
[2026-06-03 07:54:29] Epoch 05 train batch [1600/1875] loss=0.1044 avg_loss=0.1998
[2026-06-03 07:54:30] Epoch 05 train batch [1620/1875] loss=0.1008 avg_loss=0.1997
[2026-06-03 07:54:32] Epoch 05 train batch [1640/1875] loss=0.1068 avg_loss=0.1998
[2026-06-03 07:54:34] Epoch 05 train batch [1660/1875] loss=0.2174 avg_loss=0.1995
[2026-06-03 07:54:35] Epoch 05 train batch [1680/1875] loss=0.2846 avg_loss=0.1995
[2026-06-03 07:54:37] Epoch 05 train batch [1700/1875] loss=0.1032 avg_loss=0.1990
[2026-06-03 07:54:39] Epoch 05 train batch [1720/1875] loss=0.3232 avg_loss=0.1993
[2026-06-03 07:54:41] Epoch 05 train batch [1740/1875] loss=0.3270 avg_loss=0.1991
[2026-06-03 07:54:42] Epoch 05 train batch [1760/1875] loss=0.2057 avg_loss=0.1987
[2026-06-03 07:54:44] Epoch 05 train batch [1780/1875] loss=0.0739 avg_loss=0.1989
[2026-06-03 07:54:46] Epoch 05 train batch [1800/1875] loss=0.0707 avg_loss=0.1984
[2026-06-03 07:54:48] Epoch 05 train batch [1820/1875] loss=0.5098 avg_loss=0.1989
[2026-06-03 07:54:49] Epoch 05 train batch [1840/1875] loss=0.1615 avg_loss=0.1986
[2026-06-03 07:54:51] Epoch 05 train batch [1860/1875] loss=0.4421 avg_loss=0.1986
[2026-06-03 07:54:53] Epoch 05 train batch [1875/1875] loss=0.1737 avg_loss=0.1984
[2026-06-03 07:54:53] Epoch 05 training completed. Computing validation loss.
[2026-06-03 07:55:10] Epoch 05 validation loss completed: 0.1939. Computing detection metrics.
[2026-06-03 07:55:27] Epoch 05 metrics computed. Saving artifacts.
[2026-06-03 07:55:28] Epoch 05 improved mAP@0.5 to 0.6870. Saved best checkpoint: best_model-20260603-073843.pth.
Epoch [05/30]
├── Train Loss : 0.1984
│   ├── loss_classifier  : 0.0684
│   ├── loss_box_reg     : 0.1125
│   ├── loss_objectness  : 0.0108
│   └── loss_rpn_box_reg : 0.0067
├── Val Loss   : 0.1939
├── mAP@0.5    : 0.6870
├── mAP@0.75   : 0.2719
├── mAP@0.5:0.95 : 0.3345
├── Precision  : 0.4256
├── Recall     : 0.8120
├── GT Boxes   : 2021
├── Predictions: 3856
├── Per-class AP
│   ├── person  : AP50=0.7999, AP75=0.3240, AP50:95=0.3900, P=0.4549, R=0.8724
│   ├── car     : AP50=0.6651, AP75=0.2877, AP50:95=0.3248, P=0.3197, R=0.8021
│   ├── dog     : AP50=0.7664, AP75=0.2671, AP50:95=0.3644, P=0.3849, R=0.8689
│   ├── cat     : AP50=0.8165, AP75=0.4146, AP50:95=0.4357, P=0.6261, R=0.8466
│   └── chair   : AP50=0.3872, AP75=0.0662, AP50:95=0.1575, P=0.3890, R=0.5284
├── LR         : 0.001000
└── Time       : 198.8s
[2026-06-03 07:55:28] Epoch [05/30] completed.
[2026-06-03 07:55:28] Epoch [06/30] started.
[2026-06-03 07:55:30] Epoch 06 train batch [20/1875] loss=0.0638 avg_loss=0.1732
[2026-06-03 07:55:32] Epoch 06 train batch [40/1875] loss=0.1148 avg_loss=0.1895
[2026-06-03 07:55:34] Epoch 06 train batch [60/1875] loss=0.0330 avg_loss=0.1742
[2026-06-03 07:55:35] Epoch 06 train batch [80/1875] loss=0.0852 avg_loss=0.1752
[2026-06-03 07:55:37] Epoch 06 train batch [100/1875] loss=0.1559 avg_loss=0.1779
[2026-06-03 07:55:39] Epoch 06 train batch [120/1875] loss=0.2250 avg_loss=0.1816
[2026-06-03 07:55:41] Epoch 06 train batch [140/1875] loss=0.2607 avg_loss=0.1809
[2026-06-03 07:55:42] Epoch 06 train batch [160/1875] loss=0.0779 avg_loss=0.1888
[2026-06-03 07:55:44] Epoch 06 train batch [180/1875] loss=0.0888 avg_loss=0.1907
[2026-06-03 07:55:46] Epoch 06 train batch [200/1875] loss=0.1226 avg_loss=0.1918
[2026-06-03 07:55:48] Epoch 06 train batch [220/1875] loss=0.1090 avg_loss=0.1898
[2026-06-03 07:55:49] Epoch 06 train batch [240/1875] loss=0.1145 avg_loss=0.1885
[2026-06-03 07:55:51] Epoch 06 train batch [260/1875] loss=0.0720 avg_loss=0.1867
[2026-06-03 07:55:53] Epoch 06 train batch [280/1875] loss=0.0517 avg_loss=0.1878
[2026-06-03 07:55:55] Epoch 06 train batch [300/1875] loss=0.0430 avg_loss=0.1879
[2026-06-03 07:55:57] Epoch 06 train batch [320/1875] loss=0.2888 avg_loss=0.1876
[2026-06-03 07:55:58] Epoch 06 train batch [340/1875] loss=0.2664 avg_loss=0.1863
[2026-06-03 07:56:00] Epoch 06 train batch [360/1875] loss=0.2345 avg_loss=0.1850
[2026-06-03 07:56:02] Epoch 06 train batch [380/1875] loss=0.1746 avg_loss=0.1873
[2026-06-03 07:56:04] Epoch 06 train batch [400/1875] loss=0.1348 avg_loss=0.1871
[2026-06-03 07:56:05] Epoch 06 train batch [420/1875] loss=0.4245 avg_loss=0.1896
[2026-06-03 07:56:07] Epoch 06 train batch [440/1875] loss=0.1687 avg_loss=0.1897
[2026-06-03 07:56:09] Epoch 06 train batch [460/1875] loss=0.1493 avg_loss=0.1886
[2026-06-03 07:56:11] Epoch 06 train batch [480/1875] loss=0.0530 avg_loss=0.1885
[2026-06-03 07:56:12] Epoch 06 train batch [500/1875] loss=0.0239 avg_loss=0.1886
[2026-06-03 07:56:14] Epoch 06 train batch [520/1875] loss=0.2278 avg_loss=0.1882
[2026-06-03 07:56:16] Epoch 06 train batch [540/1875] loss=0.0922 avg_loss=0.1861
[2026-06-03 07:56:18] Epoch 06 train batch [560/1875] loss=0.3434 avg_loss=0.1861
[2026-06-03 07:56:19] Epoch 06 train batch [580/1875] loss=0.0331 avg_loss=0.1847
[2026-06-03 07:56:21] Epoch 06 train batch [600/1875] loss=0.0920 avg_loss=0.1843
[2026-06-03 07:56:23] Epoch 06 train batch [620/1875] loss=0.0084 avg_loss=0.1838
[2026-06-03 07:56:25] Epoch 06 train batch [640/1875] loss=0.1465 avg_loss=0.1831
[2026-06-03 07:56:26] Epoch 06 train batch [660/1875] loss=0.2182 avg_loss=0.1849
[2026-06-03 07:56:28] Epoch 06 train batch [680/1875] loss=0.1902 avg_loss=0.1858
[2026-06-03 07:56:30] Epoch 06 train batch [700/1875] loss=0.1660 avg_loss=0.1863
[2026-06-03 07:56:31] Epoch 06 train batch [720/1875] loss=0.0714 avg_loss=0.1864
[2026-06-03 07:56:33] Epoch 06 train batch [740/1875] loss=0.0787 avg_loss=0.1871
[2026-06-03 07:56:35] Epoch 06 train batch [760/1875] loss=0.0619 avg_loss=0.1877
[2026-06-03 07:56:37] Epoch 06 train batch [780/1875] loss=0.3109 avg_loss=0.1883
[2026-06-03 07:56:38] Epoch 06 train batch [800/1875] loss=0.1618 avg_loss=0.1883
[2026-06-03 07:56:40] Epoch 06 train batch [820/1875] loss=0.2673 avg_loss=0.1881
[2026-06-03 07:56:42] Epoch 06 train batch [840/1875] loss=0.1253 avg_loss=0.1875
[2026-06-03 07:56:44] Epoch 06 train batch [860/1875] loss=0.1549 avg_loss=0.1865
[2026-06-03 07:56:46] Epoch 06 train batch [880/1875] loss=0.3449 avg_loss=0.1865
[2026-06-03 07:56:47] Epoch 06 train batch [900/1875] loss=0.1826 avg_loss=0.1869
[2026-06-03 07:56:49] Epoch 06 train batch [920/1875] loss=0.0728 avg_loss=0.1877
[2026-06-03 07:56:51] Epoch 06 train batch [940/1875] loss=0.1511 avg_loss=0.1879
[2026-06-03 07:56:53] Epoch 06 train batch [960/1875] loss=0.1672 avg_loss=0.1883
[2026-06-03 07:56:54] Epoch 06 train batch [980/1875] loss=0.1563 avg_loss=0.1884
[2026-06-03 07:56:56] Epoch 06 train batch [1000/1875] loss=0.1737 avg_loss=0.1883
[2026-06-03 07:56:58] Epoch 06 train batch [1020/1875] loss=0.3420 avg_loss=0.1882
[2026-06-03 07:57:00] Epoch 06 train batch [1040/1875] loss=0.1519 avg_loss=0.1892
[2026-06-03 07:57:01] Epoch 06 train batch [1060/1875] loss=0.1327 avg_loss=0.1895
[2026-06-03 07:57:03] Epoch 06 train batch [1080/1875] loss=0.1702 avg_loss=0.1901
[2026-06-03 07:57:05] Epoch 06 train batch [1100/1875] loss=0.1492 avg_loss=0.1897
[2026-06-03 07:57:07] Epoch 06 train batch [1120/1875] loss=0.0151 avg_loss=0.1889
[2026-06-03 07:57:08] Epoch 06 train batch [1140/1875] loss=0.0723 avg_loss=0.1892
[2026-06-03 07:57:10] Epoch 06 train batch [1160/1875] loss=0.0360 avg_loss=0.1884
[2026-06-03 07:57:12] Epoch 06 train batch [1180/1875] loss=0.0678 avg_loss=0.1889
[2026-06-03 07:57:13] Epoch 06 train batch [1200/1875] loss=0.1369 avg_loss=0.1886
[2026-06-03 07:57:15] Epoch 06 train batch [1220/1875] loss=0.0112 avg_loss=0.1889
[2026-06-03 07:57:17] Epoch 06 train batch [1240/1875] loss=0.1374 avg_loss=0.1892
[2026-06-03 07:57:18] Epoch 06 train batch [1260/1875] loss=0.1014 avg_loss=0.1897
[2026-06-03 07:57:20] Epoch 06 train batch [1280/1875] loss=0.0666 avg_loss=0.1899
[2026-06-03 07:57:22] Epoch 06 train batch [1300/1875] loss=0.0370 avg_loss=0.1901
[2026-06-03 07:57:24] Epoch 06 train batch [1320/1875] loss=0.0769 avg_loss=0.1905
[2026-06-03 07:57:26] Epoch 06 train batch [1340/1875] loss=0.1833 avg_loss=0.1913
[2026-06-03 07:57:27] Epoch 06 train batch [1360/1875] loss=0.2594 avg_loss=0.1912
[2026-06-03 07:57:29] Epoch 06 train batch [1380/1875] loss=0.2842 avg_loss=0.1915
[2026-06-03 07:57:31] Epoch 06 train batch [1400/1875] loss=0.2706 avg_loss=0.1919
[2026-06-03 07:57:33] Epoch 06 train batch [1420/1875] loss=0.2893 avg_loss=0.1914
[2026-06-03 07:57:34] Epoch 06 train batch [1440/1875] loss=0.0436 avg_loss=0.1912
[2026-06-03 07:57:36] Epoch 06 train batch [1460/1875] loss=0.1826 avg_loss=0.1912
[2026-06-03 07:57:38] Epoch 06 train batch [1480/1875] loss=0.0714 avg_loss=0.1912
[2026-06-03 07:57:39] Epoch 06 train batch [1500/1875] loss=0.4112 avg_loss=0.1915
[2026-06-03 07:57:41] Epoch 06 train batch [1520/1875] loss=0.5035 avg_loss=0.1921
[2026-06-03 07:57:43] Epoch 06 train batch [1540/1875] loss=0.0965 avg_loss=0.1921
[2026-06-03 07:57:45] Epoch 06 train batch [1560/1875] loss=0.1214 avg_loss=0.1919
[2026-06-03 07:57:47] Epoch 06 train batch [1580/1875] loss=0.0787 avg_loss=0.1917
[2026-06-03 07:57:48] Epoch 06 train batch [1600/1875] loss=0.2107 avg_loss=0.1915
[2026-06-03 07:57:50] Epoch 06 train batch [1620/1875] loss=0.3469 avg_loss=0.1911
[2026-06-03 07:57:52] Epoch 06 train batch [1640/1875] loss=0.0663 avg_loss=0.1903
[2026-06-03 07:57:54] Epoch 06 train batch [1660/1875] loss=0.0987 avg_loss=0.1897
[2026-06-03 07:57:55] Epoch 06 train batch [1680/1875] loss=0.2990 avg_loss=0.1895
[2026-06-03 07:57:57] Epoch 06 train batch [1700/1875] loss=0.3420 avg_loss=0.1896
[2026-06-03 07:57:59] Epoch 06 train batch [1720/1875] loss=0.2141 avg_loss=0.1898
[2026-06-03 07:58:01] Epoch 06 train batch [1740/1875] loss=0.0766 avg_loss=0.1901
[2026-06-03 07:58:02] Epoch 06 train batch [1760/1875] loss=0.1339 avg_loss=0.1901
[2026-06-03 07:58:04] Epoch 06 train batch [1780/1875] loss=0.0768 avg_loss=0.1899
[2026-06-03 07:58:06] Epoch 06 train batch [1800/1875] loss=0.4157 avg_loss=0.1900
[2026-06-03 07:58:08] Epoch 06 train batch [1820/1875] loss=0.1920 avg_loss=0.1897
[2026-06-03 07:58:09] Epoch 06 train batch [1840/1875] loss=0.5110 avg_loss=0.1898
[2026-06-03 07:58:11] Epoch 06 train batch [1860/1875] loss=0.2536 avg_loss=0.1904
[2026-06-03 07:58:12] Epoch 06 train batch [1875/1875] loss=0.0598 avg_loss=0.1905
[2026-06-03 07:58:12] Epoch 06 training completed. Computing validation loss.
[2026-06-03 07:58:30] Epoch 06 validation loss completed: 0.1919. Computing detection metrics.
[2026-06-03 07:58:47] Epoch 06 metrics computed. Saving artifacts.
[2026-06-03 07:58:48] Epoch 06 improved mAP@0.5 to 0.7129. Saved best checkpoint: best_model-20260603-073843.pth.
Epoch [06/30]
├── Train Loss : 0.1905
│   ├── loss_classifier  : 0.0653
│   ├── loss_box_reg     : 0.1094
│   ├── loss_objectness  : 0.0095
│   └── loss_rpn_box_reg : 0.0063
├── Val Loss   : 0.1919
├── mAP@0.5    : 0.7129
├── mAP@0.75   : 0.3301
├── mAP@0.5:0.95 : 0.3680
├── Precision  : 0.4540
├── Recall     : 0.8234
├── GT Boxes   : 2021
├── Predictions: 3665
├── Per-class AP
│   ├── person  : AP50=0.8149, AP75=0.3522, AP50:95=0.4118, P=0.4727, R=0.8780
│   ├── car     : AP50=0.6389, AP75=0.3744, AP50:95=0.3528, P=0.4124, R=0.7314
│   ├── dog     : AP50=0.8000, AP75=0.3994, AP50:95=0.4323, P=0.5343, R=0.8689
│   ├── cat     : AP50=0.8381, AP75=0.3956, AP50:95=0.4446, P=0.5969, R=0.8750
│   └── chair   : AP50=0.4728, AP75=0.1288, AP50:95=0.1983, P=0.3148, R=0.6418
├── LR         : 0.001000
└── Time       : 198.4s
[2026-06-03 07:58:48] Epoch [06/30] completed.
[2026-06-03 07:58:48] Epoch [07/30] started.
[2026-06-03 07:58:50] Epoch 07 train batch [20/1875] loss=0.0575 avg_loss=0.1651
[2026-06-03 07:58:51] Epoch 07 train batch [40/1875] loss=0.0643 avg_loss=0.1571
[2026-06-03 07:58:53] Epoch 07 train batch [60/1875] loss=0.3455 avg_loss=0.1687
[2026-06-03 07:58:55] Epoch 07 train batch [80/1875] loss=0.3766 avg_loss=0.1735
[2026-06-03 07:58:57] Epoch 07 train batch [100/1875] loss=0.0364 avg_loss=0.1675
[2026-06-03 07:58:58] Epoch 07 train batch [120/1875] loss=0.1184 avg_loss=0.1663
[2026-06-03 07:59:00] Epoch 07 train batch [140/1875] loss=0.1477 avg_loss=0.1682
[2026-06-03 07:59:02] Epoch 07 train batch [160/1875] loss=0.1538 avg_loss=0.1697
[2026-06-03 07:59:04] Epoch 07 train batch [180/1875] loss=0.0451 avg_loss=0.1764
[2026-06-03 07:59:05] Epoch 07 train batch [200/1875] loss=0.1577 avg_loss=0.1801
[2026-06-03 07:59:07] Epoch 07 train batch [220/1875] loss=0.3263 avg_loss=0.1817
[2026-06-03 07:59:09] Epoch 07 train batch [240/1875] loss=0.1716 avg_loss=0.1802
[2026-06-03 07:59:10] Epoch 07 train batch [260/1875] loss=0.3581 avg_loss=0.1797
[2026-06-03 07:59:12] Epoch 07 train batch [280/1875] loss=0.0033 avg_loss=0.1778
[2026-06-03 07:59:14] Epoch 07 train batch [300/1875] loss=0.2036 avg_loss=0.1813
[2026-06-03 07:59:16] Epoch 07 train batch [320/1875] loss=0.4561 avg_loss=0.1841
[2026-06-03 07:59:18] Epoch 07 train batch [340/1875] loss=0.3474 avg_loss=0.1843
[2026-06-03 07:59:19] Epoch 07 train batch [360/1875] loss=0.1562 avg_loss=0.1849
[2026-06-03 07:59:21] Epoch 07 train batch [380/1875] loss=0.1567 avg_loss=0.1847
[2026-06-03 07:59:23] Epoch 07 train batch [400/1875] loss=0.0912 avg_loss=0.1818
[2026-06-03 07:59:24] Epoch 07 train batch [420/1875] loss=0.1910 avg_loss=0.1794
[2026-06-03 07:59:26] Epoch 07 train batch [440/1875] loss=0.2650 avg_loss=0.1802
[2026-06-03 07:59:28] Epoch 07 train batch [460/1875] loss=0.2862 avg_loss=0.1801
[2026-06-03 07:59:30] Epoch 07 train batch [480/1875] loss=0.0493 avg_loss=0.1793
[2026-06-03 07:59:32] Epoch 07 train batch [500/1875] loss=0.2977 avg_loss=0.1797
[2026-06-03 07:59:33] Epoch 07 train batch [520/1875] loss=0.2236 avg_loss=0.1787
[2026-06-03 07:59:35] Epoch 07 train batch [540/1875] loss=0.0761 avg_loss=0.1781
[2026-06-03 07:59:37] Epoch 07 train batch [560/1875] loss=0.5095 avg_loss=0.1773
[2026-06-03 07:59:38] Epoch 07 train batch [580/1875] loss=0.0503 avg_loss=0.1761
[2026-06-03 07:59:40] Epoch 07 train batch [600/1875] loss=0.4996 avg_loss=0.1761
[2026-06-03 07:59:42] Epoch 07 train batch [620/1875] loss=0.1257 avg_loss=0.1757
[2026-06-03 07:59:44] Epoch 07 train batch [640/1875] loss=0.1745 avg_loss=0.1763
[2026-06-03 07:59:46] Epoch 07 train batch [660/1875] loss=0.3696 avg_loss=0.1756
[2026-06-03 07:59:47] Epoch 07 train batch [680/1875] loss=0.2374 avg_loss=0.1758
[2026-06-03 07:59:49] Epoch 07 train batch [700/1875] loss=0.3240 avg_loss=0.1769
[2026-06-03 07:59:51] Epoch 07 train batch [720/1875] loss=0.3096 avg_loss=0.1780
[2026-06-03 07:59:53] Epoch 07 train batch [740/1875] loss=0.2119 avg_loss=0.1776
[2026-06-03 07:59:54] Epoch 07 train batch [760/1875] loss=0.4831 avg_loss=0.1774
[2026-06-03 07:59:56] Epoch 07 train batch [780/1875] loss=0.2402 avg_loss=0.1768
[2026-06-03 07:59:58] Epoch 07 train batch [800/1875] loss=0.2256 avg_loss=0.1767
[2026-06-03 07:59:59] Epoch 07 train batch [820/1875] loss=0.0992 avg_loss=0.1774
[2026-06-03 08:00:01] Epoch 07 train batch [840/1875] loss=0.1552 avg_loss=0.1771
[2026-06-03 08:00:03] Epoch 07 train batch [860/1875] loss=0.1010 avg_loss=0.1759
[2026-06-03 08:00:05] Epoch 07 train batch [880/1875] loss=0.2477 avg_loss=0.1763
[2026-06-03 08:00:07] Epoch 07 train batch [900/1875] loss=0.2462 avg_loss=0.1776
[2026-06-03 08:00:08] Epoch 07 train batch [920/1875] loss=0.1757 avg_loss=0.1787
[2026-06-03 08:00:10] Epoch 07 train batch [940/1875] loss=0.4281 avg_loss=0.1796
[2026-06-03 08:00:12] Epoch 07 train batch [960/1875] loss=0.2453 avg_loss=0.1807
[2026-06-03 08:00:13] Epoch 07 train batch [980/1875] loss=0.2260 avg_loss=0.1811
[2026-06-03 08:00:15] Epoch 07 train batch [1000/1875] loss=0.1708 avg_loss=0.1818
[2026-06-03 08:00:17] Epoch 07 train batch [1020/1875] loss=0.0789 avg_loss=0.1814
[2026-06-03 08:00:19] Epoch 07 train batch [1040/1875] loss=0.1398 avg_loss=0.1808
[2026-06-03 08:00:20] Epoch 07 train batch [1060/1875] loss=0.2683 avg_loss=0.1818
[2026-06-03 08:00:22] Epoch 07 train batch [1080/1875] loss=0.0258 avg_loss=0.1815
[2026-06-03 08:00:24] Epoch 07 train batch [1100/1875] loss=0.0823 avg_loss=0.1813
[2026-06-03 08:00:26] Epoch 07 train batch [1120/1875] loss=0.1660 avg_loss=0.1807
[2026-06-03 08:00:27] Epoch 07 train batch [1140/1875] loss=0.2474 avg_loss=0.1812
[2026-06-03 08:00:29] Epoch 07 train batch [1160/1875] loss=0.0422 avg_loss=0.1804
[2026-06-03 08:00:31] Epoch 07 train batch [1180/1875] loss=0.3146 avg_loss=0.1804
[2026-06-03 08:00:33] Epoch 07 train batch [1200/1875] loss=0.5558 avg_loss=0.1806
[2026-06-03 08:00:34] Epoch 07 train batch [1220/1875] loss=0.1582 avg_loss=0.1803
[2026-06-03 08:00:36] Epoch 07 train batch [1240/1875] loss=0.1698 avg_loss=0.1803
[2026-06-03 08:00:38] Epoch 07 train batch [1260/1875] loss=0.4140 avg_loss=0.1807
[2026-06-03 08:00:40] Epoch 07 train batch [1280/1875] loss=0.0354 avg_loss=0.1804
[2026-06-03 08:00:41] Epoch 07 train batch [1300/1875] loss=0.2634 avg_loss=0.1800
[2026-06-03 08:00:43] Epoch 07 train batch [1320/1875] loss=0.2350 avg_loss=0.1805
[2026-06-03 08:00:45] Epoch 07 train batch [1340/1875] loss=0.1240 avg_loss=0.1802
[2026-06-03 08:00:47] Epoch 07 train batch [1360/1875] loss=0.1182 avg_loss=0.1801
[2026-06-03 08:00:48] Epoch 07 train batch [1380/1875] loss=0.4782 avg_loss=0.1804
[2026-06-03 08:00:50] Epoch 07 train batch [1400/1875] loss=0.2654 avg_loss=0.1808
[2026-06-03 08:00:52] Epoch 07 train batch [1420/1875] loss=0.1656 avg_loss=0.1817
[2026-06-03 08:00:54] Epoch 07 train batch [1440/1875] loss=0.0992 avg_loss=0.1819
[2026-06-03 08:00:55] Epoch 07 train batch [1460/1875] loss=0.1575 avg_loss=0.1817
[2026-06-03 08:00:57] Epoch 07 train batch [1480/1875] loss=0.1805 avg_loss=0.1823
[2026-06-03 08:00:59] Epoch 07 train batch [1500/1875] loss=0.2108 avg_loss=0.1821
[2026-06-03 08:01:01] Epoch 07 train batch [1520/1875] loss=0.1808 avg_loss=0.1821
[2026-06-03 08:01:02] Epoch 07 train batch [1540/1875] loss=0.0352 avg_loss=0.1821
[2026-06-03 08:01:04] Epoch 07 train batch [1560/1875] loss=0.2069 avg_loss=0.1826
[2026-06-03 08:01:06] Epoch 07 train batch [1580/1875] loss=0.3221 avg_loss=0.1833
[2026-06-03 08:01:08] Epoch 07 train batch [1600/1875] loss=0.0752 avg_loss=0.1830
[2026-06-03 08:01:09] Epoch 07 train batch [1620/1875] loss=0.0469 avg_loss=0.1829
[2026-06-03 08:01:11] Epoch 07 train batch [1640/1875] loss=0.3299 avg_loss=0.1833
[2026-06-03 08:01:13] Epoch 07 train batch [1660/1875] loss=0.1457 avg_loss=0.1833
[2026-06-03 08:01:15] Epoch 07 train batch [1680/1875] loss=0.3377 avg_loss=0.1835
[2026-06-03 08:01:16] Epoch 07 train batch [1700/1875] loss=0.3699 avg_loss=0.1836
[2026-06-03 08:01:18] Epoch 07 train batch [1720/1875] loss=0.4474 avg_loss=0.1841
[2026-06-03 08:01:20] Epoch 07 train batch [1740/1875] loss=0.0617 avg_loss=0.1838
[2026-06-03 08:01:22] Epoch 07 train batch [1760/1875] loss=0.0997 avg_loss=0.1841
[2026-06-03 08:01:23] Epoch 07 train batch [1780/1875] loss=0.3915 avg_loss=0.1843
[2026-06-03 08:01:25] Epoch 07 train batch [1800/1875] loss=0.1910 avg_loss=0.1838
[2026-06-03 08:01:27] Epoch 07 train batch [1820/1875] loss=0.2274 avg_loss=0.1837
[2026-06-03 08:01:29] Epoch 07 train batch [1840/1875] loss=0.3243 avg_loss=0.1831
[2026-06-03 08:01:31] Epoch 07 train batch [1860/1875] loss=0.1972 avg_loss=0.1835
[2026-06-03 08:01:32] Epoch 07 train batch [1875/1875] loss=0.5287 avg_loss=0.1837
[2026-06-03 08:01:32] Epoch 07 training completed. Computing validation loss.
[2026-06-03 08:01:49] Epoch 07 validation loss completed: 0.1917. Computing detection metrics.
[2026-06-03 08:02:06] Epoch 07 metrics computed. Saving artifacts.
[2026-06-03 08:02:07] Epoch 07 improved mAP@0.5 to 0.7191. Saved best checkpoint: best_model-20260603-073843.pth.
Epoch [07/30]
├── Train Loss : 0.1837
│   ├── loss_classifier  : 0.0624
│   ├── loss_box_reg     : 0.1064
│   ├── loss_objectness  : 0.0088
│   └── loss_rpn_box_reg : 0.0060
├── Val Loss   : 0.1917
├── mAP@0.5    : 0.7191
├── mAP@0.75   : 0.3440
├── mAP@0.5:0.95 : 0.3775
├── Precision  : 0.5070
├── Recall     : 0.8065
├── GT Boxes   : 2021
├── Predictions: 3215
├── Per-class AP
│   ├── person  : AP50=0.8067, AP75=0.3773, AP50:95=0.4221, P=0.5731, R=0.8575
│   ├── car     : AP50=0.6546, AP75=0.3600, AP50:95=0.3449, P=0.5286, R=0.7173
│   ├── dog     : AP50=0.8222, AP75=0.4755, AP50:95=0.4697, P=0.4735, R=0.8689
│   ├── cat     : AP50=0.8285, AP75=0.3886, AP50:95=0.4389, P=0.5630, R=0.8636
│   └── chair   : AP50=0.4836, AP75=0.1188, AP50:95=0.2118, P=0.3038, R=0.6206
├── LR         : 0.001000
└── Time       : 198.1s
[2026-06-03 08:02:07] Epoch [07/30] completed.
[2026-06-03 08:02:07] Epoch [08/30] started.
[2026-06-03 08:02:09] Epoch 08 train batch [20/1875] loss=0.1945 avg_loss=0.1676
[2026-06-03 08:02:11] Epoch 08 train batch [40/1875] loss=0.1179 avg_loss=0.1668
[2026-06-03 08:02:13] Epoch 08 train batch [60/1875] loss=0.0703 avg_loss=0.1630
[2026-06-03 08:02:14] Epoch 08 train batch [80/1875] loss=0.0945 avg_loss=0.1563
[2026-06-03 08:02:16] Epoch 08 train batch [100/1875] loss=0.2050 avg_loss=0.1660
[2026-06-03 08:02:18] Epoch 08 train batch [120/1875] loss=0.1761 avg_loss=0.1719
[2026-06-03 08:02:20] Epoch 08 train batch [140/1875] loss=0.1786 avg_loss=0.1788
[2026-06-03 08:02:21] Epoch 08 train batch [160/1875] loss=0.4066 avg_loss=0.1826
[2026-06-03 08:02:23] Epoch 08 train batch [180/1875] loss=0.1568 avg_loss=0.1912
[2026-06-03 08:02:25] Epoch 08 train batch [200/1875] loss=0.0392 avg_loss=0.1896
[2026-06-03 08:02:26] Epoch 08 train batch [220/1875] loss=0.1694 avg_loss=0.1878
[2026-06-03 08:02:28] Epoch 08 train batch [240/1875] loss=0.0755 avg_loss=0.1850
[2026-06-03 08:02:30] Epoch 08 train batch [260/1875] loss=0.1555 avg_loss=0.1827
[2026-06-03 08:02:32] Epoch 08 train batch [280/1875] loss=0.3354 avg_loss=0.1804
[2026-06-03 08:02:34] Epoch 08 train batch [300/1875] loss=0.2829 avg_loss=0.1820
[2026-06-03 08:02:35] Epoch 08 train batch [320/1875] loss=0.0375 avg_loss=0.1821
[2026-06-03 08:02:37] Epoch 08 train batch [340/1875] loss=0.0583 avg_loss=0.1812
[2026-06-03 08:02:39] Epoch 08 train batch [360/1875] loss=0.4403 avg_loss=0.1810
[2026-06-03 08:02:41] Epoch 08 train batch [380/1875] loss=0.0456 avg_loss=0.1835
[2026-06-03 08:02:42] Epoch 08 train batch [400/1875] loss=0.0308 avg_loss=0.1826
[2026-06-03 08:02:44] Epoch 08 train batch [420/1875] loss=0.3526 avg_loss=0.1852
[2026-06-03 08:02:46] Epoch 08 train batch [440/1875] loss=0.2354 avg_loss=0.1849
[2026-06-03 08:02:47] Epoch 08 train batch [460/1875] loss=0.2023 avg_loss=0.1840
[2026-06-03 08:02:49] Epoch 08 train batch [480/1875] loss=0.3112 avg_loss=0.1843
[2026-06-03 08:02:51] Epoch 08 train batch [500/1875] loss=0.0594 avg_loss=0.1842
[2026-06-03 08:02:53] Epoch 08 train batch [520/1875] loss=0.2188 avg_loss=0.1821
[2026-06-03 08:02:54] Epoch 08 train batch [540/1875] loss=0.0967 avg_loss=0.1806
[2026-06-03 08:02:56] Epoch 08 train batch [560/1875] loss=0.0468 avg_loss=0.1806
[2026-06-03 08:02:58] Epoch 08 train batch [580/1875] loss=0.2297 avg_loss=0.1805
[2026-06-03 08:02:59] Epoch 08 train batch [600/1875] loss=0.1073 avg_loss=0.1807
[2026-06-03 08:03:01] Epoch 08 train batch [620/1875] loss=0.2211 avg_loss=0.1814
[2026-06-03 08:03:03] Epoch 08 train batch [640/1875] loss=0.2609 avg_loss=0.1823
[2026-06-03 08:03:05] Epoch 08 train batch [660/1875] loss=0.1186 avg_loss=0.1818
[2026-06-03 08:03:06] Epoch 08 train batch [680/1875] loss=0.2109 avg_loss=0.1823
[2026-06-03 08:03:08] Epoch 08 train batch [700/1875] loss=0.5824 avg_loss=0.1838
[2026-06-03 08:03:10] Epoch 08 train batch [720/1875] loss=0.1845 avg_loss=0.1843
[2026-06-03 08:03:12] Epoch 08 train batch [740/1875] loss=0.1807 avg_loss=0.1841
[2026-06-03 08:03:13] Epoch 08 train batch [760/1875] loss=0.1721 avg_loss=0.1840
[2026-06-03 08:03:15] Epoch 08 train batch [780/1875] loss=0.1453 avg_loss=0.1833
[2026-06-03 08:03:17] Epoch 08 train batch [800/1875] loss=0.5873 avg_loss=0.1828
[2026-06-03 08:03:19] Epoch 08 train batch [820/1875] loss=0.0397 avg_loss=0.1821
[2026-06-03 08:03:20] Epoch 08 train batch [840/1875] loss=0.3347 avg_loss=0.1811
[2026-06-03 08:03:22] Epoch 08 train batch [860/1875] loss=0.0930 avg_loss=0.1804
[2026-06-03 08:03:24] Epoch 08 train batch [880/1875] loss=0.2001 avg_loss=0.1801
[2026-06-03 08:03:26] Epoch 08 train batch [900/1875] loss=0.1568 avg_loss=0.1802
[2026-06-03 08:03:27] Epoch 08 train batch [920/1875] loss=0.2221 avg_loss=0.1802
[2026-06-03 08:03:29] Epoch 08 train batch [940/1875] loss=0.3176 avg_loss=0.1805
[2026-06-03 08:03:31] Epoch 08 train batch [960/1875] loss=0.2509 avg_loss=0.1802
[2026-06-03 08:03:33] Epoch 08 train batch [980/1875] loss=0.0420 avg_loss=0.1798
[2026-06-03 08:03:35] Epoch 08 train batch [1000/1875] loss=0.2260 avg_loss=0.1793
[2026-06-03 08:03:36] Epoch 08 train batch [1020/1875] loss=0.1278 avg_loss=0.1792
[2026-06-03 08:03:38] Epoch 08 train batch [1040/1875] loss=0.1027 avg_loss=0.1794
[2026-06-03 08:03:40] Epoch 08 train batch [1060/1875] loss=0.2842 avg_loss=0.1803
[2026-06-03 08:03:42] Epoch 08 train batch [1080/1875] loss=0.2094 avg_loss=0.1799
[2026-06-03 08:03:43] Epoch 08 train batch [1100/1875] loss=0.0325 avg_loss=0.1803
[2026-06-03 08:03:45] Epoch 08 train batch [1120/1875] loss=0.1892 avg_loss=0.1805
[2026-06-03 08:03:47] Epoch 08 train batch [1140/1875] loss=0.3689 avg_loss=0.1812
[2026-06-03 08:03:49] Epoch 08 train batch [1160/1875] loss=0.0749 avg_loss=0.1808
[2026-06-03 08:03:50] Epoch 08 train batch [1180/1875] loss=0.3808 avg_loss=0.1812
[2026-06-03 08:03:52] Epoch 08 train batch [1200/1875] loss=0.2543 avg_loss=0.1822
[2026-06-03 08:03:54] Epoch 08 train batch [1220/1875] loss=0.0878 avg_loss=0.1822
[2026-06-03 08:03:56] Epoch 08 train batch [1240/1875] loss=0.2582 avg_loss=0.1822
[2026-06-03 08:03:57] Epoch 08 train batch [1260/1875] loss=0.0703 avg_loss=0.1816
[2026-06-03 08:03:59] Epoch 08 train batch [1280/1875] loss=0.1128 avg_loss=0.1815
[2026-06-03 08:04:01] Epoch 08 train batch [1300/1875] loss=0.0359 avg_loss=0.1816
[2026-06-03 08:04:03] Epoch 08 train batch [1320/1875] loss=0.1097 avg_loss=0.1815
[2026-06-03 08:04:04] Epoch 08 train batch [1340/1875] loss=0.0883 avg_loss=0.1810
[2026-06-03 08:04:06] Epoch 08 train batch [1360/1875] loss=0.2489 avg_loss=0.1809
[2026-06-03 08:04:08] Epoch 08 train batch [1380/1875] loss=0.0310 avg_loss=0.1806
[2026-06-03 08:04:10] Epoch 08 train batch [1400/1875] loss=0.1860 avg_loss=0.1808
[2026-06-03 08:04:12] Epoch 08 train batch [1420/1875] loss=0.0245 avg_loss=0.1805
[2026-06-03 08:04:13] Epoch 08 train batch [1440/1875] loss=0.2325 avg_loss=0.1806
[2026-06-03 08:04:15] Epoch 08 train batch [1460/1875] loss=0.1265 avg_loss=0.1805
[2026-06-03 08:04:17] Epoch 08 train batch [1480/1875] loss=0.0280 avg_loss=0.1796
[2026-06-03 08:04:19] Epoch 08 train batch [1500/1875] loss=0.2353 avg_loss=0.1796
[2026-06-03 08:04:21] Epoch 08 train batch [1520/1875] loss=0.2579 avg_loss=0.1795
[2026-06-03 08:04:22] Epoch 08 train batch [1540/1875] loss=0.2058 avg_loss=0.1795
[2026-06-03 08:04:24] Epoch 08 train batch [1560/1875] loss=0.3559 avg_loss=0.1794
[2026-06-03 08:04:26] Epoch 08 train batch [1580/1875] loss=0.0930 avg_loss=0.1793
[2026-06-03 08:04:27] Epoch 08 train batch [1600/1875] loss=0.0927 avg_loss=0.1794
[2026-06-03 08:04:29] Epoch 08 train batch [1620/1875] loss=0.3310 avg_loss=0.1797
[2026-06-03 08:04:31] Epoch 08 train batch [1640/1875] loss=0.1685 avg_loss=0.1796
[2026-06-03 08:04:33] Epoch 08 train batch [1660/1875] loss=0.1308 avg_loss=0.1793
[2026-06-03 08:04:34] Epoch 08 train batch [1680/1875] loss=0.2059 avg_loss=0.1793
[2026-06-03 08:04:36] Epoch 08 train batch [1700/1875] loss=0.2057 avg_loss=0.1787
[2026-06-03 08:04:38] Epoch 08 train batch [1720/1875] loss=0.3198 avg_loss=0.1789
[2026-06-03 08:04:40] Epoch 08 train batch [1740/1875] loss=0.2526 avg_loss=0.1789
[2026-06-03 08:04:41] Epoch 08 train batch [1760/1875] loss=0.1615 avg_loss=0.1789
[2026-06-03 08:04:43] Epoch 08 train batch [1780/1875] loss=0.3014 avg_loss=0.1791
[2026-06-03 08:04:45] Epoch 08 train batch [1800/1875] loss=0.1839 avg_loss=0.1792
[2026-06-03 08:04:47] Epoch 08 train batch [1820/1875] loss=0.1078 avg_loss=0.1790
[2026-06-03 08:04:48] Epoch 08 train batch [1840/1875] loss=0.0160 avg_loss=0.1789
[2026-06-03 08:04:50] Epoch 08 train batch [1860/1875] loss=0.3142 avg_loss=0.1785
[2026-06-03 08:04:51] Epoch 08 train batch [1875/1875] loss=0.0666 avg_loss=0.1783
[2026-06-03 08:04:51] Epoch 08 training completed. Computing validation loss.
[2026-06-03 08:05:09] Epoch 08 validation loss completed: 0.1881. Computing detection metrics.
[2026-06-03 08:05:26] Epoch 08 metrics computed. Saving artifacts.
[2026-06-03 08:05:27] Epoch 08 improved mAP@0.5 to 0.7428. Saved best checkpoint: best_model-20260603-073843.pth.
Epoch [08/30]
├── Train Loss : 0.1783
│   ├── loss_classifier  : 0.0596
│   ├── loss_box_reg     : 0.1051
│   ├── loss_objectness  : 0.0079
│   └── loss_rpn_box_reg : 0.0058
├── Val Loss   : 0.1881
├── mAP@0.5    : 0.7428
├── mAP@0.75   : 0.3491
├── mAP@0.5:0.95 : 0.3856
├── Precision  : 0.4010
├── Recall     : 0.8580
├── GT Boxes   : 2021
├── Predictions: 4324
├── Per-class AP
│   ├── person  : AP50=0.8097, AP75=0.3500, AP50:95=0.4067, P=0.4791, R=0.8845
│   ├── car     : AP50=0.6979, AP75=0.3334, AP50:95=0.3597, P=0.3670, R=0.8092
│   ├── dog     : AP50=0.8060, AP75=0.4278, AP50:95=0.4356, P=0.4099, R=0.8835
│   ├── cat     : AP50=0.8844, AP75=0.4787, AP50:95=0.4889, P=0.5797, R=0.9091
│   └── chair   : AP50=0.5160, AP75=0.1556, AP50:95=0.2372, P=0.2136, R=0.7553
├── LR         : 0.001000
└── Time       : 198.5s
[2026-06-03 08:05:27] Epoch [08/30] completed.
[2026-06-03 08:05:27] Epoch [09/30] started.
[2026-06-03 08:05:29] Epoch 09 train batch [20/1875] loss=0.2074 avg_loss=0.1596
[2026-06-03 08:05:31] Epoch 09 train batch [40/1875] loss=0.2398 avg_loss=0.1421
[2026-06-03 08:05:32] Epoch 09 train batch [60/1875] loss=0.3371 avg_loss=0.1643
[2026-06-03 08:05:34] Epoch 09 train batch [80/1875] loss=0.1415 avg_loss=0.1614
[2026-06-03 08:05:36] Epoch 09 train batch [100/1875] loss=0.2725 avg_loss=0.1701
[2026-06-03 08:05:38] Epoch 09 train batch [120/1875] loss=0.2771 avg_loss=0.1729
[2026-06-03 08:05:39] Epoch 09 train batch [140/1875] loss=0.0203 avg_loss=0.1694
[2026-06-03 08:05:41] Epoch 09 train batch [160/1875] loss=0.1229 avg_loss=0.1718
[2026-06-03 08:05:43] Epoch 09 train batch [180/1875] loss=0.0955 avg_loss=0.1689
[2026-06-03 08:05:45] Epoch 09 train batch [200/1875] loss=0.2702 avg_loss=0.1705
[2026-06-03 08:05:46] Epoch 09 train batch [220/1875] loss=0.1953 avg_loss=0.1728
[2026-06-03 08:05:48] Epoch 09 train batch [240/1875] loss=0.0738 avg_loss=0.1729
[2026-06-03 08:05:50] Epoch 09 train batch [260/1875] loss=0.0720 avg_loss=0.1726
[2026-06-03 08:05:51] Epoch 09 train batch [280/1875] loss=0.2292 avg_loss=0.1731
[2026-06-03 08:05:53] Epoch 09 train batch [300/1875] loss=0.0584 avg_loss=0.1758
[2026-06-03 08:05:55] Epoch 09 train batch [320/1875] loss=0.1229 avg_loss=0.1739
[2026-06-03 08:05:57] Epoch 09 train batch [340/1875] loss=0.4690 avg_loss=0.1747
[2026-06-03 08:05:58] Epoch 09 train batch [360/1875] loss=0.1887 avg_loss=0.1736
[2026-06-03 08:06:00] Epoch 09 train batch [380/1875] loss=0.1050 avg_loss=0.1760
[2026-06-03 08:06:02] Epoch 09 train batch [400/1875] loss=0.3097 avg_loss=0.1759
[2026-06-03 08:06:04] Epoch 09 train batch [420/1875] loss=0.1015 avg_loss=0.1764
[2026-06-03 08:06:05] Epoch 09 train batch [440/1875] loss=0.1991 avg_loss=0.1774
[2026-06-03 08:06:07] Epoch 09 train batch [460/1875] loss=0.0746 avg_loss=0.1807
[2026-06-03 08:06:09] Epoch 09 train batch [480/1875] loss=0.2044 avg_loss=0.1804
[2026-06-03 08:06:11] Epoch 09 train batch [500/1875] loss=0.3425 avg_loss=0.1808
[2026-06-03 08:06:12] Epoch 09 train batch [520/1875] loss=0.1935 avg_loss=0.1800
[2026-06-03 08:06:14] Epoch 09 train batch [540/1875] loss=0.2335 avg_loss=0.1803
[2026-06-03 08:06:16] Epoch 09 train batch [560/1875] loss=0.0929 avg_loss=0.1794
[2026-06-03 08:06:18] Epoch 09 train batch [580/1875] loss=0.2465 avg_loss=0.1788
[2026-06-03 08:06:20] Epoch 09 train batch [600/1875] loss=0.3374 avg_loss=0.1783
[2026-06-03 08:06:21] Epoch 09 train batch [620/1875] loss=0.1621 avg_loss=0.1788
[2026-06-03 08:06:23] Epoch 09 train batch [640/1875] loss=0.3414 avg_loss=0.1788
[2026-06-03 08:06:25] Epoch 09 train batch [660/1875] loss=0.1202 avg_loss=0.1772
[2026-06-03 08:06:26] Epoch 09 train batch [680/1875] loss=0.1341 avg_loss=0.1758
[2026-06-03 08:06:28] Epoch 09 train batch [700/1875] loss=0.4110 avg_loss=0.1762
[2026-06-03 08:06:30] Epoch 09 train batch [720/1875] loss=0.1607 avg_loss=0.1756
[2026-06-03 08:06:32] Epoch 09 train batch [740/1875] loss=0.1930 avg_loss=0.1760
[2026-06-03 08:06:33] Epoch 09 train batch [760/1875] loss=0.1192 avg_loss=0.1767
[2026-06-03 08:06:35] Epoch 09 train batch [780/1875] loss=0.2335 avg_loss=0.1754
[2026-06-03 08:06:37] Epoch 09 train batch [800/1875] loss=0.0896 avg_loss=0.1748
[2026-06-03 08:06:38] Epoch 09 train batch [820/1875] loss=0.3302 avg_loss=0.1743
[2026-06-03 08:06:40] Epoch 09 train batch [840/1875] loss=0.4303 avg_loss=0.1751
[2026-06-03 08:06:42] Epoch 09 train batch [860/1875] loss=0.0279 avg_loss=0.1751
[2026-06-03 08:06:44] Epoch 09 train batch [880/1875] loss=0.2146 avg_loss=0.1741
[2026-06-03 08:06:46] Epoch 09 train batch [900/1875] loss=0.1636 avg_loss=0.1739
[2026-06-03 08:06:47] Epoch 09 train batch [920/1875] loss=0.1082 avg_loss=0.1751
[2026-06-03 08:06:49] Epoch 09 train batch [940/1875] loss=0.2268 avg_loss=0.1748
[2026-06-03 08:06:51] Epoch 09 train batch [960/1875] loss=0.0583 avg_loss=0.1736
[2026-06-03 08:06:53] Epoch 09 train batch [980/1875] loss=0.4868 avg_loss=0.1733
[2026-06-03 08:06:54] Epoch 09 train batch [1000/1875] loss=0.1607 avg_loss=0.1733
[2026-06-03 08:06:56] Epoch 09 train batch [1020/1875] loss=0.1212 avg_loss=0.1728
[2026-06-03 08:06:58] Epoch 09 train batch [1040/1875] loss=0.1081 avg_loss=0.1729
[2026-06-03 08:07:00] Epoch 09 train batch [1060/1875] loss=0.2761 avg_loss=0.1722
[2026-06-03 08:07:01] Epoch 09 train batch [1080/1875] loss=0.4369 avg_loss=0.1721
[2026-06-03 08:07:03] Epoch 09 train batch [1100/1875] loss=0.2580 avg_loss=0.1721
[2026-06-03 08:07:05] Epoch 09 train batch [1120/1875] loss=0.3745 avg_loss=0.1723
[2026-06-03 08:07:06] Epoch 09 train batch [1140/1875] loss=0.1360 avg_loss=0.1717
[2026-06-03 08:07:08] Epoch 09 train batch [1160/1875] loss=0.1891 avg_loss=0.1713
[2026-06-03 08:07:10] Epoch 09 train batch [1180/1875] loss=0.2129 avg_loss=0.1706
[2026-06-03 08:07:12] Epoch 09 train batch [1200/1875] loss=0.0901 avg_loss=0.1696
[2026-06-03 08:07:13] Epoch 09 train batch [1220/1875] loss=0.0477 avg_loss=0.1697
[2026-06-03 08:07:15] Epoch 09 train batch [1240/1875] loss=0.1759 avg_loss=0.1700
[2026-06-03 08:07:17] Epoch 09 train batch [1260/1875] loss=0.1218 avg_loss=0.1702
[2026-06-03 08:07:19] Epoch 09 train batch [1280/1875] loss=0.0400 avg_loss=0.1705
[2026-06-03 08:07:20] Epoch 09 train batch [1300/1875] loss=0.0712 avg_loss=0.1711
[2026-06-03 08:07:22] Epoch 09 train batch [1320/1875] loss=0.1514 avg_loss=0.1712
[2026-06-03 08:07:24] Epoch 09 train batch [1340/1875] loss=0.3232 avg_loss=0.1717
[2026-06-03 08:07:26] Epoch 09 train batch [1360/1875] loss=0.1459 avg_loss=0.1714
[2026-06-03 08:07:27] Epoch 09 train batch [1380/1875] loss=0.0384 avg_loss=0.1712
[2026-06-03 08:07:29] Epoch 09 train batch [1400/1875] loss=0.0926 avg_loss=0.1703
[2026-06-03 08:07:31] Epoch 09 train batch [1420/1875] loss=0.1988 avg_loss=0.1709
[2026-06-03 08:07:33] Epoch 09 train batch [1440/1875] loss=0.1162 avg_loss=0.1710
[2026-06-03 08:07:34] Epoch 09 train batch [1460/1875] loss=0.1287 avg_loss=0.1711
[2026-06-03 08:07:36] Epoch 09 train batch [1480/1875] loss=0.0201 avg_loss=0.1708
[2026-06-03 08:07:38] Epoch 09 train batch [1500/1875] loss=0.0682 avg_loss=0.1712
[2026-06-03 08:07:40] Epoch 09 train batch [1520/1875] loss=0.0858 avg_loss=0.1711
[2026-06-03 08:07:41] Epoch 09 train batch [1540/1875] loss=0.1443 avg_loss=0.1708
[2026-06-03 08:07:43] Epoch 09 train batch [1560/1875] loss=0.1283 avg_loss=0.1710
[2026-06-03 08:07:45] Epoch 09 train batch [1580/1875] loss=0.1541 avg_loss=0.1710
[2026-06-03 08:07:46] Epoch 09 train batch [1600/1875] loss=0.0809 avg_loss=0.1714
[2026-06-03 08:07:48] Epoch 09 train batch [1620/1875] loss=0.0041 avg_loss=0.1712
[2026-06-03 08:07:50] Epoch 09 train batch [1640/1875] loss=0.1487 avg_loss=0.1711
[2026-06-03 08:07:52] Epoch 09 train batch [1660/1875] loss=0.0976 avg_loss=0.1714
[2026-06-03 08:07:53] Epoch 09 train batch [1680/1875] loss=0.3216 avg_loss=0.1715
[2026-06-03 08:07:55] Epoch 09 train batch [1700/1875] loss=0.3133 avg_loss=0.1716
[2026-06-03 08:07:57] Epoch 09 train batch [1720/1875] loss=0.0746 avg_loss=0.1719
[2026-06-03 08:07:59] Epoch 09 train batch [1740/1875] loss=0.1698 avg_loss=0.1716
[2026-06-03 08:08:00] Epoch 09 train batch [1760/1875] loss=0.1447 avg_loss=0.1719
[2026-06-03 08:08:02] Epoch 09 train batch [1780/1875] loss=0.2615 avg_loss=0.1726
[2026-06-03 08:08:04] Epoch 09 train batch [1800/1875] loss=0.1232 avg_loss=0.1727
[2026-06-03 08:08:06] Epoch 09 train batch [1820/1875] loss=0.0563 avg_loss=0.1725
[2026-06-03 08:08:07] Epoch 09 train batch [1840/1875] loss=0.0703 avg_loss=0.1724
[2026-06-03 08:08:09] Epoch 09 train batch [1860/1875] loss=0.1190 avg_loss=0.1726
[2026-06-03 08:08:11] Epoch 09 train batch [1875/1875] loss=0.0554 avg_loss=0.1722
[2026-06-03 08:08:11] Epoch 09 training completed. Computing validation loss.
[2026-06-03 08:08:28] Epoch 09 validation loss completed: 0.1838. Computing detection metrics.
[2026-06-03 08:08:45] Epoch 09 metrics computed. Saving artifacts.
[2026-06-03 08:08:45] Epoch 09 did not improve mAP@0.5 enough. Early stopping counter: 1/7.
Epoch [09/30]
├── Train Loss : 0.1722
│   ├── loss_classifier  : 0.0578
│   ├── loss_box_reg     : 0.1015
│   ├── loss_objectness  : 0.0074
│   └── loss_rpn_box_reg : 0.0056
├── Val Loss   : 0.1838
├── mAP@0.5    : 0.7352
├── mAP@0.75   : 0.3811
├── mAP@0.5:0.95 : 0.3973
├── Precision  : 0.5882
├── Recall     : 0.8070
├── GT Boxes   : 2021
├── Predictions: 2773
├── Per-class AP
│   ├── person  : AP50=0.8058, AP75=0.3832, AP50:95=0.4223, P=0.6356, R=0.8510
│   ├── car     : AP50=0.7082, AP75=0.4124, AP50:95=0.4007, P=0.4989, R=0.7739
│   ├── dog     : AP50=0.8148, AP75=0.4931, AP50:95=0.4596, P=0.6850, R=0.8447
│   ├── cat     : AP50=0.8680, AP75=0.4338, AP50:95=0.4748, P=0.6085, R=0.8920
│   └── chair   : AP50=0.4792, AP75=0.1832, AP50:95=0.2290, P=0.4349, R=0.5922
├── LR         : 0.001000
└── Time       : 197.9s
[2026-06-03 08:08:45] Epoch [09/30] completed.
[2026-06-03 08:08:45] Epoch [10/30] started.
[2026-06-03 08:08:47] Epoch 10 train batch [20/1875] loss=0.4330 avg_loss=0.1824
[2026-06-03 08:08:49] Epoch 10 train batch [40/1875] loss=0.1152 avg_loss=0.1715
[2026-06-03 08:08:51] Epoch 10 train batch [60/1875] loss=0.3012 avg_loss=0.1756
[2026-06-03 08:08:53] Epoch 10 train batch [80/1875] loss=0.0639 avg_loss=0.1646
[2026-06-03 08:08:55] Epoch 10 train batch [100/1875] loss=0.0627 avg_loss=0.1739
[2026-06-03 08:08:56] Epoch 10 train batch [120/1875] loss=0.1224 avg_loss=0.1685
[2026-06-03 08:08:58] Epoch 10 train batch [140/1875] loss=0.1420 avg_loss=0.1658
[2026-06-03 08:09:00] Epoch 10 train batch [160/1875] loss=0.1535 avg_loss=0.1698
[2026-06-03 08:09:01] Epoch 10 train batch [180/1875] loss=0.2274 avg_loss=0.1665
[2026-06-03 08:09:03] Epoch 10 train batch [200/1875] loss=0.0634 avg_loss=0.1651
[2026-06-03 08:09:05] Epoch 10 train batch [220/1875] loss=0.1293 avg_loss=0.1671
[2026-06-03 08:09:07] Epoch 10 train batch [240/1875] loss=0.0293 avg_loss=0.1688
[2026-06-03 08:09:08] Epoch 10 train batch [260/1875] loss=0.3154 avg_loss=0.1668
[2026-06-03 08:09:10] Epoch 10 train batch [280/1875] loss=0.0865 avg_loss=0.1673
[2026-06-03 08:09:12] Epoch 10 train batch [300/1875] loss=0.1836 avg_loss=0.1685
[2026-06-03 08:09:14] Epoch 10 train batch [320/1875] loss=0.0544 avg_loss=0.1669
[2026-06-03 08:09:15] Epoch 10 train batch [340/1875] loss=0.1335 avg_loss=0.1644
[2026-06-03 08:09:17] Epoch 10 train batch [360/1875] loss=0.2304 avg_loss=0.1650
[2026-06-03 08:09:19] Epoch 10 train batch [380/1875] loss=0.1654 avg_loss=0.1656
[2026-06-03 08:09:20] Epoch 10 train batch [400/1875] loss=0.1664 avg_loss=0.1651
[2026-06-03 08:09:22] Epoch 10 train batch [420/1875] loss=0.1790 avg_loss=0.1643
[2026-06-03 08:09:24] Epoch 10 train batch [440/1875] loss=0.0939 avg_loss=0.1637
[2026-06-03 08:09:26] Epoch 10 train batch [460/1875] loss=0.2474 avg_loss=0.1639
[2026-06-03 08:09:28] Epoch 10 train batch [480/1875] loss=0.1641 avg_loss=0.1636
[2026-06-03 08:09:29] Epoch 10 train batch [500/1875] loss=0.1132 avg_loss=0.1627
[2026-06-03 08:09:31] Epoch 10 train batch [520/1875] loss=0.2341 avg_loss=0.1635
[2026-06-03 08:09:33] Epoch 10 train batch [540/1875] loss=0.3103 avg_loss=0.1646
[2026-06-03 08:09:35] Epoch 10 train batch [560/1875] loss=0.1682 avg_loss=0.1649
[2026-06-03 08:09:36] Epoch 10 train batch [580/1875] loss=0.4311 avg_loss=0.1657
[2026-06-03 08:09:38] Epoch 10 train batch [600/1875] loss=0.1310 avg_loss=0.1668
[2026-06-03 08:09:40] Epoch 10 train batch [620/1875] loss=0.2326 avg_loss=0.1671
[2026-06-03 08:09:42] Epoch 10 train batch [640/1875] loss=0.1161 avg_loss=0.1665
[2026-06-03 08:09:43] Epoch 10 train batch [660/1875] loss=0.1991 avg_loss=0.1669
[2026-06-03 08:09:45] Epoch 10 train batch [680/1875] loss=0.3187 avg_loss=0.1668
[2026-06-03 08:09:47] Epoch 10 train batch [700/1875] loss=0.0179 avg_loss=0.1667
[2026-06-03 08:09:49] Epoch 10 train batch [720/1875] loss=0.1117 avg_loss=0.1670
[2026-06-03 08:09:50] Epoch 10 train batch [740/1875] loss=0.1075 avg_loss=0.1658
[2026-06-03 08:09:52] Epoch 10 train batch [760/1875] loss=0.4007 avg_loss=0.1657
[2026-06-03 08:09:54] Epoch 10 train batch [780/1875] loss=0.1002 avg_loss=0.1657
[2026-06-03 08:09:56] Epoch 10 train batch [800/1875] loss=0.0255 avg_loss=0.1656
[2026-06-03 08:09:57] Epoch 10 train batch [820/1875] loss=0.1339 avg_loss=0.1657
[2026-06-03 08:09:59] Epoch 10 train batch [840/1875] loss=0.0246 avg_loss=0.1656
[2026-06-03 08:10:01] Epoch 10 train batch [860/1875] loss=0.0816 avg_loss=0.1650
[2026-06-03 08:10:03] Epoch 10 train batch [880/1875] loss=0.1224 avg_loss=0.1651
[2026-06-03 08:10:04] Epoch 10 train batch [900/1875] loss=0.0190 avg_loss=0.1656
[2026-06-03 08:10:06] Epoch 10 train batch [920/1875] loss=0.0620 avg_loss=0.1654
[2026-06-03 08:10:08] Epoch 10 train batch [940/1875] loss=0.0782 avg_loss=0.1655
[2026-06-03 08:10:10] Epoch 10 train batch [960/1875] loss=0.0942 avg_loss=0.1656
[2026-06-03 08:10:11] Epoch 10 train batch [980/1875] loss=0.2857 avg_loss=0.1659
[2026-06-03 08:10:13] Epoch 10 train batch [1000/1875] loss=0.1367 avg_loss=0.1657
[2026-06-03 08:10:15] Epoch 10 train batch [1020/1875] loss=0.5004 avg_loss=0.1658
[2026-06-03 08:10:16] Epoch 10 train batch [1040/1875] loss=0.0608 avg_loss=0.1659
[2026-06-03 08:10:18] Epoch 10 train batch [1060/1875] loss=0.3624 avg_loss=0.1661
[2026-06-03 08:10:20] Epoch 10 train batch [1080/1875] loss=0.0474 avg_loss=0.1658
[2026-06-03 08:10:22] Epoch 10 train batch [1100/1875] loss=0.0322 avg_loss=0.1649
[2026-06-03 08:10:23] Epoch 10 train batch [1120/1875] loss=0.4504 avg_loss=0.1648
[2026-06-03 08:10:25] Epoch 10 train batch [1140/1875] loss=0.3624 avg_loss=0.1651
[2026-06-03 08:10:27] Epoch 10 train batch [1160/1875] loss=0.3782 avg_loss=0.1646
[2026-06-03 08:10:29] Epoch 10 train batch [1180/1875] loss=0.1472 avg_loss=0.1645
[2026-06-03 08:10:31] Epoch 10 train batch [1200/1875] loss=0.2760 avg_loss=0.1646
[2026-06-03 08:10:32] Epoch 10 train batch [1220/1875] loss=0.4019 avg_loss=0.1642
[2026-06-03 08:10:34] Epoch 10 train batch [1240/1875] loss=0.1664 avg_loss=0.1642
[2026-06-03 08:10:36] Epoch 10 train batch [1260/1875] loss=0.0406 avg_loss=0.1638
[2026-06-03 08:10:38] Epoch 10 train batch [1280/1875] loss=0.0400 avg_loss=0.1639
[2026-06-03 08:10:39] Epoch 10 train batch [1300/1875] loss=0.0711 avg_loss=0.1641
[2026-06-03 08:10:41] Epoch 10 train batch [1320/1875] loss=0.0313 avg_loss=0.1648
[2026-06-03 08:10:43] Epoch 10 train batch [1340/1875] loss=0.1115 avg_loss=0.1644
[2026-06-03 08:10:45] Epoch 10 train batch [1360/1875] loss=0.3480 avg_loss=0.1648
[2026-06-03 08:10:46] Epoch 10 train batch [1380/1875] loss=0.0546 avg_loss=0.1644
[2026-06-03 08:10:48] Epoch 10 train batch [1400/1875] loss=0.3448 avg_loss=0.1643
[2026-06-03 08:10:50] Epoch 10 train batch [1420/1875] loss=0.2090 avg_loss=0.1643
[2026-06-03 08:10:52] Epoch 10 train batch [1440/1875] loss=0.2026 avg_loss=0.1648
[2026-06-03 08:10:54] Epoch 10 train batch [1460/1875] loss=0.2234 avg_loss=0.1651
[2026-06-03 08:10:55] Epoch 10 train batch [1480/1875] loss=0.1791 avg_loss=0.1656
[2026-06-03 08:10:57] Epoch 10 train batch [1500/1875] loss=0.1358 avg_loss=0.1649
[2026-06-03 08:10:59] Epoch 10 train batch [1520/1875] loss=0.2146 avg_loss=0.1651
[2026-06-03 08:11:01] Epoch 10 train batch [1540/1875] loss=0.0806 avg_loss=0.1652
[2026-06-03 08:11:02] Epoch 10 train batch [1560/1875] loss=0.2377 avg_loss=0.1653
[2026-06-03 08:11:04] Epoch 10 train batch [1580/1875] loss=0.1720 avg_loss=0.1649
[2026-06-03 08:11:06] Epoch 10 train batch [1600/1875] loss=0.2128 avg_loss=0.1649
[2026-06-03 08:11:08] Epoch 10 train batch [1620/1875] loss=0.2855 avg_loss=0.1647
[2026-06-03 08:11:09] Epoch 10 train batch [1640/1875] loss=0.1481 avg_loss=0.1648
[2026-06-03 08:11:11] Epoch 10 train batch [1660/1875] loss=0.1425 avg_loss=0.1646
[2026-06-03 08:11:13] Epoch 10 train batch [1680/1875] loss=0.0783 avg_loss=0.1649
[2026-06-03 08:11:15] Epoch 10 train batch [1700/1875] loss=0.2915 avg_loss=0.1650
[2026-06-03 08:11:16] Epoch 10 train batch [1720/1875] loss=0.1883 avg_loss=0.1652
[2026-06-03 08:11:18] Epoch 10 train batch [1740/1875] loss=0.1883 avg_loss=0.1658
[2026-06-03 08:11:20] Epoch 10 train batch [1760/1875] loss=0.6091 avg_loss=0.1658
[2026-06-03 08:11:22] Epoch 10 train batch [1780/1875] loss=0.1354 avg_loss=0.1657
[2026-06-03 08:11:23] Epoch 10 train batch [1800/1875] loss=0.4730 avg_loss=0.1655
[2026-06-03 08:11:25] Epoch 10 train batch [1820/1875] loss=0.0515 avg_loss=0.1656
[2026-06-03 08:11:27] Epoch 10 train batch [1840/1875] loss=0.0687 avg_loss=0.1659
[2026-06-03 08:11:28] Epoch 10 train batch [1860/1875] loss=0.2212 avg_loss=0.1666
[2026-06-03 08:11:30] Epoch 10 train batch [1875/1875] loss=0.1982 avg_loss=0.1670
[2026-06-03 08:11:30] Epoch 10 training completed. Computing validation loss.
[2026-06-03 08:11:47] Epoch 10 validation loss completed: 0.1790. Computing detection metrics.
[2026-06-03 08:12:04] Epoch 10 metrics computed. Saving artifacts.
[2026-06-03 08:12:05] Epoch 10 improved mAP@0.5 to 0.7581. Saved best checkpoint: best_model-20260603-073843.pth.
Epoch [10/30]
├── Train Loss : 0.1670
│   ├── loss_classifier  : 0.0552
│   ├── loss_box_reg     : 0.0996
│   ├── loss_objectness  : 0.0069
│   └── loss_rpn_box_reg : 0.0054
├── Val Loss   : 0.1790
├── mAP@0.5    : 0.7581
├── mAP@0.75   : 0.4165
├── mAP@0.5:0.95 : 0.4236
├── Precision  : 0.4304
├── Recall     : 0.8550
├── GT Boxes   : 2021
├── Predictions: 4015
├── Per-class AP
│   ├── person  : AP50=0.8303, AP75=0.4363, AP50:95=0.4525, P=0.5221, R=0.8818
│   ├── car     : AP50=0.7368, AP75=0.4710, AP50:95=0.4368, P=0.3629, R=0.8375
│   ├── dog     : AP50=0.8197, AP75=0.4498, AP50:95=0.4655, P=0.6125, R=0.8592
│   ├── cat     : AP50=0.8608, AP75=0.5164, AP50:95=0.4988, P=0.6798, R=0.8807
│   └── chair   : AP50=0.5430, AP75=0.2089, AP50:95=0.2644, P=0.2056, R=0.7518
├── LR         : 0.001000
└── Time       : 198.6s
[2026-06-03 08:12:05] Epoch [10/30] completed.
[2026-06-03 08:12:05] Epoch [11/30] started.
[2026-06-03 08:12:07] Epoch 11 train batch [20/1875] loss=0.4734 avg_loss=0.2090
[2026-06-03 08:12:09] Epoch 11 train batch [40/1875] loss=0.2979 avg_loss=0.1810
[2026-06-03 08:12:11] Epoch 11 train batch [60/1875] loss=0.0815 avg_loss=0.1836
[2026-06-03 08:12:13] Epoch 11 train batch [80/1875] loss=0.1246 avg_loss=0.1776
[2026-06-03 08:12:14] Epoch 11 train batch [100/1875] loss=0.3422 avg_loss=0.1786
[2026-06-03 08:12:16] Epoch 11 train batch [120/1875] loss=0.3160 avg_loss=0.1869
[2026-06-03 08:12:18] Epoch 11 train batch [140/1875] loss=0.1579 avg_loss=0.1879
[2026-06-03 08:12:20] Epoch 11 train batch [160/1875] loss=0.1748 avg_loss=0.1832
[2026-06-03 08:12:21] Epoch 11 train batch [180/1875] loss=0.2507 avg_loss=0.1812
[2026-06-03 08:12:23] Epoch 11 train batch [200/1875] loss=0.1009 avg_loss=0.1756
[2026-06-03 08:12:25] Epoch 11 train batch [220/1875] loss=0.3738 avg_loss=0.1743
[2026-06-03 08:12:27] Epoch 11 train batch [240/1875] loss=0.0461 avg_loss=0.1719
[2026-06-03 08:12:28] Epoch 11 train batch [260/1875] loss=0.1687 avg_loss=0.1717
[2026-06-03 08:12:30] Epoch 11 train batch [280/1875] loss=0.1873 avg_loss=0.1720
[2026-06-03 08:12:32] Epoch 11 train batch [300/1875] loss=0.0974 avg_loss=0.1709
[2026-06-03 08:12:33] Epoch 11 train batch [320/1875] loss=0.1409 avg_loss=0.1704
[2026-06-03 08:12:35] Epoch 11 train batch [340/1875] loss=0.1187 avg_loss=0.1674
[2026-06-03 08:12:37] Epoch 11 train batch [360/1875] loss=0.2872 avg_loss=0.1695
[2026-06-03 08:12:39] Epoch 11 train batch [380/1875] loss=0.1100 avg_loss=0.1679
[2026-06-03 08:12:40] Epoch 11 train batch [400/1875] loss=0.1016 avg_loss=0.1661
[2026-06-03 08:12:42] Epoch 11 train batch [420/1875] loss=0.0174 avg_loss=0.1653
[2026-06-03 08:12:44] Epoch 11 train batch [440/1875] loss=0.1605 avg_loss=0.1666
[2026-06-03 08:12:46] Epoch 11 train batch [460/1875] loss=0.2390 avg_loss=0.1662
[2026-06-03 08:12:47] Epoch 11 train batch [480/1875] loss=0.0668 avg_loss=0.1667
[2026-06-03 08:12:49] Epoch 11 train batch [500/1875] loss=0.0892 avg_loss=0.1670
[2026-06-03 08:12:51] Epoch 11 train batch [520/1875] loss=0.1558 avg_loss=0.1675
[2026-06-03 08:12:53] Epoch 11 train batch [540/1875] loss=0.0321 avg_loss=0.1674
[2026-06-03 08:12:54] Epoch 11 train batch [560/1875] loss=0.1580 avg_loss=0.1688
[2026-06-03 08:12:56] Epoch 11 train batch [580/1875] loss=0.0992 avg_loss=0.1679
[2026-06-03 08:12:58] Epoch 11 train batch [600/1875] loss=0.0774 avg_loss=0.1674
[2026-06-03 08:13:00] Epoch 11 train batch [620/1875] loss=0.1224 avg_loss=0.1665
[2026-06-03 08:13:01] Epoch 11 train batch [640/1875] loss=0.0899 avg_loss=0.1668
[2026-06-03 08:13:03] Epoch 11 train batch [660/1875] loss=0.2547 avg_loss=0.1680
[2026-06-03 08:13:05] Epoch 11 train batch [680/1875] loss=0.1918 avg_loss=0.1678
[2026-06-03 08:13:07] Epoch 11 train batch [700/1875] loss=0.0320 avg_loss=0.1678
[2026-06-03 08:13:08] Epoch 11 train batch [720/1875] loss=0.2543 avg_loss=0.1675
[2026-06-03 08:13:10] Epoch 11 train batch [740/1875] loss=0.4178 avg_loss=0.1689
[2026-06-03 08:13:12] Epoch 11 train batch [760/1875] loss=0.1890 avg_loss=0.1683
[2026-06-03 08:13:14] Epoch 11 train batch [780/1875] loss=0.0492 avg_loss=0.1687
[2026-06-03 08:13:16] Epoch 11 train batch [800/1875] loss=0.0403 avg_loss=0.1686
[2026-06-03 08:13:17] Epoch 11 train batch [820/1875] loss=0.1705 avg_loss=0.1681
[2026-06-03 08:13:19] Epoch 11 train batch [840/1875] loss=0.1379 avg_loss=0.1677
[2026-06-03 08:13:21] Epoch 11 train batch [860/1875] loss=0.0315 avg_loss=0.1670
[2026-06-03 08:13:23] Epoch 11 train batch [880/1875] loss=0.0454 avg_loss=0.1670
[2026-06-03 08:13:24] Epoch 11 train batch [900/1875] loss=0.1134 avg_loss=0.1672
[2026-06-03 08:13:26] Epoch 11 train batch [920/1875] loss=0.0498 avg_loss=0.1663
[2026-06-03 08:13:28] Epoch 11 train batch [940/1875] loss=0.2964 avg_loss=0.1670
[2026-06-03 08:13:30] Epoch 11 train batch [960/1875] loss=0.3930 avg_loss=0.1667
[2026-06-03 08:13:31] Epoch 11 train batch [980/1875] loss=0.1227 avg_loss=0.1666
[2026-06-03 08:13:33] Epoch 11 train batch [1000/1875] loss=0.3407 avg_loss=0.1664
[2026-06-03 08:13:35] Epoch 11 train batch [1020/1875] loss=0.0566 avg_loss=0.1664
[2026-06-03 08:13:37] Epoch 11 train batch [1040/1875] loss=0.2184 avg_loss=0.1672
[2026-06-03 08:13:38] Epoch 11 train batch [1060/1875] loss=0.0972 avg_loss=0.1668
[2026-06-03 08:13:40] Epoch 11 train batch [1080/1875] loss=0.0495 avg_loss=0.1668
[2026-06-03 08:13:42] Epoch 11 train batch [1100/1875] loss=0.3150 avg_loss=0.1666
[2026-06-03 08:13:44] Epoch 11 train batch [1120/1875] loss=0.2251 avg_loss=0.1662
[2026-06-03 08:13:45] Epoch 11 train batch [1140/1875] loss=0.0359 avg_loss=0.1653
[2026-06-03 08:13:47] Epoch 11 train batch [1160/1875] loss=0.2254 avg_loss=0.1659
[2026-06-03 08:13:49] Epoch 11 train batch [1180/1875] loss=0.0908 avg_loss=0.1658
[2026-06-03 08:13:51] Epoch 11 train batch [1200/1875] loss=0.2598 avg_loss=0.1657
[2026-06-03 08:13:52] Epoch 11 train batch [1220/1875] loss=0.1142 avg_loss=0.1652
[2026-06-03 08:13:54] Epoch 11 train batch [1240/1875] loss=0.1807 avg_loss=0.1650
[2026-06-03 08:13:56] Epoch 11 train batch [1260/1875] loss=0.0701 avg_loss=0.1648
[2026-06-03 08:13:58] Epoch 11 train batch [1280/1875] loss=0.1696 avg_loss=0.1646
[2026-06-03 08:13:59] Epoch 11 train batch [1300/1875] loss=0.1352 avg_loss=0.1642
[2026-06-03 08:14:01] Epoch 11 train batch [1320/1875] loss=0.2233 avg_loss=0.1644
[2026-06-03 08:14:03] Epoch 11 train batch [1340/1875] loss=0.0313 avg_loss=0.1644
[2026-06-03 08:14:05] Epoch 11 train batch [1360/1875] loss=0.0450 avg_loss=0.1644
[2026-06-03 08:14:07] Epoch 11 train batch [1380/1875] loss=0.1290 avg_loss=0.1647
[2026-06-03 08:14:08] Epoch 11 train batch [1400/1875] loss=0.2481 avg_loss=0.1647
[2026-06-03 08:14:10] Epoch 11 train batch [1420/1875] loss=0.1076 avg_loss=0.1644
[2026-06-03 08:14:12] Epoch 11 train batch [1440/1875] loss=0.0206 avg_loss=0.1640
[2026-06-03 08:14:13] Epoch 11 train batch [1460/1875] loss=0.1203 avg_loss=0.1642
[2026-06-03 08:14:15] Epoch 11 train batch [1480/1875] loss=0.1770 avg_loss=0.1639
[2026-06-03 08:14:17] Epoch 11 train batch [1500/1875] loss=0.2096 avg_loss=0.1643
[2026-06-03 08:14:19] Epoch 11 train batch [1520/1875] loss=0.4498 avg_loss=0.1642
[2026-06-03 08:14:21] Epoch 11 train batch [1540/1875] loss=0.1304 avg_loss=0.1641
[2026-06-03 08:14:22] Epoch 11 train batch [1560/1875] loss=0.0498 avg_loss=0.1641
[2026-06-03 08:14:24] Epoch 11 train batch [1580/1875] loss=0.2775 avg_loss=0.1642
[2026-06-03 08:14:26] Epoch 11 train batch [1600/1875] loss=0.3062 avg_loss=0.1641
[2026-06-03 08:14:28] Epoch 11 train batch [1620/1875] loss=0.0776 avg_loss=0.1636
[2026-06-03 08:14:29] Epoch 11 train batch [1640/1875] loss=0.3027 avg_loss=0.1635
[2026-06-03 08:14:31] Epoch 11 train batch [1660/1875] loss=0.1995 avg_loss=0.1632
[2026-06-03 08:14:33] Epoch 11 train batch [1680/1875] loss=0.3629 avg_loss=0.1634
[2026-06-03 08:14:35] Epoch 11 train batch [1700/1875] loss=0.2872 avg_loss=0.1633
[2026-06-03 08:14:36] Epoch 11 train batch [1720/1875] loss=0.0950 avg_loss=0.1635
[2026-06-03 08:14:38] Epoch 11 train batch [1740/1875] loss=0.0815 avg_loss=0.1634
[2026-06-03 08:14:40] Epoch 11 train batch [1760/1875] loss=0.3191 avg_loss=0.1631
[2026-06-03 08:14:42] Epoch 11 train batch [1780/1875] loss=0.0207 avg_loss=0.1632
[2026-06-03 08:14:43] Epoch 11 train batch [1800/1875] loss=0.1056 avg_loss=0.1631
[2026-06-03 08:14:45] Epoch 11 train batch [1820/1875] loss=0.0689 avg_loss=0.1629
[2026-06-03 08:14:47] Epoch 11 train batch [1840/1875] loss=0.5334 avg_loss=0.1628
[2026-06-03 08:14:48] Epoch 11 train batch [1860/1875] loss=0.1893 avg_loss=0.1630
[2026-06-03 08:14:50] Epoch 11 train batch [1875/1875] loss=0.2317 avg_loss=0.1628
[2026-06-03 08:14:50] Epoch 11 training completed. Computing validation loss.
[2026-06-03 08:15:07] Epoch 11 validation loss completed: 0.1875. Computing detection metrics.
[2026-06-03 08:15:24] Epoch 11 metrics computed. Saving artifacts.
[2026-06-03 08:15:24] Epoch 11 did not improve mAP@0.5 enough. Early stopping counter: 1/7.
Epoch [11/30]
├── Train Loss : 0.1628
│   ├── loss_classifier  : 0.0536
│   ├── loss_box_reg     : 0.0975
│   ├── loss_objectness  : 0.0064
│   └── loss_rpn_box_reg : 0.0052
├── Val Loss   : 0.1875
├── mAP@0.5    : 0.7375
├── mAP@0.75   : 0.4252
├── mAP@0.5:0.95 : 0.4090
├── Precision  : 0.6219
├── Recall     : 0.8080
├── GT Boxes   : 2021
├── Predictions: 2626
├── Per-class AP
│   ├── person  : AP50=0.8181, AP75=0.4381, AP50:95=0.4471, P=0.6823, R=0.8520
│   ├── car     : AP50=0.6956, AP75=0.4223, AP50:95=0.3783, P=0.5283, R=0.7597
│   ├── dog     : AP50=0.8199, AP75=0.5986, AP50:95=0.5039, P=0.7655, R=0.8398
│   ├── cat     : AP50=0.8732, AP75=0.4422, AP50:95=0.4719, P=0.6624, R=0.8920
│   └── chair   : AP50=0.4808, AP75=0.2250, AP50:95=0.2438, P=0.4169, R=0.6135
├── LR         : 0.001000
└── Time       : 198.5s
[2026-06-03 08:15:24] Epoch [11/30] completed.
[2026-06-03 08:15:24] Epoch [12/30] started.
[2026-06-03 08:15:26] Epoch 12 train batch [20/1875] loss=0.0640 avg_loss=0.1558
[2026-06-03 08:15:28] Epoch 12 train batch [40/1875] loss=0.3243 avg_loss=0.1668
[2026-06-03 08:15:30] Epoch 12 train batch [60/1875] loss=0.0796 avg_loss=0.1527
[2026-06-03 08:15:32] Epoch 12 train batch [80/1875] loss=0.0654 avg_loss=0.1540
[2026-06-03 08:15:33] Epoch 12 train batch [100/1875] loss=0.1639 avg_loss=0.1484
[2026-06-03 08:15:35] Epoch 12 train batch [120/1875] loss=0.0519 avg_loss=0.1441
[2026-06-03 08:15:37] Epoch 12 train batch [140/1875] loss=0.1892 avg_loss=0.1428
[2026-06-03 08:15:39] Epoch 12 train batch [160/1875] loss=0.3294 avg_loss=0.1479
[2026-06-03 08:15:40] Epoch 12 train batch [180/1875] loss=0.0373 avg_loss=0.1490
[2026-06-03 08:15:42] Epoch 12 train batch [200/1875] loss=0.2873 avg_loss=0.1478
[2026-06-03 08:15:44] Epoch 12 train batch [220/1875] loss=0.0599 avg_loss=0.1494
[2026-06-03 08:15:46] Epoch 12 train batch [240/1875] loss=0.2529 avg_loss=0.1526
[2026-06-03 08:15:47] Epoch 12 train batch [260/1875] loss=0.0712 avg_loss=0.1525
[2026-06-03 08:15:49] Epoch 12 train batch [280/1875] loss=0.2457 avg_loss=0.1527
[2026-06-03 08:15:51] Epoch 12 train batch [300/1875] loss=0.1959 avg_loss=0.1566
[2026-06-03 08:15:53] Epoch 12 train batch [320/1875] loss=0.0706 avg_loss=0.1580
[2026-06-03 08:15:54] Epoch 12 train batch [340/1875] loss=0.2531 avg_loss=0.1606
[2026-06-03 08:15:56] Epoch 12 train batch [360/1875] loss=0.1474 avg_loss=0.1598
[2026-06-03 08:15:58] Epoch 12 train batch [380/1875] loss=0.3211 avg_loss=0.1597
[2026-06-03 08:15:59] Epoch 12 train batch [400/1875] loss=0.2064 avg_loss=0.1594
[2026-06-03 08:16:01] Epoch 12 train batch [420/1875] loss=0.0879 avg_loss=0.1585
[2026-06-03 08:16:03] Epoch 12 train batch [440/1875] loss=0.0509 avg_loss=0.1586
[2026-06-03 08:16:05] Epoch 12 train batch [460/1875] loss=0.0776 avg_loss=0.1596
[2026-06-03 08:16:07] Epoch 12 train batch [480/1875] loss=0.0649 avg_loss=0.1585
[2026-06-03 08:16:08] Epoch 12 train batch [500/1875] loss=0.2208 avg_loss=0.1592
[2026-06-03 08:16:10] Epoch 12 train batch [520/1875] loss=0.1413 avg_loss=0.1581
[2026-06-03 08:16:12] Epoch 12 train batch [540/1875] loss=0.0713 avg_loss=0.1583
[2026-06-03 08:16:14] Epoch 12 train batch [560/1875] loss=0.3272 avg_loss=0.1591
[2026-06-03 08:16:15] Epoch 12 train batch [580/1875] loss=0.0826 avg_loss=0.1585
[2026-06-03 08:16:17] Epoch 12 train batch [600/1875] loss=0.0395 avg_loss=0.1586
[2026-06-03 08:16:19] Epoch 12 train batch [620/1875] loss=0.1145 avg_loss=0.1587
[2026-06-03 08:16:21] Epoch 12 train batch [640/1875] loss=0.5064 avg_loss=0.1593
[2026-06-03 08:16:22] Epoch 12 train batch [660/1875] loss=0.0233 avg_loss=0.1586
[2026-06-03 08:16:24] Epoch 12 train batch [680/1875] loss=0.4562 avg_loss=0.1596
[2026-06-03 08:16:26] Epoch 12 train batch [700/1875] loss=0.0943 avg_loss=0.1596
[2026-06-03 08:16:28] Epoch 12 train batch [720/1875] loss=0.0018 avg_loss=0.1588
[2026-06-03 08:16:29] Epoch 12 train batch [740/1875] loss=0.0773 avg_loss=0.1581
[2026-06-03 08:16:31] Epoch 12 train batch [760/1875] loss=0.0519 avg_loss=0.1582
[2026-06-03 08:16:33] Epoch 12 train batch [780/1875] loss=0.1497 avg_loss=0.1581
[2026-06-03 08:16:35] Epoch 12 train batch [800/1875] loss=0.2765 avg_loss=0.1579
[2026-06-03 08:16:36] Epoch 12 train batch [820/1875] loss=0.0771 avg_loss=0.1582
[2026-06-03 08:16:38] Epoch 12 train batch [840/1875] loss=0.1784 avg_loss=0.1575
[2026-06-03 08:16:40] Epoch 12 train batch [860/1875] loss=0.2603 avg_loss=0.1579
[2026-06-03 08:16:42] Epoch 12 train batch [880/1875] loss=0.1827 avg_loss=0.1584
[2026-06-03 08:16:43] Epoch 12 train batch [900/1875] loss=0.1307 avg_loss=0.1581
[2026-06-03 08:16:45] Epoch 12 train batch [920/1875] loss=0.2756 avg_loss=0.1586
[2026-06-03 08:16:47] Epoch 12 train batch [940/1875] loss=0.0709 avg_loss=0.1586
[2026-06-03 08:16:48] Epoch 12 train batch [960/1875] loss=0.1549 avg_loss=0.1589
[2026-06-03 08:16:50] Epoch 12 train batch [980/1875] loss=0.0568 avg_loss=0.1589
[2026-06-03 08:16:52] Epoch 12 train batch [1000/1875] loss=0.3096 avg_loss=0.1603
[2026-06-03 08:16:54] Epoch 12 train batch [1020/1875] loss=0.3906 avg_loss=0.1605
[2026-06-03 08:16:56] Epoch 12 train batch [1040/1875] loss=0.2215 avg_loss=0.1605
[2026-06-03 08:16:57] Epoch 12 train batch [1060/1875] loss=0.0593 avg_loss=0.1608
[2026-06-03 08:16:59] Epoch 12 train batch [1080/1875] loss=0.1595 avg_loss=0.1613
[2026-06-03 08:17:01] Epoch 12 train batch [1100/1875] loss=0.2321 avg_loss=0.1613
[2026-06-03 08:17:03] Epoch 12 train batch [1120/1875] loss=0.0391 avg_loss=0.1612
[2026-06-03 08:17:04] Epoch 12 train batch [1140/1875] loss=0.3482 avg_loss=0.1623
[2026-06-03 08:17:06] Epoch 12 train batch [1160/1875] loss=0.1216 avg_loss=0.1624
[2026-06-03 08:17:08] Epoch 12 train batch [1180/1875] loss=0.2713 avg_loss=0.1621
[2026-06-03 08:17:10] Epoch 12 train batch [1200/1875] loss=0.2982 avg_loss=0.1622
[2026-06-03 08:17:11] Epoch 12 train batch [1220/1875] loss=0.1094 avg_loss=0.1621
[2026-06-03 08:17:13] Epoch 12 train batch [1240/1875] loss=0.1355 avg_loss=0.1628
[2026-06-03 08:17:15] Epoch 12 train batch [1260/1875] loss=0.0765 avg_loss=0.1626
[2026-06-03 08:17:16] Epoch 12 train batch [1280/1875] loss=0.0393 avg_loss=0.1624
[2026-06-03 08:17:18] Epoch 12 train batch [1300/1875] loss=0.2238 avg_loss=0.1621
[2026-06-03 08:17:20] Epoch 12 train batch [1320/1875] loss=0.1323 avg_loss=0.1625
[2026-06-03 08:17:22] Epoch 12 train batch [1340/1875] loss=0.1310 avg_loss=0.1623
[2026-06-03 08:17:24] Epoch 12 train batch [1360/1875] loss=0.0605 avg_loss=0.1618
[2026-06-03 08:17:25] Epoch 12 train batch [1380/1875] loss=0.0818 avg_loss=0.1610
[2026-06-03 08:17:27] Epoch 12 train batch [1400/1875] loss=0.1302 avg_loss=0.1610
[2026-06-03 08:17:29] Epoch 12 train batch [1420/1875] loss=0.0373 avg_loss=0.1606
[2026-06-03 08:17:31] Epoch 12 train batch [1440/1875] loss=0.0546 avg_loss=0.1608
[2026-06-03 08:17:32] Epoch 12 train batch [1460/1875] loss=0.0616 avg_loss=0.1604
[2026-06-03 08:17:34] Epoch 12 train batch [1480/1875] loss=0.3563 avg_loss=0.1600
[2026-06-03 08:17:36] Epoch 12 train batch [1500/1875] loss=0.1160 avg_loss=0.1602
[2026-06-03 08:17:38] Epoch 12 train batch [1520/1875] loss=0.0772 avg_loss=0.1602
[2026-06-03 08:17:39] Epoch 12 train batch [1540/1875] loss=0.1583 avg_loss=0.1600
[2026-06-03 08:17:41] Epoch 12 train batch [1560/1875] loss=0.1037 avg_loss=0.1596
[2026-06-03 08:17:43] Epoch 12 train batch [1580/1875] loss=0.3590 avg_loss=0.1592
[2026-06-03 08:17:45] Epoch 12 train batch [1600/1875] loss=0.2594 avg_loss=0.1590
[2026-06-03 08:17:46] Epoch 12 train batch [1620/1875] loss=0.0794 avg_loss=0.1588
[2026-06-03 08:17:48] Epoch 12 train batch [1640/1875] loss=0.1470 avg_loss=0.1590
[2026-06-03 08:17:50] Epoch 12 train batch [1660/1875] loss=0.1627 avg_loss=0.1589
[2026-06-03 08:17:52] Epoch 12 train batch [1680/1875] loss=0.3617 avg_loss=0.1589
[2026-06-03 08:17:54] Epoch 12 train batch [1700/1875] loss=0.2872 avg_loss=0.1586
[2026-06-03 08:17:55] Epoch 12 train batch [1720/1875] loss=0.0851 avg_loss=0.1586
[2026-06-03 08:17:57] Epoch 12 train batch [1740/1875] loss=0.1836 avg_loss=0.1587
[2026-06-03 08:17:59] Epoch 12 train batch [1760/1875] loss=0.1404 avg_loss=0.1585
[2026-06-03 08:18:01] Epoch 12 train batch [1780/1875] loss=0.1236 avg_loss=0.1584
[2026-06-03 08:18:02] Epoch 12 train batch [1800/1875] loss=0.2076 avg_loss=0.1586
[2026-06-03 08:18:04] Epoch 12 train batch [1820/1875] loss=0.0150 avg_loss=0.1585
[2026-06-03 08:18:06] Epoch 12 train batch [1840/1875] loss=0.1884 avg_loss=0.1583
[2026-06-03 08:18:08] Epoch 12 train batch [1860/1875] loss=0.4045 avg_loss=0.1584
[2026-06-03 08:18:09] Epoch 12 train batch [1875/1875] loss=0.0795 avg_loss=0.1584
[2026-06-03 08:18:09] Epoch 12 training completed. Computing validation loss.
[2026-06-03 08:18:26] Epoch 12 validation loss completed: 0.1824. Computing detection metrics.
[2026-06-03 08:18:43] Epoch 12 metrics computed. Saving artifacts.
[2026-06-03 08:18:44] Epoch 12 did not improve mAP@0.5 enough. Early stopping counter: 2/7.
Epoch [12/30]
├── Train Loss : 0.1584
│   ├── loss_classifier  : 0.0518
│   ├── loss_box_reg     : 0.0957
│   ├── loss_objectness  : 0.0059
│   └── loss_rpn_box_reg : 0.0051
├── Val Loss   : 0.1824
├── mAP@0.5    : 0.7478
├── mAP@0.75   : 0.4545
├── mAP@0.5:0.95 : 0.4314
├── Precision  : 0.5337
├── Recall     : 0.8392
├── GT Boxes   : 2021
├── Predictions: 3178
├── Per-class AP
│   ├── person  : AP50=0.8387, AP75=0.4569, AP50:95=0.4634, P=0.5206, R=0.8948
│   ├── car     : AP50=0.7385, AP75=0.4750, AP50:95=0.4384, P=0.4989, R=0.8092
│   ├── dog     : AP50=0.8455, AP75=0.5920, AP50:95=0.5181, P=0.6755, R=0.8689
│   ├── cat     : AP50=0.8366, AP75=0.5028, AP50:95=0.4885, P=0.7958, R=0.8636
│   └── chair   : AP50=0.4798, AP75=0.2458, AP50:95=0.2488, P=0.4197, R=0.6206
├── LR         : 0.001000
└── Time       : 198.5s
[2026-06-03 08:18:44] Epoch [12/30] completed.
[2026-06-03 08:18:44] Epoch [13/30] started.
[2026-06-03 08:18:46] Epoch 13 train batch [20/1875] loss=0.1877 avg_loss=0.1883
[2026-06-03 08:18:47] Epoch 13 train batch [40/1875] loss=0.0291 avg_loss=0.1527
[2026-06-03 08:18:49] Epoch 13 train batch [60/1875] loss=0.3128 avg_loss=0.1587
[2026-06-03 08:18:51] Epoch 13 train batch [80/1875] loss=0.1925 avg_loss=0.1511
[2026-06-03 08:18:53] Epoch 13 train batch [100/1875] loss=0.2793 avg_loss=0.1477
[2026-06-03 08:18:54] Epoch 13 train batch [120/1875] loss=0.1076 avg_loss=0.1484
[2026-06-03 08:18:56] Epoch 13 train batch [140/1875] loss=0.1303 avg_loss=0.1465
[2026-06-03 08:18:58] Epoch 13 train batch [160/1875] loss=0.0597 avg_loss=0.1509
[2026-06-03 08:19:00] Epoch 13 train batch [180/1875] loss=0.1778 avg_loss=0.1488
[2026-06-03 08:19:01] Epoch 13 train batch [200/1875] loss=0.1198 avg_loss=0.1480
[2026-06-03 08:19:03] Epoch 13 train batch [220/1875] loss=0.1330 avg_loss=0.1454
[2026-06-03 08:19:05] Epoch 13 train batch [240/1875] loss=0.0847 avg_loss=0.1463
[2026-06-03 08:19:07] Epoch 13 train batch [260/1875] loss=0.1841 avg_loss=0.1490
[2026-06-03 08:19:08] Epoch 13 train batch [280/1875] loss=0.0751 avg_loss=0.1466
[2026-06-03 08:19:10] Epoch 13 train batch [300/1875] loss=0.1002 avg_loss=0.1486
[2026-06-03 08:19:12] Epoch 13 train batch [320/1875] loss=0.1801 avg_loss=0.1485
[2026-06-03 08:19:14] Epoch 13 train batch [340/1875] loss=0.2297 avg_loss=0.1488
[2026-06-03 08:19:15] Epoch 13 train batch [360/1875] loss=0.1254 avg_loss=0.1513
[2026-06-03 08:19:17] Epoch 13 train batch [380/1875] loss=0.3123 avg_loss=0.1526
[2026-06-03 08:19:19] Epoch 13 train batch [400/1875] loss=0.2192 avg_loss=0.1526
[2026-06-03 08:19:20] Epoch 13 train batch [420/1875] loss=0.1758 avg_loss=0.1522
[2026-06-03 08:19:22] Epoch 13 train batch [440/1875] loss=0.3893 avg_loss=0.1538
[2026-06-03 08:19:24] Epoch 13 train batch [460/1875] loss=0.1797 avg_loss=0.1543
[2026-06-03 08:19:26] Epoch 13 train batch [480/1875] loss=0.1112 avg_loss=0.1549
[2026-06-03 08:19:27] Epoch 13 train batch [500/1875] loss=0.0952 avg_loss=0.1541
[2026-06-03 08:19:29] Epoch 13 train batch [520/1875] loss=0.0724 avg_loss=0.1535
[2026-06-03 08:19:31] Epoch 13 train batch [540/1875] loss=0.1376 avg_loss=0.1530
[2026-06-03 08:19:33] Epoch 13 train batch [560/1875] loss=0.0771 avg_loss=0.1534
[2026-06-03 08:19:34] Epoch 13 train batch [580/1875] loss=0.0789 avg_loss=0.1527
[2026-06-03 08:19:36] Epoch 13 train batch [600/1875] loss=0.0310 avg_loss=0.1526
[2026-06-03 08:19:38] Epoch 13 train batch [620/1875] loss=0.1905 avg_loss=0.1525
[2026-06-03 08:19:39] Epoch 13 train batch [640/1875] loss=0.6275 avg_loss=0.1528
[2026-06-03 08:19:41] Epoch 13 train batch [660/1875] loss=0.0250 avg_loss=0.1523
[2026-06-03 08:19:43] Epoch 13 train batch [680/1875] loss=0.0844 avg_loss=0.1516
[2026-06-03 08:19:45] Epoch 13 train batch [700/1875] loss=0.1777 avg_loss=0.1504
[2026-06-03 08:19:46] Epoch 13 train batch [720/1875] loss=0.2303 avg_loss=0.1495
[2026-06-03 08:19:48] Epoch 13 train batch [740/1875] loss=0.2113 avg_loss=0.1508
[2026-06-03 08:19:50] Epoch 13 train batch [760/1875] loss=0.0690 avg_loss=0.1515
[2026-06-03 08:19:52] Epoch 13 train batch [780/1875] loss=0.0925 avg_loss=0.1522
[2026-06-03 08:19:54] Epoch 13 train batch [800/1875] loss=0.0531 avg_loss=0.1528
[2026-06-03 08:19:55] Epoch 13 train batch [820/1875] loss=0.0375 avg_loss=0.1539
[2026-06-03 08:19:57] Epoch 13 train batch [840/1875] loss=0.2996 avg_loss=0.1541
[2026-06-03 08:19:59] Epoch 13 train batch [860/1875] loss=0.1878 avg_loss=0.1540
[2026-06-03 08:20:00] Epoch 13 train batch [880/1875] loss=0.0599 avg_loss=0.1529
[2026-06-03 08:20:02] Epoch 13 train batch [900/1875] loss=0.2575 avg_loss=0.1531
[2026-06-03 08:20:04] Epoch 13 train batch [920/1875] loss=0.1573 avg_loss=0.1530
[2026-06-03 08:20:06] Epoch 13 train batch [940/1875] loss=0.1478 avg_loss=0.1542
[2026-06-03 08:20:07] Epoch 13 train batch [960/1875] loss=0.2222 avg_loss=0.1550
[2026-06-03 08:20:09] Epoch 13 train batch [980/1875] loss=0.3642 avg_loss=0.1552
[2026-06-03 08:20:11] Epoch 13 train batch [1000/1875] loss=0.1383 avg_loss=0.1552
[2026-06-03 08:20:13] Epoch 13 train batch [1020/1875] loss=0.2356 avg_loss=0.1553
[2026-06-03 08:20:14] Epoch 13 train batch [1040/1875] loss=0.1879 avg_loss=0.1558
[2026-06-03 08:20:16] Epoch 13 train batch [1060/1875] loss=0.0501 avg_loss=0.1554
[2026-06-03 08:20:18] Epoch 13 train batch [1080/1875] loss=0.0204 avg_loss=0.1556
[2026-06-03 08:20:20] Epoch 13 train batch [1100/1875] loss=0.2681 avg_loss=0.1560
[2026-06-03 08:20:21] Epoch 13 train batch [1120/1875] loss=0.1164 avg_loss=0.1565
[2026-06-03 08:20:23] Epoch 13 train batch [1140/1875] loss=0.2070 avg_loss=0.1559
[2026-06-03 08:20:25] Epoch 13 train batch [1160/1875] loss=0.0709 avg_loss=0.1566
[2026-06-03 08:20:27] Epoch 13 train batch [1180/1875] loss=0.1041 avg_loss=0.1560
[2026-06-03 08:20:28] Epoch 13 train batch [1200/1875] loss=0.1239 avg_loss=0.1563
[2026-06-03 08:20:30] Epoch 13 train batch [1220/1875] loss=0.1006 avg_loss=0.1564
[2026-06-03 08:20:32] Epoch 13 train batch [1240/1875] loss=0.0208 avg_loss=0.1563
[2026-06-03 08:20:34] Epoch 13 train batch [1260/1875] loss=0.1524 avg_loss=0.1568
[2026-06-03 08:20:35] Epoch 13 train batch [1280/1875] loss=0.1535 avg_loss=0.1568
[2026-06-03 08:20:37] Epoch 13 train batch [1300/1875] loss=0.0793 avg_loss=0.1573
[2026-06-03 08:20:39] Epoch 13 train batch [1320/1875] loss=0.1167 avg_loss=0.1569
[2026-06-03 08:20:41] Epoch 13 train batch [1340/1875] loss=0.0517 avg_loss=0.1571
[2026-06-03 08:20:42] Epoch 13 train batch [1360/1875] loss=0.1073 avg_loss=0.1570
[2026-06-03 08:20:44] Epoch 13 train batch [1380/1875] loss=0.2127 avg_loss=0.1569
[2026-06-03 08:20:46] Epoch 13 train batch [1400/1875] loss=0.1332 avg_loss=0.1567
[2026-06-03 08:20:48] Epoch 13 train batch [1420/1875] loss=0.1948 avg_loss=0.1565
[2026-06-03 08:20:50] Epoch 13 train batch [1440/1875] loss=0.1413 avg_loss=0.1566
[2026-06-03 08:20:51] Epoch 13 train batch [1460/1875] loss=0.2677 avg_loss=0.1564
[2026-06-03 08:20:53] Epoch 13 train batch [1480/1875] loss=0.3287 avg_loss=0.1565
[2026-06-03 08:20:55] Epoch 13 train batch [1500/1875] loss=0.1283 avg_loss=0.1568
[2026-06-03 08:20:56] Epoch 13 train batch [1520/1875] loss=0.0396 avg_loss=0.1565
[2026-06-03 08:20:58] Epoch 13 train batch [1540/1875] loss=0.1037 avg_loss=0.1567
[2026-06-03 08:21:00] Epoch 13 train batch [1560/1875] loss=0.1032 avg_loss=0.1564
[2026-06-03 08:21:02] Epoch 13 train batch [1580/1875] loss=0.1839 avg_loss=0.1565
[2026-06-03 08:21:03] Epoch 13 train batch [1600/1875] loss=0.2903 avg_loss=0.1562
[2026-06-03 08:21:05] Epoch 13 train batch [1620/1875] loss=0.0370 avg_loss=0.1563
[2026-06-03 08:21:07] Epoch 13 train batch [1640/1875] loss=0.1654 avg_loss=0.1564
[2026-06-03 08:21:09] Epoch 13 train batch [1660/1875] loss=0.1214 avg_loss=0.1560
[2026-06-03 08:21:10] Epoch 13 train batch [1680/1875] loss=0.1204 avg_loss=0.1555
[2026-06-03 08:21:12] Epoch 13 train batch [1700/1875] loss=0.0928 avg_loss=0.1556
[2026-06-03 08:21:14] Epoch 13 train batch [1720/1875] loss=0.1459 avg_loss=0.1555
[2026-06-03 08:21:15] Epoch 13 train batch [1740/1875] loss=0.1174 avg_loss=0.1554
[2026-06-03 08:21:17] Epoch 13 train batch [1760/1875] loss=0.2004 avg_loss=0.1557
[2026-06-03 08:21:19] Epoch 13 train batch [1780/1875] loss=0.1334 avg_loss=0.1551
[2026-06-03 08:21:21] Epoch 13 train batch [1800/1875] loss=0.0623 avg_loss=0.1546
[2026-06-03 08:21:22] Epoch 13 train batch [1820/1875] loss=0.0121 avg_loss=0.1547
[2026-06-03 08:21:24] Epoch 13 train batch [1840/1875] loss=0.1381 avg_loss=0.1542
[2026-06-03 08:21:26] Epoch 13 train batch [1860/1875] loss=0.2004 avg_loss=0.1545
[2026-06-03 08:21:27] Epoch 13 train batch [1875/1875] loss=0.3948 avg_loss=0.1542
[2026-06-03 08:21:27] Epoch 13 training completed. Computing validation loss.
[2026-06-03 08:21:45] Epoch 13 validation loss completed: 0.1761. Computing detection metrics.
[2026-06-03 08:22:01] Epoch 13 metrics computed. Saving artifacts.
[2026-06-03 08:22:03] Epoch 13 improved mAP@0.5 to 0.7634. Saved best checkpoint: best_model-20260603-073843.pth.
Epoch [13/30]
├── Train Loss : 0.1542
│   ├── loss_classifier  : 0.0504
│   ├── loss_box_reg     : 0.0932
│   ├── loss_objectness  : 0.0057
│   └── loss_rpn_box_reg : 0.0049
├── Val Loss   : 0.1761
├── mAP@0.5    : 0.7634
├── mAP@0.75   : 0.4383
├── mAP@0.5:0.95 : 0.4329
├── Precision  : 0.5875
├── Recall     : 0.8273
├── GT Boxes   : 2021
├── Predictions: 2846
├── Per-class AP
│   ├── person  : AP50=0.8150, AP75=0.3946, AP50:95=0.4253, P=0.6439, R=0.8501
│   ├── car     : AP50=0.7564, AP75=0.4635, AP50:95=0.4435, P=0.5395, R=0.8198
│   ├── dog     : AP50=0.8549, AP75=0.5923, AP50:95=0.5292, P=0.6816, R=0.8835
│   ├── cat     : AP50=0.8699, AP75=0.5006, AP50:95=0.5005, P=0.6738, R=0.8920
│   └── chair   : AP50=0.5210, AP75=0.2407, AP50:95=0.2661, P=0.3775, R=0.6667
├── LR         : 0.001000
└── Time       : 197.7s
[2026-06-03 08:22:03] Epoch [13/30] completed.
[2026-06-03 08:22:03] Epoch [14/30] started.
[2026-06-03 08:22:05] Epoch 14 train batch [20/1875] loss=0.0560 avg_loss=0.1718
[2026-06-03 08:22:07] Epoch 14 train batch [40/1875] loss=0.0312 avg_loss=0.1618
[2026-06-03 08:22:09] Epoch 14 train batch [60/1875] loss=0.1140 avg_loss=0.1495
[2026-06-03 08:22:10] Epoch 14 train batch [80/1875] loss=0.0822 avg_loss=0.1498
[2026-06-03 08:22:12] Epoch 14 train batch [100/1875] loss=0.2445 avg_loss=0.1565
[2026-06-03 08:22:14] Epoch 14 train batch [120/1875] loss=0.3979 avg_loss=0.1554
[2026-06-03 08:22:16] Epoch 14 train batch [140/1875] loss=0.2093 avg_loss=0.1506
[2026-06-03 08:22:17] Epoch 14 train batch [160/1875] loss=0.1631 avg_loss=0.1516
[2026-06-03 08:22:19] Epoch 14 train batch [180/1875] loss=0.0859 avg_loss=0.1511
[2026-06-03 08:22:21] Epoch 14 train batch [200/1875] loss=0.0930 avg_loss=0.1490
[2026-06-03 08:22:23] Epoch 14 train batch [220/1875] loss=0.1217 avg_loss=0.1497
[2026-06-03 08:22:24] Epoch 14 train batch [240/1875] loss=0.2815 avg_loss=0.1479
[2026-06-03 08:22:26] Epoch 14 train batch [260/1875] loss=0.0369 avg_loss=0.1473
[2026-06-03 08:22:28] Epoch 14 train batch [280/1875] loss=0.2968 avg_loss=0.1452
[2026-06-03 08:22:30] Epoch 14 train batch [300/1875] loss=0.1119 avg_loss=0.1466
[2026-06-03 08:22:31] Epoch 14 train batch [320/1875] loss=0.0886 avg_loss=0.1497
[2026-06-03 08:22:33] Epoch 14 train batch [340/1875] loss=0.0263 avg_loss=0.1484
[2026-06-03 08:22:35] Epoch 14 train batch [360/1875] loss=0.1677 avg_loss=0.1477
[2026-06-03 08:22:37] Epoch 14 train batch [380/1875] loss=0.2586 avg_loss=0.1472
[2026-06-03 08:22:38] Epoch 14 train batch [400/1875] loss=0.1112 avg_loss=0.1480
[2026-06-03 08:22:40] Epoch 14 train batch [420/1875] loss=0.3251 avg_loss=0.1499
[2026-06-03 08:22:42] Epoch 14 train batch [440/1875] loss=0.1356 avg_loss=0.1493
[2026-06-03 08:22:43] Epoch 14 train batch [460/1875] loss=0.0159 avg_loss=0.1501
[2026-06-03 08:22:45] Epoch 14 train batch [480/1875] loss=0.1825 avg_loss=0.1499
[2026-06-03 08:22:47] Epoch 14 train batch [500/1875] loss=0.0573 avg_loss=0.1491
[2026-06-03 08:22:49] Epoch 14 train batch [520/1875] loss=0.1705 avg_loss=0.1499
[2026-06-03 08:22:50] Epoch 14 train batch [540/1875] loss=0.1793 avg_loss=0.1508
[2026-06-03 08:22:52] Epoch 14 train batch [560/1875] loss=0.1283 avg_loss=0.1506
[2026-06-03 08:22:54] Epoch 14 train batch [580/1875] loss=0.2010 avg_loss=0.1519
[2026-06-03 08:22:55] Epoch 14 train batch [600/1875] loss=0.0888 avg_loss=0.1531
[2026-06-03 08:22:57] Epoch 14 train batch [620/1875] loss=0.0927 avg_loss=0.1532
[2026-06-03 08:22:59] Epoch 14 train batch [640/1875] loss=0.2701 avg_loss=0.1529
[2026-06-03 08:23:01] Epoch 14 train batch [660/1875] loss=0.1182 avg_loss=0.1526
[2026-06-03 08:23:02] Epoch 14 train batch [680/1875] loss=0.2229 avg_loss=0.1523
[2026-06-03 08:23:04] Epoch 14 train batch [700/1875] loss=0.1958 avg_loss=0.1531
[2026-06-03 08:23:06] Epoch 14 train batch [720/1875] loss=0.1588 avg_loss=0.1535
[2026-06-03 08:23:08] Epoch 14 train batch [740/1875] loss=0.2748 avg_loss=0.1535
[2026-06-03 08:23:09] Epoch 14 train batch [760/1875] loss=0.1547 avg_loss=0.1530
[2026-06-03 08:23:11] Epoch 14 train batch [780/1875] loss=0.0218 avg_loss=0.1526
[2026-06-03 08:23:13] Epoch 14 train batch [800/1875] loss=0.1942 avg_loss=0.1513
[2026-06-03 08:23:15] Epoch 14 train batch [820/1875] loss=0.1480 avg_loss=0.1514
[2026-06-03 08:23:17] Epoch 14 train batch [840/1875] loss=0.1075 avg_loss=0.1506
[2026-06-03 08:23:18] Epoch 14 train batch [860/1875] loss=0.1642 avg_loss=0.1506
[2026-06-03 08:23:20] Epoch 14 train batch [880/1875] loss=0.2057 avg_loss=0.1505
[2026-06-03 08:23:22] Epoch 14 train batch [900/1875] loss=0.1815 avg_loss=0.1502
[2026-06-03 08:23:23] Epoch 14 train batch [920/1875] loss=0.3620 avg_loss=0.1505
[2026-06-03 08:23:25] Epoch 14 train batch [940/1875] loss=0.0566 avg_loss=0.1505
[2026-06-03 08:23:27] Epoch 14 train batch [960/1875] loss=0.1143 avg_loss=0.1496
[2026-06-03 08:23:29] Epoch 14 train batch [980/1875] loss=0.0287 avg_loss=0.1490
[2026-06-03 08:23:31] Epoch 14 train batch [1000/1875] loss=0.0617 avg_loss=0.1485
[2026-06-03 08:23:32] Epoch 14 train batch [1020/1875] loss=0.0467 avg_loss=0.1485
[2026-06-03 08:23:34] Epoch 14 train batch [1040/1875] loss=0.0430 avg_loss=0.1488
[2026-06-03 08:23:36] Epoch 14 train batch [1060/1875] loss=0.0314 avg_loss=0.1493
[2026-06-03 08:23:37] Epoch 14 train batch [1080/1875] loss=0.2871 avg_loss=0.1491
[2026-06-03 08:23:39] Epoch 14 train batch [1100/1875] loss=0.2586 avg_loss=0.1496
[2026-06-03 08:23:41] Epoch 14 train batch [1120/1875] loss=0.0978 avg_loss=0.1493
[2026-06-03 08:23:43] Epoch 14 train batch [1140/1875] loss=0.1199 avg_loss=0.1493
[2026-06-03 08:23:44] Epoch 14 train batch [1160/1875] loss=0.0622 avg_loss=0.1496
[2026-06-03 08:23:46] Epoch 14 train batch [1180/1875] loss=0.1388 avg_loss=0.1494
[2026-06-03 08:23:48] Epoch 14 train batch [1200/1875] loss=0.1282 avg_loss=0.1490
[2026-06-03 08:23:50] Epoch 14 train batch [1220/1875] loss=0.0462 avg_loss=0.1491
[2026-06-03 08:23:52] Epoch 14 train batch [1240/1875] loss=0.2289 avg_loss=0.1492
[2026-06-03 08:23:53] Epoch 14 train batch [1260/1875] loss=0.1112 avg_loss=0.1491
[2026-06-03 08:23:55] Epoch 14 train batch [1280/1875] loss=0.0682 avg_loss=0.1491
[2026-06-03 08:23:57] Epoch 14 train batch [1300/1875] loss=0.2062 avg_loss=0.1491
[2026-06-03 08:23:59] Epoch 14 train batch [1320/1875] loss=0.1185 avg_loss=0.1486
[2026-06-03 08:24:00] Epoch 14 train batch [1340/1875] loss=0.1693 avg_loss=0.1487
[2026-06-03 08:24:02] Epoch 14 train batch [1360/1875] loss=0.0316 avg_loss=0.1486
[2026-06-03 08:24:04] Epoch 14 train batch [1380/1875] loss=0.0173 avg_loss=0.1483
[2026-06-03 08:24:06] Epoch 14 train batch [1400/1875] loss=0.1415 avg_loss=0.1483
[2026-06-03 08:24:08] Epoch 14 train batch [1420/1875] loss=0.1531 avg_loss=0.1483
[2026-06-03 08:24:09] Epoch 14 train batch [1440/1875] loss=0.0827 avg_loss=0.1481
[2026-06-03 08:24:11] Epoch 14 train batch [1460/1875] loss=0.3151 avg_loss=0.1483
[2026-06-03 08:24:13] Epoch 14 train batch [1480/1875] loss=0.1762 avg_loss=0.1483
[2026-06-03 08:24:15] Epoch 14 train batch [1500/1875] loss=0.1511 avg_loss=0.1487
[2026-06-03 08:24:16] Epoch 14 train batch [1520/1875] loss=0.2524 avg_loss=0.1484
[2026-06-03 08:24:18] Epoch 14 train batch [1540/1875] loss=0.3035 avg_loss=0.1484
[2026-06-03 08:24:20] Epoch 14 train batch [1560/1875] loss=0.0342 avg_loss=0.1485
[2026-06-03 08:24:22] Epoch 14 train batch [1580/1875] loss=0.1051 avg_loss=0.1485
[2026-06-03 08:24:23] Epoch 14 train batch [1600/1875] loss=0.1235 avg_loss=0.1486
[2026-06-03 08:24:25] Epoch 14 train batch [1620/1875] loss=0.2774 avg_loss=0.1488
[2026-06-03 08:24:27] Epoch 14 train batch [1640/1875] loss=0.2210 avg_loss=0.1488
[2026-06-03 08:24:29] Epoch 14 train batch [1660/1875] loss=0.1220 avg_loss=0.1485
[2026-06-03 08:24:30] Epoch 14 train batch [1680/1875] loss=0.1934 avg_loss=0.1489
[2026-06-03 08:24:32] Epoch 14 train batch [1700/1875] loss=0.4276 avg_loss=0.1495
[2026-06-03 08:24:34] Epoch 14 train batch [1720/1875] loss=0.1110 avg_loss=0.1496
[2026-06-03 08:24:36] Epoch 14 train batch [1740/1875] loss=0.0902 avg_loss=0.1496
[2026-06-03 08:24:37] Epoch 14 train batch [1760/1875] loss=0.1991 avg_loss=0.1498
[2026-06-03 08:24:39] Epoch 14 train batch [1780/1875] loss=0.0342 avg_loss=0.1498
[2026-06-03 08:24:41] Epoch 14 train batch [1800/1875] loss=0.1435 avg_loss=0.1497
[2026-06-03 08:24:43] Epoch 14 train batch [1820/1875] loss=0.0587 avg_loss=0.1499
[2026-06-03 08:24:44] Epoch 14 train batch [1840/1875] loss=0.1035 avg_loss=0.1499
[2026-06-03 08:24:46] Epoch 14 train batch [1860/1875] loss=0.5244 avg_loss=0.1499
[2026-06-03 08:24:48] Epoch 14 train batch [1875/1875] loss=0.2756 avg_loss=0.1499
[2026-06-03 08:24:48] Epoch 14 training completed. Computing validation loss.
[2026-06-03 08:25:05] Epoch 14 validation loss completed: 0.1810. Computing detection metrics.
[2026-06-03 08:25:22] Epoch 14 metrics computed. Saving artifacts.
[2026-06-03 08:25:23] Epoch 14 improved mAP@0.5 to 0.7735. Saved best checkpoint: best_model-20260603-073843.pth.
Epoch [14/30]
├── Train Loss : 0.1499
│   ├── loss_classifier  : 0.0485
│   ├── loss_box_reg     : 0.0910
│   ├── loss_objectness  : 0.0056
│   └── loss_rpn_box_reg : 0.0048
├── Val Loss   : 0.1810
├── mAP@0.5    : 0.7735
├── mAP@0.75   : 0.4417
├── mAP@0.5:0.95 : 0.4376
├── Precision  : 0.4498
├── Recall     : 0.8595
├── GT Boxes   : 2021
├── Predictions: 3862
├── Per-class AP
│   ├── person  : AP50=0.8363, AP75=0.4713, AP50:95=0.4700, P=0.5254, R=0.8845
│   ├── car     : AP50=0.7488, AP75=0.4927, AP50:95=0.4479, P=0.3692, R=0.8375
│   ├── dog     : AP50=0.8333, AP75=0.4910, AP50:95=0.4756, P=0.5927, R=0.8689
│   ├── cat     : AP50=0.8776, AP75=0.4844, AP50:95=0.4986, P=0.4175, R=0.9205
│   └── chair   : AP50=0.5713, AP75=0.2690, AP50:95=0.2956, P=0.2895, R=0.7411
├── LR         : 0.001000
└── Time       : 199.1s
[2026-06-03 08:25:23] Epoch [14/30] completed.
[2026-06-03 08:25:23] Epoch [15/30] started.
[2026-06-03 08:25:25] Epoch 15 train batch [20/1875] loss=0.0822 avg_loss=0.1384
[2026-06-03 08:25:27] Epoch 15 train batch [40/1875] loss=0.0679 avg_loss=0.1327
[2026-06-03 08:25:28] Epoch 15 train batch [60/1875] loss=0.2082 avg_loss=0.1537
[2026-06-03 08:25:30] Epoch 15 train batch [80/1875] loss=0.3359 avg_loss=0.1545
[2026-06-03 08:25:32] Epoch 15 train batch [100/1875] loss=0.0738 avg_loss=0.1522
[2026-06-03 08:25:34] Epoch 15 train batch [120/1875] loss=0.1455 avg_loss=0.1468
[2026-06-03 08:25:35] Epoch 15 train batch [140/1875] loss=0.1197 avg_loss=0.1439
[2026-06-03 08:25:37] Epoch 15 train batch [160/1875] loss=0.1049 avg_loss=0.1419
[2026-06-03 08:25:39] Epoch 15 train batch [180/1875] loss=0.0588 avg_loss=0.1398
[2026-06-03 08:25:41] Epoch 15 train batch [200/1875] loss=0.0565 avg_loss=0.1395
[2026-06-03 08:25:42] Epoch 15 train batch [220/1875] loss=0.0910 avg_loss=0.1425
[2026-06-03 08:25:44] Epoch 15 train batch [240/1875] loss=0.1697 avg_loss=0.1426
[2026-06-03 08:25:46] Epoch 15 train batch [260/1875] loss=0.0899 avg_loss=0.1408
[2026-06-03 08:25:48] Epoch 15 train batch [280/1875] loss=0.2120 avg_loss=0.1422
[2026-06-03 08:25:49] Epoch 15 train batch [300/1875] loss=0.1361 avg_loss=0.1433
[2026-06-03 08:25:51] Epoch 15 train batch [320/1875] loss=0.1323 avg_loss=0.1430
[2026-06-03 08:25:53] Epoch 15 train batch [340/1875] loss=0.2075 avg_loss=0.1439
[2026-06-03 08:25:55] Epoch 15 train batch [360/1875] loss=0.0362 avg_loss=0.1454
[2026-06-03 08:25:56] Epoch 15 train batch [380/1875] loss=0.1233 avg_loss=0.1445
[2026-06-03 08:25:58] Epoch 15 train batch [400/1875] loss=0.0613 avg_loss=0.1455
[2026-06-03 08:26:00] Epoch 15 train batch [420/1875] loss=0.1814 avg_loss=0.1446
[2026-06-03 08:26:01] Epoch 15 train batch [440/1875] loss=0.1122 avg_loss=0.1447
[2026-06-03 08:26:03] Epoch 15 train batch [460/1875] loss=0.0840 avg_loss=0.1451
[2026-06-03 08:26:05] Epoch 15 train batch [480/1875] loss=0.1350 avg_loss=0.1457
[2026-06-03 08:26:07] Epoch 15 train batch [500/1875] loss=0.1358 avg_loss=0.1465
[2026-06-03 08:26:08] Epoch 15 train batch [520/1875] loss=0.1078 avg_loss=0.1470
[2026-06-03 08:26:10] Epoch 15 train batch [540/1875] loss=0.2233 avg_loss=0.1460
[2026-06-03 08:26:12] Epoch 15 train batch [560/1875] loss=0.0395 avg_loss=0.1462
[2026-06-03 08:26:14] Epoch 15 train batch [580/1875] loss=0.0826 avg_loss=0.1450
[2026-06-03 08:26:15] Epoch 15 train batch [600/1875] loss=0.0310 avg_loss=0.1457
[2026-06-03 08:26:17] Epoch 15 train batch [620/1875] loss=0.0562 avg_loss=0.1448
[2026-06-03 08:26:19] Epoch 15 train batch [640/1875] loss=0.0512 avg_loss=0.1446
[2026-06-03 08:26:21] Epoch 15 train batch [660/1875] loss=0.0629 avg_loss=0.1437
[2026-06-03 08:26:22] Epoch 15 train batch [680/1875] loss=0.1921 avg_loss=0.1442
[2026-06-03 08:26:24] Epoch 15 train batch [700/1875] loss=0.1994 avg_loss=0.1448
[2026-06-03 08:26:26] Epoch 15 train batch [720/1875] loss=0.1547 avg_loss=0.1462
[2026-06-03 08:26:28] Epoch 15 train batch [740/1875] loss=0.0961 avg_loss=0.1466
[2026-06-03 08:26:29] Epoch 15 train batch [760/1875] loss=0.0706 avg_loss=0.1469
[2026-06-03 08:26:31] Epoch 15 train batch [780/1875] loss=0.1838 avg_loss=0.1477
[2026-06-03 08:26:33] Epoch 15 train batch [800/1875] loss=0.0857 avg_loss=0.1476
[2026-06-03 08:26:35] Epoch 15 train batch [820/1875] loss=0.1297 avg_loss=0.1478
[2026-06-03 08:26:36] Epoch 15 train batch [840/1875] loss=0.0329 avg_loss=0.1474
[2026-06-03 08:26:38] Epoch 15 train batch [860/1875] loss=0.0835 avg_loss=0.1467
[2026-06-03 08:26:40] Epoch 15 train batch [880/1875] loss=0.1678 avg_loss=0.1470
[2026-06-03 08:26:41] Epoch 15 train batch [900/1875] loss=0.1080 avg_loss=0.1471
[2026-06-03 08:26:43] Epoch 15 train batch [920/1875] loss=0.0588 avg_loss=0.1462
[2026-06-03 08:26:45] Epoch 15 train batch [940/1875] loss=0.2299 avg_loss=0.1459
[2026-06-03 08:26:47] Epoch 15 train batch [960/1875] loss=0.1316 avg_loss=0.1455
[2026-06-03 08:26:48] Epoch 15 train batch [980/1875] loss=0.3462 avg_loss=0.1451
[2026-06-03 08:26:50] Epoch 15 train batch [1000/1875] loss=0.0470 avg_loss=0.1450
[2026-06-03 08:26:52] Epoch 15 train batch [1020/1875] loss=0.1752 avg_loss=0.1450
[2026-06-03 08:26:54] Epoch 15 train batch [1040/1875] loss=0.0425 avg_loss=0.1449
[2026-06-03 08:26:55] Epoch 15 train batch [1060/1875] loss=0.1840 avg_loss=0.1451
[2026-06-03 08:26:57] Epoch 15 train batch [1080/1875] loss=0.1707 avg_loss=0.1453
[2026-06-03 08:26:59] Epoch 15 train batch [1100/1875] loss=0.2413 avg_loss=0.1453
[2026-06-03 08:27:01] Epoch 15 train batch [1120/1875] loss=0.2689 avg_loss=0.1456
[2026-06-03 08:27:02] Epoch 15 train batch [1140/1875] loss=0.1255 avg_loss=0.1456
[2026-06-03 08:27:04] Epoch 15 train batch [1160/1875] loss=0.0828 avg_loss=0.1458
[2026-06-03 08:27:06] Epoch 15 train batch [1180/1875] loss=0.2393 avg_loss=0.1465
[2026-06-03 08:27:08] Epoch 15 train batch [1200/1875] loss=0.1130 avg_loss=0.1466
[2026-06-03 08:27:10] Epoch 15 train batch [1220/1875] loss=0.1593 avg_loss=0.1464
[2026-06-03 08:27:11] Epoch 15 train batch [1240/1875] loss=0.1778 avg_loss=0.1464
[2026-06-03 08:27:13] Epoch 15 train batch [1260/1875] loss=0.1199 avg_loss=0.1474
[2026-06-03 08:27:15] Epoch 15 train batch [1280/1875] loss=0.1779 avg_loss=0.1471
[2026-06-03 08:27:16] Epoch 15 train batch [1300/1875] loss=0.0863 avg_loss=0.1471
[2026-06-03 08:27:18] Epoch 15 train batch [1320/1875] loss=0.0516 avg_loss=0.1469
[2026-06-03 08:27:20] Epoch 15 train batch [1340/1875] loss=0.1531 avg_loss=0.1470
[2026-06-03 08:27:22] Epoch 15 train batch [1360/1875] loss=0.1336 avg_loss=0.1472
[2026-06-03 08:27:23] Epoch 15 train batch [1380/1875] loss=0.1047 avg_loss=0.1472
[2026-06-03 08:27:25] Epoch 15 train batch [1400/1875] loss=0.0602 avg_loss=0.1473
[2026-06-03 08:27:27] Epoch 15 train batch [1420/1875] loss=0.0893 avg_loss=0.1473
[2026-06-03 08:27:29] Epoch 15 train batch [1440/1875] loss=0.1432 avg_loss=0.1470
[2026-06-03 08:27:30] Epoch 15 train batch [1460/1875] loss=0.1030 avg_loss=0.1465
[2026-06-03 08:27:32] Epoch 15 train batch [1480/1875] loss=0.2426 avg_loss=0.1471
[2026-06-03 08:27:34] Epoch 15 train batch [1500/1875] loss=0.1539 avg_loss=0.1466
[2026-06-03 08:27:36] Epoch 15 train batch [1520/1875] loss=0.2121 avg_loss=0.1469
[2026-06-03 08:27:37] Epoch 15 train batch [1540/1875] loss=0.3388 avg_loss=0.1470
[2026-06-03 08:27:39] Epoch 15 train batch [1560/1875] loss=0.0808 avg_loss=0.1467
[2026-06-03 08:27:41] Epoch 15 train batch [1580/1875] loss=0.0874 avg_loss=0.1467
[2026-06-03 08:27:43] Epoch 15 train batch [1600/1875] loss=0.0825 avg_loss=0.1467
[2026-06-03 08:27:44] Epoch 15 train batch [1620/1875] loss=0.1031 avg_loss=0.1468
[2026-06-03 08:27:46] Epoch 15 train batch [1640/1875] loss=0.0963 avg_loss=0.1467
[2026-06-03 08:27:48] Epoch 15 train batch [1660/1875] loss=0.1265 avg_loss=0.1470
[2026-06-03 08:27:50] Epoch 15 train batch [1680/1875] loss=0.1480 avg_loss=0.1474
[2026-06-03 08:27:51] Epoch 15 train batch [1700/1875] loss=0.0270 avg_loss=0.1474
[2026-06-03 08:27:53] Epoch 15 train batch [1720/1875] loss=0.1524 avg_loss=0.1477
[2026-06-03 08:27:55] Epoch 15 train batch [1740/1875] loss=0.2616 avg_loss=0.1478
[2026-06-03 08:27:56] Epoch 15 train batch [1760/1875] loss=0.0625 avg_loss=0.1475
[2026-06-03 08:27:58] Epoch 15 train batch [1780/1875] loss=0.1192 avg_loss=0.1472
[2026-06-03 08:28:00] Epoch 15 train batch [1800/1875] loss=0.0579 avg_loss=0.1470
[2026-06-03 08:28:02] Epoch 15 train batch [1820/1875] loss=0.3429 avg_loss=0.1470
[2026-06-03 08:28:04] Epoch 15 train batch [1840/1875] loss=0.2462 avg_loss=0.1470
[2026-06-03 08:28:05] Epoch 15 train batch [1860/1875] loss=0.1335 avg_loss=0.1465
[2026-06-03 08:28:07] Epoch 15 train batch [1875/1875] loss=0.0838 avg_loss=0.1469
[2026-06-03 08:28:07] Epoch 15 training completed. Computing validation loss.
[2026-06-03 08:28:24] Epoch 15 validation loss completed: 0.1778. Computing detection metrics.
[2026-06-03 08:28:41] Epoch 15 metrics computed. Saving artifacts.
[2026-06-03 08:28:41] Epoch 15 did not improve mAP@0.5 enough. Early stopping counter: 1/7.
Epoch [15/30]
├── Train Loss : 0.1469
│   ├── loss_classifier  : 0.0478
│   ├── loss_box_reg     : 0.0892
│   ├── loss_objectness  : 0.0052
│   └── loss_rpn_box_reg : 0.0047
├── Val Loss   : 0.1778
├── mAP@0.5    : 0.7651
├── mAP@0.75   : 0.4566
├── mAP@0.5:0.95 : 0.4422
├── Precision  : 0.5985
├── Recall     : 0.8298
├── GT Boxes   : 2021
├── Predictions: 2802
├── Per-class AP
│   ├── person  : AP50=0.8219, AP75=0.4565, AP50:95=0.4668, P=0.6747, R=0.8557
│   ├── car     : AP50=0.7551, AP75=0.4954, AP50:95=0.4538, P=0.4979, R=0.8198
│   ├── dog     : AP50=0.8471, AP75=0.6195, AP50:95=0.5422, P=0.7355, R=0.8641
│   ├── cat     : AP50=0.8586, AP75=0.4608, AP50:95=0.4758, P=0.7299, R=0.8750
│   └── chair   : AP50=0.5428, AP75=0.2506, AP50:95=0.2725, P=0.3724, R=0.6879
├── LR         : 0.001000
└── Time       : 197.8s
[2026-06-03 08:28:41] Epoch [15/30] completed.
[2026-06-03 08:28:41] Epoch [16/30] started.
[2026-06-03 08:28:43] Epoch 16 train batch [20/1875] loss=0.0571 avg_loss=0.1174
[2026-06-03 08:28:45] Epoch 16 train batch [40/1875] loss=0.3592 avg_loss=0.1193
[2026-06-03 08:28:47] Epoch 16 train batch [60/1875] loss=0.0443 avg_loss=0.1232
[2026-06-03 08:28:49] Epoch 16 train batch [80/1875] loss=0.0449 avg_loss=0.1279
[2026-06-03 08:28:50] Epoch 16 train batch [100/1875] loss=0.1259 avg_loss=0.1255
[2026-06-03 08:28:52] Epoch 16 train batch [120/1875] loss=0.5321 avg_loss=0.1297
[2026-06-03 08:28:54] Epoch 16 train batch [140/1875] loss=0.4226 avg_loss=0.1338
[2026-06-03 08:28:56] Epoch 16 train batch [160/1875] loss=0.0446 avg_loss=0.1337
[2026-06-03 08:28:57] Epoch 16 train batch [180/1875] loss=0.2281 avg_loss=0.1356
[2026-06-03 08:28:59] Epoch 16 train batch [200/1875] loss=0.1112 avg_loss=0.1361
[2026-06-03 08:29:01] Epoch 16 train batch [220/1875] loss=0.0859 avg_loss=0.1360
[2026-06-03 08:29:02] Epoch 16 train batch [240/1875] loss=0.2951 avg_loss=0.1388
[2026-06-03 08:29:04] Epoch 16 train batch [260/1875] loss=0.2632 avg_loss=0.1386
[2026-06-03 08:29:06] Epoch 16 train batch [280/1875] loss=0.0553 avg_loss=0.1367
[2026-06-03 08:29:08] Epoch 16 train batch [300/1875] loss=0.0669 avg_loss=0.1358
[2026-06-03 08:29:09] Epoch 16 train batch [320/1875] loss=0.2457 avg_loss=0.1360
[2026-06-03 08:29:11] Epoch 16 train batch [340/1875] loss=0.1868 avg_loss=0.1374
[2026-06-03 08:29:13] Epoch 16 train batch [360/1875] loss=0.1484 avg_loss=0.1366
[2026-06-03 08:29:15] Epoch 16 train batch [380/1875] loss=0.0563 avg_loss=0.1367
[2026-06-03 08:29:16] Epoch 16 train batch [400/1875] loss=0.0525 avg_loss=0.1350
[2026-06-03 08:29:18] Epoch 16 train batch [420/1875] loss=0.0981 avg_loss=0.1341
[2026-06-03 08:29:20] Epoch 16 train batch [440/1875] loss=0.1035 avg_loss=0.1338
[2026-06-03 08:29:22] Epoch 16 train batch [460/1875] loss=0.0004 avg_loss=0.1336
[2026-06-03 08:29:24] Epoch 16 train batch [480/1875] loss=0.1255 avg_loss=0.1351
[2026-06-03 08:29:25] Epoch 16 train batch [500/1875] loss=0.0760 avg_loss=0.1346
[2026-06-03 08:29:27] Epoch 16 train batch [520/1875] loss=0.2437 avg_loss=0.1341
[2026-06-03 08:29:29] Epoch 16 train batch [540/1875] loss=0.0852 avg_loss=0.1352
[2026-06-03 08:29:30] Epoch 16 train batch [560/1875] loss=0.2094 avg_loss=0.1356
[2026-06-03 08:29:32] Epoch 16 train batch [580/1875] loss=0.0542 avg_loss=0.1349
[2026-06-03 08:29:34] Epoch 16 train batch [600/1875] loss=0.1725 avg_loss=0.1346
[2026-06-03 08:29:36] Epoch 16 train batch [620/1875] loss=0.2106 avg_loss=0.1353
[2026-06-03 08:29:38] Epoch 16 train batch [640/1875] loss=0.0982 avg_loss=0.1352
[2026-06-03 08:29:39] Epoch 16 train batch [660/1875] loss=0.1938 avg_loss=0.1344
[2026-06-03 08:29:41] Epoch 16 train batch [680/1875] loss=0.0335 avg_loss=0.1344
[2026-06-03 08:29:43] Epoch 16 train batch [700/1875] loss=0.1168 avg_loss=0.1340
[2026-06-03 08:29:45] Epoch 16 train batch [720/1875] loss=0.1135 avg_loss=0.1331
[2026-06-03 08:29:46] Epoch 16 train batch [740/1875] loss=0.1467 avg_loss=0.1333
[2026-06-03 08:29:48] Epoch 16 train batch [760/1875] loss=0.1370 avg_loss=0.1335
[2026-06-03 08:29:50] Epoch 16 train batch [780/1875] loss=0.1671 avg_loss=0.1327
[2026-06-03 08:29:51] Epoch 16 train batch [800/1875] loss=0.2799 avg_loss=0.1329
[2026-06-03 08:29:53] Epoch 16 train batch [820/1875] loss=0.0550 avg_loss=0.1324
[2026-06-03 08:29:55] Epoch 16 train batch [840/1875] loss=0.2768 avg_loss=0.1329
[2026-06-03 08:29:57] Epoch 16 train batch [860/1875] loss=0.0586 avg_loss=0.1331
[2026-06-03 08:29:58] Epoch 16 train batch [880/1875] loss=0.0251 avg_loss=0.1329
[2026-06-03 08:30:00] Epoch 16 train batch [900/1875] loss=0.1330 avg_loss=0.1334
[2026-06-03 08:30:02] Epoch 16 train batch [920/1875] loss=0.0562 avg_loss=0.1328
[2026-06-03 08:30:04] Epoch 16 train batch [940/1875] loss=0.1156 avg_loss=0.1323
[2026-06-03 08:30:05] Epoch 16 train batch [960/1875] loss=0.0481 avg_loss=0.1320
[2026-06-03 08:30:07] Epoch 16 train batch [980/1875] loss=0.0416 avg_loss=0.1314
[2026-06-03 08:30:09] Epoch 16 train batch [1000/1875] loss=0.0417 avg_loss=0.1314
[2026-06-03 08:30:11] Epoch 16 train batch [1020/1875] loss=0.0436 avg_loss=0.1310
[2026-06-03 08:30:12] Epoch 16 train batch [1040/1875] loss=0.3747 avg_loss=0.1315
[2026-06-03 08:30:14] Epoch 16 train batch [1060/1875] loss=0.0502 avg_loss=0.1310
[2026-06-03 08:30:16] Epoch 16 train batch [1080/1875] loss=0.2761 avg_loss=0.1309
[2026-06-03 08:30:17] Epoch 16 train batch [1100/1875] loss=0.1561 avg_loss=0.1310
[2026-06-03 08:30:19] Epoch 16 train batch [1120/1875] loss=0.0596 avg_loss=0.1306
[2026-06-03 08:30:21] Epoch 16 train batch [1140/1875] loss=0.2595 avg_loss=0.1308
[2026-06-03 08:30:23] Epoch 16 train batch [1160/1875] loss=0.1733 avg_loss=0.1312
[2026-06-03 08:30:24] Epoch 16 train batch [1180/1875] loss=0.0588 avg_loss=0.1317
[2026-06-03 08:30:26] Epoch 16 train batch [1200/1875] loss=0.3323 avg_loss=0.1323
[2026-06-03 08:30:28] Epoch 16 train batch [1220/1875] loss=0.1177 avg_loss=0.1321
[2026-06-03 08:30:30] Epoch 16 train batch [1240/1875] loss=0.1297 avg_loss=0.1320
[2026-06-03 08:30:31] Epoch 16 train batch [1260/1875] loss=0.1380 avg_loss=0.1320
[2026-06-03 08:30:33] Epoch 16 train batch [1280/1875] loss=0.0722 avg_loss=0.1323
[2026-06-03 08:30:35] Epoch 16 train batch [1300/1875] loss=0.1075 avg_loss=0.1321
[2026-06-03 08:30:37] Epoch 16 train batch [1320/1875] loss=0.1077 avg_loss=0.1330
[2026-06-03 08:30:39] Epoch 16 train batch [1340/1875] loss=0.0619 avg_loss=0.1332
[2026-06-03 08:30:40] Epoch 16 train batch [1360/1875] loss=0.2103 avg_loss=0.1329
[2026-06-03 08:30:42] Epoch 16 train batch [1380/1875] loss=0.1456 avg_loss=0.1331
[2026-06-03 08:30:44] Epoch 16 train batch [1400/1875] loss=0.0389 avg_loss=0.1327
[2026-06-03 08:30:46] Epoch 16 train batch [1420/1875] loss=0.1188 avg_loss=0.1326
[2026-06-03 08:30:47] Epoch 16 train batch [1440/1875] loss=0.3943 avg_loss=0.1324
[2026-06-03 08:30:49] Epoch 16 train batch [1460/1875] loss=0.2750 avg_loss=0.1326
[2026-06-03 08:30:51] Epoch 16 train batch [1480/1875] loss=0.0821 avg_loss=0.1325
[2026-06-03 08:30:53] Epoch 16 train batch [1500/1875] loss=0.1381 avg_loss=0.1321
[2026-06-03 08:30:54] Epoch 16 train batch [1520/1875] loss=0.2893 avg_loss=0.1325
[2026-06-03 08:30:56] Epoch 16 train batch [1540/1875] loss=0.5166 avg_loss=0.1325
[2026-06-03 08:30:58] Epoch 16 train batch [1560/1875] loss=0.2252 avg_loss=0.1323
[2026-06-03 08:31:00] Epoch 16 train batch [1580/1875] loss=0.3508 avg_loss=0.1326
[2026-06-03 08:31:02] Epoch 16 train batch [1600/1875] loss=0.0333 avg_loss=0.1330
[2026-06-03 08:31:03] Epoch 16 train batch [1620/1875] loss=0.0808 avg_loss=0.1328
[2026-06-03 08:31:05] Epoch 16 train batch [1640/1875] loss=0.1967 avg_loss=0.1326
[2026-06-03 08:31:07] Epoch 16 train batch [1660/1875] loss=0.0317 avg_loss=0.1324
[2026-06-03 08:31:08] Epoch 16 train batch [1680/1875] loss=0.1325 avg_loss=0.1323
[2026-06-03 08:31:10] Epoch 16 train batch [1700/1875] loss=0.0849 avg_loss=0.1323
[2026-06-03 08:31:12] Epoch 16 train batch [1720/1875] loss=0.3139 avg_loss=0.1324
[2026-06-03 08:31:14] Epoch 16 train batch [1740/1875] loss=0.1886 avg_loss=0.1324
[2026-06-03 08:31:15] Epoch 16 train batch [1760/1875] loss=0.1281 avg_loss=0.1323
[2026-06-03 08:31:17] Epoch 16 train batch [1780/1875] loss=0.1306 avg_loss=0.1319
[2026-06-03 08:31:19] Epoch 16 train batch [1800/1875] loss=0.0945 avg_loss=0.1317
[2026-06-03 08:31:21] Epoch 16 train batch [1820/1875] loss=0.1486 avg_loss=0.1316
[2026-06-03 08:31:22] Epoch 16 train batch [1840/1875] loss=0.0615 avg_loss=0.1315
[2026-06-03 08:31:24] Epoch 16 train batch [1860/1875] loss=0.3685 avg_loss=0.1319
[2026-06-03 08:31:26] Epoch 16 train batch [1875/1875] loss=0.0843 avg_loss=0.1317
[2026-06-03 08:31:26] Epoch 16 training completed. Computing validation loss.
[2026-06-03 08:31:43] Epoch 16 validation loss completed: 0.1749. Computing detection metrics.
[2026-06-03 08:32:00] Epoch 16 metrics computed. Saving artifacts.
[2026-06-03 08:32:01] Epoch 16 improved mAP@0.5 to 0.7822. Saved best checkpoint: best_model-20260603-073843.pth.
Epoch [16/30]
├── Train Loss : 0.1317
│   ├── loss_classifier  : 0.0415
│   ├── loss_box_reg     : 0.0817
│   ├── loss_objectness  : 0.0043
│   └── loss_rpn_box_reg : 0.0042
├── Val Loss   : 0.1749
├── mAP@0.5    : 0.7822
├── mAP@0.75   : 0.4935
├── mAP@0.5:0.95 : 0.4688
├── Precision  : 0.5818
├── Recall     : 0.8446
├── GT Boxes   : 2021
├── Predictions: 2934
├── Per-class AP
│   ├── person  : AP50=0.8354, AP75=0.5038, AP50:95=0.4860, P=0.6035, R=0.8743
│   ├── car     : AP50=0.7658, AP75=0.4886, AP50:95=0.4586, P=0.5295, R=0.8233
│   ├── dog     : AP50=0.8516, AP75=0.6244, AP50:95=0.5497, P=0.6767, R=0.8738
│   ├── cat     : AP50=0.8789, AP75=0.5619, AP50:95=0.5348, P=0.7822, R=0.8977
│   └── chair   : AP50=0.5793, AP75=0.2888, AP50:95=0.3147, P=0.4191, R=0.6986
├── LR         : 0.000100
└── Time       : 198.2s
[2026-06-03 08:32:01] Epoch [16/30] completed.
[2026-06-03 08:32:01] Epoch [17/30] started.
[2026-06-03 08:32:03] Epoch 17 train batch [20/1875] loss=0.0503 avg_loss=0.1259
[2026-06-03 08:32:04] Epoch 17 train batch [40/1875] loss=0.0868 avg_loss=0.1142
[2026-06-03 08:32:06] Epoch 17 train batch [60/1875] loss=0.0669 avg_loss=0.1150
[2026-06-03 08:32:08] Epoch 17 train batch [80/1875] loss=0.2012 avg_loss=0.1144
[2026-06-03 08:32:10] Epoch 17 train batch [100/1875] loss=0.2080 avg_loss=0.1203
[2026-06-03 08:32:12] Epoch 17 train batch [120/1875] loss=0.1025 avg_loss=0.1275
[2026-06-03 08:32:13] Epoch 17 train batch [140/1875] loss=0.1695 avg_loss=0.1339
[2026-06-03 08:32:15] Epoch 17 train batch [160/1875] loss=0.1980 avg_loss=0.1370
[2026-06-03 08:32:17] Epoch 17 train batch [180/1875] loss=0.1118 avg_loss=0.1372
[2026-06-03 08:32:18] Epoch 17 train batch [200/1875] loss=0.2101 avg_loss=0.1375
[2026-06-03 08:32:20] Epoch 17 train batch [220/1875] loss=0.3289 avg_loss=0.1375
[2026-06-03 08:32:22] Epoch 17 train batch [240/1875] loss=0.0134 avg_loss=0.1356
[2026-06-03 08:32:24] Epoch 17 train batch [260/1875] loss=0.1826 avg_loss=0.1352
[2026-06-03 08:32:26] Epoch 17 train batch [280/1875] loss=0.0435 avg_loss=0.1359
[2026-06-03 08:32:27] Epoch 17 train batch [300/1875] loss=0.0251 avg_loss=0.1354
[2026-06-03 08:32:29] Epoch 17 train batch [320/1875] loss=0.2228 avg_loss=0.1348
[2026-06-03 08:32:31] Epoch 17 train batch [340/1875] loss=0.3198 avg_loss=0.1340
[2026-06-03 08:32:32] Epoch 17 train batch [360/1875] loss=0.2824 avg_loss=0.1340
[2026-06-03 08:32:34] Epoch 17 train batch [380/1875] loss=0.0537 avg_loss=0.1330
[2026-06-03 08:32:36] Epoch 17 train batch [400/1875] loss=0.0700 avg_loss=0.1336
[2026-06-03 08:32:38] Epoch 17 train batch [420/1875] loss=0.0727 avg_loss=0.1327
[2026-06-03 08:32:39] Epoch 17 train batch [440/1875] loss=0.2118 avg_loss=0.1337
[2026-06-03 08:32:41] Epoch 17 train batch [460/1875] loss=0.1816 avg_loss=0.1329
[2026-06-03 08:32:43] Epoch 17 train batch [480/1875] loss=0.1541 avg_loss=0.1333
[2026-06-03 08:32:44] Epoch 17 train batch [500/1875] loss=0.1543 avg_loss=0.1333
[2026-06-03 08:32:46] Epoch 17 train batch [520/1875] loss=0.1487 avg_loss=0.1328
[2026-06-03 08:32:48] Epoch 17 train batch [540/1875] loss=0.0450 avg_loss=0.1322
[2026-06-03 08:32:50] Epoch 17 train batch [560/1875] loss=0.0798 avg_loss=0.1322
[2026-06-03 08:32:52] Epoch 17 train batch [580/1875] loss=0.2246 avg_loss=0.1330
[2026-06-03 08:32:53] Epoch 17 train batch [600/1875] loss=0.0807 avg_loss=0.1332
[2026-06-03 08:32:55] Epoch 17 train batch [620/1875] loss=0.1044 avg_loss=0.1331
[2026-06-03 08:32:57] Epoch 17 train batch [640/1875] loss=0.0745 avg_loss=0.1333
[2026-06-03 08:32:59] Epoch 17 train batch [660/1875] loss=0.1553 avg_loss=0.1336
[2026-06-03 08:33:00] Epoch 17 train batch [680/1875] loss=0.1240 avg_loss=0.1348
[2026-06-03 08:33:02] Epoch 17 train batch [700/1875] loss=0.3627 avg_loss=0.1347
[2026-06-03 08:33:04] Epoch 17 train batch [720/1875] loss=0.0359 avg_loss=0.1336
[2026-06-03 08:33:06] Epoch 17 train batch [740/1875] loss=0.0507 avg_loss=0.1335
[2026-06-03 08:33:07] Epoch 17 train batch [760/1875] loss=0.0111 avg_loss=0.1328
[2026-06-03 08:33:09] Epoch 17 train batch [780/1875] loss=0.1834 avg_loss=0.1325
[2026-06-03 08:33:11] Epoch 17 train batch [800/1875] loss=0.1609 avg_loss=0.1319
[2026-06-03 08:33:13] Epoch 17 train batch [820/1875] loss=0.1510 avg_loss=0.1319
[2026-06-03 08:33:15] Epoch 17 train batch [840/1875] loss=0.0426 avg_loss=0.1317
[2026-06-03 08:33:16] Epoch 17 train batch [860/1875] loss=0.0034 avg_loss=0.1311
[2026-06-03 08:33:18] Epoch 17 train batch [880/1875] loss=0.1750 avg_loss=0.1307
[2026-06-03 08:33:20] Epoch 17 train batch [900/1875] loss=0.0436 avg_loss=0.1301
[2026-06-03 08:33:22] Epoch 17 train batch [920/1875] loss=0.0592 avg_loss=0.1310
[2026-06-03 08:33:23] Epoch 17 train batch [940/1875] loss=0.2273 avg_loss=0.1308
[2026-06-03 08:33:25] Epoch 17 train batch [960/1875] loss=0.1358 avg_loss=0.1309
[2026-06-03 08:33:27] Epoch 17 train batch [980/1875] loss=0.2127 avg_loss=0.1310
[2026-06-03 08:33:29] Epoch 17 train batch [1000/1875] loss=0.1251 avg_loss=0.1311
[2026-06-03 08:33:30] Epoch 17 train batch [1020/1875] loss=0.0300 avg_loss=0.1313
[2026-06-03 08:33:32] Epoch 17 train batch [1040/1875] loss=0.0803 avg_loss=0.1310
[2026-06-03 08:33:34] Epoch 17 train batch [1060/1875] loss=0.1363 avg_loss=0.1314
[2026-06-03 08:33:36] Epoch 17 train batch [1080/1875] loss=0.0475 avg_loss=0.1320
[2026-06-03 08:33:37] Epoch 17 train batch [1100/1875] loss=0.0498 avg_loss=0.1324
[2026-06-03 08:33:39] Epoch 17 train batch [1120/1875] loss=0.0635 avg_loss=0.1321
[2026-06-03 08:33:41] Epoch 17 train batch [1140/1875] loss=0.2127 avg_loss=0.1325
[2026-06-03 08:33:43] Epoch 17 train batch [1160/1875] loss=0.1896 avg_loss=0.1325
[2026-06-03 08:33:44] Epoch 17 train batch [1180/1875] loss=0.0315 avg_loss=0.1327
[2026-06-03 08:33:46] Epoch 17 train batch [1200/1875] loss=0.0501 avg_loss=0.1326
[2026-06-03 08:33:48] Epoch 17 train batch [1220/1875] loss=0.2357 avg_loss=0.1324
[2026-06-03 08:33:50] Epoch 17 train batch [1240/1875] loss=0.0748 avg_loss=0.1324
[2026-06-03 08:33:51] Epoch 17 train batch [1260/1875] loss=0.0181 avg_loss=0.1323
[2026-06-03 08:33:53] Epoch 17 train batch [1280/1875] loss=0.2792 avg_loss=0.1323
[2026-06-03 08:33:55] Epoch 17 train batch [1300/1875] loss=0.0612 avg_loss=0.1318
[2026-06-03 08:33:57] Epoch 17 train batch [1320/1875] loss=0.0592 avg_loss=0.1311
[2026-06-03 08:33:58] Epoch 17 train batch [1340/1875] loss=0.1589 avg_loss=0.1309
[2026-06-03 08:34:00] Epoch 17 train batch [1360/1875] loss=0.0128 avg_loss=0.1301
[2026-06-03 08:34:02] Epoch 17 train batch [1380/1875] loss=0.0589 avg_loss=0.1299
[2026-06-03 08:34:04] Epoch 17 train batch [1400/1875] loss=0.1786 avg_loss=0.1301
[2026-06-03 08:34:05] Epoch 17 train batch [1420/1875] loss=0.1545 avg_loss=0.1300
[2026-06-03 08:34:07] Epoch 17 train batch [1440/1875] loss=0.0965 avg_loss=0.1299
[2026-06-03 08:34:09] Epoch 17 train batch [1460/1875] loss=0.1676 avg_loss=0.1301
[2026-06-03 08:34:11] Epoch 17 train batch [1480/1875] loss=0.0447 avg_loss=0.1299
[2026-06-03 08:34:12] Epoch 17 train batch [1500/1875] loss=0.1064 avg_loss=0.1299
[2026-06-03 08:34:14] Epoch 17 train batch [1520/1875] loss=0.0540 avg_loss=0.1300
[2026-06-03 08:34:16] Epoch 17 train batch [1540/1875] loss=0.0977 avg_loss=0.1299
[2026-06-03 08:34:18] Epoch 17 train batch [1560/1875] loss=0.1208 avg_loss=0.1303
[2026-06-03 08:34:19] Epoch 17 train batch [1580/1875] loss=0.3365 avg_loss=0.1307
[2026-06-03 08:34:21] Epoch 17 train batch [1600/1875] loss=0.0379 avg_loss=0.1306
[2026-06-03 08:34:23] Epoch 17 train batch [1620/1875] loss=0.0296 avg_loss=0.1306
[2026-06-03 08:34:25] Epoch 17 train batch [1640/1875] loss=0.3069 avg_loss=0.1301
[2026-06-03 08:34:26] Epoch 17 train batch [1660/1875] loss=0.4230 avg_loss=0.1302
[2026-06-03 08:34:28] Epoch 17 train batch [1680/1875] loss=0.0456 avg_loss=0.1303
[2026-06-03 08:34:30] Epoch 17 train batch [1700/1875] loss=0.4596 avg_loss=0.1304
[2026-06-03 08:34:31] Epoch 17 train batch [1720/1875] loss=0.1755 avg_loss=0.1301
[2026-06-03 08:34:33] Epoch 17 train batch [1740/1875] loss=0.3288 avg_loss=0.1304
[2026-06-03 08:34:35] Epoch 17 train batch [1760/1875] loss=0.2281 avg_loss=0.1307
[2026-06-03 08:34:37] Epoch 17 train batch [1780/1875] loss=0.1148 avg_loss=0.1305
[2026-06-03 08:34:38] Epoch 17 train batch [1800/1875] loss=0.3363 avg_loss=0.1307
[2026-06-03 08:34:40] Epoch 17 train batch [1820/1875] loss=0.1288 avg_loss=0.1305
[2026-06-03 08:34:42] Epoch 17 train batch [1840/1875] loss=0.2429 avg_loss=0.1304
[2026-06-03 08:34:44] Epoch 17 train batch [1860/1875] loss=0.3493 avg_loss=0.1303
[2026-06-03 08:34:45] Epoch 17 train batch [1875/1875] loss=0.1856 avg_loss=0.1302
[2026-06-03 08:34:45] Epoch 17 training completed. Computing validation loss.
[2026-06-03 08:35:02] Epoch 17 validation loss completed: 0.1754. Computing detection metrics.
[2026-06-03 08:35:19] Epoch 17 metrics computed. Saving artifacts.
[2026-06-03 08:35:20] Epoch 17 did not improve mAP@0.5 enough. Early stopping counter: 1/7.
Epoch [17/30]
├── Train Loss : 0.1302
│   ├── loss_classifier  : 0.0408
│   ├── loss_box_reg     : 0.0813
│   ├── loss_objectness  : 0.0040
│   └── loss_rpn_box_reg : 0.0041
├── Val Loss   : 0.1754
├── mAP@0.5    : 0.7830
├── mAP@0.75   : 0.5015
├── mAP@0.5:0.95 : 0.4695
├── Precision  : 0.5914
├── Recall     : 0.8481
├── GT Boxes   : 2021
├── Predictions: 2898
├── Per-class AP
│   ├── person  : AP50=0.8383, AP75=0.4969, AP50:95=0.4829, P=0.6313, R=0.8752
│   ├── car     : AP50=0.7728, AP75=0.4997, AP50:95=0.4636, P=0.5315, R=0.8339
│   ├── dog     : AP50=0.8546, AP75=0.6277, AP50:95=0.5486, P=0.6487, R=0.8786
│   ├── cat     : AP50=0.8668, AP75=0.5822, AP50:95=0.5336, P=0.7761, R=0.8864
│   └── chair   : AP50=0.5825, AP75=0.3009, AP50:95=0.3188, P=0.4144, R=0.7128
├── LR         : 0.000100
└── Time       : 198.1s
[2026-06-03 08:35:20] Epoch [17/30] completed.
[2026-06-03 08:35:20] Epoch [18/30] started.
[2026-06-03 08:35:22] Epoch 18 train batch [20/1875] loss=0.1085 avg_loss=0.1352
[2026-06-03 08:35:23] Epoch 18 train batch [40/1875] loss=0.0784 avg_loss=0.1196
[2026-06-03 08:35:25] Epoch 18 train batch [60/1875] loss=0.4621 avg_loss=0.1334
[2026-06-03 08:35:27] Epoch 18 train batch [80/1875] loss=0.1848 avg_loss=0.1356
[2026-06-03 08:35:29] Epoch 18 train batch [100/1875] loss=0.0404 avg_loss=0.1330
[2026-06-03 08:35:30] Epoch 18 train batch [120/1875] loss=0.1181 avg_loss=0.1354
[2026-06-03 08:35:32] Epoch 18 train batch [140/1875] loss=0.1635 avg_loss=0.1383
[2026-06-03 08:35:34] Epoch 18 train batch [160/1875] loss=0.3515 avg_loss=0.1391
[2026-06-03 08:35:36] Epoch 18 train batch [180/1875] loss=0.1715 avg_loss=0.1389
[2026-06-03 08:35:37] Epoch 18 train batch [200/1875] loss=0.0001 avg_loss=0.1367
[2026-06-03 08:35:39] Epoch 18 train batch [220/1875] loss=0.1749 avg_loss=0.1345
[2026-06-03 08:35:41] Epoch 18 train batch [240/1875] loss=0.2402 avg_loss=0.1354
[2026-06-03 08:35:43] Epoch 18 train batch [260/1875] loss=0.2509 avg_loss=0.1318
[2026-06-03 08:35:44] Epoch 18 train batch [280/1875] loss=0.1474 avg_loss=0.1316
[2026-06-03 08:35:46] Epoch 18 train batch [300/1875] loss=0.0689 avg_loss=0.1315
[2026-06-03 08:35:48] Epoch 18 train batch [320/1875] loss=0.2242 avg_loss=0.1325
[2026-06-03 08:35:50] Epoch 18 train batch [340/1875] loss=0.0674 avg_loss=0.1320
[2026-06-03 08:35:52] Epoch 18 train batch [360/1875] loss=0.0145 avg_loss=0.1305
[2026-06-03 08:35:53] Epoch 18 train batch [380/1875] loss=0.2800 avg_loss=0.1291
[2026-06-03 08:35:55] Epoch 18 train batch [400/1875] loss=0.1521 avg_loss=0.1274
[2026-06-03 08:35:57] Epoch 18 train batch [420/1875] loss=0.1002 avg_loss=0.1267
[2026-06-03 08:35:58] Epoch 18 train batch [440/1875] loss=0.2893 avg_loss=0.1259
[2026-06-03 08:36:00] Epoch 18 train batch [460/1875] loss=0.0541 avg_loss=0.1263
[2026-06-03 08:36:02] Epoch 18 train batch [480/1875] loss=0.0957 avg_loss=0.1258
[2026-06-03 08:36:03] Epoch 18 train batch [500/1875] loss=0.1106 avg_loss=0.1255
[2026-06-03 08:36:05] Epoch 18 train batch [520/1875] loss=0.0225 avg_loss=0.1257
[2026-06-03 08:36:07] Epoch 18 train batch [540/1875] loss=0.0483 avg_loss=0.1258
[2026-06-03 08:36:09] Epoch 18 train batch [560/1875] loss=0.0840 avg_loss=0.1259
[2026-06-03 08:36:10] Epoch 18 train batch [580/1875] loss=0.1784 avg_loss=0.1263
[2026-06-03 08:36:12] Epoch 18 train batch [600/1875] loss=0.1185 avg_loss=0.1259
[2026-06-03 08:36:14] Epoch 18 train batch [620/1875] loss=0.2065 avg_loss=0.1266
[2026-06-03 08:36:16] Epoch 18 train batch [640/1875] loss=0.0769 avg_loss=0.1263
[2026-06-03 08:36:17] Epoch 18 train batch [660/1875] loss=0.2874 avg_loss=0.1266
[2026-06-03 08:36:19] Epoch 18 train batch [680/1875] loss=0.0318 avg_loss=0.1271
[2026-06-03 08:36:21] Epoch 18 train batch [700/1875] loss=0.0300 avg_loss=0.1264
[2026-06-03 08:36:23] Epoch 18 train batch [720/1875] loss=0.1084 avg_loss=0.1267
[2026-06-03 08:36:24] Epoch 18 train batch [740/1875] loss=0.1210 avg_loss=0.1281
[2026-06-03 08:36:26] Epoch 18 train batch [760/1875] loss=0.1510 avg_loss=0.1289
[2026-06-03 08:36:28] Epoch 18 train batch [780/1875] loss=0.0550 avg_loss=0.1286
[2026-06-03 08:36:29] Epoch 18 train batch [800/1875] loss=0.0720 avg_loss=0.1291
[2026-06-03 08:36:31] Epoch 18 train batch [820/1875] loss=0.0362 avg_loss=0.1296
[2026-06-03 08:36:33] Epoch 18 train batch [840/1875] loss=0.0191 avg_loss=0.1298
[2026-06-03 08:36:35] Epoch 18 train batch [860/1875] loss=0.0376 avg_loss=0.1292
[2026-06-03 08:36:37] Epoch 18 train batch [880/1875] loss=0.2407 avg_loss=0.1294
[2026-06-03 08:36:38] Epoch 18 train batch [900/1875] loss=0.0918 avg_loss=0.1291
[2026-06-03 08:36:40] Epoch 18 train batch [920/1875] loss=0.1730 avg_loss=0.1294
[2026-06-03 08:36:42] Epoch 18 train batch [940/1875] loss=0.0634 avg_loss=0.1295
[2026-06-03 08:36:44] Epoch 18 train batch [960/1875] loss=0.1148 avg_loss=0.1293
[2026-06-03 08:36:45] Epoch 18 train batch [980/1875] loss=0.0699 avg_loss=0.1291
[2026-06-03 08:36:47] Epoch 18 train batch [1000/1875] loss=0.0456 avg_loss=0.1289
[2026-06-03 08:36:49] Epoch 18 train batch [1020/1875] loss=0.1145 avg_loss=0.1294
[2026-06-03 08:36:51] Epoch 18 train batch [1040/1875] loss=0.1598 avg_loss=0.1292
[2026-06-03 08:36:52] Epoch 18 train batch [1060/1875] loss=0.0864 avg_loss=0.1290
[2026-06-03 08:36:54] Epoch 18 train batch [1080/1875] loss=0.1027 avg_loss=0.1285
[2026-06-03 08:36:56] Epoch 18 train batch [1100/1875] loss=0.5606 avg_loss=0.1290
[2026-06-03 08:36:58] Epoch 18 train batch [1120/1875] loss=0.0875 avg_loss=0.1292
[2026-06-03 08:37:00] Epoch 18 train batch [1140/1875] loss=0.2242 avg_loss=0.1294
[2026-06-03 08:37:01] Epoch 18 train batch [1160/1875] loss=0.1742 avg_loss=0.1299
[2026-06-03 08:37:03] Epoch 18 train batch [1180/1875] loss=0.1406 avg_loss=0.1301
[2026-06-03 08:37:05] Epoch 18 train batch [1200/1875] loss=0.2984 avg_loss=0.1305
[2026-06-03 08:37:07] Epoch 18 train batch [1220/1875] loss=0.0516 avg_loss=0.1306
[2026-06-03 08:37:08] Epoch 18 train batch [1240/1875] loss=0.0692 avg_loss=0.1304
[2026-06-03 08:37:10] Epoch 18 train batch [1260/1875] loss=0.5675 avg_loss=0.1306
[2026-06-03 08:37:12] Epoch 18 train batch [1280/1875] loss=0.0554 avg_loss=0.1305
[2026-06-03 08:37:13] Epoch 18 train batch [1300/1875] loss=0.0385 avg_loss=0.1304
[2026-06-03 08:37:15] Epoch 18 train batch [1320/1875] loss=0.1069 avg_loss=0.1306
[2026-06-03 08:37:17] Epoch 18 train batch [1340/1875] loss=0.0613 avg_loss=0.1302
[2026-06-03 08:37:19] Epoch 18 train batch [1360/1875] loss=0.0119 avg_loss=0.1301
[2026-06-03 08:37:20] Epoch 18 train batch [1380/1875] loss=0.2194 avg_loss=0.1305
[2026-06-03 08:37:22] Epoch 18 train batch [1400/1875] loss=0.2910 avg_loss=0.1302
[2026-06-03 08:37:24] Epoch 18 train batch [1420/1875] loss=0.1977 avg_loss=0.1302
[2026-06-03 08:37:26] Epoch 18 train batch [1440/1875] loss=0.0576 avg_loss=0.1303
[2026-06-03 08:37:27] Epoch 18 train batch [1460/1875] loss=0.1402 avg_loss=0.1303
[2026-06-03 08:37:29] Epoch 18 train batch [1480/1875] loss=0.1450 avg_loss=0.1300
[2026-06-03 08:37:31] Epoch 18 train batch [1500/1875] loss=0.1180 avg_loss=0.1304
[2026-06-03 08:37:32] Epoch 18 train batch [1520/1875] loss=0.0512 avg_loss=0.1300
[2026-06-03 08:37:34] Epoch 18 train batch [1540/1875] loss=0.0958 avg_loss=0.1306
[2026-06-03 08:37:36] Epoch 18 train batch [1560/1875] loss=0.1595 avg_loss=0.1309
[2026-06-03 08:37:38] Epoch 18 train batch [1580/1875] loss=0.1536 avg_loss=0.1307
[2026-06-03 08:37:40] Epoch 18 train batch [1600/1875] loss=0.2934 avg_loss=0.1307
[2026-06-03 08:37:41] Epoch 18 train batch [1620/1875] loss=0.1453 avg_loss=0.1305
[2026-06-03 08:37:43] Epoch 18 train batch [1640/1875] loss=0.1204 avg_loss=0.1302
[2026-06-03 08:37:45] Epoch 18 train batch [1660/1875] loss=0.2010 avg_loss=0.1300
[2026-06-03 08:37:47] Epoch 18 train batch [1680/1875] loss=0.0621 avg_loss=0.1298
[2026-06-03 08:37:48] Epoch 18 train batch [1700/1875] loss=0.0295 avg_loss=0.1297
[2026-06-03 08:37:50] Epoch 18 train batch [1720/1875] loss=0.0655 avg_loss=0.1294
[2026-06-03 08:37:52] Epoch 18 train batch [1740/1875] loss=0.0520 avg_loss=0.1292
[2026-06-03 08:37:54] Epoch 18 train batch [1760/1875] loss=0.1621 avg_loss=0.1291
[2026-06-03 08:37:55] Epoch 18 train batch [1780/1875] loss=0.1591 avg_loss=0.1290
[2026-06-03 08:37:57] Epoch 18 train batch [1800/1875] loss=0.2892 avg_loss=0.1294
[2026-06-03 08:37:59] Epoch 18 train batch [1820/1875] loss=0.0407 avg_loss=0.1296
[2026-06-03 08:38:01] Epoch 18 train batch [1840/1875] loss=0.0441 avg_loss=0.1295
[2026-06-03 08:38:03] Epoch 18 train batch [1860/1875] loss=0.1980 avg_loss=0.1295
[2026-06-03 08:38:04] Epoch 18 train batch [1875/1875] loss=0.0946 avg_loss=0.1296
[2026-06-03 08:38:04] Epoch 18 training completed. Computing validation loss.
[2026-06-03 08:38:21] Epoch 18 validation loss completed: 0.1754. Computing detection metrics.
[2026-06-03 08:38:38] Epoch 18 metrics computed. Saving artifacts.
[2026-06-03 08:38:41] Epoch 18 improved mAP@0.5 to 0.7850. Saved best checkpoint: best_model-20260603-073843.pth.
Epoch [18/30]
├── Train Loss : 0.1296
│   ├── loss_classifier  : 0.0407
│   ├── loss_box_reg     : 0.0808
│   ├── loss_objectness  : 0.0041
│   └── loss_rpn_box_reg : 0.0041
├── Val Loss   : 0.1754
├── mAP@0.5    : 0.7850
├── mAP@0.75   : 0.4981
├── mAP@0.5:0.95 : 0.4663
├── Precision  : 0.5859
├── Recall     : 0.8486
├── GT Boxes   : 2021
├── Predictions: 2927
├── Per-class AP
│   ├── person  : AP50=0.8361, AP75=0.4997, AP50:95=0.4851, P=0.6201, R=0.8752
│   ├── car     : AP50=0.7657, AP75=0.4974, AP50:95=0.4558, P=0.5444, R=0.8233
│   ├── dog     : AP50=0.8601, AP75=0.6241, AP50:95=0.5496, P=0.6741, R=0.8835
│   ├── cat     : AP50=0.8833, AP75=0.5741, AP50:95=0.5299, P=0.7453, R=0.8977
│   └── chair   : AP50=0.5796, AP75=0.2952, AP50:95=0.3113, P=0.4032, R=0.7163
├── LR         : 0.000100
└── Time       : 198.3s
[2026-06-03 08:38:41] Epoch [18/30] completed.
[2026-06-03 08:38:41] Epoch [19/30] started.
[2026-06-03 08:38:43] Epoch 19 train batch [20/1875] loss=0.0191 avg_loss=0.1429
[2026-06-03 08:38:44] Epoch 19 train batch [40/1875] loss=0.0898 avg_loss=0.1448
[2026-06-03 08:38:46] Epoch 19 train batch [60/1875] loss=0.2181 avg_loss=0.1407
[2026-06-03 08:38:48] Epoch 19 train batch [80/1875] loss=0.1718 avg_loss=0.1362
[2026-06-03 08:38:50] Epoch 19 train batch [100/1875] loss=0.2747 avg_loss=0.1347
[2026-06-03 08:38:52] Epoch 19 train batch [120/1875] loss=0.1574 avg_loss=0.1318
[2026-06-03 08:38:53] Epoch 19 train batch [140/1875] loss=0.1137 avg_loss=0.1331
[2026-06-03 08:38:55] Epoch 19 train batch [160/1875] loss=0.0507 avg_loss=0.1287
[2026-06-03 08:38:57] Epoch 19 train batch [180/1875] loss=0.3587 avg_loss=0.1329
[2026-06-03 08:38:59] Epoch 19 train batch [200/1875] loss=0.1933 avg_loss=0.1330
[2026-06-03 08:39:00] Epoch 19 train batch [220/1875] loss=0.0408 avg_loss=0.1319
[2026-06-03 08:39:02] Epoch 19 train batch [240/1875] loss=0.1248 avg_loss=0.1290
[2026-06-03 08:39:04] Epoch 19 train batch [260/1875] loss=0.1510 avg_loss=0.1278
[2026-06-03 08:39:06] Epoch 19 train batch [280/1875] loss=0.0794 avg_loss=0.1272
[2026-06-03 08:39:07] Epoch 19 train batch [300/1875] loss=0.1020 avg_loss=0.1272
[2026-06-03 08:39:09] Epoch 19 train batch [320/1875] loss=0.1715 avg_loss=0.1282
[2026-06-03 08:39:11] Epoch 19 train batch [340/1875] loss=0.2097 avg_loss=0.1283
[2026-06-03 08:39:13] Epoch 19 train batch [360/1875] loss=0.0632 avg_loss=0.1276
[2026-06-03 08:39:14] Epoch 19 train batch [380/1875] loss=0.2328 avg_loss=0.1284
[2026-06-03 08:39:16] Epoch 19 train batch [400/1875] loss=0.1986 avg_loss=0.1267
[2026-06-03 08:39:18] Epoch 19 train batch [420/1875] loss=0.0803 avg_loss=0.1267
[2026-06-03 08:39:20] Epoch 19 train batch [440/1875] loss=0.2331 avg_loss=0.1269
[2026-06-03 08:39:21] Epoch 19 train batch [460/1875] loss=0.2695 avg_loss=0.1271
[2026-06-03 08:39:23] Epoch 19 train batch [480/1875] loss=0.1581 avg_loss=0.1269
[2026-06-03 08:39:25] Epoch 19 train batch [500/1875] loss=0.2799 avg_loss=0.1278
[2026-06-03 08:39:27] Epoch 19 train batch [520/1875] loss=0.0590 avg_loss=0.1265
[2026-06-03 08:39:28] Epoch 19 train batch [540/1875] loss=0.0973 avg_loss=0.1273
[2026-06-03 08:39:30] Epoch 19 train batch [560/1875] loss=0.0822 avg_loss=0.1267
[2026-06-03 08:39:32] Epoch 19 train batch [580/1875] loss=0.1958 avg_loss=0.1263
[2026-06-03 08:39:34] Epoch 19 train batch [600/1875] loss=0.0440 avg_loss=0.1273
[2026-06-03 08:39:35] Epoch 19 train batch [620/1875] loss=0.1338 avg_loss=0.1269
[2026-06-03 08:39:37] Epoch 19 train batch [640/1875] loss=0.1130 avg_loss=0.1275
[2026-06-03 08:39:39] Epoch 19 train batch [660/1875] loss=0.0917 avg_loss=0.1273
[2026-06-03 08:39:41] Epoch 19 train batch [680/1875] loss=0.1506 avg_loss=0.1271
[2026-06-03 08:39:42] Epoch 19 train batch [700/1875] loss=0.0122 avg_loss=0.1265
[2026-06-03 08:39:44] Epoch 19 train batch [720/1875] loss=0.0702 avg_loss=0.1274
[2026-06-03 08:39:46] Epoch 19 train batch [740/1875] loss=0.0686 avg_loss=0.1276
[2026-06-03 08:39:48] Epoch 19 train batch [760/1875] loss=0.0930 avg_loss=0.1276
[2026-06-03 08:39:49] Epoch 19 train batch [780/1875] loss=0.1082 avg_loss=0.1273
[2026-06-03 08:39:51] Epoch 19 train batch [800/1875] loss=0.0670 avg_loss=0.1269
[2026-06-03 08:39:53] Epoch 19 train batch [820/1875] loss=0.0607 avg_loss=0.1271
[2026-06-03 08:39:54] Epoch 19 train batch [840/1875] loss=0.1155 avg_loss=0.1269
[2026-06-03 08:39:56] Epoch 19 train batch [860/1875] loss=0.0862 avg_loss=0.1273
[2026-06-03 08:39:58] Epoch 19 train batch [880/1875] loss=0.0521 avg_loss=0.1271
[2026-06-03 08:40:00] Epoch 19 train batch [900/1875] loss=0.1008 avg_loss=0.1273
[2026-06-03 08:40:01] Epoch 19 train batch [920/1875] loss=0.1545 avg_loss=0.1274
[2026-06-03 08:40:03] Epoch 19 train batch [940/1875] loss=0.0849 avg_loss=0.1272
[2026-06-03 08:40:05] Epoch 19 train batch [960/1875] loss=0.0393 avg_loss=0.1268
[2026-06-03 08:40:07] Epoch 19 train batch [980/1875] loss=0.0460 avg_loss=0.1276
[2026-06-03 08:40:08] Epoch 19 train batch [1000/1875] loss=0.0518 avg_loss=0.1274
[2026-06-03 08:40:10] Epoch 19 train batch [1020/1875] loss=0.1708 avg_loss=0.1274
[2026-06-03 08:40:12] Epoch 19 train batch [1040/1875] loss=0.4359 avg_loss=0.1280
[2026-06-03 08:40:14] Epoch 19 train batch [1060/1875] loss=0.2171 avg_loss=0.1280
[2026-06-03 08:40:15] Epoch 19 train batch [1080/1875] loss=0.0075 avg_loss=0.1278
[2026-06-03 08:40:17] Epoch 19 train batch [1100/1875] loss=0.0709 avg_loss=0.1282
[2026-06-03 08:40:19] Epoch 19 train batch [1120/1875] loss=0.2998 avg_loss=0.1285
[2026-06-03 08:40:21] Epoch 19 train batch [1140/1875] loss=0.1804 avg_loss=0.1288
[2026-06-03 08:40:22] Epoch 19 train batch [1160/1875] loss=0.0236 avg_loss=0.1292
[2026-06-03 08:40:24] Epoch 19 train batch [1180/1875] loss=0.0017 avg_loss=0.1290
[2026-06-03 08:40:26] Epoch 19 train batch [1200/1875] loss=0.0618 avg_loss=0.1290
[2026-06-03 08:40:27] Epoch 19 train batch [1220/1875] loss=0.0691 avg_loss=0.1289
[2026-06-03 08:40:29] Epoch 19 train batch [1240/1875] loss=0.3029 avg_loss=0.1289
[2026-06-03 08:40:31] Epoch 19 train batch [1260/1875] loss=0.2251 avg_loss=0.1290
[2026-06-03 08:40:33] Epoch 19 train batch [1280/1875] loss=0.1693 avg_loss=0.1290
[2026-06-03 08:40:35] Epoch 19 train batch [1300/1875] loss=0.2677 avg_loss=0.1294
[2026-06-03 08:40:36] Epoch 19 train batch [1320/1875] loss=0.1086 avg_loss=0.1293
[2026-06-03 08:40:38] Epoch 19 train batch [1340/1875] loss=0.1465 avg_loss=0.1289
[2026-06-03 08:40:40] Epoch 19 train batch [1360/1875] loss=0.0627 avg_loss=0.1286
[2026-06-03 08:40:42] Epoch 19 train batch [1380/1875] loss=0.1497 avg_loss=0.1283
[2026-06-03 08:40:43] Epoch 19 train batch [1400/1875] loss=0.3034 avg_loss=0.1284
[2026-06-03 08:40:45] Epoch 19 train batch [1420/1875] loss=0.1184 avg_loss=0.1284
[2026-06-03 08:40:47] Epoch 19 train batch [1440/1875] loss=0.0594 avg_loss=0.1288
[2026-06-03 08:40:49] Epoch 19 train batch [1460/1875] loss=0.0491 avg_loss=0.1286
[2026-06-03 08:40:50] Epoch 19 train batch [1480/1875] loss=0.1579 avg_loss=0.1283
[2026-06-03 08:40:52] Epoch 19 train batch [1500/1875] loss=0.0640 avg_loss=0.1285
[2026-06-03 08:40:54] Epoch 19 train batch [1520/1875] loss=0.0305 avg_loss=0.1281
[2026-06-03 08:40:56] Epoch 19 train batch [1540/1875] loss=0.0265 avg_loss=0.1280
[2026-06-03 08:40:57] Epoch 19 train batch [1560/1875] loss=0.1695 avg_loss=0.1281
[2026-06-03 08:40:59] Epoch 19 train batch [1580/1875] loss=0.1405 avg_loss=0.1279
[2026-06-03 08:41:01] Epoch 19 train batch [1600/1875] loss=0.3480 avg_loss=0.1279
[2026-06-03 08:41:03] Epoch 19 train batch [1620/1875] loss=0.1803 avg_loss=0.1281
[2026-06-03 08:41:05] Epoch 19 train batch [1640/1875] loss=0.1341 avg_loss=0.1278
[2026-06-03 08:41:06] Epoch 19 train batch [1660/1875] loss=0.0007 avg_loss=0.1278
[2026-06-03 08:41:08] Epoch 19 train batch [1680/1875] loss=0.2352 avg_loss=0.1282
[2026-06-03 08:41:10] Epoch 19 train batch [1700/1875] loss=0.3040 avg_loss=0.1284
[2026-06-03 08:41:11] Epoch 19 train batch [1720/1875] loss=0.1003 avg_loss=0.1287
[2026-06-03 08:41:13] Epoch 19 train batch [1740/1875] loss=0.1631 avg_loss=0.1288
[2026-06-03 08:41:15] Epoch 19 train batch [1760/1875] loss=0.0525 avg_loss=0.1285
[2026-06-03 08:41:17] Epoch 19 train batch [1780/1875] loss=0.1436 avg_loss=0.1290
[2026-06-03 08:41:18] Epoch 19 train batch [1800/1875] loss=0.0350 avg_loss=0.1290
[2026-06-03 08:41:20] Epoch 19 train batch [1820/1875] loss=0.1217 avg_loss=0.1290
[2026-06-03 08:41:22] Epoch 19 train batch [1840/1875] loss=0.0675 avg_loss=0.1285
[2026-06-03 08:41:24] Epoch 19 train batch [1860/1875] loss=0.0197 avg_loss=0.1283
[2026-06-03 08:41:25] Epoch 19 train batch [1875/1875] loss=0.3109 avg_loss=0.1288
[2026-06-03 08:41:25] Epoch 19 training completed. Computing validation loss.
[2026-06-03 08:41:42] Epoch 19 validation loss completed: 0.1762. Computing detection metrics.
[2026-06-03 08:41:59] Epoch 19 metrics computed. Saving artifacts.
[2026-06-03 08:42:00] Epoch 19 did not improve mAP@0.5 enough. Early stopping counter: 1/7.
Epoch [19/30]
├── Train Loss : 0.1288
│   ├── loss_classifier  : 0.0403
│   ├── loss_box_reg     : 0.0803
│   ├── loss_objectness  : 0.0041
│   └── loss_rpn_box_reg : 0.0040
├── Val Loss   : 0.1762
├── mAP@0.5    : 0.7853
├── mAP@0.75   : 0.5056
├── mAP@0.5:0.95 : 0.4711
├── Precision  : 0.5743
├── Recall     : 0.8506
├── GT Boxes   : 2021
├── Predictions: 2993
├── Per-class AP
│   ├── person  : AP50=0.8367, AP75=0.5107, AP50:95=0.4859, P=0.6180, R=0.8780
│   ├── car     : AP50=0.7742, AP75=0.5065, AP50:95=0.4635, P=0.5032, R=0.8375
│   ├── dog     : AP50=0.8660, AP75=0.6157, AP50:95=0.5455, P=0.6753, R=0.8883
│   ├── cat     : AP50=0.8737, AP75=0.5840, AP50:95=0.5455, P=0.7464, R=0.8864
│   └── chair   : AP50=0.5757, AP75=0.3111, AP50:95=0.3153, P=0.3876, R=0.7092
├── LR         : 0.000100
└── Time       : 198.1s
[2026-06-03 08:42:00] Epoch [19/30] completed.
[2026-06-03 08:42:00] Epoch [20/30] started.
[2026-06-03 08:42:01] Epoch 20 train batch [20/1875] loss=0.2110 avg_loss=0.1231
[2026-06-03 08:42:03] Epoch 20 train batch [40/1875] loss=0.2380 avg_loss=0.1102
[2026-06-03 08:42:05] Epoch 20 train batch [60/1875] loss=0.1385 avg_loss=0.1064
[2026-06-03 08:42:07] Epoch 20 train batch [80/1875] loss=0.2262 avg_loss=0.1124
[2026-06-03 08:42:08] Epoch 20 train batch [100/1875] loss=0.0568 avg_loss=0.1205
[2026-06-03 08:42:10] Epoch 20 train batch [120/1875] loss=0.0739 avg_loss=0.1201
[2026-06-03 08:42:12] Epoch 20 train batch [140/1875] loss=0.0704 avg_loss=0.1235
[2026-06-03 08:42:14] Epoch 20 train batch [160/1875] loss=0.0918 avg_loss=0.1264
[2026-06-03 08:42:16] Epoch 20 train batch [180/1875] loss=0.1895 avg_loss=0.1253
[2026-06-03 08:42:17] Epoch 20 train batch [200/1875] loss=0.0195 avg_loss=0.1261
[2026-06-03 08:42:19] Epoch 20 train batch [220/1875] loss=0.0667 avg_loss=0.1241
[2026-06-03 08:42:21] Epoch 20 train batch [240/1875] loss=0.0818 avg_loss=0.1217
[2026-06-03 08:42:22] Epoch 20 train batch [260/1875] loss=0.0605 avg_loss=0.1199
[2026-06-03 08:42:24] Epoch 20 train batch [280/1875] loss=0.0765 avg_loss=0.1197
[2026-06-03 08:42:26] Epoch 20 train batch [300/1875] loss=0.2642 avg_loss=0.1201
[2026-06-03 08:42:28] Epoch 20 train batch [320/1875] loss=0.0605 avg_loss=0.1188
[2026-06-03 08:42:29] Epoch 20 train batch [340/1875] loss=0.1882 avg_loss=0.1193
[2026-06-03 08:42:31] Epoch 20 train batch [360/1875] loss=0.1156 avg_loss=0.1197
[2026-06-03 08:42:33] Epoch 20 train batch [380/1875] loss=0.2268 avg_loss=0.1221
[2026-06-03 08:42:35] Epoch 20 train batch [400/1875] loss=0.1072 avg_loss=0.1206
[2026-06-03 08:42:36] Epoch 20 train batch [420/1875] loss=0.0426 avg_loss=0.1208
[2026-06-03 08:42:38] Epoch 20 train batch [440/1875] loss=0.1094 avg_loss=0.1215
[2026-06-03 08:42:40] Epoch 20 train batch [460/1875] loss=0.0205 avg_loss=0.1220
[2026-06-03 08:42:42] Epoch 20 train batch [480/1875] loss=0.1465 avg_loss=0.1228
[2026-06-03 08:42:43] Epoch 20 train batch [500/1875] loss=0.0182 avg_loss=0.1230
[2026-06-03 08:42:45] Epoch 20 train batch [520/1875] loss=0.1926 avg_loss=0.1235
[2026-06-03 08:42:47] Epoch 20 train batch [540/1875] loss=0.0120 avg_loss=0.1239
[2026-06-03 08:42:49] Epoch 20 train batch [560/1875] loss=0.0774 avg_loss=0.1239
[2026-06-03 08:42:51] Epoch 20 train batch [580/1875] loss=0.1388 avg_loss=0.1241
[2026-06-03 08:42:52] Epoch 20 train batch [600/1875] loss=0.0001 avg_loss=0.1236
[2026-06-03 08:42:54] Epoch 20 train batch [620/1875] loss=0.0243 avg_loss=0.1232
[2026-06-03 08:42:56] Epoch 20 train batch [640/1875] loss=0.0774 avg_loss=0.1225
[2026-06-03 08:42:57] Epoch 20 train batch [660/1875] loss=0.1291 avg_loss=0.1228
[2026-06-03 08:42:59] Epoch 20 train batch [680/1875] loss=0.1817 avg_loss=0.1231
[2026-06-03 08:43:01] Epoch 20 train batch [700/1875] loss=0.0642 avg_loss=0.1233
[2026-06-03 08:43:03] Epoch 20 train batch [720/1875] loss=0.1627 avg_loss=0.1235
[2026-06-03 08:43:04] Epoch 20 train batch [740/1875] loss=0.2231 avg_loss=0.1245
[2026-06-03 08:43:06] Epoch 20 train batch [760/1875] loss=0.1221 avg_loss=0.1247
[2026-06-03 08:43:08] Epoch 20 train batch [780/1875] loss=0.2011 avg_loss=0.1249
[2026-06-03 08:43:10] Epoch 20 train batch [800/1875] loss=0.1404 avg_loss=0.1254
[2026-06-03 08:43:11] Epoch 20 train batch [820/1875] loss=0.0622 avg_loss=0.1253
[2026-06-03 08:43:13] Epoch 20 train batch [840/1875] loss=0.1281 avg_loss=0.1254
[2026-06-03 08:43:15] Epoch 20 train batch [860/1875] loss=0.0986 avg_loss=0.1253
[2026-06-03 08:43:17] Epoch 20 train batch [880/1875] loss=0.2781 avg_loss=0.1259
[2026-06-03 08:43:18] Epoch 20 train batch [900/1875] loss=0.0176 avg_loss=0.1253
[2026-06-03 08:43:20] Epoch 20 train batch [920/1875] loss=0.0869 avg_loss=0.1257
[2026-06-03 08:43:22] Epoch 20 train batch [940/1875] loss=0.1223 avg_loss=0.1257
[2026-06-03 08:43:24] Epoch 20 train batch [960/1875] loss=0.2130 avg_loss=0.1264
[2026-06-03 08:43:25] Epoch 20 train batch [980/1875] loss=0.1575 avg_loss=0.1269
[2026-06-03 08:43:27] Epoch 20 train batch [1000/1875] loss=0.1650 avg_loss=0.1270
[2026-06-03 08:43:29] Epoch 20 train batch [1020/1875] loss=0.0412 avg_loss=0.1264
[2026-06-03 08:43:31] Epoch 20 train batch [1040/1875] loss=0.0691 avg_loss=0.1265
[2026-06-03 08:43:32] Epoch 20 train batch [1060/1875] loss=0.1906 avg_loss=0.1270
[2026-06-03 08:43:34] Epoch 20 train batch [1080/1875] loss=0.0802 avg_loss=0.1267
[2026-06-03 08:43:36] Epoch 20 train batch [1100/1875] loss=0.0612 avg_loss=0.1268
[2026-06-03 08:43:38] Epoch 20 train batch [1120/1875] loss=0.0680 avg_loss=0.1270
[2026-06-03 08:43:39] Epoch 20 train batch [1140/1875] loss=0.1985 avg_loss=0.1271
[2026-06-03 08:43:41] Epoch 20 train batch [1160/1875] loss=0.0213 avg_loss=0.1270
[2026-06-03 08:43:43] Epoch 20 train batch [1180/1875] loss=0.1498 avg_loss=0.1268
[2026-06-03 08:43:45] Epoch 20 train batch [1200/1875] loss=0.0740 avg_loss=0.1264
[2026-06-03 08:43:46] Epoch 20 train batch [1220/1875] loss=0.0347 avg_loss=0.1262
[2026-06-03 08:43:48] Epoch 20 train batch [1240/1875] loss=0.1649 avg_loss=0.1268
[2026-06-03 08:43:50] Epoch 20 train batch [1260/1875] loss=0.1296 avg_loss=0.1268
[2026-06-03 08:43:52] Epoch 20 train batch [1280/1875] loss=0.4727 avg_loss=0.1267
[2026-06-03 08:43:53] Epoch 20 train batch [1300/1875] loss=0.0245 avg_loss=0.1268
[2026-06-03 08:43:55] Epoch 20 train batch [1320/1875] loss=0.1903 avg_loss=0.1266
[2026-06-03 08:43:57] Epoch 20 train batch [1340/1875] loss=0.1915 avg_loss=0.1269
[2026-06-03 08:43:59] Epoch 20 train batch [1360/1875] loss=0.0607 avg_loss=0.1270
[2026-06-03 08:44:00] Epoch 20 train batch [1380/1875] loss=0.1261 avg_loss=0.1275
[2026-06-03 08:44:02] Epoch 20 train batch [1400/1875] loss=0.2111 avg_loss=0.1273
[2026-06-03 08:44:04] Epoch 20 train batch [1420/1875] loss=0.1071 avg_loss=0.1277
[2026-06-03 08:44:06] Epoch 20 train batch [1440/1875] loss=0.0837 avg_loss=0.1281
[2026-06-03 08:44:07] Epoch 20 train batch [1460/1875] loss=0.0371 avg_loss=0.1280
[2026-06-03 08:44:09] Epoch 20 train batch [1480/1875] loss=0.0423 avg_loss=0.1282
[2026-06-03 08:44:11] Epoch 20 train batch [1500/1875] loss=0.0733 avg_loss=0.1279
[2026-06-03 08:44:13] Epoch 20 train batch [1520/1875] loss=0.1970 avg_loss=0.1277
[2026-06-03 08:44:14] Epoch 20 train batch [1540/1875] loss=0.0520 avg_loss=0.1279
[2026-06-03 08:44:16] Epoch 20 train batch [1560/1875] loss=0.1003 avg_loss=0.1286
[2026-06-03 08:44:18] Epoch 20 train batch [1580/1875] loss=0.0001 avg_loss=0.1284
[2026-06-03 08:44:20] Epoch 20 train batch [1600/1875] loss=0.0932 avg_loss=0.1280
[2026-06-03 08:44:21] Epoch 20 train batch [1620/1875] loss=0.1149 avg_loss=0.1280
[2026-06-03 08:44:23] Epoch 20 train batch [1640/1875] loss=0.2194 avg_loss=0.1284
[2026-06-03 08:44:25] Epoch 20 train batch [1660/1875] loss=0.0315 avg_loss=0.1288
[2026-06-03 08:44:27] Epoch 20 train batch [1680/1875] loss=0.1365 avg_loss=0.1285
[2026-06-03 08:44:28] Epoch 20 train batch [1700/1875] loss=0.0207 avg_loss=0.1282
[2026-06-03 08:44:30] Epoch 20 train batch [1720/1875] loss=0.1879 avg_loss=0.1281
[2026-06-03 08:44:32] Epoch 20 train batch [1740/1875] loss=0.0792 avg_loss=0.1282
[2026-06-03 08:44:34] Epoch 20 train batch [1760/1875] loss=0.0169 avg_loss=0.1275
[2026-06-03 08:44:35] Epoch 20 train batch [1780/1875] loss=0.2996 avg_loss=0.1278
[2026-06-03 08:44:37] Epoch 20 train batch [1800/1875] loss=0.3569 avg_loss=0.1276
[2026-06-03 08:44:39] Epoch 20 train batch [1820/1875] loss=0.1413 avg_loss=0.1276
[2026-06-03 08:44:41] Epoch 20 train batch [1840/1875] loss=0.1652 avg_loss=0.1276
[2026-06-03 08:44:42] Epoch 20 train batch [1860/1875] loss=0.0540 avg_loss=0.1276
[2026-06-03 08:44:44] Epoch 20 train batch [1875/1875] loss=0.0719 avg_loss=0.1276
[2026-06-03 08:44:44] Epoch 20 training completed. Computing validation loss.
[2026-06-03 08:45:01] Epoch 20 validation loss completed: 0.1762. Computing detection metrics.
[2026-06-03 08:45:18] Epoch 20 metrics computed. Saving artifacts.
[2026-06-03 08:45:19] Epoch 20 did not improve mAP@0.5 enough. Early stopping counter: 2/7.
Epoch [20/30]
├── Train Loss : 0.1276
│   ├── loss_classifier  : 0.0399
│   ├── loss_box_reg     : 0.0797
│   ├── loss_objectness  : 0.0040
│   └── loss_rpn_box_reg : 0.0040
├── Val Loss   : 0.1762
├── mAP@0.5    : 0.7840
├── mAP@0.75   : 0.4993
├── mAP@0.5:0.95 : 0.4708
├── Precision  : 0.5898
├── Recall     : 0.8501
├── GT Boxes   : 2021
├── Predictions: 2913
├── Per-class AP
│   ├── person  : AP50=0.8401, AP75=0.5164, AP50:95=0.4912, P=0.6198, R=0.8818
│   ├── car     : AP50=0.7688, AP75=0.5095, AP50:95=0.4642, P=0.5749, R=0.8269
│   ├── dog     : AP50=0.8572, AP75=0.5911, AP50:95=0.5436, P=0.6630, R=0.8786
│   ├── cat     : AP50=0.8772, AP75=0.5623, AP50:95=0.5377, P=0.7850, R=0.8920
│   └── chair   : AP50=0.5765, AP75=0.3170, AP50:95=0.3175, P=0.3941, R=0.7057
├── LR         : 0.000100
└── Time       : 198.2s
[2026-06-03 08:45:19] Epoch [20/30] completed.
[2026-06-03 08:45:19] Epoch [21/30] started.
[2026-06-03 08:45:21] Epoch 21 train batch [20/1875] loss=0.0813 avg_loss=0.1464
[2026-06-03 08:45:22] Epoch 21 train batch [40/1875] loss=0.1312 avg_loss=0.1384
[2026-06-03 08:45:24] Epoch 21 train batch [60/1875] loss=0.0815 avg_loss=0.1415
[2026-06-03 08:45:26] Epoch 21 train batch [80/1875] loss=0.0503 avg_loss=0.1430
[2026-06-03 08:45:28] Epoch 21 train batch [100/1875] loss=0.0002 avg_loss=0.1368
[2026-06-03 08:45:29] Epoch 21 train batch [120/1875] loss=0.0818 avg_loss=0.1311
[2026-06-03 08:45:31] Epoch 21 train batch [140/1875] loss=0.1364 avg_loss=0.1300
[2026-06-03 08:45:33] Epoch 21 train batch [160/1875] loss=0.0380 avg_loss=0.1290
[2026-06-03 08:45:35] Epoch 21 train batch [180/1875] loss=0.1464 avg_loss=0.1265
[2026-06-03 08:45:36] Epoch 21 train batch [200/1875] loss=0.1898 avg_loss=0.1246
[2026-06-03 08:45:38] Epoch 21 train batch [220/1875] loss=0.1682 avg_loss=0.1224
[2026-06-03 08:45:40] Epoch 21 train batch [240/1875] loss=0.2514 avg_loss=0.1240
[2026-06-03 08:45:41] Epoch 21 train batch [260/1875] loss=0.2055 avg_loss=0.1255
[2026-06-03 08:45:43] Epoch 21 train batch [280/1875] loss=0.1458 avg_loss=0.1246
[2026-06-03 08:45:45] Epoch 21 train batch [300/1875] loss=0.3047 avg_loss=0.1251
[2026-06-03 08:45:47] Epoch 21 train batch [320/1875] loss=0.2160 avg_loss=0.1269
[2026-06-03 08:45:48] Epoch 21 train batch [340/1875] loss=0.0528 avg_loss=0.1262
[2026-06-03 08:45:50] Epoch 21 train batch [360/1875] loss=0.0455 avg_loss=0.1247
[2026-06-03 08:45:52] Epoch 21 train batch [380/1875] loss=0.0829 avg_loss=0.1238
[2026-06-03 08:45:54] Epoch 21 train batch [400/1875] loss=0.1286 avg_loss=0.1257
[2026-06-03 08:45:55] Epoch 21 train batch [420/1875] loss=0.1393 avg_loss=0.1261
[2026-06-03 08:45:57] Epoch 21 train batch [440/1875] loss=0.2854 avg_loss=0.1252
[2026-06-03 08:45:59] Epoch 21 train batch [460/1875] loss=0.0297 avg_loss=0.1248
[2026-06-03 08:46:01] Epoch 21 train batch [480/1875] loss=0.3202 avg_loss=0.1249
[2026-06-03 08:46:02] Epoch 21 train batch [500/1875] loss=0.0637 avg_loss=0.1239
[2026-06-03 08:46:04] Epoch 21 train batch [520/1875] loss=0.1083 avg_loss=0.1245
[2026-06-03 08:46:06] Epoch 21 train batch [540/1875] loss=0.2123 avg_loss=0.1246
[2026-06-03 08:46:08] Epoch 21 train batch [560/1875] loss=0.1212 avg_loss=0.1241
[2026-06-03 08:46:09] Epoch 21 train batch [580/1875] loss=0.0074 avg_loss=0.1231
[2026-06-03 08:46:11] Epoch 21 train batch [600/1875] loss=0.1348 avg_loss=0.1230
[2026-06-03 08:46:13] Epoch 21 train batch [620/1875] loss=0.3236 avg_loss=0.1238
[2026-06-03 08:46:15] Epoch 21 train batch [640/1875] loss=0.0696 avg_loss=0.1233
[2026-06-03 08:46:16] Epoch 21 train batch [660/1875] loss=0.0788 avg_loss=0.1243
[2026-06-03 08:46:18] Epoch 21 train batch [680/1875] loss=0.3694 avg_loss=0.1245
[2026-06-03 08:46:20] Epoch 21 train batch [700/1875] loss=0.0270 avg_loss=0.1240
[2026-06-03 08:46:22] Epoch 21 train batch [720/1875] loss=0.1114 avg_loss=0.1237
[2026-06-03 08:46:23] Epoch 21 train batch [740/1875] loss=0.1363 avg_loss=0.1239
[2026-06-03 08:46:25] Epoch 21 train batch [760/1875] loss=0.0399 avg_loss=0.1245
[2026-06-03 08:46:27] Epoch 21 train batch [780/1875] loss=0.1675 avg_loss=0.1240
[2026-06-03 08:46:29] Epoch 21 train batch [800/1875] loss=0.0490 avg_loss=0.1251
[2026-06-03 08:46:31] Epoch 21 train batch [820/1875] loss=0.0651 avg_loss=0.1247
[2026-06-03 08:46:32] Epoch 21 train batch [840/1875] loss=0.5645 avg_loss=0.1248
[2026-06-03 08:46:34] Epoch 21 train batch [860/1875] loss=0.1262 avg_loss=0.1249
[2026-06-03 08:46:36] Epoch 21 train batch [880/1875] loss=0.0175 avg_loss=0.1256
[2026-06-03 08:46:37] Epoch 21 train batch [900/1875] loss=0.2552 avg_loss=0.1257
[2026-06-03 08:46:39] Epoch 21 train batch [920/1875] loss=0.2502 avg_loss=0.1265
[2026-06-03 08:46:41] Epoch 21 train batch [940/1875] loss=0.1821 avg_loss=0.1273
[2026-06-03 08:46:43] Epoch 21 train batch [960/1875] loss=0.0102 avg_loss=0.1272
[2026-06-03 08:46:44] Epoch 21 train batch [980/1875] loss=0.0589 avg_loss=0.1278
[2026-06-03 08:46:46] Epoch 21 train batch [1000/1875] loss=0.0488 avg_loss=0.1275
[2026-06-03 08:46:48] Epoch 21 train batch [1020/1875] loss=0.2492 avg_loss=0.1275
[2026-06-03 08:46:50] Epoch 21 train batch [1040/1875] loss=0.0989 avg_loss=0.1274
[2026-06-03 08:46:52] Epoch 21 train batch [1060/1875] loss=0.1814 avg_loss=0.1275
[2026-06-03 08:46:53] Epoch 21 train batch [1080/1875] loss=0.0369 avg_loss=0.1274
[2026-06-03 08:46:55] Epoch 21 train batch [1100/1875] loss=0.0592 avg_loss=0.1275
[2026-06-03 08:46:57] Epoch 21 train batch [1120/1875] loss=0.1363 avg_loss=0.1272
[2026-06-03 08:46:59] Epoch 21 train batch [1140/1875] loss=0.0304 avg_loss=0.1273
[2026-06-03 08:47:00] Epoch 21 train batch [1160/1875] loss=0.0253 avg_loss=0.1273
[2026-06-03 08:47:02] Epoch 21 train batch [1180/1875] loss=0.0353 avg_loss=0.1275
[2026-06-03 08:47:04] Epoch 21 train batch [1200/1875] loss=0.2074 avg_loss=0.1275
[2026-06-03 08:47:06] Epoch 21 train batch [1220/1875] loss=0.0867 avg_loss=0.1274
[2026-06-03 08:47:07] Epoch 21 train batch [1240/1875] loss=0.1813 avg_loss=0.1271
[2026-06-03 08:47:09] Epoch 21 train batch [1260/1875] loss=0.1312 avg_loss=0.1271
[2026-06-03 08:47:11] Epoch 21 train batch [1280/1875] loss=0.0028 avg_loss=0.1269
[2026-06-03 08:47:13] Epoch 21 train batch [1300/1875] loss=0.2369 avg_loss=0.1271
[2026-06-03 08:47:14] Epoch 21 train batch [1320/1875] loss=0.0222 avg_loss=0.1272
[2026-06-03 08:47:16] Epoch 21 train batch [1340/1875] loss=0.0243 avg_loss=0.1269
[2026-06-03 08:47:18] Epoch 21 train batch [1360/1875] loss=0.0511 avg_loss=0.1270
[2026-06-03 08:47:19] Epoch 21 train batch [1380/1875] loss=0.1635 avg_loss=0.1267
[2026-06-03 08:47:21] Epoch 21 train batch [1400/1875] loss=0.3803 avg_loss=0.1268
[2026-06-03 08:47:23] Epoch 21 train batch [1420/1875] loss=0.1494 avg_loss=0.1269
[2026-06-03 08:47:25] Epoch 21 train batch [1440/1875] loss=0.1186 avg_loss=0.1272
[2026-06-03 08:47:27] Epoch 21 train batch [1460/1875] loss=0.2324 avg_loss=0.1271
[2026-06-03 08:47:28] Epoch 21 train batch [1480/1875] loss=0.0556 avg_loss=0.1270
[2026-06-03 08:47:30] Epoch 21 train batch [1500/1875] loss=0.3949 avg_loss=0.1270
[2026-06-03 08:47:32] Epoch 21 train batch [1520/1875] loss=0.3313 avg_loss=0.1270
[2026-06-03 08:47:34] Epoch 21 train batch [1540/1875] loss=0.1523 avg_loss=0.1269
[2026-06-03 08:47:35] Epoch 21 train batch [1560/1875] loss=0.1441 avg_loss=0.1269
[2026-06-03 08:47:37] Epoch 21 train batch [1580/1875] loss=0.1590 avg_loss=0.1270
[2026-06-03 08:47:39] Epoch 21 train batch [1600/1875] loss=0.2647 avg_loss=0.1271
[2026-06-03 08:47:41] Epoch 21 train batch [1620/1875] loss=0.2116 avg_loss=0.1272
[2026-06-03 08:47:42] Epoch 21 train batch [1640/1875] loss=0.1688 avg_loss=0.1271
[2026-06-03 08:47:44] Epoch 21 train batch [1660/1875] loss=0.0261 avg_loss=0.1269
[2026-06-03 08:47:46] Epoch 21 train batch [1680/1875] loss=0.1159 avg_loss=0.1271
[2026-06-03 08:47:48] Epoch 21 train batch [1700/1875] loss=0.0994 avg_loss=0.1271
[2026-06-03 08:47:49] Epoch 21 train batch [1720/1875] loss=0.1469 avg_loss=0.1274
[2026-06-03 08:47:51] Epoch 21 train batch [1740/1875] loss=0.0554 avg_loss=0.1273
[2026-06-03 08:47:53] Epoch 21 train batch [1760/1875] loss=0.1903 avg_loss=0.1273
[2026-06-03 08:47:55] Epoch 21 train batch [1780/1875] loss=0.1860 avg_loss=0.1273
[2026-06-03 08:47:56] Epoch 21 train batch [1800/1875] loss=0.0533 avg_loss=0.1274
[2026-06-03 08:47:58] Epoch 21 train batch [1820/1875] loss=0.2133 avg_loss=0.1274
[2026-06-03 08:48:00] Epoch 21 train batch [1840/1875] loss=0.0835 avg_loss=0.1271
[2026-06-03 08:48:01] Epoch 21 train batch [1860/1875] loss=0.1073 avg_loss=0.1273
[2026-06-03 08:48:03] Epoch 21 train batch [1875/1875] loss=0.1150 avg_loss=0.1271
[2026-06-03 08:48:03] Epoch 21 training completed. Computing validation loss.
[2026-06-03 08:48:20] Epoch 21 validation loss completed: 0.1748. Computing detection metrics.
[2026-06-03 08:48:37] Epoch 21 metrics computed. Saving artifacts.
[2026-06-03 08:48:38] Epoch 21 improved mAP@0.5 to 0.7876. Saved best checkpoint: best_model-20260603-073843.pth.
Epoch [21/30]
├── Train Loss : 0.1271
│   ├── loss_classifier  : 0.0400
│   ├── loss_box_reg     : 0.0792
│   ├── loss_objectness  : 0.0039
│   └── loss_rpn_box_reg : 0.0040
├── Val Loss   : 0.1748
├── mAP@0.5    : 0.7876
├── mAP@0.75   : 0.5062
├── mAP@0.5:0.95 : 0.4744
├── Precision  : 0.5738
├── Recall     : 0.8540
├── GT Boxes   : 2021
├── Predictions: 3008
├── Per-class AP
│   ├── person  : AP50=0.8380, AP75=0.4974, AP50:95=0.4833, P=0.6222, R=0.8818
│   ├── car     : AP50=0.7698, AP75=0.5046, AP50:95=0.4615, P=0.5210, R=0.8339
│   ├── dog     : AP50=0.8543, AP75=0.6206, AP50:95=0.5548, P=0.6742, R=0.8738
│   ├── cat     : AP50=0.8888, AP75=0.5830, AP50:95=0.5500, P=0.7644, R=0.9034
│   └── chair   : AP50=0.5869, AP75=0.3255, AP50:95=0.3226, P=0.3656, R=0.7234
├── LR         : 0.000100
└── Time       : 197.9s
[2026-06-03 08:48:38] Epoch [21/30] completed.
[2026-06-03 08:48:38] Epoch [22/30] started.
[2026-06-03 08:48:40] Epoch 22 train batch [20/1875] loss=0.0614 avg_loss=0.1237
[2026-06-03 08:48:42] Epoch 22 train batch [40/1875] loss=0.0723 avg_loss=0.1210
[2026-06-03 08:48:43] Epoch 22 train batch [60/1875] loss=0.0887 avg_loss=0.1285
[2026-06-03 08:48:45] Epoch 22 train batch [80/1875] loss=0.0751 avg_loss=0.1203
[2026-06-03 08:48:47] Epoch 22 train batch [100/1875] loss=0.1491 avg_loss=0.1254
[2026-06-03 08:48:49] Epoch 22 train batch [120/1875] loss=0.1589 avg_loss=0.1266
[2026-06-03 08:48:50] Epoch 22 train batch [140/1875] loss=0.0575 avg_loss=0.1216
[2026-06-03 08:48:52] Epoch 22 train batch [160/1875] loss=0.1271 avg_loss=0.1211
[2026-06-03 08:48:54] Epoch 22 train batch [180/1875] loss=0.3246 avg_loss=0.1217
[2026-06-03 08:48:56] Epoch 22 train batch [200/1875] loss=0.0465 avg_loss=0.1247
[2026-06-03 08:48:57] Epoch 22 train batch [220/1875] loss=0.2731 avg_loss=0.1237
[2026-06-03 08:48:59] Epoch 22 train batch [240/1875] loss=0.0453 avg_loss=0.1229
[2026-06-03 08:49:01] Epoch 22 train batch [260/1875] loss=0.1569 avg_loss=0.1241
[2026-06-03 08:49:03] Epoch 22 train batch [280/1875] loss=0.1415 avg_loss=0.1247
[2026-06-03 08:49:04] Epoch 22 train batch [300/1875] loss=0.2286 avg_loss=0.1253
[2026-06-03 08:49:06] Epoch 22 train batch [320/1875] loss=0.0622 avg_loss=0.1225
[2026-06-03 08:49:08] Epoch 22 train batch [340/1875] loss=0.1563 avg_loss=0.1246
[2026-06-03 08:49:10] Epoch 22 train batch [360/1875] loss=0.1157 avg_loss=0.1266
[2026-06-03 08:49:12] Epoch 22 train batch [380/1875] loss=0.0768 avg_loss=0.1265
[2026-06-03 08:49:13] Epoch 22 train batch [400/1875] loss=0.0418 avg_loss=0.1287
[2026-06-03 08:49:15] Epoch 22 train batch [420/1875] loss=0.3364 avg_loss=0.1294
[2026-06-03 08:49:17] Epoch 22 train batch [440/1875] loss=0.0606 avg_loss=0.1286
[2026-06-03 08:49:19] Epoch 22 train batch [460/1875] loss=0.0816 avg_loss=0.1288
[2026-06-03 08:49:20] Epoch 22 train batch [480/1875] loss=0.2755 avg_loss=0.1292
[2026-06-03 08:49:22] Epoch 22 train batch [500/1875] loss=0.2003 avg_loss=0.1297
[2026-06-03 08:49:24] Epoch 22 train batch [520/1875] loss=0.1565 avg_loss=0.1309
[2026-06-03 08:49:26] Epoch 22 train batch [540/1875] loss=0.0501 avg_loss=0.1300
[2026-06-03 08:49:27] Epoch 22 train batch [560/1875] loss=0.0236 avg_loss=0.1295
[2026-06-03 08:49:29] Epoch 22 train batch [580/1875] loss=0.1095 avg_loss=0.1288
[2026-06-03 08:49:31] Epoch 22 train batch [600/1875] loss=0.2069 avg_loss=0.1300
[2026-06-03 08:49:33] Epoch 22 train batch [620/1875] loss=0.1679 avg_loss=0.1298
[2026-06-03 08:49:34] Epoch 22 train batch [640/1875] loss=0.1698 avg_loss=0.1291
[2026-06-03 08:49:36] Epoch 22 train batch [660/1875] loss=0.1839 avg_loss=0.1278
[2026-06-03 08:49:38] Epoch 22 train batch [680/1875] loss=0.1659 avg_loss=0.1280
[2026-06-03 08:49:40] Epoch 22 train batch [700/1875] loss=0.2064 avg_loss=0.1276
[2026-06-03 08:49:41] Epoch 22 train batch [720/1875] loss=0.2272 avg_loss=0.1268
[2026-06-03 08:49:43] Epoch 22 train batch [740/1875] loss=0.1792 avg_loss=0.1271
[2026-06-03 08:49:45] Epoch 22 train batch [760/1875] loss=0.1659 avg_loss=0.1267
[2026-06-03 08:49:47] Epoch 22 train batch [780/1875] loss=0.1829 avg_loss=0.1270
[2026-06-03 08:49:48] Epoch 22 train batch [800/1875] loss=0.3136 avg_loss=0.1272
[2026-06-03 08:49:50] Epoch 22 train batch [820/1875] loss=0.0897 avg_loss=0.1274
[2026-06-03 08:49:52] Epoch 22 train batch [840/1875] loss=0.1411 avg_loss=0.1272
[2026-06-03 08:49:54] Epoch 22 train batch [860/1875] loss=0.1368 avg_loss=0.1271
[2026-06-03 08:49:55] Epoch 22 train batch [880/1875] loss=0.1771 avg_loss=0.1278
[2026-06-03 08:49:57] Epoch 22 train batch [900/1875] loss=0.0842 avg_loss=0.1281
[2026-06-03 08:49:59] Epoch 22 train batch [920/1875] loss=0.1792 avg_loss=0.1281
[2026-06-03 08:50:01] Epoch 22 train batch [940/1875] loss=0.0012 avg_loss=0.1276
[2026-06-03 08:50:02] Epoch 22 train batch [960/1875] loss=0.2773 avg_loss=0.1277
[2026-06-03 08:50:04] Epoch 22 train batch [980/1875] loss=0.1447 avg_loss=0.1272
[2026-06-03 08:50:06] Epoch 22 train batch [1000/1875] loss=0.1752 avg_loss=0.1272
[2026-06-03 08:50:08] Epoch 22 train batch [1020/1875] loss=0.1210 avg_loss=0.1265
[2026-06-03 08:50:09] Epoch 22 train batch [1040/1875] loss=0.2195 avg_loss=0.1266
[2026-06-03 08:50:11] Epoch 22 train batch [1060/1875] loss=0.0558 avg_loss=0.1263
[2026-06-03 08:50:13] Epoch 22 train batch [1080/1875] loss=0.2697 avg_loss=0.1265
[2026-06-03 08:50:15] Epoch 22 train batch [1100/1875] loss=0.1133 avg_loss=0.1267
[2026-06-03 08:50:16] Epoch 22 train batch [1120/1875] loss=0.3498 avg_loss=0.1273
[2026-06-03 08:50:18] Epoch 22 train batch [1140/1875] loss=0.1837 avg_loss=0.1271
[2026-06-03 08:50:20] Epoch 22 train batch [1160/1875] loss=0.0245 avg_loss=0.1272
[2026-06-03 08:50:21] Epoch 22 train batch [1180/1875] loss=0.3085 avg_loss=0.1270
[2026-06-03 08:50:23] Epoch 22 train batch [1200/1875] loss=0.0002 avg_loss=0.1268
[2026-06-03 08:50:25] Epoch 22 train batch [1220/1875] loss=0.0687 avg_loss=0.1268
[2026-06-03 08:50:27] Epoch 22 train batch [1240/1875] loss=0.0194 avg_loss=0.1265
[2026-06-03 08:50:28] Epoch 22 train batch [1260/1875] loss=0.0407 avg_loss=0.1260
[2026-06-03 08:50:30] Epoch 22 train batch [1280/1875] loss=0.0867 avg_loss=0.1261
[2026-06-03 08:50:32] Epoch 22 train batch [1300/1875] loss=0.2219 avg_loss=0.1258
[2026-06-03 08:50:34] Epoch 22 train batch [1320/1875] loss=0.0601 avg_loss=0.1257
[2026-06-03 08:50:35] Epoch 22 train batch [1340/1875] loss=0.0719 avg_loss=0.1256
[2026-06-03 08:50:37] Epoch 22 train batch [1360/1875] loss=0.1842 avg_loss=0.1258
[2026-06-03 08:50:39] Epoch 22 train batch [1380/1875] loss=0.2935 avg_loss=0.1261
[2026-06-03 08:50:41] Epoch 22 train batch [1400/1875] loss=0.0709 avg_loss=0.1261
[2026-06-03 08:50:42] Epoch 22 train batch [1420/1875] loss=0.2008 avg_loss=0.1266
[2026-06-03 08:50:44] Epoch 22 train batch [1440/1875] loss=0.0604 avg_loss=0.1268
[2026-06-03 08:50:46] Epoch 22 train batch [1460/1875] loss=0.0800 avg_loss=0.1273
[2026-06-03 08:50:48] Epoch 22 train batch [1480/1875] loss=0.0464 avg_loss=0.1272
[2026-06-03 08:50:50] Epoch 22 train batch [1500/1875] loss=0.1979 avg_loss=0.1272
[2026-06-03 08:50:51] Epoch 22 train batch [1520/1875] loss=0.0526 avg_loss=0.1271
[2026-06-03 08:50:53] Epoch 22 train batch [1540/1875] loss=0.1549 avg_loss=0.1272
[2026-06-03 08:50:55] Epoch 22 train batch [1560/1875] loss=0.0486 avg_loss=0.1272
[2026-06-03 08:50:56] Epoch 22 train batch [1580/1875] loss=0.3423 avg_loss=0.1272
[2026-06-03 08:50:58] Epoch 22 train batch [1600/1875] loss=0.2668 avg_loss=0.1271
[2026-06-03 08:51:00] Epoch 22 train batch [1620/1875] loss=0.0641 avg_loss=0.1268
[2026-06-03 08:51:02] Epoch 22 train batch [1640/1875] loss=0.0771 avg_loss=0.1270
[2026-06-03 08:51:03] Epoch 22 train batch [1660/1875] loss=0.0783 avg_loss=0.1268
[2026-06-03 08:51:05] Epoch 22 train batch [1680/1875] loss=0.1305 avg_loss=0.1266
[2026-06-03 08:51:07] Epoch 22 train batch [1700/1875] loss=0.1528 avg_loss=0.1270
[2026-06-03 08:51:09] Epoch 22 train batch [1720/1875] loss=0.1402 avg_loss=0.1272
[2026-06-03 08:51:10] Epoch 22 train batch [1740/1875] loss=0.0019 avg_loss=0.1271
[2026-06-03 08:51:12] Epoch 22 train batch [1760/1875] loss=0.3506 avg_loss=0.1272
[2026-06-03 08:51:14] Epoch 22 train batch [1780/1875] loss=0.2446 avg_loss=0.1272
[2026-06-03 08:51:16] Epoch 22 train batch [1800/1875] loss=0.1038 avg_loss=0.1268
[2026-06-03 08:51:17] Epoch 22 train batch [1820/1875] loss=0.0669 avg_loss=0.1266
[2026-06-03 08:51:19] Epoch 22 train batch [1840/1875] loss=0.0988 avg_loss=0.1267
[2026-06-03 08:51:21] Epoch 22 train batch [1860/1875] loss=0.0699 avg_loss=0.1265
[2026-06-03 08:51:22] Epoch 22 train batch [1875/1875] loss=0.1213 avg_loss=0.1267
[2026-06-03 08:51:22] Epoch 22 training completed. Computing validation loss.
[2026-06-03 08:51:40] Epoch 22 validation loss completed: 0.1758. Computing detection metrics.
[2026-06-03 08:51:56] Epoch 22 metrics computed. Saving artifacts.
[2026-06-03 08:51:57] Epoch 22 did not improve mAP@0.5 enough. Early stopping counter: 1/7.
Epoch [22/30]
├── Train Loss : 0.1267
│   ├── loss_classifier  : 0.0397
│   ├── loss_box_reg     : 0.0791
│   ├── loss_objectness  : 0.0039
│   └── loss_rpn_box_reg : 0.0040
├── Val Loss   : 0.1758
├── mAP@0.5    : 0.7866
├── mAP@0.75   : 0.4935
├── mAP@0.5:0.95 : 0.4696
├── Precision  : 0.5786
├── Recall     : 0.8506
├── GT Boxes   : 2021
├── Predictions: 2971
├── Per-class AP
│   ├── person  : AP50=0.8339, AP75=0.5079, AP50:95=0.4833, P=0.6003, R=0.8808
│   ├── car     : AP50=0.7709, AP75=0.5051, AP50:95=0.4590, P=0.5379, R=0.8269
│   ├── dog     : AP50=0.8615, AP75=0.5866, AP50:95=0.5470, P=0.6816, R=0.8835
│   ├── cat     : AP50=0.8924, AP75=0.5951, AP50:95=0.5521, P=0.7729, R=0.9091
│   └── chair   : AP50=0.5741, AP75=0.2729, AP50:95=0.3067, P=0.4053, R=0.6986
├── LR         : 0.000100
└── Time       : 198.4s
[2026-06-03 08:51:57] Epoch [22/30] completed.
[2026-06-03 08:51:57] Epoch [23/30] started.
[2026-06-03 08:51:59] Epoch 23 train batch [20/1875] loss=0.2834 avg_loss=0.1421
[2026-06-03 08:52:01] Epoch 23 train batch [40/1875] loss=0.0632 avg_loss=0.1230
[2026-06-03 08:52:02] Epoch 23 train batch [60/1875] loss=0.2761 avg_loss=0.1245
[2026-06-03 08:52:04] Epoch 23 train batch [80/1875] loss=0.0617 avg_loss=0.1253
[2026-06-03 08:52:06] Epoch 23 train batch [100/1875] loss=0.0717 avg_loss=0.1229
[2026-06-03 08:52:08] Epoch 23 train batch [120/1875] loss=0.1365 avg_loss=0.1259
[2026-06-03 08:52:09] Epoch 23 train batch [140/1875] loss=0.4919 avg_loss=0.1275
[2026-06-03 08:52:11] Epoch 23 train batch [160/1875] loss=0.2638 avg_loss=0.1235
[2026-06-03 08:52:13] Epoch 23 train batch [180/1875] loss=0.0067 avg_loss=0.1215
[2026-06-03 08:52:15] Epoch 23 train batch [200/1875] loss=0.0852 avg_loss=0.1191
[2026-06-03 08:52:16] Epoch 23 train batch [220/1875] loss=0.1274 avg_loss=0.1205
[2026-06-03 08:52:18] Epoch 23 train batch [240/1875] loss=0.2340 avg_loss=0.1214
[2026-06-03 08:52:20] Epoch 23 train batch [260/1875] loss=0.1997 avg_loss=0.1206
[2026-06-03 08:52:22] Epoch 23 train batch [280/1875] loss=0.3605 avg_loss=0.1237
[2026-06-03 08:52:23] Epoch 23 train batch [300/1875] loss=0.1642 avg_loss=0.1240
[2026-06-03 08:52:25] Epoch 23 train batch [320/1875] loss=0.0924 avg_loss=0.1237
[2026-06-03 08:52:27] Epoch 23 train batch [340/1875] loss=0.1871 avg_loss=0.1247
[2026-06-03 08:52:29] Epoch 23 train batch [360/1875] loss=0.0547 avg_loss=0.1250
[2026-06-03 08:52:30] Epoch 23 train batch [380/1875] loss=0.0890 avg_loss=0.1245
[2026-06-03 08:52:32] Epoch 23 train batch [400/1875] loss=0.0347 avg_loss=0.1233
[2026-06-03 08:52:34] Epoch 23 train batch [420/1875] loss=0.0892 avg_loss=0.1230
[2026-06-03 08:52:36] Epoch 23 train batch [440/1875] loss=0.2765 avg_loss=0.1228
[2026-06-03 08:52:37] Epoch 23 train batch [460/1875] loss=0.1405 avg_loss=0.1233
[2026-06-03 08:52:39] Epoch 23 train batch [480/1875] loss=0.0459 avg_loss=0.1237
[2026-06-03 08:52:41] Epoch 23 train batch [500/1875] loss=0.1405 avg_loss=0.1237
[2026-06-03 08:52:43] Epoch 23 train batch [520/1875] loss=0.1258 avg_loss=0.1236
[2026-06-03 08:52:44] Epoch 23 train batch [540/1875] loss=0.0127 avg_loss=0.1232
[2026-06-03 08:52:46] Epoch 23 train batch [560/1875] loss=0.0098 avg_loss=0.1234
[2026-06-03 08:52:48] Epoch 23 train batch [580/1875] loss=0.1963 avg_loss=0.1236
[2026-06-03 08:52:50] Epoch 23 train batch [600/1875] loss=0.1265 avg_loss=0.1236
[2026-06-03 08:52:51] Epoch 23 train batch [620/1875] loss=0.1435 avg_loss=0.1242
[2026-06-03 08:52:53] Epoch 23 train batch [640/1875] loss=0.0377 avg_loss=0.1235
[2026-06-03 08:52:55] Epoch 23 train batch [660/1875] loss=0.1287 avg_loss=0.1234
[2026-06-03 08:52:56] Epoch 23 train batch [680/1875] loss=0.1593 avg_loss=0.1227
[2026-06-03 08:52:58] Epoch 23 train batch [700/1875] loss=0.2803 avg_loss=0.1233
[2026-06-03 08:53:00] Epoch 23 train batch [720/1875] loss=0.3575 avg_loss=0.1242
[2026-06-03 08:53:02] Epoch 23 train batch [740/1875] loss=0.0336 avg_loss=0.1245
[2026-06-03 08:53:03] Epoch 23 train batch [760/1875] loss=0.0616 avg_loss=0.1247
[2026-06-03 08:53:05] Epoch 23 train batch [780/1875] loss=0.2228 avg_loss=0.1249
[2026-06-03 08:53:07] Epoch 23 train batch [800/1875] loss=0.2396 avg_loss=0.1252
[2026-06-03 08:53:09] Epoch 23 train batch [820/1875] loss=0.2983 avg_loss=0.1249
[2026-06-03 08:53:10] Epoch 23 train batch [840/1875] loss=0.2330 avg_loss=0.1253
[2026-06-03 08:53:12] Epoch 23 train batch [860/1875] loss=0.1933 avg_loss=0.1256
[2026-06-03 08:53:14] Epoch 23 train batch [880/1875] loss=0.1073 avg_loss=0.1254
[2026-06-03 08:53:15] Epoch 23 train batch [900/1875] loss=0.0530 avg_loss=0.1251
[2026-06-03 08:53:17] Epoch 23 train batch [920/1875] loss=0.1109 avg_loss=0.1254
[2026-06-03 08:53:19] Epoch 23 train batch [940/1875] loss=0.1609 avg_loss=0.1254
[2026-06-03 08:53:21] Epoch 23 train batch [960/1875] loss=0.0841 avg_loss=0.1250
[2026-06-03 08:53:22] Epoch 23 train batch [980/1875] loss=0.0203 avg_loss=0.1248
[2026-06-03 08:53:24] Epoch 23 train batch [1000/1875] loss=0.0281 avg_loss=0.1251
[2026-06-03 08:53:26] Epoch 23 train batch [1020/1875] loss=0.0435 avg_loss=0.1251
[2026-06-03 08:53:28] Epoch 23 train batch [1040/1875] loss=0.2091 avg_loss=0.1248
[2026-06-03 08:53:30] Epoch 23 train batch [1060/1875] loss=0.4610 avg_loss=0.1253
[2026-06-03 08:53:31] Epoch 23 train batch [1080/1875] loss=0.1694 avg_loss=0.1252
[2026-06-03 08:53:33] Epoch 23 train batch [1100/1875] loss=0.0269 avg_loss=0.1252
[2026-06-03 08:53:35] Epoch 23 train batch [1120/1875] loss=0.0393 avg_loss=0.1254
[2026-06-03 08:53:37] Epoch 23 train batch [1140/1875] loss=0.1789 avg_loss=0.1253
[2026-06-03 08:53:38] Epoch 23 train batch [1160/1875] loss=0.0507 avg_loss=0.1256
[2026-06-03 08:53:40] Epoch 23 train batch [1180/1875] loss=0.1617 avg_loss=0.1259
[2026-06-03 08:53:42] Epoch 23 train batch [1200/1875] loss=0.1105 avg_loss=0.1264
[2026-06-03 08:53:43] Epoch 23 train batch [1220/1875] loss=0.0316 avg_loss=0.1269
[2026-06-03 08:53:45] Epoch 23 train batch [1240/1875] loss=0.0359 avg_loss=0.1267
[2026-06-03 08:53:47] Epoch 23 train batch [1260/1875] loss=0.1077 avg_loss=0.1270
[2026-06-03 08:53:48] Epoch 23 train batch [1280/1875] loss=0.1017 avg_loss=0.1270
[2026-06-03 08:53:50] Epoch 23 train batch [1300/1875] loss=0.1082 avg_loss=0.1271
[2026-06-03 08:53:52] Epoch 23 train batch [1320/1875] loss=0.0711 avg_loss=0.1272
[2026-06-03 08:53:54] Epoch 23 train batch [1340/1875] loss=0.0988 avg_loss=0.1268
[2026-06-03 08:53:55] Epoch 23 train batch [1360/1875] loss=0.0154 avg_loss=0.1273
[2026-06-03 08:53:57] Epoch 23 train batch [1380/1875] loss=0.1341 avg_loss=0.1271
[2026-06-03 08:53:59] Epoch 23 train batch [1400/1875] loss=0.0111 avg_loss=0.1267
[2026-06-03 08:54:01] Epoch 23 train batch [1420/1875] loss=0.1545 avg_loss=0.1264
[2026-06-03 08:54:03] Epoch 23 train batch [1440/1875] loss=0.0945 avg_loss=0.1266
[2026-06-03 08:54:04] Epoch 23 train batch [1460/1875] loss=0.0053 avg_loss=0.1267
[2026-06-03 08:54:06] Epoch 23 train batch [1480/1875] loss=0.0858 avg_loss=0.1266
[2026-06-03 08:54:08] Epoch 23 train batch [1500/1875] loss=0.1013 avg_loss=0.1265
[2026-06-03 08:54:10] Epoch 23 train batch [1520/1875] loss=0.1234 avg_loss=0.1265
[2026-06-03 08:54:11] Epoch 23 train batch [1540/1875] loss=0.1036 avg_loss=0.1263
[2026-06-03 08:54:13] Epoch 23 train batch [1560/1875] loss=0.0517 avg_loss=0.1265
[2026-06-03 08:54:15] Epoch 23 train batch [1580/1875] loss=0.0913 avg_loss=0.1264
[2026-06-03 08:54:17] Epoch 23 train batch [1600/1875] loss=0.0958 avg_loss=0.1264
[2026-06-03 08:54:18] Epoch 23 train batch [1620/1875] loss=0.1394 avg_loss=0.1267
[2026-06-03 08:54:20] Epoch 23 train batch [1640/1875] loss=0.0899 avg_loss=0.1269
[2026-06-03 08:54:22] Epoch 23 train batch [1660/1875] loss=0.2150 avg_loss=0.1271
[2026-06-03 08:54:24] Epoch 23 train batch [1680/1875] loss=0.1005 avg_loss=0.1274
[2026-06-03 08:54:26] Epoch 23 train batch [1700/1875] loss=0.0978 avg_loss=0.1274
[2026-06-03 08:54:27] Epoch 23 train batch [1720/1875] loss=0.1282 avg_loss=0.1270
[2026-06-03 08:54:29] Epoch 23 train batch [1740/1875] loss=0.1112 avg_loss=0.1269
[2026-06-03 08:54:31] Epoch 23 train batch [1760/1875] loss=0.2015 avg_loss=0.1269
[2026-06-03 08:54:33] Epoch 23 train batch [1780/1875] loss=0.1025 avg_loss=0.1268
[2026-06-03 08:54:34] Epoch 23 train batch [1800/1875] loss=0.0836 avg_loss=0.1265
[2026-06-03 08:54:36] Epoch 23 train batch [1820/1875] loss=0.0741 avg_loss=0.1263
[2026-06-03 08:54:38] Epoch 23 train batch [1840/1875] loss=0.1065 avg_loss=0.1261
[2026-06-03 08:54:40] Epoch 23 train batch [1860/1875] loss=0.2541 avg_loss=0.1260
[2026-06-03 08:54:41] Epoch 23 train batch [1875/1875] loss=0.0575 avg_loss=0.1258
[2026-06-03 08:54:41] Epoch 23 training completed. Computing validation loss.
[2026-06-03 08:54:58] Epoch 23 validation loss completed: 0.1786. Computing detection metrics.
[2026-06-03 08:55:15] Epoch 23 metrics computed. Saving artifacts.
[2026-06-03 08:55:16] Epoch 23 did not improve mAP@0.5 enough. Early stopping counter: 2/7.
Epoch [23/30]
├── Train Loss : 0.1258
│   ├── loss_classifier  : 0.0394
│   ├── loss_box_reg     : 0.0784
│   ├── loss_objectness  : 0.0040
│   └── loss_rpn_box_reg : 0.0040
├── Val Loss   : 0.1786
├── mAP@0.5    : 0.7794
├── mAP@0.75   : 0.4963
├── mAP@0.5:0.95 : 0.4693
├── Precision  : 0.6016
├── Recall     : 0.8412
├── GT Boxes   : 2021
├── Predictions: 2826
├── Per-class AP
│   ├── person  : AP50=0.8305, AP75=0.5057, AP50:95=0.4832, P=0.6319, R=0.8696
│   ├── car     : AP50=0.7706, AP75=0.4971, AP50:95=0.4655, P=0.5339, R=0.8339
│   ├── dog     : AP50=0.8498, AP75=0.6116, AP50:95=0.5486, P=0.7063, R=0.8641
│   ├── cat     : AP50=0.8721, AP75=0.5680, AP50:95=0.5381, P=0.7839, R=0.8864
│   └── chair   : AP50=0.5738, AP75=0.2990, AP50:95=0.3109, P=0.4308, R=0.6950
├── LR         : 0.000100
└── Time       : 197.9s
[2026-06-03 08:55:16] Epoch [23/30] completed.
[2026-06-03 08:55:16] Epoch [24/30] started.
[2026-06-03 08:55:18] Epoch 24 train batch [20/1875] loss=0.1703 avg_loss=0.1035
[2026-06-03 08:55:19] Epoch 24 train batch [40/1875] loss=0.1505 avg_loss=0.1308
[2026-06-03 08:55:21] Epoch 24 train batch [60/1875] loss=0.3430 avg_loss=0.1396
[2026-06-03 08:55:23] Epoch 24 train batch [80/1875] loss=0.0810 avg_loss=0.1249
[2026-06-03 08:55:24] Epoch 24 train batch [100/1875] loss=0.1091 avg_loss=0.1219
[2026-06-03 08:55:26] Epoch 24 train batch [120/1875] loss=0.0544 avg_loss=0.1185
[2026-06-03 08:55:28] Epoch 24 train batch [140/1875] loss=0.0007 avg_loss=0.1161
[2026-06-03 08:55:30] Epoch 24 train batch [160/1875] loss=0.0577 avg_loss=0.1137
[2026-06-03 08:55:31] Epoch 24 train batch [180/1875] loss=0.1084 avg_loss=0.1156
[2026-06-03 08:55:33] Epoch 24 train batch [200/1875] loss=0.0895 avg_loss=0.1165
[2026-06-03 08:55:35] Epoch 24 train batch [220/1875] loss=0.0203 avg_loss=0.1152
[2026-06-03 08:55:37] Epoch 24 train batch [240/1875] loss=0.0769 avg_loss=0.1140
[2026-06-03 08:55:39] Epoch 24 train batch [260/1875] loss=0.1115 avg_loss=0.1156
[2026-06-03 08:55:41] Epoch 24 train batch [280/1875] loss=0.1621 avg_loss=0.1154
[2026-06-03 08:55:43] Epoch 24 train batch [300/1875] loss=0.0925 avg_loss=0.1162
[2026-06-03 08:55:44] Epoch 24 train batch [320/1875] loss=0.0192 avg_loss=0.1176
[2026-06-03 08:55:46] Epoch 24 train batch [340/1875] loss=0.2485 avg_loss=0.1177
[2026-06-03 08:55:48] Epoch 24 train batch [360/1875] loss=0.0284 avg_loss=0.1168
[2026-06-03 08:55:50] Epoch 24 train batch [380/1875] loss=0.0342 avg_loss=0.1160
[2026-06-03 08:55:51] Epoch 24 train batch [400/1875] loss=0.0431 avg_loss=0.1159
[2026-06-03 08:55:53] Epoch 24 train batch [420/1875] loss=0.0784 avg_loss=0.1166
[2026-06-03 08:55:55] Epoch 24 train batch [440/1875] loss=0.0715 avg_loss=0.1162
[2026-06-03 08:55:56] Epoch 24 train batch [460/1875] loss=0.0109 avg_loss=0.1155
[2026-06-03 08:55:58] Epoch 24 train batch [480/1875] loss=0.0519 avg_loss=0.1149
[2026-06-03 08:56:00] Epoch 24 train batch [500/1875] loss=0.3688 avg_loss=0.1160
[2026-06-03 08:56:02] Epoch 24 train batch [520/1875] loss=0.0824 avg_loss=0.1175
[2026-06-03 08:56:03] Epoch 24 train batch [540/1875] loss=0.1538 avg_loss=0.1164
[2026-06-03 08:56:05] Epoch 24 train batch [560/1875] loss=0.0487 avg_loss=0.1167
[2026-06-03 08:56:07] Epoch 24 train batch [580/1875] loss=0.0567 avg_loss=0.1175
[2026-06-03 08:56:09] Epoch 24 train batch [600/1875] loss=0.2276 avg_loss=0.1190
[2026-06-03 08:56:10] Epoch 24 train batch [620/1875] loss=0.1011 avg_loss=0.1197
[2026-06-03 08:56:12] Epoch 24 train batch [640/1875] loss=0.1063 avg_loss=0.1202
[2026-06-03 08:56:14] Epoch 24 train batch [660/1875] loss=0.2185 avg_loss=0.1205
[2026-06-03 08:56:16] Epoch 24 train batch [680/1875] loss=0.0874 avg_loss=0.1202
[2026-06-03 08:56:17] Epoch 24 train batch [700/1875] loss=0.2680 avg_loss=0.1211
[2026-06-03 08:56:19] Epoch 24 train batch [720/1875] loss=0.0352 avg_loss=0.1210
[2026-06-03 08:56:21] Epoch 24 train batch [740/1875] loss=0.1476 avg_loss=0.1208
[2026-06-03 08:56:23] Epoch 24 train batch [760/1875] loss=0.1042 avg_loss=0.1211
[2026-06-03 08:56:24] Epoch 24 train batch [780/1875] loss=0.0464 avg_loss=0.1209
[2026-06-03 08:56:26] Epoch 24 train batch [800/1875] loss=0.0615 avg_loss=0.1216
[2026-06-03 08:56:28] Epoch 24 train batch [820/1875] loss=0.0337 avg_loss=0.1218
[2026-06-03 08:56:30] Epoch 24 train batch [840/1875] loss=0.1513 avg_loss=0.1212
[2026-06-03 08:56:31] Epoch 24 train batch [860/1875] loss=0.0614 avg_loss=0.1205
[2026-06-03 08:56:33] Epoch 24 train batch [880/1875] loss=0.0420 avg_loss=0.1206
[2026-06-03 08:56:35] Epoch 24 train batch [900/1875] loss=0.2316 avg_loss=0.1207
[2026-06-03 08:56:37] Epoch 24 train batch [920/1875] loss=0.1087 avg_loss=0.1205
[2026-06-03 08:56:38] Epoch 24 train batch [940/1875] loss=0.1764 avg_loss=0.1205
[2026-06-03 08:56:40] Epoch 24 train batch [960/1875] loss=0.0350 avg_loss=0.1203
[2026-06-03 08:56:42] Epoch 24 train batch [980/1875] loss=0.0954 avg_loss=0.1203
[2026-06-03 08:56:44] Epoch 24 train batch [1000/1875] loss=0.0443 avg_loss=0.1200
[2026-06-03 08:56:45] Epoch 24 train batch [1020/1875] loss=0.0774 avg_loss=0.1196
[2026-06-03 08:56:47] Epoch 24 train batch [1040/1875] loss=0.1896 avg_loss=0.1198
[2026-06-03 08:56:49] Epoch 24 train batch [1060/1875] loss=0.1498 avg_loss=0.1207
[2026-06-03 08:56:51] Epoch 24 train batch [1080/1875] loss=0.0600 avg_loss=0.1207
[2026-06-03 08:56:52] Epoch 24 train batch [1100/1875] loss=0.0945 avg_loss=0.1217
[2026-06-03 08:56:54] Epoch 24 train batch [1120/1875] loss=0.0686 avg_loss=0.1219
[2026-06-03 08:56:56] Epoch 24 train batch [1140/1875] loss=0.2125 avg_loss=0.1214
[2026-06-03 08:56:58] Epoch 24 train batch [1160/1875] loss=0.1696 avg_loss=0.1211
[2026-06-03 08:56:59] Epoch 24 train batch [1180/1875] loss=0.3149 avg_loss=0.1220
[2026-06-03 08:57:01] Epoch 24 train batch [1200/1875] loss=0.0879 avg_loss=0.1220
[2026-06-03 08:57:03] Epoch 24 train batch [1220/1875] loss=0.1100 avg_loss=0.1224
[2026-06-03 08:57:05] Epoch 24 train batch [1240/1875] loss=0.0747 avg_loss=0.1226
[2026-06-03 08:57:06] Epoch 24 train batch [1260/1875] loss=0.2236 avg_loss=0.1233
[2026-06-03 08:57:08] Epoch 24 train batch [1280/1875] loss=0.0203 avg_loss=0.1229
[2026-06-03 08:57:10] Epoch 24 train batch [1300/1875] loss=0.0216 avg_loss=0.1231
[2026-06-03 08:57:12] Epoch 24 train batch [1320/1875] loss=0.0538 avg_loss=0.1231
[2026-06-03 08:57:13] Epoch 24 train batch [1340/1875] loss=0.3274 avg_loss=0.1231
[2026-06-03 08:57:15] Epoch 24 train batch [1360/1875] loss=0.2285 avg_loss=0.1233
[2026-06-03 08:57:17] Epoch 24 train batch [1380/1875] loss=0.0195 avg_loss=0.1233
[2026-06-03 08:57:19] Epoch 24 train batch [1400/1875] loss=0.3829 avg_loss=0.1237
[2026-06-03 08:57:20] Epoch 24 train batch [1420/1875] loss=0.0251 avg_loss=0.1237
[2026-06-03 08:57:22] Epoch 24 train batch [1440/1875] loss=0.1686 avg_loss=0.1238
[2026-06-03 08:57:24] Epoch 24 train batch [1460/1875] loss=0.1029 avg_loss=0.1236
[2026-06-03 08:57:26] Epoch 24 train batch [1480/1875] loss=0.3353 avg_loss=0.1235
[2026-06-03 08:57:27] Epoch 24 train batch [1500/1875] loss=0.2326 avg_loss=0.1234
[2026-06-03 08:57:29] Epoch 24 train batch [1520/1875] loss=0.1190 avg_loss=0.1232
[2026-06-03 08:57:31] Epoch 24 train batch [1540/1875] loss=0.0428 avg_loss=0.1233
[2026-06-03 08:57:33] Epoch 24 train batch [1560/1875] loss=0.3126 avg_loss=0.1235
[2026-06-03 08:57:34] Epoch 24 train batch [1580/1875] loss=0.1248 avg_loss=0.1232
[2026-06-03 08:57:36] Epoch 24 train batch [1600/1875] loss=0.1767 avg_loss=0.1234
[2026-06-03 08:57:38] Epoch 24 train batch [1620/1875] loss=0.1830 avg_loss=0.1237
[2026-06-03 08:57:40] Epoch 24 train batch [1640/1875] loss=0.2820 avg_loss=0.1240
[2026-06-03 08:57:42] Epoch 24 train batch [1660/1875] loss=0.0261 avg_loss=0.1237
[2026-06-03 08:57:43] Epoch 24 train batch [1680/1875] loss=0.1228 avg_loss=0.1238
[2026-06-03 08:57:45] Epoch 24 train batch [1700/1875] loss=0.1115 avg_loss=0.1241
[2026-06-03 08:57:47] Epoch 24 train batch [1720/1875] loss=0.3704 avg_loss=0.1246
[2026-06-03 08:57:49] Epoch 24 train batch [1740/1875] loss=0.0542 avg_loss=0.1247
[2026-06-03 08:57:50] Epoch 24 train batch [1760/1875] loss=0.1023 avg_loss=0.1248
[2026-06-03 08:57:52] Epoch 24 train batch [1780/1875] loss=0.1245 avg_loss=0.1246
[2026-06-03 08:57:54] Epoch 24 train batch [1800/1875] loss=0.1550 avg_loss=0.1248
[2026-06-03 08:57:56] Epoch 24 train batch [1820/1875] loss=0.1222 avg_loss=0.1251
[2026-06-03 08:57:58] Epoch 24 train batch [1840/1875] loss=0.1360 avg_loss=0.1250
[2026-06-03 08:57:59] Epoch 24 train batch [1860/1875] loss=0.2642 avg_loss=0.1246
[2026-06-03 08:58:01] Epoch 24 train batch [1875/1875] loss=0.0359 avg_loss=0.1245
[2026-06-03 08:58:01] Epoch 24 training completed. Computing validation loss.
[2026-06-03 08:58:18] Epoch 24 validation loss completed: 0.1772. Computing detection metrics.
[2026-06-03 08:58:34] Epoch 24 metrics computed. Saving artifacts.
[2026-06-03 08:58:35] Epoch 24 did not improve mAP@0.5 enough. Early stopping counter: 3/7.
Epoch [24/30]
├── Train Loss : 0.1245
│   ├── loss_classifier  : 0.0388
│   ├── loss_box_reg     : 0.0779
│   ├── loss_objectness  : 0.0038
│   └── loss_rpn_box_reg : 0.0039
├── Val Loss   : 0.1772
├── mAP@0.5    : 0.7824
├── mAP@0.75   : 0.4931
├── mAP@0.5:0.95 : 0.4679
├── Precision  : 0.6082
├── Recall     : 0.8456
├── GT Boxes   : 2021
├── Predictions: 2810
├── Per-class AP
│   ├── person  : AP50=0.8369, AP75=0.4936, AP50:95=0.4839, P=0.6438, R=0.8752
│   ├── car     : AP50=0.7692, AP75=0.4905, AP50:95=0.4603, P=0.5390, R=0.8304
│   ├── dog     : AP50=0.8592, AP75=0.6014, AP50:95=0.5480, P=0.7154, R=0.8786
│   ├── cat     : AP50=0.8718, AP75=0.5725, AP50:95=0.5379, P=0.7879, R=0.8864
│   └── chair   : AP50=0.5750, AP75=0.3074, AP50:95=0.3093, P=0.4255, R=0.6986
├── LR         : 0.000100
└── Time       : 198.8s
[2026-06-03 08:58:35] Epoch [24/30] completed.
[2026-06-03 08:58:35] Epoch [25/30] started.
[2026-06-03 08:58:37] Epoch 25 train batch [20/1875] loss=0.0810 avg_loss=0.1315
[2026-06-03 08:58:39] Epoch 25 train batch [40/1875] loss=0.2302 avg_loss=0.1353
[2026-06-03 08:58:41] Epoch 25 train batch [60/1875] loss=0.1287 avg_loss=0.1198
[2026-06-03 08:58:42] Epoch 25 train batch [80/1875] loss=0.1408 avg_loss=0.1133
[2026-06-03 08:58:44] Epoch 25 train batch [100/1875] loss=0.0790 avg_loss=0.1156
[2026-06-03 08:58:46] Epoch 25 train batch [120/1875] loss=0.0012 avg_loss=0.1224
[2026-06-03 08:58:48] Epoch 25 train batch [140/1875] loss=0.0677 avg_loss=0.1248
[2026-06-03 08:58:49] Epoch 25 train batch [160/1875] loss=0.1610 avg_loss=0.1245
[2026-06-03 08:58:51] Epoch 25 train batch [180/1875] loss=0.1783 avg_loss=0.1224
[2026-06-03 08:58:53] Epoch 25 train batch [200/1875] loss=0.1764 avg_loss=0.1250
[2026-06-03 08:58:55] Epoch 25 train batch [220/1875] loss=0.0712 avg_loss=0.1292
[2026-06-03 08:58:56] Epoch 25 train batch [240/1875] loss=0.0620 avg_loss=0.1285
[2026-06-03 08:58:58] Epoch 25 train batch [260/1875] loss=0.1432 avg_loss=0.1268
[2026-06-03 08:59:00] Epoch 25 train batch [280/1875] loss=0.1955 avg_loss=0.1257
[2026-06-03 08:59:01] Epoch 25 train batch [300/1875] loss=0.0248 avg_loss=0.1260
[2026-06-03 08:59:03] Epoch 25 train batch [320/1875] loss=0.1593 avg_loss=0.1256
[2026-06-03 08:59:05] Epoch 25 train batch [340/1875] loss=0.0082 avg_loss=0.1255
[2026-06-03 08:59:07] Epoch 25 train batch [360/1875] loss=0.2035 avg_loss=0.1254
[2026-06-03 08:59:09] Epoch 25 train batch [380/1875] loss=0.0470 avg_loss=0.1250
[2026-06-03 08:59:10] Epoch 25 train batch [400/1875] loss=0.1172 avg_loss=0.1261
[2026-06-03 08:59:12] Epoch 25 train batch [420/1875] loss=0.1157 avg_loss=0.1271
[2026-06-03 08:59:14] Epoch 25 train batch [440/1875] loss=0.1329 avg_loss=0.1291
[2026-06-03 08:59:16] Epoch 25 train batch [460/1875] loss=0.1691 avg_loss=0.1272
[2026-06-03 08:59:17] Epoch 25 train batch [480/1875] loss=0.1101 avg_loss=0.1275
[2026-06-03 08:59:19] Epoch 25 train batch [500/1875] loss=0.1353 avg_loss=0.1269
[2026-06-03 08:59:21] Epoch 25 train batch [520/1875] loss=0.0544 avg_loss=0.1263
[2026-06-03 08:59:22] Epoch 25 train batch [540/1875] loss=0.1317 avg_loss=0.1265
[2026-06-03 08:59:24] Epoch 25 train batch [560/1875] loss=0.0625 avg_loss=0.1262
[2026-06-03 08:59:26] Epoch 25 train batch [580/1875] loss=0.0699 avg_loss=0.1251
[2026-06-03 08:59:28] Epoch 25 train batch [600/1875] loss=0.0905 avg_loss=0.1249
[2026-06-03 08:59:29] Epoch 25 train batch [620/1875] loss=0.0389 avg_loss=0.1254
[2026-06-03 08:59:31] Epoch 25 train batch [640/1875] loss=0.4505 avg_loss=0.1253
[2026-06-03 08:59:33] Epoch 25 train batch [660/1875] loss=0.0512 avg_loss=0.1254
[2026-06-03 08:59:35] Epoch 25 train batch [680/1875] loss=0.0262 avg_loss=0.1251
[2026-06-03 08:59:36] Epoch 25 train batch [700/1875] loss=0.1849 avg_loss=0.1266
[2026-06-03 08:59:38] Epoch 25 train batch [720/1875] loss=0.2537 avg_loss=0.1257
[2026-06-03 08:59:40] Epoch 25 train batch [740/1875] loss=0.1238 avg_loss=0.1262
[2026-06-03 08:59:42] Epoch 25 train batch [760/1875] loss=0.1192 avg_loss=0.1261
[2026-06-03 08:59:43] Epoch 25 train batch [780/1875] loss=0.1302 avg_loss=0.1263
[2026-06-03 08:59:45] Epoch 25 train batch [800/1875] loss=0.2730 avg_loss=0.1270
[2026-06-03 08:59:47] Epoch 25 train batch [820/1875] loss=0.0847 avg_loss=0.1268
[2026-06-03 08:59:49] Epoch 25 train batch [840/1875] loss=0.2951 avg_loss=0.1268
[2026-06-03 08:59:50] Epoch 25 train batch [860/1875] loss=0.0667 avg_loss=0.1278
[2026-06-03 08:59:52] Epoch 25 train batch [880/1875] loss=0.2959 avg_loss=0.1285
[2026-06-03 08:59:54] Epoch 25 train batch [900/1875] loss=0.1649 avg_loss=0.1279
[2026-06-03 08:59:55] Epoch 25 train batch [920/1875] loss=0.0509 avg_loss=0.1275
[2026-06-03 08:59:57] Epoch 25 train batch [940/1875] loss=0.0671 avg_loss=0.1274
[2026-06-03 08:59:59] Epoch 25 train batch [960/1875] loss=0.0635 avg_loss=0.1278
[2026-06-03 09:00:01] Epoch 25 train batch [980/1875] loss=0.1070 avg_loss=0.1282
[2026-06-03 09:00:03] Epoch 25 train batch [1000/1875] loss=0.2579 avg_loss=0.1283
[2026-06-03 09:00:04] Epoch 25 train batch [1020/1875] loss=0.0441 avg_loss=0.1279
[2026-06-03 09:00:06] Epoch 25 train batch [1040/1875] loss=0.3330 avg_loss=0.1284
[2026-06-03 09:00:08] Epoch 25 train batch [1060/1875] loss=0.0279 avg_loss=0.1285
[2026-06-03 09:00:09] Epoch 25 train batch [1080/1875] loss=0.0436 avg_loss=0.1279
[2026-06-03 09:00:11] Epoch 25 train batch [1100/1875] loss=0.0688 avg_loss=0.1275
[2026-06-03 09:00:13] Epoch 25 train batch [1120/1875] loss=0.1227 avg_loss=0.1279
[2026-06-03 09:00:15] Epoch 25 train batch [1140/1875] loss=0.0502 avg_loss=0.1279
[2026-06-03 09:00:16] Epoch 25 train batch [1160/1875] loss=0.1245 avg_loss=0.1273
[2026-06-03 09:00:18] Epoch 25 train batch [1180/1875] loss=0.0635 avg_loss=0.1270
[2026-06-03 09:00:20] Epoch 25 train batch [1200/1875] loss=0.0578 avg_loss=0.1271
[2026-06-03 09:00:22] Epoch 25 train batch [1220/1875] loss=0.1719 avg_loss=0.1262
[2026-06-03 09:00:23] Epoch 25 train batch [1240/1875] loss=0.2006 avg_loss=0.1263
[2026-06-03 09:00:25] Epoch 25 train batch [1260/1875] loss=0.2061 avg_loss=0.1267
[2026-06-03 09:00:27] Epoch 25 train batch [1280/1875] loss=0.0186 avg_loss=0.1266
[2026-06-03 09:00:28] Epoch 25 train batch [1300/1875] loss=0.0918 avg_loss=0.1259
[2026-06-03 09:00:30] Epoch 25 train batch [1320/1875] loss=0.0514 avg_loss=0.1262
[2026-06-03 09:00:32] Epoch 25 train batch [1340/1875] loss=0.0715 avg_loss=0.1260
[2026-06-03 09:00:34] Epoch 25 train batch [1360/1875] loss=0.0745 avg_loss=0.1259
[2026-06-03 09:00:36] Epoch 25 train batch [1380/1875] loss=0.0289 avg_loss=0.1256
[2026-06-03 09:00:37] Epoch 25 train batch [1400/1875] loss=0.0327 avg_loss=0.1259
[2026-06-03 09:00:39] Epoch 25 train batch [1420/1875] loss=0.1161 avg_loss=0.1253
[2026-06-03 09:00:41] Epoch 25 train batch [1440/1875] loss=0.0407 avg_loss=0.1248
[2026-06-03 09:00:42] Epoch 25 train batch [1460/1875] loss=0.1115 avg_loss=0.1248
[2026-06-03 09:00:44] Epoch 25 train batch [1480/1875] loss=0.1744 avg_loss=0.1248
[2026-06-03 09:00:46] Epoch 25 train batch [1500/1875] loss=0.1735 avg_loss=0.1247
[2026-06-03 09:00:48] Epoch 25 train batch [1520/1875] loss=0.0855 avg_loss=0.1248
[2026-06-03 09:00:49] Epoch 25 train batch [1540/1875] loss=0.0526 avg_loss=0.1247
[2026-06-03 09:00:51] Epoch 25 train batch [1560/1875] loss=0.0681 avg_loss=0.1246
[2026-06-03 09:00:53] Epoch 25 train batch [1580/1875] loss=0.4278 avg_loss=0.1249
[2026-06-03 09:00:55] Epoch 25 train batch [1600/1875] loss=0.1220 avg_loss=0.1249
[2026-06-03 09:00:56] Epoch 25 train batch [1620/1875] loss=0.0615 avg_loss=0.1249
[2026-06-03 09:00:58] Epoch 25 train batch [1640/1875] loss=0.0915 avg_loss=0.1247
[2026-06-03 09:01:00] Epoch 25 train batch [1660/1875] loss=0.0047 avg_loss=0.1247
[2026-06-03 09:01:02] Epoch 25 train batch [1680/1875] loss=0.1370 avg_loss=0.1247
[2026-06-03 09:01:03] Epoch 25 train batch [1700/1875] loss=0.1842 avg_loss=0.1250
[2026-06-03 09:01:05] Epoch 25 train batch [1720/1875] loss=0.0737 avg_loss=0.1247
[2026-06-03 09:01:07] Epoch 25 train batch [1740/1875] loss=0.1398 avg_loss=0.1247
[2026-06-03 09:01:09] Epoch 25 train batch [1760/1875] loss=0.1694 avg_loss=0.1247
[2026-06-03 09:01:10] Epoch 25 train batch [1780/1875] loss=0.1204 avg_loss=0.1245
[2026-06-03 09:01:12] Epoch 25 train batch [1800/1875] loss=0.1006 avg_loss=0.1244
[2026-06-03 09:01:14] Epoch 25 train batch [1820/1875] loss=0.1594 avg_loss=0.1245
[2026-06-03 09:01:16] Epoch 25 train batch [1840/1875] loss=0.0822 avg_loss=0.1247
[2026-06-03 09:01:18] Epoch 25 train batch [1860/1875] loss=0.0458 avg_loss=0.1245
[2026-06-03 09:01:19] Epoch 25 train batch [1875/1875] loss=0.1387 avg_loss=0.1242
[2026-06-03 09:01:19] Epoch 25 training completed. Computing validation loss.
[2026-06-03 09:01:36] Epoch 25 validation loss completed: 0.1772. Computing detection metrics.
[2026-06-03 09:01:53] Epoch 25 metrics computed. Saving artifacts.
[2026-06-03 09:01:53] Epoch 25 did not improve mAP@0.5 enough. Early stopping counter: 4/7.
Epoch [25/30]
├── Train Loss : 0.1242
│   ├── loss_classifier  : 0.0388
│   ├── loss_box_reg     : 0.0778
│   ├── loss_objectness  : 0.0037
│   └── loss_rpn_box_reg : 0.0039
├── Val Loss   : 0.1772
├── mAP@0.5    : 0.7829
├── mAP@0.75   : 0.4992
├── mAP@0.5:0.95 : 0.4676
├── Precision  : 0.6067
├── Recall     : 0.8441
├── GT Boxes   : 2021
├── Predictions: 2812
├── Per-class AP
│   ├── person  : AP50=0.8332, AP75=0.4997, AP50:95=0.4843, P=0.6385, R=0.8734
│   ├── car     : AP50=0.7690, AP75=0.4923, AP50:95=0.4582, P=0.5721, R=0.8269
│   ├── dog     : AP50=0.8556, AP75=0.6175, AP50:95=0.5478, P=0.7115, R=0.8738
│   ├── cat     : AP50=0.8881, AP75=0.5807, AP50:95=0.5430, P=0.7756, R=0.9034
│   └── chair   : AP50=0.5687, AP75=0.3059, AP50:95=0.3049, P=0.4097, R=0.6915
├── LR         : 0.000100
└── Time       : 197.7s
[2026-06-03 09:01:53] Epoch [25/30] completed.
[2026-06-03 09:01:53] Epoch [26/30] started.
[2026-06-03 09:01:55] Epoch 26 train batch [20/1875] loss=0.1254 avg_loss=0.1274
[2026-06-03 09:01:57] Epoch 26 train batch [40/1875] loss=0.2319 avg_loss=0.1315
[2026-06-03 09:01:59] Epoch 26 train batch [60/1875] loss=0.0183 avg_loss=0.1263
[2026-06-03 09:02:00] Epoch 26 train batch [80/1875] loss=0.1014 avg_loss=0.1195
[2026-06-03 09:02:02] Epoch 26 train batch [100/1875] loss=0.0564 avg_loss=0.1163
[2026-06-03 09:02:04] Epoch 26 train batch [120/1875] loss=0.0829 avg_loss=0.1169
[2026-06-03 09:02:06] Epoch 26 train batch [140/1875] loss=0.0777 avg_loss=0.1171
[2026-06-03 09:02:07] Epoch 26 train batch [160/1875] loss=0.0816 avg_loss=0.1163
[2026-06-03 09:02:09] Epoch 26 train batch [180/1875] loss=0.0415 avg_loss=0.1194
[2026-06-03 09:02:11] Epoch 26 train batch [200/1875] loss=0.2288 avg_loss=0.1197
[2026-06-03 09:02:13] Epoch 26 train batch [220/1875] loss=0.1157 avg_loss=0.1220
[2026-06-03 09:02:14] Epoch 26 train batch [240/1875] loss=0.0008 avg_loss=0.1186
[2026-06-03 09:02:16] Epoch 26 train batch [260/1875] loss=0.1823 avg_loss=0.1177
[2026-06-03 09:02:18] Epoch 26 train batch [280/1875] loss=0.0302 avg_loss=0.1189
[2026-06-03 09:02:19] Epoch 26 train batch [300/1875] loss=0.2735 avg_loss=0.1190
[2026-06-03 09:02:21] Epoch 26 train batch [320/1875] loss=0.0600 avg_loss=0.1178
[2026-06-03 09:02:23] Epoch 26 train batch [340/1875] loss=0.2535 avg_loss=0.1198
[2026-06-03 09:02:25] Epoch 26 train batch [360/1875] loss=0.0293 avg_loss=0.1213
[2026-06-03 09:02:26] Epoch 26 train batch [380/1875] loss=0.0840 avg_loss=0.1204
[2026-06-03 09:02:28] Epoch 26 train batch [400/1875] loss=0.2065 avg_loss=0.1217
[2026-06-03 09:02:30] Epoch 26 train batch [420/1875] loss=0.0734 avg_loss=0.1223
[2026-06-03 09:02:32] Epoch 26 train batch [440/1875] loss=0.1208 avg_loss=0.1210
[2026-06-03 09:02:33] Epoch 26 train batch [460/1875] loss=0.1095 avg_loss=0.1205
[2026-06-03 09:02:35] Epoch 26 train batch [480/1875] loss=0.0949 avg_loss=0.1205
[2026-06-03 09:02:37] Epoch 26 train batch [500/1875] loss=0.0629 avg_loss=0.1205
[2026-06-03 09:02:39] Epoch 26 train batch [520/1875] loss=0.0187 avg_loss=0.1209
[2026-06-03 09:02:40] Epoch 26 train batch [540/1875] loss=0.0003 avg_loss=0.1213
[2026-06-03 09:02:42] Epoch 26 train batch [560/1875] loss=0.0640 avg_loss=0.1208
[2026-06-03 09:02:44] Epoch 26 train batch [580/1875] loss=0.1523 avg_loss=0.1210
[2026-06-03 09:02:46] Epoch 26 train batch [600/1875] loss=0.0994 avg_loss=0.1207
[2026-06-03 09:02:47] Epoch 26 train batch [620/1875] loss=0.2212 avg_loss=0.1206
[2026-06-03 09:02:49] Epoch 26 train batch [640/1875] loss=0.1348 avg_loss=0.1205
[2026-06-03 09:02:51] Epoch 26 train batch [660/1875] loss=0.1695 avg_loss=0.1198
[2026-06-03 09:02:52] Epoch 26 train batch [680/1875] loss=0.1985 avg_loss=0.1194
[2026-06-03 09:02:54] Epoch 26 train batch [700/1875] loss=0.2387 avg_loss=0.1199
[2026-06-03 09:02:56] Epoch 26 train batch [720/1875] loss=0.0652 avg_loss=0.1197
[2026-06-03 09:02:58] Epoch 26 train batch [740/1875] loss=0.0981 avg_loss=0.1198
[2026-06-03 09:03:00] Epoch 26 train batch [760/1875] loss=0.2195 avg_loss=0.1199
[2026-06-03 09:03:01] Epoch 26 train batch [780/1875] loss=0.0001 avg_loss=0.1194
[2026-06-03 09:03:03] Epoch 26 train batch [800/1875] loss=0.0088 avg_loss=0.1187
[2026-06-03 09:03:05] Epoch 26 train batch [820/1875] loss=0.2027 avg_loss=0.1191
[2026-06-03 09:03:07] Epoch 26 train batch [840/1875] loss=0.0549 avg_loss=0.1192
[2026-06-03 09:03:08] Epoch 26 train batch [860/1875] loss=0.1388 avg_loss=0.1192
[2026-06-03 09:03:10] Epoch 26 train batch [880/1875] loss=0.0946 avg_loss=0.1192
[2026-06-03 09:03:12] Epoch 26 train batch [900/1875] loss=0.0888 avg_loss=0.1197
[2026-06-03 09:03:14] Epoch 26 train batch [920/1875] loss=0.0788 avg_loss=0.1203
[2026-06-03 09:03:15] Epoch 26 train batch [940/1875] loss=0.0876 avg_loss=0.1204
[2026-06-03 09:03:17] Epoch 26 train batch [960/1875] loss=0.1269 avg_loss=0.1203
[2026-06-03 09:03:19] Epoch 26 train batch [980/1875] loss=0.1375 avg_loss=0.1200
[2026-06-03 09:03:21] Epoch 26 train batch [1000/1875] loss=0.1197 avg_loss=0.1199
[2026-06-03 09:03:22] Epoch 26 train batch [1020/1875] loss=0.0645 avg_loss=0.1196
[2026-06-03 09:03:24] Epoch 26 train batch [1040/1875] loss=0.1493 avg_loss=0.1196
[2026-06-03 09:03:26] Epoch 26 train batch [1060/1875] loss=0.4942 avg_loss=0.1202
[2026-06-03 09:03:28] Epoch 26 train batch [1080/1875] loss=0.0843 avg_loss=0.1204
[2026-06-03 09:03:30] Epoch 26 train batch [1100/1875] loss=0.1500 avg_loss=0.1204
[2026-06-03 09:03:31] Epoch 26 train batch [1120/1875] loss=0.0647 avg_loss=0.1202
[2026-06-03 09:03:33] Epoch 26 train batch [1140/1875] loss=0.1103 avg_loss=0.1204
[2026-06-03 09:03:35] Epoch 26 train batch [1160/1875] loss=0.1972 avg_loss=0.1202
[2026-06-03 09:03:37] Epoch 26 train batch [1180/1875] loss=0.0640 avg_loss=0.1205
[2026-06-03 09:03:38] Epoch 26 train batch [1200/1875] loss=0.0503 avg_loss=0.1201
[2026-06-03 09:03:40] Epoch 26 train batch [1220/1875] loss=0.0338 avg_loss=0.1203
[2026-06-03 09:03:42] Epoch 26 train batch [1240/1875] loss=0.0323 avg_loss=0.1206
[2026-06-03 09:03:44] Epoch 26 train batch [1260/1875] loss=0.3179 avg_loss=0.1209
[2026-06-03 09:03:45] Epoch 26 train batch [1280/1875] loss=0.2259 avg_loss=0.1209
[2026-06-03 09:03:47] Epoch 26 train batch [1300/1875] loss=0.0158 avg_loss=0.1209
[2026-06-03 09:03:49] Epoch 26 train batch [1320/1875] loss=0.0392 avg_loss=0.1213
[2026-06-03 09:03:51] Epoch 26 train batch [1340/1875] loss=0.2090 avg_loss=0.1214
[2026-06-03 09:03:52] Epoch 26 train batch [1360/1875] loss=0.0957 avg_loss=0.1215
[2026-06-03 09:03:54] Epoch 26 train batch [1380/1875] loss=0.2046 avg_loss=0.1211
[2026-06-03 09:03:56] Epoch 26 train batch [1400/1875] loss=0.1417 avg_loss=0.1208
[2026-06-03 09:03:58] Epoch 26 train batch [1420/1875] loss=0.0883 avg_loss=0.1212
[2026-06-03 09:03:59] Epoch 26 train batch [1440/1875] loss=0.0294 avg_loss=0.1208
[2026-06-03 09:04:01] Epoch 26 train batch [1460/1875] loss=0.0944 avg_loss=0.1213
[2026-06-03 09:04:03] Epoch 26 train batch [1480/1875] loss=0.0631 avg_loss=0.1214
[2026-06-03 09:04:05] Epoch 26 train batch [1500/1875] loss=0.0527 avg_loss=0.1215
[2026-06-03 09:04:06] Epoch 26 train batch [1520/1875] loss=0.1103 avg_loss=0.1216
[2026-06-03 09:04:08] Epoch 26 train batch [1540/1875] loss=0.1142 avg_loss=0.1217
[2026-06-03 09:04:10] Epoch 26 train batch [1560/1875] loss=0.1518 avg_loss=0.1219
[2026-06-03 09:04:12] Epoch 26 train batch [1580/1875] loss=0.2507 avg_loss=0.1217
[2026-06-03 09:04:14] Epoch 26 train batch [1600/1875] loss=0.0498 avg_loss=0.1221
[2026-06-03 09:04:15] Epoch 26 train batch [1620/1875] loss=0.1825 avg_loss=0.1221
[2026-06-03 09:04:17] Epoch 26 train batch [1640/1875] loss=0.1350 avg_loss=0.1223
[2026-06-03 09:04:19] Epoch 26 train batch [1660/1875] loss=0.1627 avg_loss=0.1220
[2026-06-03 09:04:21] Epoch 26 train batch [1680/1875] loss=0.0982 avg_loss=0.1225
[2026-06-03 09:04:22] Epoch 26 train batch [1700/1875] loss=0.1378 avg_loss=0.1226
[2026-06-03 09:04:24] Epoch 26 train batch [1720/1875] loss=0.1404 avg_loss=0.1225
[2026-06-03 09:04:26] Epoch 26 train batch [1740/1875] loss=0.1304 avg_loss=0.1225
[2026-06-03 09:04:28] Epoch 26 train batch [1760/1875] loss=0.0772 avg_loss=0.1224
[2026-06-03 09:04:29] Epoch 26 train batch [1780/1875] loss=0.2934 avg_loss=0.1229
[2026-06-03 09:04:31] Epoch 26 train batch [1800/1875] loss=0.0503 avg_loss=0.1228
[2026-06-03 09:04:33] Epoch 26 train batch [1820/1875] loss=0.0392 avg_loss=0.1230
[2026-06-03 09:04:35] Epoch 26 train batch [1840/1875] loss=0.0389 avg_loss=0.1225
[2026-06-03 09:04:36] Epoch 26 train batch [1860/1875] loss=0.0375 avg_loss=0.1227
[2026-06-03 09:04:38] Epoch 26 train batch [1875/1875] loss=0.0609 avg_loss=0.1226
[2026-06-03 09:04:38] Epoch 26 training completed. Computing validation loss.
[2026-06-03 09:04:55] Epoch 26 validation loss completed: 0.1773. Computing detection metrics.
[2026-06-03 09:05:11] Epoch 26 metrics computed. Saving artifacts.
[2026-06-03 09:05:12] Epoch 26 did not improve mAP@0.5 enough. Early stopping counter: 5/7.
Epoch [26/30]
├── Train Loss : 0.1226
│   ├── loss_classifier  : 0.0382
│   ├── loss_box_reg     : 0.0769
│   ├── loss_objectness  : 0.0037
│   └── loss_rpn_box_reg : 0.0039
├── Val Loss   : 0.1773
├── mAP@0.5    : 0.7841
├── mAP@0.75   : 0.5025
├── mAP@0.5:0.95 : 0.4694
├── Precision  : 0.6008
├── Recall     : 0.8476
├── GT Boxes   : 2021
├── Predictions: 2851
├── Per-class AP
│   ├── person  : AP50=0.8362, AP75=0.4963, AP50:95=0.4841, P=0.6361, R=0.8771
│   ├── car     : AP50=0.7724, AP75=0.5068, AP50:95=0.4639, P=0.5553, R=0.8339
│   ├── dog     : AP50=0.8597, AP75=0.6280, AP50:95=0.5497, P=0.7126, R=0.8786
│   ├── cat     : AP50=0.8778, AP75=0.5802, AP50:95=0.5446, P=0.7441, R=0.8920
│   └── chair   : AP50=0.5745, AP75=0.3012, AP50:95=0.3045, P=0.4104, R=0.6986
├── LR         : 0.000010
└── Time       : 198.0s
[2026-06-03 09:05:12] Epoch [26/30] completed.
[2026-06-03 09:05:12] Epoch [27/30] started.
[2026-06-03 09:05:14] Epoch 27 train batch [20/1875] loss=0.0667 avg_loss=0.0995
[2026-06-03 09:05:16] Epoch 27 train batch [40/1875] loss=0.0838 avg_loss=0.0994
[2026-06-03 09:05:17] Epoch 27 train batch [60/1875] loss=0.0989 avg_loss=0.1088
[2026-06-03 09:05:19] Epoch 27 train batch [80/1875] loss=0.0088 avg_loss=0.1222
[2026-06-03 09:05:21] Epoch 27 train batch [100/1875] loss=0.1744 avg_loss=0.1256
[2026-06-03 09:05:23] Epoch 27 train batch [120/1875] loss=0.1923 avg_loss=0.1285
[2026-06-03 09:05:25] Epoch 27 train batch [140/1875] loss=0.0431 avg_loss=0.1277
[2026-06-03 09:05:26] Epoch 27 train batch [160/1875] loss=0.1316 avg_loss=0.1251
[2026-06-03 09:05:28] Epoch 27 train batch [180/1875] loss=0.1369 avg_loss=0.1229
[2026-06-03 09:05:30] Epoch 27 train batch [200/1875] loss=0.1926 avg_loss=0.1251
[2026-06-03 09:05:31] Epoch 27 train batch [220/1875] loss=0.0661 avg_loss=0.1256
[2026-06-03 09:05:33] Epoch 27 train batch [240/1875] loss=0.1577 avg_loss=0.1255
[2026-06-03 09:05:35] Epoch 27 train batch [260/1875] loss=0.1538 avg_loss=0.1262
[2026-06-03 09:05:37] Epoch 27 train batch [280/1875] loss=0.0387 avg_loss=0.1285
[2026-06-03 09:05:38] Epoch 27 train batch [300/1875] loss=0.1208 avg_loss=0.1281
[2026-06-03 09:05:40] Epoch 27 train batch [320/1875] loss=0.2331 avg_loss=0.1265
[2026-06-03 09:05:42] Epoch 27 train batch [340/1875] loss=0.0114 avg_loss=0.1273
[2026-06-03 09:05:44] Epoch 27 train batch [360/1875] loss=0.0509 avg_loss=0.1263
[2026-06-03 09:05:45] Epoch 27 train batch [380/1875] loss=0.1479 avg_loss=0.1266
[2026-06-03 09:05:47] Epoch 27 train batch [400/1875] loss=0.0988 avg_loss=0.1279
[2026-06-03 09:05:49] Epoch 27 train batch [420/1875] loss=0.0789 avg_loss=0.1292
[2026-06-03 09:05:50] Epoch 27 train batch [440/1875] loss=0.1250 avg_loss=0.1282
[2026-06-03 09:05:52] Epoch 27 train batch [460/1875] loss=0.1934 avg_loss=0.1283
[2026-06-03 09:05:54] Epoch 27 train batch [480/1875] loss=0.0949 avg_loss=0.1282
[2026-06-03 09:05:56] Epoch 27 train batch [500/1875] loss=0.0544 avg_loss=0.1270
[2026-06-03 09:05:58] Epoch 27 train batch [520/1875] loss=0.0142 avg_loss=0.1256
[2026-06-03 09:05:59] Epoch 27 train batch [540/1875] loss=0.0433 avg_loss=0.1249
[2026-06-03 09:06:01] Epoch 27 train batch [560/1875] loss=0.1131 avg_loss=0.1239
[2026-06-03 09:06:03] Epoch 27 train batch [580/1875] loss=0.0794 avg_loss=0.1237
[2026-06-03 09:06:05] Epoch 27 train batch [600/1875] loss=0.2972 avg_loss=0.1240
[2026-06-03 09:06:06] Epoch 27 train batch [620/1875] loss=0.0381 avg_loss=0.1231
[2026-06-03 09:06:08] Epoch 27 train batch [640/1875] loss=0.0584 avg_loss=0.1230
[2026-06-03 09:06:10] Epoch 27 train batch [660/1875] loss=0.1806 avg_loss=0.1239
[2026-06-03 09:06:12] Epoch 27 train batch [680/1875] loss=0.1326 avg_loss=0.1228
[2026-06-03 09:06:13] Epoch 27 train batch [700/1875] loss=0.0053 avg_loss=0.1220
[2026-06-03 09:06:15] Epoch 27 train batch [720/1875] loss=0.0571 avg_loss=0.1220
[2026-06-03 09:06:17] Epoch 27 train batch [740/1875] loss=0.0680 avg_loss=0.1226
[2026-06-03 09:06:19] Epoch 27 train batch [760/1875] loss=0.1031 avg_loss=0.1226
[2026-06-03 09:06:20] Epoch 27 train batch [780/1875] loss=0.0713 avg_loss=0.1223
[2026-06-03 09:06:22] Epoch 27 train batch [800/1875] loss=0.1008 avg_loss=0.1218
[2026-06-03 09:06:24] Epoch 27 train batch [820/1875] loss=0.2779 avg_loss=0.1217
[2026-06-03 09:06:26] Epoch 27 train batch [840/1875] loss=0.1620 avg_loss=0.1222
[2026-06-03 09:06:27] Epoch 27 train batch [860/1875] loss=0.0553 avg_loss=0.1222
[2026-06-03 09:06:29] Epoch 27 train batch [880/1875] loss=0.0775 avg_loss=0.1219
[2026-06-03 09:06:31] Epoch 27 train batch [900/1875] loss=0.0772 avg_loss=0.1224
[2026-06-03 09:06:33] Epoch 27 train batch [920/1875] loss=0.1558 avg_loss=0.1221
[2026-06-03 09:06:34] Epoch 27 train batch [940/1875] loss=0.1690 avg_loss=0.1215
[2026-06-03 09:06:36] Epoch 27 train batch [960/1875] loss=0.1062 avg_loss=0.1211
[2026-06-03 09:06:38] Epoch 27 train batch [980/1875] loss=0.0826 avg_loss=0.1212
[2026-06-03 09:06:40] Epoch 27 train batch [1000/1875] loss=0.0880 avg_loss=0.1213
[2026-06-03 09:06:41] Epoch 27 train batch [1020/1875] loss=0.1612 avg_loss=0.1209
[2026-06-03 09:06:43] Epoch 27 train batch [1040/1875] loss=0.2455 avg_loss=0.1209
[2026-06-03 09:06:45] Epoch 27 train batch [1060/1875] loss=0.1719 avg_loss=0.1211
[2026-06-03 09:06:47] Epoch 27 train batch [1080/1875] loss=0.1383 avg_loss=0.1210
[2026-06-03 09:06:48] Epoch 27 train batch [1100/1875] loss=0.0893 avg_loss=0.1206
[2026-06-03 09:06:50] Epoch 27 train batch [1120/1875] loss=0.0154 avg_loss=0.1207
[2026-06-03 09:06:52] Epoch 27 train batch [1140/1875] loss=0.1608 avg_loss=0.1215
[2026-06-03 09:06:53] Epoch 27 train batch [1160/1875] loss=0.1676 avg_loss=0.1213
[2026-06-03 09:06:55] Epoch 27 train batch [1180/1875] loss=0.2161 avg_loss=0.1209
[2026-06-03 09:06:57] Epoch 27 train batch [1200/1875] loss=0.1498 avg_loss=0.1210
[2026-06-03 09:06:59] Epoch 27 train batch [1220/1875] loss=0.2867 avg_loss=0.1214
[2026-06-03 09:07:00] Epoch 27 train batch [1240/1875] loss=0.0741 avg_loss=0.1217
[2026-06-03 09:07:02] Epoch 27 train batch [1260/1875] loss=0.0958 avg_loss=0.1216
[2026-06-03 09:07:04] Epoch 27 train batch [1280/1875] loss=0.1590 avg_loss=0.1215
[2026-06-03 09:07:05] Epoch 27 train batch [1300/1875] loss=0.1409 avg_loss=0.1215
[2026-06-03 09:07:07] Epoch 27 train batch [1320/1875] loss=0.1857 avg_loss=0.1216
[2026-06-03 09:07:09] Epoch 27 train batch [1340/1875] loss=0.1461 avg_loss=0.1216
[2026-06-03 09:07:11] Epoch 27 train batch [1360/1875] loss=0.1047 avg_loss=0.1218
[2026-06-03 09:07:13] Epoch 27 train batch [1380/1875] loss=0.2266 avg_loss=0.1217
[2026-06-03 09:07:14] Epoch 27 train batch [1400/1875] loss=0.1896 avg_loss=0.1218
[2026-06-03 09:07:16] Epoch 27 train batch [1420/1875] loss=0.0757 avg_loss=0.1219
[2026-06-03 09:07:18] Epoch 27 train batch [1440/1875] loss=0.2556 avg_loss=0.1218
[2026-06-03 09:07:20] Epoch 27 train batch [1460/1875] loss=0.0275 avg_loss=0.1212
[2026-06-03 09:07:21] Epoch 27 train batch [1480/1875] loss=0.0545 avg_loss=0.1212
[2026-06-03 09:07:23] Epoch 27 train batch [1500/1875] loss=0.1327 avg_loss=0.1214
[2026-06-03 09:07:25] Epoch 27 train batch [1520/1875] loss=0.1898 avg_loss=0.1214
[2026-06-03 09:07:27] Epoch 27 train batch [1540/1875] loss=0.0474 avg_loss=0.1214
[2026-06-03 09:07:28] Epoch 27 train batch [1560/1875] loss=0.1480 avg_loss=0.1215
[2026-06-03 09:07:30] Epoch 27 train batch [1580/1875] loss=0.1037 avg_loss=0.1216
[2026-06-03 09:07:32] Epoch 27 train batch [1600/1875] loss=0.1299 avg_loss=0.1216
[2026-06-03 09:07:34] Epoch 27 train batch [1620/1875] loss=0.1171 avg_loss=0.1218
[2026-06-03 09:07:35] Epoch 27 train batch [1640/1875] loss=0.1401 avg_loss=0.1221
[2026-06-03 09:07:37] Epoch 27 train batch [1660/1875] loss=0.0489 avg_loss=0.1222
[2026-06-03 09:07:39] Epoch 27 train batch [1680/1875] loss=0.3335 avg_loss=0.1224
[2026-06-03 09:07:40] Epoch 27 train batch [1700/1875] loss=0.2563 avg_loss=0.1230
[2026-06-03 09:07:42] Epoch 27 train batch [1720/1875] loss=0.0116 avg_loss=0.1228
[2026-06-03 09:07:44] Epoch 27 train batch [1740/1875] loss=0.2571 avg_loss=0.1224
[2026-06-03 09:07:46] Epoch 27 train batch [1760/1875] loss=0.0924 avg_loss=0.1224
[2026-06-03 09:07:48] Epoch 27 train batch [1780/1875] loss=0.1826 avg_loss=0.1223
[2026-06-03 09:07:49] Epoch 27 train batch [1800/1875] loss=0.0621 avg_loss=0.1222
[2026-06-03 09:07:51] Epoch 27 train batch [1820/1875] loss=0.0338 avg_loss=0.1221
[2026-06-03 09:07:53] Epoch 27 train batch [1840/1875] loss=0.0272 avg_loss=0.1219
[2026-06-03 09:07:55] Epoch 27 train batch [1860/1875] loss=0.1852 avg_loss=0.1221
[2026-06-03 09:07:56] Epoch 27 train batch [1875/1875] loss=0.0633 avg_loss=0.1221
[2026-06-03 09:07:56] Epoch 27 training completed. Computing validation loss.
[2026-06-03 09:08:13] Epoch 27 validation loss completed: 0.1776. Computing detection metrics.
[2026-06-03 09:08:30] Epoch 27 metrics computed. Saving artifacts.
[2026-06-03 09:08:30] Epoch 27 did not improve mAP@0.5 enough. Early stopping counter: 6/7.
Epoch [27/30]
├── Train Loss : 0.1221
│   ├── loss_classifier  : 0.0381
│   ├── loss_box_reg     : 0.0765
│   ├── loss_objectness  : 0.0037
│   └── loss_rpn_box_reg : 0.0039
├── Val Loss   : 0.1776
├── mAP@0.5    : 0.7823
├── mAP@0.75   : 0.4992
├── mAP@0.5:0.95 : 0.4695
├── Precision  : 0.6084
├── Recall     : 0.8456
├── GT Boxes   : 2021
├── Predictions: 2809
├── Per-class AP
│   ├── person  : AP50=0.8383, AP75=0.4908, AP50:95=0.4834, P=0.6437, R=0.8780
│   ├── car     : AP50=0.7701, AP75=0.4965, AP50:95=0.4606, P=0.5612, R=0.8269
│   ├── dog     : AP50=0.8591, AP75=0.6208, AP50:95=0.5511, P=0.7154, R=0.8786
│   ├── cat     : AP50=0.8718, AP75=0.5719, AP50:95=0.5391, P=0.7723, R=0.8864
│   └── chair   : AP50=0.5722, AP75=0.3158, AP50:95=0.3133, P=0.4131, R=0.6915
├── LR         : 0.000010
└── Time       : 197.7s
[2026-06-03 09:08:30] Epoch [27/30] completed.
[2026-06-03 09:08:30] Epoch [28/30] started.
[2026-06-03 09:08:32] Epoch 28 train batch [20/1875] loss=0.1418 avg_loss=0.1593
[2026-06-03 09:08:34] Epoch 28 train batch [40/1875] loss=0.0363 avg_loss=0.1395
[2026-06-03 09:08:36] Epoch 28 train batch [60/1875] loss=0.1178 avg_loss=0.1216
[2026-06-03 09:08:38] Epoch 28 train batch [80/1875] loss=0.2494 avg_loss=0.1239
[2026-06-03 09:08:39] Epoch 28 train batch [100/1875] loss=0.0519 avg_loss=0.1197
[2026-06-03 09:08:41] Epoch 28 train batch [120/1875] loss=0.2061 avg_loss=0.1165
[2026-06-03 09:08:43] Epoch 28 train batch [140/1875] loss=0.0406 avg_loss=0.1219
[2026-06-03 09:08:44] Epoch 28 train batch [160/1875] loss=0.0831 avg_loss=0.1211
[2026-06-03 09:08:46] Epoch 28 train batch [180/1875] loss=0.0421 avg_loss=0.1224
[2026-06-03 09:08:48] Epoch 28 train batch [200/1875] loss=0.1334 avg_loss=0.1248
[2026-06-03 09:08:50] Epoch 28 train batch [220/1875] loss=0.0670 avg_loss=0.1232
[2026-06-03 09:08:52] Epoch 28 train batch [240/1875] loss=0.0673 avg_loss=0.1202
[2026-06-03 09:08:53] Epoch 28 train batch [260/1875] loss=0.0757 avg_loss=0.1208
[2026-06-03 09:08:55] Epoch 28 train batch [280/1875] loss=0.0075 avg_loss=0.1187
[2026-06-03 09:08:57] Epoch 28 train batch [300/1875] loss=0.0585 avg_loss=0.1192
[2026-06-03 09:08:58] Epoch 28 train batch [320/1875] loss=0.0773 avg_loss=0.1189
[2026-06-03 09:09:00] Epoch 28 train batch [340/1875] loss=0.1598 avg_loss=0.1193
[2026-06-03 09:09:02] Epoch 28 train batch [360/1875] loss=0.0716 avg_loss=0.1181
[2026-06-03 09:09:04] Epoch 28 train batch [380/1875] loss=0.0300 avg_loss=0.1198
[2026-06-03 09:09:06] Epoch 28 train batch [400/1875] loss=0.1047 avg_loss=0.1196
[2026-06-03 09:09:07] Epoch 28 train batch [420/1875] loss=0.1796 avg_loss=0.1201
[2026-06-03 09:09:09] Epoch 28 train batch [440/1875] loss=0.1941 avg_loss=0.1200
[2026-06-03 09:09:11] Epoch 28 train batch [460/1875] loss=0.1722 avg_loss=0.1210
[2026-06-03 09:09:13] Epoch 28 train batch [480/1875] loss=0.3925 avg_loss=0.1222
[2026-06-03 09:09:14] Epoch 28 train batch [500/1875] loss=0.1214 avg_loss=0.1205
[2026-06-03 09:09:16] Epoch 28 train batch [520/1875] loss=0.1263 avg_loss=0.1201
[2026-06-03 09:09:18] Epoch 28 train batch [540/1875] loss=0.1263 avg_loss=0.1191
[2026-06-03 09:09:20] Epoch 28 train batch [560/1875] loss=0.0883 avg_loss=0.1202
[2026-06-03 09:09:21] Epoch 28 train batch [580/1875] loss=0.0786 avg_loss=0.1201
[2026-06-03 09:09:23] Epoch 28 train batch [600/1875] loss=0.1500 avg_loss=0.1201
[2026-06-03 09:09:25] Epoch 28 train batch [620/1875] loss=0.0617 avg_loss=0.1212
[2026-06-03 09:09:27] Epoch 28 train batch [640/1875] loss=0.2011 avg_loss=0.1211
[2026-06-03 09:09:28] Epoch 28 train batch [660/1875] loss=0.0802 avg_loss=0.1203
[2026-06-03 09:09:30] Epoch 28 train batch [680/1875] loss=0.0129 avg_loss=0.1199
[2026-06-03 09:09:32] Epoch 28 train batch [700/1875] loss=0.2026 avg_loss=0.1205
[2026-06-03 09:09:34] Epoch 28 train batch [720/1875] loss=0.2206 avg_loss=0.1201
[2026-06-03 09:09:35] Epoch 28 train batch [740/1875] loss=0.0311 avg_loss=0.1209
[2026-06-03 09:09:37] Epoch 28 train batch [760/1875] loss=0.1060 avg_loss=0.1214
[2026-06-03 09:09:39] Epoch 28 train batch [780/1875] loss=0.0758 avg_loss=0.1209
[2026-06-03 09:09:41] Epoch 28 train batch [800/1875] loss=0.0740 avg_loss=0.1204
[2026-06-03 09:09:42] Epoch 28 train batch [820/1875] loss=0.2749 avg_loss=0.1211
[2026-06-03 09:09:44] Epoch 28 train batch [840/1875] loss=0.0405 avg_loss=0.1212
[2026-06-03 09:09:46] Epoch 28 train batch [860/1875] loss=0.0788 avg_loss=0.1211
[2026-06-03 09:09:47] Epoch 28 train batch [880/1875] loss=0.1849 avg_loss=0.1213
[2026-06-03 09:09:49] Epoch 28 train batch [900/1875] loss=0.0496 avg_loss=0.1216
[2026-06-03 09:09:51] Epoch 28 train batch [920/1875] loss=0.2538 avg_loss=0.1215
[2026-06-03 09:09:53] Epoch 28 train batch [940/1875] loss=0.0917 avg_loss=0.1215
[2026-06-03 09:09:54] Epoch 28 train batch [960/1875] loss=0.1262 avg_loss=0.1220
[2026-06-03 09:09:56] Epoch 28 train batch [980/1875] loss=0.1013 avg_loss=0.1218
[2026-06-03 09:09:58] Epoch 28 train batch [1000/1875] loss=0.1457 avg_loss=0.1219
[2026-06-03 09:10:00] Epoch 28 train batch [1020/1875] loss=0.0249 avg_loss=0.1218
[2026-06-03 09:10:01] Epoch 28 train batch [1040/1875] loss=0.0041 avg_loss=0.1218
[2026-06-03 09:10:03] Epoch 28 train batch [1060/1875] loss=0.2235 avg_loss=0.1214
[2026-06-03 09:10:05] Epoch 28 train batch [1080/1875] loss=0.1978 avg_loss=0.1214
[2026-06-03 09:10:07] Epoch 28 train batch [1100/1875] loss=0.0813 avg_loss=0.1213
[2026-06-03 09:10:08] Epoch 28 train batch [1120/1875] loss=0.1906 avg_loss=0.1210
[2026-06-03 09:10:10] Epoch 28 train batch [1140/1875] loss=0.3264 avg_loss=0.1213
[2026-06-03 09:10:12] Epoch 28 train batch [1160/1875] loss=0.2995 avg_loss=0.1213
[2026-06-03 09:10:14] Epoch 28 train batch [1180/1875] loss=0.1711 avg_loss=0.1210
[2026-06-03 09:10:15] Epoch 28 train batch [1200/1875] loss=0.1286 avg_loss=0.1216
[2026-06-03 09:10:17] Epoch 28 train batch [1220/1875] loss=0.1287 avg_loss=0.1217
[2026-06-03 09:10:19] Epoch 28 train batch [1240/1875] loss=0.0601 avg_loss=0.1218
[2026-06-03 09:10:21] Epoch 28 train batch [1260/1875] loss=0.0263 avg_loss=0.1212
[2026-06-03 09:10:22] Epoch 28 train batch [1280/1875] loss=0.1387 avg_loss=0.1211
[2026-06-03 09:10:24] Epoch 28 train batch [1300/1875] loss=0.0860 avg_loss=0.1213
[2026-06-03 09:10:26] Epoch 28 train batch [1320/1875] loss=0.1783 avg_loss=0.1214
[2026-06-03 09:10:28] Epoch 28 train batch [1340/1875] loss=0.0753 avg_loss=0.1217
[2026-06-03 09:10:29] Epoch 28 train batch [1360/1875] loss=0.1567 avg_loss=0.1216
[2026-06-03 09:10:31] Epoch 28 train batch [1380/1875] loss=0.0919 avg_loss=0.1213
[2026-06-03 09:10:33] Epoch 28 train batch [1400/1875] loss=0.1198 avg_loss=0.1217
[2026-06-03 09:10:34] Epoch 28 train batch [1420/1875] loss=0.0695 avg_loss=0.1216
[2026-06-03 09:10:36] Epoch 28 train batch [1440/1875] loss=0.0196 avg_loss=0.1218
[2026-06-03 09:10:38] Epoch 28 train batch [1460/1875] loss=0.2927 avg_loss=0.1213
[2026-06-03 09:10:40] Epoch 28 train batch [1480/1875] loss=0.0144 avg_loss=0.1210
[2026-06-03 09:10:42] Epoch 28 train batch [1500/1875] loss=0.0022 avg_loss=0.1209
[2026-06-03 09:10:43] Epoch 28 train batch [1520/1875] loss=0.0453 avg_loss=0.1208
[2026-06-03 09:10:45] Epoch 28 train batch [1540/1875] loss=0.0009 avg_loss=0.1209
[2026-06-03 09:10:47] Epoch 28 train batch [1560/1875] loss=0.0721 avg_loss=0.1209
[2026-06-03 09:10:48] Epoch 28 train batch [1580/1875] loss=0.1319 avg_loss=0.1212
[2026-06-03 09:10:50] Epoch 28 train batch [1600/1875] loss=0.1332 avg_loss=0.1213
[2026-06-03 09:10:52] Epoch 28 train batch [1620/1875] loss=0.0467 avg_loss=0.1217
[2026-06-03 09:10:54] Epoch 28 train batch [1640/1875] loss=0.0612 avg_loss=0.1216
[2026-06-03 09:10:56] Epoch 28 train batch [1660/1875] loss=0.0399 avg_loss=0.1214
[2026-06-03 09:10:57] Epoch 28 train batch [1680/1875] loss=0.0821 avg_loss=0.1218
[2026-06-03 09:10:59] Epoch 28 train batch [1700/1875] loss=0.2213 avg_loss=0.1221
[2026-06-03 09:11:01] Epoch 28 train batch [1720/1875] loss=0.0729 avg_loss=0.1217
[2026-06-03 09:11:03] Epoch 28 train batch [1740/1875] loss=0.1833 avg_loss=0.1217
[2026-06-03 09:11:04] Epoch 28 train batch [1760/1875] loss=0.0848 avg_loss=0.1219
[2026-06-03 09:11:06] Epoch 28 train batch [1780/1875] loss=0.0056 avg_loss=0.1218
[2026-06-03 09:11:08] Epoch 28 train batch [1800/1875] loss=0.0564 avg_loss=0.1219
[2026-06-03 09:11:10] Epoch 28 train batch [1820/1875] loss=0.0254 avg_loss=0.1219
[2026-06-03 09:11:11] Epoch 28 train batch [1840/1875] loss=0.0732 avg_loss=0.1218
[2026-06-03 09:11:13] Epoch 28 train batch [1860/1875] loss=0.1099 avg_loss=0.1221
[2026-06-03 09:11:14] Epoch 28 train batch [1875/1875] loss=0.1357 avg_loss=0.1220
[2026-06-03 09:11:14] Epoch 28 training completed. Computing validation loss.
[2026-06-03 09:11:32] Epoch 28 validation loss completed: 0.1768. Computing detection metrics.
[2026-06-03 09:11:48] Epoch 28 metrics computed. Saving artifacts.
[2026-06-03 09:11:49] Epoch 28 did not improve mAP@0.5 enough. Early stopping counter: 7/7.
Epoch [28/30]
├── Train Loss : 0.1220
│   ├── loss_classifier  : 0.0380
│   ├── loss_box_reg     : 0.0765
│   ├── loss_objectness  : 0.0036
│   └── loss_rpn_box_reg : 0.0039
├── Val Loss   : 0.1768
├── mAP@0.5    : 0.7840
├── mAP@0.75   : 0.5059
├── mAP@0.5:0.95 : 0.4724
├── Precision  : 0.6004
├── Recall     : 0.8491
├── GT Boxes   : 2021
├── Predictions: 2858
├── Per-class AP
│   ├── person  : AP50=0.8381, AP75=0.4929, AP50:95=0.4837, P=0.6340, R=0.8790
│   ├── car     : AP50=0.7706, AP75=0.4984, AP50:95=0.4605, P=0.5622, R=0.8304
│   ├── dog     : AP50=0.8602, AP75=0.6414, AP50:95=0.5569, P=0.7328, R=0.8786
│   ├── cat     : AP50=0.8726, AP75=0.5780, AP50:95=0.5424, P=0.7685, R=0.8864
│   └── chair   : AP50=0.5786, AP75=0.3187, AP50:95=0.3184, P=0.3992, R=0.7092
├── LR         : 0.000010
└── Time       : 197.9s
[2026-06-03 09:11:49] Epoch [28/30] completed.
[2026-06-03 09:11:49] Early stopping triggered at epoch 28. Best mAP@0.5=0.7876.
[2026-06-03 09:11:51] Training session completed.
