========== Training Session ==========
Started: 20260603-105134
Run name: resnet101-512x768-fliponly
Device: cuda:0
CUDA: NVIDIA GeForce RTX 4090 (47.38 GB)
Torch: 2.7.1+cu126
Classes: person, car, dog, cat, chair
Train dataset: 7500 images, 10642 boxes, 2500 empty images
Val dataset: 1500 images, 2021 boxes, 500 empty images
Train class counts: {'dog': 1028, 'person': 5829, 'chair': 1613, 'cat': 833, 'car': 1339}
Val class counts: {'dog': 206, 'chair': 282, 'person': 1074, 'car': 283, 'cat': 176}
Model: Faster R-CNN resnet101 FPN (60,037,165/60,259,565 trainable/total params)
Hyperparams: epochs=30, batch_size=4, lr=0.001, lr_milestones=[15, 25], lr_gamma=0.1, backbone=resnet101, min_size=512, max_size=768, score_threshold=0.5, augmentation=False, early_stopping=True, early_stopping_patience=7, early_stopping_min_delta=0.001, num_workers=2, log_interval=20
Saved results dir: saved_results/resnet101-512x768-fliponly
Checkpoint dir: saved_results/resnet101-512x768-fliponly/checkpoints
Best checkpoint: saved_results/resnet101-512x768-fliponly/checkpoints/best_model-20260603-105134.pth
Last checkpoint: saved_results/resnet101-512x768-fliponly/checkpoints/last_model-20260603-105134.pth
Log dir: saved_results/resnet101-512x768-fliponly/logs
=====================================
[2026-06-03 10:51:35] Training session initialized.
[2026-06-03 10:51:37] Epoch [01/30] started.
[2026-06-03 10:51:39] Epoch 01 train batch [20/1875] loss=0.2979 avg_loss=0.7173
[2026-06-03 10:51:41] Epoch 01 train batch [40/1875] loss=0.8715 avg_loss=0.5703
[2026-06-03 10:51:44] Epoch 01 train batch [60/1875] loss=0.1162 avg_loss=0.4688
[2026-06-03 10:51:46] Epoch 01 train batch [80/1875] loss=0.7479 avg_loss=0.4365
[2026-06-03 10:51:48] Epoch 01 train batch [100/1875] loss=0.1983 avg_loss=0.4067
[2026-06-03 10:51:50] Epoch 01 train batch [120/1875] loss=0.3948 avg_loss=0.3919
[2026-06-03 10:51:52] Epoch 01 train batch [140/1875] loss=0.2031 avg_loss=0.3822
[2026-06-03 10:51:54] Epoch 01 train batch [160/1875] loss=0.2011 avg_loss=0.3678
[2026-06-03 10:51:56] Epoch 01 train batch [180/1875] loss=0.1827 avg_loss=0.3572
[2026-06-03 10:51:58] Epoch 01 train batch [200/1875] loss=0.6236 avg_loss=0.3461
[2026-06-03 10:52:00] Epoch 01 train batch [220/1875] loss=0.2527 avg_loss=0.3411
[2026-06-03 10:52:02] Epoch 01 train batch [240/1875] loss=0.4684 avg_loss=0.3363
[2026-06-03 10:52:04] Epoch 01 train batch [260/1875] loss=0.4037 avg_loss=0.3352
[2026-06-03 10:52:06] Epoch 01 train batch [280/1875] loss=0.2375 avg_loss=0.3306
[2026-06-03 10:52:08] Epoch 01 train batch [300/1875] loss=0.2628 avg_loss=0.3284
[2026-06-03 10:52:10] Epoch 01 train batch [320/1875] loss=0.2865 avg_loss=0.3258
[2026-06-03 10:52:12] Epoch 01 train batch [340/1875] loss=0.5613 avg_loss=0.3255
[2026-06-03 10:52:14] Epoch 01 train batch [360/1875] loss=0.2647 avg_loss=0.3236
[2026-06-03 10:52:16] Epoch 01 train batch [380/1875] loss=0.1612 avg_loss=0.3237
[2026-06-03 10:52:18] Epoch 01 train batch [400/1875] loss=0.1709 avg_loss=0.3200
[2026-06-03 10:52:20] Epoch 01 train batch [420/1875] loss=0.3385 avg_loss=0.3167
[2026-06-03 10:52:23] Epoch 01 train batch [440/1875] loss=0.2593 avg_loss=0.3176
[2026-06-03 10:52:25] Epoch 01 train batch [460/1875] loss=0.4992 avg_loss=0.3169
[2026-06-03 10:52:27] Epoch 01 train batch [480/1875] loss=0.1126 avg_loss=0.3132
[2026-06-03 10:52:29] Epoch 01 train batch [500/1875] loss=0.3390 avg_loss=0.3127
[2026-06-03 10:52:31] Epoch 01 train batch [520/1875] loss=0.3552 avg_loss=0.3147
[2026-06-03 10:52:33] Epoch 01 train batch [540/1875] loss=0.3008 avg_loss=0.3149
[2026-06-03 10:52:35] Epoch 01 train batch [560/1875] loss=0.2128 avg_loss=0.3125
[2026-06-03 10:52:37] Epoch 01 train batch [580/1875] loss=0.2768 avg_loss=0.3117
[2026-06-03 10:52:39] Epoch 01 train batch [600/1875] loss=0.0918 avg_loss=0.3107
[2026-06-03 10:52:42] Epoch 01 train batch [620/1875] loss=0.2223 avg_loss=0.3100
[2026-06-03 10:52:44] Epoch 01 train batch [640/1875] loss=0.6275 avg_loss=0.3089
[2026-06-03 10:52:46] Epoch 01 train batch [660/1875] loss=0.1416 avg_loss=0.3085
[2026-06-03 10:52:48] Epoch 01 train batch [680/1875] loss=0.2108 avg_loss=0.3069
[2026-06-03 10:52:50] Epoch 01 train batch [700/1875] loss=0.3366 avg_loss=0.3051
[2026-06-03 10:52:52] Epoch 01 train batch [720/1875] loss=0.4876 avg_loss=0.3060
[2026-06-03 10:52:54] Epoch 01 train batch [740/1875] loss=0.1237 avg_loss=0.3053
[2026-06-03 10:52:56] Epoch 01 train batch [760/1875] loss=0.1335 avg_loss=0.3043
[2026-06-03 10:52:58] Epoch 01 train batch [780/1875] loss=0.1918 avg_loss=0.3038
[2026-06-03 10:53:00] Epoch 01 train batch [800/1875] loss=0.1784 avg_loss=0.3032
[2026-06-03 10:53:02] Epoch 01 train batch [820/1875] loss=0.3354 avg_loss=0.3020
[2026-06-03 10:53:04] Epoch 01 train batch [840/1875] loss=0.2600 avg_loss=0.3008
[2026-06-03 10:53:06] Epoch 01 train batch [860/1875] loss=0.2418 avg_loss=0.3002
[2026-06-03 10:53:08] Epoch 01 train batch [880/1875] loss=0.1732 avg_loss=0.2997
[2026-06-03 10:53:11] Epoch 01 train batch [900/1875] loss=0.5956 avg_loss=0.2993
[2026-06-03 10:53:13] Epoch 01 train batch [920/1875] loss=0.2085 avg_loss=0.2974
[2026-06-03 10:53:15] Epoch 01 train batch [940/1875] loss=0.1898 avg_loss=0.2975
[2026-06-03 10:53:17] Epoch 01 train batch [960/1875] loss=0.2753 avg_loss=0.2968
[2026-06-03 10:53:19] Epoch 01 train batch [980/1875] loss=0.0825 avg_loss=0.2950
[2026-06-03 10:53:21] Epoch 01 train batch [1000/1875] loss=0.4185 avg_loss=0.2948
[2026-06-03 10:53:23] Epoch 01 train batch [1020/1875] loss=0.1222 avg_loss=0.2941
[2026-06-03 10:53:25] Epoch 01 train batch [1040/1875] loss=0.1144 avg_loss=0.2926
[2026-06-03 10:53:27] Epoch 01 train batch [1060/1875] loss=0.1012 avg_loss=0.2913
[2026-06-03 10:53:29] Epoch 01 train batch [1080/1875] loss=0.0949 avg_loss=0.2900
[2026-06-03 10:53:31] Epoch 01 train batch [1100/1875] loss=0.4465 avg_loss=0.2903
[2026-06-03 10:53:33] Epoch 01 train batch [1120/1875] loss=0.2774 avg_loss=0.2893
[2026-06-03 10:53:35] Epoch 01 train batch [1140/1875] loss=0.3662 avg_loss=0.2881
[2026-06-03 10:53:38] Epoch 01 train batch [1160/1875] loss=0.0996 avg_loss=0.2868
[2026-06-03 10:53:40] Epoch 01 train batch [1180/1875] loss=0.5008 avg_loss=0.2855
[2026-06-03 10:53:42] Epoch 01 train batch [1200/1875] loss=0.3128 avg_loss=0.2853
[2026-06-03 10:53:44] Epoch 01 train batch [1220/1875] loss=0.2880 avg_loss=0.2854
[2026-06-03 10:53:46] Epoch 01 train batch [1240/1875] loss=0.0331 avg_loss=0.2841
[2026-06-03 10:53:48] Epoch 01 train batch [1260/1875] loss=0.1802 avg_loss=0.2833
[2026-06-03 10:53:50] Epoch 01 train batch [1280/1875] loss=0.2854 avg_loss=0.2822
[2026-06-03 10:53:52] Epoch 01 train batch [1300/1875] loss=0.0544 avg_loss=0.2819
[2026-06-03 10:53:54] Epoch 01 train batch [1320/1875] loss=0.2637 avg_loss=0.2807
[2026-06-03 10:53:56] Epoch 01 train batch [1340/1875] loss=0.6831 avg_loss=0.2800
[2026-06-03 10:53:58] Epoch 01 train batch [1360/1875] loss=0.0772 avg_loss=0.2795
[2026-06-03 10:54:00] Epoch 01 train batch [1380/1875] loss=0.1666 avg_loss=0.2790
[2026-06-03 10:54:02] Epoch 01 train batch [1400/1875] loss=0.2154 avg_loss=0.2787
[2026-06-03 10:54:04] Epoch 01 train batch [1420/1875] loss=0.1494 avg_loss=0.2778
[2026-06-03 10:54:07] Epoch 01 train batch [1440/1875] loss=0.1022 avg_loss=0.2770
[2026-06-03 10:54:09] Epoch 01 train batch [1460/1875] loss=0.1698 avg_loss=0.2764
[2026-06-03 10:54:11] Epoch 01 train batch [1480/1875] loss=0.0957 avg_loss=0.2760
[2026-06-03 10:54:13] Epoch 01 train batch [1500/1875] loss=0.3279 avg_loss=0.2754
[2026-06-03 10:54:15] Epoch 01 train batch [1520/1875] loss=0.3126 avg_loss=0.2745
[2026-06-03 10:54:17] Epoch 01 train batch [1540/1875] loss=0.1507 avg_loss=0.2744
[2026-06-03 10:54:19] Epoch 01 train batch [1560/1875] loss=0.4656 avg_loss=0.2748
[2026-06-03 10:54:21] Epoch 01 train batch [1580/1875] loss=0.0076 avg_loss=0.2744
[2026-06-03 10:54:23] Epoch 01 train batch [1600/1875] loss=0.2290 avg_loss=0.2736
[2026-06-03 10:54:26] Epoch 01 train batch [1620/1875] loss=0.1960 avg_loss=0.2732
[2026-06-03 10:54:28] Epoch 01 train batch [1640/1875] loss=0.1199 avg_loss=0.2722
[2026-06-03 10:54:30] Epoch 01 train batch [1660/1875] loss=0.2297 avg_loss=0.2716
[2026-06-03 10:54:32] Epoch 01 train batch [1680/1875] loss=0.1285 avg_loss=0.2705
[2026-06-03 10:54:34] Epoch 01 train batch [1700/1875] loss=0.3441 avg_loss=0.2702
[2026-06-03 10:54:36] Epoch 01 train batch [1720/1875] loss=0.1354 avg_loss=0.2696
[2026-06-03 10:54:38] Epoch 01 train batch [1740/1875] loss=0.3610 avg_loss=0.2687
[2026-06-03 10:54:41] Epoch 01 train batch [1760/1875] loss=0.0825 avg_loss=0.2691
[2026-06-03 10:54:43] Epoch 01 train batch [1780/1875] loss=0.3361 avg_loss=0.2687
[2026-06-03 10:54:45] Epoch 01 train batch [1800/1875] loss=0.1119 avg_loss=0.2686
[2026-06-03 10:54:47] Epoch 01 train batch [1820/1875] loss=0.0792 avg_loss=0.2685
[2026-06-03 10:54:49] Epoch 01 train batch [1840/1875] loss=0.2881 avg_loss=0.2685
[2026-06-03 10:54:51] Epoch 01 train batch [1860/1875] loss=0.1408 avg_loss=0.2677
[2026-06-03 10:54:53] Epoch 01 train batch [1875/1875] loss=0.2925 avg_loss=0.2671
[2026-06-03 10:54:53] Epoch 01 training completed. Computing validation loss.
[2026-06-03 10:55:11] Epoch 01 validation loss completed: 0.2188. Computing detection metrics.
[2026-06-03 10:55:30] Epoch 01 metrics computed. Saving artifacts.
[2026-06-03 10:55:31] Epoch 01 improved mAP@0.5 to 0.1628. Saved best checkpoint: best_model-20260603-105134.pth.
Epoch [01/30]
├── Train Loss : 0.2671
│   ├── loss_classifier  : 0.1070
│   ├── loss_box_reg     : 0.1097
│   ├── loss_objectness  : 0.0405
│   └── loss_rpn_box_reg : 0.0100
├── Val Loss   : 0.2188
├── mAP@0.5    : 0.1628
├── mAP@0.75   : 0.0159
├── mAP@0.5:0.95 : 0.0513
├── Precision  : 0.2316
├── Recall     : 0.5359
├── GT Boxes   : 2021
├── Predictions: 4676
├── Per-class AP
│   ├── person  : AP50=0.4724, AP75=0.0392, AP50:95=0.1496, P=0.2399, R=0.8054
│   ├── car     : AP50=0.1650, AP75=0.0236, AP50:95=0.0561, P=0.1677, R=0.3852
│   ├── dog     : AP50=0.0000, AP75=0.0000, AP50:95=0.0000, P=0.0000, R=0.0000
│   ├── cat     : AP50=0.0114, AP75=0.0000, AP50:95=0.0037, P=1.0000, R=0.0114
│   └── chair   : AP50=0.1651, AP75=0.0168, AP50:95=0.0472, P=0.2560, R=0.3794
├── LR         : 0.001000
└── Time       : 233.4s
[2026-06-03 10:55:31] Epoch [01/30] completed.
[2026-06-03 10:55:31] Epoch [02/30] started.
[2026-06-03 10:55:34] Epoch 02 train batch [20/1875] loss=0.1848 avg_loss=0.2125
[2026-06-03 10:55:36] Epoch 02 train batch [40/1875] loss=0.0924 avg_loss=0.2215
[2026-06-03 10:55:38] Epoch 02 train batch [60/1875] loss=0.0904 avg_loss=0.2041
[2026-06-03 10:55:40] Epoch 02 train batch [80/1875] loss=0.1505 avg_loss=0.2055
[2026-06-03 10:55:42] Epoch 02 train batch [100/1875] loss=0.0290 avg_loss=0.2109
[2026-06-03 10:55:44] Epoch 02 train batch [120/1875] loss=0.0606 avg_loss=0.2176
[2026-06-03 10:55:46] Epoch 02 train batch [140/1875] loss=0.2478 avg_loss=0.2193
[2026-06-03 10:55:48] Epoch 02 train batch [160/1875] loss=0.2380 avg_loss=0.2187
[2026-06-03 10:55:50] Epoch 02 train batch [180/1875] loss=0.1195 avg_loss=0.2167
[2026-06-03 10:55:52] Epoch 02 train batch [200/1875] loss=0.3863 avg_loss=0.2211
[2026-06-03 10:55:54] Epoch 02 train batch [220/1875] loss=0.1370 avg_loss=0.2168
[2026-06-03 10:55:57] Epoch 02 train batch [240/1875] loss=0.3080 avg_loss=0.2180
[2026-06-03 10:55:59] Epoch 02 train batch [260/1875] loss=0.0412 avg_loss=0.2127
[2026-06-03 10:56:01] Epoch 02 train batch [280/1875] loss=0.4878 avg_loss=0.2147
[2026-06-03 10:56:03] Epoch 02 train batch [300/1875] loss=0.0710 avg_loss=0.2153
[2026-06-03 10:56:05] Epoch 02 train batch [320/1875] loss=0.2544 avg_loss=0.2173
[2026-06-03 10:56:07] Epoch 02 train batch [340/1875] loss=0.1413 avg_loss=0.2165
[2026-06-03 10:56:09] Epoch 02 train batch [360/1875] loss=0.4201 avg_loss=0.2167
[2026-06-03 10:56:11] Epoch 02 train batch [380/1875] loss=0.1105 avg_loss=0.2193
[2026-06-03 10:56:13] Epoch 02 train batch [400/1875] loss=0.2384 avg_loss=0.2185
[2026-06-03 10:56:15] Epoch 02 train batch [420/1875] loss=0.0728 avg_loss=0.2178
[2026-06-03 10:56:17] Epoch 02 train batch [440/1875] loss=0.4931 avg_loss=0.2183
[2026-06-03 10:56:20] Epoch 02 train batch [460/1875] loss=0.1680 avg_loss=0.2172
[2026-06-03 10:56:22] Epoch 02 train batch [480/1875] loss=0.0789 avg_loss=0.2157
[2026-06-03 10:56:24] Epoch 02 train batch [500/1875] loss=0.1017 avg_loss=0.2142
[2026-06-03 10:56:26] Epoch 02 train batch [520/1875] loss=0.0781 avg_loss=0.2144
[2026-06-03 10:56:28] Epoch 02 train batch [540/1875] loss=0.3793 avg_loss=0.2159
[2026-06-03 10:56:30] Epoch 02 train batch [560/1875] loss=0.0120 avg_loss=0.2143
[2026-06-03 10:56:32] Epoch 02 train batch [580/1875] loss=0.1320 avg_loss=0.2134
[2026-06-03 10:56:34] Epoch 02 train batch [600/1875] loss=0.4478 avg_loss=0.2138
[2026-06-03 10:56:36] Epoch 02 train batch [620/1875] loss=0.1457 avg_loss=0.2139
[2026-06-03 10:56:38] Epoch 02 train batch [640/1875] loss=0.2546 avg_loss=0.2132
[2026-06-03 10:56:40] Epoch 02 train batch [660/1875] loss=0.3632 avg_loss=0.2137
[2026-06-03 10:56:42] Epoch 02 train batch [680/1875] loss=0.6039 avg_loss=0.2136
[2026-06-03 10:56:44] Epoch 02 train batch [700/1875] loss=0.1198 avg_loss=0.2136
[2026-06-03 10:56:47] Epoch 02 train batch [720/1875] loss=0.1556 avg_loss=0.2132
[2026-06-03 10:56:49] Epoch 02 train batch [740/1875] loss=0.1288 avg_loss=0.2129
[2026-06-03 10:56:51] Epoch 02 train batch [760/1875] loss=0.2905 avg_loss=0.2138
[2026-06-03 10:56:53] Epoch 02 train batch [780/1875] loss=0.1705 avg_loss=0.2153
[2026-06-03 10:56:55] Epoch 02 train batch [800/1875] loss=0.2248 avg_loss=0.2162
[2026-06-03 10:56:57] Epoch 02 train batch [820/1875] loss=0.4608 avg_loss=0.2179
[2026-06-03 10:56:59] Epoch 02 train batch [840/1875] loss=0.0875 avg_loss=0.2182
[2026-06-03 10:57:01] Epoch 02 train batch [860/1875] loss=0.2078 avg_loss=0.2185
[2026-06-03 10:57:03] Epoch 02 train batch [880/1875] loss=0.4484 avg_loss=0.2188
[2026-06-03 10:57:06] Epoch 02 train batch [900/1875] loss=0.2273 avg_loss=0.2189
[2026-06-03 10:57:08] Epoch 02 train batch [920/1875] loss=0.1544 avg_loss=0.2187
[2026-06-03 10:57:10] Epoch 02 train batch [940/1875] loss=0.1321 avg_loss=0.2181
[2026-06-03 10:57:12] Epoch 02 train batch [960/1875] loss=0.6710 avg_loss=0.2185
[2026-06-03 10:57:14] Epoch 02 train batch [980/1875] loss=0.1442 avg_loss=0.2182
[2026-06-03 10:57:16] Epoch 02 train batch [1000/1875] loss=0.3546 avg_loss=0.2189
[2026-06-03 10:57:18] Epoch 02 train batch [1020/1875] loss=0.0627 avg_loss=0.2188
[2026-06-03 10:57:20] Epoch 02 train batch [1040/1875] loss=0.0489 avg_loss=0.2189
[2026-06-03 10:57:22] Epoch 02 train batch [1060/1875] loss=0.1610 avg_loss=0.2186
[2026-06-03 10:57:24] Epoch 02 train batch [1080/1875] loss=0.1810 avg_loss=0.2184
[2026-06-03 10:57:26] Epoch 02 train batch [1100/1875] loss=0.0690 avg_loss=0.2184
[2026-06-03 10:57:28] Epoch 02 train batch [1120/1875] loss=0.2339 avg_loss=0.2183
[2026-06-03 10:57:30] Epoch 02 train batch [1140/1875] loss=0.0848 avg_loss=0.2188
[2026-06-03 10:57:32] Epoch 02 train batch [1160/1875] loss=0.0750 avg_loss=0.2177
[2026-06-03 10:57:34] Epoch 02 train batch [1180/1875] loss=0.0063 avg_loss=0.2178
[2026-06-03 10:57:36] Epoch 02 train batch [1200/1875] loss=0.1708 avg_loss=0.2186
[2026-06-03 10:57:39] Epoch 02 train batch [1220/1875] loss=0.1262 avg_loss=0.2188
[2026-06-03 10:57:41] Epoch 02 train batch [1240/1875] loss=0.1626 avg_loss=0.2180
[2026-06-03 10:57:43] Epoch 02 train batch [1260/1875] loss=0.1715 avg_loss=0.2180
[2026-06-03 10:57:45] Epoch 02 train batch [1280/1875] loss=0.1215 avg_loss=0.2177
[2026-06-03 10:57:47] Epoch 02 train batch [1300/1875] loss=0.1198 avg_loss=0.2174
[2026-06-03 10:57:49] Epoch 02 train batch [1320/1875] loss=0.3004 avg_loss=0.2171
[2026-06-03 10:57:51] Epoch 02 train batch [1340/1875] loss=0.1117 avg_loss=0.2167
[2026-06-03 10:57:53] Epoch 02 train batch [1360/1875] loss=0.3367 avg_loss=0.2165
[2026-06-03 10:57:55] Epoch 02 train batch [1380/1875] loss=0.3387 avg_loss=0.2160
[2026-06-03 10:57:58] Epoch 02 train batch [1400/1875] loss=0.1158 avg_loss=0.2164
[2026-06-03 10:58:00] Epoch 02 train batch [1420/1875] loss=0.1009 avg_loss=0.2161
[2026-06-03 10:58:02] Epoch 02 train batch [1440/1875] loss=0.2175 avg_loss=0.2152
[2026-06-03 10:58:04] Epoch 02 train batch [1460/1875] loss=0.2438 avg_loss=0.2147
[2026-06-03 10:58:06] Epoch 02 train batch [1480/1875] loss=0.3264 avg_loss=0.2145
[2026-06-03 10:58:08] Epoch 02 train batch [1500/1875] loss=0.0795 avg_loss=0.2143
[2026-06-03 10:58:10] Epoch 02 train batch [1520/1875] loss=0.0376 avg_loss=0.2143
[2026-06-03 10:58:12] Epoch 02 train batch [1540/1875] loss=0.0301 avg_loss=0.2142
[2026-06-03 10:58:14] Epoch 02 train batch [1560/1875] loss=0.1834 avg_loss=0.2142
[2026-06-03 10:58:16] Epoch 02 train batch [1580/1875] loss=0.2608 avg_loss=0.2138
[2026-06-03 10:58:18] Epoch 02 train batch [1600/1875] loss=0.2147 avg_loss=0.2138
[2026-06-03 10:58:21] Epoch 02 train batch [1620/1875] loss=0.1425 avg_loss=0.2137
[2026-06-03 10:58:23] Epoch 02 train batch [1640/1875] loss=0.2596 avg_loss=0.2133
[2026-06-03 10:58:25] Epoch 02 train batch [1660/1875] loss=0.1048 avg_loss=0.2132
[2026-06-03 10:58:27] Epoch 02 train batch [1680/1875] loss=0.3312 avg_loss=0.2132
[2026-06-03 10:58:29] Epoch 02 train batch [1700/1875] loss=0.0958 avg_loss=0.2134
[2026-06-03 10:58:31] Epoch 02 train batch [1720/1875] loss=0.1649 avg_loss=0.2137
[2026-06-03 10:58:33] Epoch 02 train batch [1740/1875] loss=0.1208 avg_loss=0.2136
[2026-06-03 10:58:35] Epoch 02 train batch [1760/1875] loss=0.1073 avg_loss=0.2139
[2026-06-03 10:58:37] Epoch 02 train batch [1780/1875] loss=0.0768 avg_loss=0.2138
[2026-06-03 10:58:39] Epoch 02 train batch [1800/1875] loss=0.1185 avg_loss=0.2141
[2026-06-03 10:58:41] Epoch 02 train batch [1820/1875] loss=0.0957 avg_loss=0.2136
[2026-06-03 10:58:43] Epoch 02 train batch [1840/1875] loss=0.1618 avg_loss=0.2130
[2026-06-03 10:58:45] Epoch 02 train batch [1860/1875] loss=0.0463 avg_loss=0.2132
[2026-06-03 10:58:47] Epoch 02 train batch [1875/1875] loss=0.1957 avg_loss=0.2133
[2026-06-03 10:58:47] Epoch 02 training completed. Computing validation loss.
[2026-06-03 10:59:06] Epoch 02 validation loss completed: 0.2123. Computing detection metrics.
[2026-06-03 10:59:24] Epoch 02 metrics computed. Saving artifacts.
[2026-06-03 10:59:25] Epoch 02 improved mAP@0.5 to 0.4926. Saved best checkpoint: best_model-20260603-105134.pth.
Epoch [02/30]
├── Train Loss : 0.2133
│   ├── loss_classifier  : 0.0766
│   ├── loss_box_reg     : 0.1114
│   ├── loss_objectness  : 0.0166
│   └── loss_rpn_box_reg : 0.0086
├── Val Loss   : 0.2123
├── mAP@0.5    : 0.4926
├── mAP@0.75   : 0.1198
├── mAP@0.5:0.95 : 0.2056
├── Precision  : 0.6225
├── Recall     : 0.6235
├── GT Boxes   : 2021
├── Predictions: 2024
├── Per-class AP
│   ├── person  : AP50=0.6691, AP75=0.1682, AP50:95=0.2896, P=0.6341, R=0.7486
│   ├── car     : AP50=0.3436, AP75=0.0748, AP50:95=0.1312, P=0.7448, R=0.3816
│   ├── dog     : AP50=0.5406, AP75=0.1086, AP50:95=0.2048, P=0.5226, R=0.6748
│   ├── cat     : AP50=0.7038, AP75=0.1954, AP50:95=0.3212, P=0.6473, R=0.7614
│   └── chair   : AP50=0.2056, AP75=0.0519, AP50:95=0.0809, P=0.5435, R=0.2660
├── LR         : 0.001000
└── Time       : 232.1s
[2026-06-03 10:59:25] Epoch [02/30] completed.
[2026-06-03 10:59:25] Epoch [03/30] started.
[2026-06-03 10:59:27] Epoch 03 train batch [20/1875] loss=0.0788 avg_loss=0.1982
[2026-06-03 10:59:29] Epoch 03 train batch [40/1875] loss=0.4903 avg_loss=0.2051
[2026-06-03 10:59:31] Epoch 03 train batch [60/1875] loss=0.0200 avg_loss=0.1997
[2026-06-03 10:59:33] Epoch 03 train batch [80/1875] loss=0.2261 avg_loss=0.1808
[2026-06-03 10:59:35] Epoch 03 train batch [100/1875] loss=0.0954 avg_loss=0.1886
[2026-06-03 10:59:37] Epoch 03 train batch [120/1875] loss=0.3635 avg_loss=0.1897
[2026-06-03 10:59:40] Epoch 03 train batch [140/1875] loss=0.1752 avg_loss=0.1927
[2026-06-03 10:59:42] Epoch 03 train batch [160/1875] loss=0.2622 avg_loss=0.1948
[2026-06-03 10:59:44] Epoch 03 train batch [180/1875] loss=0.1670 avg_loss=0.1944
[2026-06-03 10:59:46] Epoch 03 train batch [200/1875] loss=0.0811 avg_loss=0.1979
[2026-06-03 10:59:48] Epoch 03 train batch [220/1875] loss=0.0794 avg_loss=0.1952
[2026-06-03 10:59:50] Epoch 03 train batch [240/1875] loss=0.0610 avg_loss=0.1961
[2026-06-03 10:59:52] Epoch 03 train batch [260/1875] loss=0.0855 avg_loss=0.1980
[2026-06-03 10:59:54] Epoch 03 train batch [280/1875] loss=0.2804 avg_loss=0.1980
[2026-06-03 10:59:56] Epoch 03 train batch [300/1875] loss=0.1283 avg_loss=0.1997
[2026-06-03 10:59:58] Epoch 03 train batch [320/1875] loss=0.1871 avg_loss=0.2010
[2026-06-03 11:00:00] Epoch 03 train batch [340/1875] loss=0.1960 avg_loss=0.1984
[2026-06-03 11:00:02] Epoch 03 train batch [360/1875] loss=0.1796 avg_loss=0.1988
[2026-06-03 11:00:05] Epoch 03 train batch [380/1875] loss=0.1071 avg_loss=0.1987
[2026-06-03 11:00:07] Epoch 03 train batch [400/1875] loss=0.0973 avg_loss=0.1968
[2026-06-03 11:00:09] Epoch 03 train batch [420/1875] loss=0.0673 avg_loss=0.1958
[2026-06-03 11:00:11] Epoch 03 train batch [440/1875] loss=0.1325 avg_loss=0.1966
[2026-06-03 11:00:13] Epoch 03 train batch [460/1875] loss=0.1093 avg_loss=0.1998
[2026-06-03 11:00:15] Epoch 03 train batch [480/1875] loss=0.3423 avg_loss=0.2000
[2026-06-03 11:00:17] Epoch 03 train batch [500/1875] loss=0.1679 avg_loss=0.1991
[2026-06-03 11:00:19] Epoch 03 train batch [520/1875] loss=0.0599 avg_loss=0.1986
[2026-06-03 11:00:21] Epoch 03 train batch [540/1875] loss=0.3986 avg_loss=0.1993
[2026-06-03 11:00:23] Epoch 03 train batch [560/1875] loss=0.2019 avg_loss=0.1979
[2026-06-03 11:00:25] Epoch 03 train batch [580/1875] loss=0.1204 avg_loss=0.1978
[2026-06-03 11:00:27] Epoch 03 train batch [600/1875] loss=0.1246 avg_loss=0.1988
[2026-06-03 11:00:30] Epoch 03 train batch [620/1875] loss=0.2116 avg_loss=0.2001
[2026-06-03 11:00:32] Epoch 03 train batch [640/1875] loss=0.0525 avg_loss=0.1994
[2026-06-03 11:00:34] Epoch 03 train batch [660/1875] loss=0.0723 avg_loss=0.1996
[2026-06-03 11:00:36] Epoch 03 train batch [680/1875] loss=0.1976 avg_loss=0.1991
[2026-06-03 11:00:38] Epoch 03 train batch [700/1875] loss=0.1346 avg_loss=0.2003
[2026-06-03 11:00:40] Epoch 03 train batch [720/1875] loss=0.0282 avg_loss=0.1995
[2026-06-03 11:00:42] Epoch 03 train batch [740/1875] loss=0.0721 avg_loss=0.2007
[2026-06-03 11:00:44] Epoch 03 train batch [760/1875] loss=0.0834 avg_loss=0.2005
[2026-06-03 11:00:46] Epoch 03 train batch [780/1875] loss=0.3306 avg_loss=0.2025
[2026-06-03 11:00:48] Epoch 03 train batch [800/1875] loss=0.3967 avg_loss=0.2048
[2026-06-03 11:00:50] Epoch 03 train batch [820/1875] loss=0.0582 avg_loss=0.2043
[2026-06-03 11:00:52] Epoch 03 train batch [840/1875] loss=0.0822 avg_loss=0.2045
[2026-06-03 11:00:55] Epoch 03 train batch [860/1875] loss=0.3102 avg_loss=0.2043
[2026-06-03 11:00:57] Epoch 03 train batch [880/1875] loss=0.1555 avg_loss=0.2057
[2026-06-03 11:00:59] Epoch 03 train batch [900/1875] loss=0.2036 avg_loss=0.2048
[2026-06-03 11:01:01] Epoch 03 train batch [920/1875] loss=0.3281 avg_loss=0.2054
[2026-06-03 11:01:03] Epoch 03 train batch [940/1875] loss=0.3874 avg_loss=0.2050
[2026-06-03 11:01:05] Epoch 03 train batch [960/1875] loss=0.0014 avg_loss=0.2044
[2026-06-03 11:01:07] Epoch 03 train batch [980/1875] loss=0.1889 avg_loss=0.2043
[2026-06-03 11:01:09] Epoch 03 train batch [1000/1875] loss=0.1608 avg_loss=0.2048
[2026-06-03 11:01:12] Epoch 03 train batch [1020/1875] loss=0.0847 avg_loss=0.2056
[2026-06-03 11:01:14] Epoch 03 train batch [1040/1875] loss=0.2478 avg_loss=0.2060
[2026-06-03 11:01:16] Epoch 03 train batch [1060/1875] loss=0.0973 avg_loss=0.2049
[2026-06-03 11:01:18] Epoch 03 train batch [1080/1875] loss=0.4868 avg_loss=0.2047
[2026-06-03 11:01:20] Epoch 03 train batch [1100/1875] loss=0.2949 avg_loss=0.2044
[2026-06-03 11:01:22] Epoch 03 train batch [1120/1875] loss=0.2555 avg_loss=0.2041
[2026-06-03 11:01:24] Epoch 03 train batch [1140/1875] loss=0.0657 avg_loss=0.2039
[2026-06-03 11:01:26] Epoch 03 train batch [1160/1875] loss=0.2566 avg_loss=0.2042
[2026-06-03 11:01:29] Epoch 03 train batch [1180/1875] loss=0.3332 avg_loss=0.2047
[2026-06-03 11:01:31] Epoch 03 train batch [1200/1875] loss=0.1131 avg_loss=0.2045
[2026-06-03 11:01:33] Epoch 03 train batch [1220/1875] loss=0.1915 avg_loss=0.2039
[2026-06-03 11:01:35] Epoch 03 train batch [1240/1875] loss=0.1490 avg_loss=0.2031
[2026-06-03 11:01:37] Epoch 03 train batch [1260/1875] loss=0.1982 avg_loss=0.2027
[2026-06-03 11:01:39] Epoch 03 train batch [1280/1875] loss=0.2633 avg_loss=0.2034
[2026-06-03 11:01:41] Epoch 03 train batch [1300/1875] loss=0.3615 avg_loss=0.2033
[2026-06-03 11:01:43] Epoch 03 train batch [1320/1875] loss=0.0831 avg_loss=0.2030
[2026-06-03 11:01:45] Epoch 03 train batch [1340/1875] loss=0.0664 avg_loss=0.2025
[2026-06-03 11:01:47] Epoch 03 train batch [1360/1875] loss=0.1422 avg_loss=0.2026
[2026-06-03 11:01:49] Epoch 03 train batch [1380/1875] loss=0.5293 avg_loss=0.2029
[2026-06-03 11:01:51] Epoch 03 train batch [1400/1875] loss=0.1457 avg_loss=0.2028
[2026-06-03 11:01:54] Epoch 03 train batch [1420/1875] loss=0.1359 avg_loss=0.2021
[2026-06-03 11:01:56] Epoch 03 train batch [1440/1875] loss=0.0403 avg_loss=0.2022
[2026-06-03 11:01:58] Epoch 03 train batch [1460/1875] loss=0.0921 avg_loss=0.2022
[2026-06-03 11:02:00] Epoch 03 train batch [1480/1875] loss=0.0316 avg_loss=0.2018
[2026-06-03 11:02:02] Epoch 03 train batch [1500/1875] loss=0.1238 avg_loss=0.2016
[2026-06-03 11:02:04] Epoch 03 train batch [1520/1875] loss=0.1569 avg_loss=0.2010
[2026-06-03 11:02:06] Epoch 03 train batch [1540/1875] loss=0.0452 avg_loss=0.2009
[2026-06-03 11:02:08] Epoch 03 train batch [1560/1875] loss=0.0018 avg_loss=0.2010
[2026-06-03 11:02:10] Epoch 03 train batch [1580/1875] loss=0.1348 avg_loss=0.2011
[2026-06-03 11:02:12] Epoch 03 train batch [1600/1875] loss=0.1876 avg_loss=0.2017
[2026-06-03 11:02:14] Epoch 03 train batch [1620/1875] loss=0.3186 avg_loss=0.2015
[2026-06-03 11:02:16] Epoch 03 train batch [1640/1875] loss=0.1023 avg_loss=0.2013
[2026-06-03 11:02:18] Epoch 03 train batch [1660/1875] loss=0.1388 avg_loss=0.2010
[2026-06-03 11:02:20] Epoch 03 train batch [1680/1875] loss=0.2323 avg_loss=0.2008
[2026-06-03 11:02:22] Epoch 03 train batch [1700/1875] loss=0.3994 avg_loss=0.2008
[2026-06-03 11:02:25] Epoch 03 train batch [1720/1875] loss=0.1816 avg_loss=0.2010
[2026-06-03 11:02:27] Epoch 03 train batch [1740/1875] loss=0.0497 avg_loss=0.2003
[2026-06-03 11:02:31] Epoch 03 train batch [1760/1875] loss=0.2989 avg_loss=0.2003
[2026-06-03 11:02:35] Epoch 03 train batch [1780/1875] loss=0.0015 avg_loss=0.2002
[2026-06-03 11:02:40] Epoch 03 train batch [1800/1875] loss=0.3465 avg_loss=0.2005
[2026-06-03 11:02:45] Epoch 03 train batch [1820/1875] loss=0.0664 avg_loss=0.2008
[2026-06-03 11:02:49] Epoch 03 train batch [1840/1875] loss=0.0211 avg_loss=0.2007
[2026-06-03 11:02:52] Epoch 03 train batch [1860/1875] loss=0.1403 avg_loss=0.2003
[2026-06-03 11:02:54] Epoch 03 train batch [1875/1875] loss=0.1215 avg_loss=0.2003
[2026-06-03 11:02:54] Epoch 03 training completed. Computing validation loss.
[2026-06-03 11:03:13] Epoch 03 validation loss completed: 0.2099. Computing detection metrics.
[2026-06-03 11:03:31] Epoch 03 metrics computed. Saving artifacts.
[2026-06-03 11:03:32] Epoch 03 improved mAP@0.5 to 0.6746. Saved best checkpoint: best_model-20260603-105134.pth.
Epoch [03/30]
├── Train Loss : 0.2003
│   ├── loss_classifier  : 0.0685
│   ├── loss_box_reg     : 0.1119
│   ├── loss_objectness  : 0.0123
│   └── loss_rpn_box_reg : 0.0076
├── Val Loss   : 0.2099
├── mAP@0.5    : 0.6746
├── mAP@0.75   : 0.2134
├── mAP@0.5:0.95 : 0.3007
├── Precision  : 0.3594
├── Recall     : 0.8169
├── GT Boxes   : 2021
├── Predictions: 4594
├── Per-class AP
│   ├── person  : AP50=0.7665, AP75=0.2308, AP50:95=0.3401, P=0.4792, R=0.8464
│   ├── car     : AP50=0.6274, AP75=0.1992, AP50:95=0.2779, P=0.2813, R=0.7385
│   ├── dog     : AP50=0.7004, AP75=0.2041, AP50:95=0.3070, P=0.3144, R=0.8592
│   ├── cat     : AP50=0.7773, AP75=0.3132, AP50:95=0.3729, P=0.3454, R=0.8693
│   └── chair   : AP50=0.5014, AP75=0.1195, AP50:95=0.2057, P=0.2141, R=0.7199
├── LR         : 0.001000
└── Time       : 245.8s
[2026-06-03 11:03:32] Epoch [03/30] completed.
[2026-06-03 11:03:32] Epoch [04/30] started.
[2026-06-03 11:03:34] Epoch 04 train batch [20/1875] loss=0.1307 avg_loss=0.2266
[2026-06-03 11:03:38] Epoch 04 train batch [40/1875] loss=0.2246 avg_loss=0.2117
[2026-06-03 11:03:40] Epoch 04 train batch [60/1875] loss=0.0300 avg_loss=0.2009
[2026-06-03 11:03:42] Epoch 04 train batch [80/1875] loss=0.0881 avg_loss=0.2026
[2026-06-03 11:03:44] Epoch 04 train batch [100/1875] loss=0.1938 avg_loss=0.1977
[2026-06-03 11:03:46] Epoch 04 train batch [120/1875] loss=0.1442 avg_loss=0.1981
[2026-06-03 11:03:48] Epoch 04 train batch [140/1875] loss=0.1802 avg_loss=0.1948
[2026-06-03 11:03:51] Epoch 04 train batch [160/1875] loss=0.1595 avg_loss=0.1912
[2026-06-03 11:03:53] Epoch 04 train batch [180/1875] loss=0.0161 avg_loss=0.1940
[2026-06-03 11:03:56] Epoch 04 train batch [200/1875] loss=0.1383 avg_loss=0.1969
[2026-06-03 11:03:58] Epoch 04 train batch [220/1875] loss=0.0283 avg_loss=0.1974
[2026-06-03 11:04:01] Epoch 04 train batch [240/1875] loss=0.1420 avg_loss=0.1995
[2026-06-03 11:04:03] Epoch 04 train batch [260/1875] loss=0.6098 avg_loss=0.1993
[2026-06-03 11:04:05] Epoch 04 train batch [280/1875] loss=0.1938 avg_loss=0.1995
[2026-06-03 11:04:07] Epoch 04 train batch [300/1875] loss=0.2140 avg_loss=0.1991
[2026-06-03 11:04:09] Epoch 04 train batch [320/1875] loss=0.0218 avg_loss=0.1971
[2026-06-03 11:04:11] Epoch 04 train batch [340/1875] loss=0.2369 avg_loss=0.2002
[2026-06-03 11:04:13] Epoch 04 train batch [360/1875] loss=0.2114 avg_loss=0.2001
[2026-06-03 11:04:15] Epoch 04 train batch [380/1875] loss=0.0649 avg_loss=0.2011
[2026-06-03 11:04:18] Epoch 04 train batch [400/1875] loss=0.0768 avg_loss=0.2020
[2026-06-03 11:04:20] Epoch 04 train batch [420/1875] loss=0.1641 avg_loss=0.2014
[2026-06-03 11:04:22] Epoch 04 train batch [440/1875] loss=0.0262 avg_loss=0.2020
[2026-06-03 11:04:24] Epoch 04 train batch [460/1875] loss=0.0910 avg_loss=0.2020
[2026-06-03 11:04:26] Epoch 04 train batch [480/1875] loss=0.2078 avg_loss=0.2012
[2026-06-03 11:04:28] Epoch 04 train batch [500/1875] loss=0.1282 avg_loss=0.2014
[2026-06-03 11:04:30] Epoch 04 train batch [520/1875] loss=0.0153 avg_loss=0.1996
[2026-06-03 11:04:32] Epoch 04 train batch [540/1875] loss=0.1170 avg_loss=0.1973
[2026-06-03 11:04:34] Epoch 04 train batch [560/1875] loss=0.1459 avg_loss=0.1964
[2026-06-03 11:04:37] Epoch 04 train batch [580/1875] loss=0.0844 avg_loss=0.1973
[2026-06-03 11:04:39] Epoch 04 train batch [600/1875] loss=0.1961 avg_loss=0.1969
[2026-06-03 11:04:41] Epoch 04 train batch [620/1875] loss=0.1827 avg_loss=0.1958
[2026-06-03 11:04:43] Epoch 04 train batch [640/1875] loss=0.1461 avg_loss=0.1958
[2026-06-03 11:04:45] Epoch 04 train batch [660/1875] loss=0.2973 avg_loss=0.1958
[2026-06-03 11:04:47] Epoch 04 train batch [680/1875] loss=0.3663 avg_loss=0.1960
[2026-06-03 11:04:49] Epoch 04 train batch [700/1875] loss=0.1980 avg_loss=0.1965
[2026-06-03 11:04:51] Epoch 04 train batch [720/1875] loss=0.1215 avg_loss=0.1968
[2026-06-03 11:04:53] Epoch 04 train batch [740/1875] loss=0.0369 avg_loss=0.1960
[2026-06-03 11:04:56] Epoch 04 train batch [760/1875] loss=0.2670 avg_loss=0.1962
[2026-06-03 11:04:58] Epoch 04 train batch [780/1875] loss=0.0505 avg_loss=0.1962
[2026-06-03 11:05:00] Epoch 04 train batch [800/1875] loss=0.0948 avg_loss=0.1969
[2026-06-03 11:05:02] Epoch 04 train batch [820/1875] loss=0.3626 avg_loss=0.1972
[2026-06-03 11:05:04] Epoch 04 train batch [840/1875] loss=0.2932 avg_loss=0.1978
[2026-06-03 11:05:06] Epoch 04 train batch [860/1875] loss=0.2566 avg_loss=0.1972
[2026-06-03 11:05:08] Epoch 04 train batch [880/1875] loss=0.1200 avg_loss=0.1968
[2026-06-03 11:05:10] Epoch 04 train batch [900/1875] loss=0.2764 avg_loss=0.1966
[2026-06-03 11:05:12] Epoch 04 train batch [920/1875] loss=0.0035 avg_loss=0.1965
[2026-06-03 11:05:14] Epoch 04 train batch [940/1875] loss=0.1794 avg_loss=0.1964
[2026-06-03 11:05:17] Epoch 04 train batch [960/1875] loss=0.2394 avg_loss=0.1965
[2026-06-03 11:05:19] Epoch 04 train batch [980/1875] loss=0.5409 avg_loss=0.1967
[2026-06-03 11:05:21] Epoch 04 train batch [1000/1875] loss=0.1646 avg_loss=0.1963
[2026-06-03 11:05:23] Epoch 04 train batch [1020/1875] loss=0.1018 avg_loss=0.1970
[2026-06-03 11:05:25] Epoch 04 train batch [1040/1875] loss=0.2602 avg_loss=0.1971
[2026-06-03 11:05:27] Epoch 04 train batch [1060/1875] loss=0.1493 avg_loss=0.1971
[2026-06-03 11:05:29] Epoch 04 train batch [1080/1875] loss=0.1863 avg_loss=0.1966
[2026-06-03 11:05:31] Epoch 04 train batch [1100/1875] loss=0.0667 avg_loss=0.1964
[2026-06-03 11:05:33] Epoch 04 train batch [1120/1875] loss=0.1533 avg_loss=0.1965
[2026-06-03 11:05:36] Epoch 04 train batch [1140/1875] loss=0.1034 avg_loss=0.1971
[2026-06-03 11:05:38] Epoch 04 train batch [1160/1875] loss=0.2103 avg_loss=0.1970
[2026-06-03 11:05:40] Epoch 04 train batch [1180/1875] loss=0.0547 avg_loss=0.1964
[2026-06-03 11:05:42] Epoch 04 train batch [1200/1875] loss=0.1093 avg_loss=0.1968
[2026-06-03 11:05:44] Epoch 04 train batch [1220/1875] loss=0.0858 avg_loss=0.1969
[2026-06-03 11:05:46] Epoch 04 train batch [1240/1875] loss=0.0522 avg_loss=0.1972
[2026-06-03 11:05:48] Epoch 04 train batch [1260/1875] loss=0.1541 avg_loss=0.1966
[2026-06-03 11:05:50] Epoch 04 train batch [1280/1875] loss=0.1778 avg_loss=0.1965
[2026-06-03 11:05:52] Epoch 04 train batch [1300/1875] loss=0.2501 avg_loss=0.1959
[2026-06-03 11:05:54] Epoch 04 train batch [1320/1875] loss=0.1336 avg_loss=0.1958
[2026-06-03 11:05:57] Epoch 04 train batch [1340/1875] loss=0.3595 avg_loss=0.1962
[2026-06-03 11:05:59] Epoch 04 train batch [1360/1875] loss=0.1230 avg_loss=0.1960
[2026-06-03 11:06:01] Epoch 04 train batch [1380/1875] loss=0.0091 avg_loss=0.1960
[2026-06-03 11:06:03] Epoch 04 train batch [1400/1875] loss=0.0915 avg_loss=0.1964
[2026-06-03 11:06:05] Epoch 04 train batch [1420/1875] loss=0.1202 avg_loss=0.1960
[2026-06-03 11:06:07] Epoch 04 train batch [1440/1875] loss=0.3574 avg_loss=0.1964
[2026-06-03 11:06:09] Epoch 04 train batch [1460/1875] loss=0.0270 avg_loss=0.1961
[2026-06-03 11:06:11] Epoch 04 train batch [1480/1875] loss=0.0888 avg_loss=0.1957
[2026-06-03 11:06:13] Epoch 04 train batch [1500/1875] loss=0.3298 avg_loss=0.1963
[2026-06-03 11:06:15] Epoch 04 train batch [1520/1875] loss=0.1821 avg_loss=0.1959
[2026-06-03 11:06:18] Epoch 04 train batch [1540/1875] loss=0.0684 avg_loss=0.1957
[2026-06-03 11:06:20] Epoch 04 train batch [1560/1875] loss=0.1430 avg_loss=0.1956
[2026-06-03 11:06:23] Epoch 04 train batch [1580/1875] loss=0.1229 avg_loss=0.1954
[2026-06-03 11:06:25] Epoch 04 train batch [1600/1875] loss=0.0995 avg_loss=0.1955
[2026-06-03 11:06:28] Epoch 04 train batch [1620/1875] loss=0.1726 avg_loss=0.1955
[2026-06-03 11:06:31] Epoch 04 train batch [1640/1875] loss=0.1883 avg_loss=0.1950
[2026-06-03 11:06:34] Epoch 04 train batch [1660/1875] loss=0.1208 avg_loss=0.1947
[2026-06-03 11:06:36] Epoch 04 train batch [1680/1875] loss=0.4664 avg_loss=0.1943
[2026-06-03 11:06:39] Epoch 04 train batch [1700/1875] loss=0.0026 avg_loss=0.1943
[2026-06-03 11:06:42] Epoch 04 train batch [1720/1875] loss=0.0226 avg_loss=0.1942
[2026-06-03 11:06:45] Epoch 04 train batch [1740/1875] loss=0.1220 avg_loss=0.1940
[2026-06-03 11:06:47] Epoch 04 train batch [1760/1875] loss=0.2522 avg_loss=0.1940
[2026-06-03 11:06:50] Epoch 04 train batch [1780/1875] loss=0.1095 avg_loss=0.1935
[2026-06-03 11:06:53] Epoch 04 train batch [1800/1875] loss=0.1784 avg_loss=0.1936
[2026-06-03 11:06:56] Epoch 04 train batch [1820/1875] loss=0.1926 avg_loss=0.1930
[2026-06-03 11:06:58] Epoch 04 train batch [1840/1875] loss=0.3119 avg_loss=0.1930
[2026-06-03 11:07:01] Epoch 04 train batch [1860/1875] loss=0.2413 avg_loss=0.1929
[2026-06-03 11:07:03] Epoch 04 train batch [1875/1875] loss=0.1015 avg_loss=0.1927
[2026-06-03 11:07:03] Epoch 04 training completed. Computing validation loss.
[2026-06-03 11:07:28] Epoch 04 validation loss completed: 0.1899. Computing detection metrics.
[2026-06-03 11:07:46] Epoch 04 metrics computed. Saving artifacts.
[2026-06-03 11:07:48] Epoch 04 improved mAP@0.5 to 0.7064. Saved best checkpoint: best_model-20260603-105134.pth.
Epoch [04/30]
├── Train Loss : 0.1927
│   ├── loss_classifier  : 0.0650
│   ├── loss_box_reg     : 0.1108
│   ├── loss_objectness  : 0.0101
│   └── loss_rpn_box_reg : 0.0068
├── Val Loss   : 0.1899
├── mAP@0.5    : 0.7064
├── mAP@0.75   : 0.2722
├── mAP@0.5:0.95 : 0.3432
├── Precision  : 0.5359
├── Recall     : 0.7986
├── GT Boxes   : 2021
├── Predictions: 3012
├── Per-class AP
│   ├── person  : AP50=0.7993, AP75=0.3211, AP50:95=0.3947, P=0.5597, R=0.8510
│   ├── car     : AP50=0.6638, AP75=0.2719, AP50:95=0.3357, P=0.5048, R=0.7491
│   ├── dog     : AP50=0.7851, AP75=0.2165, AP50:95=0.3570, P=0.4776, R=0.8786
│   ├── cat     : AP50=0.8382, AP75=0.4214, AP50:95=0.4327, P=0.5914, R=0.8636
│   └── chair   : AP50=0.4457, AP75=0.1301, AP50:95=0.1959, P=0.4799, R=0.5496
├── LR         : 0.001000
└── Time       : 254.2s
[2026-06-03 11:07:48] Epoch [04/30] completed.
[2026-06-03 11:07:48] Epoch [05/30] started.
[2026-06-03 11:07:50] Epoch 05 train batch [20/1875] loss=0.1751 avg_loss=0.1658
[2026-06-03 11:07:52] Epoch 05 train batch [40/1875] loss=0.5264 avg_loss=0.1948
[2026-06-03 11:07:54] Epoch 05 train batch [60/1875] loss=0.1125 avg_loss=0.1837
[2026-06-03 11:07:56] Epoch 05 train batch [80/1875] loss=0.1635 avg_loss=0.1725
[2026-06-03 11:07:58] Epoch 05 train batch [100/1875] loss=0.1784 avg_loss=0.1694
[2026-06-03 11:08:00] Epoch 05 train batch [120/1875] loss=0.2235 avg_loss=0.1812
[2026-06-03 11:08:03] Epoch 05 train batch [140/1875] loss=0.2364 avg_loss=0.1794
[2026-06-03 11:08:05] Epoch 05 train batch [160/1875] loss=0.1324 avg_loss=0.1859
[2026-06-03 11:08:07] Epoch 05 train batch [180/1875] loss=0.1086 avg_loss=0.1852
[2026-06-03 11:08:09] Epoch 05 train batch [200/1875] loss=0.3646 avg_loss=0.1867
[2026-06-03 11:08:11] Epoch 05 train batch [220/1875] loss=0.2090 avg_loss=0.1812
[2026-06-03 11:08:13] Epoch 05 train batch [240/1875] loss=0.0947 avg_loss=0.1824
[2026-06-03 11:08:15] Epoch 05 train batch [260/1875] loss=0.0213 avg_loss=0.1819
[2026-06-03 11:08:17] Epoch 05 train batch [280/1875] loss=0.0336 avg_loss=0.1807
[2026-06-03 11:08:20] Epoch 05 train batch [300/1875] loss=0.1114 avg_loss=0.1856
[2026-06-03 11:08:22] Epoch 05 train batch [320/1875] loss=0.0763 avg_loss=0.1842
[2026-06-03 11:08:24] Epoch 05 train batch [340/1875] loss=0.1517 avg_loss=0.1803
[2026-06-03 11:08:27] Epoch 05 train batch [360/1875] loss=0.1281 avg_loss=0.1802
[2026-06-03 11:08:30] Epoch 05 train batch [380/1875] loss=0.2827 avg_loss=0.1824
[2026-06-03 11:08:33] Epoch 05 train batch [400/1875] loss=0.2861 avg_loss=0.1822
[2026-06-03 11:08:36] Epoch 05 train batch [420/1875] loss=0.1940 avg_loss=0.1828
[2026-06-03 11:08:38] Epoch 05 train batch [440/1875] loss=0.2583 avg_loss=0.1825
[2026-06-03 11:08:41] Epoch 05 train batch [460/1875] loss=0.1102 avg_loss=0.1862
[2026-06-03 11:08:44] Epoch 05 train batch [480/1875] loss=0.1978 avg_loss=0.1858
[2026-06-03 11:08:47] Epoch 05 train batch [500/1875] loss=0.1894 avg_loss=0.1869
[2026-06-03 11:08:49] Epoch 05 train batch [520/1875] loss=0.1118 avg_loss=0.1873
[2026-06-03 11:08:52] Epoch 05 train batch [540/1875] loss=0.3087 avg_loss=0.1862
[2026-06-03 11:08:55] Epoch 05 train batch [560/1875] loss=0.4118 avg_loss=0.1854
[2026-06-03 11:08:58] Epoch 05 train batch [580/1875] loss=0.2946 avg_loss=0.1851
[2026-06-03 11:09:01] Epoch 05 train batch [600/1875] loss=0.1218 avg_loss=0.1839
[2026-06-03 11:09:03] Epoch 05 train batch [620/1875] loss=0.1103 avg_loss=0.1838
[2026-06-03 11:09:06] Epoch 05 train batch [640/1875] loss=0.1483 avg_loss=0.1833
[2026-06-03 11:09:09] Epoch 05 train batch [660/1875] loss=0.0699 avg_loss=0.1848
[2026-06-03 11:09:12] Epoch 05 train batch [680/1875] loss=0.3055 avg_loss=0.1856
[2026-06-03 11:09:15] Epoch 05 train batch [700/1875] loss=0.4656 avg_loss=0.1855
[2026-06-03 11:09:17] Epoch 05 train batch [720/1875] loss=0.0858 avg_loss=0.1862
[2026-06-03 11:09:19] Epoch 05 train batch [740/1875] loss=0.3247 avg_loss=0.1863
[2026-06-03 11:09:21] Epoch 05 train batch [760/1875] loss=0.1782 avg_loss=0.1857
[2026-06-03 11:09:23] Epoch 05 train batch [780/1875] loss=0.3834 avg_loss=0.1851
[2026-06-03 11:09:25] Epoch 05 train batch [800/1875] loss=0.1224 avg_loss=0.1847
[2026-06-03 11:09:27] Epoch 05 train batch [820/1875] loss=0.1198 avg_loss=0.1839
[2026-06-03 11:09:30] Epoch 05 train batch [840/1875] loss=0.2466 avg_loss=0.1841
[2026-06-03 11:09:32] Epoch 05 train batch [860/1875] loss=0.2001 avg_loss=0.1839
[2026-06-03 11:09:34] Epoch 05 train batch [880/1875] loss=0.0847 avg_loss=0.1842
[2026-06-03 11:09:36] Epoch 05 train batch [900/1875] loss=0.3460 avg_loss=0.1848
[2026-06-03 11:09:38] Epoch 05 train batch [920/1875] loss=0.1903 avg_loss=0.1839
[2026-06-03 11:09:40] Epoch 05 train batch [940/1875] loss=0.1390 avg_loss=0.1829
[2026-06-03 11:09:42] Epoch 05 train batch [960/1875] loss=0.2091 avg_loss=0.1829
[2026-06-03 11:09:44] Epoch 05 train batch [980/1875] loss=0.2738 avg_loss=0.1825
[2026-06-03 11:09:46] Epoch 05 train batch [1000/1875] loss=0.0848 avg_loss=0.1823
[2026-06-03 11:09:48] Epoch 05 train batch [1020/1875] loss=0.0211 avg_loss=0.1816
[2026-06-03 11:09:50] Epoch 05 train batch [1040/1875] loss=0.3181 avg_loss=0.1825
[2026-06-03 11:09:52] Epoch 05 train batch [1060/1875] loss=0.2496 avg_loss=0.1819
[2026-06-03 11:09:55] Epoch 05 train batch [1080/1875] loss=0.3246 avg_loss=0.1821
[2026-06-03 11:09:57] Epoch 05 train batch [1100/1875] loss=0.3131 avg_loss=0.1825
[2026-06-03 11:09:59] Epoch 05 train batch [1120/1875] loss=0.1706 avg_loss=0.1821
[2026-06-03 11:10:01] Epoch 05 train batch [1140/1875] loss=0.1062 avg_loss=0.1818
[2026-06-03 11:10:03] Epoch 05 train batch [1160/1875] loss=0.0231 avg_loss=0.1814
[2026-06-03 11:10:05] Epoch 05 train batch [1180/1875] loss=0.0124 avg_loss=0.1813
[2026-06-03 11:10:07] Epoch 05 train batch [1200/1875] loss=0.0864 avg_loss=0.1814
[2026-06-03 11:10:09] Epoch 05 train batch [1220/1875] loss=0.3588 avg_loss=0.1819
[2026-06-03 11:10:11] Epoch 05 train batch [1240/1875] loss=0.0842 avg_loss=0.1820
[2026-06-03 11:10:13] Epoch 05 train batch [1260/1875] loss=0.3936 avg_loss=0.1822
[2026-06-03 11:10:15] Epoch 05 train batch [1280/1875] loss=0.1943 avg_loss=0.1821
[2026-06-03 11:10:17] Epoch 05 train batch [1300/1875] loss=0.0793 avg_loss=0.1818
[2026-06-03 11:10:19] Epoch 05 train batch [1320/1875] loss=0.4716 avg_loss=0.1821
[2026-06-03 11:10:22] Epoch 05 train batch [1340/1875] loss=0.2064 avg_loss=0.1823
[2026-06-03 11:10:24] Epoch 05 train batch [1360/1875] loss=0.5674 avg_loss=0.1824
[2026-06-03 11:10:26] Epoch 05 train batch [1380/1875] loss=0.0748 avg_loss=0.1823
[2026-06-03 11:10:28] Epoch 05 train batch [1400/1875] loss=0.2792 avg_loss=0.1823
[2026-06-03 11:10:30] Epoch 05 train batch [1420/1875] loss=0.3483 avg_loss=0.1824
[2026-06-03 11:10:32] Epoch 05 train batch [1440/1875] loss=0.0739 avg_loss=0.1825
[2026-06-03 11:10:34] Epoch 05 train batch [1460/1875] loss=0.0790 avg_loss=0.1821
[2026-06-03 11:10:36] Epoch 05 train batch [1480/1875] loss=0.1698 avg_loss=0.1819
[2026-06-03 11:10:38] Epoch 05 train batch [1500/1875] loss=0.0617 avg_loss=0.1823
[2026-06-03 11:10:41] Epoch 05 train batch [1520/1875] loss=0.3393 avg_loss=0.1828
[2026-06-03 11:10:43] Epoch 05 train batch [1540/1875] loss=0.3223 avg_loss=0.1831
[2026-06-03 11:10:45] Epoch 05 train batch [1560/1875] loss=0.0334 avg_loss=0.1830
[2026-06-03 11:10:47] Epoch 05 train batch [1580/1875] loss=0.0721 avg_loss=0.1826
[2026-06-03 11:10:49] Epoch 05 train batch [1600/1875] loss=0.4053 avg_loss=0.1826
[2026-06-03 11:10:51] Epoch 05 train batch [1620/1875] loss=0.2894 avg_loss=0.1827
[2026-06-03 11:10:53] Epoch 05 train batch [1640/1875] loss=0.0501 avg_loss=0.1831
[2026-06-03 11:10:55] Epoch 05 train batch [1660/1875] loss=0.2106 avg_loss=0.1834
[2026-06-03 11:10:57] Epoch 05 train batch [1680/1875] loss=0.3496 avg_loss=0.1836
[2026-06-03 11:10:59] Epoch 05 train batch [1700/1875] loss=0.2344 avg_loss=0.1834
[2026-06-03 11:11:02] Epoch 05 train batch [1720/1875] loss=0.1433 avg_loss=0.1835
[2026-06-03 11:11:06] Epoch 05 train batch [1740/1875] loss=0.4027 avg_loss=0.1835
[2026-06-03 11:11:11] Epoch 05 train batch [1760/1875] loss=0.1316 avg_loss=0.1832
[2026-06-03 11:11:15] Epoch 05 train batch [1780/1875] loss=0.0980 avg_loss=0.1837
[2026-06-03 11:11:20] Epoch 05 train batch [1800/1875] loss=0.0665 avg_loss=0.1838
[2026-06-03 11:11:24] Epoch 05 train batch [1820/1875] loss=0.0714 avg_loss=0.1835
[2026-06-03 11:11:27] Epoch 05 train batch [1840/1875] loss=0.2603 avg_loss=0.1831
[2026-06-03 11:11:29] Epoch 05 train batch [1860/1875] loss=0.1095 avg_loss=0.1835
[2026-06-03 11:11:31] Epoch 05 train batch [1875/1875] loss=0.0757 avg_loss=0.1831
[2026-06-03 11:11:31] Epoch 05 training completed. Computing validation loss.
[2026-06-03 11:11:49] Epoch 05 validation loss completed: 0.1867. Computing detection metrics.
[2026-06-03 11:12:09] Epoch 05 metrics computed. Saving artifacts.
[2026-06-03 11:12:10] Epoch 05 improved mAP@0.5 to 0.7334. Saved best checkpoint: best_model-20260603-105134.pth.
Epoch [05/30]
├── Train Loss : 0.1831
│   ├── loss_classifier  : 0.0607
│   ├── loss_box_reg     : 0.1075
│   ├── loss_objectness  : 0.0087
│   └── loss_rpn_box_reg : 0.0063
├── Val Loss   : 0.1867
├── mAP@0.5    : 0.7334
├── mAP@0.75   : 0.3694
├── mAP@0.5:0.95 : 0.3882
├── Precision  : 0.5470
├── Recall     : 0.8179
├── GT Boxes   : 2021
├── Predictions: 3022
├── Per-class AP
│   ├── person  : AP50=0.8138, AP75=0.3984, AP50:95=0.4381, P=0.5698, R=0.8594
│   ├── car     : AP50=0.6914, AP75=0.3486, AP50:95=0.3593, P=0.5438, R=0.7456
│   ├── dog     : AP50=0.8216, AP75=0.4618, AP50:95=0.4538, P=0.6224, R=0.8641
│   ├── cat     : AP50=0.8170, AP75=0.4214, AP50:95=0.4406, P=0.6787, R=0.8523
│   └── chair   : AP50=0.5234, AP75=0.2167, AP50:95=0.2490, P=0.3767, R=0.6773
├── LR         : 0.001000
└── Time       : 261.4s
[2026-06-03 11:12:10] Epoch [05/30] completed.
[2026-06-03 11:12:10] Epoch [06/30] started.
[2026-06-03 11:12:12] Epoch 06 train batch [20/1875] loss=0.0455 avg_loss=0.1606
[2026-06-03 11:12:14] Epoch 06 train batch [40/1875] loss=0.0934 avg_loss=0.1535
[2026-06-03 11:12:17] Epoch 06 train batch [60/1875] loss=0.1270 avg_loss=0.1617
[2026-06-03 11:12:19] Epoch 06 train batch [80/1875] loss=0.0388 avg_loss=0.1518
[2026-06-03 11:12:21] Epoch 06 train batch [100/1875] loss=0.0705 avg_loss=0.1536
[2026-06-03 11:12:23] Epoch 06 train batch [120/1875] loss=0.1266 avg_loss=0.1608
[2026-06-03 11:12:25] Epoch 06 train batch [140/1875] loss=0.3750 avg_loss=0.1676
[2026-06-03 11:12:27] Epoch 06 train batch [160/1875] loss=0.1042 avg_loss=0.1679
[2026-06-03 11:12:29] Epoch 06 train batch [180/1875] loss=0.2785 avg_loss=0.1656
[2026-06-03 11:12:31] Epoch 06 train batch [200/1875] loss=0.0889 avg_loss=0.1622
[2026-06-03 11:12:34] Epoch 06 train batch [220/1875] loss=0.2492 avg_loss=0.1626
[2026-06-03 11:12:36] Epoch 06 train batch [240/1875] loss=0.1978 avg_loss=0.1644
[2026-06-03 11:12:38] Epoch 06 train batch [260/1875] loss=0.0773 avg_loss=0.1674
[2026-06-03 11:12:40] Epoch 06 train batch [280/1875] loss=0.5386 avg_loss=0.1750
[2026-06-03 11:12:42] Epoch 06 train batch [300/1875] loss=0.2574 avg_loss=0.1743
[2026-06-03 11:12:44] Epoch 06 train batch [320/1875] loss=0.0224 avg_loss=0.1745
[2026-06-03 11:12:46] Epoch 06 train batch [340/1875] loss=0.0335 avg_loss=0.1756
[2026-06-03 11:12:48] Epoch 06 train batch [360/1875] loss=0.0291 avg_loss=0.1751
[2026-06-03 11:12:50] Epoch 06 train batch [380/1875] loss=0.1563 avg_loss=0.1746
[2026-06-03 11:12:53] Epoch 06 train batch [400/1875] loss=0.1461 avg_loss=0.1741
[2026-06-03 11:12:55] Epoch 06 train batch [420/1875] loss=0.1190 avg_loss=0.1738
[2026-06-03 11:12:57] Epoch 06 train batch [440/1875] loss=0.0892 avg_loss=0.1754
[2026-06-03 11:13:00] Epoch 06 train batch [460/1875] loss=0.1230 avg_loss=0.1740
[2026-06-03 11:13:02] Epoch 06 train batch [480/1875] loss=0.2600 avg_loss=0.1736
[2026-06-03 11:13:05] Epoch 06 train batch [500/1875] loss=0.1773 avg_loss=0.1734
[2026-06-03 11:13:07] Epoch 06 train batch [520/1875] loss=0.0195 avg_loss=0.1747
[2026-06-03 11:13:09] Epoch 06 train batch [540/1875] loss=0.0168 avg_loss=0.1761
[2026-06-03 11:13:11] Epoch 06 train batch [560/1875] loss=0.2131 avg_loss=0.1770
[2026-06-03 11:13:14] Epoch 06 train batch [580/1875] loss=0.0810 avg_loss=0.1762
[2026-06-03 11:13:16] Epoch 06 train batch [600/1875] loss=0.1152 avg_loss=0.1758
[2026-06-03 11:13:18] Epoch 06 train batch [620/1875] loss=0.1653 avg_loss=0.1756
[2026-06-03 11:13:20] Epoch 06 train batch [640/1875] loss=0.0638 avg_loss=0.1758
[2026-06-03 11:13:22] Epoch 06 train batch [660/1875] loss=0.0752 avg_loss=0.1762
[2026-06-03 11:13:24] Epoch 06 train batch [680/1875] loss=0.2004 avg_loss=0.1764
[2026-06-03 11:13:26] Epoch 06 train batch [700/1875] loss=0.3004 avg_loss=0.1762
[2026-06-03 11:13:28] Epoch 06 train batch [720/1875] loss=0.0080 avg_loss=0.1770
[2026-06-03 11:13:30] Epoch 06 train batch [740/1875] loss=0.0626 avg_loss=0.1776
[2026-06-03 11:13:33] Epoch 06 train batch [760/1875] loss=0.0817 avg_loss=0.1771
[2026-06-03 11:13:35] Epoch 06 train batch [780/1875] loss=0.2402 avg_loss=0.1778
[2026-06-03 11:13:37] Epoch 06 train batch [800/1875] loss=0.4232 avg_loss=0.1780
[2026-06-03 11:13:39] Epoch 06 train batch [820/1875] loss=0.1112 avg_loss=0.1779
[2026-06-03 11:13:41] Epoch 06 train batch [840/1875] loss=0.1937 avg_loss=0.1771
[2026-06-03 11:13:43] Epoch 06 train batch [860/1875] loss=0.2311 avg_loss=0.1765
[2026-06-03 11:13:45] Epoch 06 train batch [880/1875] loss=0.3113 avg_loss=0.1761
[2026-06-03 11:13:48] Epoch 06 train batch [900/1875] loss=0.2147 avg_loss=0.1763
[2026-06-03 11:13:50] Epoch 06 train batch [920/1875] loss=0.1454 avg_loss=0.1761
[2026-06-03 11:13:53] Epoch 06 train batch [940/1875] loss=0.0529 avg_loss=0.1757
[2026-06-03 11:13:57] Epoch 06 train batch [960/1875] loss=0.0912 avg_loss=0.1755
[2026-06-03 11:14:00] Epoch 06 train batch [980/1875] loss=0.0672 avg_loss=0.1756
[2026-06-03 11:14:03] Epoch 06 train batch [1000/1875] loss=0.1114 avg_loss=0.1756
[2026-06-03 11:14:07] Epoch 06 train batch [1020/1875] loss=0.1088 avg_loss=0.1756
[2026-06-03 11:14:10] Epoch 06 train batch [1040/1875] loss=0.0803 avg_loss=0.1759
[2026-06-03 11:14:13] Epoch 06 train batch [1060/1875] loss=0.2731 avg_loss=0.1758
[2026-06-03 11:14:16] Epoch 06 train batch [1080/1875] loss=0.1620 avg_loss=0.1751
[2026-06-03 11:14:19] Epoch 06 train batch [1100/1875] loss=0.1779 avg_loss=0.1752
[2026-06-03 11:14:22] Epoch 06 train batch [1120/1875] loss=0.0277 avg_loss=0.1749
[2026-06-03 11:14:24] Epoch 06 train batch [1140/1875] loss=0.1105 avg_loss=0.1750
[2026-06-03 11:14:27] Epoch 06 train batch [1160/1875] loss=0.0017 avg_loss=0.1751
[2026-06-03 11:14:30] Epoch 06 train batch [1180/1875] loss=0.1247 avg_loss=0.1746
[2026-06-03 11:14:33] Epoch 06 train batch [1200/1875] loss=0.0564 avg_loss=0.1743
[2026-06-03 11:14:36] Epoch 06 train batch [1220/1875] loss=0.0417 avg_loss=0.1741
[2026-06-03 11:14:39] Epoch 06 train batch [1240/1875] loss=0.2741 avg_loss=0.1747
[2026-06-03 11:14:41] Epoch 06 train batch [1260/1875] loss=0.2202 avg_loss=0.1742
[2026-06-03 11:14:44] Epoch 06 train batch [1280/1875] loss=0.0331 avg_loss=0.1738
[2026-06-03 11:14:47] Epoch 06 train batch [1300/1875] loss=0.0624 avg_loss=0.1741
[2026-06-03 11:14:50] Epoch 06 train batch [1320/1875] loss=0.2622 avg_loss=0.1741
[2026-06-03 11:14:52] Epoch 06 train batch [1340/1875] loss=0.0919 avg_loss=0.1732
[2026-06-03 11:14:55] Epoch 06 train batch [1360/1875] loss=0.1242 avg_loss=0.1727
[2026-06-03 11:14:58] Epoch 06 train batch [1380/1875] loss=0.2452 avg_loss=0.1731
[2026-06-03 11:15:01] Epoch 06 train batch [1400/1875] loss=0.1816 avg_loss=0.1732
[2026-06-03 11:15:04] Epoch 06 train batch [1420/1875] loss=0.0556 avg_loss=0.1731
[2026-06-03 11:15:07] Epoch 06 train batch [1440/1875] loss=0.1904 avg_loss=0.1738
[2026-06-03 11:15:10] Epoch 06 train batch [1460/1875] loss=0.0826 avg_loss=0.1732
[2026-06-03 11:15:13] Epoch 06 train batch [1480/1875] loss=0.2048 avg_loss=0.1735
[2026-06-03 11:15:17] Epoch 06 train batch [1500/1875] loss=0.1999 avg_loss=0.1738
[2026-06-03 11:15:20] Epoch 06 train batch [1520/1875] loss=0.3099 avg_loss=0.1737
[2026-06-03 11:15:23] Epoch 06 train batch [1540/1875] loss=0.1223 avg_loss=0.1738
[2026-06-03 11:15:27] Epoch 06 train batch [1560/1875] loss=0.2772 avg_loss=0.1735
[2026-06-03 11:15:30] Epoch 06 train batch [1580/1875] loss=0.3709 avg_loss=0.1732
[2026-06-03 11:15:34] Epoch 06 train batch [1600/1875] loss=0.4918 avg_loss=0.1737
[2026-06-03 11:15:37] Epoch 06 train batch [1620/1875] loss=0.1105 avg_loss=0.1734
[2026-06-03 11:15:41] Epoch 06 train batch [1640/1875] loss=0.2293 avg_loss=0.1739
[2026-06-03 11:15:44] Epoch 06 train batch [1660/1875] loss=0.0270 avg_loss=0.1742
[2026-06-03 11:15:47] Epoch 06 train batch [1680/1875] loss=0.2787 avg_loss=0.1741
[2026-06-03 11:15:49] Epoch 06 train batch [1700/1875] loss=0.0826 avg_loss=0.1738
[2026-06-03 11:15:51] Epoch 06 train batch [1720/1875] loss=0.0940 avg_loss=0.1737
[2026-06-03 11:15:53] Epoch 06 train batch [1740/1875] loss=0.4341 avg_loss=0.1735
[2026-06-03 11:15:55] Epoch 06 train batch [1760/1875] loss=0.1154 avg_loss=0.1731
[2026-06-03 11:15:57] Epoch 06 train batch [1780/1875] loss=0.2492 avg_loss=0.1733
[2026-06-03 11:15:59] Epoch 06 train batch [1800/1875] loss=0.1803 avg_loss=0.1736
[2026-06-03 11:16:01] Epoch 06 train batch [1820/1875] loss=0.1840 avg_loss=0.1737
[2026-06-03 11:16:04] Epoch 06 train batch [1840/1875] loss=0.3891 avg_loss=0.1738
[2026-06-03 11:16:06] Epoch 06 train batch [1860/1875] loss=0.2150 avg_loss=0.1739
[2026-06-03 11:16:07] Epoch 06 train batch [1875/1875] loss=0.1540 avg_loss=0.1736
[2026-06-03 11:16:07] Epoch 06 training completed. Computing validation loss.
[2026-06-03 11:16:26] Epoch 06 validation loss completed: 0.1847. Computing detection metrics.
[2026-06-03 11:16:44] Epoch 06 metrics computed. Saving artifacts.
[2026-06-03 11:16:46] Epoch 06 improved mAP@0.5 to 0.7408. Saved best checkpoint: best_model-20260603-105134.pth.
Epoch [06/30]
├── Train Loss : 0.1736
│   ├── loss_classifier  : 0.0570
│   ├── loss_box_reg     : 0.1033
│   ├── loss_objectness  : 0.0074
│   └── loss_rpn_box_reg : 0.0059
├── Val Loss   : 0.1847
├── mAP@0.5    : 0.7408
├── mAP@0.75   : 0.3575
├── mAP@0.5:0.95 : 0.3817
├── Precision  : 0.5360
├── Recall     : 0.8248
├── GT Boxes   : 2021
├── Predictions: 3110
├── Per-class AP
│   ├── person  : AP50=0.8335, AP75=0.4325, AP50:95=0.4456, P=0.5938, R=0.8752
│   ├── car     : AP50=0.7003, AP75=0.3845, AP50:95=0.3830, P=0.5058, R=0.7668
│   ├── dog     : AP50=0.8377, AP75=0.4332, AP50:95=0.4527, P=0.5256, R=0.8981
│   ├── cat     : AP50=0.8870, AP75=0.4834, AP50:95=0.4749, P=0.6736, R=0.9148
│   └── chair   : AP50=0.4451, AP75=0.0539, AP50:95=0.1524, P=0.3235, R=0.5816
├── LR         : 0.001000
└── Time       : 273.7s
[2026-06-03 11:16:46] Epoch [06/30] completed.
[2026-06-03 11:16:46] Epoch [07/30] started.
[2026-06-03 11:16:48] Epoch 07 train batch [20/1875] loss=0.0651 avg_loss=0.1494
[2026-06-03 11:16:51] Epoch 07 train batch [40/1875] loss=0.1402 avg_loss=0.1785
[2026-06-03 11:16:53] Epoch 07 train batch [60/1875] loss=0.1236 avg_loss=0.1649
[2026-06-03 11:16:55] Epoch 07 train batch [80/1875] loss=0.2166 avg_loss=0.1651
[2026-06-03 11:16:57] Epoch 07 train batch [100/1875] loss=0.2150 avg_loss=0.1609
[2026-06-03 11:16:59] Epoch 07 train batch [120/1875] loss=0.2154 avg_loss=0.1574
[2026-06-03 11:17:01] Epoch 07 train batch [140/1875] loss=0.1181 avg_loss=0.1596
[2026-06-03 11:17:03] Epoch 07 train batch [160/1875] loss=0.0555 avg_loss=0.1546
[2026-06-03 11:17:05] Epoch 07 train batch [180/1875] loss=0.1293 avg_loss=0.1560
[2026-06-03 11:17:07] Epoch 07 train batch [200/1875] loss=0.0007 avg_loss=0.1600
[2026-06-03 11:17:10] Epoch 07 train batch [220/1875] loss=0.1605 avg_loss=0.1603
[2026-06-03 11:17:12] Epoch 07 train batch [240/1875] loss=0.1788 avg_loss=0.1596
[2026-06-03 11:17:14] Epoch 07 train batch [260/1875] loss=0.2014 avg_loss=0.1605
[2026-06-03 11:17:16] Epoch 07 train batch [280/1875] loss=0.0946 avg_loss=0.1604
[2026-06-03 11:17:18] Epoch 07 train batch [300/1875] loss=0.3443 avg_loss=0.1643
[2026-06-03 11:17:20] Epoch 07 train batch [320/1875] loss=0.0918 avg_loss=0.1644
[2026-06-03 11:17:22] Epoch 07 train batch [340/1875] loss=0.1882 avg_loss=0.1635
[2026-06-03 11:17:24] Epoch 07 train batch [360/1875] loss=0.1138 avg_loss=0.1620
[2026-06-03 11:17:26] Epoch 07 train batch [380/1875] loss=0.0761 avg_loss=0.1610
[2026-06-03 11:17:28] Epoch 07 train batch [400/1875] loss=0.0894 avg_loss=0.1593
[2026-06-03 11:17:30] Epoch 07 train batch [420/1875] loss=0.3258 avg_loss=0.1597
[2026-06-03 11:17:33] Epoch 07 train batch [440/1875] loss=0.1798 avg_loss=0.1618
[2026-06-03 11:17:35] Epoch 07 train batch [460/1875] loss=0.0537 avg_loss=0.1616
[2026-06-03 11:17:37] Epoch 07 train batch [480/1875] loss=0.1524 avg_loss=0.1640
[2026-06-03 11:17:39] Epoch 07 train batch [500/1875] loss=0.1013 avg_loss=0.1655
[2026-06-03 11:17:41] Epoch 07 train batch [520/1875] loss=0.0760 avg_loss=0.1647
[2026-06-03 11:17:43] Epoch 07 train batch [540/1875] loss=0.0639 avg_loss=0.1641
[2026-06-03 11:17:45] Epoch 07 train batch [560/1875] loss=0.2160 avg_loss=0.1652
[2026-06-03 11:17:47] Epoch 07 train batch [580/1875] loss=0.1433 avg_loss=0.1641
[2026-06-03 11:17:49] Epoch 07 train batch [600/1875] loss=0.1561 avg_loss=0.1654
[2026-06-03 11:17:52] Epoch 07 train batch [620/1875] loss=0.3337 avg_loss=0.1655
[2026-06-03 11:17:54] Epoch 07 train batch [640/1875] loss=0.2005 avg_loss=0.1645
[2026-06-03 11:17:56] Epoch 07 train batch [660/1875] loss=0.1419 avg_loss=0.1650
[2026-06-03 11:17:58] Epoch 07 train batch [680/1875] loss=0.3589 avg_loss=0.1650
[2026-06-03 11:18:00] Epoch 07 train batch [700/1875] loss=0.1353 avg_loss=0.1647
[2026-06-03 11:18:02] Epoch 07 train batch [720/1875] loss=0.1137 avg_loss=0.1656
[2026-06-03 11:18:04] Epoch 07 train batch [740/1875] loss=0.0551 avg_loss=0.1653
[2026-06-03 11:18:06] Epoch 07 train batch [760/1875] loss=0.1289 avg_loss=0.1661
[2026-06-03 11:18:08] Epoch 07 train batch [780/1875] loss=0.0751 avg_loss=0.1660
[2026-06-03 11:18:10] Epoch 07 train batch [800/1875] loss=0.3785 avg_loss=0.1678
[2026-06-03 11:18:12] Epoch 07 train batch [820/1875] loss=0.3390 avg_loss=0.1684
[2026-06-03 11:18:14] Epoch 07 train batch [840/1875] loss=0.2418 avg_loss=0.1686
[2026-06-03 11:18:16] Epoch 07 train batch [860/1875] loss=0.1337 avg_loss=0.1688
[2026-06-03 11:18:18] Epoch 07 train batch [880/1875] loss=0.0230 avg_loss=0.1682
[2026-06-03 11:18:20] Epoch 07 train batch [900/1875] loss=0.1008 avg_loss=0.1679
[2026-06-03 11:18:23] Epoch 07 train batch [920/1875] loss=0.3933 avg_loss=0.1674
[2026-06-03 11:18:25] Epoch 07 train batch [940/1875] loss=0.1745 avg_loss=0.1677
[2026-06-03 11:18:27] Epoch 07 train batch [960/1875] loss=0.0813 avg_loss=0.1679
[2026-06-03 11:18:29] Epoch 07 train batch [980/1875] loss=0.1106 avg_loss=0.1678
[2026-06-03 11:18:31] Epoch 07 train batch [1000/1875] loss=0.4478 avg_loss=0.1680
[2026-06-03 11:18:33] Epoch 07 train batch [1020/1875] loss=0.1710 avg_loss=0.1679
[2026-06-03 11:18:35] Epoch 07 train batch [1040/1875] loss=0.1858 avg_loss=0.1671
[2026-06-03 11:18:37] Epoch 07 train batch [1060/1875] loss=0.1615 avg_loss=0.1668
[2026-06-03 11:18:40] Epoch 07 train batch [1080/1875] loss=0.2554 avg_loss=0.1668
[2026-06-03 11:18:42] Epoch 07 train batch [1100/1875] loss=0.2311 avg_loss=0.1661
[2026-06-03 11:18:44] Epoch 07 train batch [1120/1875] loss=0.1658 avg_loss=0.1662
[2026-06-03 11:18:46] Epoch 07 train batch [1140/1875] loss=0.1090 avg_loss=0.1660
[2026-06-03 11:18:48] Epoch 07 train batch [1160/1875] loss=0.0409 avg_loss=0.1657
[2026-06-03 11:18:50] Epoch 07 train batch [1180/1875] loss=0.3830 avg_loss=0.1657
[2026-06-03 11:18:52] Epoch 07 train batch [1200/1875] loss=0.2299 avg_loss=0.1666
[2026-06-03 11:18:54] Epoch 07 train batch [1220/1875] loss=0.1145 avg_loss=0.1663
[2026-06-03 11:18:56] Epoch 07 train batch [1240/1875] loss=0.1761 avg_loss=0.1668
[2026-06-03 11:18:58] Epoch 07 train batch [1260/1875] loss=0.2364 avg_loss=0.1671
[2026-06-03 11:19:00] Epoch 07 train batch [1280/1875] loss=0.1480 avg_loss=0.1672
[2026-06-03 11:19:02] Epoch 07 train batch [1300/1875] loss=0.0772 avg_loss=0.1668
[2026-06-03 11:19:04] Epoch 07 train batch [1320/1875] loss=0.1070 avg_loss=0.1669
[2026-06-03 11:19:07] Epoch 07 train batch [1340/1875] loss=0.0583 avg_loss=0.1672
[2026-06-03 11:19:09] Epoch 07 train batch [1360/1875] loss=0.1963 avg_loss=0.1672
[2026-06-03 11:19:11] Epoch 07 train batch [1380/1875] loss=0.0714 avg_loss=0.1676
[2026-06-03 11:19:13] Epoch 07 train batch [1400/1875] loss=0.0703 avg_loss=0.1678
[2026-06-03 11:19:15] Epoch 07 train batch [1420/1875] loss=0.1207 avg_loss=0.1674
[2026-06-03 11:19:17] Epoch 07 train batch [1440/1875] loss=0.1585 avg_loss=0.1671
[2026-06-03 11:19:19] Epoch 07 train batch [1460/1875] loss=0.4622 avg_loss=0.1674
[2026-06-03 11:19:21] Epoch 07 train batch [1480/1875] loss=0.0890 avg_loss=0.1672
[2026-06-03 11:19:23] Epoch 07 train batch [1500/1875] loss=0.1693 avg_loss=0.1671
[2026-06-03 11:19:25] Epoch 07 train batch [1520/1875] loss=0.3905 avg_loss=0.1674
[2026-06-03 11:19:27] Epoch 07 train batch [1540/1875] loss=0.1144 avg_loss=0.1668
[2026-06-03 11:19:30] Epoch 07 train batch [1560/1875] loss=0.0899 avg_loss=0.1668
[2026-06-03 11:19:32] Epoch 07 train batch [1580/1875] loss=0.0635 avg_loss=0.1666
[2026-06-03 11:19:34] Epoch 07 train batch [1600/1875] loss=0.2874 avg_loss=0.1667
[2026-06-03 11:19:36] Epoch 07 train batch [1620/1875] loss=0.2517 avg_loss=0.1669
[2026-06-03 11:19:38] Epoch 07 train batch [1640/1875] loss=0.1164 avg_loss=0.1667
[2026-06-03 11:19:40] Epoch 07 train batch [1660/1875] loss=0.2127 avg_loss=0.1669
[2026-06-03 11:19:42] Epoch 07 train batch [1680/1875] loss=0.1236 avg_loss=0.1667
[2026-06-03 11:19:44] Epoch 07 train batch [1700/1875] loss=0.1975 avg_loss=0.1667
[2026-06-03 11:19:46] Epoch 07 train batch [1720/1875] loss=0.2440 avg_loss=0.1665
[2026-06-03 11:19:48] Epoch 07 train batch [1740/1875] loss=0.0115 avg_loss=0.1667
[2026-06-03 11:19:50] Epoch 07 train batch [1760/1875] loss=0.2899 avg_loss=0.1669
[2026-06-03 11:19:52] Epoch 07 train batch [1780/1875] loss=0.2963 avg_loss=0.1666
[2026-06-03 11:19:55] Epoch 07 train batch [1800/1875] loss=0.3596 avg_loss=0.1667
[2026-06-03 11:19:57] Epoch 07 train batch [1820/1875] loss=0.0656 avg_loss=0.1665
[2026-06-03 11:19:59] Epoch 07 train batch [1840/1875] loss=0.4242 avg_loss=0.1661
[2026-06-03 11:20:01] Epoch 07 train batch [1860/1875] loss=0.0090 avg_loss=0.1660
[2026-06-03 11:20:03] Epoch 07 train batch [1875/1875] loss=0.0630 avg_loss=0.1660
[2026-06-03 11:20:03] Epoch 07 training completed. Computing validation loss.
[2026-06-03 11:20:21] Epoch 07 validation loss completed: 0.1848. Computing detection metrics.
[2026-06-03 11:20:39] Epoch 07 metrics computed. Saving artifacts.
[2026-06-03 11:20:40] Epoch 07 improved mAP@0.5 to 0.7701. Saved best checkpoint: best_model-20260603-105134.pth.
Epoch [07/30]
├── Train Loss : 0.1660
│   ├── loss_classifier  : 0.0541
│   ├── loss_box_reg     : 0.0998
│   ├── loss_objectness  : 0.0065
│   └── loss_rpn_box_reg : 0.0055
├── Val Loss   : 0.1848
├── mAP@0.5    : 0.7701
├── mAP@0.75   : 0.4031
├── mAP@0.5:0.95 : 0.4102
├── Precision  : 0.5233
├── Recall     : 0.8540
├── GT Boxes   : 2021
├── Predictions: 3298
├── Per-class AP
│   ├── person  : AP50=0.8463, AP75=0.4104, AP50:95=0.4374, P=0.5436, R=0.8948
│   ├── car     : AP50=0.7182, AP75=0.3952, AP50:95=0.3820, P=0.6100, R=0.7739
│   ├── dog     : AP50=0.8525, AP75=0.5531, AP50:95=0.4955, P=0.6154, R=0.8932
│   ├── cat     : AP50=0.8808, AP75=0.4613, AP50:95=0.4754, P=0.6943, R=0.9034
│   └── chair   : AP50=0.5525, AP75=0.1953, AP50:95=0.2606, P=0.3157, R=0.7199
├── LR         : 0.001000
└── Time       : 233.1s
[2026-06-03 11:20:40] Epoch [07/30] completed.
[2026-06-03 11:20:40] Epoch [08/30] started.
[2026-06-03 11:20:42] Epoch 08 train batch [20/1875] loss=0.2740 avg_loss=0.1405
[2026-06-03 11:20:45] Epoch 08 train batch [40/1875] loss=0.2047 avg_loss=0.1418
[2026-06-03 11:20:47] Epoch 08 train batch [60/1875] loss=0.2227 avg_loss=0.1526
[2026-06-03 11:20:49] Epoch 08 train batch [80/1875] loss=0.7042 avg_loss=0.1611
[2026-06-03 11:20:51] Epoch 08 train batch [100/1875] loss=0.1688 avg_loss=0.1551
[2026-06-03 11:20:53] Epoch 08 train batch [120/1875] loss=0.1094 avg_loss=0.1543
[2026-06-03 11:20:55] Epoch 08 train batch [140/1875] loss=0.3981 avg_loss=0.1615
[2026-06-03 11:20:57] Epoch 08 train batch [160/1875] loss=0.3138 avg_loss=0.1622
[2026-06-03 11:20:59] Epoch 08 train batch [180/1875] loss=0.0996 avg_loss=0.1656
[2026-06-03 11:21:01] Epoch 08 train batch [200/1875] loss=0.1441 avg_loss=0.1642
[2026-06-03 11:21:03] Epoch 08 train batch [220/1875] loss=0.2525 avg_loss=0.1609
[2026-06-03 11:21:05] Epoch 08 train batch [240/1875] loss=0.2443 avg_loss=0.1625
[2026-06-03 11:21:07] Epoch 08 train batch [260/1875] loss=0.0402 avg_loss=0.1610
[2026-06-03 11:21:10] Epoch 08 train batch [280/1875] loss=0.0752 avg_loss=0.1590
[2026-06-03 11:21:12] Epoch 08 train batch [300/1875] loss=0.0340 avg_loss=0.1566
[2026-06-03 11:21:14] Epoch 08 train batch [320/1875] loss=0.0006 avg_loss=0.1539
[2026-06-03 11:21:16] Epoch 08 train batch [340/1875] loss=0.0551 avg_loss=0.1557
[2026-06-03 11:21:18] Epoch 08 train batch [360/1875] loss=0.1082 avg_loss=0.1576
[2026-06-03 11:21:20] Epoch 08 train batch [380/1875] loss=0.1403 avg_loss=0.1571
[2026-06-03 11:21:22] Epoch 08 train batch [400/1875] loss=0.1654 avg_loss=0.1561
[2026-06-03 11:21:25] Epoch 08 train batch [420/1875] loss=0.1187 avg_loss=0.1570
[2026-06-03 11:21:27] Epoch 08 train batch [440/1875] loss=0.0731 avg_loss=0.1564
[2026-06-03 11:21:29] Epoch 08 train batch [460/1875] loss=0.2429 avg_loss=0.1566
[2026-06-03 11:21:31] Epoch 08 train batch [480/1875] loss=0.1593 avg_loss=0.1594
[2026-06-03 11:21:33] Epoch 08 train batch [500/1875] loss=0.0462 avg_loss=0.1592
[2026-06-03 11:21:35] Epoch 08 train batch [520/1875] loss=0.3093 avg_loss=0.1580
[2026-06-03 11:21:37] Epoch 08 train batch [540/1875] loss=0.1313 avg_loss=0.1579
[2026-06-03 11:21:39] Epoch 08 train batch [560/1875] loss=0.0932 avg_loss=0.1575
[2026-06-03 11:21:41] Epoch 08 train batch [580/1875] loss=0.1616 avg_loss=0.1574
[2026-06-03 11:21:43] Epoch 08 train batch [600/1875] loss=0.2097 avg_loss=0.1568
[2026-06-03 11:21:45] Epoch 08 train batch [620/1875] loss=0.1725 avg_loss=0.1555
[2026-06-03 11:21:47] Epoch 08 train batch [640/1875] loss=0.1033 avg_loss=0.1556
[2026-06-03 11:21:49] Epoch 08 train batch [660/1875] loss=0.0503 avg_loss=0.1545
[2026-06-03 11:21:51] Epoch 08 train batch [680/1875] loss=0.1056 avg_loss=0.1549
[2026-06-03 11:21:54] Epoch 08 train batch [700/1875] loss=0.1407 avg_loss=0.1554
[2026-06-03 11:21:56] Epoch 08 train batch [720/1875] loss=0.1483 avg_loss=0.1552
[2026-06-03 11:21:58] Epoch 08 train batch [740/1875] loss=0.1316 avg_loss=0.1547
[2026-06-03 11:22:00] Epoch 08 train batch [760/1875] loss=0.0558 avg_loss=0.1544
[2026-06-03 11:22:02] Epoch 08 train batch [780/1875] loss=0.1428 avg_loss=0.1541
[2026-06-03 11:22:04] Epoch 08 train batch [800/1875] loss=0.0565 avg_loss=0.1548
[2026-06-03 11:22:06] Epoch 08 train batch [820/1875] loss=0.2524 avg_loss=0.1554
[2026-06-03 11:22:08] Epoch 08 train batch [840/1875] loss=0.2008 avg_loss=0.1561
[2026-06-03 11:22:11] Epoch 08 train batch [860/1875] loss=0.6269 avg_loss=0.1572
[2026-06-03 11:22:13] Epoch 08 train batch [880/1875] loss=0.0587 avg_loss=0.1573
[2026-06-03 11:22:15] Epoch 08 train batch [900/1875] loss=0.0959 avg_loss=0.1574
[2026-06-03 11:22:17] Epoch 08 train batch [920/1875] loss=0.1127 avg_loss=0.1583
[2026-06-03 11:22:19] Epoch 08 train batch [940/1875] loss=0.1081 avg_loss=0.1576
[2026-06-03 11:22:21] Epoch 08 train batch [960/1875] loss=0.1159 avg_loss=0.1581
[2026-06-03 11:22:23] Epoch 08 train batch [980/1875] loss=0.0661 avg_loss=0.1583
[2026-06-03 11:22:25] Epoch 08 train batch [1000/1875] loss=0.0834 avg_loss=0.1579
[2026-06-03 11:22:27] Epoch 08 train batch [1020/1875] loss=0.0473 avg_loss=0.1577
[2026-06-03 11:22:29] Epoch 08 train batch [1040/1875] loss=0.1322 avg_loss=0.1575
[2026-06-03 11:22:31] Epoch 08 train batch [1060/1875] loss=0.2047 avg_loss=0.1575
[2026-06-03 11:22:33] Epoch 08 train batch [1080/1875] loss=0.1939 avg_loss=0.1571
[2026-06-03 11:22:35] Epoch 08 train batch [1100/1875] loss=0.1005 avg_loss=0.1571
[2026-06-03 11:22:38] Epoch 08 train batch [1120/1875] loss=0.1711 avg_loss=0.1570
[2026-06-03 11:22:40] Epoch 08 train batch [1140/1875] loss=0.1089 avg_loss=0.1570
[2026-06-03 11:22:42] Epoch 08 train batch [1160/1875] loss=0.3160 avg_loss=0.1577
[2026-06-03 11:22:44] Epoch 08 train batch [1180/1875] loss=0.3234 avg_loss=0.1580
[2026-06-03 11:22:46] Epoch 08 train batch [1200/1875] loss=0.2641 avg_loss=0.1577
[2026-06-03 11:22:48] Epoch 08 train batch [1220/1875] loss=0.1305 avg_loss=0.1578
[2026-06-03 11:22:50] Epoch 08 train batch [1240/1875] loss=0.2294 avg_loss=0.1580
[2026-06-03 11:22:52] Epoch 08 train batch [1260/1875] loss=0.1825 avg_loss=0.1580
[2026-06-03 11:22:54] Epoch 08 train batch [1280/1875] loss=0.0981 avg_loss=0.1580
[2026-06-03 11:22:57] Epoch 08 train batch [1300/1875] loss=0.1098 avg_loss=0.1580
[2026-06-03 11:22:59] Epoch 08 train batch [1320/1875] loss=0.0755 avg_loss=0.1575
[2026-06-03 11:23:01] Epoch 08 train batch [1340/1875] loss=0.1803 avg_loss=0.1571
[2026-06-03 11:23:03] Epoch 08 train batch [1360/1875] loss=0.0421 avg_loss=0.1568
[2026-06-03 11:23:05] Epoch 08 train batch [1380/1875] loss=0.1552 avg_loss=0.1563
[2026-06-03 11:23:07] Epoch 08 train batch [1400/1875] loss=0.2030 avg_loss=0.1563
[2026-06-03 11:23:09] Epoch 08 train batch [1420/1875] loss=0.1372 avg_loss=0.1564
[2026-06-03 11:23:11] Epoch 08 train batch [1440/1875] loss=0.1104 avg_loss=0.1564
[2026-06-03 11:23:13] Epoch 08 train batch [1460/1875] loss=0.2376 avg_loss=0.1569
[2026-06-03 11:23:16] Epoch 08 train batch [1480/1875] loss=0.3178 avg_loss=0.1569
[2026-06-03 11:23:18] Epoch 08 train batch [1500/1875] loss=0.0411 avg_loss=0.1566
[2026-06-03 11:23:20] Epoch 08 train batch [1520/1875] loss=0.1992 avg_loss=0.1563
[2026-06-03 11:23:22] Epoch 08 train batch [1540/1875] loss=0.1096 avg_loss=0.1568
[2026-06-03 11:23:24] Epoch 08 train batch [1560/1875] loss=0.5071 avg_loss=0.1580
[2026-06-03 11:23:26] Epoch 08 train batch [1580/1875] loss=0.1902 avg_loss=0.1577
[2026-06-03 11:23:28] Epoch 08 train batch [1600/1875] loss=0.1007 avg_loss=0.1577
[2026-06-03 11:23:30] Epoch 08 train batch [1620/1875] loss=0.1391 avg_loss=0.1572
[2026-06-03 11:23:32] Epoch 08 train batch [1640/1875] loss=0.0362 avg_loss=0.1572
[2026-06-03 11:23:34] Epoch 08 train batch [1660/1875] loss=0.2289 avg_loss=0.1576
[2026-06-03 11:23:37] Epoch 08 train batch [1680/1875] loss=0.0989 avg_loss=0.1576
[2026-06-03 11:23:39] Epoch 08 train batch [1700/1875] loss=0.2273 avg_loss=0.1575
[2026-06-03 11:23:41] Epoch 08 train batch [1720/1875] loss=0.0982 avg_loss=0.1578
[2026-06-03 11:23:43] Epoch 08 train batch [1740/1875] loss=0.0133 avg_loss=0.1579
[2026-06-03 11:23:45] Epoch 08 train batch [1760/1875] loss=0.1034 avg_loss=0.1582
[2026-06-03 11:23:47] Epoch 08 train batch [1780/1875] loss=0.0850 avg_loss=0.1577
[2026-06-03 11:23:49] Epoch 08 train batch [1800/1875] loss=0.0981 avg_loss=0.1578
[2026-06-03 11:23:51] Epoch 08 train batch [1820/1875] loss=0.0523 avg_loss=0.1578
[2026-06-03 11:23:54] Epoch 08 train batch [1840/1875] loss=0.2315 avg_loss=0.1578
[2026-06-03 11:23:56] Epoch 08 train batch [1860/1875] loss=0.1943 avg_loss=0.1576
[2026-06-03 11:23:57] Epoch 08 train batch [1875/1875] loss=0.0480 avg_loss=0.1577
[2026-06-03 11:23:57] Epoch 08 training completed. Computing validation loss.
[2026-06-03 11:24:16] Epoch 08 validation loss completed: 0.1905. Computing detection metrics.
[2026-06-03 11:24:34] Epoch 08 metrics computed. Saving artifacts.
[2026-06-03 11:24:35] Epoch 08 did not improve mAP@0.5 enough. Early stopping counter: 1/7.
Epoch [08/30]
├── Train Loss : 0.1577
│   ├── loss_classifier  : 0.0510
│   ├── loss_box_reg     : 0.0957
│   ├── loss_objectness  : 0.0059
│   └── loss_rpn_box_reg : 0.0052
├── Val Loss   : 0.1905
├── mAP@0.5    : 0.7597
├── mAP@0.75   : 0.3585
├── mAP@0.5:0.95 : 0.3914
├── Precision  : 0.4390
├── Recall     : 0.8585
├── GT Boxes   : 2021
├── Predictions: 3952
├── Per-class AP
│   ├── person  : AP50=0.8372, AP75=0.4312, AP50:95=0.4450, P=0.5121, R=0.8873
│   ├── car     : AP50=0.7471, AP75=0.4486, AP50:95=0.4200, P=0.3640, R=0.8516
│   ├── dog     : AP50=0.8506, AP75=0.4867, AP50:95=0.4743, P=0.4844, R=0.9029
│   ├── cat     : AP50=0.8220, AP75=0.2761, AP50:95=0.3734, P=0.3340, R=0.9148
│   └── chair   : AP50=0.5419, AP75=0.1501, AP50:95=0.2444, P=0.3446, R=0.6879
├── LR         : 0.001000
└── Time       : 233.5s
[2026-06-03 11:24:35] Epoch [08/30] completed.
[2026-06-03 11:24:35] Epoch [09/30] started.
[2026-06-03 11:24:37] Epoch 09 train batch [20/1875] loss=0.0005 avg_loss=0.1730
[2026-06-03 11:24:39] Epoch 09 train batch [40/1875] loss=0.2591 avg_loss=0.1626
[2026-06-03 11:24:41] Epoch 09 train batch [60/1875] loss=0.1092 avg_loss=0.1523
[2026-06-03 11:24:43] Epoch 09 train batch [80/1875] loss=0.0939 avg_loss=0.1584
[2026-06-03 11:24:45] Epoch 09 train batch [100/1875] loss=0.1249 avg_loss=0.1627
[2026-06-03 11:24:47] Epoch 09 train batch [120/1875] loss=0.0232 avg_loss=0.1509
[2026-06-03 11:24:49] Epoch 09 train batch [140/1875] loss=0.1106 avg_loss=0.1559
[2026-06-03 11:24:52] Epoch 09 train batch [160/1875] loss=0.0636 avg_loss=0.1491
[2026-06-03 11:24:54] Epoch 09 train batch [180/1875] loss=0.1131 avg_loss=0.1518
[2026-06-03 11:24:56] Epoch 09 train batch [200/1875] loss=0.1022 avg_loss=0.1516
[2026-06-03 11:24:58] Epoch 09 train batch [220/1875] loss=0.0551 avg_loss=0.1491
[2026-06-03 11:25:00] Epoch 09 train batch [240/1875] loss=0.1698 avg_loss=0.1510
[2026-06-03 11:25:02] Epoch 09 train batch [260/1875] loss=0.0358 avg_loss=0.1484
[2026-06-03 11:25:04] Epoch 09 train batch [280/1875] loss=0.0702 avg_loss=0.1469
[2026-06-03 11:25:06] Epoch 09 train batch [300/1875] loss=0.0378 avg_loss=0.1484
[2026-06-03 11:25:08] Epoch 09 train batch [320/1875] loss=0.1932 avg_loss=0.1476
[2026-06-03 11:25:10] Epoch 09 train batch [340/1875] loss=0.1946 avg_loss=0.1467
[2026-06-03 11:25:12] Epoch 09 train batch [360/1875] loss=0.1261 avg_loss=0.1463
[2026-06-03 11:25:15] Epoch 09 train batch [380/1875] loss=0.3601 avg_loss=0.1475
[2026-06-03 11:25:17] Epoch 09 train batch [400/1875] loss=0.0722 avg_loss=0.1476
[2026-06-03 11:25:19] Epoch 09 train batch [420/1875] loss=0.0626 avg_loss=0.1465
[2026-06-03 11:25:21] Epoch 09 train batch [440/1875] loss=0.1292 avg_loss=0.1467
[2026-06-03 11:25:23] Epoch 09 train batch [460/1875] loss=0.2633 avg_loss=0.1484
[2026-06-03 11:25:25] Epoch 09 train batch [480/1875] loss=0.1761 avg_loss=0.1508
[2026-06-03 11:25:27] Epoch 09 train batch [500/1875] loss=0.1068 avg_loss=0.1521
[2026-06-03 11:25:29] Epoch 09 train batch [520/1875] loss=0.1628 avg_loss=0.1511
[2026-06-03 11:25:31] Epoch 09 train batch [540/1875] loss=0.1068 avg_loss=0.1507
[2026-06-03 11:25:34] Epoch 09 train batch [560/1875] loss=0.1209 avg_loss=0.1497
[2026-06-03 11:25:36] Epoch 09 train batch [580/1875] loss=0.1630 avg_loss=0.1502
[2026-06-03 11:25:38] Epoch 09 train batch [600/1875] loss=0.0106 avg_loss=0.1513
[2026-06-03 11:25:40] Epoch 09 train batch [620/1875] loss=0.0122 avg_loss=0.1513
[2026-06-03 11:25:42] Epoch 09 train batch [640/1875] loss=0.2222 avg_loss=0.1514
[2026-06-03 11:25:44] Epoch 09 train batch [660/1875] loss=0.2023 avg_loss=0.1523
[2026-06-03 11:25:46] Epoch 09 train batch [680/1875] loss=0.0290 avg_loss=0.1518
[2026-06-03 11:25:48] Epoch 09 train batch [700/1875] loss=0.0988 avg_loss=0.1516
[2026-06-03 11:25:50] Epoch 09 train batch [720/1875] loss=0.4918 avg_loss=0.1529
[2026-06-03 11:25:52] Epoch 09 train batch [740/1875] loss=0.3198 avg_loss=0.1537
[2026-06-03 11:25:54] Epoch 09 train batch [760/1875] loss=0.0248 avg_loss=0.1542
[2026-06-03 11:25:57] Epoch 09 train batch [780/1875] loss=0.1075 avg_loss=0.1540
[2026-06-03 11:25:59] Epoch 09 train batch [800/1875] loss=0.0966 avg_loss=0.1537
[2026-06-03 11:26:01] Epoch 09 train batch [820/1875] loss=0.0807 avg_loss=0.1539
[2026-06-03 11:26:03] Epoch 09 train batch [840/1875] loss=0.1288 avg_loss=0.1539
[2026-06-03 11:26:05] Epoch 09 train batch [860/1875] loss=0.1746 avg_loss=0.1536
[2026-06-03 11:26:07] Epoch 09 train batch [880/1875] loss=0.0668 avg_loss=0.1531
[2026-06-03 11:26:09] Epoch 09 train batch [900/1875] loss=0.1258 avg_loss=0.1526
[2026-06-03 11:26:11] Epoch 09 train batch [920/1875] loss=0.0722 avg_loss=0.1520
[2026-06-03 11:26:14] Epoch 09 train batch [940/1875] loss=0.0419 avg_loss=0.1518
[2026-06-03 11:26:16] Epoch 09 train batch [960/1875] loss=0.2766 avg_loss=0.1515
[2026-06-03 11:26:18] Epoch 09 train batch [980/1875] loss=0.1652 avg_loss=0.1513
[2026-06-03 11:26:20] Epoch 09 train batch [1000/1875] loss=0.2607 avg_loss=0.1513
[2026-06-03 11:26:22] Epoch 09 train batch [1020/1875] loss=0.1240 avg_loss=0.1516
[2026-06-03 11:26:24] Epoch 09 train batch [1040/1875] loss=0.1058 avg_loss=0.1516
[2026-06-03 11:26:26] Epoch 09 train batch [1060/1875] loss=0.1936 avg_loss=0.1514
[2026-06-03 11:26:28] Epoch 09 train batch [1080/1875] loss=0.0135 avg_loss=0.1511
[2026-06-03 11:26:30] Epoch 09 train batch [1100/1875] loss=0.2520 avg_loss=0.1514
[2026-06-03 11:26:32] Epoch 09 train batch [1120/1875] loss=0.1036 avg_loss=0.1511
[2026-06-03 11:26:34] Epoch 09 train batch [1140/1875] loss=0.3081 avg_loss=0.1505
[2026-06-03 11:26:36] Epoch 09 train batch [1160/1875] loss=0.0830 avg_loss=0.1501
[2026-06-03 11:26:38] Epoch 09 train batch [1180/1875] loss=0.1002 avg_loss=0.1500
[2026-06-03 11:26:40] Epoch 09 train batch [1200/1875] loss=0.0553 avg_loss=0.1497
[2026-06-03 11:26:42] Epoch 09 train batch [1220/1875] loss=0.1909 avg_loss=0.1491
[2026-06-03 11:26:45] Epoch 09 train batch [1240/1875] loss=0.0511 avg_loss=0.1493
[2026-06-03 11:26:47] Epoch 09 train batch [1260/1875] loss=0.4149 avg_loss=0.1495
[2026-06-03 11:26:49] Epoch 09 train batch [1280/1875] loss=0.1891 avg_loss=0.1494
[2026-06-03 11:26:51] Epoch 09 train batch [1300/1875] loss=0.0837 avg_loss=0.1491
[2026-06-03 11:26:53] Epoch 09 train batch [1320/1875] loss=0.1892 avg_loss=0.1489
[2026-06-03 11:26:55] Epoch 09 train batch [1340/1875] loss=0.1102 avg_loss=0.1490
[2026-06-03 11:26:57] Epoch 09 train batch [1360/1875] loss=0.0133 avg_loss=0.1491
[2026-06-03 11:26:59] Epoch 09 train batch [1380/1875] loss=0.2898 avg_loss=0.1493
[2026-06-03 11:27:01] Epoch 09 train batch [1400/1875] loss=0.0690 avg_loss=0.1498
[2026-06-03 11:27:04] Epoch 09 train batch [1420/1875] loss=0.2521 avg_loss=0.1498
[2026-06-03 11:27:06] Epoch 09 train batch [1440/1875] loss=0.0717 avg_loss=0.1499
[2026-06-03 11:27:08] Epoch 09 train batch [1460/1875] loss=0.0145 avg_loss=0.1501
[2026-06-03 11:27:10] Epoch 09 train batch [1480/1875] loss=0.0875 avg_loss=0.1504
[2026-06-03 11:27:12] Epoch 09 train batch [1500/1875] loss=0.0852 avg_loss=0.1505
[2026-06-03 11:27:14] Epoch 09 train batch [1520/1875] loss=0.0435 avg_loss=0.1502
[2026-06-03 11:27:16] Epoch 09 train batch [1540/1875] loss=0.4186 avg_loss=0.1503
[2026-06-03 11:27:18] Epoch 09 train batch [1560/1875] loss=0.2075 avg_loss=0.1506
[2026-06-03 11:27:21] Epoch 09 train batch [1580/1875] loss=0.0444 avg_loss=0.1503
[2026-06-03 11:27:23] Epoch 09 train batch [1600/1875] loss=0.1116 avg_loss=0.1505
[2026-06-03 11:27:25] Epoch 09 train batch [1620/1875] loss=0.0908 avg_loss=0.1500
[2026-06-03 11:27:27] Epoch 09 train batch [1640/1875] loss=0.1226 avg_loss=0.1499
[2026-06-03 11:27:29] Epoch 09 train batch [1660/1875] loss=0.2097 avg_loss=0.1502
[2026-06-03 11:27:31] Epoch 09 train batch [1680/1875] loss=0.0527 avg_loss=0.1499
[2026-06-03 11:27:33] Epoch 09 train batch [1700/1875] loss=0.0497 avg_loss=0.1495
[2026-06-03 11:27:35] Epoch 09 train batch [1720/1875] loss=0.0650 avg_loss=0.1495
[2026-06-03 11:27:37] Epoch 09 train batch [1740/1875] loss=0.1463 avg_loss=0.1496
[2026-06-03 11:27:40] Epoch 09 train batch [1760/1875] loss=0.1455 avg_loss=0.1495
[2026-06-03 11:27:41] Epoch 09 train batch [1780/1875] loss=0.2705 avg_loss=0.1500
[2026-06-03 11:27:43] Epoch 09 train batch [1800/1875] loss=0.2746 avg_loss=0.1502
[2026-06-03 11:27:46] Epoch 09 train batch [1820/1875] loss=0.0400 avg_loss=0.1500
[2026-06-03 11:27:48] Epoch 09 train batch [1840/1875] loss=0.0677 avg_loss=0.1507
[2026-06-03 11:27:50] Epoch 09 train batch [1860/1875] loss=0.0515 avg_loss=0.1506
[2026-06-03 11:27:51] Epoch 09 train batch [1875/1875] loss=0.0912 avg_loss=0.1507
[2026-06-03 11:27:51] Epoch 09 training completed. Computing validation loss.
[2026-06-03 11:28:10] Epoch 09 validation loss completed: 0.1801. Computing detection metrics.
[2026-06-03 11:28:28] Epoch 09 metrics computed. Saving artifacts.
[2026-06-03 11:28:29] Epoch 09 improved mAP@0.5 to 0.7825. Saved best checkpoint: best_model-20260603-105134.pth.
Epoch [09/30]
├── Train Loss : 0.1507
│   ├── loss_classifier  : 0.0483
│   ├── loss_box_reg     : 0.0922
│   ├── loss_objectness  : 0.0053
│   └── loss_rpn_box_reg : 0.0049
├── Val Loss   : 0.1801
├── mAP@0.5    : 0.7825
├── mAP@0.75   : 0.4583
├── mAP@0.5:0.95 : 0.4489
├── Precision  : 0.4865
├── Recall     : 0.8669
├── GT Boxes   : 2021
├── Predictions: 3601
├── Per-class AP
│   ├── person  : AP50=0.8459, AP75=0.4478, AP50:95=0.4656, P=0.5044, R=0.8994
│   ├── car     : AP50=0.7514, AP75=0.4285, AP50:95=0.4067, P=0.4027, R=0.8481
│   ├── dog     : AP50=0.8347, AP75=0.5680, AP50:95=0.5342, P=0.5960, R=0.8738
│   ├── cat     : AP50=0.9050, AP75=0.6198, AP50:95=0.5524, P=0.6332, R=0.9318
│   └── chair   : AP50=0.5755, AP75=0.2276, AP50:95=0.2856, P=0.3819, R=0.7163
├── LR         : 0.001000
└── Time       : 233.6s
[2026-06-03 11:28:29] Epoch [09/30] completed.
[2026-06-03 11:28:29] Epoch [10/30] started.
[2026-06-03 11:28:32] Epoch 10 train batch [20/1875] loss=0.0362 avg_loss=0.1515
[2026-06-03 11:28:34] Epoch 10 train batch [40/1875] loss=0.2305 avg_loss=0.1433
[2026-06-03 11:28:36] Epoch 10 train batch [60/1875] loss=0.2972 avg_loss=0.1514
[2026-06-03 11:28:38] Epoch 10 train batch [80/1875] loss=0.2144 avg_loss=0.1451
[2026-06-03 11:28:40] Epoch 10 train batch [100/1875] loss=0.0085 avg_loss=0.1376
[2026-06-03 11:28:42] Epoch 10 train batch [120/1875] loss=0.0363 avg_loss=0.1331
[2026-06-03 11:28:44] Epoch 10 train batch [140/1875] loss=0.0371 avg_loss=0.1371
[2026-06-03 11:28:47] Epoch 10 train batch [160/1875] loss=0.0939 avg_loss=0.1346
[2026-06-03 11:28:49] Epoch 10 train batch [180/1875] loss=0.0121 avg_loss=0.1323
[2026-06-03 11:28:51] Epoch 10 train batch [200/1875] loss=0.1850 avg_loss=0.1333
[2026-06-03 11:28:53] Epoch 10 train batch [220/1875] loss=0.0225 avg_loss=0.1348
[2026-06-03 11:28:55] Epoch 10 train batch [240/1875] loss=0.2791 avg_loss=0.1363
[2026-06-03 11:28:57] Epoch 10 train batch [260/1875] loss=0.1223 avg_loss=0.1368
[2026-06-03 11:28:59] Epoch 10 train batch [280/1875] loss=0.2314 avg_loss=0.1381
[2026-06-03 11:29:02] Epoch 10 train batch [300/1875] loss=0.1782 avg_loss=0.1374
[2026-06-03 11:29:04] Epoch 10 train batch [320/1875] loss=0.0640 avg_loss=0.1360
[2026-06-03 11:29:06] Epoch 10 train batch [340/1875] loss=0.0622 avg_loss=0.1378
[2026-06-03 11:29:08] Epoch 10 train batch [360/1875] loss=0.2946 avg_loss=0.1408
[2026-06-03 11:29:10] Epoch 10 train batch [380/1875] loss=0.0954 avg_loss=0.1410
[2026-06-03 11:29:12] Epoch 10 train batch [400/1875] loss=0.0527 avg_loss=0.1399
[2026-06-03 11:29:14] Epoch 10 train batch [420/1875] loss=0.1232 avg_loss=0.1394
[2026-06-03 11:29:16] Epoch 10 train batch [440/1875] loss=0.0367 avg_loss=0.1396
[2026-06-03 11:29:18] Epoch 10 train batch [460/1875] loss=0.2010 avg_loss=0.1403
[2026-06-03 11:29:21] Epoch 10 train batch [480/1875] loss=0.3170 avg_loss=0.1398
[2026-06-03 11:29:23] Epoch 10 train batch [500/1875] loss=0.4466 avg_loss=0.1405
[2026-06-03 11:29:25] Epoch 10 train batch [520/1875] loss=0.0926 avg_loss=0.1414
[2026-06-03 11:29:27] Epoch 10 train batch [540/1875] loss=0.1965 avg_loss=0.1421
[2026-06-03 11:29:29] Epoch 10 train batch [560/1875] loss=0.2689 avg_loss=0.1420
[2026-06-03 11:29:31] Epoch 10 train batch [580/1875] loss=0.0497 avg_loss=0.1419
[2026-06-03 11:29:33] Epoch 10 train batch [600/1875] loss=0.0503 avg_loss=0.1419
[2026-06-03 11:29:35] Epoch 10 train batch [620/1875] loss=0.0915 avg_loss=0.1425
[2026-06-03 11:29:37] Epoch 10 train batch [640/1875] loss=0.1212 avg_loss=0.1430
[2026-06-03 11:29:39] Epoch 10 train batch [660/1875] loss=0.0771 avg_loss=0.1433
[2026-06-03 11:29:41] Epoch 10 train batch [680/1875] loss=0.0587 avg_loss=0.1431
[2026-06-03 11:29:44] Epoch 10 train batch [700/1875] loss=0.0402 avg_loss=0.1433
[2026-06-03 11:29:46] Epoch 10 train batch [720/1875] loss=0.3692 avg_loss=0.1432
[2026-06-03 11:29:48] Epoch 10 train batch [740/1875] loss=0.0895 avg_loss=0.1435
[2026-06-03 11:29:50] Epoch 10 train batch [760/1875] loss=0.1668 avg_loss=0.1434
[2026-06-03 11:29:52] Epoch 10 train batch [780/1875] loss=0.0929 avg_loss=0.1434
[2026-06-03 11:29:54] Epoch 10 train batch [800/1875] loss=0.3433 avg_loss=0.1435
[2026-06-03 11:29:56] Epoch 10 train batch [820/1875] loss=0.0691 avg_loss=0.1431
[2026-06-03 11:29:58] Epoch 10 train batch [840/1875] loss=0.1570 avg_loss=0.1439
[2026-06-03 11:30:01] Epoch 10 train batch [860/1875] loss=0.0610 avg_loss=0.1436
[2026-06-03 11:30:04] Epoch 10 train batch [880/1875] loss=0.1300 avg_loss=0.1433
[2026-06-03 11:30:07] Epoch 10 train batch [900/1875] loss=0.0004 avg_loss=0.1439
[2026-06-03 11:30:11] Epoch 10 train batch [920/1875] loss=0.1763 avg_loss=0.1439
[2026-06-03 11:30:14] Epoch 10 train batch [940/1875] loss=0.2153 avg_loss=0.1440
[2026-06-03 11:30:18] Epoch 10 train batch [960/1875] loss=0.2087 avg_loss=0.1446
[2026-06-03 11:30:21] Epoch 10 train batch [980/1875] loss=0.0983 avg_loss=0.1448
[2026-06-03 11:30:24] Epoch 10 train batch [1000/1875] loss=0.0463 avg_loss=0.1446
[2026-06-03 11:30:28] Epoch 10 train batch [1020/1875] loss=0.0495 avg_loss=0.1448
[2026-06-03 11:30:30] Epoch 10 train batch [1040/1875] loss=0.1300 avg_loss=0.1448
[2026-06-03 11:30:33] Epoch 10 train batch [1060/1875] loss=0.0882 avg_loss=0.1441
[2026-06-03 11:30:35] Epoch 10 train batch [1080/1875] loss=0.1462 avg_loss=0.1436
[2026-06-03 11:30:37] Epoch 10 train batch [1100/1875] loss=0.0829 avg_loss=0.1435
[2026-06-03 11:30:39] Epoch 10 train batch [1120/1875] loss=0.3241 avg_loss=0.1438
[2026-06-03 11:30:41] Epoch 10 train batch [1140/1875] loss=0.0400 avg_loss=0.1441
[2026-06-03 11:30:43] Epoch 10 train batch [1160/1875] loss=0.3242 avg_loss=0.1440
[2026-06-03 11:30:46] Epoch 10 train batch [1180/1875] loss=0.1573 avg_loss=0.1444
[2026-06-03 11:30:48] Epoch 10 train batch [1200/1875] loss=0.6433 avg_loss=0.1450
[2026-06-03 11:30:50] Epoch 10 train batch [1220/1875] loss=0.1738 avg_loss=0.1458
[2026-06-03 11:30:52] Epoch 10 train batch [1240/1875] loss=0.1680 avg_loss=0.1453
[2026-06-03 11:30:54] Epoch 10 train batch [1260/1875] loss=0.2751 avg_loss=0.1452
[2026-06-03 11:30:56] Epoch 10 train batch [1280/1875] loss=0.1781 avg_loss=0.1452
[2026-06-03 11:30:58] Epoch 10 train batch [1300/1875] loss=0.0496 avg_loss=0.1453
[2026-06-03 11:31:00] Epoch 10 train batch [1320/1875] loss=0.0848 avg_loss=0.1455
[2026-06-03 11:31:02] Epoch 10 train batch [1340/1875] loss=0.0940 avg_loss=0.1456
[2026-06-03 11:31:04] Epoch 10 train batch [1360/1875] loss=0.0333 avg_loss=0.1456
[2026-06-03 11:31:07] Epoch 10 train batch [1380/1875] loss=0.0437 avg_loss=0.1452
[2026-06-03 11:31:09] Epoch 10 train batch [1400/1875] loss=0.0769 avg_loss=0.1455
[2026-06-03 11:31:12] Epoch 10 train batch [1420/1875] loss=0.2670 avg_loss=0.1454
[2026-06-03 11:31:14] Epoch 10 train batch [1440/1875] loss=0.0845 avg_loss=0.1453
[2026-06-03 11:31:17] Epoch 10 train batch [1460/1875] loss=0.0940 avg_loss=0.1452
[2026-06-03 11:31:19] Epoch 10 train batch [1480/1875] loss=0.1794 avg_loss=0.1454
[2026-06-03 11:31:22] Epoch 10 train batch [1500/1875] loss=0.1743 avg_loss=0.1456
[2026-06-03 11:31:24] Epoch 10 train batch [1520/1875] loss=0.2016 avg_loss=0.1458
[2026-06-03 11:31:27] Epoch 10 train batch [1540/1875] loss=0.1297 avg_loss=0.1459
[2026-06-03 11:31:29] Epoch 10 train batch [1560/1875] loss=0.0792 avg_loss=0.1458
[2026-06-03 11:31:32] Epoch 10 train batch [1580/1875] loss=0.1878 avg_loss=0.1463
[2026-06-03 11:31:34] Epoch 10 train batch [1600/1875] loss=0.0477 avg_loss=0.1458
[2026-06-03 11:31:36] Epoch 10 train batch [1620/1875] loss=0.0204 avg_loss=0.1455
[2026-06-03 11:31:38] Epoch 10 train batch [1640/1875] loss=0.0448 avg_loss=0.1451
[2026-06-03 11:31:40] Epoch 10 train batch [1660/1875] loss=0.0535 avg_loss=0.1448
[2026-06-03 11:31:42] Epoch 10 train batch [1680/1875] loss=0.1779 avg_loss=0.1448
[2026-06-03 11:31:44] Epoch 10 train batch [1700/1875] loss=0.0732 avg_loss=0.1445
[2026-06-03 11:31:46] Epoch 10 train batch [1720/1875] loss=0.0107 avg_loss=0.1445
[2026-06-03 11:31:48] Epoch 10 train batch [1740/1875] loss=0.0832 avg_loss=0.1442
[2026-06-03 11:31:51] Epoch 10 train batch [1760/1875] loss=0.0592 avg_loss=0.1441
[2026-06-03 11:31:53] Epoch 10 train batch [1780/1875] loss=0.1434 avg_loss=0.1442
[2026-06-03 11:31:55] Epoch 10 train batch [1800/1875] loss=0.2314 avg_loss=0.1441
[2026-06-03 11:31:57] Epoch 10 train batch [1820/1875] loss=0.3200 avg_loss=0.1444
[2026-06-03 11:31:59] Epoch 10 train batch [1840/1875] loss=0.2638 avg_loss=0.1442
[2026-06-03 11:32:01] Epoch 10 train batch [1860/1875] loss=0.1015 avg_loss=0.1443
[2026-06-03 11:32:02] Epoch 10 train batch [1875/1875] loss=0.2768 avg_loss=0.1447
[2026-06-03 11:32:02] Epoch 10 training completed. Computing validation loss.
[2026-06-03 11:32:21] Epoch 10 validation loss completed: 0.1832. Computing detection metrics.
[2026-06-03 11:32:39] Epoch 10 metrics computed. Saving artifacts.
[2026-06-03 11:32:41] Epoch 10 improved mAP@0.5 to 0.7858. Saved best checkpoint: best_model-20260603-105134.pth.
Epoch [10/30]
├── Train Loss : 0.1447
│   ├── loss_classifier  : 0.0461
│   ├── loss_box_reg     : 0.0890
│   ├── loss_objectness  : 0.0048
│   └── loss_rpn_box_reg : 0.0047
├── Val Loss   : 0.1832
├── mAP@0.5    : 0.7858
├── mAP@0.75   : 0.4334
├── mAP@0.5:0.95 : 0.4401
├── Precision  : 0.5039
├── Recall     : 0.8669
├── GT Boxes   : 2021
├── Predictions: 3477
├── Per-class AP
│   ├── person  : AP50=0.8443, AP75=0.4695, AP50:95=0.4722, P=0.5550, R=0.8883
│   ├── car     : AP50=0.7655, AP75=0.4151, AP50:95=0.4243, P=0.3674, R=0.8763
│   ├── dog     : AP50=0.8405, AP75=0.5285, AP50:95=0.5135, P=0.6013, R=0.8786
│   ├── cat     : AP50=0.9147, AP75=0.5785, AP50:95=0.5369, P=0.7333, R=0.9375
│   └── chair   : AP50=0.5640, AP75=0.1752, AP50:95=0.2535, P=0.3662, R=0.7234
├── LR         : 0.001000
└── Time       : 249.7s
[2026-06-03 11:32:41] Epoch [10/30] completed.
[2026-06-03 11:32:41] Epoch [11/30] started.
[2026-06-03 11:32:43] Epoch 11 train batch [20/1875] loss=0.1779 avg_loss=0.1068
[2026-06-03 11:32:45] Epoch 11 train batch [40/1875] loss=0.3255 avg_loss=0.1178
[2026-06-03 11:32:48] Epoch 11 train batch [60/1875] loss=0.2030 avg_loss=0.1316
[2026-06-03 11:32:50] Epoch 11 train batch [80/1875] loss=0.1797 avg_loss=0.1315
[2026-06-03 11:32:52] Epoch 11 train batch [100/1875] loss=0.0587 avg_loss=0.1313
[2026-06-03 11:32:54] Epoch 11 train batch [120/1875] loss=0.3002 avg_loss=0.1405
[2026-06-03 11:32:56] Epoch 11 train batch [140/1875] loss=0.2345 avg_loss=0.1405
[2026-06-03 11:32:58] Epoch 11 train batch [160/1875] loss=0.1214 avg_loss=0.1391
[2026-06-03 11:33:00] Epoch 11 train batch [180/1875] loss=0.2312 avg_loss=0.1418
[2026-06-03 11:33:02] Epoch 11 train batch [200/1875] loss=0.2552 avg_loss=0.1454
[2026-06-03 11:33:04] Epoch 11 train batch [220/1875] loss=0.1277 avg_loss=0.1439
[2026-06-03 11:33:06] Epoch 11 train batch [240/1875] loss=0.0675 avg_loss=0.1450
[2026-06-03 11:33:08] Epoch 11 train batch [260/1875] loss=0.0087 avg_loss=0.1424
[2026-06-03 11:33:10] Epoch 11 train batch [280/1875] loss=0.0526 avg_loss=0.1420
[2026-06-03 11:33:12] Epoch 11 train batch [300/1875] loss=0.2142 avg_loss=0.1435
[2026-06-03 11:33:15] Epoch 11 train batch [320/1875] loss=0.1318 avg_loss=0.1451
[2026-06-03 11:33:17] Epoch 11 train batch [340/1875] loss=0.2613 avg_loss=0.1455
[2026-06-03 11:33:19] Epoch 11 train batch [360/1875] loss=0.0664 avg_loss=0.1469
[2026-06-03 11:33:21] Epoch 11 train batch [380/1875] loss=0.0486 avg_loss=0.1456
[2026-06-03 11:33:23] Epoch 11 train batch [400/1875] loss=0.0197 avg_loss=0.1440
[2026-06-03 11:33:25] Epoch 11 train batch [420/1875] loss=0.1737 avg_loss=0.1439
[2026-06-03 11:33:27] Epoch 11 train batch [440/1875] loss=0.4094 avg_loss=0.1447
[2026-06-03 11:33:29] Epoch 11 train batch [460/1875] loss=0.4217 avg_loss=0.1434
[2026-06-03 11:33:31] Epoch 11 train batch [480/1875] loss=0.0705 avg_loss=0.1432
[2026-06-03 11:33:34] Epoch 11 train batch [500/1875] loss=0.0651 avg_loss=0.1420
[2026-06-03 11:33:36] Epoch 11 train batch [520/1875] loss=0.1225 avg_loss=0.1416
[2026-06-03 11:33:38] Epoch 11 train batch [540/1875] loss=0.1025 avg_loss=0.1406
[2026-06-03 11:33:40] Epoch 11 train batch [560/1875] loss=0.1831 avg_loss=0.1402
[2026-06-03 11:33:42] Epoch 11 train batch [580/1875] loss=0.0713 avg_loss=0.1399
[2026-06-03 11:33:44] Epoch 11 train batch [600/1875] loss=0.1320 avg_loss=0.1394
[2026-06-03 11:33:47] Epoch 11 train batch [620/1875] loss=0.1288 avg_loss=0.1395
[2026-06-03 11:33:49] Epoch 11 train batch [640/1875] loss=0.2999 avg_loss=0.1390
[2026-06-03 11:33:51] Epoch 11 train batch [660/1875] loss=0.3121 avg_loss=0.1390
[2026-06-03 11:33:53] Epoch 11 train batch [680/1875] loss=0.0710 avg_loss=0.1392
[2026-06-03 11:33:55] Epoch 11 train batch [700/1875] loss=0.2783 avg_loss=0.1393
[2026-06-03 11:33:57] Epoch 11 train batch [720/1875] loss=0.1647 avg_loss=0.1390
[2026-06-03 11:33:59] Epoch 11 train batch [740/1875] loss=0.2058 avg_loss=0.1387
[2026-06-03 11:34:01] Epoch 11 train batch [760/1875] loss=0.2718 avg_loss=0.1383
[2026-06-03 11:34:03] Epoch 11 train batch [780/1875] loss=0.1783 avg_loss=0.1381
[2026-06-03 11:34:05] Epoch 11 train batch [800/1875] loss=0.0016 avg_loss=0.1383
[2026-06-03 11:34:08] Epoch 11 train batch [820/1875] loss=0.1402 avg_loss=0.1384
[2026-06-03 11:34:10] Epoch 11 train batch [840/1875] loss=0.0318 avg_loss=0.1384
[2026-06-03 11:34:12] Epoch 11 train batch [860/1875] loss=0.2227 avg_loss=0.1384
[2026-06-03 11:34:14] Epoch 11 train batch [880/1875] loss=0.2862 avg_loss=0.1388
[2026-06-03 11:34:16] Epoch 11 train batch [900/1875] loss=0.1125 avg_loss=0.1388
[2026-06-03 11:34:18] Epoch 11 train batch [920/1875] loss=0.0970 avg_loss=0.1391
[2026-06-03 11:34:20] Epoch 11 train batch [940/1875] loss=0.0523 avg_loss=0.1390
[2026-06-03 11:34:22] Epoch 11 train batch [960/1875] loss=0.0877 avg_loss=0.1392
[2026-06-03 11:34:24] Epoch 11 train batch [980/1875] loss=0.2648 avg_loss=0.1395
[2026-06-03 11:34:26] Epoch 11 train batch [1000/1875] loss=0.0739 avg_loss=0.1390
[2026-06-03 11:34:28] Epoch 11 train batch [1020/1875] loss=0.1289 avg_loss=0.1391
[2026-06-03 11:34:30] Epoch 11 train batch [1040/1875] loss=0.0616 avg_loss=0.1388
[2026-06-03 11:34:32] Epoch 11 train batch [1060/1875] loss=0.1058 avg_loss=0.1388
[2026-06-03 11:34:35] Epoch 11 train batch [1080/1875] loss=0.1679 avg_loss=0.1392
[2026-06-03 11:34:37] Epoch 11 train batch [1100/1875] loss=0.1785 avg_loss=0.1389
[2026-06-03 11:34:39] Epoch 11 train batch [1120/1875] loss=0.0534 avg_loss=0.1385
[2026-06-03 11:34:41] Epoch 11 train batch [1140/1875] loss=0.1655 avg_loss=0.1379
[2026-06-03 11:34:43] Epoch 11 train batch [1160/1875] loss=0.0861 avg_loss=0.1383
[2026-06-03 11:34:45] Epoch 11 train batch [1180/1875] loss=0.1036 avg_loss=0.1382
[2026-06-03 11:34:47] Epoch 11 train batch [1200/1875] loss=0.1128 avg_loss=0.1385
[2026-06-03 11:34:49] Epoch 11 train batch [1220/1875] loss=0.0366 avg_loss=0.1387
[2026-06-03 11:34:51] Epoch 11 train batch [1240/1875] loss=0.0310 avg_loss=0.1386
[2026-06-03 11:34:53] Epoch 11 train batch [1260/1875] loss=0.1822 avg_loss=0.1385
[2026-06-03 11:34:55] Epoch 11 train batch [1280/1875] loss=0.1533 avg_loss=0.1386
[2026-06-03 11:34:57] Epoch 11 train batch [1300/1875] loss=0.0633 avg_loss=0.1388
[2026-06-03 11:34:59] Epoch 11 train batch [1320/1875] loss=0.1424 avg_loss=0.1388
[2026-06-03 11:35:01] Epoch 11 train batch [1340/1875] loss=0.0579 avg_loss=0.1387
[2026-06-03 11:35:04] Epoch 11 train batch [1360/1875] loss=0.1374 avg_loss=0.1390
[2026-06-03 11:35:06] Epoch 11 train batch [1380/1875] loss=0.0384 avg_loss=0.1388
[2026-06-03 11:35:08] Epoch 11 train batch [1400/1875] loss=0.0563 avg_loss=0.1385
[2026-06-03 11:35:10] Epoch 11 train batch [1420/1875] loss=0.2680 avg_loss=0.1387
[2026-06-03 11:35:12] Epoch 11 train batch [1440/1875] loss=0.2410 avg_loss=0.1388
[2026-06-03 11:35:14] Epoch 11 train batch [1460/1875] loss=0.0399 avg_loss=0.1385
[2026-06-03 11:35:16] Epoch 11 train batch [1480/1875] loss=0.0346 avg_loss=0.1383
[2026-06-03 11:35:18] Epoch 11 train batch [1500/1875] loss=0.0424 avg_loss=0.1380
[2026-06-03 11:35:20] Epoch 11 train batch [1520/1875] loss=0.1186 avg_loss=0.1380
[2026-06-03 11:35:22] Epoch 11 train batch [1540/1875] loss=0.0324 avg_loss=0.1380
[2026-06-03 11:35:24] Epoch 11 train batch [1560/1875] loss=0.1495 avg_loss=0.1379
[2026-06-03 11:35:26] Epoch 11 train batch [1580/1875] loss=0.1976 avg_loss=0.1378
[2026-06-03 11:35:28] Epoch 11 train batch [1600/1875] loss=0.0250 avg_loss=0.1378
[2026-06-03 11:35:30] Epoch 11 train batch [1620/1875] loss=0.0563 avg_loss=0.1377
[2026-06-03 11:35:33] Epoch 11 train batch [1640/1875] loss=0.2659 avg_loss=0.1379
[2026-06-03 11:35:35] Epoch 11 train batch [1660/1875] loss=0.0980 avg_loss=0.1379
[2026-06-03 11:35:37] Epoch 11 train batch [1680/1875] loss=0.1576 avg_loss=0.1380
[2026-06-03 11:35:39] Epoch 11 train batch [1700/1875] loss=0.1865 avg_loss=0.1384
[2026-06-03 11:35:41] Epoch 11 train batch [1720/1875] loss=0.0661 avg_loss=0.1383
[2026-06-03 11:35:43] Epoch 11 train batch [1740/1875] loss=0.1605 avg_loss=0.1378
[2026-06-03 11:35:45] Epoch 11 train batch [1760/1875] loss=0.2299 avg_loss=0.1379
[2026-06-03 11:35:47] Epoch 11 train batch [1780/1875] loss=0.1374 avg_loss=0.1380
[2026-06-03 11:35:50] Epoch 11 train batch [1800/1875] loss=0.0798 avg_loss=0.1378
[2026-06-03 11:35:52] Epoch 11 train batch [1820/1875] loss=0.1540 avg_loss=0.1375
[2026-06-03 11:35:55] Epoch 11 train batch [1840/1875] loss=0.0419 avg_loss=0.1378
[2026-06-03 11:35:58] Epoch 11 train batch [1860/1875] loss=0.0997 avg_loss=0.1377
[2026-06-03 11:36:00] Epoch 11 train batch [1875/1875] loss=0.0637 avg_loss=0.1377
[2026-06-03 11:36:00] Epoch 11 training completed. Computing validation loss.
[2026-06-03 11:36:22] Epoch 11 validation loss completed: 0.1813. Computing detection metrics.
[2026-06-03 11:36:40] Epoch 11 metrics computed. Saving artifacts.
[2026-06-03 11:36:41] Epoch 11 did not improve mAP@0.5 enough. Early stopping counter: 1/7.
Epoch [11/30]
├── Train Loss : 0.1377
│   ├── loss_classifier  : 0.0434
│   ├── loss_box_reg     : 0.0855
│   ├── loss_objectness  : 0.0043
│   └── loss_rpn_box_reg : 0.0045
├── Val Loss   : 0.1813
├── mAP@0.5    : 0.7808
├── mAP@0.75   : 0.4948
├── mAP@0.5:0.95 : 0.4614
├── Precision  : 0.6191
├── Recall     : 0.8436
├── GT Boxes   : 2021
├── Predictions: 2754
├── Per-class AP
│   ├── person  : AP50=0.8395, AP75=0.5185, AP50:95=0.4956, P=0.6620, R=0.8715
│   ├── car     : AP50=0.7463, AP75=0.4328, AP50:95=0.4112, P=0.5053, R=0.8375
│   ├── dog     : AP50=0.8472, AP75=0.6633, AP50:95=0.5577, P=0.7317, R=0.8738
│   ├── cat     : AP50=0.8813, AP75=0.6382, AP50:95=0.5501, P=0.8771, R=0.8920
│   └── chair   : AP50=0.5897, AP75=0.2215, AP50:95=0.2923, P=0.4372, R=0.6915
├── LR         : 0.001000
└── Time       : 238.9s
[2026-06-03 11:36:41] Epoch [11/30] completed.
[2026-06-03 11:36:41] Epoch [12/30] started.
[2026-06-03 11:36:44] Epoch 12 train batch [20/1875] loss=0.0271 avg_loss=0.1224
[2026-06-03 11:36:46] Epoch 12 train batch [40/1875] loss=0.1552 avg_loss=0.1182
[2026-06-03 11:36:48] Epoch 12 train batch [60/1875] loss=0.1004 avg_loss=0.1221
[2026-06-03 11:36:50] Epoch 12 train batch [80/1875] loss=0.2577 avg_loss=0.1286
[2026-06-03 11:36:52] Epoch 12 train batch [100/1875] loss=0.3655 avg_loss=0.1303
[2026-06-03 11:36:54] Epoch 12 train batch [120/1875] loss=0.0979 avg_loss=0.1315
[2026-06-03 11:36:56] Epoch 12 train batch [140/1875] loss=0.0994 avg_loss=0.1287
[2026-06-03 11:36:58] Epoch 12 train batch [160/1875] loss=0.0223 avg_loss=0.1293
[2026-06-03 11:37:00] Epoch 12 train batch [180/1875] loss=0.2145 avg_loss=0.1323
[2026-06-03 11:37:02] Epoch 12 train batch [200/1875] loss=0.1183 avg_loss=0.1328
[2026-06-03 11:37:05] Epoch 12 train batch [220/1875] loss=0.2190 avg_loss=0.1315
[2026-06-03 11:37:07] Epoch 12 train batch [240/1875] loss=0.0523 avg_loss=0.1309
[2026-06-03 11:37:09] Epoch 12 train batch [260/1875] loss=0.1285 avg_loss=0.1311
[2026-06-03 11:37:12] Epoch 12 train batch [280/1875] loss=0.2034 avg_loss=0.1343
[2026-06-03 11:37:14] Epoch 12 train batch [300/1875] loss=0.1182 avg_loss=0.1346
[2026-06-03 11:37:17] Epoch 12 train batch [320/1875] loss=0.0941 avg_loss=0.1338
[2026-06-03 11:37:19] Epoch 12 train batch [340/1875] loss=0.1158 avg_loss=0.1353
[2026-06-03 11:37:22] Epoch 12 train batch [360/1875] loss=0.0657 avg_loss=0.1370
[2026-06-03 11:37:24] Epoch 12 train batch [380/1875] loss=0.2353 avg_loss=0.1383
[2026-06-03 11:37:27] Epoch 12 train batch [400/1875] loss=0.0103 avg_loss=0.1379
[2026-06-03 11:37:29] Epoch 12 train batch [420/1875] loss=0.0123 avg_loss=0.1381
[2026-06-03 11:37:32] Epoch 12 train batch [440/1875] loss=0.0783 avg_loss=0.1376
[2026-06-03 11:37:34] Epoch 12 train batch [460/1875] loss=0.0425 avg_loss=0.1358
[2026-06-03 11:37:36] Epoch 12 train batch [480/1875] loss=0.0830 avg_loss=0.1355
[2026-06-03 11:37:38] Epoch 12 train batch [500/1875] loss=0.1955 avg_loss=0.1352
[2026-06-03 11:37:40] Epoch 12 train batch [520/1875] loss=0.0687 avg_loss=0.1345
[2026-06-03 11:37:42] Epoch 12 train batch [540/1875] loss=0.0302 avg_loss=0.1347
[2026-06-03 11:37:44] Epoch 12 train batch [560/1875] loss=0.0348 avg_loss=0.1348
[2026-06-03 11:37:46] Epoch 12 train batch [580/1875] loss=0.0159 avg_loss=0.1352
[2026-06-03 11:37:48] Epoch 12 train batch [600/1875] loss=0.1080 avg_loss=0.1358
[2026-06-03 11:37:50] Epoch 12 train batch [620/1875] loss=0.0522 avg_loss=0.1356
[2026-06-03 11:37:52] Epoch 12 train batch [640/1875] loss=0.0414 avg_loss=0.1358
[2026-06-03 11:37:54] Epoch 12 train batch [660/1875] loss=0.0328 avg_loss=0.1356
[2026-06-03 11:37:57] Epoch 12 train batch [680/1875] loss=0.0814 avg_loss=0.1351
[2026-06-03 11:37:59] Epoch 12 train batch [700/1875] loss=0.1010 avg_loss=0.1354
[2026-06-03 11:38:01] Epoch 12 train batch [720/1875] loss=0.1224 avg_loss=0.1357
[2026-06-03 11:38:03] Epoch 12 train batch [740/1875] loss=0.0644 avg_loss=0.1357
[2026-06-03 11:38:05] Epoch 12 train batch [760/1875] loss=0.0756 avg_loss=0.1352
[2026-06-03 11:38:07] Epoch 12 train batch [780/1875] loss=0.0480 avg_loss=0.1360
[2026-06-03 11:38:09] Epoch 12 train batch [800/1875] loss=0.0414 avg_loss=0.1352
[2026-06-03 11:38:12] Epoch 12 train batch [820/1875] loss=0.1090 avg_loss=0.1350
[2026-06-03 11:38:14] Epoch 12 train batch [840/1875] loss=0.0957 avg_loss=0.1350
[2026-06-03 11:38:16] Epoch 12 train batch [860/1875] loss=0.2818 avg_loss=0.1356
[2026-06-03 11:38:18] Epoch 12 train batch [880/1875] loss=0.1172 avg_loss=0.1353
[2026-06-03 11:38:20] Epoch 12 train batch [900/1875] loss=0.1061 avg_loss=0.1343
[2026-06-03 11:38:22] Epoch 12 train batch [920/1875] loss=0.0305 avg_loss=0.1339
[2026-06-03 11:38:24] Epoch 12 train batch [940/1875] loss=0.1648 avg_loss=0.1338
[2026-06-03 11:38:26] Epoch 12 train batch [960/1875] loss=0.1212 avg_loss=0.1336
[2026-06-03 11:38:28] Epoch 12 train batch [980/1875] loss=0.0454 avg_loss=0.1335
[2026-06-03 11:38:30] Epoch 12 train batch [1000/1875] loss=0.3357 avg_loss=0.1336
[2026-06-03 11:38:32] Epoch 12 train batch [1020/1875] loss=0.1521 avg_loss=0.1336
[2026-06-03 11:38:34] Epoch 12 train batch [1040/1875] loss=0.1064 avg_loss=0.1332
[2026-06-03 11:38:37] Epoch 12 train batch [1060/1875] loss=0.0860 avg_loss=0.1334
[2026-06-03 11:38:39] Epoch 12 train batch [1080/1875] loss=0.0498 avg_loss=0.1338
[2026-06-03 11:38:41] Epoch 12 train batch [1100/1875] loss=0.0842 avg_loss=0.1342
[2026-06-03 11:38:43] Epoch 12 train batch [1120/1875] loss=0.2235 avg_loss=0.1342
[2026-06-03 11:38:45] Epoch 12 train batch [1140/1875] loss=0.1622 avg_loss=0.1342
[2026-06-03 11:38:47] Epoch 12 train batch [1160/1875] loss=0.3032 avg_loss=0.1339
[2026-06-03 11:38:49] Epoch 12 train batch [1180/1875] loss=0.1299 avg_loss=0.1334
[2026-06-03 11:38:51] Epoch 12 train batch [1200/1875] loss=0.0204 avg_loss=0.1335
[2026-06-03 11:38:53] Epoch 12 train batch [1220/1875] loss=0.1230 avg_loss=0.1334
[2026-06-03 11:38:56] Epoch 12 train batch [1240/1875] loss=0.1441 avg_loss=0.1336
[2026-06-03 11:38:58] Epoch 12 train batch [1260/1875] loss=0.2369 avg_loss=0.1340
[2026-06-03 11:39:00] Epoch 12 train batch [1280/1875] loss=0.0701 avg_loss=0.1334
[2026-06-03 11:39:02] Epoch 12 train batch [1300/1875] loss=0.2132 avg_loss=0.1330
[2026-06-03 11:39:04] Epoch 12 train batch [1320/1875] loss=0.1962 avg_loss=0.1332
[2026-06-03 11:39:06] Epoch 12 train batch [1340/1875] loss=0.0459 avg_loss=0.1330
[2026-06-03 11:39:08] Epoch 12 train batch [1360/1875] loss=0.1090 avg_loss=0.1330
[2026-06-03 11:39:10] Epoch 12 train batch [1380/1875] loss=0.1454 avg_loss=0.1329
[2026-06-03 11:39:12] Epoch 12 train batch [1400/1875] loss=0.0152 avg_loss=0.1327
[2026-06-03 11:39:14] Epoch 12 train batch [1420/1875] loss=0.0495 avg_loss=0.1325
[2026-06-03 11:39:16] Epoch 12 train batch [1440/1875] loss=0.1202 avg_loss=0.1324
[2026-06-03 11:39:19] Epoch 12 train batch [1460/1875] loss=0.1699 avg_loss=0.1326
[2026-06-03 11:39:21] Epoch 12 train batch [1480/1875] loss=0.0558 avg_loss=0.1328
[2026-06-03 11:39:23] Epoch 12 train batch [1500/1875] loss=0.2302 avg_loss=0.1329
[2026-06-03 11:39:25] Epoch 12 train batch [1520/1875] loss=0.0429 avg_loss=0.1327
[2026-06-03 11:39:27] Epoch 12 train batch [1540/1875] loss=0.0742 avg_loss=0.1327
[2026-06-03 11:39:29] Epoch 12 train batch [1560/1875] loss=0.0986 avg_loss=0.1328
[2026-06-03 11:39:31] Epoch 12 train batch [1580/1875] loss=0.1129 avg_loss=0.1325
[2026-06-03 11:39:33] Epoch 12 train batch [1600/1875] loss=0.1866 avg_loss=0.1328
[2026-06-03 11:39:35] Epoch 12 train batch [1620/1875] loss=0.0023 avg_loss=0.1329
[2026-06-03 11:39:37] Epoch 12 train batch [1640/1875] loss=0.1681 avg_loss=0.1326
[2026-06-03 11:39:39] Epoch 12 train batch [1660/1875] loss=0.2733 avg_loss=0.1327
[2026-06-03 11:39:41] Epoch 12 train batch [1680/1875] loss=0.2544 avg_loss=0.1323
[2026-06-03 11:39:44] Epoch 12 train batch [1700/1875] loss=0.3639 avg_loss=0.1327
[2026-06-03 11:39:46] Epoch 12 train batch [1720/1875] loss=0.1303 avg_loss=0.1328
[2026-06-03 11:39:48] Epoch 12 train batch [1740/1875] loss=0.0763 avg_loss=0.1329
[2026-06-03 11:39:50] Epoch 12 train batch [1760/1875] loss=0.2082 avg_loss=0.1326
[2026-06-03 11:39:52] Epoch 12 train batch [1780/1875] loss=0.5096 avg_loss=0.1326
[2026-06-03 11:39:54] Epoch 12 train batch [1800/1875] loss=0.1036 avg_loss=0.1327
[2026-06-03 11:39:56] Epoch 12 train batch [1820/1875] loss=0.0847 avg_loss=0.1326
[2026-06-03 11:39:58] Epoch 12 train batch [1840/1875] loss=0.0538 avg_loss=0.1323
[2026-06-03 11:40:00] Epoch 12 train batch [1860/1875] loss=0.0608 avg_loss=0.1324
[2026-06-03 11:40:02] Epoch 12 train batch [1875/1875] loss=0.0970 avg_loss=0.1325
[2026-06-03 11:40:02] Epoch 12 training completed. Computing validation loss.
[2026-06-03 11:40:21] Epoch 12 validation loss completed: 0.1740. Computing detection metrics.
[2026-06-03 11:40:39] Epoch 12 metrics computed. Saving artifacts.
[2026-06-03 11:40:41] Epoch 12 did not improve mAP@0.5 enough. Early stopping counter: 2/7.
Epoch [12/30]
├── Train Loss : 0.1325
│   ├── loss_classifier  : 0.0418
│   ├── loss_box_reg     : 0.0824
│   ├── loss_objectness  : 0.0040
│   └── loss_rpn_box_reg : 0.0043
├── Val Loss   : 0.1740
├── mAP@0.5    : 0.7784
├── mAP@0.75   : 0.4589
├── mAP@0.5:0.95 : 0.4451
├── Precision  : 0.5402
├── Recall     : 0.8535
├── GT Boxes   : 2021
├── Predictions: 3193
├── Per-class AP
│   ├── person  : AP50=0.8339, AP75=0.4771, AP50:95=0.4714, P=0.5982, R=0.8762
│   ├── car     : AP50=0.7374, AP75=0.4378, AP50:95=0.4214, P=0.4855, R=0.8304
│   ├── dog     : AP50=0.8720, AP75=0.6061, AP50:95=0.5421, P=0.6339, R=0.9078
│   ├── cat     : AP50=0.8642, AP75=0.6074, AP50:95=0.5328, P=0.7635, R=0.8807
│   └── chair   : AP50=0.5844, AP75=0.1661, AP50:95=0.2579, P=0.3245, R=0.7340
├── LR         : 0.001000
└── Time       : 237.4s
[2026-06-03 11:40:41] Epoch [12/30] completed.
[2026-06-03 11:40:41] Epoch [13/30] started.
[2026-06-03 11:40:43] Epoch 13 train batch [20/1875] loss=0.1277 avg_loss=0.1101
[2026-06-03 11:40:45] Epoch 13 train batch [40/1875] loss=0.2774 avg_loss=0.1143
[2026-06-03 11:40:47] Epoch 13 train batch [60/1875] loss=0.0922 avg_loss=0.1274
[2026-06-03 11:40:49] Epoch 13 train batch [80/1875] loss=0.0616 avg_loss=0.1284
[2026-06-03 11:40:51] Epoch 13 train batch [100/1875] loss=0.1485 avg_loss=0.1288
[2026-06-03 11:40:53] Epoch 13 train batch [120/1875] loss=0.0507 avg_loss=0.1272
[2026-06-03 11:40:56] Epoch 13 train batch [140/1875] loss=0.1282 avg_loss=0.1282
[2026-06-03 11:40:58] Epoch 13 train batch [160/1875] loss=0.1174 avg_loss=0.1285
[2026-06-03 11:41:00] Epoch 13 train batch [180/1875] loss=0.0927 avg_loss=0.1286
[2026-06-03 11:41:02] Epoch 13 train batch [200/1875] loss=0.2142 avg_loss=0.1303
[2026-06-03 11:41:04] Epoch 13 train batch [220/1875] loss=0.0504 avg_loss=0.1294
[2026-06-03 11:41:06] Epoch 13 train batch [240/1875] loss=0.2182 avg_loss=0.1283
[2026-06-03 11:41:08] Epoch 13 train batch [260/1875] loss=0.0172 avg_loss=0.1264
[2026-06-03 11:41:10] Epoch 13 train batch [280/1875] loss=0.0802 avg_loss=0.1258
[2026-06-03 11:41:12] Epoch 13 train batch [300/1875] loss=0.0857 avg_loss=0.1265
[2026-06-03 11:41:14] Epoch 13 train batch [320/1875] loss=0.0368 avg_loss=0.1250
[2026-06-03 11:41:17] Epoch 13 train batch [340/1875] loss=0.2747 avg_loss=0.1266
[2026-06-03 11:41:19] Epoch 13 train batch [360/1875] loss=0.0259 avg_loss=0.1280
[2026-06-03 11:41:22] Epoch 13 train batch [380/1875] loss=0.2418 avg_loss=0.1283
[2026-06-03 11:41:24] Epoch 13 train batch [400/1875] loss=0.0888 avg_loss=0.1288
[2026-06-03 11:41:27] Epoch 13 train batch [420/1875] loss=0.0815 avg_loss=0.1290
[2026-06-03 11:41:29] Epoch 13 train batch [440/1875] loss=0.1186 avg_loss=0.1289
[2026-06-03 11:41:32] Epoch 13 train batch [460/1875] loss=0.1353 avg_loss=0.1280
[2026-06-03 11:41:34] Epoch 13 train batch [480/1875] loss=0.2258 avg_loss=0.1284
[2026-06-03 11:41:37] Epoch 13 train batch [500/1875] loss=0.0196 avg_loss=0.1289
[2026-06-03 11:41:39] Epoch 13 train batch [520/1875] loss=0.1819 avg_loss=0.1283
[2026-06-03 11:41:42] Epoch 13 train batch [540/1875] loss=0.2537 avg_loss=0.1287
[2026-06-03 11:41:44] Epoch 13 train batch [560/1875] loss=0.1378 avg_loss=0.1290
[2026-06-03 11:41:46] Epoch 13 train batch [580/1875] loss=0.1932 avg_loss=0.1284
[2026-06-03 11:41:48] Epoch 13 train batch [600/1875] loss=0.0871 avg_loss=0.1295
[2026-06-03 11:41:50] Epoch 13 train batch [620/1875] loss=0.2470 avg_loss=0.1293
[2026-06-03 11:41:52] Epoch 13 train batch [640/1875] loss=0.0190 avg_loss=0.1294
[2026-06-03 11:41:54] Epoch 13 train batch [660/1875] loss=0.0283 avg_loss=0.1296
[2026-06-03 11:41:56] Epoch 13 train batch [680/1875] loss=0.0386 avg_loss=0.1289
[2026-06-03 11:41:58] Epoch 13 train batch [700/1875] loss=0.0596 avg_loss=0.1282
[2026-06-03 11:42:00] Epoch 13 train batch [720/1875] loss=0.2309 avg_loss=0.1281
[2026-06-03 11:42:03] Epoch 13 train batch [740/1875] loss=0.1231 avg_loss=0.1275
[2026-06-03 11:42:05] Epoch 13 train batch [760/1875] loss=0.0653 avg_loss=0.1268
[2026-06-03 11:42:07] Epoch 13 train batch [780/1875] loss=0.0187 avg_loss=0.1269
[2026-06-03 11:42:09] Epoch 13 train batch [800/1875] loss=0.2277 avg_loss=0.1275
[2026-06-03 11:42:11] Epoch 13 train batch [820/1875] loss=0.2538 avg_loss=0.1275
[2026-06-03 11:42:13] Epoch 13 train batch [840/1875] loss=0.0297 avg_loss=0.1271
[2026-06-03 11:42:15] Epoch 13 train batch [860/1875] loss=0.2518 avg_loss=0.1268
[2026-06-03 11:42:17] Epoch 13 train batch [880/1875] loss=0.1877 avg_loss=0.1273
[2026-06-03 11:42:19] Epoch 13 train batch [900/1875] loss=0.1897 avg_loss=0.1270
[2026-06-03 11:42:21] Epoch 13 train batch [920/1875] loss=0.2430 avg_loss=0.1274
[2026-06-03 11:42:24] Epoch 13 train batch [940/1875] loss=0.0819 avg_loss=0.1269
[2026-06-03 11:42:26] Epoch 13 train batch [960/1875] loss=0.0804 avg_loss=0.1266
[2026-06-03 11:42:28] Epoch 13 train batch [980/1875] loss=0.1194 avg_loss=0.1267
[2026-06-03 11:42:30] Epoch 13 train batch [1000/1875] loss=0.1411 avg_loss=0.1266
[2026-06-03 11:42:32] Epoch 13 train batch [1020/1875] loss=0.0899 avg_loss=0.1267
[2026-06-03 11:42:34] Epoch 13 train batch [1040/1875] loss=0.0173 avg_loss=0.1267
[2026-06-03 11:42:36] Epoch 13 train batch [1060/1875] loss=0.3595 avg_loss=0.1274
[2026-06-03 11:42:38] Epoch 13 train batch [1080/1875] loss=0.0783 avg_loss=0.1276
[2026-06-03 11:42:40] Epoch 13 train batch [1100/1875] loss=0.2131 avg_loss=0.1279
[2026-06-03 11:42:43] Epoch 13 train batch [1120/1875] loss=0.0530 avg_loss=0.1279
[2026-06-03 11:42:45] Epoch 13 train batch [1140/1875] loss=0.1630 avg_loss=0.1279
[2026-06-03 11:42:47] Epoch 13 train batch [1160/1875] loss=0.0643 avg_loss=0.1277
[2026-06-03 11:42:49] Epoch 13 train batch [1180/1875] loss=0.1319 avg_loss=0.1273
[2026-06-03 11:42:51] Epoch 13 train batch [1200/1875] loss=0.0493 avg_loss=0.1273
[2026-06-03 11:42:53] Epoch 13 train batch [1220/1875] loss=0.0916 avg_loss=0.1272
[2026-06-03 11:42:56] Epoch 13 train batch [1240/1875] loss=0.3032 avg_loss=0.1279
[2026-06-03 11:42:58] Epoch 13 train batch [1260/1875] loss=0.2096 avg_loss=0.1278
[2026-06-03 11:43:00] Epoch 13 train batch [1280/1875] loss=0.0295 avg_loss=0.1278
[2026-06-03 11:43:02] Epoch 13 train batch [1300/1875] loss=0.1406 avg_loss=0.1278
[2026-06-03 11:43:04] Epoch 13 train batch [1320/1875] loss=0.1034 avg_loss=0.1275
[2026-06-03 11:43:06] Epoch 13 train batch [1340/1875] loss=0.1754 avg_loss=0.1273
[2026-06-03 11:43:08] Epoch 13 train batch [1360/1875] loss=0.0824 avg_loss=0.1269
[2026-06-03 11:43:10] Epoch 13 train batch [1380/1875] loss=0.0525 avg_loss=0.1266
[2026-06-03 11:43:12] Epoch 13 train batch [1400/1875] loss=0.0512 avg_loss=0.1264
[2026-06-03 11:43:14] Epoch 13 train batch [1420/1875] loss=0.0704 avg_loss=0.1260
[2026-06-03 11:43:16] Epoch 13 train batch [1440/1875] loss=0.0363 avg_loss=0.1259
[2026-06-03 11:43:18] Epoch 13 train batch [1460/1875] loss=0.0375 avg_loss=0.1262
[2026-06-03 11:43:21] Epoch 13 train batch [1480/1875] loss=0.0625 avg_loss=0.1265
[2026-06-03 11:43:23] Epoch 13 train batch [1500/1875] loss=0.2051 avg_loss=0.1262
[2026-06-03 11:43:25] Epoch 13 train batch [1520/1875] loss=0.0272 avg_loss=0.1265
[2026-06-03 11:43:27] Epoch 13 train batch [1540/1875] loss=0.0232 avg_loss=0.1266
[2026-06-03 11:43:29] Epoch 13 train batch [1560/1875] loss=0.0843 avg_loss=0.1265
[2026-06-03 11:43:31] Epoch 13 train batch [1580/1875] loss=0.1444 avg_loss=0.1267
[2026-06-03 11:43:33] Epoch 13 train batch [1600/1875] loss=0.3571 avg_loss=0.1267
[2026-06-03 11:43:35] Epoch 13 train batch [1620/1875] loss=0.0439 avg_loss=0.1268
[2026-06-03 11:43:37] Epoch 13 train batch [1640/1875] loss=0.0946 avg_loss=0.1267
[2026-06-03 11:43:40] Epoch 13 train batch [1660/1875] loss=0.2231 avg_loss=0.1265
[2026-06-03 11:43:42] Epoch 13 train batch [1680/1875] loss=0.1393 avg_loss=0.1269
[2026-06-03 11:43:44] Epoch 13 train batch [1700/1875] loss=0.0710 avg_loss=0.1265
[2026-06-03 11:43:46] Epoch 13 train batch [1720/1875] loss=0.1517 avg_loss=0.1267
[2026-06-03 11:43:48] Epoch 13 train batch [1740/1875] loss=0.1338 avg_loss=0.1269
[2026-06-03 11:43:50] Epoch 13 train batch [1760/1875] loss=0.1269 avg_loss=0.1266
[2026-06-03 11:43:52] Epoch 13 train batch [1780/1875] loss=0.0827 avg_loss=0.1267
[2026-06-03 11:43:54] Epoch 13 train batch [1800/1875] loss=0.0670 avg_loss=0.1265
[2026-06-03 11:43:56] Epoch 13 train batch [1820/1875] loss=0.0096 avg_loss=0.1265
[2026-06-03 11:43:58] Epoch 13 train batch [1840/1875] loss=0.1164 avg_loss=0.1264
[2026-06-03 11:44:00] Epoch 13 train batch [1860/1875] loss=0.3463 avg_loss=0.1265
[2026-06-03 11:44:02] Epoch 13 train batch [1875/1875] loss=0.0178 avg_loss=0.1265
[2026-06-03 11:44:02] Epoch 13 training completed. Computing validation loss.
[2026-06-03 11:44:20] Epoch 13 validation loss completed: 0.1858. Computing detection metrics.
[2026-06-03 11:44:38] Epoch 13 metrics computed. Saving artifacts.
[2026-06-03 11:44:39] Epoch 13 did not improve mAP@0.5 enough. Early stopping counter: 3/7.
Epoch [13/30]
├── Train Loss : 0.1265
│   ├── loss_classifier  : 0.0396
│   ├── loss_box_reg     : 0.0791
│   ├── loss_objectness  : 0.0038
│   └── loss_rpn_box_reg : 0.0042
├── Val Loss   : 0.1858
├── mAP@0.5    : 0.7759
├── mAP@0.75   : 0.4885
├── mAP@0.5:0.95 : 0.4536
├── Precision  : 0.6043
├── Recall     : 0.8412
├── GT Boxes   : 2021
├── Predictions: 2813
├── Per-class AP
│   ├── person  : AP50=0.8257, AP75=0.4640, AP50:95=0.4609, P=0.6937, R=0.8603
│   ├── car     : AP50=0.7581, AP75=0.4626, AP50:95=0.4364, P=0.5098, R=0.8269
│   ├── dog     : AP50=0.8432, AP75=0.6207, AP50:95=0.5301, P=0.5890, R=0.8835
│   ├── cat     : AP50=0.8889, AP75=0.6595, AP50:95=0.5583, P=0.7352, R=0.9148
│   └── chair   : AP50=0.5636, AP75=0.2358, AP50:95=0.2825, P=0.4028, R=0.7057
├── LR         : 0.001000
└── Time       : 237.6s
[2026-06-03 11:44:39] Epoch [13/30] completed.
[2026-06-03 11:44:39] Epoch [14/30] started.
[2026-06-03 11:44:41] Epoch 14 train batch [20/1875] loss=0.1044 avg_loss=0.1413
[2026-06-03 11:44:43] Epoch 14 train batch [40/1875] loss=0.3155 avg_loss=0.1380
[2026-06-03 11:44:45] Epoch 14 train batch [60/1875] loss=0.2404 avg_loss=0.1470
[2026-06-03 11:44:47] Epoch 14 train batch [80/1875] loss=0.0930 avg_loss=0.1421
[2026-06-03 11:44:49] Epoch 14 train batch [100/1875] loss=0.0841 avg_loss=0.1389
[2026-06-03 11:44:51] Epoch 14 train batch [120/1875] loss=0.1590 avg_loss=0.1392
[2026-06-03 11:44:54] Epoch 14 train batch [140/1875] loss=0.0567 avg_loss=0.1354
[2026-06-03 11:44:56] Epoch 14 train batch [160/1875] loss=0.1653 avg_loss=0.1325
[2026-06-03 11:44:58] Epoch 14 train batch [180/1875] loss=0.0297 avg_loss=0.1292
[2026-06-03 11:45:00] Epoch 14 train batch [200/1875] loss=0.2621 avg_loss=0.1270
[2026-06-03 11:45:02] Epoch 14 train batch [220/1875] loss=0.0869 avg_loss=0.1229
[2026-06-03 11:45:04] Epoch 14 train batch [240/1875] loss=0.0669 avg_loss=0.1217
[2026-06-03 11:45:06] Epoch 14 train batch [260/1875] loss=0.0767 avg_loss=0.1200
[2026-06-03 11:45:08] Epoch 14 train batch [280/1875] loss=0.0696 avg_loss=0.1173
[2026-06-03 11:45:10] Epoch 14 train batch [300/1875] loss=0.0749 avg_loss=0.1182
[2026-06-03 11:45:12] Epoch 14 train batch [320/1875] loss=0.1502 avg_loss=0.1169
[2026-06-03 11:45:14] Epoch 14 train batch [340/1875] loss=0.5029 avg_loss=0.1178
[2026-06-03 11:45:16] Epoch 14 train batch [360/1875] loss=0.1339 avg_loss=0.1159
[2026-06-03 11:45:19] Epoch 14 train batch [380/1875] loss=0.0525 avg_loss=0.1145
[2026-06-03 11:45:21] Epoch 14 train batch [400/1875] loss=0.0615 avg_loss=0.1151
[2026-06-03 11:45:23] Epoch 14 train batch [420/1875] loss=0.0413 avg_loss=0.1151
[2026-06-03 11:45:25] Epoch 14 train batch [440/1875] loss=0.2554 avg_loss=0.1170
[2026-06-03 11:45:27] Epoch 14 train batch [460/1875] loss=0.0602 avg_loss=0.1170
[2026-06-03 11:45:29] Epoch 14 train batch [480/1875] loss=0.0183 avg_loss=0.1167
[2026-06-03 11:45:31] Epoch 14 train batch [500/1875] loss=0.2299 avg_loss=0.1166
[2026-06-03 11:45:33] Epoch 14 train batch [520/1875] loss=0.4429 avg_loss=0.1178
[2026-06-03 11:45:35] Epoch 14 train batch [540/1875] loss=0.0647 avg_loss=0.1183
[2026-06-03 11:45:37] Epoch 14 train batch [560/1875] loss=0.1060 avg_loss=0.1176
[2026-06-03 11:45:39] Epoch 14 train batch [580/1875] loss=0.0667 avg_loss=0.1170
[2026-06-03 11:45:41] Epoch 14 train batch [600/1875] loss=0.0185 avg_loss=0.1164
[2026-06-03 11:45:43] Epoch 14 train batch [620/1875] loss=0.1583 avg_loss=0.1168
[2026-06-03 11:45:45] Epoch 14 train batch [640/1875] loss=0.0944 avg_loss=0.1175
[2026-06-03 11:45:47] Epoch 14 train batch [660/1875] loss=0.1349 avg_loss=0.1167
[2026-06-03 11:45:50] Epoch 14 train batch [680/1875] loss=0.0585 avg_loss=0.1160
[2026-06-03 11:45:52] Epoch 14 train batch [700/1875] loss=0.0307 avg_loss=0.1161
[2026-06-03 11:45:54] Epoch 14 train batch [720/1875] loss=0.2499 avg_loss=0.1166
[2026-06-03 11:45:56] Epoch 14 train batch [740/1875] loss=0.1834 avg_loss=0.1172
[2026-06-03 11:45:58] Epoch 14 train batch [760/1875] loss=0.1058 avg_loss=0.1182
[2026-06-03 11:46:00] Epoch 14 train batch [780/1875] loss=0.0683 avg_loss=0.1184
[2026-06-03 11:46:02] Epoch 14 train batch [800/1875] loss=0.1108 avg_loss=0.1176
[2026-06-03 11:46:04] Epoch 14 train batch [820/1875] loss=0.3009 avg_loss=0.1172
[2026-06-03 11:46:06] Epoch 14 train batch [840/1875] loss=0.0827 avg_loss=0.1173
[2026-06-03 11:46:08] Epoch 14 train batch [860/1875] loss=0.1018 avg_loss=0.1176
[2026-06-03 11:46:10] Epoch 14 train batch [880/1875] loss=0.0709 avg_loss=0.1179
[2026-06-03 11:46:13] Epoch 14 train batch [900/1875] loss=0.0206 avg_loss=0.1176
[2026-06-03 11:46:15] Epoch 14 train batch [920/1875] loss=0.1502 avg_loss=0.1178
[2026-06-03 11:46:17] Epoch 14 train batch [940/1875] loss=0.1126 avg_loss=0.1183
[2026-06-03 11:46:19] Epoch 14 train batch [960/1875] loss=0.2263 avg_loss=0.1187
[2026-06-03 11:46:21] Epoch 14 train batch [980/1875] loss=0.0577 avg_loss=0.1183
[2026-06-03 11:46:23] Epoch 14 train batch [1000/1875] loss=0.1539 avg_loss=0.1187
[2026-06-03 11:46:25] Epoch 14 train batch [1020/1875] loss=0.1422 avg_loss=0.1193
[2026-06-03 11:46:27] Epoch 14 train batch [1040/1875] loss=0.0584 avg_loss=0.1193
[2026-06-03 11:46:29] Epoch 14 train batch [1060/1875] loss=0.2172 avg_loss=0.1199
[2026-06-03 11:46:31] Epoch 14 train batch [1080/1875] loss=0.1438 avg_loss=0.1197
[2026-06-03 11:46:33] Epoch 14 train batch [1100/1875] loss=0.0858 avg_loss=0.1193
[2026-06-03 11:46:35] Epoch 14 train batch [1120/1875] loss=0.1432 avg_loss=0.1189
[2026-06-03 11:46:38] Epoch 14 train batch [1140/1875] loss=0.1354 avg_loss=0.1188
[2026-06-03 11:46:40] Epoch 14 train batch [1160/1875] loss=0.1127 avg_loss=0.1190
[2026-06-03 11:46:42] Epoch 14 train batch [1180/1875] loss=0.1312 avg_loss=0.1190
[2026-06-03 11:46:44] Epoch 14 train batch [1200/1875] loss=0.1246 avg_loss=0.1192
[2026-06-03 11:46:46] Epoch 14 train batch [1220/1875] loss=0.0669 avg_loss=0.1192
[2026-06-03 11:46:48] Epoch 14 train batch [1240/1875] loss=0.1493 avg_loss=0.1193
[2026-06-03 11:46:50] Epoch 14 train batch [1260/1875] loss=0.1060 avg_loss=0.1193
[2026-06-03 11:46:52] Epoch 14 train batch [1280/1875] loss=0.1462 avg_loss=0.1189
[2026-06-03 11:46:54] Epoch 14 train batch [1300/1875] loss=0.3887 avg_loss=0.1189
[2026-06-03 11:46:56] Epoch 14 train batch [1320/1875] loss=0.0953 avg_loss=0.1192
[2026-06-03 11:46:59] Epoch 14 train batch [1340/1875] loss=0.0654 avg_loss=0.1196
[2026-06-03 11:47:01] Epoch 14 train batch [1360/1875] loss=0.1072 avg_loss=0.1197
[2026-06-03 11:47:03] Epoch 14 train batch [1380/1875] loss=0.1556 avg_loss=0.1202
[2026-06-03 11:47:05] Epoch 14 train batch [1400/1875] loss=0.1477 avg_loss=0.1202
[2026-06-03 11:47:07] Epoch 14 train batch [1420/1875] loss=0.1790 avg_loss=0.1203
[2026-06-03 11:47:09] Epoch 14 train batch [1440/1875] loss=0.1609 avg_loss=0.1201
[2026-06-03 11:47:11] Epoch 14 train batch [1460/1875] loss=0.0162 avg_loss=0.1200
[2026-06-03 11:47:13] Epoch 14 train batch [1480/1875] loss=0.1664 avg_loss=0.1201
[2026-06-03 11:47:16] Epoch 14 train batch [1500/1875] loss=0.0737 avg_loss=0.1201
[2026-06-03 11:47:18] Epoch 14 train batch [1520/1875] loss=0.0442 avg_loss=0.1201
[2026-06-03 11:47:20] Epoch 14 train batch [1540/1875] loss=0.2305 avg_loss=0.1199
[2026-06-03 11:47:22] Epoch 14 train batch [1560/1875] loss=0.1729 avg_loss=0.1201
[2026-06-03 11:47:24] Epoch 14 train batch [1580/1875] loss=0.0475 avg_loss=0.1196
[2026-06-03 11:47:26] Epoch 14 train batch [1600/1875] loss=0.0785 avg_loss=0.1195
[2026-06-03 11:47:28] Epoch 14 train batch [1620/1875] loss=0.1207 avg_loss=0.1197
[2026-06-03 11:47:30] Epoch 14 train batch [1640/1875] loss=0.3100 avg_loss=0.1200
[2026-06-03 11:47:32] Epoch 14 train batch [1660/1875] loss=0.1427 avg_loss=0.1203
[2026-06-03 11:47:34] Epoch 14 train batch [1680/1875] loss=0.1602 avg_loss=0.1204
[2026-06-03 11:47:36] Epoch 14 train batch [1700/1875] loss=0.0283 avg_loss=0.1204
[2026-06-03 11:47:38] Epoch 14 train batch [1720/1875] loss=0.1101 avg_loss=0.1206
[2026-06-03 11:47:41] Epoch 14 train batch [1740/1875] loss=0.0428 avg_loss=0.1203
[2026-06-03 11:47:43] Epoch 14 train batch [1760/1875] loss=0.1674 avg_loss=0.1201
[2026-06-03 11:47:45] Epoch 14 train batch [1780/1875] loss=0.0512 avg_loss=0.1201
[2026-06-03 11:47:47] Epoch 14 train batch [1800/1875] loss=0.0478 avg_loss=0.1202
[2026-06-03 11:47:49] Epoch 14 train batch [1820/1875] loss=0.3069 avg_loss=0.1203
[2026-06-03 11:47:51] Epoch 14 train batch [1840/1875] loss=0.2641 avg_loss=0.1204
[2026-06-03 11:47:53] Epoch 14 train batch [1860/1875] loss=0.0911 avg_loss=0.1205
[2026-06-03 11:47:55] Epoch 14 train batch [1875/1875] loss=0.1370 avg_loss=0.1206
[2026-06-03 11:47:55] Epoch 14 training completed. Computing validation loss.
[2026-06-03 11:48:13] Epoch 14 validation loss completed: 0.1767. Computing detection metrics.
[2026-06-03 11:48:31] Epoch 14 metrics computed. Saving artifacts.
[2026-06-03 11:48:33] Epoch 14 improved mAP@0.5 to 0.8029. Saved best checkpoint: best_model-20260603-105134.pth.
Epoch [14/30]
├── Train Loss : 0.1206
│   ├── loss_classifier  : 0.0372
│   ├── loss_box_reg     : 0.0759
│   ├── loss_objectness  : 0.0035
│   └── loss_rpn_box_reg : 0.0040
├── Val Loss   : 0.1767
├── mAP@0.5    : 0.8029
├── mAP@0.75   : 0.5124
├── mAP@0.5:0.95 : 0.4762
├── Precision  : 0.5884
├── Recall     : 0.8610
├── GT Boxes   : 2021
├── Predictions: 2957
├── Per-class AP
│   ├── person  : AP50=0.8308, AP75=0.4975, AP50:95=0.4771, P=0.6441, R=0.8696
│   ├── car     : AP50=0.7938, AP75=0.4850, AP50:95=0.4667, P=0.4853, R=0.8728
│   ├── dog     : AP50=0.8787, AP75=0.6495, AP50:95=0.5729, P=0.7352, R=0.9029
│   ├── cat     : AP50=0.8897, AP75=0.6606, AP50:95=0.5637, P=0.8154, R=0.9034
│   └── chair   : AP50=0.6214, AP75=0.2696, AP50:95=0.3004, P=0.3891, R=0.7589
├── LR         : 0.001000
└── Time       : 232.4s
[2026-06-03 11:48:33] Epoch [14/30] completed.
[2026-06-03 11:48:33] Epoch [15/30] started.
[2026-06-03 11:48:35] Epoch 15 train batch [20/1875] loss=0.1476 avg_loss=0.1518
[2026-06-03 11:48:37] Epoch 15 train batch [40/1875] loss=0.0588 avg_loss=0.1278
[2026-06-03 11:48:39] Epoch 15 train batch [60/1875] loss=0.1136 avg_loss=0.1206
[2026-06-03 11:48:41] Epoch 15 train batch [80/1875] loss=0.0350 avg_loss=0.1195
[2026-06-03 11:48:44] Epoch 15 train batch [100/1875] loss=0.1595 avg_loss=0.1147
[2026-06-03 11:48:46] Epoch 15 train batch [120/1875] loss=0.1282 avg_loss=0.1194
[2026-06-03 11:48:48] Epoch 15 train batch [140/1875] loss=0.0473 avg_loss=0.1145
[2026-06-03 11:48:50] Epoch 15 train batch [160/1875] loss=0.0274 avg_loss=0.1134
[2026-06-03 11:48:52] Epoch 15 train batch [180/1875] loss=0.1266 avg_loss=0.1147
[2026-06-03 11:48:54] Epoch 15 train batch [200/1875] loss=0.0059 avg_loss=0.1137
[2026-06-03 11:48:56] Epoch 15 train batch [220/1875] loss=0.2411 avg_loss=0.1141
[2026-06-03 11:48:59] Epoch 15 train batch [240/1875] loss=0.1860 avg_loss=0.1136
[2026-06-03 11:49:01] Epoch 15 train batch [260/1875] loss=0.3966 avg_loss=0.1147
[2026-06-03 11:49:03] Epoch 15 train batch [280/1875] loss=0.0220 avg_loss=0.1158
[2026-06-03 11:49:05] Epoch 15 train batch [300/1875] loss=0.1473 avg_loss=0.1153
[2026-06-03 11:49:07] Epoch 15 train batch [320/1875] loss=0.1394 avg_loss=0.1146
[2026-06-03 11:49:09] Epoch 15 train batch [340/1875] loss=0.2406 avg_loss=0.1149
[2026-06-03 11:49:11] Epoch 15 train batch [360/1875] loss=0.1511 avg_loss=0.1154
[2026-06-03 11:49:13] Epoch 15 train batch [380/1875] loss=0.0444 avg_loss=0.1152
[2026-06-03 11:49:15] Epoch 15 train batch [400/1875] loss=0.2551 avg_loss=0.1157
[2026-06-03 11:49:18] Epoch 15 train batch [420/1875] loss=0.0699 avg_loss=0.1148
[2026-06-03 11:49:19] Epoch 15 train batch [440/1875] loss=0.0763 avg_loss=0.1136
[2026-06-03 11:49:22] Epoch 15 train batch [460/1875] loss=0.1560 avg_loss=0.1130
[2026-06-03 11:49:24] Epoch 15 train batch [480/1875] loss=0.1560 avg_loss=0.1135
[2026-06-03 11:49:26] Epoch 15 train batch [500/1875] loss=0.1697 avg_loss=0.1137
[2026-06-03 11:49:28] Epoch 15 train batch [520/1875] loss=0.0291 avg_loss=0.1135
[2026-06-03 11:49:30] Epoch 15 train batch [540/1875] loss=0.0886 avg_loss=0.1137
[2026-06-03 11:49:32] Epoch 15 train batch [560/1875] loss=0.0733 avg_loss=0.1144
[2026-06-03 11:49:34] Epoch 15 train batch [580/1875] loss=0.1106 avg_loss=0.1140
[2026-06-03 11:49:36] Epoch 15 train batch [600/1875] loss=0.0688 avg_loss=0.1131
[2026-06-03 11:49:38] Epoch 15 train batch [620/1875] loss=0.0877 avg_loss=0.1133
[2026-06-03 11:49:40] Epoch 15 train batch [640/1875] loss=0.0515 avg_loss=0.1148
[2026-06-03 11:49:42] Epoch 15 train batch [660/1875] loss=0.2674 avg_loss=0.1157
[2026-06-03 11:49:44] Epoch 15 train batch [680/1875] loss=0.0262 avg_loss=0.1147
[2026-06-03 11:49:46] Epoch 15 train batch [700/1875] loss=0.0264 avg_loss=0.1155
[2026-06-03 11:49:49] Epoch 15 train batch [720/1875] loss=0.0451 avg_loss=0.1154
[2026-06-03 11:49:51] Epoch 15 train batch [740/1875] loss=0.1440 avg_loss=0.1156
[2026-06-03 11:49:53] Epoch 15 train batch [760/1875] loss=0.0841 avg_loss=0.1161
[2026-06-03 11:49:57] Epoch 15 train batch [780/1875] loss=0.0759 avg_loss=0.1160
[2026-06-03 11:50:02] Epoch 15 train batch [800/1875] loss=0.0769 avg_loss=0.1168
[2026-06-03 11:50:06] Epoch 15 train batch [820/1875] loss=0.0551 avg_loss=0.1162
[2026-06-03 11:50:11] Epoch 15 train batch [840/1875] loss=0.0921 avg_loss=0.1164
[2026-06-03 11:50:16] Epoch 15 train batch [860/1875] loss=0.0417 avg_loss=0.1166
[2026-06-03 11:50:20] Epoch 15 train batch [880/1875] loss=0.2016 avg_loss=0.1170
[2026-06-03 11:50:25] Epoch 15 train batch [900/1875] loss=0.1079 avg_loss=0.1174
[2026-06-03 11:50:30] Epoch 15 train batch [920/1875] loss=0.0486 avg_loss=0.1174
[2026-06-03 11:50:34] Epoch 15 train batch [940/1875] loss=0.2335 avg_loss=0.1176
[2026-06-03 11:50:36] Epoch 15 train batch [960/1875] loss=0.0591 avg_loss=0.1175
[2026-06-03 11:50:38] Epoch 15 train batch [980/1875] loss=0.1351 avg_loss=0.1172
[2026-06-03 11:50:40] Epoch 15 train batch [1000/1875] loss=0.0094 avg_loss=0.1166
[2026-06-03 11:50:42] Epoch 15 train batch [1020/1875] loss=0.3308 avg_loss=0.1166
[2026-06-03 11:50:47] Epoch 15 train batch [1040/1875] loss=0.0494 avg_loss=0.1169
[2026-06-03 11:50:52] Epoch 15 train batch [1060/1875] loss=0.0983 avg_loss=0.1171
[2026-06-03 11:50:58] Epoch 15 train batch [1080/1875] loss=0.0716 avg_loss=0.1167
[2026-06-03 11:51:04] Epoch 15 train batch [1100/1875] loss=0.0422 avg_loss=0.1165
[2026-06-03 11:51:10] Epoch 15 train batch [1120/1875] loss=0.0986 avg_loss=0.1166
[2026-06-03 11:51:16] Epoch 15 train batch [1140/1875] loss=0.2211 avg_loss=0.1167
[2026-06-03 11:51:22] Epoch 15 train batch [1160/1875] loss=0.2059 avg_loss=0.1169
[2026-06-03 11:51:28] Epoch 15 train batch [1180/1875] loss=0.1610 avg_loss=0.1172
[2026-06-03 11:51:34] Epoch 15 train batch [1200/1875] loss=0.1364 avg_loss=0.1170
[2026-06-03 11:51:40] Epoch 15 train batch [1220/1875] loss=0.2695 avg_loss=0.1170
[2026-06-03 11:51:46] Epoch 15 train batch [1240/1875] loss=0.0336 avg_loss=0.1169
[2026-06-03 11:51:52] Epoch 15 train batch [1260/1875] loss=0.1027 avg_loss=0.1169
[2026-06-03 11:51:58] Epoch 15 train batch [1280/1875] loss=0.1881 avg_loss=0.1168
[2026-06-03 11:52:04] Epoch 15 train batch [1300/1875] loss=0.0895 avg_loss=0.1167
[2026-06-03 11:52:10] Epoch 15 train batch [1320/1875] loss=0.0102 avg_loss=0.1168
[2026-06-03 11:52:15] Epoch 15 train batch [1340/1875] loss=0.1907 avg_loss=0.1173
[2026-06-03 11:52:21] Epoch 15 train batch [1360/1875] loss=0.2668 avg_loss=0.1174
[2026-06-03 11:52:28] Epoch 15 train batch [1380/1875] loss=0.0598 avg_loss=0.1175
[2026-06-03 11:52:34] Epoch 15 train batch [1400/1875] loss=0.0742 avg_loss=0.1177
[2026-06-03 11:52:40] Epoch 15 train batch [1420/1875] loss=0.0810 avg_loss=0.1175
[2026-06-03 11:52:45] Epoch 15 train batch [1440/1875] loss=0.0775 avg_loss=0.1172
[2026-06-03 11:52:51] Epoch 15 train batch [1460/1875] loss=0.0472 avg_loss=0.1171
[2026-06-03 11:52:57] Epoch 15 train batch [1480/1875] loss=0.0893 avg_loss=0.1170
[2026-06-03 11:53:04] Epoch 15 train batch [1500/1875] loss=0.1322 avg_loss=0.1170
[2026-06-03 11:53:10] Epoch 15 train batch [1520/1875] loss=0.0487 avg_loss=0.1167
[2026-06-03 11:53:16] Epoch 15 train batch [1540/1875] loss=0.1546 avg_loss=0.1169
[2026-06-03 11:53:22] Epoch 15 train batch [1560/1875] loss=0.1174 avg_loss=0.1163
[2026-06-03 11:53:28] Epoch 15 train batch [1580/1875] loss=0.0375 avg_loss=0.1161
[2026-06-03 11:53:34] Epoch 15 train batch [1600/1875] loss=0.1059 avg_loss=0.1159
[2026-06-03 11:53:40] Epoch 15 train batch [1620/1875] loss=0.1097 avg_loss=0.1157
[2026-06-03 11:53:46] Epoch 15 train batch [1640/1875] loss=0.1445 avg_loss=0.1164
[2026-06-03 11:53:52] Epoch 15 train batch [1660/1875] loss=0.0481 avg_loss=0.1166
[2026-06-03 11:53:58] Epoch 15 train batch [1680/1875] loss=0.2210 avg_loss=0.1162
[2026-06-03 11:54:04] Epoch 15 train batch [1700/1875] loss=0.1691 avg_loss=0.1160
[2026-06-03 11:54:10] Epoch 15 train batch [1720/1875] loss=0.1066 avg_loss=0.1163
[2026-06-03 11:54:17] Epoch 15 train batch [1740/1875] loss=0.0896 avg_loss=0.1163
[2026-06-03 11:54:22] Epoch 15 train batch [1760/1875] loss=0.1335 avg_loss=0.1163
[2026-06-03 11:54:28] Epoch 15 train batch [1780/1875] loss=0.0680 avg_loss=0.1164
[2026-06-03 11:54:34] Epoch 15 train batch [1800/1875] loss=0.1748 avg_loss=0.1160
[2026-06-03 11:54:40] Epoch 15 train batch [1820/1875] loss=0.0916 avg_loss=0.1163
[2026-06-03 11:54:46] Epoch 15 train batch [1840/1875] loss=0.0275 avg_loss=0.1161
[2026-06-03 11:54:52] Epoch 15 train batch [1860/1875] loss=0.1150 avg_loss=0.1159
[2026-06-03 11:54:56] Epoch 15 train batch [1875/1875] loss=0.0211 avg_loss=0.1159
[2026-06-03 11:54:56] Epoch 15 training completed. Computing validation loss.
[2026-06-03 11:56:11] Epoch 15 validation loss completed: 0.1786. Computing detection metrics.
[2026-06-03 11:56:42] Epoch 15 metrics computed. Saving artifacts.
[2026-06-03 11:56:42] Epoch 15 did not improve mAP@0.5 enough. Early stopping counter: 1/7.
Epoch [15/30]
├── Train Loss : 0.1159
│   ├── loss_classifier  : 0.0357
│   ├── loss_box_reg     : 0.0730
│   ├── loss_objectness  : 0.0033
│   └── loss_rpn_box_reg : 0.0039
├── Val Loss   : 0.1786
├── mAP@0.5    : 0.7939
├── mAP@0.75   : 0.5048
├── mAP@0.5:0.95 : 0.4684
├── Precision  : 0.5737
├── Recall     : 0.8535
├── GT Boxes   : 2021
├── Predictions: 3007
├── Per-class AP
│   ├── person  : AP50=0.8380, AP75=0.5072, AP50:95=0.4839, P=0.6278, R=0.8734
│   ├── car     : AP50=0.7555, AP75=0.4659, AP50:95=0.4313, P=0.5498, R=0.8198
│   ├── dog     : AP50=0.8835, AP75=0.6447, AP50:95=0.5594, P=0.6385, R=0.9175
│   ├── cat     : AP50=0.8948, AP75=0.6075, AP50:95=0.5572, P=0.7594, R=0.9148
│   └── chair   : AP50=0.5976, AP75=0.2988, AP50:95=0.3101, P=0.3516, R=0.7270
├── LR         : 0.001000
└── Time       : 489.0s
[2026-06-03 11:56:42] Epoch [15/30] completed.
[2026-06-03 11:56:42] Epoch [16/30] started.
[2026-06-03 11:56:44] Epoch 16 train batch [20/1875] loss=0.1376 avg_loss=0.1269
[2026-06-03 11:56:46] Epoch 16 train batch [40/1875] loss=0.0142 avg_loss=0.1088
[2026-06-03 11:56:48] Epoch 16 train batch [60/1875] loss=0.0484 avg_loss=0.1093
[2026-06-03 11:56:50] Epoch 16 train batch [80/1875] loss=0.1160 avg_loss=0.1098
[2026-06-03 11:56:52] Epoch 16 train batch [100/1875] loss=0.0606 avg_loss=0.1054
[2026-06-03 11:56:54] Epoch 16 train batch [120/1875] loss=0.1118 avg_loss=0.1049
[2026-06-03 11:56:57] Epoch 16 train batch [140/1875] loss=0.1647 avg_loss=0.1049
[2026-06-03 11:56:59] Epoch 16 train batch [160/1875] loss=0.0370 avg_loss=0.1023
[2026-06-03 11:57:01] Epoch 16 train batch [180/1875] loss=0.0917 avg_loss=0.1016
[2026-06-03 11:57:03] Epoch 16 train batch [200/1875] loss=0.0647 avg_loss=0.1028
[2026-06-03 11:57:05] Epoch 16 train batch [220/1875] loss=0.1272 avg_loss=0.1033
[2026-06-03 11:57:07] Epoch 16 train batch [240/1875] loss=0.1607 avg_loss=0.1042
[2026-06-03 11:57:09] Epoch 16 train batch [260/1875] loss=0.0710 avg_loss=0.1039
[2026-06-03 11:57:12] Epoch 16 train batch [280/1875] loss=0.4329 avg_loss=0.1038
[2026-06-03 11:57:14] Epoch 16 train batch [300/1875] loss=0.1143 avg_loss=0.1042
[2026-06-03 11:57:16] Epoch 16 train batch [320/1875] loss=0.0153 avg_loss=0.1030
[2026-06-03 11:57:18] Epoch 16 train batch [340/1875] loss=0.0396 avg_loss=0.1028
[2026-06-03 11:57:20] Epoch 16 train batch [360/1875] loss=0.0764 avg_loss=0.1019
[2026-06-03 11:57:26] Epoch 16 train batch [380/1875] loss=0.0742 avg_loss=0.1016
[2026-06-03 11:57:31] Epoch 16 train batch [400/1875] loss=0.2486 avg_loss=0.1022
[2026-06-03 11:57:38] Epoch 16 train batch [420/1875] loss=0.0756 avg_loss=0.1017
[2026-06-03 11:57:44] Epoch 16 train batch [440/1875] loss=0.1591 avg_loss=0.1011
[2026-06-03 11:57:50] Epoch 16 train batch [460/1875] loss=0.0769 avg_loss=0.1007
[2026-06-03 11:57:56] Epoch 16 train batch [480/1875] loss=0.0314 avg_loss=0.0993
[2026-06-03 11:58:02] Epoch 16 train batch [500/1875] loss=0.0222 avg_loss=0.0995
[2026-06-03 11:58:08] Epoch 16 train batch [520/1875] loss=0.1700 avg_loss=0.0994
[2026-06-03 11:58:14] Epoch 16 train batch [540/1875] loss=0.0707 avg_loss=0.0995
[2026-06-03 11:58:20] Epoch 16 train batch [560/1875] loss=0.0191 avg_loss=0.0992
[2026-06-03 11:58:26] Epoch 16 train batch [580/1875] loss=0.1985 avg_loss=0.0994
[2026-06-03 11:58:32] Epoch 16 train batch [600/1875] loss=0.1041 avg_loss=0.0997
[2026-06-03 11:58:38] Epoch 16 train batch [620/1875] loss=0.1194 avg_loss=0.1004
[2026-06-03 11:58:44] Epoch 16 train batch [640/1875] loss=0.1795 avg_loss=0.1010
[2026-06-03 11:58:50] Epoch 16 train batch [660/1875] loss=0.0683 avg_loss=0.1004
[2026-06-03 11:58:56] Epoch 16 train batch [680/1875] loss=0.0943 avg_loss=0.1004
[2026-06-03 11:59:02] Epoch 16 train batch [700/1875] loss=0.4021 avg_loss=0.1015
[2026-06-03 11:59:08] Epoch 16 train batch [720/1875] loss=0.0649 avg_loss=0.1018
[2026-06-03 11:59:14] Epoch 16 train batch [740/1875] loss=0.0714 avg_loss=0.1020
[2026-06-03 11:59:20] Epoch 16 train batch [760/1875] loss=0.0882 avg_loss=0.1018
[2026-06-03 11:59:26] Epoch 16 train batch [780/1875] loss=0.1176 avg_loss=0.1019
[2026-06-03 11:59:32] Epoch 16 train batch [800/1875] loss=0.0314 avg_loss=0.1018
[2026-06-03 11:59:37] Epoch 16 train batch [820/1875] loss=0.1408 avg_loss=0.1013
[2026-06-03 11:59:43] Epoch 16 train batch [840/1875] loss=0.0754 avg_loss=0.1011
[2026-06-03 11:59:50] Epoch 16 train batch [860/1875] loss=0.2987 avg_loss=0.1015
[2026-06-03 11:59:56] Epoch 16 train batch [880/1875] loss=0.0465 avg_loss=0.1012
[2026-06-03 12:00:02] Epoch 16 train batch [900/1875] loss=0.0716 avg_loss=0.1009
[2026-06-03 12:00:08] Epoch 16 train batch [920/1875] loss=0.0813 avg_loss=0.1008
[2026-06-03 12:00:14] Epoch 16 train batch [940/1875] loss=0.0501 avg_loss=0.1006
[2026-06-03 12:00:19] Epoch 16 train batch [960/1875] loss=0.1136 avg_loss=0.1005
[2026-06-03 12:00:26] Epoch 16 train batch [980/1875] loss=0.0016 avg_loss=0.1011
[2026-06-03 12:00:31] Epoch 16 train batch [1000/1875] loss=0.0836 avg_loss=0.1010
[2026-06-03 12:00:37] Epoch 16 train batch [1020/1875] loss=0.0973 avg_loss=0.1009
[2026-06-03 12:00:44] Epoch 16 train batch [1040/1875] loss=0.0171 avg_loss=0.1008
[2026-06-03 12:00:50] Epoch 16 train batch [1060/1875] loss=0.0358 avg_loss=0.1006
[2026-06-03 12:00:56] Epoch 16 train batch [1080/1875] loss=0.0944 avg_loss=0.1010
[2026-06-03 12:01:02] Epoch 16 train batch [1100/1875] loss=0.0099 avg_loss=0.1012
[2026-06-03 12:01:07] Epoch 16 train batch [1120/1875] loss=0.0488 avg_loss=0.1007
[2026-06-03 12:01:13] Epoch 16 train batch [1140/1875] loss=0.0779 avg_loss=0.1008
[2026-06-03 12:01:19] Epoch 16 train batch [1160/1875] loss=0.2584 avg_loss=0.1012
[2026-06-03 12:01:25] Epoch 16 train batch [1180/1875] loss=0.0674 avg_loss=0.1013
[2026-06-03 12:01:31] Epoch 16 train batch [1200/1875] loss=0.1058 avg_loss=0.1012
[2026-06-03 12:01:37] Epoch 16 train batch [1220/1875] loss=0.0589 avg_loss=0.1012
[2026-06-03 12:01:43] Epoch 16 train batch [1240/1875] loss=0.2240 avg_loss=0.1011
[2026-06-03 12:01:49] Epoch 16 train batch [1260/1875] loss=0.0115 avg_loss=0.1009
[2026-06-03 12:01:55] Epoch 16 train batch [1280/1875] loss=0.0288 avg_loss=0.1009
[2026-06-03 12:02:01] Epoch 16 train batch [1300/1875] loss=0.0611 avg_loss=0.1006
[2026-06-03 12:02:07] Epoch 16 train batch [1320/1875] loss=0.0548 avg_loss=0.1005
[2026-06-03 12:02:13] Epoch 16 train batch [1340/1875] loss=0.1129 avg_loss=0.1006
[2026-06-03 12:02:19] Epoch 16 train batch [1360/1875] loss=0.3515 avg_loss=0.1005
[2026-06-03 12:02:25] Epoch 16 train batch [1380/1875] loss=0.0466 avg_loss=0.1010
[2026-06-03 12:02:31] Epoch 16 train batch [1400/1875] loss=0.0972 avg_loss=0.1008
[2026-06-03 12:02:37] Epoch 16 train batch [1420/1875] loss=0.0214 avg_loss=0.1008
[2026-06-03 12:02:43] Epoch 16 train batch [1440/1875] loss=0.1546 avg_loss=0.1007
[2026-06-03 12:02:49] Epoch 16 train batch [1460/1875] loss=0.0878 avg_loss=0.1007
[2026-06-03 12:02:55] Epoch 16 train batch [1480/1875] loss=0.2073 avg_loss=0.1004
[2026-06-03 12:03:01] Epoch 16 train batch [1500/1875] loss=0.1256 avg_loss=0.1001
[2026-06-03 12:03:06] Epoch 16 train batch [1520/1875] loss=0.1826 avg_loss=0.0999
[2026-06-03 12:03:12] Epoch 16 train batch [1540/1875] loss=0.1442 avg_loss=0.1000
[2026-06-03 12:03:18] Epoch 16 train batch [1560/1875] loss=0.1803 avg_loss=0.1000
[2026-06-03 12:03:20] Epoch 16 train batch [1580/1875] loss=0.0855 avg_loss=0.1001
[2026-06-03 12:03:22] Epoch 16 train batch [1600/1875] loss=0.2559 avg_loss=0.1001
[2026-06-03 12:03:24] Epoch 16 train batch [1620/1875] loss=0.1216 avg_loss=0.1001
[2026-06-03 12:03:26] Epoch 16 train batch [1640/1875] loss=0.0344 avg_loss=0.1002
[2026-06-03 12:03:29] Epoch 16 train batch [1660/1875] loss=0.0691 avg_loss=0.1001
[2026-06-03 12:03:31] Epoch 16 train batch [1680/1875] loss=0.0377 avg_loss=0.1003
[2026-06-03 12:03:33] Epoch 16 train batch [1700/1875] loss=0.0734 avg_loss=0.1004
[2026-06-03 12:03:35] Epoch 16 train batch [1720/1875] loss=0.2263 avg_loss=0.1002
[2026-06-03 12:03:37] Epoch 16 train batch [1740/1875] loss=0.0609 avg_loss=0.1004
[2026-06-03 12:03:39] Epoch 16 train batch [1760/1875] loss=0.0118 avg_loss=0.1004
[2026-06-03 12:03:41] Epoch 16 train batch [1780/1875] loss=0.0713 avg_loss=0.1005
[2026-06-03 12:03:43] Epoch 16 train batch [1800/1875] loss=0.0934 avg_loss=0.1004
[2026-06-03 12:03:45] Epoch 16 train batch [1820/1875] loss=0.1011 avg_loss=0.1002
[2026-06-03 12:03:48] Epoch 16 train batch [1840/1875] loss=0.1607 avg_loss=0.1001
[2026-06-03 12:03:50] Epoch 16 train batch [1860/1875] loss=0.0724 avg_loss=0.0998
[2026-06-03 12:03:51] Epoch 16 train batch [1875/1875] loss=0.0645 avg_loss=0.0999
[2026-06-03 12:03:51] Epoch 16 training completed. Computing validation loss.
[2026-06-03 12:04:10] Epoch 16 validation loss completed: 0.1772. Computing detection metrics.
[2026-06-03 12:04:28] Epoch 16 metrics computed. Saving artifacts.
[2026-06-03 12:04:29] Epoch 16 did not improve mAP@0.5 enough. Early stopping counter: 2/7.
Epoch [16/30]
├── Train Loss : 0.0999
│   ├── loss_classifier  : 0.0308
│   ├── loss_box_reg     : 0.0631
│   ├── loss_objectness  : 0.0027
│   └── loss_rpn_box_reg : 0.0033
├── Val Loss   : 0.1772
├── mAP@0.5    : 0.8016
├── mAP@0.75   : 0.5461
├── mAP@0.5:0.95 : 0.4952
├── Precision  : 0.6452
├── Recall     : 0.8496
├── GT Boxes   : 2021
├── Predictions: 2661
├── Per-class AP
│   ├── person  : AP50=0.8411, AP75=0.5523, AP50:95=0.5004, P=0.6832, R=0.8715
│   ├── car     : AP50=0.7781, AP75=0.4869, AP50:95=0.4652, P=0.5690, R=0.8445
│   ├── dog     : AP50=0.8699, AP75=0.6977, AP50:95=0.5887, P=0.7469, R=0.8883
│   ├── cat     : AP50=0.9095, AP75=0.6856, AP50:95=0.5985, P=0.8100, R=0.9205
│   └── chair   : AP50=0.6092, AP75=0.3079, AP50:95=0.3232, P=0.4624, R=0.6986
├── LR         : 0.000100
└── Time       : 465.7s
[2026-06-03 12:04:29] Epoch [16/30] completed.
[2026-06-03 12:04:29] Epoch [17/30] started.
[2026-06-03 12:04:31] Epoch 17 train batch [20/1875] loss=0.1232 avg_loss=0.0805
[2026-06-03 12:04:33] Epoch 17 train batch [40/1875] loss=0.2328 avg_loss=0.0872
[2026-06-03 12:04:35] Epoch 17 train batch [60/1875] loss=0.0665 avg_loss=0.0944
[2026-06-03 12:04:37] Epoch 17 train batch [80/1875] loss=0.0531 avg_loss=0.0881
[2026-06-03 12:04:39] Epoch 17 train batch [100/1875] loss=0.1762 avg_loss=0.0935
[2026-06-03 12:04:41] Epoch 17 train batch [120/1875] loss=0.0275 avg_loss=0.0961
[2026-06-03 12:04:43] Epoch 17 train batch [140/1875] loss=0.1674 avg_loss=0.0957
[2026-06-03 12:04:45] Epoch 17 train batch [160/1875] loss=0.0226 avg_loss=0.0962
[2026-06-03 12:04:47] Epoch 17 train batch [180/1875] loss=0.1497 avg_loss=0.0986
[2026-06-03 12:04:50] Epoch 17 train batch [200/1875] loss=0.1803 avg_loss=0.0983
[2026-06-03 12:04:52] Epoch 17 train batch [220/1875] loss=0.0719 avg_loss=0.0984
[2026-06-03 12:04:54] Epoch 17 train batch [240/1875] loss=0.2044 avg_loss=0.0979
[2026-06-03 12:04:56] Epoch 17 train batch [260/1875] loss=0.0354 avg_loss=0.0965
[2026-06-03 12:04:58] Epoch 17 train batch [280/1875] loss=0.1152 avg_loss=0.0974
[2026-06-03 12:05:00] Epoch 17 train batch [300/1875] loss=0.0591 avg_loss=0.0984
[2026-06-03 12:05:02] Epoch 17 train batch [320/1875] loss=0.1564 avg_loss=0.0985
[2026-06-03 12:05:04] Epoch 17 train batch [340/1875] loss=0.0352 avg_loss=0.0996
[2026-06-03 12:05:06] Epoch 17 train batch [360/1875] loss=0.0532 avg_loss=0.0992
[2026-06-03 12:05:08] Epoch 17 train batch [380/1875] loss=0.1573 avg_loss=0.0998
[2026-06-03 12:05:11] Epoch 17 train batch [400/1875] loss=0.1612 avg_loss=0.1001
[2026-06-03 12:05:13] Epoch 17 train batch [420/1875] loss=0.0443 avg_loss=0.1004
[2026-06-03 12:05:15] Epoch 17 train batch [440/1875] loss=0.1706 avg_loss=0.1004
[2026-06-03 12:05:17] Epoch 17 train batch [460/1875] loss=0.0321 avg_loss=0.1002
[2026-06-03 12:05:19] Epoch 17 train batch [480/1875] loss=0.0529 avg_loss=0.0995
[2026-06-03 12:05:21] Epoch 17 train batch [500/1875] loss=0.2102 avg_loss=0.1003
[2026-06-03 12:05:23] Epoch 17 train batch [520/1875] loss=0.2353 avg_loss=0.1007
[2026-06-03 12:05:25] Epoch 17 train batch [540/1875] loss=0.2682 avg_loss=0.1009
[2026-06-03 12:05:27] Epoch 17 train batch [560/1875] loss=0.1055 avg_loss=0.1010
[2026-06-03 12:05:29] Epoch 17 train batch [580/1875] loss=0.1757 avg_loss=0.1019
[2026-06-03 12:05:31] Epoch 17 train batch [600/1875] loss=0.1065 avg_loss=0.1022
[2026-06-03 12:05:33] Epoch 17 train batch [620/1875] loss=0.1412 avg_loss=0.1019
[2026-06-03 12:05:35] Epoch 17 train batch [640/1875] loss=0.1733 avg_loss=0.1017
[2026-06-03 12:05:37] Epoch 17 train batch [660/1875] loss=0.1589 avg_loss=0.1013
[2026-06-03 12:05:39] Epoch 17 train batch [680/1875] loss=0.1021 avg_loss=0.1021
[2026-06-03 12:05:42] Epoch 17 train batch [700/1875] loss=0.0477 avg_loss=0.1022
[2026-06-03 12:05:44] Epoch 17 train batch [720/1875] loss=0.1225 avg_loss=0.1024
[2026-06-03 12:05:46] Epoch 17 train batch [740/1875] loss=0.0489 avg_loss=0.1019
[2026-06-03 12:05:48] Epoch 17 train batch [760/1875] loss=0.1507 avg_loss=0.1022
[2026-06-03 12:05:50] Epoch 17 train batch [780/1875] loss=0.0753 avg_loss=0.1022
[2026-06-03 12:05:52] Epoch 17 train batch [800/1875] loss=0.0146 avg_loss=0.1014
[2026-06-03 12:05:54] Epoch 17 train batch [820/1875] loss=0.1100 avg_loss=0.1013
[2026-06-03 12:05:56] Epoch 17 train batch [840/1875] loss=0.1404 avg_loss=0.1018
[2026-06-03 12:05:58] Epoch 17 train batch [860/1875] loss=0.0528 avg_loss=0.1020
[2026-06-03 12:06:01] Epoch 17 train batch [880/1875] loss=0.1394 avg_loss=0.1011
[2026-06-03 12:06:03] Epoch 17 train batch [900/1875] loss=0.1189 avg_loss=0.1007
[2026-06-03 12:06:05] Epoch 17 train batch [920/1875] loss=0.0582 avg_loss=0.1006
[2026-06-03 12:06:07] Epoch 17 train batch [940/1875] loss=0.0529 avg_loss=0.1008
[2026-06-03 12:06:09] Epoch 17 train batch [960/1875] loss=0.0487 avg_loss=0.1009
[2026-06-03 12:06:11] Epoch 17 train batch [980/1875] loss=0.1553 avg_loss=0.1009
[2026-06-03 12:06:13] Epoch 17 train batch [1000/1875] loss=0.0096 avg_loss=0.1002
[2026-06-03 12:06:15] Epoch 17 train batch [1020/1875] loss=0.0814 avg_loss=0.0996
[2026-06-03 12:06:17] Epoch 17 train batch [1040/1875] loss=0.0061 avg_loss=0.0995
[2026-06-03 12:06:19] Epoch 17 train batch [1060/1875] loss=0.0390 avg_loss=0.0992
[2026-06-03 12:06:22] Epoch 17 train batch [1080/1875] loss=0.0280 avg_loss=0.0994
[2026-06-03 12:06:24] Epoch 17 train batch [1100/1875] loss=0.0465 avg_loss=0.0992
[2026-06-03 12:06:26] Epoch 17 train batch [1120/1875] loss=0.0998 avg_loss=0.0989
[2026-06-03 12:06:28] Epoch 17 train batch [1140/1875] loss=0.0562 avg_loss=0.0990
[2026-06-03 12:06:30] Epoch 17 train batch [1160/1875] loss=0.0419 avg_loss=0.0990
[2026-06-03 12:06:32] Epoch 17 train batch [1180/1875] loss=0.0294 avg_loss=0.0987
[2026-06-03 12:06:34] Epoch 17 train batch [1200/1875] loss=0.2569 avg_loss=0.0987
[2026-06-03 12:06:36] Epoch 17 train batch [1220/1875] loss=0.0121 avg_loss=0.0987
[2026-06-03 12:06:38] Epoch 17 train batch [1240/1875] loss=0.1294 avg_loss=0.0987
[2026-06-03 12:06:40] Epoch 17 train batch [1260/1875] loss=0.0440 avg_loss=0.0988
[2026-06-03 12:06:42] Epoch 17 train batch [1280/1875] loss=0.0747 avg_loss=0.0985
[2026-06-03 12:06:45] Epoch 17 train batch [1300/1875] loss=0.1036 avg_loss=0.0981
[2026-06-03 12:06:47] Epoch 17 train batch [1320/1875] loss=0.1956 avg_loss=0.0979
[2026-06-03 12:06:49] Epoch 17 train batch [1340/1875] loss=0.1173 avg_loss=0.0980
[2026-06-03 12:06:51] Epoch 17 train batch [1360/1875] loss=0.3055 avg_loss=0.0979
[2026-06-03 12:06:53] Epoch 17 train batch [1380/1875] loss=0.0421 avg_loss=0.0978
[2026-06-03 12:06:55] Epoch 17 train batch [1400/1875] loss=0.1190 avg_loss=0.0981
[2026-06-03 12:06:57] Epoch 17 train batch [1420/1875] loss=0.1067 avg_loss=0.0981
[2026-06-03 12:06:59] Epoch 17 train batch [1440/1875] loss=0.0738 avg_loss=0.0980
[2026-06-03 12:07:01] Epoch 17 train batch [1460/1875] loss=0.0612 avg_loss=0.0984
[2026-06-03 12:07:03] Epoch 17 train batch [1480/1875] loss=0.0810 avg_loss=0.0985
[2026-06-03 12:07:05] Epoch 17 train batch [1500/1875] loss=0.0405 avg_loss=0.0985
[2026-06-03 12:07:08] Epoch 17 train batch [1520/1875] loss=0.1268 avg_loss=0.0981
[2026-06-03 12:07:10] Epoch 17 train batch [1540/1875] loss=0.0142 avg_loss=0.0979
[2026-06-03 12:07:12] Epoch 17 train batch [1560/1875] loss=0.0281 avg_loss=0.0980
[2026-06-03 12:07:14] Epoch 17 train batch [1580/1875] loss=0.0328 avg_loss=0.0980
[2026-06-03 12:07:16] Epoch 17 train batch [1600/1875] loss=0.0504 avg_loss=0.0982
[2026-06-03 12:07:18] Epoch 17 train batch [1620/1875] loss=0.1422 avg_loss=0.0982
[2026-06-03 12:07:20] Epoch 17 train batch [1640/1875] loss=0.0727 avg_loss=0.0977
[2026-06-03 12:07:22] Epoch 17 train batch [1660/1875] loss=0.0123 avg_loss=0.0978
[2026-06-03 12:07:24] Epoch 17 train batch [1680/1875] loss=0.0402 avg_loss=0.0977
[2026-06-03 12:07:27] Epoch 17 train batch [1700/1875] loss=0.1352 avg_loss=0.0978
[2026-06-03 12:07:28] Epoch 17 train batch [1720/1875] loss=0.0355 avg_loss=0.0974
[2026-06-03 12:07:31] Epoch 17 train batch [1740/1875] loss=0.0957 avg_loss=0.0975
[2026-06-03 12:07:33] Epoch 17 train batch [1760/1875] loss=0.0562 avg_loss=0.0975
[2026-06-03 12:07:35] Epoch 17 train batch [1780/1875] loss=0.0005 avg_loss=0.0973
[2026-06-03 12:07:37] Epoch 17 train batch [1800/1875] loss=0.0755 avg_loss=0.0972
[2026-06-03 12:07:39] Epoch 17 train batch [1820/1875] loss=0.0676 avg_loss=0.0973
[2026-06-03 12:07:41] Epoch 17 train batch [1840/1875] loss=0.1557 avg_loss=0.0974
[2026-06-03 12:07:43] Epoch 17 train batch [1860/1875] loss=0.0479 avg_loss=0.0971
[2026-06-03 12:07:45] Epoch 17 train batch [1875/1875] loss=0.0818 avg_loss=0.0971
[2026-06-03 12:07:45] Epoch 17 training completed. Computing validation loss.
[2026-06-03 12:08:03] Epoch 17 validation loss completed: 0.1793. Computing detection metrics.
[2026-06-03 12:08:21] Epoch 17 metrics computed. Saving artifacts.
[2026-06-03 12:08:22] Epoch 17 did not improve mAP@0.5 enough. Early stopping counter: 3/7.
Epoch [17/30]
├── Train Loss : 0.0971
│   ├── loss_classifier  : 0.0299
│   ├── loss_box_reg     : 0.0615
│   ├── loss_objectness  : 0.0025
│   └── loss_rpn_box_reg : 0.0032
├── Val Loss   : 0.1793
├── mAP@0.5    : 0.8027
├── mAP@0.75   : 0.5386
├── mAP@0.5:0.95 : 0.4956
├── Precision  : 0.6550
├── Recall     : 0.8511
├── GT Boxes   : 2021
├── Predictions: 2626
├── Per-class AP
│   ├── person  : AP50=0.8429, AP75=0.5389, AP50:95=0.4993, P=0.6961, R=0.8743
│   ├── car     : AP50=0.7680, AP75=0.4743, AP50:95=0.4598, P=0.6078, R=0.8269
│   ├── dog     : AP50=0.8743, AP75=0.6896, AP50:95=0.5885, P=0.7273, R=0.8932
│   ├── cat     : AP50=0.9112, AP75=0.6845, AP50:95=0.5997, P=0.8351, R=0.9205
│   └── chair   : AP50=0.6170, AP75=0.3059, AP50:95=0.3306, P=0.4517, R=0.7128
├── LR         : 0.000100
└── Time       : 232.7s
[2026-06-03 12:08:22] Epoch [17/30] completed.
[2026-06-03 12:08:22] Epoch [18/30] started.
[2026-06-03 12:08:24] Epoch 18 train batch [20/1875] loss=0.0373 avg_loss=0.0819
[2026-06-03 12:08:26] Epoch 18 train batch [40/1875] loss=0.0336 avg_loss=0.0711
[2026-06-03 12:08:28] Epoch 18 train batch [60/1875] loss=0.1191 avg_loss=0.0815
[2026-06-03 12:08:30] Epoch 18 train batch [80/1875] loss=0.0314 avg_loss=0.0844
[2026-06-03 12:08:32] Epoch 18 train batch [100/1875] loss=0.0877 avg_loss=0.0869
[2026-06-03 12:08:34] Epoch 18 train batch [120/1875] loss=0.0128 avg_loss=0.0864
[2026-06-03 12:08:37] Epoch 18 train batch [140/1875] loss=0.0281 avg_loss=0.0889
[2026-06-03 12:08:39] Epoch 18 train batch [160/1875] loss=0.0967 avg_loss=0.0865
[2026-06-03 12:08:41] Epoch 18 train batch [180/1875] loss=0.0459 avg_loss=0.0858
[2026-06-03 12:08:43] Epoch 18 train batch [200/1875] loss=0.1754 avg_loss=0.0865
[2026-06-03 12:08:45] Epoch 18 train batch [220/1875] loss=0.0613 avg_loss=0.0892
[2026-06-03 12:08:47] Epoch 18 train batch [240/1875] loss=0.1014 avg_loss=0.0933
[2026-06-03 12:08:49] Epoch 18 train batch [260/1875] loss=0.0222 avg_loss=0.0936
[2026-06-03 12:08:51] Epoch 18 train batch [280/1875] loss=0.0758 avg_loss=0.0934
[2026-06-03 12:08:53] Epoch 18 train batch [300/1875] loss=0.0593 avg_loss=0.0942
[2026-06-03 12:08:55] Epoch 18 train batch [320/1875] loss=0.0549 avg_loss=0.0936
[2026-06-03 12:08:57] Epoch 18 train batch [340/1875] loss=0.1855 avg_loss=0.0956
[2026-06-03 12:08:59] Epoch 18 train batch [360/1875] loss=0.1322 avg_loss=0.0957
[2026-06-03 12:09:02] Epoch 18 train batch [380/1875] loss=0.0562 avg_loss=0.0953
[2026-06-03 12:09:04] Epoch 18 train batch [400/1875] loss=0.1476 avg_loss=0.0958
[2026-06-03 12:09:06] Epoch 18 train batch [420/1875] loss=0.1206 avg_loss=0.0966
[2026-06-03 12:09:08] Epoch 18 train batch [440/1875] loss=0.0852 avg_loss=0.0961
[2026-06-03 12:09:10] Epoch 18 train batch [460/1875] loss=0.0142 avg_loss=0.0954
[2026-06-03 12:09:12] Epoch 18 train batch [480/1875] loss=0.0415 avg_loss=0.0945
[2026-06-03 12:09:14] Epoch 18 train batch [500/1875] loss=0.0334 avg_loss=0.0955
[2026-06-03 12:09:16] Epoch 18 train batch [520/1875] loss=0.1712 avg_loss=0.0950
[2026-06-03 12:09:18] Epoch 18 train batch [540/1875] loss=0.0199 avg_loss=0.0941
[2026-06-03 12:09:20] Epoch 18 train batch [560/1875] loss=0.0519 avg_loss=0.0932
[2026-06-03 12:09:22] Epoch 18 train batch [580/1875] loss=0.0342 avg_loss=0.0925
[2026-06-03 12:09:24] Epoch 18 train batch [600/1875] loss=0.0472 avg_loss=0.0931
[2026-06-03 12:09:26] Epoch 18 train batch [620/1875] loss=0.1206 avg_loss=0.0931
[2026-06-03 12:09:28] Epoch 18 train batch [640/1875] loss=0.0274 avg_loss=0.0926
[2026-06-03 12:09:30] Epoch 18 train batch [660/1875] loss=0.1182 avg_loss=0.0928
[2026-06-03 12:09:32] Epoch 18 train batch [680/1875] loss=0.0254 avg_loss=0.0924
[2026-06-03 12:09:34] Epoch 18 train batch [700/1875] loss=0.0702 avg_loss=0.0926
[2026-06-03 12:09:36] Epoch 18 train batch [720/1875] loss=0.1603 avg_loss=0.0936
[2026-06-03 12:09:38] Epoch 18 train batch [740/1875] loss=0.2210 avg_loss=0.0939
[2026-06-03 12:09:40] Epoch 18 train batch [760/1875] loss=0.0284 avg_loss=0.0939
[2026-06-03 12:09:43] Epoch 18 train batch [780/1875] loss=0.0227 avg_loss=0.0939
[2026-06-03 12:09:45] Epoch 18 train batch [800/1875] loss=0.1496 avg_loss=0.0942
[2026-06-03 12:09:47] Epoch 18 train batch [820/1875] loss=0.0919 avg_loss=0.0945
[2026-06-03 12:09:49] Epoch 18 train batch [840/1875] loss=0.0926 avg_loss=0.0953
[2026-06-03 12:09:51] Epoch 18 train batch [860/1875] loss=0.0010 avg_loss=0.0955
[2026-06-03 12:09:53] Epoch 18 train batch [880/1875] loss=0.1547 avg_loss=0.0957
[2026-06-03 12:09:55] Epoch 18 train batch [900/1875] loss=0.0987 avg_loss=0.0960
[2026-06-03 12:09:57] Epoch 18 train batch [920/1875] loss=0.1054 avg_loss=0.0960
[2026-06-03 12:09:59] Epoch 18 train batch [940/1875] loss=0.2162 avg_loss=0.0960
[2026-06-03 12:10:01] Epoch 18 train batch [960/1875] loss=0.1377 avg_loss=0.0959
[2026-06-03 12:10:03] Epoch 18 train batch [980/1875] loss=0.1584 avg_loss=0.0959
[2026-06-03 12:10:05] Epoch 18 train batch [1000/1875] loss=0.0485 avg_loss=0.0952
[2026-06-03 12:10:08] Epoch 18 train batch [1020/1875] loss=0.0803 avg_loss=0.0956
[2026-06-03 12:10:10] Epoch 18 train batch [1040/1875] loss=0.0311 avg_loss=0.0957
[2026-06-03 12:10:12] Epoch 18 train batch [1060/1875] loss=0.0270 avg_loss=0.0953
[2026-06-03 12:10:14] Epoch 18 train batch [1080/1875] loss=0.1272 avg_loss=0.0951
[2026-06-03 12:10:16] Epoch 18 train batch [1100/1875] loss=0.1322 avg_loss=0.0955
[2026-06-03 12:10:18] Epoch 18 train batch [1120/1875] loss=0.2094 avg_loss=0.0952
[2026-06-03 12:10:20] Epoch 18 train batch [1140/1875] loss=0.0368 avg_loss=0.0952
[2026-06-03 12:10:22] Epoch 18 train batch [1160/1875] loss=0.0278 avg_loss=0.0953
[2026-06-03 12:10:24] Epoch 18 train batch [1180/1875] loss=0.0005 avg_loss=0.0951
[2026-06-03 12:10:27] Epoch 18 train batch [1200/1875] loss=0.0308 avg_loss=0.0946
[2026-06-03 12:10:29] Epoch 18 train batch [1220/1875] loss=0.0970 avg_loss=0.0948
[2026-06-03 12:10:31] Epoch 18 train batch [1240/1875] loss=0.2273 avg_loss=0.0946
[2026-06-03 12:10:33] Epoch 18 train batch [1260/1875] loss=0.1001 avg_loss=0.0945
[2026-06-03 12:10:35] Epoch 18 train batch [1280/1875] loss=0.0736 avg_loss=0.0943
[2026-06-03 12:10:37] Epoch 18 train batch [1300/1875] loss=0.1513 avg_loss=0.0944
[2026-06-03 12:10:39] Epoch 18 train batch [1320/1875] loss=0.0266 avg_loss=0.0947
[2026-06-03 12:10:41] Epoch 18 train batch [1340/1875] loss=0.0882 avg_loss=0.0947
[2026-06-03 12:10:43] Epoch 18 train batch [1360/1875] loss=0.0484 avg_loss=0.0947
[2026-06-03 12:10:46] Epoch 18 train batch [1380/1875] loss=0.0983 avg_loss=0.0950
[2026-06-03 12:10:48] Epoch 18 train batch [1400/1875] loss=0.1675 avg_loss=0.0953
[2026-06-03 12:10:50] Epoch 18 train batch [1420/1875] loss=0.0431 avg_loss=0.0953
[2026-06-03 12:10:52] Epoch 18 train batch [1440/1875] loss=0.1667 avg_loss=0.0950
[2026-06-03 12:10:54] Epoch 18 train batch [1460/1875] loss=0.1783 avg_loss=0.0950
[2026-06-03 12:10:56] Epoch 18 train batch [1480/1875] loss=0.0229 avg_loss=0.0946
[2026-06-03 12:10:58] Epoch 18 train batch [1500/1875] loss=0.0208 avg_loss=0.0948
[2026-06-03 12:11:00] Epoch 18 train batch [1520/1875] loss=0.0263 avg_loss=0.0947
[2026-06-03 12:11:02] Epoch 18 train batch [1540/1875] loss=0.1635 avg_loss=0.0947
[2026-06-03 12:11:04] Epoch 18 train batch [1560/1875] loss=0.0373 avg_loss=0.0945
[2026-06-03 12:11:07] Epoch 18 train batch [1580/1875] loss=0.1002 avg_loss=0.0945
[2026-06-03 12:11:09] Epoch 18 train batch [1600/1875] loss=0.1272 avg_loss=0.0943
[2026-06-03 12:11:11] Epoch 18 train batch [1620/1875] loss=0.0636 avg_loss=0.0941
[2026-06-03 12:11:13] Epoch 18 train batch [1640/1875] loss=0.0680 avg_loss=0.0939
[2026-06-03 12:11:15] Epoch 18 train batch [1660/1875] loss=0.0563 avg_loss=0.0939
[2026-06-03 12:11:17] Epoch 18 train batch [1680/1875] loss=0.0336 avg_loss=0.0938
[2026-06-03 12:11:19] Epoch 18 train batch [1700/1875] loss=0.2438 avg_loss=0.0942
[2026-06-03 12:11:21] Epoch 18 train batch [1720/1875] loss=0.0463 avg_loss=0.0942
[2026-06-03 12:11:24] Epoch 18 train batch [1740/1875] loss=0.1123 avg_loss=0.0944
[2026-06-03 12:11:26] Epoch 18 train batch [1760/1875] loss=0.0943 avg_loss=0.0945
[2026-06-03 12:11:28] Epoch 18 train batch [1780/1875] loss=0.0898 avg_loss=0.0947
[2026-06-03 12:11:30] Epoch 18 train batch [1800/1875] loss=0.0742 avg_loss=0.0948
[2026-06-03 12:11:32] Epoch 18 train batch [1820/1875] loss=0.0523 avg_loss=0.0951
[2026-06-03 12:11:34] Epoch 18 train batch [1840/1875] loss=0.1036 avg_loss=0.0950
[2026-06-03 12:11:36] Epoch 18 train batch [1860/1875] loss=0.1307 avg_loss=0.0953
[2026-06-03 12:11:38] Epoch 18 train batch [1875/1875] loss=0.0885 avg_loss=0.0955
[2026-06-03 12:11:38] Epoch 18 training completed. Computing validation loss.
[2026-06-03 12:11:57] Epoch 18 validation loss completed: 0.1810. Computing detection metrics.
[2026-06-03 12:12:23] Epoch 18 metrics computed. Saving artifacts.
[2026-06-03 12:12:24] Epoch 18 did not improve mAP@0.5 enough. Early stopping counter: 4/7.
Epoch [18/30]
├── Train Loss : 0.0955
│   ├── loss_classifier  : 0.0295
│   ├── loss_box_reg     : 0.0604
│   ├── loss_objectness  : 0.0024
│   └── loss_rpn_box_reg : 0.0032
├── Val Loss   : 0.1810
├── mAP@0.5    : 0.7994
├── mAP@0.75   : 0.5431
├── mAP@0.5:0.95 : 0.4945
├── Precision  : 0.6419
├── Recall     : 0.8496
├── GT Boxes   : 2021
├── Predictions: 2675
├── Per-class AP
│   ├── person  : AP50=0.8382, AP75=0.5471, AP50:95=0.4991, P=0.6927, R=0.8687
│   ├── car     : AP50=0.7731, AP75=0.4939, AP50:95=0.4667, P=0.5637, R=0.8445
│   ├── dog     : AP50=0.8664, AP75=0.6867, AP50:95=0.5845, P=0.7309, R=0.8835
│   ├── cat     : AP50=0.8977, AP75=0.6753, AP50:95=0.5929, P=0.8081, R=0.9091
│   └── chair   : AP50=0.6217, AP75=0.3124, AP50:95=0.3290, P=0.4442, R=0.7199
├── LR         : 0.000100
└── Time       : 241.2s
[2026-06-03 12:12:24] Epoch [18/30] completed.
[2026-06-03 12:12:24] Epoch [19/30] started.
[2026-06-03 12:12:27] Epoch 19 train batch [20/1875] loss=0.0733 avg_loss=0.0839
[2026-06-03 12:12:30] Epoch 19 train batch [40/1875] loss=0.0741 avg_loss=0.0832
[2026-06-03 12:12:33] Epoch 19 train batch [60/1875] loss=0.1112 avg_loss=0.0880
[2026-06-03 12:12:35] Epoch 19 train batch [80/1875] loss=0.3309 avg_loss=0.0919
[2026-06-03 12:12:38] Epoch 19 train batch [100/1875] loss=0.1120 avg_loss=0.0920
[2026-06-03 12:12:41] Epoch 19 train batch [120/1875] loss=0.0296 avg_loss=0.0916
[2026-06-03 12:12:43] Epoch 19 train batch [140/1875] loss=0.0928 avg_loss=0.0898
[2026-06-03 12:12:46] Epoch 19 train batch [160/1875] loss=0.0760 avg_loss=0.0882
[2026-06-03 12:12:49] Epoch 19 train batch [180/1875] loss=0.0399 avg_loss=0.0880
[2026-06-03 12:12:51] Epoch 19 train batch [200/1875] loss=0.0547 avg_loss=0.0891
[2026-06-03 12:12:53] Epoch 19 train batch [220/1875] loss=0.1111 avg_loss=0.0908
[2026-06-03 12:12:55] Epoch 19 train batch [240/1875] loss=0.0998 avg_loss=0.0901
[2026-06-03 12:12:57] Epoch 19 train batch [260/1875] loss=0.0886 avg_loss=0.0907
[2026-06-03 12:12:59] Epoch 19 train batch [280/1875] loss=0.0626 avg_loss=0.0916
[2026-06-03 12:13:01] Epoch 19 train batch [300/1875] loss=0.1079 avg_loss=0.0918
[2026-06-03 12:13:03] Epoch 19 train batch [320/1875] loss=0.1634 avg_loss=0.0926
[2026-06-03 12:13:05] Epoch 19 train batch [340/1875] loss=0.0213 avg_loss=0.0915
[2026-06-03 12:13:08] Epoch 19 train batch [360/1875] loss=0.0486 avg_loss=0.0926
[2026-06-03 12:13:10] Epoch 19 train batch [380/1875] loss=0.1201 avg_loss=0.0923
[2026-06-03 12:13:12] Epoch 19 train batch [400/1875] loss=0.0306 avg_loss=0.0929
[2026-06-03 12:13:14] Epoch 19 train batch [420/1875] loss=0.0637 avg_loss=0.0934
[2026-06-03 12:13:16] Epoch 19 train batch [440/1875] loss=0.0419 avg_loss=0.0933
[2026-06-03 12:13:18] Epoch 19 train batch [460/1875] loss=0.1653 avg_loss=0.0936
[2026-06-03 12:13:20] Epoch 19 train batch [480/1875] loss=0.1318 avg_loss=0.0932
[2026-06-03 12:13:22] Epoch 19 train batch [500/1875] loss=0.0714 avg_loss=0.0933
[2026-06-03 12:13:24] Epoch 19 train batch [520/1875] loss=0.0727 avg_loss=0.0937
[2026-06-03 12:13:27] Epoch 19 train batch [540/1875] loss=0.0904 avg_loss=0.0940
[2026-06-03 12:13:29] Epoch 19 train batch [560/1875] loss=0.1450 avg_loss=0.0938
[2026-06-03 12:13:31] Epoch 19 train batch [580/1875] loss=0.0139 avg_loss=0.0931
[2026-06-03 12:13:33] Epoch 19 train batch [600/1875] loss=0.0989 avg_loss=0.0936
[2026-06-03 12:13:35] Epoch 19 train batch [620/1875] loss=0.0847 avg_loss=0.0935
[2026-06-03 12:13:37] Epoch 19 train batch [640/1875] loss=0.0518 avg_loss=0.0934
[2026-06-03 12:13:39] Epoch 19 train batch [660/1875] loss=0.0453 avg_loss=0.0931
[2026-06-03 12:13:41] Epoch 19 train batch [680/1875] loss=0.0324 avg_loss=0.0930
[2026-06-03 12:13:44] Epoch 19 train batch [700/1875] loss=0.1366 avg_loss=0.0925
[2026-06-03 12:13:46] Epoch 19 train batch [720/1875] loss=0.0272 avg_loss=0.0921
[2026-06-03 12:13:48] Epoch 19 train batch [740/1875] loss=0.0275 avg_loss=0.0922
[2026-06-03 12:13:50] Epoch 19 train batch [760/1875] loss=0.0750 avg_loss=0.0925
[2026-06-03 12:13:52] Epoch 19 train batch [780/1875] loss=0.0721 avg_loss=0.0927
[2026-06-03 12:13:54] Epoch 19 train batch [800/1875] loss=0.0459 avg_loss=0.0928
[2026-06-03 12:13:56] Epoch 19 train batch [820/1875] loss=0.0689 avg_loss=0.0934
[2026-06-03 12:13:58] Epoch 19 train batch [840/1875] loss=0.0393 avg_loss=0.0939
[2026-06-03 12:14:01] Epoch 19 train batch [860/1875] loss=0.1139 avg_loss=0.0941
[2026-06-03 12:14:03] Epoch 19 train batch [880/1875] loss=0.0363 avg_loss=0.0939
[2026-06-03 12:14:05] Epoch 19 train batch [900/1875] loss=0.0831 avg_loss=0.0940
[2026-06-03 12:14:07] Epoch 19 train batch [920/1875] loss=0.0990 avg_loss=0.0942
[2026-06-03 12:14:10] Epoch 19 train batch [940/1875] loss=0.1321 avg_loss=0.0947
[2026-06-03 12:14:12] Epoch 19 train batch [960/1875] loss=0.1158 avg_loss=0.0945
[2026-06-03 12:14:15] Epoch 19 train batch [980/1875] loss=0.0338 avg_loss=0.0943
[2026-06-03 12:14:18] Epoch 19 train batch [1000/1875] loss=0.1380 avg_loss=0.0941
[2026-06-03 12:14:21] Epoch 19 train batch [1020/1875] loss=0.0733 avg_loss=0.0944
[2026-06-03 12:14:23] Epoch 19 train batch [1040/1875] loss=0.1752 avg_loss=0.0951
[2026-06-03 12:14:26] Epoch 19 train batch [1060/1875] loss=0.1083 avg_loss=0.0950
[2026-06-03 12:14:29] Epoch 19 train batch [1080/1875] loss=0.0683 avg_loss=0.0948
[2026-06-03 12:14:32] Epoch 19 train batch [1100/1875] loss=0.1451 avg_loss=0.0945
[2026-06-03 12:14:34] Epoch 19 train batch [1120/1875] loss=0.0509 avg_loss=0.0947
[2026-06-03 12:14:37] Epoch 19 train batch [1140/1875] loss=0.2213 avg_loss=0.0950
[2026-06-03 12:14:39] Epoch 19 train batch [1160/1875] loss=0.0307 avg_loss=0.0948
[2026-06-03 12:14:41] Epoch 19 train batch [1180/1875] loss=0.0860 avg_loss=0.0949
[2026-06-03 12:14:43] Epoch 19 train batch [1200/1875] loss=0.1728 avg_loss=0.0948
[2026-06-03 12:14:45] Epoch 19 train batch [1220/1875] loss=0.0043 avg_loss=0.0948
[2026-06-03 12:14:47] Epoch 19 train batch [1240/1875] loss=0.1540 avg_loss=0.0953
[2026-06-03 12:14:49] Epoch 19 train batch [1260/1875] loss=0.1639 avg_loss=0.0950
[2026-06-03 12:14:51] Epoch 19 train batch [1280/1875] loss=0.1751 avg_loss=0.0947
[2026-06-03 12:14:53] Epoch 19 train batch [1300/1875] loss=0.0341 avg_loss=0.0945
[2026-06-03 12:14:55] Epoch 19 train batch [1320/1875] loss=0.0165 avg_loss=0.0941
[2026-06-03 12:14:57] Epoch 19 train batch [1340/1875] loss=0.0969 avg_loss=0.0942
[2026-06-03 12:15:00] Epoch 19 train batch [1360/1875] loss=0.0960 avg_loss=0.0942
[2026-06-03 12:15:02] Epoch 19 train batch [1380/1875] loss=0.0611 avg_loss=0.0940
[2026-06-03 12:15:04] Epoch 19 train batch [1400/1875] loss=0.0805 avg_loss=0.0941
[2026-06-03 12:15:06] Epoch 19 train batch [1420/1875] loss=0.0679 avg_loss=0.0947
[2026-06-03 12:15:08] Epoch 19 train batch [1440/1875] loss=0.0914 avg_loss=0.0943
[2026-06-03 12:15:10] Epoch 19 train batch [1460/1875] loss=0.0961 avg_loss=0.0940
[2026-06-03 12:15:12] Epoch 19 train batch [1480/1875] loss=0.0316 avg_loss=0.0940
[2026-06-03 12:15:14] Epoch 19 train batch [1500/1875] loss=0.1622 avg_loss=0.0941
[2026-06-03 12:15:16] Epoch 19 train batch [1520/1875] loss=0.1512 avg_loss=0.0941
[2026-06-03 12:15:18] Epoch 19 train batch [1540/1875] loss=0.1199 avg_loss=0.0945
[2026-06-03 12:15:20] Epoch 19 train batch [1560/1875] loss=0.2251 avg_loss=0.0943
[2026-06-03 12:15:23] Epoch 19 train batch [1580/1875] loss=0.1739 avg_loss=0.0944
[2026-06-03 12:15:25] Epoch 19 train batch [1600/1875] loss=0.1653 avg_loss=0.0944
[2026-06-03 12:15:27] Epoch 19 train batch [1620/1875] loss=0.1516 avg_loss=0.0946
[2026-06-03 12:15:29] Epoch 19 train batch [1640/1875] loss=0.1958 avg_loss=0.0944
[2026-06-03 12:15:31] Epoch 19 train batch [1660/1875] loss=0.0388 avg_loss=0.0945
[2026-06-03 12:15:33] Epoch 19 train batch [1680/1875] loss=0.1115 avg_loss=0.0945
[2026-06-03 12:15:35] Epoch 19 train batch [1700/1875] loss=0.0365 avg_loss=0.0944
[2026-06-03 12:15:37] Epoch 19 train batch [1720/1875] loss=0.0684 avg_loss=0.0944
[2026-06-03 12:15:40] Epoch 19 train batch [1740/1875] loss=0.1043 avg_loss=0.0944
[2026-06-03 12:15:42] Epoch 19 train batch [1760/1875] loss=0.1068 avg_loss=0.0947
[2026-06-03 12:15:44] Epoch 19 train batch [1780/1875] loss=0.2673 avg_loss=0.0949
[2026-06-03 12:15:46] Epoch 19 train batch [1800/1875] loss=0.1083 avg_loss=0.0947
[2026-06-03 12:15:48] Epoch 19 train batch [1820/1875] loss=0.3125 avg_loss=0.0947
[2026-06-03 12:15:50] Epoch 19 train batch [1840/1875] loss=0.0681 avg_loss=0.0946
[2026-06-03 12:15:52] Epoch 19 train batch [1860/1875] loss=0.1215 avg_loss=0.0947
[2026-06-03 12:15:53] Epoch 19 train batch [1875/1875] loss=0.1408 avg_loss=0.0946
[2026-06-03 12:15:53] Epoch 19 training completed. Computing validation loss.
[2026-06-03 12:16:12] Epoch 19 validation loss completed: 0.1811. Computing detection metrics.
[2026-06-03 12:16:30] Epoch 19 metrics computed. Saving artifacts.
[2026-06-03 12:16:32] Epoch 19 improved mAP@0.5 to 0.8040. Saved best checkpoint: best_model-20260603-105134.pth.
Epoch [19/30]
├── Train Loss : 0.0946
│   ├── loss_classifier  : 0.0293
│   ├── loss_box_reg     : 0.0597
│   ├── loss_objectness  : 0.0025
│   └── loss_rpn_box_reg : 0.0032
├── Val Loss   : 0.1811
├── mAP@0.5    : 0.8040
├── mAP@0.75   : 0.5432
├── mAP@0.5:0.95 : 0.4960
├── Precision  : 0.6475
├── Recall     : 0.8570
├── GT Boxes   : 2021
├── Predictions: 2675
├── Per-class AP
│   ├── person  : AP50=0.8456, AP75=0.5435, AP50:95=0.5017, P=0.6929, R=0.8780
│   ├── car     : AP50=0.7739, AP75=0.4827, AP50:95=0.4610, P=0.5728, R=0.8481
│   ├── dog     : AP50=0.8784, AP75=0.6854, AP50:95=0.5950, P=0.7312, R=0.8981
│   ├── cat     : AP50=0.8988, AP75=0.6855, AP50:95=0.5950, P=0.8247, R=0.9091
│   └── chair   : AP50=0.6235, AP75=0.3191, AP50:95=0.3271, P=0.4554, R=0.7234
├── LR         : 0.000100
└── Time       : 246.2s
[2026-06-03 12:16:32] Epoch [19/30] completed.
[2026-06-03 12:16:32] Epoch [20/30] started.
[2026-06-03 12:16:35] Epoch 20 train batch [20/1875] loss=0.0156 avg_loss=0.0999
[2026-06-03 12:16:37] Epoch 20 train batch [40/1875] loss=0.0681 avg_loss=0.0935
[2026-06-03 12:16:39] Epoch 20 train batch [60/1875] loss=0.0551 avg_loss=0.0995
[2026-06-03 12:16:41] Epoch 20 train batch [80/1875] loss=0.0402 avg_loss=0.1054
[2026-06-03 12:16:43] Epoch 20 train batch [100/1875] loss=0.0638 avg_loss=0.0977
[2026-06-03 12:16:45] Epoch 20 train batch [120/1875] loss=0.0322 avg_loss=0.0928
[2026-06-03 12:16:47] Epoch 20 train batch [140/1875] loss=0.0444 avg_loss=0.0938
[2026-06-03 12:16:49] Epoch 20 train batch [160/1875] loss=0.0217 avg_loss=0.0932
[2026-06-03 12:16:51] Epoch 20 train batch [180/1875] loss=0.0418 avg_loss=0.0912
[2026-06-03 12:16:53] Epoch 20 train batch [200/1875] loss=0.0705 avg_loss=0.0899
[2026-06-03 12:16:55] Epoch 20 train batch [220/1875] loss=0.0716 avg_loss=0.0900
[2026-06-03 12:16:57] Epoch 20 train batch [240/1875] loss=0.0769 avg_loss=0.0894
[2026-06-03 12:16:59] Epoch 20 train batch [260/1875] loss=0.1253 avg_loss=0.0911
[2026-06-03 12:17:02] Epoch 20 train batch [280/1875] loss=0.2235 avg_loss=0.0917
[2026-06-03 12:17:04] Epoch 20 train batch [300/1875] loss=0.0853 avg_loss=0.0912
[2026-06-03 12:17:06] Epoch 20 train batch [320/1875] loss=0.1423 avg_loss=0.0913
[2026-06-03 12:17:08] Epoch 20 train batch [340/1875] loss=0.1645 avg_loss=0.0915
[2026-06-03 12:17:10] Epoch 20 train batch [360/1875] loss=0.1842 avg_loss=0.0913
[2026-06-03 12:17:12] Epoch 20 train batch [380/1875] loss=0.0988 avg_loss=0.0905
[2026-06-03 12:17:15] Epoch 20 train batch [400/1875] loss=0.0623 avg_loss=0.0894
[2026-06-03 12:17:17] Epoch 20 train batch [420/1875] loss=0.2612 avg_loss=0.0908
[2026-06-03 12:17:20] Epoch 20 train batch [440/1875] loss=0.0761 avg_loss=0.0911
[2026-06-03 12:17:23] Epoch 20 train batch [460/1875] loss=0.1165 avg_loss=0.0909
[2026-06-03 12:17:25] Epoch 20 train batch [480/1875] loss=0.1372 avg_loss=0.0921
[2026-06-03 12:17:27] Epoch 20 train batch [500/1875] loss=0.0816 avg_loss=0.0926
[2026-06-03 12:17:29] Epoch 20 train batch [520/1875] loss=0.1261 avg_loss=0.0919
[2026-06-03 12:17:31] Epoch 20 train batch [540/1875] loss=0.0221 avg_loss=0.0925
[2026-06-03 12:17:33] Epoch 20 train batch [560/1875] loss=0.1836 avg_loss=0.0935
[2026-06-03 12:17:35] Epoch 20 train batch [580/1875] loss=0.0994 avg_loss=0.0930
[2026-06-03 12:17:38] Epoch 20 train batch [600/1875] loss=0.1940 avg_loss=0.0936
[2026-06-03 12:17:40] Epoch 20 train batch [620/1875] loss=0.0769 avg_loss=0.0938
[2026-06-03 12:17:42] Epoch 20 train batch [640/1875] loss=0.0310 avg_loss=0.0939
[2026-06-03 12:17:44] Epoch 20 train batch [660/1875] loss=0.1621 avg_loss=0.0939
[2026-06-03 12:17:46] Epoch 20 train batch [680/1875] loss=0.0561 avg_loss=0.0933
[2026-06-03 12:17:48] Epoch 20 train batch [700/1875] loss=0.1565 avg_loss=0.0934
[2026-06-03 12:17:50] Epoch 20 train batch [720/1875] loss=0.1315 avg_loss=0.0932
[2026-06-03 12:17:52] Epoch 20 train batch [740/1875] loss=0.0534 avg_loss=0.0933
[2026-06-03 12:17:54] Epoch 20 train batch [760/1875] loss=0.1097 avg_loss=0.0932
[2026-06-03 12:17:57] Epoch 20 train batch [780/1875] loss=0.1171 avg_loss=0.0931
[2026-06-03 12:17:59] Epoch 20 train batch [800/1875] loss=0.0847 avg_loss=0.0927
[2026-06-03 12:18:01] Epoch 20 train batch [820/1875] loss=0.0223 avg_loss=0.0926
[2026-06-03 12:18:03] Epoch 20 train batch [840/1875] loss=0.0712 avg_loss=0.0924
[2026-06-03 12:18:05] Epoch 20 train batch [860/1875] loss=0.0095 avg_loss=0.0919
[2026-06-03 12:18:07] Epoch 20 train batch [880/1875] loss=0.1119 avg_loss=0.0922
[2026-06-03 12:18:09] Epoch 20 train batch [900/1875] loss=0.0222 avg_loss=0.0921
[2026-06-03 12:18:11] Epoch 20 train batch [920/1875] loss=0.0446 avg_loss=0.0917
[2026-06-03 12:18:13] Epoch 20 train batch [940/1875] loss=0.0710 avg_loss=0.0922
[2026-06-03 12:18:15] Epoch 20 train batch [960/1875] loss=0.1243 avg_loss=0.0930
[2026-06-03 12:18:17] Epoch 20 train batch [980/1875] loss=0.0362 avg_loss=0.0924
[2026-06-03 12:18:19] Epoch 20 train batch [1000/1875] loss=0.0851 avg_loss=0.0927
[2026-06-03 12:18:21] Epoch 20 train batch [1020/1875] loss=0.0224 avg_loss=0.0922
[2026-06-03 12:18:23] Epoch 20 train batch [1040/1875] loss=0.2439 avg_loss=0.0922
[2026-06-03 12:18:26] Epoch 20 train batch [1060/1875] loss=0.2661 avg_loss=0.0926
[2026-06-03 12:18:28] Epoch 20 train batch [1080/1875] loss=0.0404 avg_loss=0.0929
[2026-06-03 12:18:31] Epoch 20 train batch [1100/1875] loss=0.0595 avg_loss=0.0927
[2026-06-03 12:18:34] Epoch 20 train batch [1120/1875] loss=0.0181 avg_loss=0.0925
[2026-06-03 12:18:37] Epoch 20 train batch [1140/1875] loss=0.0223 avg_loss=0.0923
[2026-06-03 12:18:40] Epoch 20 train batch [1160/1875] loss=0.1030 avg_loss=0.0924
[2026-06-03 12:18:43] Epoch 20 train batch [1180/1875] loss=0.0091 avg_loss=0.0925
[2026-06-03 12:18:45] Epoch 20 train batch [1200/1875] loss=0.2369 avg_loss=0.0924
[2026-06-03 12:18:48] Epoch 20 train batch [1220/1875] loss=0.0897 avg_loss=0.0924
[2026-06-03 12:18:50] Epoch 20 train batch [1240/1875] loss=0.0306 avg_loss=0.0920
[2026-06-03 12:18:53] Epoch 20 train batch [1260/1875] loss=0.1122 avg_loss=0.0927
[2026-06-03 12:18:56] Epoch 20 train batch [1280/1875] loss=0.1128 avg_loss=0.0931
[2026-06-03 12:18:58] Epoch 20 train batch [1300/1875] loss=0.0783 avg_loss=0.0927
[2026-06-03 12:19:00] Epoch 20 train batch [1320/1875] loss=0.0926 avg_loss=0.0927
[2026-06-03 12:19:02] Epoch 20 train batch [1340/1875] loss=0.0336 avg_loss=0.0929
[2026-06-03 12:19:04] Epoch 20 train batch [1360/1875] loss=0.0488 avg_loss=0.0930
[2026-06-03 12:19:07] Epoch 20 train batch [1380/1875] loss=0.0633 avg_loss=0.0928
[2026-06-03 12:19:09] Epoch 20 train batch [1400/1875] loss=0.2932 avg_loss=0.0930
[2026-06-03 12:19:11] Epoch 20 train batch [1420/1875] loss=0.1511 avg_loss=0.0928
[2026-06-03 12:19:13] Epoch 20 train batch [1440/1875] loss=0.0294 avg_loss=0.0930
[2026-06-03 12:19:15] Epoch 20 train batch [1460/1875] loss=0.0370 avg_loss=0.0932
[2026-06-03 12:19:17] Epoch 20 train batch [1480/1875] loss=0.0313 avg_loss=0.0932
[2026-06-03 12:19:19] Epoch 20 train batch [1500/1875] loss=0.0213 avg_loss=0.0933
[2026-06-03 12:19:21] Epoch 20 train batch [1520/1875] loss=0.1296 avg_loss=0.0934
[2026-06-03 12:19:23] Epoch 20 train batch [1540/1875] loss=0.0718 avg_loss=0.0932
[2026-06-03 12:19:26] Epoch 20 train batch [1560/1875] loss=0.1947 avg_loss=0.0930
[2026-06-03 12:19:28] Epoch 20 train batch [1580/1875] loss=0.0271 avg_loss=0.0932
[2026-06-03 12:19:30] Epoch 20 train batch [1600/1875] loss=0.2986 avg_loss=0.0934
[2026-06-03 12:19:32] Epoch 20 train batch [1620/1875] loss=0.0225 avg_loss=0.0936
[2026-06-03 12:19:34] Epoch 20 train batch [1640/1875] loss=0.0964 avg_loss=0.0936
[2026-06-03 12:19:36] Epoch 20 train batch [1660/1875] loss=0.0969 avg_loss=0.0936
[2026-06-03 12:19:38] Epoch 20 train batch [1680/1875] loss=0.0271 avg_loss=0.0935
[2026-06-03 12:19:40] Epoch 20 train batch [1700/1875] loss=0.0065 avg_loss=0.0932
[2026-06-03 12:19:42] Epoch 20 train batch [1720/1875] loss=0.1383 avg_loss=0.0932
[2026-06-03 12:19:44] Epoch 20 train batch [1740/1875] loss=0.1221 avg_loss=0.0932
[2026-06-03 12:19:47] Epoch 20 train batch [1760/1875] loss=0.0685 avg_loss=0.0932
[2026-06-03 12:19:49] Epoch 20 train batch [1780/1875] loss=0.2070 avg_loss=0.0934
[2026-06-03 12:19:51] Epoch 20 train batch [1800/1875] loss=0.1257 avg_loss=0.0934
[2026-06-03 12:19:53] Epoch 20 train batch [1820/1875] loss=0.0421 avg_loss=0.0933
[2026-06-03 12:19:55] Epoch 20 train batch [1840/1875] loss=0.0483 avg_loss=0.0936
[2026-06-03 12:19:57] Epoch 20 train batch [1860/1875] loss=0.0707 avg_loss=0.0933
[2026-06-03 12:19:59] Epoch 20 train batch [1875/1875] loss=0.2280 avg_loss=0.0936
[2026-06-03 12:19:59] Epoch 20 training completed. Computing validation loss.
[2026-06-03 12:20:17] Epoch 20 validation loss completed: 0.1814. Computing detection metrics.
[2026-06-03 12:20:35] Epoch 20 metrics computed. Saving artifacts.
[2026-06-03 12:20:38] Epoch 20 did not improve mAP@0.5 enough. Early stopping counter: 1/7.
Epoch [20/30]
├── Train Loss : 0.0936
│   ├── loss_classifier  : 0.0289
│   ├── loss_box_reg     : 0.0590
│   ├── loss_objectness  : 0.0024
│   └── loss_rpn_box_reg : 0.0032
├── Val Loss   : 0.1814
├── mAP@0.5    : 0.7977
├── mAP@0.75   : 0.5376
├── mAP@0.5:0.95 : 0.4932
├── Precision  : 0.6547
├── Recall     : 0.8511
├── GT Boxes   : 2021
├── Predictions: 2627
├── Per-class AP
│   ├── person  : AP50=0.8439, AP75=0.5423, AP50:95=0.5021, P=0.7046, R=0.8752
│   ├── car     : AP50=0.7700, AP75=0.4906, AP50:95=0.4611, P=0.5910, R=0.8375
│   ├── dog     : AP50=0.8499, AP75=0.6892, AP50:95=0.5824, P=0.7417, R=0.8641
│   ├── cat     : AP50=0.8982, AP75=0.6638, AP50:95=0.5905, P=0.8122, R=0.9091
│   └── chair   : AP50=0.6263, AP75=0.3020, AP50:95=0.3300, P=0.4505, R=0.7270
├── LR         : 0.000100
└── Time       : 242.9s
[2026-06-03 12:20:38] Epoch [20/30] completed.
[2026-06-03 12:20:38] Epoch [21/30] started.
[2026-06-03 12:20:40] Epoch 21 train batch [20/1875] loss=0.0164 avg_loss=0.0906
[2026-06-03 12:20:42] Epoch 21 train batch [40/1875] loss=0.0305 avg_loss=0.0905
[2026-06-03 12:20:44] Epoch 21 train batch [60/1875] loss=0.0926 avg_loss=0.0891
[2026-06-03 12:20:46] Epoch 21 train batch [80/1875] loss=0.0761 avg_loss=0.0868
[2026-06-03 12:20:49] Epoch 21 train batch [100/1875] loss=0.0111 avg_loss=0.0892
[2026-06-03 12:20:52] Epoch 21 train batch [120/1875] loss=0.2870 avg_loss=0.0874
[2026-06-03 12:20:55] Epoch 21 train batch [140/1875] loss=0.0490 avg_loss=0.0860
[2026-06-03 12:20:58] Epoch 21 train batch [160/1875] loss=0.0297 avg_loss=0.0869
[2026-06-03 12:21:01] Epoch 21 train batch [180/1875] loss=0.1584 avg_loss=0.0847
[2026-06-03 12:21:03] Epoch 21 train batch [200/1875] loss=0.0748 avg_loss=0.0853
[2026-06-03 12:21:06] Epoch 21 train batch [220/1875] loss=0.0792 avg_loss=0.0853
[2026-06-03 12:21:09] Epoch 21 train batch [240/1875] loss=0.0633 avg_loss=0.0855
[2026-06-03 12:21:11] Epoch 21 train batch [260/1875] loss=0.1378 avg_loss=0.0874
[2026-06-03 12:21:14] Epoch 21 train batch [280/1875] loss=0.0698 avg_loss=0.0883
[2026-06-03 12:21:17] Epoch 21 train batch [300/1875] loss=0.0765 avg_loss=0.0894
[2026-06-03 12:21:19] Epoch 21 train batch [320/1875] loss=0.0734 avg_loss=0.0903
[2026-06-03 12:21:21] Epoch 21 train batch [340/1875] loss=0.0115 avg_loss=0.0906
[2026-06-03 12:21:24] Epoch 21 train batch [360/1875] loss=0.2644 avg_loss=0.0906
[2026-06-03 12:21:26] Epoch 21 train batch [380/1875] loss=0.0217 avg_loss=0.0891
[2026-06-03 12:21:28] Epoch 21 train batch [400/1875] loss=0.0748 avg_loss=0.0887
[2026-06-03 12:21:30] Epoch 21 train batch [420/1875] loss=0.0625 avg_loss=0.0880
[2026-06-03 12:21:32] Epoch 21 train batch [440/1875] loss=0.0286 avg_loss=0.0874
[2026-06-03 12:21:34] Epoch 21 train batch [460/1875] loss=0.0427 avg_loss=0.0883
[2026-06-03 12:21:37] Epoch 21 train batch [480/1875] loss=0.1240 avg_loss=0.0882
[2026-06-03 12:21:39] Epoch 21 train batch [500/1875] loss=0.0194 avg_loss=0.0882
[2026-06-03 12:21:42] Epoch 21 train batch [520/1875] loss=0.0669 avg_loss=0.0888
[2026-06-03 12:21:45] Epoch 21 train batch [540/1875] loss=0.1713 avg_loss=0.0886
[2026-06-03 12:21:48] Epoch 21 train batch [560/1875] loss=0.0835 avg_loss=0.0887
[2026-06-03 12:21:50] Epoch 21 train batch [580/1875] loss=0.0238 avg_loss=0.0888
[2026-06-03 12:21:53] Epoch 21 train batch [600/1875] loss=0.0726 avg_loss=0.0894
[2026-06-03 12:21:56] Epoch 21 train batch [620/1875] loss=0.1123 avg_loss=0.0895
[2026-06-03 12:21:59] Epoch 21 train batch [640/1875] loss=0.0404 avg_loss=0.0886
[2026-06-03 12:22:01] Epoch 21 train batch [660/1875] loss=0.1630 avg_loss=0.0885
[2026-06-03 12:22:04] Epoch 21 train batch [680/1875] loss=0.0683 avg_loss=0.0886
[2026-06-03 12:22:07] Epoch 21 train batch [700/1875] loss=0.0482 avg_loss=0.0890
[2026-06-03 12:22:10] Epoch 21 train batch [720/1875] loss=0.1902 avg_loss=0.0892
[2026-06-03 12:22:12] Epoch 21 train batch [740/1875] loss=0.1050 avg_loss=0.0896
[2026-06-03 12:22:14] Epoch 21 train batch [760/1875] loss=0.0591 avg_loss=0.0894
[2026-06-03 12:22:16] Epoch 21 train batch [780/1875] loss=0.1733 avg_loss=0.0889
[2026-06-03 12:22:18] Epoch 21 train batch [800/1875] loss=0.2270 avg_loss=0.0892
[2026-06-03 12:22:20] Epoch 21 train batch [820/1875] loss=0.0987 avg_loss=0.0894
[2026-06-03 12:22:23] Epoch 21 train batch [840/1875] loss=0.0539 avg_loss=0.0893
[2026-06-03 12:22:25] Epoch 21 train batch [860/1875] loss=0.0197 avg_loss=0.0893
[2026-06-03 12:22:27] Epoch 21 train batch [880/1875] loss=0.0683 avg_loss=0.0896
[2026-06-03 12:22:29] Epoch 21 train batch [900/1875] loss=0.1623 avg_loss=0.0902
[2026-06-03 12:22:31] Epoch 21 train batch [920/1875] loss=0.0802 avg_loss=0.0902
[2026-06-03 12:22:33] Epoch 21 train batch [940/1875] loss=0.0588 avg_loss=0.0903
[2026-06-03 12:22:35] Epoch 21 train batch [960/1875] loss=0.0844 avg_loss=0.0898
[2026-06-03 12:22:37] Epoch 21 train batch [980/1875] loss=0.0612 avg_loss=0.0900
[2026-06-03 12:22:39] Epoch 21 train batch [1000/1875] loss=0.0945 avg_loss=0.0904
[2026-06-03 12:22:41] Epoch 21 train batch [1020/1875] loss=0.1174 avg_loss=0.0908
[2026-06-03 12:22:43] Epoch 21 train batch [1040/1875] loss=0.1410 avg_loss=0.0907
[2026-06-03 12:22:46] Epoch 21 train batch [1060/1875] loss=0.0617 avg_loss=0.0906
[2026-06-03 12:22:49] Epoch 21 train batch [1080/1875] loss=0.0743 avg_loss=0.0908
[2026-06-03 12:22:51] Epoch 21 train batch [1100/1875] loss=0.0597 avg_loss=0.0912
[2026-06-03 12:22:54] Epoch 21 train batch [1120/1875] loss=0.0395 avg_loss=0.0911
[2026-06-03 12:22:57] Epoch 21 train batch [1140/1875] loss=0.0241 avg_loss=0.0909
[2026-06-03 12:23:00] Epoch 21 train batch [1160/1875] loss=0.0515 avg_loss=0.0912
[2026-06-03 12:23:03] Epoch 21 train batch [1180/1875] loss=0.0155 avg_loss=0.0914
[2026-06-03 12:23:06] Epoch 21 train batch [1200/1875] loss=0.0900 avg_loss=0.0915
[2026-06-03 12:23:09] Epoch 21 train batch [1220/1875] loss=0.0949 avg_loss=0.0912
[2026-06-03 12:23:11] Epoch 21 train batch [1240/1875] loss=0.1212 avg_loss=0.0912
[2026-06-03 12:23:14] Epoch 21 train batch [1260/1875] loss=0.2116 avg_loss=0.0912
[2026-06-03 12:23:17] Epoch 21 train batch [1280/1875] loss=0.0422 avg_loss=0.0912
[2026-06-03 12:23:20] Epoch 21 train batch [1300/1875] loss=0.0702 avg_loss=0.0915
[2026-06-03 12:23:22] Epoch 21 train batch [1320/1875] loss=0.1409 avg_loss=0.0916
[2026-06-03 12:23:24] Epoch 21 train batch [1340/1875] loss=0.1735 avg_loss=0.0920
[2026-06-03 12:23:26] Epoch 21 train batch [1360/1875] loss=0.1217 avg_loss=0.0918
[2026-06-03 12:23:29] Epoch 21 train batch [1380/1875] loss=0.0772 avg_loss=0.0920
[2026-06-03 12:23:31] Epoch 21 train batch [1400/1875] loss=0.2049 avg_loss=0.0920
[2026-06-03 12:23:33] Epoch 21 train batch [1420/1875] loss=0.0829 avg_loss=0.0916
[2026-06-03 12:23:35] Epoch 21 train batch [1440/1875] loss=0.1807 avg_loss=0.0919
[2026-06-03 12:23:37] Epoch 21 train batch [1460/1875] loss=0.0871 avg_loss=0.0916
[2026-06-03 12:23:39] Epoch 21 train batch [1480/1875] loss=0.0809 avg_loss=0.0917
[2026-06-03 12:23:41] Epoch 21 train batch [1500/1875] loss=0.1551 avg_loss=0.0919
[2026-06-03 12:23:43] Epoch 21 train batch [1520/1875] loss=0.0603 avg_loss=0.0919
[2026-06-03 12:23:45] Epoch 21 train batch [1540/1875] loss=0.0266 avg_loss=0.0918
[2026-06-03 12:23:47] Epoch 21 train batch [1560/1875] loss=0.1192 avg_loss=0.0921
[2026-06-03 12:23:49] Epoch 21 train batch [1580/1875] loss=0.0296 avg_loss=0.0921
[2026-06-03 12:23:51] Epoch 21 train batch [1600/1875] loss=0.0327 avg_loss=0.0917
[2026-06-03 12:23:53] Epoch 21 train batch [1620/1875] loss=0.1635 avg_loss=0.0917
[2026-06-03 12:23:56] Epoch 21 train batch [1640/1875] loss=0.0665 avg_loss=0.0918
[2026-06-03 12:23:58] Epoch 21 train batch [1660/1875] loss=0.0506 avg_loss=0.0917
[2026-06-03 12:24:00] Epoch 21 train batch [1680/1875] loss=0.0954 avg_loss=0.0917
[2026-06-03 12:24:02] Epoch 21 train batch [1700/1875] loss=0.0484 avg_loss=0.0918
[2026-06-03 12:24:04] Epoch 21 train batch [1720/1875] loss=0.1823 avg_loss=0.0919
[2026-06-03 12:24:06] Epoch 21 train batch [1740/1875] loss=0.0613 avg_loss=0.0919
[2026-06-03 12:24:08] Epoch 21 train batch [1760/1875] loss=0.0710 avg_loss=0.0921
[2026-06-03 12:24:11] Epoch 21 train batch [1780/1875] loss=0.1210 avg_loss=0.0921
[2026-06-03 12:24:13] Epoch 21 train batch [1800/1875] loss=0.0479 avg_loss=0.0921
[2026-06-03 12:24:15] Epoch 21 train batch [1820/1875] loss=0.0394 avg_loss=0.0921
[2026-06-03 12:24:17] Epoch 21 train batch [1840/1875] loss=0.0856 avg_loss=0.0922
[2026-06-03 12:24:19] Epoch 21 train batch [1860/1875] loss=0.2513 avg_loss=0.0923
[2026-06-03 12:24:21] Epoch 21 train batch [1875/1875] loss=0.1412 avg_loss=0.0923
[2026-06-03 12:24:21] Epoch 21 training completed. Computing validation loss.
[2026-06-03 12:24:39] Epoch 21 validation loss completed: 0.1828. Computing detection metrics.
[2026-06-03 12:24:57] Epoch 21 metrics computed. Saving artifacts.
[2026-06-03 12:24:58] Epoch 21 did not improve mAP@0.5 enough. Early stopping counter: 2/7.
Epoch [21/30]
├── Train Loss : 0.0923
│   ├── loss_classifier  : 0.0285
│   ├── loss_box_reg     : 0.0583
│   ├── loss_objectness  : 0.0024
│   └── loss_rpn_box_reg : 0.0031
├── Val Loss   : 0.1828
├── mAP@0.5    : 0.7994
├── mAP@0.75   : 0.5418
├── mAP@0.5:0.95 : 0.4938
├── Precision  : 0.6453
├── Recall     : 0.8506
├── GT Boxes   : 2021
├── Predictions: 2664
├── Per-class AP
│   ├── person  : AP50=0.8439, AP75=0.5405, AP50:95=0.4989, P=0.6876, R=0.8752
│   ├── car     : AP50=0.7738, AP75=0.4914, AP50:95=0.4638, P=0.5862, R=0.8410
│   ├── dog     : AP50=0.8617, AP75=0.6869, AP50:95=0.5820, P=0.7298, R=0.8786
│   ├── cat     : AP50=0.9051, AP75=0.6887, AP50:95=0.6009, P=0.8050, R=0.9148
│   └── chair   : AP50=0.6122, AP75=0.3013, AP50:95=0.3235, P=0.4492, R=0.7057
├── LR         : 0.000100
└── Time       : 259.1s
[2026-06-03 12:24:58] Epoch [21/30] completed.
[2026-06-03 12:24:58] Epoch [22/30] started.
[2026-06-03 12:25:00] Epoch 22 train batch [20/1875] loss=0.0173 avg_loss=0.0909
[2026-06-03 12:25:02] Epoch 22 train batch [40/1875] loss=0.0641 avg_loss=0.0972
[2026-06-03 12:25:04] Epoch 22 train batch [60/1875] loss=0.0458 avg_loss=0.0940
[2026-06-03 12:25:06] Epoch 22 train batch [80/1875] loss=0.0318 avg_loss=0.0931
[2026-06-03 12:25:08] Epoch 22 train batch [100/1875] loss=0.1549 avg_loss=0.0908
[2026-06-03 12:25:10] Epoch 22 train batch [120/1875] loss=0.0830 avg_loss=0.0920
[2026-06-03 12:25:12] Epoch 22 train batch [140/1875] loss=0.1568 avg_loss=0.0965
[2026-06-03 12:25:15] Epoch 22 train batch [160/1875] loss=0.1198 avg_loss=0.0970
[2026-06-03 12:25:17] Epoch 22 train batch [180/1875] loss=0.0886 avg_loss=0.0955
[2026-06-03 12:25:19] Epoch 22 train batch [200/1875] loss=0.1117 avg_loss=0.0948
[2026-06-03 12:25:21] Epoch 22 train batch [220/1875] loss=0.1520 avg_loss=0.0940
[2026-06-03 12:25:23] Epoch 22 train batch [240/1875] loss=0.0363 avg_loss=0.0950
[2026-06-03 12:25:25] Epoch 22 train batch [260/1875] loss=0.1205 avg_loss=0.0956
[2026-06-03 12:25:27] Epoch 22 train batch [280/1875] loss=0.0796 avg_loss=0.0941
[2026-06-03 12:25:29] Epoch 22 train batch [300/1875] loss=0.2027 avg_loss=0.0925
[2026-06-03 12:25:31] Epoch 22 train batch [320/1875] loss=0.0848 avg_loss=0.0917
[2026-06-03 12:25:33] Epoch 22 train batch [340/1875] loss=0.0306 avg_loss=0.0911
[2026-06-03 12:25:35] Epoch 22 train batch [360/1875] loss=0.2029 avg_loss=0.0907
[2026-06-03 12:25:37] Epoch 22 train batch [380/1875] loss=0.0268 avg_loss=0.0888
[2026-06-03 12:25:39] Epoch 22 train batch [400/1875] loss=0.1089 avg_loss=0.0881
[2026-06-03 12:25:41] Epoch 22 train batch [420/1875] loss=0.1712 avg_loss=0.0882
[2026-06-03 12:25:44] Epoch 22 train batch [440/1875] loss=0.0586 avg_loss=0.0897
[2026-06-03 12:25:46] Epoch 22 train batch [460/1875] loss=0.1407 avg_loss=0.0901
[2026-06-03 12:25:48] Epoch 22 train batch [480/1875] loss=0.2072 avg_loss=0.0900
[2026-06-03 12:25:50] Epoch 22 train batch [500/1875] loss=0.0570 avg_loss=0.0899
[2026-06-03 12:25:52] Epoch 22 train batch [520/1875] loss=0.0409 avg_loss=0.0895
[2026-06-03 12:25:54] Epoch 22 train batch [540/1875] loss=0.0858 avg_loss=0.0885
[2026-06-03 12:25:56] Epoch 22 train batch [560/1875] loss=0.0847 avg_loss=0.0895
[2026-06-03 12:25:58] Epoch 22 train batch [580/1875] loss=0.0468 avg_loss=0.0894
[2026-06-03 12:26:00] Epoch 22 train batch [600/1875] loss=0.0682 avg_loss=0.0890
[2026-06-03 12:26:02] Epoch 22 train batch [620/1875] loss=0.0437 avg_loss=0.0887
[2026-06-03 12:26:05] Epoch 22 train batch [640/1875] loss=0.0356 avg_loss=0.0893
[2026-06-03 12:26:07] Epoch 22 train batch [660/1875] loss=0.0304 avg_loss=0.0897
[2026-06-03 12:26:09] Epoch 22 train batch [680/1875] loss=0.0406 avg_loss=0.0903
[2026-06-03 12:26:11] Epoch 22 train batch [700/1875] loss=0.1048 avg_loss=0.0902
[2026-06-03 12:26:13] Epoch 22 train batch [720/1875] loss=0.0588 avg_loss=0.0905
[2026-06-03 12:26:15] Epoch 22 train batch [740/1875] loss=0.0596 avg_loss=0.0904
[2026-06-03 12:26:17] Epoch 22 train batch [760/1875] loss=0.0442 avg_loss=0.0900
[2026-06-03 12:26:19] Epoch 22 train batch [780/1875] loss=0.0774 avg_loss=0.0904
[2026-06-03 12:26:21] Epoch 22 train batch [800/1875] loss=0.0685 avg_loss=0.0901
[2026-06-03 12:26:23] Epoch 22 train batch [820/1875] loss=0.1193 avg_loss=0.0907
[2026-06-03 12:26:25] Epoch 22 train batch [840/1875] loss=0.2547 avg_loss=0.0909
[2026-06-03 12:26:27] Epoch 22 train batch [860/1875] loss=0.2186 avg_loss=0.0907
[2026-06-03 12:26:30] Epoch 22 train batch [880/1875] loss=0.1441 avg_loss=0.0906
[2026-06-03 12:26:32] Epoch 22 train batch [900/1875] loss=0.0799 avg_loss=0.0910
[2026-06-03 12:26:34] Epoch 22 train batch [920/1875] loss=0.0539 avg_loss=0.0907
[2026-06-03 12:26:36] Epoch 22 train batch [940/1875] loss=0.1547 avg_loss=0.0908
[2026-06-03 12:26:38] Epoch 22 train batch [960/1875] loss=0.1087 avg_loss=0.0908
[2026-06-03 12:26:40] Epoch 22 train batch [980/1875] loss=0.0731 avg_loss=0.0906
[2026-06-03 12:26:42] Epoch 22 train batch [1000/1875] loss=0.1752 avg_loss=0.0907
[2026-06-03 12:26:44] Epoch 22 train batch [1020/1875] loss=0.0656 avg_loss=0.0912
[2026-06-03 12:26:46] Epoch 22 train batch [1040/1875] loss=0.0961 avg_loss=0.0911
[2026-06-03 12:26:48] Epoch 22 train batch [1060/1875] loss=0.0255 avg_loss=0.0912
[2026-06-03 12:26:50] Epoch 22 train batch [1080/1875] loss=0.0324 avg_loss=0.0914
[2026-06-03 12:26:52] Epoch 22 train batch [1100/1875] loss=0.0241 avg_loss=0.0913
[2026-06-03 12:26:55] Epoch 22 train batch [1120/1875] loss=0.0333 avg_loss=0.0914
[2026-06-03 12:26:57] Epoch 22 train batch [1140/1875] loss=0.0974 avg_loss=0.0917
[2026-06-03 12:26:59] Epoch 22 train batch [1160/1875] loss=0.1100 avg_loss=0.0916
[2026-06-03 12:27:01] Epoch 22 train batch [1180/1875] loss=0.1243 avg_loss=0.0918
[2026-06-03 12:27:03] Epoch 22 train batch [1200/1875] loss=0.0320 avg_loss=0.0925
[2026-06-03 12:27:05] Epoch 22 train batch [1220/1875] loss=0.0931 avg_loss=0.0923
[2026-06-03 12:27:07] Epoch 22 train batch [1240/1875] loss=0.1147 avg_loss=0.0925
[2026-06-03 12:27:09] Epoch 22 train batch [1260/1875] loss=0.0609 avg_loss=0.0924
[2026-06-03 12:27:11] Epoch 22 train batch [1280/1875] loss=0.0579 avg_loss=0.0923
[2026-06-03 12:27:13] Epoch 22 train batch [1300/1875] loss=0.0569 avg_loss=0.0920
[2026-06-03 12:27:15] Epoch 22 train batch [1320/1875] loss=0.0954 avg_loss=0.0919
[2026-06-03 12:27:18] Epoch 22 train batch [1340/1875] loss=0.0615 avg_loss=0.0921
[2026-06-03 12:27:20] Epoch 22 train batch [1360/1875] loss=0.1573 avg_loss=0.0920
[2026-06-03 12:27:22] Epoch 22 train batch [1380/1875] loss=0.0296 avg_loss=0.0922
[2026-06-03 12:27:24] Epoch 22 train batch [1400/1875] loss=0.1288 avg_loss=0.0920
[2026-06-03 12:27:26] Epoch 22 train batch [1420/1875] loss=0.0550 avg_loss=0.0920
[2026-06-03 12:27:28] Epoch 22 train batch [1440/1875] loss=0.0483 avg_loss=0.0918
[2026-06-03 12:27:30] Epoch 22 train batch [1460/1875] loss=0.0346 avg_loss=0.0922
[2026-06-03 12:27:33] Epoch 22 train batch [1480/1875] loss=0.0641 avg_loss=0.0922
[2026-06-03 12:27:35] Epoch 22 train batch [1500/1875] loss=0.0086 avg_loss=0.0921
[2026-06-03 12:27:37] Epoch 22 train batch [1520/1875] loss=0.2269 avg_loss=0.0921
[2026-06-03 12:27:39] Epoch 22 train batch [1540/1875] loss=0.0626 avg_loss=0.0917
[2026-06-03 12:27:41] Epoch 22 train batch [1560/1875] loss=0.1138 avg_loss=0.0916
[2026-06-03 12:27:43] Epoch 22 train batch [1580/1875] loss=0.0697 avg_loss=0.0914
[2026-06-03 12:27:45] Epoch 22 train batch [1600/1875] loss=0.0714 avg_loss=0.0917
[2026-06-03 12:27:47] Epoch 22 train batch [1620/1875] loss=0.0643 avg_loss=0.0914
[2026-06-03 12:27:49] Epoch 22 train batch [1640/1875] loss=0.0717 avg_loss=0.0913
[2026-06-03 12:27:51] Epoch 22 train batch [1660/1875] loss=0.0200 avg_loss=0.0912
[2026-06-03 12:27:53] Epoch 22 train batch [1680/1875] loss=0.0440 avg_loss=0.0913
[2026-06-03 12:27:56] Epoch 22 train batch [1700/1875] loss=0.1527 avg_loss=0.0915
[2026-06-03 12:27:58] Epoch 22 train batch [1720/1875] loss=0.0400 avg_loss=0.0914
[2026-06-03 12:28:00] Epoch 22 train batch [1740/1875] loss=0.0713 avg_loss=0.0913
[2026-06-03 12:28:02] Epoch 22 train batch [1760/1875] loss=0.0471 avg_loss=0.0915
[2026-06-03 12:28:04] Epoch 22 train batch [1780/1875] loss=0.1049 avg_loss=0.0913
[2026-06-03 12:28:06] Epoch 22 train batch [1800/1875] loss=0.1127 avg_loss=0.0913
[2026-06-03 12:28:08] Epoch 22 train batch [1820/1875] loss=0.1345 avg_loss=0.0914
[2026-06-03 12:28:10] Epoch 22 train batch [1840/1875] loss=0.0677 avg_loss=0.0915
[2026-06-03 12:28:12] Epoch 22 train batch [1860/1875] loss=0.1148 avg_loss=0.0914
[2026-06-03 12:28:14] Epoch 22 train batch [1875/1875] loss=0.1662 avg_loss=0.0915
[2026-06-03 12:28:14] Epoch 22 training completed. Computing validation loss.
[2026-06-03 12:28:33] Epoch 22 validation loss completed: 0.1829. Computing detection metrics.
[2026-06-03 12:28:51] Epoch 22 metrics computed. Saving artifacts.
[2026-06-03 12:28:51] Epoch 22 did not improve mAP@0.5 enough. Early stopping counter: 3/7.
Epoch [22/30]
├── Train Loss : 0.0915
│   ├── loss_classifier  : 0.0282
│   ├── loss_box_reg     : 0.0578
│   ├── loss_objectness  : 0.0023
│   └── loss_rpn_box_reg : 0.0031
├── Val Loss   : 0.1829
├── mAP@0.5    : 0.8014
├── mAP@0.75   : 0.5380
├── mAP@0.5:0.95 : 0.4931
├── Precision  : 0.6453
├── Recall     : 0.8506
├── GT Boxes   : 2021
├── Predictions: 2664
├── Per-class AP
│   ├── person  : AP50=0.8390, AP75=0.5495, AP50:95=0.4988, P=0.6724, R=0.8715
│   ├── car     : AP50=0.7794, AP75=0.5038, AP50:95=0.4629, P=0.5801, R=0.8445
│   ├── dog     : AP50=0.8610, AP75=0.6941, AP50:95=0.5882, P=0.7418, R=0.8786
│   ├── cat     : AP50=0.9096, AP75=0.6548, AP50:95=0.5906, P=0.8265, R=0.9205
│   └── chair   : AP50=0.6177, AP75=0.2878, AP50:95=0.3251, P=0.4786, R=0.7128
├── LR         : 0.000100
└── Time       : 233.1s
[2026-06-03 12:28:51] Epoch [22/30] completed.
[2026-06-03 12:28:51] Epoch [23/30] started.
[2026-06-03 12:28:54] Epoch 23 train batch [20/1875] loss=0.1004 avg_loss=0.1239
[2026-06-03 12:28:56] Epoch 23 train batch [40/1875] loss=0.0302 avg_loss=0.1059
[2026-06-03 12:28:58] Epoch 23 train batch [60/1875] loss=0.0971 avg_loss=0.0957
[2026-06-03 12:29:00] Epoch 23 train batch [80/1875] loss=0.0544 avg_loss=0.0957
[2026-06-03 12:29:02] Epoch 23 train batch [100/1875] loss=0.0690 avg_loss=0.0945
[2026-06-03 12:29:04] Epoch 23 train batch [120/1875] loss=0.0324 avg_loss=0.0938
[2026-06-03 12:29:06] Epoch 23 train batch [140/1875] loss=0.1221 avg_loss=0.0920
[2026-06-03 12:29:08] Epoch 23 train batch [160/1875] loss=0.0294 avg_loss=0.0921
[2026-06-03 12:29:11] Epoch 23 train batch [180/1875] loss=0.1645 avg_loss=0.0905
[2026-06-03 12:29:13] Epoch 23 train batch [200/1875] loss=0.0142 avg_loss=0.0916
[2026-06-03 12:29:15] Epoch 23 train batch [220/1875] loss=0.0679 avg_loss=0.0917
[2026-06-03 12:29:17] Epoch 23 train batch [240/1875] loss=0.0741 avg_loss=0.0898
[2026-06-03 12:29:19] Epoch 23 train batch [260/1875] loss=0.1386 avg_loss=0.0905
[2026-06-03 12:29:21] Epoch 23 train batch [280/1875] loss=0.0586 avg_loss=0.0910
[2026-06-03 12:29:23] Epoch 23 train batch [300/1875] loss=0.0294 avg_loss=0.0906
[2026-06-03 12:29:25] Epoch 23 train batch [320/1875] loss=0.0177 avg_loss=0.0900
[2026-06-03 12:29:28] Epoch 23 train batch [340/1875] loss=0.0458 avg_loss=0.0899
[2026-06-03 12:29:30] Epoch 23 train batch [360/1875] loss=0.0193 avg_loss=0.0897
[2026-06-03 12:29:32] Epoch 23 train batch [380/1875] loss=0.0751 avg_loss=0.0900
[2026-06-03 12:29:34] Epoch 23 train batch [400/1875] loss=0.0813 avg_loss=0.0907
[2026-06-03 12:29:36] Epoch 23 train batch [420/1875] loss=0.0877 avg_loss=0.0914
[2026-06-03 12:29:38] Epoch 23 train batch [440/1875] loss=0.0518 avg_loss=0.0914
[2026-06-03 12:29:40] Epoch 23 train batch [460/1875] loss=0.0182 avg_loss=0.0912
[2026-06-03 12:29:42] Epoch 23 train batch [480/1875] loss=0.0672 avg_loss=0.0911
[2026-06-03 12:29:44] Epoch 23 train batch [500/1875] loss=0.0580 avg_loss=0.0901
[2026-06-03 12:29:46] Epoch 23 train batch [520/1875] loss=0.0295 avg_loss=0.0900
[2026-06-03 12:29:48] Epoch 23 train batch [540/1875] loss=0.0290 avg_loss=0.0891
[2026-06-03 12:29:50] Epoch 23 train batch [560/1875] loss=0.0922 avg_loss=0.0893
[2026-06-03 12:29:53] Epoch 23 train batch [580/1875] loss=0.0435 avg_loss=0.0890
[2026-06-03 12:29:55] Epoch 23 train batch [600/1875] loss=0.0652 avg_loss=0.0893
[2026-06-03 12:29:57] Epoch 23 train batch [620/1875] loss=0.0838 avg_loss=0.0895
[2026-06-03 12:29:59] Epoch 23 train batch [640/1875] loss=0.0643 avg_loss=0.0894
[2026-06-03 12:30:01] Epoch 23 train batch [660/1875] loss=0.2168 avg_loss=0.0888
[2026-06-03 12:30:03] Epoch 23 train batch [680/1875] loss=0.0943 avg_loss=0.0883
[2026-06-03 12:30:05] Epoch 23 train batch [700/1875] loss=0.0353 avg_loss=0.0881
[2026-06-03 12:30:07] Epoch 23 train batch [720/1875] loss=0.1316 avg_loss=0.0884
[2026-06-03 12:30:09] Epoch 23 train batch [740/1875] loss=0.1701 avg_loss=0.0886
[2026-06-03 12:30:11] Epoch 23 train batch [760/1875] loss=0.0907 avg_loss=0.0886
[2026-06-03 12:30:13] Epoch 23 train batch [780/1875] loss=0.0207 avg_loss=0.0879
[2026-06-03 12:30:15] Epoch 23 train batch [800/1875] loss=0.1990 avg_loss=0.0884
[2026-06-03 12:30:17] Epoch 23 train batch [820/1875] loss=0.1022 avg_loss=0.0889
[2026-06-03 12:30:20] Epoch 23 train batch [840/1875] loss=0.1251 avg_loss=0.0882
[2026-06-03 12:30:22] Epoch 23 train batch [860/1875] loss=0.1646 avg_loss=0.0884
[2026-06-03 12:30:24] Epoch 23 train batch [880/1875] loss=0.2080 avg_loss=0.0885
[2026-06-03 12:30:26] Epoch 23 train batch [900/1875] loss=0.0761 avg_loss=0.0887
[2026-06-03 12:30:28] Epoch 23 train batch [920/1875] loss=0.1781 avg_loss=0.0891
[2026-06-03 12:30:30] Epoch 23 train batch [940/1875] loss=0.0985 avg_loss=0.0891
[2026-06-03 12:30:32] Epoch 23 train batch [960/1875] loss=0.2894 avg_loss=0.0890
[2026-06-03 12:30:34] Epoch 23 train batch [980/1875] loss=0.0840 avg_loss=0.0895
[2026-06-03 12:30:37] Epoch 23 train batch [1000/1875] loss=0.0421 avg_loss=0.0892
[2026-06-03 12:30:39] Epoch 23 train batch [1020/1875] loss=0.0771 avg_loss=0.0892
[2026-06-03 12:30:41] Epoch 23 train batch [1040/1875] loss=0.0093 avg_loss=0.0895
[2026-06-03 12:30:43] Epoch 23 train batch [1060/1875] loss=0.0275 avg_loss=0.0894
[2026-06-03 12:30:45] Epoch 23 train batch [1080/1875] loss=0.1321 avg_loss=0.0894
[2026-06-03 12:30:47] Epoch 23 train batch [1100/1875] loss=0.0494 avg_loss=0.0894
[2026-06-03 12:30:49] Epoch 23 train batch [1120/1875] loss=0.0308 avg_loss=0.0894
[2026-06-03 12:30:51] Epoch 23 train batch [1140/1875] loss=0.1229 avg_loss=0.0894
[2026-06-03 12:30:53] Epoch 23 train batch [1160/1875] loss=0.0512 avg_loss=0.0893
[2026-06-03 12:30:55] Epoch 23 train batch [1180/1875] loss=0.0591 avg_loss=0.0897
[2026-06-03 12:30:57] Epoch 23 train batch [1200/1875] loss=0.0549 avg_loss=0.0893
[2026-06-03 12:31:00] Epoch 23 train batch [1220/1875] loss=0.0722 avg_loss=0.0896
[2026-06-03 12:31:02] Epoch 23 train batch [1240/1875] loss=0.0558 avg_loss=0.0891
[2026-06-03 12:31:04] Epoch 23 train batch [1260/1875] loss=0.1527 avg_loss=0.0892
[2026-06-03 12:31:06] Epoch 23 train batch [1280/1875] loss=0.2203 avg_loss=0.0894
[2026-06-03 12:31:08] Epoch 23 train batch [1300/1875] loss=0.1185 avg_loss=0.0893
[2026-06-03 12:31:10] Epoch 23 train batch [1320/1875] loss=0.1444 avg_loss=0.0893
[2026-06-03 12:31:12] Epoch 23 train batch [1340/1875] loss=0.1528 avg_loss=0.0893
[2026-06-03 12:31:14] Epoch 23 train batch [1360/1875] loss=0.0646 avg_loss=0.0893
[2026-06-03 12:31:16] Epoch 23 train batch [1380/1875] loss=0.1372 avg_loss=0.0895
[2026-06-03 12:31:18] Epoch 23 train batch [1400/1875] loss=0.1455 avg_loss=0.0897
[2026-06-03 12:31:20] Epoch 23 train batch [1420/1875] loss=0.0261 avg_loss=0.0897
[2026-06-03 12:31:22] Epoch 23 train batch [1440/1875] loss=0.0320 avg_loss=0.0897
[2026-06-03 12:31:24] Epoch 23 train batch [1460/1875] loss=0.0153 avg_loss=0.0895
[2026-06-03 12:31:26] Epoch 23 train batch [1480/1875] loss=0.1329 avg_loss=0.0898
[2026-06-03 12:31:29] Epoch 23 train batch [1500/1875] loss=0.3546 avg_loss=0.0901
[2026-06-03 12:31:31] Epoch 23 train batch [1520/1875] loss=0.2408 avg_loss=0.0900
[2026-06-03 12:31:33] Epoch 23 train batch [1540/1875] loss=0.1513 avg_loss=0.0900
[2026-06-03 12:31:35] Epoch 23 train batch [1560/1875] loss=0.2482 avg_loss=0.0903
[2026-06-03 12:31:37] Epoch 23 train batch [1580/1875] loss=0.0548 avg_loss=0.0904
[2026-06-03 12:31:39] Epoch 23 train batch [1600/1875] loss=0.0747 avg_loss=0.0902
[2026-06-03 12:31:41] Epoch 23 train batch [1620/1875] loss=0.0594 avg_loss=0.0903
[2026-06-03 12:31:43] Epoch 23 train batch [1640/1875] loss=0.0159 avg_loss=0.0903
[2026-06-03 12:31:45] Epoch 23 train batch [1660/1875] loss=0.0741 avg_loss=0.0903
[2026-06-03 12:31:47] Epoch 23 train batch [1680/1875] loss=0.0305 avg_loss=0.0902
[2026-06-03 12:31:49] Epoch 23 train batch [1700/1875] loss=0.0289 avg_loss=0.0901
[2026-06-03 12:31:51] Epoch 23 train batch [1720/1875] loss=0.0163 avg_loss=0.0903
[2026-06-03 12:31:54] Epoch 23 train batch [1740/1875] loss=0.1069 avg_loss=0.0904
[2026-06-03 12:31:56] Epoch 23 train batch [1760/1875] loss=0.0585 avg_loss=0.0904
[2026-06-03 12:31:58] Epoch 23 train batch [1780/1875] loss=0.0392 avg_loss=0.0903
[2026-06-03 12:32:00] Epoch 23 train batch [1800/1875] loss=0.0886 avg_loss=0.0904
[2026-06-03 12:32:02] Epoch 23 train batch [1820/1875] loss=0.0647 avg_loss=0.0904
[2026-06-03 12:32:04] Epoch 23 train batch [1840/1875] loss=0.0301 avg_loss=0.0905
[2026-06-03 12:32:06] Epoch 23 train batch [1860/1875] loss=0.0770 avg_loss=0.0907
[2026-06-03 12:32:07] Epoch 23 train batch [1875/1875] loss=0.0688 avg_loss=0.0908
[2026-06-03 12:32:08] Epoch 23 training completed. Computing validation loss.
[2026-06-03 12:32:26] Epoch 23 validation loss completed: 0.1835. Computing detection metrics.
[2026-06-03 12:32:44] Epoch 23 metrics computed. Saving artifacts.
[2026-06-03 12:32:47] Epoch 23 did not improve mAP@0.5 enough. Early stopping counter: 4/7.
Epoch [23/30]
├── Train Loss : 0.0908
│   ├── loss_classifier  : 0.0281
│   ├── loss_box_reg     : 0.0572
│   ├── loss_objectness  : 0.0023
│   └── loss_rpn_box_reg : 0.0031
├── Val Loss   : 0.1835
├── mAP@0.5    : 0.7956
├── mAP@0.75   : 0.5383
├── mAP@0.5:0.95 : 0.4904
├── Precision  : 0.6534
├── Recall     : 0.8471
├── GT Boxes   : 2021
├── Predictions: 2620
├── Per-class AP
│   ├── person  : AP50=0.8401, AP75=0.5334, AP50:95=0.4920, P=0.7025, R=0.8706
│   ├── car     : AP50=0.7702, AP75=0.4920, AP50:95=0.4652, P=0.5891, R=0.8410
│   ├── dog     : AP50=0.8603, AP75=0.7067, AP50:95=0.5851, P=0.7269, R=0.8786
│   ├── cat     : AP50=0.8931, AP75=0.6653, AP50:95=0.5847, P=0.8196, R=0.9034
│   └── chair   : AP50=0.6145, AP75=0.2942, AP50:95=0.3247, P=0.4502, R=0.7057
├── LR         : 0.000100
└── Time       : 232.8s
[2026-06-03 12:32:47] Epoch [23/30] completed.
[2026-06-03 12:32:47] Epoch [24/30] started.
[2026-06-03 12:32:49] Epoch 24 train batch [20/1875] loss=0.0479 avg_loss=0.0788
[2026-06-03 12:32:52] Epoch 24 train batch [40/1875] loss=0.0304 avg_loss=0.0846
[2026-06-03 12:32:54] Epoch 24 train batch [60/1875] loss=0.0715 avg_loss=0.0854
[2026-06-03 12:32:55] Epoch 24 train batch [80/1875] loss=0.0833 avg_loss=0.0883
[2026-06-03 12:32:58] Epoch 24 train batch [100/1875] loss=0.0241 avg_loss=0.0884
[2026-06-03 12:33:00] Epoch 24 train batch [120/1875] loss=0.1583 avg_loss=0.0918
[2026-06-03 12:33:02] Epoch 24 train batch [140/1875] loss=0.0146 avg_loss=0.0913
[2026-06-03 12:33:04] Epoch 24 train batch [160/1875] loss=0.0637 avg_loss=0.0907
[2026-06-03 12:33:06] Epoch 24 train batch [180/1875] loss=0.0554 avg_loss=0.0894
[2026-06-03 12:33:08] Epoch 24 train batch [200/1875] loss=0.1281 avg_loss=0.0879
[2026-06-03 12:33:10] Epoch 24 train batch [220/1875] loss=0.1891 avg_loss=0.0885
[2026-06-03 12:33:12] Epoch 24 train batch [240/1875] loss=0.1652 avg_loss=0.0896
[2026-06-03 12:33:14] Epoch 24 train batch [260/1875] loss=0.0000 avg_loss=0.0897
[2026-06-03 12:33:16] Epoch 24 train batch [280/1875] loss=0.0190 avg_loss=0.0874
[2026-06-03 12:33:18] Epoch 24 train batch [300/1875] loss=0.0783 avg_loss=0.0870
[2026-06-03 12:33:20] Epoch 24 train batch [320/1875] loss=0.0912 avg_loss=0.0862
[2026-06-03 12:33:22] Epoch 24 train batch [340/1875] loss=0.1133 avg_loss=0.0876
[2026-06-03 12:33:24] Epoch 24 train batch [360/1875] loss=0.0378 avg_loss=0.0865
[2026-06-03 12:33:27] Epoch 24 train batch [380/1875] loss=0.1331 avg_loss=0.0876
[2026-06-03 12:33:29] Epoch 24 train batch [400/1875] loss=0.0610 avg_loss=0.0886
[2026-06-03 12:33:31] Epoch 24 train batch [420/1875] loss=0.1341 avg_loss=0.0894
[2026-06-03 12:33:33] Epoch 24 train batch [440/1875] loss=0.0562 avg_loss=0.0889
[2026-06-03 12:33:35] Epoch 24 train batch [460/1875] loss=0.1736 avg_loss=0.0891
[2026-06-03 12:33:37] Epoch 24 train batch [480/1875] loss=0.0405 avg_loss=0.0895
[2026-06-03 12:33:39] Epoch 24 train batch [500/1875] loss=0.0144 avg_loss=0.0897
[2026-06-03 12:33:41] Epoch 24 train batch [520/1875] loss=0.0362 avg_loss=0.0896
[2026-06-03 12:33:43] Epoch 24 train batch [540/1875] loss=0.0524 avg_loss=0.0894
[2026-06-03 12:33:45] Epoch 24 train batch [560/1875] loss=0.1066 avg_loss=0.0894
[2026-06-03 12:33:47] Epoch 24 train batch [580/1875] loss=0.0749 avg_loss=0.0894
[2026-06-03 12:33:50] Epoch 24 train batch [600/1875] loss=0.0944 avg_loss=0.0902
[2026-06-03 12:33:52] Epoch 24 train batch [620/1875] loss=0.1258 avg_loss=0.0904
[2026-06-03 12:33:54] Epoch 24 train batch [640/1875] loss=0.0435 avg_loss=0.0900
[2026-06-03 12:33:56] Epoch 24 train batch [660/1875] loss=0.0695 avg_loss=0.0906
[2026-06-03 12:33:58] Epoch 24 train batch [680/1875] loss=0.2051 avg_loss=0.0907
[2026-06-03 12:34:00] Epoch 24 train batch [700/1875] loss=0.0759 avg_loss=0.0907
[2026-06-03 12:34:02] Epoch 24 train batch [720/1875] loss=0.1049 avg_loss=0.0902
[2026-06-03 12:34:04] Epoch 24 train batch [740/1875] loss=0.0226 avg_loss=0.0893
[2026-06-03 12:34:06] Epoch 24 train batch [760/1875] loss=0.0931 avg_loss=0.0886
[2026-06-03 12:34:09] Epoch 24 train batch [780/1875] loss=0.2108 avg_loss=0.0884
[2026-06-03 12:34:11] Epoch 24 train batch [800/1875] loss=0.0265 avg_loss=0.0878
[2026-06-03 12:34:13] Epoch 24 train batch [820/1875] loss=0.0865 avg_loss=0.0878
[2026-06-03 12:34:15] Epoch 24 train batch [840/1875] loss=0.0655 avg_loss=0.0883
[2026-06-03 12:34:17] Epoch 24 train batch [860/1875] loss=0.0771 avg_loss=0.0891
[2026-06-03 12:34:19] Epoch 24 train batch [880/1875] loss=0.0712 avg_loss=0.0887
[2026-06-03 12:34:21] Epoch 24 train batch [900/1875] loss=0.0387 avg_loss=0.0888
[2026-06-03 12:34:24] Epoch 24 train batch [920/1875] loss=0.0902 avg_loss=0.0892
[2026-06-03 12:34:26] Epoch 24 train batch [940/1875] loss=0.1069 avg_loss=0.0894
[2026-06-03 12:34:28] Epoch 24 train batch [960/1875] loss=0.3100 avg_loss=0.0897
[2026-06-03 12:34:30] Epoch 24 train batch [980/1875] loss=0.0098 avg_loss=0.0892
[2026-06-03 12:34:32] Epoch 24 train batch [1000/1875] loss=0.0188 avg_loss=0.0892
[2026-06-03 12:34:34] Epoch 24 train batch [1020/1875] loss=0.0384 avg_loss=0.0890
[2026-06-03 12:34:36] Epoch 24 train batch [1040/1875] loss=0.1547 avg_loss=0.0892
[2026-06-03 12:34:38] Epoch 24 train batch [1060/1875] loss=0.0136 avg_loss=0.0895
[2026-06-03 12:34:40] Epoch 24 train batch [1080/1875] loss=0.0937 avg_loss=0.0893
[2026-06-03 12:34:43] Epoch 24 train batch [1100/1875] loss=0.0476 avg_loss=0.0889
[2026-06-03 12:34:45] Epoch 24 train batch [1120/1875] loss=0.0784 avg_loss=0.0889
[2026-06-03 12:34:47] Epoch 24 train batch [1140/1875] loss=0.0384 avg_loss=0.0888
[2026-06-03 12:34:49] Epoch 24 train batch [1160/1875] loss=0.0001 avg_loss=0.0885
[2026-06-03 12:34:51] Epoch 24 train batch [1180/1875] loss=0.1353 avg_loss=0.0886
[2026-06-03 12:34:53] Epoch 24 train batch [1200/1875] loss=0.1178 avg_loss=0.0888
[2026-06-03 12:34:55] Epoch 24 train batch [1220/1875] loss=0.0264 avg_loss=0.0883
[2026-06-03 12:34:57] Epoch 24 train batch [1240/1875] loss=0.1015 avg_loss=0.0887
[2026-06-03 12:34:59] Epoch 24 train batch [1260/1875] loss=0.1479 avg_loss=0.0888
[2026-06-03 12:35:01] Epoch 24 train batch [1280/1875] loss=0.0467 avg_loss=0.0891
[2026-06-03 12:35:03] Epoch 24 train batch [1300/1875] loss=0.0190 avg_loss=0.0891
[2026-06-03 12:35:05] Epoch 24 train batch [1320/1875] loss=0.0727 avg_loss=0.0888
[2026-06-03 12:35:08] Epoch 24 train batch [1340/1875] loss=0.0271 avg_loss=0.0889
[2026-06-03 12:35:10] Epoch 24 train batch [1360/1875] loss=0.0487 avg_loss=0.0888
[2026-06-03 12:35:12] Epoch 24 train batch [1380/1875] loss=0.0850 avg_loss=0.0885
[2026-06-03 12:35:14] Epoch 24 train batch [1400/1875] loss=0.0599 avg_loss=0.0885
[2026-06-03 12:35:16] Epoch 24 train batch [1420/1875] loss=0.1642 avg_loss=0.0884
[2026-06-03 12:35:18] Epoch 24 train batch [1440/1875] loss=0.3524 avg_loss=0.0886
[2026-06-03 12:35:20] Epoch 24 train batch [1460/1875] loss=0.0153 avg_loss=0.0884
[2026-06-03 12:35:22] Epoch 24 train batch [1480/1875] loss=0.1315 avg_loss=0.0886
[2026-06-03 12:35:24] Epoch 24 train batch [1500/1875] loss=0.1048 avg_loss=0.0886
[2026-06-03 12:35:26] Epoch 24 train batch [1520/1875] loss=0.0531 avg_loss=0.0886
[2026-06-03 12:35:28] Epoch 24 train batch [1540/1875] loss=0.0493 avg_loss=0.0888
[2026-06-03 12:35:30] Epoch 24 train batch [1560/1875] loss=0.0194 avg_loss=0.0888
[2026-06-03 12:35:33] Epoch 24 train batch [1580/1875] loss=0.0529 avg_loss=0.0888
[2026-06-03 12:35:35] Epoch 24 train batch [1600/1875] loss=0.1505 avg_loss=0.0887
[2026-06-03 12:35:37] Epoch 24 train batch [1620/1875] loss=0.2222 avg_loss=0.0890
[2026-06-03 12:35:39] Epoch 24 train batch [1640/1875] loss=0.2380 avg_loss=0.0891
[2026-06-03 12:35:41] Epoch 24 train batch [1660/1875] loss=0.1752 avg_loss=0.0894
[2026-06-03 12:35:43] Epoch 24 train batch [1680/1875] loss=0.1198 avg_loss=0.0895
[2026-06-03 12:35:45] Epoch 24 train batch [1700/1875] loss=0.2468 avg_loss=0.0898
[2026-06-03 12:35:47] Epoch 24 train batch [1720/1875] loss=0.1029 avg_loss=0.0897
[2026-06-03 12:35:49] Epoch 24 train batch [1740/1875] loss=0.0662 avg_loss=0.0897
[2026-06-03 12:35:51] Epoch 24 train batch [1760/1875] loss=0.0267 avg_loss=0.0897
[2026-06-03 12:35:53] Epoch 24 train batch [1780/1875] loss=0.0469 avg_loss=0.0896
[2026-06-03 12:35:56] Epoch 24 train batch [1800/1875] loss=0.0566 avg_loss=0.0897
[2026-06-03 12:35:58] Epoch 24 train batch [1820/1875] loss=0.0794 avg_loss=0.0895
[2026-06-03 12:36:00] Epoch 24 train batch [1840/1875] loss=0.0664 avg_loss=0.0895
[2026-06-03 12:36:02] Epoch 24 train batch [1860/1875] loss=0.2362 avg_loss=0.0896
[2026-06-03 12:36:04] Epoch 24 train batch [1875/1875] loss=0.0405 avg_loss=0.0896
[2026-06-03 12:36:04] Epoch 24 training completed. Computing validation loss.
[2026-06-03 12:36:22] Epoch 24 validation loss completed: 0.1846. Computing detection metrics.
[2026-06-03 12:36:40] Epoch 24 metrics computed. Saving artifacts.
[2026-06-03 12:36:41] Epoch 24 did not improve mAP@0.5 enough. Early stopping counter: 5/7.
Epoch [24/30]
├── Train Loss : 0.0896
│   ├── loss_classifier  : 0.0277
│   ├── loss_box_reg     : 0.0566
│   ├── loss_objectness  : 0.0023
│   └── loss_rpn_box_reg : 0.0031
├── Val Loss   : 0.1846
├── mAP@0.5    : 0.7939
├── mAP@0.75   : 0.5304
├── mAP@0.5:0.95 : 0.4923
├── Precision  : 0.6542
├── Recall     : 0.8461
├── GT Boxes   : 2021
├── Predictions: 2614
├── Per-class AP
│   ├── person  : AP50=0.8400, AP75=0.5340, AP50:95=0.4985, P=0.6938, R=0.8715
│   ├── car     : AP50=0.7677, AP75=0.4933, AP50:95=0.4602, P=0.5955, R=0.8375
│   ├── dog     : AP50=0.8618, AP75=0.6799, AP50:95=0.5876, P=0.7479, R=0.8786
│   ├── cat     : AP50=0.8975, AP75=0.6480, AP50:95=0.5915, P=0.8290, R=0.9091
│   └── chair   : AP50=0.6025, AP75=0.2968, AP50:95=0.3238, P=0.4537, R=0.6950
├── LR         : 0.000100
└── Time       : 232.9s
[2026-06-03 12:36:41] Epoch [24/30] completed.
[2026-06-03 12:36:41] Epoch [25/30] started.
[2026-06-03 12:36:43] Epoch 25 train batch [20/1875] loss=0.0668 avg_loss=0.1209
[2026-06-03 12:36:45] Epoch 25 train batch [40/1875] loss=0.1145 avg_loss=0.1058
[2026-06-03 12:36:47] Epoch 25 train batch [60/1875] loss=0.1620 avg_loss=0.0940
[2026-06-03 12:36:49] Epoch 25 train batch [80/1875] loss=0.0478 avg_loss=0.0959
[2026-06-03 12:36:51] Epoch 25 train batch [100/1875] loss=0.1534 avg_loss=0.0931
[2026-06-03 12:36:53] Epoch 25 train batch [120/1875] loss=0.0110 avg_loss=0.0907
[2026-06-03 12:36:56] Epoch 25 train batch [140/1875] loss=0.1231 avg_loss=0.0935
[2026-06-03 12:36:58] Epoch 25 train batch [160/1875] loss=0.0673 avg_loss=0.0931
[2026-06-03 12:37:00] Epoch 25 train batch [180/1875] loss=0.1481 avg_loss=0.0923
[2026-06-03 12:37:02] Epoch 25 train batch [200/1875] loss=0.0847 avg_loss=0.0913
[2026-06-03 12:37:04] Epoch 25 train batch [220/1875] loss=0.1280 avg_loss=0.0896
[2026-06-03 12:37:06] Epoch 25 train batch [240/1875] loss=0.1074 avg_loss=0.0884
[2026-06-03 12:37:08] Epoch 25 train batch [260/1875] loss=0.3480 avg_loss=0.0900
[2026-06-03 12:37:10] Epoch 25 train batch [280/1875] loss=0.1880 avg_loss=0.0913
[2026-06-03 12:37:12] Epoch 25 train batch [300/1875] loss=0.0744 avg_loss=0.0916
[2026-06-03 12:37:14] Epoch 25 train batch [320/1875] loss=0.0396 avg_loss=0.0916
[2026-06-03 12:37:16] Epoch 25 train batch [340/1875] loss=0.0310 avg_loss=0.0907
[2026-06-03 12:37:19] Epoch 25 train batch [360/1875] loss=0.1248 avg_loss=0.0918
[2026-06-03 12:37:21] Epoch 25 train batch [380/1875] loss=0.0982 avg_loss=0.0907
[2026-06-03 12:37:23] Epoch 25 train batch [400/1875] loss=0.0276 avg_loss=0.0906
[2026-06-03 12:37:25] Epoch 25 train batch [420/1875] loss=0.2846 avg_loss=0.0914
[2026-06-03 12:37:27] Epoch 25 train batch [440/1875] loss=0.0194 avg_loss=0.0912
[2026-06-03 12:37:29] Epoch 25 train batch [460/1875] loss=0.2027 avg_loss=0.0912
[2026-06-03 12:37:31] Epoch 25 train batch [480/1875] loss=0.0632 avg_loss=0.0906
[2026-06-03 12:37:33] Epoch 25 train batch [500/1875] loss=0.0524 avg_loss=0.0901
[2026-06-03 12:37:35] Epoch 25 train batch [520/1875] loss=0.1904 avg_loss=0.0901
[2026-06-03 12:37:37] Epoch 25 train batch [540/1875] loss=0.0458 avg_loss=0.0910
[2026-06-03 12:37:39] Epoch 25 train batch [560/1875] loss=0.1106 avg_loss=0.0907
[2026-06-03 12:37:41] Epoch 25 train batch [580/1875] loss=0.0385 avg_loss=0.0902
[2026-06-03 12:37:44] Epoch 25 train batch [600/1875] loss=0.2203 avg_loss=0.0902
[2026-06-03 12:37:46] Epoch 25 train batch [620/1875] loss=0.0578 avg_loss=0.0901
[2026-06-03 12:37:48] Epoch 25 train batch [640/1875] loss=0.0562 avg_loss=0.0896
[2026-06-03 12:37:50] Epoch 25 train batch [660/1875] loss=0.2521 avg_loss=0.0890
[2026-06-03 12:37:52] Epoch 25 train batch [680/1875] loss=0.0188 avg_loss=0.0884
[2026-06-03 12:37:54] Epoch 25 train batch [700/1875] loss=0.0417 avg_loss=0.0880
[2026-06-03 12:37:56] Epoch 25 train batch [720/1875] loss=0.0494 avg_loss=0.0879
[2026-06-03 12:37:58] Epoch 25 train batch [740/1875] loss=0.2408 avg_loss=0.0879
[2026-06-03 12:38:00] Epoch 25 train batch [760/1875] loss=0.0118 avg_loss=0.0876
[2026-06-03 12:38:02] Epoch 25 train batch [780/1875] loss=0.0700 avg_loss=0.0877
[2026-06-03 12:38:04] Epoch 25 train batch [800/1875] loss=0.0163 avg_loss=0.0873
[2026-06-03 12:38:07] Epoch 25 train batch [820/1875] loss=0.0629 avg_loss=0.0868
[2026-06-03 12:38:09] Epoch 25 train batch [840/1875] loss=0.0704 avg_loss=0.0866
[2026-06-03 12:38:11] Epoch 25 train batch [860/1875] loss=0.1470 avg_loss=0.0863
[2026-06-03 12:38:13] Epoch 25 train batch [880/1875] loss=0.0209 avg_loss=0.0864
[2026-06-03 12:38:15] Epoch 25 train batch [900/1875] loss=0.0279 avg_loss=0.0867
[2026-06-03 12:38:17] Epoch 25 train batch [920/1875] loss=0.0446 avg_loss=0.0866
[2026-06-03 12:38:19] Epoch 25 train batch [940/1875] loss=0.0765 avg_loss=0.0863
[2026-06-03 12:38:21] Epoch 25 train batch [960/1875] loss=0.0454 avg_loss=0.0864
[2026-06-03 12:38:23] Epoch 25 train batch [980/1875] loss=0.1705 avg_loss=0.0859
[2026-06-03 12:38:25] Epoch 25 train batch [1000/1875] loss=0.0741 avg_loss=0.0861
[2026-06-03 12:38:27] Epoch 25 train batch [1020/1875] loss=0.0448 avg_loss=0.0861
[2026-06-03 12:38:29] Epoch 25 train batch [1040/1875] loss=0.1697 avg_loss=0.0860
[2026-06-03 12:38:31] Epoch 25 train batch [1060/1875] loss=0.2634 avg_loss=0.0862
[2026-06-03 12:38:34] Epoch 25 train batch [1080/1875] loss=0.0306 avg_loss=0.0858
[2026-06-03 12:38:36] Epoch 25 train batch [1100/1875] loss=0.0888 avg_loss=0.0857
[2026-06-03 12:38:38] Epoch 25 train batch [1120/1875] loss=0.0845 avg_loss=0.0864
[2026-06-03 12:38:40] Epoch 25 train batch [1140/1875] loss=0.0424 avg_loss=0.0862
[2026-06-03 12:38:42] Epoch 25 train batch [1160/1875] loss=0.1675 avg_loss=0.0866
[2026-06-03 12:38:44] Epoch 25 train batch [1180/1875] loss=0.2311 avg_loss=0.0869
[2026-06-03 12:38:46] Epoch 25 train batch [1200/1875] loss=0.0653 avg_loss=0.0873
[2026-06-03 12:38:48] Epoch 25 train batch [1220/1875] loss=0.1056 avg_loss=0.0875
[2026-06-03 12:38:50] Epoch 25 train batch [1240/1875] loss=0.1225 avg_loss=0.0870
[2026-06-03 12:38:52] Epoch 25 train batch [1260/1875] loss=0.0645 avg_loss=0.0870
[2026-06-03 12:38:54] Epoch 25 train batch [1280/1875] loss=0.0347 avg_loss=0.0871
[2026-06-03 12:38:57] Epoch 25 train batch [1300/1875] loss=0.0721 avg_loss=0.0869
[2026-06-03 12:38:59] Epoch 25 train batch [1320/1875] loss=0.1302 avg_loss=0.0871
[2026-06-03 12:39:01] Epoch 25 train batch [1340/1875] loss=0.1843 avg_loss=0.0872
[2026-06-03 12:39:03] Epoch 25 train batch [1360/1875] loss=0.0881 avg_loss=0.0873
[2026-06-03 12:39:05] Epoch 25 train batch [1380/1875] loss=0.1760 avg_loss=0.0874
[2026-06-03 12:39:07] Epoch 25 train batch [1400/1875] loss=0.0698 avg_loss=0.0872
[2026-06-03 12:39:09] Epoch 25 train batch [1420/1875] loss=0.0158 avg_loss=0.0871
[2026-06-03 12:39:11] Epoch 25 train batch [1440/1875] loss=0.0216 avg_loss=0.0869
[2026-06-03 12:39:13] Epoch 25 train batch [1460/1875] loss=0.1831 avg_loss=0.0872
[2026-06-03 12:39:15] Epoch 25 train batch [1480/1875] loss=0.0394 avg_loss=0.0869
[2026-06-03 12:39:17] Epoch 25 train batch [1500/1875] loss=0.1210 avg_loss=0.0870
[2026-06-03 12:39:19] Epoch 25 train batch [1520/1875] loss=0.0356 avg_loss=0.0871
[2026-06-03 12:39:21] Epoch 25 train batch [1540/1875] loss=0.1578 avg_loss=0.0874
[2026-06-03 12:39:23] Epoch 25 train batch [1560/1875] loss=0.0519 avg_loss=0.0874
[2026-06-03 12:39:26] Epoch 25 train batch [1580/1875] loss=0.2028 avg_loss=0.0877
[2026-06-03 12:39:28] Epoch 25 train batch [1600/1875] loss=0.0769 avg_loss=0.0878
[2026-06-03 12:39:30] Epoch 25 train batch [1620/1875] loss=0.0935 avg_loss=0.0879
[2026-06-03 12:39:32] Epoch 25 train batch [1640/1875] loss=0.0404 avg_loss=0.0880
[2026-06-03 12:39:34] Epoch 25 train batch [1660/1875] loss=0.0180 avg_loss=0.0883
[2026-06-03 12:39:36] Epoch 25 train batch [1680/1875] loss=0.1363 avg_loss=0.0883
[2026-06-03 12:39:38] Epoch 25 train batch [1700/1875] loss=0.1014 avg_loss=0.0882
[2026-06-03 12:39:40] Epoch 25 train batch [1720/1875] loss=0.1481 avg_loss=0.0884
[2026-06-03 12:39:43] Epoch 25 train batch [1740/1875] loss=0.0301 avg_loss=0.0885
[2026-06-03 12:39:45] Epoch 25 train batch [1760/1875] loss=0.0294 avg_loss=0.0885
[2026-06-03 12:39:47] Epoch 25 train batch [1780/1875] loss=0.0494 avg_loss=0.0887
[2026-06-03 12:39:49] Epoch 25 train batch [1800/1875] loss=0.1329 avg_loss=0.0887
[2026-06-03 12:39:51] Epoch 25 train batch [1820/1875] loss=0.0081 avg_loss=0.0887
[2026-06-03 12:39:53] Epoch 25 train batch [1840/1875] loss=0.1099 avg_loss=0.0889
[2026-06-03 12:39:55] Epoch 25 train batch [1860/1875] loss=0.1246 avg_loss=0.0890
[2026-06-03 12:39:57] Epoch 25 train batch [1875/1875] loss=0.0887 avg_loss=0.0889
[2026-06-03 12:39:57] Epoch 25 training completed. Computing validation loss.
[2026-06-03 12:40:16] Epoch 25 validation loss completed: 0.1849. Computing detection metrics.
[2026-06-03 12:40:34] Epoch 25 metrics computed. Saving artifacts.
[2026-06-03 12:40:35] Epoch 25 did not improve mAP@0.5 enough. Early stopping counter: 6/7.
Epoch [25/30]
├── Train Loss : 0.0889
│   ├── loss_classifier  : 0.0275
│   ├── loss_box_reg     : 0.0561
│   ├── loss_objectness  : 0.0023
│   └── loss_rpn_box_reg : 0.0031
├── Val Loss   : 0.1849
├── mAP@0.5    : 0.7967
├── mAP@0.75   : 0.5315
├── mAP@0.5:0.95 : 0.4923
├── Precision  : 0.6518
├── Recall     : 0.8466
├── GT Boxes   : 2021
├── Predictions: 2625
├── Per-class AP
│   ├── person  : AP50=0.8369, AP75=0.5398, AP50:95=0.4970, P=0.6966, R=0.8678
│   ├── car     : AP50=0.7728, AP75=0.4806, AP50:95=0.4629, P=0.5721, R=0.8410
│   ├── dog     : AP50=0.8592, AP75=0.6915, AP50:95=0.5907, P=0.7725, R=0.8738
│   ├── cat     : AP50=0.8981, AP75=0.6616, AP50:95=0.5896, P=0.8377, R=0.9091
│   └── chair   : AP50=0.6163, AP75=0.2839, AP50:95=0.3215, P=0.4497, R=0.7128
├── LR         : 0.000100
└── Time       : 232.6s
[2026-06-03 12:40:35] Epoch [25/30] completed.
[2026-06-03 12:40:35] Epoch [26/30] started.
[2026-06-03 12:40:37] Epoch 26 train batch [20/1875] loss=0.0708 avg_loss=0.0794
[2026-06-03 12:40:40] Epoch 26 train batch [40/1875] loss=0.0477 avg_loss=0.0795
[2026-06-03 12:40:42] Epoch 26 train batch [60/1875] loss=0.1166 avg_loss=0.0798
[2026-06-03 12:40:44] Epoch 26 train batch [80/1875] loss=0.0537 avg_loss=0.0834
[2026-06-03 12:40:46] Epoch 26 train batch [100/1875] loss=0.0416 avg_loss=0.0823
[2026-06-03 12:40:48] Epoch 26 train batch [120/1875] loss=0.2206 avg_loss=0.0859
[2026-06-03 12:40:50] Epoch 26 train batch [140/1875] loss=0.0443 avg_loss=0.0839
[2026-06-03 12:40:52] Epoch 26 train batch [160/1875] loss=0.0754 avg_loss=0.0831
[2026-06-03 12:40:54] Epoch 26 train batch [180/1875] loss=0.0844 avg_loss=0.0825
[2026-06-03 12:40:56] Epoch 26 train batch [200/1875] loss=0.0700 avg_loss=0.0811
[2026-06-03 12:40:58] Epoch 26 train batch [220/1875] loss=0.0100 avg_loss=0.0819
[2026-06-03 12:41:01] Epoch 26 train batch [240/1875] loss=0.0869 avg_loss=0.0809
[2026-06-03 12:41:03] Epoch 26 train batch [260/1875] loss=0.0769 avg_loss=0.0828
[2026-06-03 12:41:05] Epoch 26 train batch [280/1875] loss=0.1238 avg_loss=0.0824
[2026-06-03 12:41:07] Epoch 26 train batch [300/1875] loss=0.1474 avg_loss=0.0833
[2026-06-03 12:41:09] Epoch 26 train batch [320/1875] loss=0.0763 avg_loss=0.0830
[2026-06-03 12:41:11] Epoch 26 train batch [340/1875] loss=0.3495 avg_loss=0.0837
[2026-06-03 12:41:13] Epoch 26 train batch [360/1875] loss=0.1340 avg_loss=0.0834
[2026-06-03 12:41:15] Epoch 26 train batch [380/1875] loss=0.1034 avg_loss=0.0835
[2026-06-03 12:41:17] Epoch 26 train batch [400/1875] loss=0.0859 avg_loss=0.0840
[2026-06-03 12:41:19] Epoch 26 train batch [420/1875] loss=0.2107 avg_loss=0.0849
[2026-06-03 12:41:21] Epoch 26 train batch [440/1875] loss=0.1602 avg_loss=0.0853
[2026-06-03 12:41:24] Epoch 26 train batch [460/1875] loss=0.1404 avg_loss=0.0844
[2026-06-03 12:41:26] Epoch 26 train batch [480/1875] loss=0.0836 avg_loss=0.0849
[2026-06-03 12:41:28] Epoch 26 train batch [500/1875] loss=0.0856 avg_loss=0.0850
[2026-06-03 12:41:30] Epoch 26 train batch [520/1875] loss=0.0415 avg_loss=0.0855
[2026-06-03 12:41:32] Epoch 26 train batch [540/1875] loss=0.0192 avg_loss=0.0853
[2026-06-03 12:41:34] Epoch 26 train batch [560/1875] loss=0.0694 avg_loss=0.0850
[2026-06-03 12:41:36] Epoch 26 train batch [580/1875] loss=0.0340 avg_loss=0.0845
[2026-06-03 12:41:38] Epoch 26 train batch [600/1875] loss=0.0856 avg_loss=0.0850
[2026-06-03 12:41:40] Epoch 26 train batch [620/1875] loss=0.0419 avg_loss=0.0853
[2026-06-03 12:41:42] Epoch 26 train batch [640/1875] loss=0.0726 avg_loss=0.0858
[2026-06-03 12:41:45] Epoch 26 train batch [660/1875] loss=0.0872 avg_loss=0.0849
[2026-06-03 12:41:47] Epoch 26 train batch [680/1875] loss=0.0907 avg_loss=0.0854
[2026-06-03 12:41:49] Epoch 26 train batch [700/1875] loss=0.0726 avg_loss=0.0854
[2026-06-03 12:41:51] Epoch 26 train batch [720/1875] loss=0.2083 avg_loss=0.0856
[2026-06-03 12:41:53] Epoch 26 train batch [740/1875] loss=0.0601 avg_loss=0.0864
[2026-06-03 12:41:55] Epoch 26 train batch [760/1875] loss=0.1391 avg_loss=0.0873
[2026-06-03 12:41:57] Epoch 26 train batch [780/1875] loss=0.1723 avg_loss=0.0876
[2026-06-03 12:41:59] Epoch 26 train batch [800/1875] loss=0.0562 avg_loss=0.0877
[2026-06-03 12:42:01] Epoch 26 train batch [820/1875] loss=0.2486 avg_loss=0.0878
[2026-06-03 12:42:03] Epoch 26 train batch [840/1875] loss=0.3277 avg_loss=0.0879
[2026-06-03 12:42:05] Epoch 26 train batch [860/1875] loss=0.0168 avg_loss=0.0878
[2026-06-03 12:42:07] Epoch 26 train batch [880/1875] loss=0.0317 avg_loss=0.0879
[2026-06-03 12:42:10] Epoch 26 train batch [900/1875] loss=0.1023 avg_loss=0.0880
[2026-06-03 12:42:12] Epoch 26 train batch [920/1875] loss=0.2263 avg_loss=0.0885
[2026-06-03 12:42:14] Epoch 26 train batch [940/1875] loss=0.1223 avg_loss=0.0893
[2026-06-03 12:42:16] Epoch 26 train batch [960/1875] loss=0.0623 avg_loss=0.0893
[2026-06-03 12:42:18] Epoch 26 train batch [980/1875] loss=0.0361 avg_loss=0.0889
[2026-06-03 12:42:20] Epoch 26 train batch [1000/1875] loss=0.0212 avg_loss=0.0884
[2026-06-03 12:42:22] Epoch 26 train batch [1020/1875] loss=0.0619 avg_loss=0.0883
[2026-06-03 12:42:24] Epoch 26 train batch [1040/1875] loss=0.0548 avg_loss=0.0884
[2026-06-03 12:42:26] Epoch 26 train batch [1060/1875] loss=0.0093 avg_loss=0.0881
[2026-06-03 12:42:29] Epoch 26 train batch [1080/1875] loss=0.0641 avg_loss=0.0884
[2026-06-03 12:42:31] Epoch 26 train batch [1100/1875] loss=0.0000 avg_loss=0.0883
[2026-06-03 12:42:33] Epoch 26 train batch [1120/1875] loss=0.0054 avg_loss=0.0878
[2026-06-03 12:42:35] Epoch 26 train batch [1140/1875] loss=0.0415 avg_loss=0.0876
[2026-06-03 12:42:37] Epoch 26 train batch [1160/1875] loss=0.1116 avg_loss=0.0880
[2026-06-03 12:42:39] Epoch 26 train batch [1180/1875] loss=0.0539 avg_loss=0.0879
[2026-06-03 12:42:41] Epoch 26 train batch [1200/1875] loss=0.0592 avg_loss=0.0883
[2026-06-03 12:42:43] Epoch 26 train batch [1220/1875] loss=0.3001 avg_loss=0.0880
[2026-06-03 12:42:45] Epoch 26 train batch [1240/1875] loss=0.0455 avg_loss=0.0880
[2026-06-03 12:42:48] Epoch 26 train batch [1260/1875] loss=0.1154 avg_loss=0.0875
[2026-06-03 12:42:50] Epoch 26 train batch [1280/1875] loss=0.0143 avg_loss=0.0875
[2026-06-03 12:42:52] Epoch 26 train batch [1300/1875] loss=0.2619 avg_loss=0.0876
[2026-06-03 12:42:54] Epoch 26 train batch [1320/1875] loss=0.1149 avg_loss=0.0879
[2026-06-03 12:42:56] Epoch 26 train batch [1340/1875] loss=0.1005 avg_loss=0.0874
[2026-06-03 12:42:58] Epoch 26 train batch [1360/1875] loss=0.1523 avg_loss=0.0877
[2026-06-03 12:43:00] Epoch 26 train batch [1380/1875] loss=0.2173 avg_loss=0.0878
[2026-06-03 12:43:02] Epoch 26 train batch [1400/1875] loss=0.0233 avg_loss=0.0877
[2026-06-03 12:43:04] Epoch 26 train batch [1420/1875] loss=0.1884 avg_loss=0.0883
[2026-06-03 12:43:06] Epoch 26 train batch [1440/1875] loss=0.0554 avg_loss=0.0880
[2026-06-03 12:43:08] Epoch 26 train batch [1460/1875] loss=0.1522 avg_loss=0.0880
[2026-06-03 12:43:10] Epoch 26 train batch [1480/1875] loss=0.0057 avg_loss=0.0879
[2026-06-03 12:43:12] Epoch 26 train batch [1500/1875] loss=0.0574 avg_loss=0.0877
[2026-06-03 12:43:14] Epoch 26 train batch [1520/1875] loss=0.0230 avg_loss=0.0876
[2026-06-03 12:43:16] Epoch 26 train batch [1540/1875] loss=0.0636 avg_loss=0.0876
[2026-06-03 12:43:19] Epoch 26 train batch [1560/1875] loss=0.1039 avg_loss=0.0876
[2026-06-03 12:43:21] Epoch 26 train batch [1580/1875] loss=0.0461 avg_loss=0.0875
[2026-06-03 12:43:23] Epoch 26 train batch [1600/1875] loss=0.0084 avg_loss=0.0876
[2026-06-03 12:43:25] Epoch 26 train batch [1620/1875] loss=0.0385 avg_loss=0.0874
[2026-06-03 12:43:27] Epoch 26 train batch [1640/1875] loss=0.1373 avg_loss=0.0875
[2026-06-03 12:43:29] Epoch 26 train batch [1660/1875] loss=0.0577 avg_loss=0.0874
[2026-06-03 12:43:31] Epoch 26 train batch [1680/1875] loss=0.0599 avg_loss=0.0873
[2026-06-03 12:43:34] Epoch 26 train batch [1700/1875] loss=0.0790 avg_loss=0.0873
[2026-06-03 12:43:36] Epoch 26 train batch [1720/1875] loss=0.0377 avg_loss=0.0870
[2026-06-03 12:43:38] Epoch 26 train batch [1740/1875] loss=0.1257 avg_loss=0.0870
[2026-06-03 12:43:40] Epoch 26 train batch [1760/1875] loss=0.0447 avg_loss=0.0869
[2026-06-03 12:43:42] Epoch 26 train batch [1780/1875] loss=0.0709 avg_loss=0.0868
[2026-06-03 12:43:44] Epoch 26 train batch [1800/1875] loss=0.0461 avg_loss=0.0869
[2026-06-03 12:43:46] Epoch 26 train batch [1820/1875] loss=0.1484 avg_loss=0.0869
[2026-06-03 12:43:48] Epoch 26 train batch [1840/1875] loss=0.1033 avg_loss=0.0869
[2026-06-03 12:43:50] Epoch 26 train batch [1860/1875] loss=0.0721 avg_loss=0.0872
[2026-06-03 12:43:52] Epoch 26 train batch [1875/1875] loss=0.0259 avg_loss=0.0873
[2026-06-03 12:43:52] Epoch 26 training completed. Computing validation loss.
[2026-06-03 12:44:10] Epoch 26 validation loss completed: 0.1852. Computing detection metrics.
[2026-06-03 12:44:28] Epoch 26 metrics computed. Saving artifacts.
[2026-06-03 12:44:29] Epoch 26 did not improve mAP@0.5 enough. Early stopping counter: 7/7.
Epoch [26/30]
├── Train Loss : 0.0873
│   ├── loss_classifier  : 0.0272
│   ├── loss_box_reg     : 0.0549
│   ├── loss_objectness  : 0.0022
│   └── loss_rpn_box_reg : 0.0030
├── Val Loss   : 0.1852
├── mAP@0.5    : 0.7937
├── mAP@0.75   : 0.5342
├── mAP@0.5:0.95 : 0.4912
├── Precision  : 0.6586
├── Recall     : 0.8446
├── GT Boxes   : 2021
├── Predictions: 2592
├── Per-class AP
│   ├── person  : AP50=0.8428, AP75=0.5364, AP50:95=0.4968, P=0.6993, R=0.8724
│   ├── car     : AP50=0.7627, AP75=0.4785, AP50:95=0.4591, P=0.5969, R=0.8269
│   ├── dog     : AP50=0.8588, AP75=0.6932, AP50:95=0.5857, P=0.7500, R=0.8738
│   ├── cat     : AP50=0.8979, AP75=0.6613, AP50:95=0.5895, P=0.8290, R=0.9091
│   └── chair   : AP50=0.6063, AP75=0.3016, AP50:95=0.3248, P=0.4590, R=0.6950
├── LR         : 0.000010
└── Time       : 232.8s
[2026-06-03 12:44:29] Epoch [26/30] completed.
[2026-06-03 12:44:29] Early stopping triggered at epoch 26. Best mAP@0.5=0.8040.
[2026-06-03 12:44:31] Training session completed.
