========== Training Session ==========
Started: 20260603-063224
Run name: 03_grayscale
Device: cuda:1
CUDA: NVIDIA GeForce RTX 4090 (47.38 GB)
Torch: 2.7.1+cu126
Classes: person, car, dog, cat, chair
Train dataset: 7500 images, 10642 boxes, 2500 empty images
Val dataset: 1500 images, 2021 boxes, 500 empty images
Train class counts: {'dog': 1028, 'person': 5829, 'chair': 1613, 'cat': 833, 'car': 1339}
Val class counts: {'dog': 206, 'chair': 282, 'person': 1074, 'car': 283, 'cat': 176}
Model: Faster R-CNN resnet50 FPN (41,097,261/41,319,661 trainable/total params)
Hyperparams: epochs=30, batch_size=4, lr=0.001, lr_milestones=[15, 25], lr_gamma=0.1, backbone=resnet50, min_size=512, max_size=768, score_threshold=0.5, augmentation=True, early_stopping=True, early_stopping_patience=7, early_stopping_min_delta=0.001, num_workers=2, log_interval=20
Saved results dir: saved_results/augmentation_ablation/03_grayscale
Checkpoint dir: saved_results/augmentation_ablation/03_grayscale/checkpoints
Best checkpoint: saved_results/augmentation_ablation/03_grayscale/checkpoints/best_model-20260603-063224.pth
Last checkpoint: saved_results/augmentation_ablation/03_grayscale/checkpoints/last_model-20260603-063224.pth
Log dir: saved_results/augmentation_ablation/03_grayscale/logs
=====================================
[2026-06-03 06:32:24] Training session initialized.
[2026-06-03 06:32:26] Epoch [01/30] started.
[2026-06-03 06:32:28] Epoch 01 train batch [20/1875] loss=0.3426 avg_loss=0.9471
[2026-06-03 06:32:30] Epoch 01 train batch [40/1875] loss=0.5146 avg_loss=0.6676
[2026-06-03 06:32:31] Epoch 01 train batch [60/1875] loss=0.2920 avg_loss=0.5664
[2026-06-03 06:32:33] Epoch 01 train batch [80/1875] loss=0.1620 avg_loss=0.4902
[2026-06-03 06:32:35] Epoch 01 train batch [100/1875] loss=0.1618 avg_loss=0.4549
[2026-06-03 06:32:36] Epoch 01 train batch [120/1875] loss=0.0712 avg_loss=0.4191
[2026-06-03 06:32:38] Epoch 01 train batch [140/1875] loss=0.4696 avg_loss=0.4045
[2026-06-03 06:32:40] Epoch 01 train batch [160/1875] loss=0.4772 avg_loss=0.3890
[2026-06-03 06:32:42] Epoch 01 train batch [180/1875] loss=0.3147 avg_loss=0.3782
[2026-06-03 06:32:44] Epoch 01 train batch [200/1875] loss=0.1823 avg_loss=0.3650
[2026-06-03 06:32:45] Epoch 01 train batch [220/1875] loss=0.3479 avg_loss=0.3557
[2026-06-03 06:32:47] Epoch 01 train batch [240/1875] loss=0.2903 avg_loss=0.3506
[2026-06-03 06:32:49] Epoch 01 train batch [260/1875] loss=0.5345 avg_loss=0.3476
[2026-06-03 06:32:51] Epoch 01 train batch [280/1875] loss=0.0353 avg_loss=0.3432
[2026-06-03 06:32:52] Epoch 01 train batch [300/1875] loss=0.2501 avg_loss=0.3388
[2026-06-03 06:32:54] Epoch 01 train batch [320/1875] loss=0.7997 avg_loss=0.3381
[2026-06-03 06:32:56] Epoch 01 train batch [340/1875] loss=0.2348 avg_loss=0.3321
[2026-06-03 06:32:58] Epoch 01 train batch [360/1875] loss=0.3229 avg_loss=0.3277
[2026-06-03 06:32:59] Epoch 01 train batch [380/1875] loss=0.2157 avg_loss=0.3245
[2026-06-03 06:33:01] Epoch 01 train batch [400/1875] loss=0.2491 avg_loss=0.3252
[2026-06-03 06:33:03] Epoch 01 train batch [420/1875] loss=0.1589 avg_loss=0.3222
[2026-06-03 06:33:05] Epoch 01 train batch [440/1875] loss=0.4608 avg_loss=0.3235
[2026-06-03 06:33:06] Epoch 01 train batch [460/1875] loss=0.1138 avg_loss=0.3233
[2026-06-03 06:33:08] Epoch 01 train batch [480/1875] loss=0.1449 avg_loss=0.3208
[2026-06-03 06:33:10] Epoch 01 train batch [500/1875] loss=0.3795 avg_loss=0.3182
[2026-06-03 06:33:12] Epoch 01 train batch [520/1875] loss=0.2771 avg_loss=0.3163
[2026-06-03 06:33:14] Epoch 01 train batch [540/1875] loss=0.2337 avg_loss=0.3128
[2026-06-03 06:33:15] Epoch 01 train batch [560/1875] loss=0.4823 avg_loss=0.3138
[2026-06-03 06:33:17] Epoch 01 train batch [580/1875] loss=0.3881 avg_loss=0.3116
[2026-06-03 06:33:19] Epoch 01 train batch [600/1875] loss=0.4953 avg_loss=0.3121
[2026-06-03 06:33:20] Epoch 01 train batch [620/1875] loss=0.1913 avg_loss=0.3111
[2026-06-03 06:33:22] Epoch 01 train batch [640/1875] loss=0.1714 avg_loss=0.3089
[2026-06-03 06:33:24] Epoch 01 train batch [660/1875] loss=0.1560 avg_loss=0.3070
[2026-06-03 06:33:26] Epoch 01 train batch [680/1875] loss=0.1037 avg_loss=0.3079
[2026-06-03 06:33:27] Epoch 01 train batch [700/1875] loss=0.3290 avg_loss=0.3069
[2026-06-03 06:33:29] Epoch 01 train batch [720/1875] loss=0.1801 avg_loss=0.3064
[2026-06-03 06:33:31] Epoch 01 train batch [740/1875] loss=0.1759 avg_loss=0.3054
[2026-06-03 06:33:32] Epoch 01 train batch [760/1875] loss=0.2411 avg_loss=0.3055
[2026-06-03 06:33:34] Epoch 01 train batch [780/1875] loss=0.0893 avg_loss=0.3039
[2026-06-03 06:33:36] Epoch 01 train batch [800/1875] loss=0.2441 avg_loss=0.3036
[2026-06-03 06:33:37] Epoch 01 train batch [820/1875] loss=0.4844 avg_loss=0.3024
[2026-06-03 06:33:39] Epoch 01 train batch [840/1875] loss=0.2395 avg_loss=0.3011
[2026-06-03 06:33:41] Epoch 01 train batch [860/1875] loss=0.2559 avg_loss=0.3019
[2026-06-03 06:33:43] Epoch 01 train batch [880/1875] loss=0.4506 avg_loss=0.3008
[2026-06-03 06:33:44] Epoch 01 train batch [900/1875] loss=0.1905 avg_loss=0.3009
[2026-06-03 06:33:46] Epoch 01 train batch [920/1875] loss=0.2481 avg_loss=0.3001
[2026-06-03 06:33:48] Epoch 01 train batch [940/1875] loss=0.2629 avg_loss=0.2985
[2026-06-03 06:33:50] Epoch 01 train batch [960/1875] loss=0.3212 avg_loss=0.2975
[2026-06-03 06:33:52] Epoch 01 train batch [980/1875] loss=0.5199 avg_loss=0.2963
[2026-06-03 06:33:53] Epoch 01 train batch [1000/1875] loss=0.5759 avg_loss=0.2956
[2026-06-03 06:33:55] Epoch 01 train batch [1020/1875] loss=0.4810 avg_loss=0.2953
[2026-06-03 06:33:57] Epoch 01 train batch [1040/1875] loss=0.1111 avg_loss=0.2951
[2026-06-03 06:33:58] Epoch 01 train batch [1060/1875] loss=0.1823 avg_loss=0.2950
[2026-06-03 06:34:00] Epoch 01 train batch [1080/1875] loss=0.3101 avg_loss=0.2946
[2026-06-03 06:34:02] Epoch 01 train batch [1100/1875] loss=0.0651 avg_loss=0.2935
[2026-06-03 06:34:04] Epoch 01 train batch [1120/1875] loss=0.0960 avg_loss=0.2929
[2026-06-03 06:34:05] Epoch 01 train batch [1140/1875] loss=0.1240 avg_loss=0.2929
[2026-06-03 06:34:07] Epoch 01 train batch [1160/1875] loss=0.0891 avg_loss=0.2920
[2026-06-03 06:34:09] Epoch 01 train batch [1180/1875] loss=0.2797 avg_loss=0.2916
[2026-06-03 06:34:10] Epoch 01 train batch [1200/1875] loss=0.7432 avg_loss=0.2923
[2026-06-03 06:34:12] Epoch 01 train batch [1220/1875] loss=0.0904 avg_loss=0.2917
[2026-06-03 06:34:14] Epoch 01 train batch [1240/1875] loss=0.1967 avg_loss=0.2917
[2026-06-03 06:34:16] Epoch 01 train batch [1260/1875] loss=0.1416 avg_loss=0.2909
[2026-06-03 06:34:17] Epoch 01 train batch [1280/1875] loss=0.2674 avg_loss=0.2905
[2026-06-03 06:34:19] Epoch 01 train batch [1300/1875] loss=0.3209 avg_loss=0.2898
[2026-06-03 06:34:21] Epoch 01 train batch [1320/1875] loss=0.1595 avg_loss=0.2890
[2026-06-03 06:34:23] Epoch 01 train batch [1340/1875] loss=0.1762 avg_loss=0.2888
[2026-06-03 06:34:24] Epoch 01 train batch [1360/1875] loss=0.7140 avg_loss=0.2878
[2026-06-03 06:34:26] Epoch 01 train batch [1380/1875] loss=0.5889 avg_loss=0.2875
[2026-06-03 06:34:28] Epoch 01 train batch [1400/1875] loss=0.4364 avg_loss=0.2870
[2026-06-03 06:34:30] Epoch 01 train batch [1420/1875] loss=0.1688 avg_loss=0.2858
[2026-06-03 06:34:31] Epoch 01 train batch [1440/1875] loss=0.2557 avg_loss=0.2852
[2026-06-03 06:34:33] Epoch 01 train batch [1460/1875] loss=0.3431 avg_loss=0.2846
[2026-06-03 06:34:35] Epoch 01 train batch [1480/1875] loss=0.2931 avg_loss=0.2844
[2026-06-03 06:34:37] Epoch 01 train batch [1500/1875] loss=0.2697 avg_loss=0.2837
[2026-06-03 06:34:38] Epoch 01 train batch [1520/1875] loss=0.2254 avg_loss=0.2837
[2026-06-03 06:34:40] Epoch 01 train batch [1540/1875] loss=0.2387 avg_loss=0.2832
[2026-06-03 06:34:42] Epoch 01 train batch [1560/1875] loss=0.2007 avg_loss=0.2828
[2026-06-03 06:34:44] Epoch 01 train batch [1580/1875] loss=0.4124 avg_loss=0.2828
[2026-06-03 06:34:45] Epoch 01 train batch [1600/1875] loss=0.0781 avg_loss=0.2825
[2026-06-03 06:34:47] Epoch 01 train batch [1620/1875] loss=0.1607 avg_loss=0.2819
[2026-06-03 06:34:49] Epoch 01 train batch [1640/1875] loss=0.0519 avg_loss=0.2810
[2026-06-03 06:34:50] Epoch 01 train batch [1660/1875] loss=0.3003 avg_loss=0.2808
[2026-06-03 06:34:52] Epoch 01 train batch [1680/1875] loss=0.1002 avg_loss=0.2802
[2026-06-03 06:34:54] Epoch 01 train batch [1700/1875] loss=0.2265 avg_loss=0.2799
[2026-06-03 06:34:56] Epoch 01 train batch [1720/1875] loss=0.0543 avg_loss=0.2792
[2026-06-03 06:34:57] Epoch 01 train batch [1740/1875] loss=0.2950 avg_loss=0.2783
[2026-06-03 06:34:59] Epoch 01 train batch [1760/1875] loss=0.1712 avg_loss=0.2780
[2026-06-03 06:35:01] Epoch 01 train batch [1780/1875] loss=0.2435 avg_loss=0.2779
[2026-06-03 06:35:03] Epoch 01 train batch [1800/1875] loss=0.2085 avg_loss=0.2771
[2026-06-03 06:35:04] Epoch 01 train batch [1820/1875] loss=0.0547 avg_loss=0.2766
[2026-06-03 06:35:06] Epoch 01 train batch [1840/1875] loss=0.1760 avg_loss=0.2762
[2026-06-03 06:35:08] Epoch 01 train batch [1860/1875] loss=0.8362 avg_loss=0.2762
[2026-06-03 06:35:09] Epoch 01 train batch [1875/1875] loss=0.2726 avg_loss=0.2760
[2026-06-03 06:35:09] Epoch 01 training completed. Computing validation loss.
[2026-06-03 06:35:27] Epoch 01 validation loss completed: 0.2328. Computing detection metrics.
[2026-06-03 06:35:44] Epoch 01 metrics computed. Saving artifacts.
[2026-06-03 06:35:45] Epoch 01 improved mAP@0.5 to 0.1164. Saved best checkpoint: best_model-20260603-063224.pth.
Epoch [01/30]
├── Train Loss : 0.2760
│   ├── loss_classifier  : 0.1141
│   ├── loss_box_reg     : 0.1095
│   ├── loss_objectness  : 0.0425
│   └── loss_rpn_box_reg : 0.0099
├── Val Loss   : 0.2328
├── mAP@0.5    : 0.1164
├── mAP@0.75   : 0.0091
├── mAP@0.5:0.95 : 0.0380
├── Precision  : 0.4264
├── Recall     : 0.3953
├── GT Boxes   : 2021
├── Predictions: 1874
├── Per-class AP
│   ├── person  : AP50=0.5034, AP75=0.0394, AP50:95=0.1666, P=0.4350, R=0.7076
│   ├── car     : AP50=0.0000, AP75=0.0000, AP50:95=0.0000, P=0.0000, R=0.0000
│   ├── dog     : AP50=0.0000, AP75=0.0000, AP50:95=0.0000, P=0.0000, R=0.0000
│   ├── cat     : AP50=0.0000, AP75=0.0000, AP50:95=0.0000, P=0.0000, R=0.0000
│   └── chair   : AP50=0.0786, AP75=0.0061, AP50:95=0.0235, P=0.3071, R=0.1383
├── LR         : 0.001000
└── Time       : 197.8s
[2026-06-03 06:35:46] Epoch [01/30] completed.
[2026-06-03 06:35:46] Epoch [02/30] started.
[2026-06-03 06:35:47] Epoch 02 train batch [20/1875] loss=0.2887 avg_loss=0.2258
[2026-06-03 06:35:49] Epoch 02 train batch [40/1875] loss=0.1202 avg_loss=0.2024
[2026-06-03 06:35:51] Epoch 02 train batch [60/1875] loss=0.2176 avg_loss=0.2095
[2026-06-03 06:35:53] Epoch 02 train batch [80/1875] loss=0.1094 avg_loss=0.2086
[2026-06-03 06:35:55] Epoch 02 train batch [100/1875] loss=0.2572 avg_loss=0.2173
[2026-06-03 06:35:57] Epoch 02 train batch [120/1875] loss=0.4705 avg_loss=0.2222
[2026-06-03 06:35:59] Epoch 02 train batch [140/1875] loss=0.1017 avg_loss=0.2252
[2026-06-03 06:36:00] Epoch 02 train batch [160/1875] loss=0.1362 avg_loss=0.2263
[2026-06-03 06:36:02] Epoch 02 train batch [180/1875] loss=0.0417 avg_loss=0.2220
[2026-06-03 06:36:04] Epoch 02 train batch [200/1875] loss=0.2557 avg_loss=0.2284
[2026-06-03 06:36:05] Epoch 02 train batch [220/1875] loss=0.0436 avg_loss=0.2249
[2026-06-03 06:36:07] Epoch 02 train batch [240/1875] loss=0.2809 avg_loss=0.2284
[2026-06-03 06:36:09] Epoch 02 train batch [260/1875] loss=0.1376 avg_loss=0.2338
[2026-06-03 06:36:10] Epoch 02 train batch [280/1875] loss=0.1601 avg_loss=0.2327
[2026-06-03 06:36:12] Epoch 02 train batch [300/1875] loss=0.0974 avg_loss=0.2336
[2026-06-03 06:36:14] Epoch 02 train batch [320/1875] loss=0.6507 avg_loss=0.2356
[2026-06-03 06:36:15] Epoch 02 train batch [340/1875] loss=0.2504 avg_loss=0.2367
[2026-06-03 06:36:17] Epoch 02 train batch [360/1875] loss=0.2901 avg_loss=0.2406
[2026-06-03 06:36:19] Epoch 02 train batch [380/1875] loss=0.1435 avg_loss=0.2383
[2026-06-03 06:36:21] Epoch 02 train batch [400/1875] loss=0.0830 avg_loss=0.2412
[2026-06-03 06:36:23] Epoch 02 train batch [420/1875] loss=0.0395 avg_loss=0.2397
[2026-06-03 06:36:24] Epoch 02 train batch [440/1875] loss=0.1632 avg_loss=0.2393
[2026-06-03 06:36:26] Epoch 02 train batch [460/1875] loss=0.3012 avg_loss=0.2410
[2026-06-03 06:36:28] Epoch 02 train batch [480/1875] loss=0.5403 avg_loss=0.2425
[2026-06-03 06:36:29] Epoch 02 train batch [500/1875] loss=0.2987 avg_loss=0.2411
[2026-06-03 06:36:31] Epoch 02 train batch [520/1875] loss=0.1529 avg_loss=0.2388
[2026-06-03 06:36:33] Epoch 02 train batch [540/1875] loss=0.2578 avg_loss=0.2376
[2026-06-03 06:36:35] Epoch 02 train batch [560/1875] loss=0.1268 avg_loss=0.2378
[2026-06-03 06:36:36] Epoch 02 train batch [580/1875] loss=0.1123 avg_loss=0.2372
[2026-06-03 06:36:38] Epoch 02 train batch [600/1875] loss=0.1798 avg_loss=0.2359
[2026-06-03 06:36:40] Epoch 02 train batch [620/1875] loss=0.4252 avg_loss=0.2366
[2026-06-03 06:36:42] Epoch 02 train batch [640/1875] loss=0.4248 avg_loss=0.2371
[2026-06-03 06:36:43] Epoch 02 train batch [660/1875] loss=0.2145 avg_loss=0.2358
[2026-06-03 06:36:45] Epoch 02 train batch [680/1875] loss=0.0986 avg_loss=0.2372
[2026-06-03 06:36:47] Epoch 02 train batch [700/1875] loss=0.2801 avg_loss=0.2369
[2026-06-03 06:36:48] Epoch 02 train batch [720/1875] loss=0.4024 avg_loss=0.2370
[2026-06-03 06:36:50] Epoch 02 train batch [740/1875] loss=0.2199 avg_loss=0.2375
[2026-06-03 06:36:52] Epoch 02 train batch [760/1875] loss=0.0586 avg_loss=0.2366
[2026-06-03 06:36:53] Epoch 02 train batch [780/1875] loss=0.0073 avg_loss=0.2370
[2026-06-03 06:36:55] Epoch 02 train batch [800/1875] loss=0.2808 avg_loss=0.2366
[2026-06-03 06:36:57] Epoch 02 train batch [820/1875] loss=0.0341 avg_loss=0.2365
[2026-06-03 06:36:59] Epoch 02 train batch [840/1875] loss=0.2463 avg_loss=0.2375
[2026-06-03 06:37:00] Epoch 02 train batch [860/1875] loss=0.2874 avg_loss=0.2369
[2026-06-03 06:37:02] Epoch 02 train batch [880/1875] loss=0.1944 avg_loss=0.2371
[2026-06-03 06:37:04] Epoch 02 train batch [900/1875] loss=0.0099 avg_loss=0.2371
[2026-06-03 06:37:06] Epoch 02 train batch [920/1875] loss=0.2514 avg_loss=0.2362
[2026-06-03 06:37:07] Epoch 02 train batch [940/1875] loss=0.5944 avg_loss=0.2364
[2026-06-03 06:37:09] Epoch 02 train batch [960/1875] loss=0.2448 avg_loss=0.2363
[2026-06-03 06:37:11] Epoch 02 train batch [980/1875] loss=0.2881 avg_loss=0.2353
[2026-06-03 06:37:13] Epoch 02 train batch [1000/1875] loss=0.1603 avg_loss=0.2350
[2026-06-03 06:37:14] Epoch 02 train batch [1020/1875] loss=0.2009 avg_loss=0.2348
[2026-06-03 06:37:16] Epoch 02 train batch [1040/1875] loss=0.1381 avg_loss=0.2347
[2026-06-03 06:37:18] Epoch 02 train batch [1060/1875] loss=0.1684 avg_loss=0.2337
[2026-06-03 06:37:19] Epoch 02 train batch [1080/1875] loss=0.2707 avg_loss=0.2329
[2026-06-03 06:37:21] Epoch 02 train batch [1100/1875] loss=0.6300 avg_loss=0.2337
[2026-06-03 06:37:23] Epoch 02 train batch [1120/1875] loss=0.0552 avg_loss=0.2328
[2026-06-03 06:37:25] Epoch 02 train batch [1140/1875] loss=0.1879 avg_loss=0.2330
[2026-06-03 06:37:27] Epoch 02 train batch [1160/1875] loss=0.0967 avg_loss=0.2330
[2026-06-03 06:37:28] Epoch 02 train batch [1180/1875] loss=0.1211 avg_loss=0.2335
[2026-06-03 06:37:30] Epoch 02 train batch [1200/1875] loss=0.2728 avg_loss=0.2339
[2026-06-03 06:37:32] Epoch 02 train batch [1220/1875] loss=0.2587 avg_loss=0.2341
[2026-06-03 06:37:33] Epoch 02 train batch [1240/1875] loss=0.1660 avg_loss=0.2345
[2026-06-03 06:37:35] Epoch 02 train batch [1260/1875] loss=0.5000 avg_loss=0.2346
[2026-06-03 06:37:37] Epoch 02 train batch [1280/1875] loss=0.0057 avg_loss=0.2347
[2026-06-03 06:37:39] Epoch 02 train batch [1300/1875] loss=0.0348 avg_loss=0.2344
[2026-06-03 06:37:40] Epoch 02 train batch [1320/1875] loss=0.0506 avg_loss=0.2333
[2026-06-03 06:37:42] Epoch 02 train batch [1340/1875] loss=0.3083 avg_loss=0.2334
[2026-06-03 06:37:44] Epoch 02 train batch [1360/1875] loss=0.5317 avg_loss=0.2334
[2026-06-03 06:37:46] Epoch 02 train batch [1380/1875] loss=0.1408 avg_loss=0.2328
[2026-06-03 06:37:48] Epoch 02 train batch [1400/1875] loss=0.1723 avg_loss=0.2320
[2026-06-03 06:37:49] Epoch 02 train batch [1420/1875] loss=0.3355 avg_loss=0.2326
[2026-06-03 06:37:51] Epoch 02 train batch [1440/1875] loss=0.1175 avg_loss=0.2328
[2026-06-03 06:37:53] Epoch 02 train batch [1460/1875] loss=0.1140 avg_loss=0.2323
[2026-06-03 06:37:54] Epoch 02 train batch [1480/1875] loss=0.3464 avg_loss=0.2317
[2026-06-03 06:37:56] Epoch 02 train batch [1500/1875] loss=0.1874 avg_loss=0.2310
[2026-06-03 06:37:58] Epoch 02 train batch [1520/1875] loss=0.2612 avg_loss=0.2310
[2026-06-03 06:38:00] Epoch 02 train batch [1540/1875] loss=0.1904 avg_loss=0.2314
[2026-06-03 06:38:01] Epoch 02 train batch [1560/1875] loss=0.0716 avg_loss=0.2308
[2026-06-03 06:38:03] Epoch 02 train batch [1580/1875] loss=0.3317 avg_loss=0.2312
[2026-06-03 06:38:05] Epoch 02 train batch [1600/1875] loss=0.4645 avg_loss=0.2310
[2026-06-03 06:38:07] Epoch 02 train batch [1620/1875] loss=0.2802 avg_loss=0.2310
[2026-06-03 06:38:08] Epoch 02 train batch [1640/1875] loss=0.2660 avg_loss=0.2303
[2026-06-03 06:38:10] Epoch 02 train batch [1660/1875] loss=0.1948 avg_loss=0.2301
[2026-06-03 06:38:12] Epoch 02 train batch [1680/1875] loss=0.0706 avg_loss=0.2297
[2026-06-03 06:38:14] Epoch 02 train batch [1700/1875] loss=0.2204 avg_loss=0.2292
[2026-06-03 06:38:15] Epoch 02 train batch [1720/1875] loss=0.2328 avg_loss=0.2284
[2026-06-03 06:38:17] Epoch 02 train batch [1740/1875] loss=0.2682 avg_loss=0.2288
[2026-06-03 06:38:19] Epoch 02 train batch [1760/1875] loss=0.4025 avg_loss=0.2292
[2026-06-03 06:38:20] Epoch 02 train batch [1780/1875] loss=0.4308 avg_loss=0.2288
[2026-06-03 06:38:22] Epoch 02 train batch [1800/1875] loss=0.1323 avg_loss=0.2283
[2026-06-03 06:38:24] Epoch 02 train batch [1820/1875] loss=0.1175 avg_loss=0.2280
[2026-06-03 06:38:26] Epoch 02 train batch [1840/1875] loss=0.3255 avg_loss=0.2281
[2026-06-03 06:38:27] Epoch 02 train batch [1860/1875] loss=0.0849 avg_loss=0.2280
[2026-06-03 06:38:29] Epoch 02 train batch [1875/1875] loss=0.0610 avg_loss=0.2278
[2026-06-03 06:38:29] Epoch 02 training completed. Computing validation loss.
[2026-06-03 06:38:46] Epoch 02 validation loss completed: 0.2264. Computing detection metrics.
[2026-06-03 06:39:03] Epoch 02 metrics computed. Saving artifacts.
[2026-06-03 06:39:04] Epoch 02 improved mAP@0.5 to 0.4358. Saved best checkpoint: best_model-20260603-063224.pth.
Epoch [02/30]
├── Train Loss : 0.2278
│   ├── loss_classifier  : 0.0845
│   ├── loss_box_reg     : 0.1162
│   ├── loss_objectness  : 0.0185
│   └── loss_rpn_box_reg : 0.0087
├── Val Loss   : 0.2264
├── mAP@0.5    : 0.4358
├── mAP@0.75   : 0.0802
├── mAP@0.5:0.95 : 0.1667
├── Precision  : 0.4255
├── Recall     : 0.6700
├── GT Boxes   : 2021
├── Predictions: 3182
├── Per-class AP
│   ├── person  : AP50=0.6385, AP75=0.1239, AP50:95=0.2509, P=0.4529, R=0.7840
│   ├── car     : AP50=0.2763, AP75=0.0416, AP50:95=0.1028, P=0.4323, R=0.4064
│   ├── dog     : AP50=0.5302, AP75=0.1129, AP50:95=0.2122, P=0.4604, R=0.7330
│   ├── cat     : AP50=0.4453, AP75=0.0872, AP50:95=0.1763, P=0.6901, R=0.5568
│   └── chair   : AP50=0.2889, AP75=0.0354, AP50:95=0.0914, P=0.2521, R=0.5248
├── LR         : 0.001000
└── Time       : 197.4s
[2026-06-03 06:39:04] Epoch [02/30] completed.
[2026-06-03 06:39:04] Epoch [03/30] started.
[2026-06-03 06:39:06] Epoch 03 train batch [20/1875] loss=0.2153 avg_loss=0.2328
[2026-06-03 06:39:08] Epoch 03 train batch [40/1875] loss=0.3470 avg_loss=0.2448
[2026-06-03 06:39:10] Epoch 03 train batch [60/1875] loss=0.6262 avg_loss=0.2375
[2026-06-03 06:39:11] Epoch 03 train batch [80/1875] loss=0.1498 avg_loss=0.2353
[2026-06-03 06:39:13] Epoch 03 train batch [100/1875] loss=0.1834 avg_loss=0.2285
[2026-06-03 06:39:15] Epoch 03 train batch [120/1875] loss=0.3225 avg_loss=0.2203
[2026-06-03 06:39:16] Epoch 03 train batch [140/1875] loss=0.2930 avg_loss=0.2204
[2026-06-03 06:39:18] Epoch 03 train batch [160/1875] loss=0.2553 avg_loss=0.2184
[2026-06-03 06:39:20] Epoch 03 train batch [180/1875] loss=0.1345 avg_loss=0.2176
[2026-06-03 06:39:22] Epoch 03 train batch [200/1875] loss=0.1023 avg_loss=0.2194
[2026-06-03 06:39:23] Epoch 03 train batch [220/1875] loss=0.4040 avg_loss=0.2171
[2026-06-03 06:39:25] Epoch 03 train batch [240/1875] loss=0.3125 avg_loss=0.2114
[2026-06-03 06:39:27] Epoch 03 train batch [260/1875] loss=0.2633 avg_loss=0.2089
[2026-06-03 06:39:29] Epoch 03 train batch [280/1875] loss=0.0899 avg_loss=0.2043
[2026-06-03 06:39:30] Epoch 03 train batch [300/1875] loss=0.1214 avg_loss=0.2016
[2026-06-03 06:39:32] Epoch 03 train batch [320/1875] loss=0.1455 avg_loss=0.2029
[2026-06-03 06:39:34] Epoch 03 train batch [340/1875] loss=0.1683 avg_loss=0.2082
[2026-06-03 06:39:36] Epoch 03 train batch [360/1875] loss=0.0884 avg_loss=0.2072
[2026-06-03 06:39:37] Epoch 03 train batch [380/1875] loss=0.0967 avg_loss=0.2079
[2026-06-03 06:39:39] Epoch 03 train batch [400/1875] loss=0.2276 avg_loss=0.2072
[2026-06-03 06:39:41] Epoch 03 train batch [420/1875] loss=0.0426 avg_loss=0.2066
[2026-06-03 06:39:43] Epoch 03 train batch [440/1875] loss=0.1009 avg_loss=0.2050
[2026-06-03 06:39:44] Epoch 03 train batch [460/1875] loss=0.1264 avg_loss=0.2038
[2026-06-03 06:39:46] Epoch 03 train batch [480/1875] loss=0.3922 avg_loss=0.2046
[2026-06-03 06:39:48] Epoch 03 train batch [500/1875] loss=0.1971 avg_loss=0.2062
[2026-06-03 06:39:49] Epoch 03 train batch [520/1875] loss=0.0816 avg_loss=0.2066
[2026-06-03 06:39:51] Epoch 03 train batch [540/1875] loss=0.2289 avg_loss=0.2066
[2026-06-03 06:39:53] Epoch 03 train batch [560/1875] loss=0.0840 avg_loss=0.2082
[2026-06-03 06:39:55] Epoch 03 train batch [580/1875] loss=0.1923 avg_loss=0.2076
[2026-06-03 06:39:57] Epoch 03 train batch [600/1875] loss=0.1999 avg_loss=0.2073
[2026-06-03 06:39:58] Epoch 03 train batch [620/1875] loss=0.0335 avg_loss=0.2068
[2026-06-03 06:40:00] Epoch 03 train batch [640/1875] loss=0.1019 avg_loss=0.2092
[2026-06-03 06:40:02] Epoch 03 train batch [660/1875] loss=0.2594 avg_loss=0.2073
[2026-06-03 06:40:04] Epoch 03 train batch [680/1875] loss=0.1210 avg_loss=0.2084
[2026-06-03 06:40:05] Epoch 03 train batch [700/1875] loss=0.1496 avg_loss=0.2087
[2026-06-03 06:40:07] Epoch 03 train batch [720/1875] loss=0.2094 avg_loss=0.2079
[2026-06-03 06:40:09] Epoch 03 train batch [740/1875] loss=0.1723 avg_loss=0.2079
[2026-06-03 06:40:11] Epoch 03 train batch [760/1875] loss=0.2040 avg_loss=0.2079
[2026-06-03 06:40:12] Epoch 03 train batch [780/1875] loss=0.1269 avg_loss=0.2082
[2026-06-03 06:40:14] Epoch 03 train batch [800/1875] loss=0.2565 avg_loss=0.2083
[2026-06-03 06:40:16] Epoch 03 train batch [820/1875] loss=0.1883 avg_loss=0.2089
[2026-06-03 06:40:18] Epoch 03 train batch [840/1875] loss=0.1667 avg_loss=0.2092
[2026-06-03 06:40:19] Epoch 03 train batch [860/1875] loss=0.2807 avg_loss=0.2096
[2026-06-03 06:40:21] Epoch 03 train batch [880/1875] loss=0.1172 avg_loss=0.2092
[2026-06-03 06:40:23] Epoch 03 train batch [900/1875] loss=0.0301 avg_loss=0.2084
[2026-06-03 06:40:25] Epoch 03 train batch [920/1875] loss=0.1499 avg_loss=0.2080
[2026-06-03 06:40:26] Epoch 03 train batch [940/1875] loss=0.3763 avg_loss=0.2078
[2026-06-03 06:40:28] Epoch 03 train batch [960/1875] loss=0.4870 avg_loss=0.2080
[2026-06-03 06:40:30] Epoch 03 train batch [980/1875] loss=0.1306 avg_loss=0.2084
[2026-06-03 06:40:31] Epoch 03 train batch [1000/1875] loss=0.4736 avg_loss=0.2090
[2026-06-03 06:40:33] Epoch 03 train batch [1020/1875] loss=0.1028 avg_loss=0.2083
[2026-06-03 06:40:35] Epoch 03 train batch [1040/1875] loss=0.0742 avg_loss=0.2074
[2026-06-03 06:40:37] Epoch 03 train batch [1060/1875] loss=0.1147 avg_loss=0.2081
[2026-06-03 06:40:38] Epoch 03 train batch [1080/1875] loss=0.0810 avg_loss=0.2080
[2026-06-03 06:40:40] Epoch 03 train batch [1100/1875] loss=0.1442 avg_loss=0.2076
[2026-06-03 06:40:42] Epoch 03 train batch [1120/1875] loss=0.2094 avg_loss=0.2076
[2026-06-03 06:40:44] Epoch 03 train batch [1140/1875] loss=0.3874 avg_loss=0.2080
[2026-06-03 06:40:45] Epoch 03 train batch [1160/1875] loss=0.1815 avg_loss=0.2085
[2026-06-03 06:40:47] Epoch 03 train batch [1180/1875] loss=0.1624 avg_loss=0.2088
[2026-06-03 06:40:49] Epoch 03 train batch [1200/1875] loss=0.1105 avg_loss=0.2094
[2026-06-03 06:40:50] Epoch 03 train batch [1220/1875] loss=0.2453 avg_loss=0.2098
[2026-06-03 06:40:52] Epoch 03 train batch [1240/1875] loss=0.2407 avg_loss=0.2096
[2026-06-03 06:40:54] Epoch 03 train batch [1260/1875] loss=0.2299 avg_loss=0.2095
[2026-06-03 06:40:56] Epoch 03 train batch [1280/1875] loss=0.0815 avg_loss=0.2095
[2026-06-03 06:40:58] Epoch 03 train batch [1300/1875] loss=0.4137 avg_loss=0.2102
[2026-06-03 06:40:59] Epoch 03 train batch [1320/1875] loss=0.2931 avg_loss=0.2100
[2026-06-03 06:41:01] Epoch 03 train batch [1340/1875] loss=0.2922 avg_loss=0.2107
[2026-06-03 06:41:03] Epoch 03 train batch [1360/1875] loss=0.3541 avg_loss=0.2106
[2026-06-03 06:41:05] Epoch 03 train batch [1380/1875] loss=0.3771 avg_loss=0.2105
[2026-06-03 06:41:06] Epoch 03 train batch [1400/1875] loss=0.2140 avg_loss=0.2114
[2026-06-03 06:41:08] Epoch 03 train batch [1420/1875] loss=0.1113 avg_loss=0.2116
[2026-06-03 06:41:10] Epoch 03 train batch [1440/1875] loss=0.1469 avg_loss=0.2113
[2026-06-03 06:41:11] Epoch 03 train batch [1460/1875] loss=0.0657 avg_loss=0.2113
[2026-06-03 06:41:13] Epoch 03 train batch [1480/1875] loss=0.1179 avg_loss=0.2116
[2026-06-03 06:41:15] Epoch 03 train batch [1500/1875] loss=0.2702 avg_loss=0.2116
[2026-06-03 06:41:17] Epoch 03 train batch [1520/1875] loss=0.1966 avg_loss=0.2112
[2026-06-03 06:41:18] Epoch 03 train batch [1540/1875] loss=0.1617 avg_loss=0.2110
[2026-06-03 06:41:20] Epoch 03 train batch [1560/1875] loss=0.0867 avg_loss=0.2106
[2026-06-03 06:41:22] Epoch 03 train batch [1580/1875] loss=0.1637 avg_loss=0.2102
[2026-06-03 06:41:24] Epoch 03 train batch [1600/1875] loss=0.2182 avg_loss=0.2105
[2026-06-03 06:41:25] Epoch 03 train batch [1620/1875] loss=0.1772 avg_loss=0.2102
[2026-06-03 06:41:27] Epoch 03 train batch [1640/1875] loss=0.4024 avg_loss=0.2100
[2026-06-03 06:41:29] Epoch 03 train batch [1660/1875] loss=0.0490 avg_loss=0.2101
[2026-06-03 06:41:31] Epoch 03 train batch [1680/1875] loss=0.1090 avg_loss=0.2098
[2026-06-03 06:41:33] Epoch 03 train batch [1700/1875] loss=0.1189 avg_loss=0.2102
[2026-06-03 06:41:34] Epoch 03 train batch [1720/1875] loss=0.3291 avg_loss=0.2110
[2026-06-03 06:41:36] Epoch 03 train batch [1740/1875] loss=0.3242 avg_loss=0.2110
[2026-06-03 06:41:38] Epoch 03 train batch [1760/1875] loss=0.0937 avg_loss=0.2108
[2026-06-03 06:41:40] Epoch 03 train batch [1780/1875] loss=0.1932 avg_loss=0.2107
[2026-06-03 06:41:41] Epoch 03 train batch [1800/1875] loss=0.3767 avg_loss=0.2110
[2026-06-03 06:41:43] Epoch 03 train batch [1820/1875] loss=0.0760 avg_loss=0.2111
[2026-06-03 06:41:45] Epoch 03 train batch [1840/1875] loss=0.2496 avg_loss=0.2110
[2026-06-03 06:41:46] Epoch 03 train batch [1860/1875] loss=0.0841 avg_loss=0.2109
[2026-06-03 06:41:48] Epoch 03 train batch [1875/1875] loss=0.0272 avg_loss=0.2105
[2026-06-03 06:41:48] Epoch 03 training completed. Computing validation loss.
[2026-06-03 06:42:05] Epoch 03 validation loss completed: 0.1977. Computing detection metrics.
[2026-06-03 06:42:22] Epoch 03 metrics computed. Saving artifacts.
[2026-06-03 06:42:24] Epoch 03 improved mAP@0.5 to 0.5856. Saved best checkpoint: best_model-20260603-063224.pth.
Epoch [03/30]
├── Train Loss : 0.2105
│   ├── loss_classifier  : 0.0749
│   ├── loss_box_reg     : 0.1137
│   ├── loss_objectness  : 0.0141
│   └── loss_rpn_box_reg : 0.0077
├── Val Loss   : 0.1977
├── mAP@0.5    : 0.5856
├── mAP@0.75   : 0.1957
├── mAP@0.5:0.95 : 0.2710
├── Precision  : 0.4468
├── Recall     : 0.7437
├── GT Boxes   : 2021
├── Predictions: 3364
├── Per-class AP
│   ├── person  : AP50=0.7395, AP75=0.2174, AP50:95=0.3259, P=0.4166, R=0.8482
│   ├── car     : AP50=0.4956, AP75=0.1725, AP50:95=0.2359, P=0.5272, R=0.5830
│   ├── dog     : AP50=0.7127, AP75=0.2855, AP50:95=0.3441, P=0.4670, R=0.8252
│   ├── cat     : AP50=0.7016, AP75=0.2715, AP50:95=0.3525, P=0.5508, R=0.8011
│   └── chair   : AP50=0.2784, AP75=0.0315, AP50:95=0.0966, P=0.4754, R=0.4113
├── LR         : 0.001000
└── Time       : 197.8s
[2026-06-03 06:42:24] Epoch [03/30] completed.
[2026-06-03 06:42:24] Epoch [04/30] started.
[2026-06-03 06:42:25] Epoch 04 train batch [20/1875] loss=0.0919 avg_loss=0.1888
[2026-06-03 06:42:27] Epoch 04 train batch [40/1875] loss=0.2158 avg_loss=0.1932
[2026-06-03 06:42:29] Epoch 04 train batch [60/1875] loss=0.0287 avg_loss=0.1895
[2026-06-03 06:42:31] Epoch 04 train batch [80/1875] loss=0.2540 avg_loss=0.1900
[2026-06-03 06:42:32] Epoch 04 train batch [100/1875] loss=0.1334 avg_loss=0.1869
[2026-06-03 06:42:34] Epoch 04 train batch [120/1875] loss=0.2637 avg_loss=0.1822
[2026-06-03 06:42:36] Epoch 04 train batch [140/1875] loss=0.3506 avg_loss=0.1847
[2026-06-03 06:42:38] Epoch 04 train batch [160/1875] loss=0.2627 avg_loss=0.1847
[2026-06-03 06:42:40] Epoch 04 train batch [180/1875] loss=0.1076 avg_loss=0.1877
[2026-06-03 06:42:41] Epoch 04 train batch [200/1875] loss=0.1115 avg_loss=0.1863
[2026-06-03 06:42:43] Epoch 04 train batch [220/1875] loss=0.1382 avg_loss=0.1883
[2026-06-03 06:42:45] Epoch 04 train batch [240/1875] loss=0.1228 avg_loss=0.1860
[2026-06-03 06:42:47] Epoch 04 train batch [260/1875] loss=0.0976 avg_loss=0.1871
[2026-06-03 06:42:48] Epoch 04 train batch [280/1875] loss=0.1831 avg_loss=0.1875
[2026-06-03 06:42:50] Epoch 04 train batch [300/1875] loss=0.2682 avg_loss=0.1890
[2026-06-03 06:42:52] Epoch 04 train batch [320/1875] loss=0.4121 avg_loss=0.1895
[2026-06-03 06:42:54] Epoch 04 train batch [340/1875] loss=0.2789 avg_loss=0.1895
[2026-06-03 06:42:55] Epoch 04 train batch [360/1875] loss=0.0654 avg_loss=0.1880
[2026-06-03 06:42:57] Epoch 04 train batch [380/1875] loss=0.2426 avg_loss=0.1860
[2026-06-03 06:42:59] Epoch 04 train batch [400/1875] loss=0.2933 avg_loss=0.1858
[2026-06-03 06:43:01] Epoch 04 train batch [420/1875] loss=0.2887 avg_loss=0.1888
[2026-06-03 06:43:02] Epoch 04 train batch [440/1875] loss=0.6455 avg_loss=0.1885
[2026-06-03 06:43:04] Epoch 04 train batch [460/1875] loss=0.3101 avg_loss=0.1882
[2026-06-03 06:43:06] Epoch 04 train batch [480/1875] loss=0.1427 avg_loss=0.1886
[2026-06-03 06:43:07] Epoch 04 train batch [500/1875] loss=0.4532 avg_loss=0.1902
[2026-06-03 06:43:09] Epoch 04 train batch [520/1875] loss=0.3394 avg_loss=0.1913
[2026-06-03 06:43:11] Epoch 04 train batch [540/1875] loss=0.4033 avg_loss=0.1927
[2026-06-03 06:43:13] Epoch 04 train batch [560/1875] loss=0.0603 avg_loss=0.1917
[2026-06-03 06:43:14] Epoch 04 train batch [580/1875] loss=0.0757 avg_loss=0.1905
[2026-06-03 06:43:16] Epoch 04 train batch [600/1875] loss=0.3645 avg_loss=0.1903
[2026-06-03 06:43:18] Epoch 04 train batch [620/1875] loss=0.2561 avg_loss=0.1891
[2026-06-03 06:43:20] Epoch 04 train batch [640/1875] loss=0.1720 avg_loss=0.1886
[2026-06-03 06:43:21] Epoch 04 train batch [660/1875] loss=0.3112 avg_loss=0.1906
[2026-06-03 06:43:23] Epoch 04 train batch [680/1875] loss=0.0386 avg_loss=0.1904
[2026-06-03 06:43:25] Epoch 04 train batch [700/1875] loss=0.2718 avg_loss=0.1915
[2026-06-03 06:43:27] Epoch 04 train batch [720/1875] loss=0.5486 avg_loss=0.1930
[2026-06-03 06:43:28] Epoch 04 train batch [740/1875] loss=0.2427 avg_loss=0.1934
[2026-06-03 06:43:30] Epoch 04 train batch [760/1875] loss=0.1066 avg_loss=0.1921
[2026-06-03 06:43:32] Epoch 04 train batch [780/1875] loss=0.3190 avg_loss=0.1928
[2026-06-03 06:43:34] Epoch 04 train batch [800/1875] loss=0.4552 avg_loss=0.1937
[2026-06-03 06:43:35] Epoch 04 train batch [820/1875] loss=0.5149 avg_loss=0.1934
[2026-06-03 06:43:37] Epoch 04 train batch [840/1875] loss=0.1676 avg_loss=0.1929
[2026-06-03 06:43:39] Epoch 04 train batch [860/1875] loss=0.1325 avg_loss=0.1930
[2026-06-03 06:43:41] Epoch 04 train batch [880/1875] loss=0.1852 avg_loss=0.1928
[2026-06-03 06:43:42] Epoch 04 train batch [900/1875] loss=0.1294 avg_loss=0.1943
[2026-06-03 06:43:44] Epoch 04 train batch [920/1875] loss=0.1160 avg_loss=0.1937
[2026-06-03 06:43:46] Epoch 04 train batch [940/1875] loss=0.0990 avg_loss=0.1934
[2026-06-03 06:43:48] Epoch 04 train batch [960/1875] loss=0.2492 avg_loss=0.1938
[2026-06-03 06:43:49] Epoch 04 train batch [980/1875] loss=0.1634 avg_loss=0.1945
[2026-06-03 06:43:51] Epoch 04 train batch [1000/1875] loss=0.0029 avg_loss=0.1937
[2026-06-03 06:43:53] Epoch 04 train batch [1020/1875] loss=0.2727 avg_loss=0.1939
[2026-06-03 06:43:54] Epoch 04 train batch [1040/1875] loss=0.1490 avg_loss=0.1938
[2026-06-03 06:43:56] Epoch 04 train batch [1060/1875] loss=0.1865 avg_loss=0.1944
[2026-06-03 06:43:58] Epoch 04 train batch [1080/1875] loss=0.0866 avg_loss=0.1943
[2026-06-03 06:44:00] Epoch 04 train batch [1100/1875] loss=0.1321 avg_loss=0.1951
[2026-06-03 06:44:01] Epoch 04 train batch [1120/1875] loss=0.1761 avg_loss=0.1948
[2026-06-03 06:44:03] Epoch 04 train batch [1140/1875] loss=0.2521 avg_loss=0.1945
[2026-06-03 06:44:05] Epoch 04 train batch [1160/1875] loss=0.2636 avg_loss=0.1941
[2026-06-03 06:44:07] Epoch 04 train batch [1180/1875] loss=0.3426 avg_loss=0.1946
[2026-06-03 06:44:08] Epoch 04 train batch [1200/1875] loss=0.1517 avg_loss=0.1944
[2026-06-03 06:44:10] Epoch 04 train batch [1220/1875] loss=0.2189 avg_loss=0.1946
[2026-06-03 06:44:12] Epoch 04 train batch [1240/1875] loss=0.0470 avg_loss=0.1940
[2026-06-03 06:44:14] Epoch 04 train batch [1260/1875] loss=0.0880 avg_loss=0.1943
[2026-06-03 06:44:15] Epoch 04 train batch [1280/1875] loss=0.0367 avg_loss=0.1944
[2026-06-03 06:44:17] Epoch 04 train batch [1300/1875] loss=0.0319 avg_loss=0.1946
[2026-06-03 06:44:19] Epoch 04 train batch [1320/1875] loss=0.1393 avg_loss=0.1952
[2026-06-03 06:44:20] Epoch 04 train batch [1340/1875] loss=0.2148 avg_loss=0.1951
[2026-06-03 06:44:22] Epoch 04 train batch [1360/1875] loss=0.1620 avg_loss=0.1950
[2026-06-03 06:44:24] Epoch 04 train batch [1380/1875] loss=0.6409 avg_loss=0.1957
[2026-06-03 06:44:26] Epoch 04 train batch [1400/1875] loss=0.2178 avg_loss=0.1958
[2026-06-03 06:44:28] Epoch 04 train batch [1420/1875] loss=0.1250 avg_loss=0.1959
[2026-06-03 06:44:29] Epoch 04 train batch [1440/1875] loss=0.0619 avg_loss=0.1960
[2026-06-03 06:44:31] Epoch 04 train batch [1460/1875] loss=0.1816 avg_loss=0.1957
[2026-06-03 06:44:33] Epoch 04 train batch [1480/1875] loss=0.1982 avg_loss=0.1958
[2026-06-03 06:44:35] Epoch 04 train batch [1500/1875] loss=0.3973 avg_loss=0.1961
[2026-06-03 06:44:36] Epoch 04 train batch [1520/1875] loss=0.0847 avg_loss=0.1952
[2026-06-03 06:44:38] Epoch 04 train batch [1540/1875] loss=0.2610 avg_loss=0.1950
[2026-06-03 06:44:40] Epoch 04 train batch [1560/1875] loss=0.0376 avg_loss=0.1951
[2026-06-03 06:44:42] Epoch 04 train batch [1580/1875] loss=0.0965 avg_loss=0.1948
[2026-06-03 06:44:43] Epoch 04 train batch [1600/1875] loss=0.3499 avg_loss=0.1949
[2026-06-03 06:44:45] Epoch 04 train batch [1620/1875] loss=0.1402 avg_loss=0.1950
[2026-06-03 06:44:47] Epoch 04 train batch [1640/1875] loss=0.1281 avg_loss=0.1949
[2026-06-03 06:44:48] Epoch 04 train batch [1660/1875] loss=0.2572 avg_loss=0.1954
[2026-06-03 06:44:50] Epoch 04 train batch [1680/1875] loss=0.1087 avg_loss=0.1956
[2026-06-03 06:44:52] Epoch 04 train batch [1700/1875] loss=0.0721 avg_loss=0.1965
[2026-06-03 06:44:54] Epoch 04 train batch [1720/1875] loss=0.3406 avg_loss=0.1970
[2026-06-03 06:44:55] Epoch 04 train batch [1740/1875] loss=0.1030 avg_loss=0.1966
[2026-06-03 06:44:57] Epoch 04 train batch [1760/1875] loss=0.1503 avg_loss=0.1973
[2026-06-03 06:44:59] Epoch 04 train batch [1780/1875] loss=0.1716 avg_loss=0.1976
[2026-06-03 06:45:01] Epoch 04 train batch [1800/1875] loss=0.1268 avg_loss=0.1981
[2026-06-03 06:45:03] Epoch 04 train batch [1820/1875] loss=0.1869 avg_loss=0.1982
[2026-06-03 06:45:04] Epoch 04 train batch [1840/1875] loss=0.0737 avg_loss=0.1976
[2026-06-03 06:45:06] Epoch 04 train batch [1860/1875] loss=0.1918 avg_loss=0.1981
[2026-06-03 06:45:07] Epoch 04 train batch [1875/1875] loss=0.1419 avg_loss=0.1983
[2026-06-03 06:45:07] Epoch 04 training completed. Computing validation loss.
[2026-06-03 06:45:25] Epoch 04 validation loss completed: 0.1972. Computing detection metrics.
[2026-06-03 06:45:42] Epoch 04 metrics computed. Saving artifacts.
[2026-06-03 06:45:43] Epoch 04 improved mAP@0.5 to 0.6600. Saved best checkpoint: best_model-20260603-063224.pth.
Epoch [04/30]
├── Train Loss : 0.1983
│   ├── loss_classifier  : 0.0689
│   ├── loss_box_reg     : 0.1105
│   ├── loss_objectness  : 0.0118
│   └── loss_rpn_box_reg : 0.0070
├── Val Loss   : 0.1972
├── mAP@0.5    : 0.6600
├── mAP@0.75   : 0.2763
├── mAP@0.5:0.95 : 0.3253
├── Precision  : 0.4685
├── Recall     : 0.7808
├── GT Boxes   : 2021
├── Predictions: 3368
├── Per-class AP
│   ├── person  : AP50=0.7574, AP75=0.2559, AP50:95=0.3494, P=0.4837, R=0.8445
│   ├── car     : AP50=0.5895, AP75=0.2689, AP50:95=0.3014, P=0.4068, R=0.6784
│   ├── dog     : AP50=0.7568, AP75=0.3989, AP50:95=0.4020, P=0.5244, R=0.8350
│   ├── cat     : AP50=0.7981, AP75=0.3179, AP50:95=0.3947, P=0.6416, R=0.8239
│   └── chair   : AP50=0.3985, AP75=0.1398, AP50:95=0.1790, P=0.3469, R=0.5745
├── LR         : 0.001000
└── Time       : 198.2s
[2026-06-03 06:45:43] Epoch [04/30] completed.
[2026-06-03 06:45:43] Epoch [05/30] started.
[2026-06-03 06:45:45] Epoch 05 train batch [20/1875] loss=0.0633 avg_loss=0.1903
[2026-06-03 06:45:47] Epoch 05 train batch [40/1875] loss=0.1794 avg_loss=0.1743
[2026-06-03 06:45:48] Epoch 05 train batch [60/1875] loss=0.0647 avg_loss=0.1796
[2026-06-03 06:45:50] Epoch 05 train batch [80/1875] loss=0.1898 avg_loss=0.1841
[2026-06-03 06:45:52] Epoch 05 train batch [100/1875] loss=0.3675 avg_loss=0.1878
[2026-06-03 06:45:54] Epoch 05 train batch [120/1875] loss=0.2145 avg_loss=0.1967
[2026-06-03 06:45:55] Epoch 05 train batch [140/1875] loss=0.1240 avg_loss=0.1969
[2026-06-03 06:45:57] Epoch 05 train batch [160/1875] loss=0.0854 avg_loss=0.1953
[2026-06-03 06:45:59] Epoch 05 train batch [180/1875] loss=0.2533 avg_loss=0.1925
[2026-06-03 06:46:00] Epoch 05 train batch [200/1875] loss=0.1304 avg_loss=0.1854
[2026-06-03 06:46:02] Epoch 05 train batch [220/1875] loss=0.2662 avg_loss=0.1858
[2026-06-03 06:46:04] Epoch 05 train batch [240/1875] loss=0.1736 avg_loss=0.1848
[2026-06-03 06:46:06] Epoch 05 train batch [260/1875] loss=0.2581 avg_loss=0.1829
[2026-06-03 06:46:08] Epoch 05 train batch [280/1875] loss=0.1578 avg_loss=0.1817
[2026-06-03 06:46:09] Epoch 05 train batch [300/1875] loss=0.1695 avg_loss=0.1809
[2026-06-03 06:46:11] Epoch 05 train batch [320/1875] loss=0.3029 avg_loss=0.1835
[2026-06-03 06:46:13] Epoch 05 train batch [340/1875] loss=0.1126 avg_loss=0.1840
[2026-06-03 06:46:14] Epoch 05 train batch [360/1875] loss=0.2171 avg_loss=0.1878
[2026-06-03 06:46:16] Epoch 05 train batch [380/1875] loss=0.1205 avg_loss=0.1869
[2026-06-03 06:46:18] Epoch 05 train batch [400/1875] loss=0.0192 avg_loss=0.1857
[2026-06-03 06:46:20] Epoch 05 train batch [420/1875] loss=0.0804 avg_loss=0.1846
[2026-06-03 06:46:22] Epoch 05 train batch [440/1875] loss=0.1507 avg_loss=0.1866
[2026-06-03 06:46:23] Epoch 05 train batch [460/1875] loss=0.2029 avg_loss=0.1856
[2026-06-03 06:46:25] Epoch 05 train batch [480/1875] loss=0.0559 avg_loss=0.1850
[2026-06-03 06:46:27] Epoch 05 train batch [500/1875] loss=0.0574 avg_loss=0.1864
[2026-06-03 06:46:28] Epoch 05 train batch [520/1875] loss=0.0616 avg_loss=0.1875
[2026-06-03 06:46:30] Epoch 05 train batch [540/1875] loss=0.1984 avg_loss=0.1860
[2026-06-03 06:46:32] Epoch 05 train batch [560/1875] loss=0.4091 avg_loss=0.1875
[2026-06-03 06:46:34] Epoch 05 train batch [580/1875] loss=0.1913 avg_loss=0.1889
[2026-06-03 06:46:36] Epoch 05 train batch [600/1875] loss=0.0245 avg_loss=0.1885
[2026-06-03 06:46:37] Epoch 05 train batch [620/1875] loss=0.0188 avg_loss=0.1874
[2026-06-03 06:46:39] Epoch 05 train batch [640/1875] loss=0.1168 avg_loss=0.1878
[2026-06-03 06:46:41] Epoch 05 train batch [660/1875] loss=0.0798 avg_loss=0.1877
[2026-06-03 06:46:42] Epoch 05 train batch [680/1875] loss=0.1903 avg_loss=0.1885
[2026-06-03 06:46:44] Epoch 05 train batch [700/1875] loss=0.0897 avg_loss=0.1884
[2026-06-03 06:46:46] Epoch 05 train batch [720/1875] loss=0.3511 avg_loss=0.1884
[2026-06-03 06:46:48] Epoch 05 train batch [740/1875] loss=0.2432 avg_loss=0.1873
[2026-06-03 06:46:49] Epoch 05 train batch [760/1875] loss=0.2844 avg_loss=0.1874
[2026-06-03 06:46:51] Epoch 05 train batch [780/1875] loss=0.1309 avg_loss=0.1875
[2026-06-03 06:46:53] Epoch 05 train batch [800/1875] loss=0.0706 avg_loss=0.1874
[2026-06-03 06:46:55] Epoch 05 train batch [820/1875] loss=0.1982 avg_loss=0.1875
[2026-06-03 06:46:56] Epoch 05 train batch [840/1875] loss=0.1667 avg_loss=0.1878
[2026-06-03 06:46:58] Epoch 05 train batch [860/1875] loss=0.0590 avg_loss=0.1871
[2026-06-03 06:47:00] Epoch 05 train batch [880/1875] loss=0.1636 avg_loss=0.1867
[2026-06-03 06:47:01] Epoch 05 train batch [900/1875] loss=0.1435 avg_loss=0.1856
[2026-06-03 06:47:03] Epoch 05 train batch [920/1875] loss=0.0651 avg_loss=0.1857
[2026-06-03 06:47:05] Epoch 05 train batch [940/1875] loss=0.1535 avg_loss=0.1872
[2026-06-03 06:47:07] Epoch 05 train batch [960/1875] loss=0.1575 avg_loss=0.1871
[2026-06-03 06:47:08] Epoch 05 train batch [980/1875] loss=0.4291 avg_loss=0.1874
[2026-06-03 06:47:10] Epoch 05 train batch [1000/1875] loss=0.1349 avg_loss=0.1872
[2026-06-03 06:47:12] Epoch 05 train batch [1020/1875] loss=0.1108 avg_loss=0.1866
[2026-06-03 06:47:14] Epoch 05 train batch [1040/1875] loss=0.1179 avg_loss=0.1868
[2026-06-03 06:47:15] Epoch 05 train batch [1060/1875] loss=0.1106 avg_loss=0.1873
[2026-06-03 06:47:17] Epoch 05 train batch [1080/1875] loss=0.5989 avg_loss=0.1878
[2026-06-03 06:47:19] Epoch 05 train batch [1100/1875] loss=0.3056 avg_loss=0.1880
[2026-06-03 06:47:20] Epoch 05 train batch [1120/1875] loss=0.1398 avg_loss=0.1881
[2026-06-03 06:47:22] Epoch 05 train batch [1140/1875] loss=0.0464 avg_loss=0.1884
[2026-06-03 06:47:24] Epoch 05 train batch [1160/1875] loss=0.1804 avg_loss=0.1887
[2026-06-03 06:47:26] Epoch 05 train batch [1180/1875] loss=0.2407 avg_loss=0.1882
[2026-06-03 06:47:28] Epoch 05 train batch [1200/1875] loss=0.1434 avg_loss=0.1882
[2026-06-03 06:47:29] Epoch 05 train batch [1220/1875] loss=0.1194 avg_loss=0.1877
[2026-06-03 06:47:31] Epoch 05 train batch [1240/1875] loss=0.1342 avg_loss=0.1882
[2026-06-03 06:47:33] Epoch 05 train batch [1260/1875] loss=0.0300 avg_loss=0.1882
[2026-06-03 06:47:35] Epoch 05 train batch [1280/1875] loss=0.1897 avg_loss=0.1886
[2026-06-03 06:47:36] Epoch 05 train batch [1300/1875] loss=0.3121 avg_loss=0.1889
[2026-06-03 06:47:38] Epoch 05 train batch [1320/1875] loss=0.0709 avg_loss=0.1883
[2026-06-03 06:47:40] Epoch 05 train batch [1340/1875] loss=0.2553 avg_loss=0.1884
[2026-06-03 06:47:41] Epoch 05 train batch [1360/1875] loss=0.0901 avg_loss=0.1888
[2026-06-03 06:47:43] Epoch 05 train batch [1380/1875] loss=0.0254 avg_loss=0.1892
[2026-06-03 06:47:45] Epoch 05 train batch [1400/1875] loss=0.2675 avg_loss=0.1899
[2026-06-03 06:47:47] Epoch 05 train batch [1420/1875] loss=0.1060 avg_loss=0.1895
[2026-06-03 06:47:48] Epoch 05 train batch [1440/1875] loss=0.2415 avg_loss=0.1893
[2026-06-03 06:47:50] Epoch 05 train batch [1460/1875] loss=0.1468 avg_loss=0.1885
[2026-06-03 06:47:52] Epoch 05 train batch [1480/1875] loss=0.1959 avg_loss=0.1885
[2026-06-03 06:47:54] Epoch 05 train batch [1500/1875] loss=0.2944 avg_loss=0.1883
[2026-06-03 06:47:55] Epoch 05 train batch [1520/1875] loss=0.3389 avg_loss=0.1885
[2026-06-03 06:47:57] Epoch 05 train batch [1540/1875] loss=0.1411 avg_loss=0.1889
[2026-06-03 06:47:59] Epoch 05 train batch [1560/1875] loss=0.2623 avg_loss=0.1883
[2026-06-03 06:48:01] Epoch 05 train batch [1580/1875] loss=0.0810 avg_loss=0.1885
[2026-06-03 06:48:02] Epoch 05 train batch [1600/1875] loss=0.0979 avg_loss=0.1883
[2026-06-03 06:48:04] Epoch 05 train batch [1620/1875] loss=0.0933 avg_loss=0.1882
[2026-06-03 06:48:06] Epoch 05 train batch [1640/1875] loss=0.1717 avg_loss=0.1894
[2026-06-03 06:48:08] Epoch 05 train batch [1660/1875] loss=0.1921 avg_loss=0.1891
[2026-06-03 06:48:09] Epoch 05 train batch [1680/1875] loss=0.1181 avg_loss=0.1892
[2026-06-03 06:48:11] Epoch 05 train batch [1700/1875] loss=0.1492 avg_loss=0.1891
[2026-06-03 06:48:13] Epoch 05 train batch [1720/1875] loss=0.1675 avg_loss=0.1894
[2026-06-03 06:48:15] Epoch 05 train batch [1740/1875] loss=0.7973 avg_loss=0.1899
[2026-06-03 06:48:16] Epoch 05 train batch [1760/1875] loss=0.2408 avg_loss=0.1899
[2026-06-03 06:48:18] Epoch 05 train batch [1780/1875] loss=0.0961 avg_loss=0.1896
[2026-06-03 06:48:20] Epoch 05 train batch [1800/1875] loss=0.1559 avg_loss=0.1900
[2026-06-03 06:48:22] Epoch 05 train batch [1820/1875] loss=0.1884 avg_loss=0.1897
[2026-06-03 06:48:23] Epoch 05 train batch [1840/1875] loss=0.1436 avg_loss=0.1896
[2026-06-03 06:48:25] Epoch 05 train batch [1860/1875] loss=0.0218 avg_loss=0.1897
[2026-06-03 06:48:26] Epoch 05 train batch [1875/1875] loss=0.2103 avg_loss=0.1898
[2026-06-03 06:48:26] Epoch 05 training completed. Computing validation loss.
[2026-06-03 06:48:44] Epoch 05 validation loss completed: 0.1862. Computing detection metrics.
[2026-06-03 06:49:01] Epoch 05 metrics computed. Saving artifacts.
[2026-06-03 06:49:02] Epoch 05 improved mAP@0.5 to 0.6880. Saved best checkpoint: best_model-20260603-063224.pth.
Epoch [05/30]
├── Train Loss : 0.1898
│   ├── loss_classifier  : 0.0649
│   ├── loss_box_reg     : 0.1081
│   ├── loss_objectness  : 0.0103
│   └── loss_rpn_box_reg : 0.0065
├── Val Loss   : 0.1862
├── mAP@0.5    : 0.6880
├── mAP@0.75   : 0.2850
├── mAP@0.5:0.95 : 0.3409
├── Precision  : 0.4378
├── Recall     : 0.8140
├── GT Boxes   : 2021
├── Predictions: 3757
├── Per-class AP
│   ├── person  : AP50=0.8083, AP75=0.3167, AP50:95=0.3963, P=0.4776, R=0.8715
│   ├── car     : AP50=0.6395, AP75=0.3266, AP50:95=0.3389, P=0.4927, R=0.7138
│   ├── dog     : AP50=0.7247, AP75=0.3224, AP50:95=0.3667, P=0.4899, R=0.8252
│   ├── cat     : AP50=0.8464, AP75=0.3957, AP50:95=0.4457, P=0.3598, R=0.9261
│   └── chair   : AP50=0.4211, AP75=0.0638, AP50:95=0.1567, P=0.2964, R=0.6170
├── LR         : 0.001000
└── Time       : 197.8s
[2026-06-03 06:49:02] Epoch [05/30] completed.
[2026-06-03 06:49:02] Epoch [06/30] started.
[2026-06-03 06:49:04] Epoch 06 train batch [20/1875] loss=0.3486 avg_loss=0.1762
[2026-06-03 06:49:06] Epoch 06 train batch [40/1875] loss=0.1414 avg_loss=0.1540
[2026-06-03 06:49:07] Epoch 06 train batch [60/1875] loss=0.0756 avg_loss=0.1756
[2026-06-03 06:49:09] Epoch 06 train batch [80/1875] loss=0.2299 avg_loss=0.1824
[2026-06-03 06:49:11] Epoch 06 train batch [100/1875] loss=0.3554 avg_loss=0.1820
[2026-06-03 06:49:12] Epoch 06 train batch [120/1875] loss=0.0436 avg_loss=0.1807
[2026-06-03 06:49:14] Epoch 06 train batch [140/1875] loss=0.3436 avg_loss=0.1799
[2026-06-03 06:49:16] Epoch 06 train batch [160/1875] loss=0.2625 avg_loss=0.1725
[2026-06-03 06:49:18] Epoch 06 train batch [180/1875] loss=0.5371 avg_loss=0.1770
[2026-06-03 06:49:20] Epoch 06 train batch [200/1875] loss=0.1573 avg_loss=0.1779
[2026-06-03 06:49:21] Epoch 06 train batch [220/1875] loss=0.1213 avg_loss=0.1811
[2026-06-03 06:49:23] Epoch 06 train batch [240/1875] loss=0.1170 avg_loss=0.1815
[2026-06-03 06:49:25] Epoch 06 train batch [260/1875] loss=0.0941 avg_loss=0.1784
[2026-06-03 06:49:27] Epoch 06 train batch [280/1875] loss=0.1151 avg_loss=0.1812
[2026-06-03 06:49:28] Epoch 06 train batch [300/1875] loss=0.1055 avg_loss=0.1806
[2026-06-03 06:49:30] Epoch 06 train batch [320/1875] loss=0.3658 avg_loss=0.1823
[2026-06-03 06:49:32] Epoch 06 train batch [340/1875] loss=0.4545 avg_loss=0.1839
[2026-06-03 06:49:34] Epoch 06 train batch [360/1875] loss=0.1067 avg_loss=0.1833
[2026-06-03 06:49:35] Epoch 06 train batch [380/1875] loss=0.3193 avg_loss=0.1831
[2026-06-03 06:49:37] Epoch 06 train batch [400/1875] loss=0.1619 avg_loss=0.1829
[2026-06-03 06:49:39] Epoch 06 train batch [420/1875] loss=0.1925 avg_loss=0.1829
[2026-06-03 06:49:40] Epoch 06 train batch [440/1875] loss=0.0364 avg_loss=0.1843
[2026-06-03 06:49:42] Epoch 06 train batch [460/1875] loss=0.1350 avg_loss=0.1834
[2026-06-03 06:49:44] Epoch 06 train batch [480/1875] loss=0.0883 avg_loss=0.1817
[2026-06-03 06:49:46] Epoch 06 train batch [500/1875] loss=0.2896 avg_loss=0.1814
[2026-06-03 06:49:48] Epoch 06 train batch [520/1875] loss=0.2996 avg_loss=0.1842
[2026-06-03 06:49:49] Epoch 06 train batch [540/1875] loss=0.1313 avg_loss=0.1853
[2026-06-03 06:49:51] Epoch 06 train batch [560/1875] loss=0.3703 avg_loss=0.1863
[2026-06-03 06:49:53] Epoch 06 train batch [580/1875] loss=0.1549 avg_loss=0.1870
[2026-06-03 06:49:55] Epoch 06 train batch [600/1875] loss=0.0584 avg_loss=0.1875
[2026-06-03 06:49:56] Epoch 06 train batch [620/1875] loss=0.2996 avg_loss=0.1877
[2026-06-03 06:49:58] Epoch 06 train batch [640/1875] loss=0.5025 avg_loss=0.1893
[2026-06-03 06:50:00] Epoch 06 train batch [660/1875] loss=0.1568 avg_loss=0.1885
[2026-06-03 06:50:02] Epoch 06 train batch [680/1875] loss=0.1958 avg_loss=0.1871
[2026-06-03 06:50:03] Epoch 06 train batch [700/1875] loss=0.3331 avg_loss=0.1865
[2026-06-03 06:50:05] Epoch 06 train batch [720/1875] loss=0.0735 avg_loss=0.1860
[2026-06-03 06:50:07] Epoch 06 train batch [740/1875] loss=0.1946 avg_loss=0.1855
[2026-06-03 06:50:09] Epoch 06 train batch [760/1875] loss=0.1987 avg_loss=0.1861
[2026-06-03 06:50:10] Epoch 06 train batch [780/1875] loss=0.0587 avg_loss=0.1862
[2026-06-03 06:50:12] Epoch 06 train batch [800/1875] loss=0.4610 avg_loss=0.1860
[2026-06-03 06:50:14] Epoch 06 train batch [820/1875] loss=0.1490 avg_loss=0.1855
[2026-06-03 06:50:15] Epoch 06 train batch [840/1875] loss=0.1335 avg_loss=0.1850
[2026-06-03 06:50:17] Epoch 06 train batch [860/1875] loss=0.2352 avg_loss=0.1863
[2026-06-03 06:50:19] Epoch 06 train batch [880/1875] loss=0.0272 avg_loss=0.1860
[2026-06-03 06:50:21] Epoch 06 train batch [900/1875] loss=0.1780 avg_loss=0.1864
[2026-06-03 06:50:22] Epoch 06 train batch [920/1875] loss=0.0458 avg_loss=0.1860
[2026-06-03 06:50:24] Epoch 06 train batch [940/1875] loss=0.1987 avg_loss=0.1858
[2026-06-03 06:50:26] Epoch 06 train batch [960/1875] loss=0.1559 avg_loss=0.1856
[2026-06-03 06:50:28] Epoch 06 train batch [980/1875] loss=0.1752 avg_loss=0.1845
[2026-06-03 06:50:29] Epoch 06 train batch [1000/1875] loss=0.1136 avg_loss=0.1842
[2026-06-03 06:50:31] Epoch 06 train batch [1020/1875] loss=0.1052 avg_loss=0.1843
[2026-06-03 06:50:33] Epoch 06 train batch [1040/1875] loss=0.2284 avg_loss=0.1846
[2026-06-03 06:50:35] Epoch 06 train batch [1060/1875] loss=0.2080 avg_loss=0.1841
[2026-06-03 06:50:36] Epoch 06 train batch [1080/1875] loss=0.3915 avg_loss=0.1843
[2026-06-03 06:50:38] Epoch 06 train batch [1100/1875] loss=0.1390 avg_loss=0.1835
[2026-06-03 06:50:40] Epoch 06 train batch [1120/1875] loss=0.3164 avg_loss=0.1831
[2026-06-03 06:50:42] Epoch 06 train batch [1140/1875] loss=0.0712 avg_loss=0.1829
[2026-06-03 06:50:43] Epoch 06 train batch [1160/1875] loss=0.2851 avg_loss=0.1828
[2026-06-03 06:50:45] Epoch 06 train batch [1180/1875] loss=0.1198 avg_loss=0.1821
[2026-06-03 06:50:47] Epoch 06 train batch [1200/1875] loss=0.1962 avg_loss=0.1826
[2026-06-03 06:50:48] Epoch 06 train batch [1220/1875] loss=0.0504 avg_loss=0.1822
[2026-06-03 06:50:50] Epoch 06 train batch [1240/1875] loss=0.1046 avg_loss=0.1819
[2026-06-03 06:50:52] Epoch 06 train batch [1260/1875] loss=0.2289 avg_loss=0.1814
[2026-06-03 06:50:54] Epoch 06 train batch [1280/1875] loss=0.1452 avg_loss=0.1812
[2026-06-03 06:50:56] Epoch 06 train batch [1300/1875] loss=0.3171 avg_loss=0.1816
[2026-06-03 06:50:57] Epoch 06 train batch [1320/1875] loss=0.1484 avg_loss=0.1820
[2026-06-03 06:50:59] Epoch 06 train batch [1340/1875] loss=0.0902 avg_loss=0.1813
[2026-06-03 06:51:01] Epoch 06 train batch [1360/1875] loss=0.0339 avg_loss=0.1807
[2026-06-03 06:51:02] Epoch 06 train batch [1380/1875] loss=0.0831 avg_loss=0.1802
[2026-06-03 06:51:04] Epoch 06 train batch [1400/1875] loss=0.2083 avg_loss=0.1801
[2026-06-03 06:51:06] Epoch 06 train batch [1420/1875] loss=0.2378 avg_loss=0.1802
[2026-06-03 06:51:08] Epoch 06 train batch [1440/1875] loss=0.0518 avg_loss=0.1805
[2026-06-03 06:51:09] Epoch 06 train batch [1460/1875] loss=0.2324 avg_loss=0.1799
[2026-06-03 06:51:11] Epoch 06 train batch [1480/1875] loss=0.2124 avg_loss=0.1804
[2026-06-03 06:51:13] Epoch 06 train batch [1500/1875] loss=0.2418 avg_loss=0.1802
[2026-06-03 06:51:15] Epoch 06 train batch [1520/1875] loss=0.4477 avg_loss=0.1801
[2026-06-03 06:51:16] Epoch 06 train batch [1540/1875] loss=0.1093 avg_loss=0.1799
[2026-06-03 06:51:18] Epoch 06 train batch [1560/1875] loss=0.1567 avg_loss=0.1799
[2026-06-03 06:51:20] Epoch 06 train batch [1580/1875] loss=0.0285 avg_loss=0.1797
[2026-06-03 06:51:21] Epoch 06 train batch [1600/1875] loss=0.1559 avg_loss=0.1798
[2026-06-03 06:51:23] Epoch 06 train batch [1620/1875] loss=0.2901 avg_loss=0.1805
[2026-06-03 06:51:25] Epoch 06 train batch [1640/1875] loss=0.3639 avg_loss=0.1806
[2026-06-03 06:51:27] Epoch 06 train batch [1660/1875] loss=0.0871 avg_loss=0.1804
[2026-06-03 06:51:29] Epoch 06 train batch [1680/1875] loss=0.1546 avg_loss=0.1803
[2026-06-03 06:51:30] Epoch 06 train batch [1700/1875] loss=0.3332 avg_loss=0.1805
[2026-06-03 06:51:32] Epoch 06 train batch [1720/1875] loss=0.0557 avg_loss=0.1801
[2026-06-03 06:51:34] Epoch 06 train batch [1740/1875] loss=0.0820 avg_loss=0.1804
[2026-06-03 06:51:36] Epoch 06 train batch [1760/1875] loss=0.0171 avg_loss=0.1802
[2026-06-03 06:51:37] Epoch 06 train batch [1780/1875] loss=0.1178 avg_loss=0.1811
[2026-06-03 06:51:39] Epoch 06 train batch [1800/1875] loss=0.1566 avg_loss=0.1813
[2026-06-03 06:51:41] Epoch 06 train batch [1820/1875] loss=0.1642 avg_loss=0.1815
[2026-06-03 06:51:42] Epoch 06 train batch [1840/1875] loss=0.1759 avg_loss=0.1816
[2026-06-03 06:51:44] Epoch 06 train batch [1860/1875] loss=0.1438 avg_loss=0.1817
[2026-06-03 06:51:45] Epoch 06 train batch [1875/1875] loss=0.0924 avg_loss=0.1816
[2026-06-03 06:51:45] Epoch 06 training completed. Computing validation loss.
[2026-06-03 06:52:03] Epoch 06 validation loss completed: 0.1930. Computing detection metrics.
[2026-06-03 06:52:20] Epoch 06 metrics computed. Saving artifacts.
[2026-06-03 06:52:22] Epoch 06 improved mAP@0.5 to 0.7176. Saved best checkpoint: best_model-20260603-063224.pth.
Epoch [06/30]
├── Train Loss : 0.1816
│   ├── loss_classifier  : 0.0616
│   ├── loss_box_reg     : 0.1049
│   ├── loss_objectness  : 0.0089
│   └── loss_rpn_box_reg : 0.0062
├── Val Loss   : 0.1930
├── mAP@0.5    : 0.7176
├── mAP@0.75   : 0.3305
├── mAP@0.5:0.95 : 0.3728
├── Precision  : 0.3836
├── Recall     : 0.8367
├── GT Boxes   : 2021
├── Predictions: 4408
├── Per-class AP
│   ├── person  : AP50=0.7958, AP75=0.2799, AP50:95=0.3783, P=0.3667, R=0.8845
│   ├── car     : AP50=0.6926, AP75=0.3894, AP50:95=0.3728, P=0.3434, R=0.8057
│   ├── dog     : AP50=0.8233, AP75=0.4284, AP50:95=0.4570, P=0.5126, R=0.8883
│   ├── cat     : AP50=0.8422, AP75=0.4057, AP50:95=0.4575, P=0.6290, R=0.8864
│   └── chair   : AP50=0.4343, AP75=0.1492, AP50:95=0.1987, P=0.3175, R=0.6170
├── LR         : 0.001000
└── Time       : 197.9s
[2026-06-03 06:52:22] Epoch [06/30] completed.
[2026-06-03 06:52:22] Epoch [07/30] started.
[2026-06-03 06:52:24] Epoch 07 train batch [20/1875] loss=0.1310 avg_loss=0.1983
[2026-06-03 06:52:25] Epoch 07 train batch [40/1875] loss=0.0834 avg_loss=0.1669
[2026-06-03 06:52:27] Epoch 07 train batch [60/1875] loss=0.1404 avg_loss=0.1890
[2026-06-03 06:52:29] Epoch 07 train batch [80/1875] loss=0.1234 avg_loss=0.1787
[2026-06-03 06:52:31] Epoch 07 train batch [100/1875] loss=0.3889 avg_loss=0.1879
[2026-06-03 06:52:32] Epoch 07 train batch [120/1875] loss=0.2914 avg_loss=0.1954
[2026-06-03 06:52:34] Epoch 07 train batch [140/1875] loss=0.1184 avg_loss=0.1894
[2026-06-03 06:52:36] Epoch 07 train batch [160/1875] loss=0.2638 avg_loss=0.1843
[2026-06-03 06:52:37] Epoch 07 train batch [180/1875] loss=0.0523 avg_loss=0.1784
[2026-06-03 06:52:39] Epoch 07 train batch [200/1875] loss=0.3129 avg_loss=0.1786
[2026-06-03 06:52:41] Epoch 07 train batch [220/1875] loss=0.1694 avg_loss=0.1782
[2026-06-03 06:52:43] Epoch 07 train batch [240/1875] loss=0.1123 avg_loss=0.1755
[2026-06-03 06:52:44] Epoch 07 train batch [260/1875] loss=0.0220 avg_loss=0.1756
[2026-06-03 06:52:46] Epoch 07 train batch [280/1875] loss=0.1241 avg_loss=0.1791
[2026-06-03 06:52:48] Epoch 07 train batch [300/1875] loss=0.0360 avg_loss=0.1785
[2026-06-03 06:52:49] Epoch 07 train batch [320/1875] loss=0.0179 avg_loss=0.1769
[2026-06-03 06:52:51] Epoch 07 train batch [340/1875] loss=0.1726 avg_loss=0.1778
[2026-06-03 06:52:53] Epoch 07 train batch [360/1875] loss=0.2948 avg_loss=0.1792
[2026-06-03 06:52:55] Epoch 07 train batch [380/1875] loss=0.1410 avg_loss=0.1770
[2026-06-03 06:52:57] Epoch 07 train batch [400/1875] loss=0.0862 avg_loss=0.1767
[2026-06-03 06:52:58] Epoch 07 train batch [420/1875] loss=0.0433 avg_loss=0.1766
[2026-06-03 06:53:00] Epoch 07 train batch [440/1875] loss=0.3085 avg_loss=0.1768
[2026-06-03 06:53:02] Epoch 07 train batch [460/1875] loss=0.1955 avg_loss=0.1763
[2026-06-03 06:53:04] Epoch 07 train batch [480/1875] loss=0.0579 avg_loss=0.1777
[2026-06-03 06:53:05] Epoch 07 train batch [500/1875] loss=0.2537 avg_loss=0.1772
[2026-06-03 06:53:07] Epoch 07 train batch [520/1875] loss=0.2636 avg_loss=0.1774
[2026-06-03 06:53:09] Epoch 07 train batch [540/1875] loss=0.2619 avg_loss=0.1776
[2026-06-03 06:53:11] Epoch 07 train batch [560/1875] loss=0.1249 avg_loss=0.1772
[2026-06-03 06:53:12] Epoch 07 train batch [580/1875] loss=0.1318 avg_loss=0.1770
[2026-06-03 06:53:14] Epoch 07 train batch [600/1875] loss=0.0925 avg_loss=0.1764
[2026-06-03 06:53:16] Epoch 07 train batch [620/1875] loss=0.3269 avg_loss=0.1768
[2026-06-03 06:53:18] Epoch 07 train batch [640/1875] loss=0.3048 avg_loss=0.1779
[2026-06-03 06:53:19] Epoch 07 train batch [660/1875] loss=0.3732 avg_loss=0.1777
[2026-06-03 06:53:21] Epoch 07 train batch [680/1875] loss=0.3197 avg_loss=0.1774
[2026-06-03 06:53:23] Epoch 07 train batch [700/1875] loss=0.1200 avg_loss=0.1773
[2026-06-03 06:53:24] Epoch 07 train batch [720/1875] loss=0.2870 avg_loss=0.1772
[2026-06-03 06:53:26] Epoch 07 train batch [740/1875] loss=0.0809 avg_loss=0.1770
[2026-06-03 06:53:28] Epoch 07 train batch [760/1875] loss=0.0425 avg_loss=0.1764
[2026-06-03 06:53:30] Epoch 07 train batch [780/1875] loss=0.2041 avg_loss=0.1773
[2026-06-03 06:53:32] Epoch 07 train batch [800/1875] loss=0.0584 avg_loss=0.1759
[2026-06-03 06:53:33] Epoch 07 train batch [820/1875] loss=0.2248 avg_loss=0.1763
[2026-06-03 06:53:35] Epoch 07 train batch [840/1875] loss=0.0883 avg_loss=0.1763
[2026-06-03 06:53:37] Epoch 07 train batch [860/1875] loss=0.1154 avg_loss=0.1759
[2026-06-03 06:53:39] Epoch 07 train batch [880/1875] loss=0.0472 avg_loss=0.1751
[2026-06-03 06:53:40] Epoch 07 train batch [900/1875] loss=0.1970 avg_loss=0.1750
[2026-06-03 06:53:42] Epoch 07 train batch [920/1875] loss=0.0883 avg_loss=0.1749
[2026-06-03 06:53:44] Epoch 07 train batch [940/1875] loss=0.1445 avg_loss=0.1746
[2026-06-03 06:53:45] Epoch 07 train batch [960/1875] loss=0.3130 avg_loss=0.1745
[2026-06-03 06:53:47] Epoch 07 train batch [980/1875] loss=0.3490 avg_loss=0.1742
[2026-06-03 06:53:49] Epoch 07 train batch [1000/1875] loss=0.1200 avg_loss=0.1743
[2026-06-03 06:53:51] Epoch 07 train batch [1020/1875] loss=0.1873 avg_loss=0.1753
[2026-06-03 06:53:52] Epoch 07 train batch [1040/1875] loss=0.0284 avg_loss=0.1746
[2026-06-03 06:53:54] Epoch 07 train batch [1060/1875] loss=0.0035 avg_loss=0.1751
[2026-06-03 06:53:56] Epoch 07 train batch [1080/1875] loss=0.0816 avg_loss=0.1748
[2026-06-03 06:53:57] Epoch 07 train batch [1100/1875] loss=0.1765 avg_loss=0.1755
[2026-06-03 06:53:59] Epoch 07 train batch [1120/1875] loss=0.1711 avg_loss=0.1756
[2026-06-03 06:54:01] Epoch 07 train batch [1140/1875] loss=0.0936 avg_loss=0.1757
[2026-06-03 06:54:02] Epoch 07 train batch [1160/1875] loss=0.4511 avg_loss=0.1756
[2026-06-03 06:54:04] Epoch 07 train batch [1180/1875] loss=0.1674 avg_loss=0.1751
[2026-06-03 06:54:06] Epoch 07 train batch [1200/1875] loss=0.1897 avg_loss=0.1746
[2026-06-03 06:54:08] Epoch 07 train batch [1220/1875] loss=0.2585 avg_loss=0.1741
[2026-06-03 06:54:09] Epoch 07 train batch [1240/1875] loss=0.2727 avg_loss=0.1742
[2026-06-03 06:54:11] Epoch 07 train batch [1260/1875] loss=0.0768 avg_loss=0.1735
[2026-06-03 06:54:13] Epoch 07 train batch [1280/1875] loss=0.1564 avg_loss=0.1739
[2026-06-03 06:54:14] Epoch 07 train batch [1300/1875] loss=0.2112 avg_loss=0.1745
[2026-06-03 06:54:16] Epoch 07 train batch [1320/1875] loss=0.2408 avg_loss=0.1750
[2026-06-03 06:54:18] Epoch 07 train batch [1340/1875] loss=0.0591 avg_loss=0.1744
[2026-06-03 06:54:20] Epoch 07 train batch [1360/1875] loss=0.4095 avg_loss=0.1747
[2026-06-03 06:54:21] Epoch 07 train batch [1380/1875] loss=0.3310 avg_loss=0.1747
[2026-06-03 06:54:23] Epoch 07 train batch [1400/1875] loss=0.0195 avg_loss=0.1747
[2026-06-03 06:54:25] Epoch 07 train batch [1420/1875] loss=0.2684 avg_loss=0.1748
[2026-06-03 06:54:27] Epoch 07 train batch [1440/1875] loss=0.3109 avg_loss=0.1751
[2026-06-03 06:54:28] Epoch 07 train batch [1460/1875] loss=0.1726 avg_loss=0.1750
[2026-06-03 06:54:30] Epoch 07 train batch [1480/1875] loss=0.1454 avg_loss=0.1753
[2026-06-03 06:54:32] Epoch 07 train batch [1500/1875] loss=0.1651 avg_loss=0.1751
[2026-06-03 06:54:34] Epoch 07 train batch [1520/1875] loss=0.3693 avg_loss=0.1751
[2026-06-03 06:54:35] Epoch 07 train batch [1540/1875] loss=0.1938 avg_loss=0.1749
[2026-06-03 06:54:37] Epoch 07 train batch [1560/1875] loss=0.1724 avg_loss=0.1748
[2026-06-03 06:54:39] Epoch 07 train batch [1580/1875] loss=0.0588 avg_loss=0.1742
[2026-06-03 06:54:41] Epoch 07 train batch [1600/1875] loss=0.3912 avg_loss=0.1744
[2026-06-03 06:54:42] Epoch 07 train batch [1620/1875] loss=0.0887 avg_loss=0.1741
[2026-06-03 06:54:44] Epoch 07 train batch [1640/1875] loss=0.1352 avg_loss=0.1741
[2026-06-03 06:54:46] Epoch 07 train batch [1660/1875] loss=0.0016 avg_loss=0.1738
[2026-06-03 06:54:48] Epoch 07 train batch [1680/1875] loss=0.1961 avg_loss=0.1740
[2026-06-03 06:54:49] Epoch 07 train batch [1700/1875] loss=0.3355 avg_loss=0.1735
[2026-06-03 06:54:51] Epoch 07 train batch [1720/1875] loss=0.2087 avg_loss=0.1738
[2026-06-03 06:54:53] Epoch 07 train batch [1740/1875] loss=0.0594 avg_loss=0.1735
[2026-06-03 06:54:54] Epoch 07 train batch [1760/1875] loss=0.0688 avg_loss=0.1736
[2026-06-03 06:54:56] Epoch 07 train batch [1780/1875] loss=0.0803 avg_loss=0.1739
[2026-06-03 06:54:58] Epoch 07 train batch [1800/1875] loss=0.3888 avg_loss=0.1740
[2026-06-03 06:55:00] Epoch 07 train batch [1820/1875] loss=0.2367 avg_loss=0.1740
[2026-06-03 06:55:01] Epoch 07 train batch [1840/1875] loss=0.1486 avg_loss=0.1739
[2026-06-03 06:55:03] Epoch 07 train batch [1860/1875] loss=0.2685 avg_loss=0.1737
[2026-06-03 06:55:05] Epoch 07 train batch [1875/1875] loss=0.1850 avg_loss=0.1736
[2026-06-03 06:55:05] Epoch 07 training completed. Computing validation loss.
[2026-06-03 06:55:22] Epoch 07 validation loss completed: 0.1857. Computing detection metrics.
[2026-06-03 06:55:39] Epoch 07 metrics computed. Saving artifacts.
[2026-06-03 06:55:41] Epoch 07 improved mAP@0.5 to 0.7272. Saved best checkpoint: best_model-20260603-063224.pth.
Epoch [07/30]
├── Train Loss : 0.1736
│   ├── loss_classifier  : 0.0580
│   ├── loss_box_reg     : 0.1017
│   ├── loss_objectness  : 0.0080
│   └── loss_rpn_box_reg : 0.0059
├── Val Loss   : 0.1857
├── mAP@0.5    : 0.7272
├── mAP@0.75   : 0.3479
├── mAP@0.5:0.95 : 0.3779
├── Precision  : 0.4673
├── Recall     : 0.8273
├── GT Boxes   : 2021
├── Predictions: 3578
├── Per-class AP
│   ├── person  : AP50=0.8118, AP75=0.4073, AP50:95=0.4327, P=0.5147, R=0.8641
│   ├── car     : AP50=0.6826, AP75=0.3500, AP50:95=0.3605, P=0.4648, R=0.7703
│   ├── dog     : AP50=0.8363, AP75=0.4494, AP50:95=0.4599, P=0.6061, R=0.8738
│   ├── cat     : AP50=0.7893, AP75=0.4028, AP50:95=0.4118, P=0.7869, R=0.8182
│   └── chair   : AP50=0.5161, AP75=0.1299, AP50:95=0.2246, P=0.2446, R=0.7163
├── LR         : 0.001000
└── Time       : 197.0s
[2026-06-03 06:55:41] Epoch [07/30] completed.
[2026-06-03 06:55:41] Epoch [08/30] started.
[2026-06-03 06:55:43] Epoch 08 train batch [20/1875] loss=0.1807 avg_loss=0.1732
[2026-06-03 06:55:44] Epoch 08 train batch [40/1875] loss=0.5102 avg_loss=0.1801
[2026-06-03 06:55:46] Epoch 08 train batch [60/1875] loss=0.0612 avg_loss=0.1588
[2026-06-03 06:55:48] Epoch 08 train batch [80/1875] loss=0.3396 avg_loss=0.1597
[2026-06-03 06:55:50] Epoch 08 train batch [100/1875] loss=0.2260 avg_loss=0.1630
[2026-06-03 06:55:51] Epoch 08 train batch [120/1875] loss=0.1818 avg_loss=0.1628
[2026-06-03 06:55:53] Epoch 08 train batch [140/1875] loss=0.0369 avg_loss=0.1594
[2026-06-03 06:55:55] Epoch 08 train batch [160/1875] loss=0.2414 avg_loss=0.1601
[2026-06-03 06:55:56] Epoch 08 train batch [180/1875] loss=0.2777 avg_loss=0.1602
[2026-06-03 06:55:58] Epoch 08 train batch [200/1875] loss=0.3322 avg_loss=0.1630
[2026-06-03 06:56:00] Epoch 08 train batch [220/1875] loss=0.1182 avg_loss=0.1626
[2026-06-03 06:56:02] Epoch 08 train batch [240/1875] loss=0.2147 avg_loss=0.1624
[2026-06-03 06:56:04] Epoch 08 train batch [260/1875] loss=0.3696 avg_loss=0.1632
[2026-06-03 06:56:05] Epoch 08 train batch [280/1875] loss=0.3368 avg_loss=0.1672
[2026-06-03 06:56:07] Epoch 08 train batch [300/1875] loss=0.0255 avg_loss=0.1659
[2026-06-03 06:56:09] Epoch 08 train batch [320/1875] loss=0.0430 avg_loss=0.1673
[2026-06-03 06:56:11] Epoch 08 train batch [340/1875] loss=0.0891 avg_loss=0.1663
[2026-06-03 06:56:12] Epoch 08 train batch [360/1875] loss=0.1738 avg_loss=0.1649
[2026-06-03 06:56:14] Epoch 08 train batch [380/1875] loss=0.3309 avg_loss=0.1646
[2026-06-03 06:56:16] Epoch 08 train batch [400/1875] loss=0.2298 avg_loss=0.1631
[2026-06-03 06:56:18] Epoch 08 train batch [420/1875] loss=0.0948 avg_loss=0.1620
[2026-06-03 06:56:19] Epoch 08 train batch [440/1875] loss=0.0594 avg_loss=0.1620
[2026-06-03 06:56:21] Epoch 08 train batch [460/1875] loss=0.0650 avg_loss=0.1621
[2026-06-03 06:56:23] Epoch 08 train batch [480/1875] loss=0.0809 avg_loss=0.1620
[2026-06-03 06:56:25] Epoch 08 train batch [500/1875] loss=0.1083 avg_loss=0.1614
[2026-06-03 06:56:26] Epoch 08 train batch [520/1875] loss=0.0352 avg_loss=0.1630
[2026-06-03 06:56:28] Epoch 08 train batch [540/1875] loss=0.1220 avg_loss=0.1618
[2026-06-03 06:56:30] Epoch 08 train batch [560/1875] loss=0.0753 avg_loss=0.1618
[2026-06-03 06:56:31] Epoch 08 train batch [580/1875] loss=0.2291 avg_loss=0.1633
[2026-06-03 06:56:33] Epoch 08 train batch [600/1875] loss=0.1719 avg_loss=0.1634
[2026-06-03 06:56:35] Epoch 08 train batch [620/1875] loss=0.1097 avg_loss=0.1635
[2026-06-03 06:56:37] Epoch 08 train batch [640/1875] loss=0.2739 avg_loss=0.1640
[2026-06-03 06:56:38] Epoch 08 train batch [660/1875] loss=0.2136 avg_loss=0.1645
[2026-06-03 06:56:40] Epoch 08 train batch [680/1875] loss=0.2239 avg_loss=0.1643
[2026-06-03 06:56:42] Epoch 08 train batch [700/1875] loss=0.1064 avg_loss=0.1647
[2026-06-03 06:56:43] Epoch 08 train batch [720/1875] loss=0.0599 avg_loss=0.1641
[2026-06-03 06:56:45] Epoch 08 train batch [740/1875] loss=0.1665 avg_loss=0.1638
[2026-06-03 06:56:47] Epoch 08 train batch [760/1875] loss=0.1284 avg_loss=0.1638
[2026-06-03 06:56:49] Epoch 08 train batch [780/1875] loss=0.0083 avg_loss=0.1628
[2026-06-03 06:56:50] Epoch 08 train batch [800/1875] loss=0.3611 avg_loss=0.1631
[2026-06-03 06:56:52] Epoch 08 train batch [820/1875] loss=0.2945 avg_loss=0.1633
[2026-06-03 06:56:54] Epoch 08 train batch [840/1875] loss=0.0345 avg_loss=0.1620
[2026-06-03 06:56:56] Epoch 08 train batch [860/1875] loss=0.3300 avg_loss=0.1631
[2026-06-03 06:56:58] Epoch 08 train batch [880/1875] loss=0.1951 avg_loss=0.1629
[2026-06-03 06:56:59] Epoch 08 train batch [900/1875] loss=0.5729 avg_loss=0.1634
[2026-06-03 06:57:01] Epoch 08 train batch [920/1875] loss=0.0794 avg_loss=0.1627
[2026-06-03 06:57:03] Epoch 08 train batch [940/1875] loss=0.2801 avg_loss=0.1633
[2026-06-03 06:57:04] Epoch 08 train batch [960/1875] loss=0.2682 avg_loss=0.1630
[2026-06-03 06:57:06] Epoch 08 train batch [980/1875] loss=0.0923 avg_loss=0.1629
[2026-06-03 06:57:08] Epoch 08 train batch [1000/1875] loss=0.1046 avg_loss=0.1629
[2026-06-03 06:57:10] Epoch 08 train batch [1020/1875] loss=0.0990 avg_loss=0.1630
[2026-06-03 06:57:11] Epoch 08 train batch [1040/1875] loss=0.0838 avg_loss=0.1637
[2026-06-03 06:57:13] Epoch 08 train batch [1060/1875] loss=0.0817 avg_loss=0.1641
[2026-06-03 06:57:15] Epoch 08 train batch [1080/1875] loss=0.0985 avg_loss=0.1639
[2026-06-03 06:57:17] Epoch 08 train batch [1100/1875] loss=0.1067 avg_loss=0.1643
[2026-06-03 06:57:18] Epoch 08 train batch [1120/1875] loss=0.1180 avg_loss=0.1646
[2026-06-03 06:57:20] Epoch 08 train batch [1140/1875] loss=0.0507 avg_loss=0.1650
[2026-06-03 06:57:22] Epoch 08 train batch [1160/1875] loss=0.0734 avg_loss=0.1649
[2026-06-03 06:57:24] Epoch 08 train batch [1180/1875] loss=0.0615 avg_loss=0.1652
[2026-06-03 06:57:25] Epoch 08 train batch [1200/1875] loss=0.2681 avg_loss=0.1663
[2026-06-03 06:57:27] Epoch 08 train batch [1220/1875] loss=0.1045 avg_loss=0.1665
[2026-06-03 06:57:29] Epoch 08 train batch [1240/1875] loss=0.1103 avg_loss=0.1667
[2026-06-03 06:57:30] Epoch 08 train batch [1260/1875] loss=0.1079 avg_loss=0.1669
[2026-06-03 06:57:32] Epoch 08 train batch [1280/1875] loss=0.3605 avg_loss=0.1667
[2026-06-03 06:57:34] Epoch 08 train batch [1300/1875] loss=0.4908 avg_loss=0.1672
[2026-06-03 06:57:35] Epoch 08 train batch [1320/1875] loss=0.6425 avg_loss=0.1681
[2026-06-03 06:57:37] Epoch 08 train batch [1340/1875] loss=0.2883 avg_loss=0.1681
[2026-06-03 06:57:39] Epoch 08 train batch [1360/1875] loss=0.1681 avg_loss=0.1690
[2026-06-03 06:57:41] Epoch 08 train batch [1380/1875] loss=0.0971 avg_loss=0.1688
[2026-06-03 06:57:42] Epoch 08 train batch [1400/1875] loss=0.1503 avg_loss=0.1686
[2026-06-03 06:57:44] Epoch 08 train batch [1420/1875] loss=0.1688 avg_loss=0.1687
[2026-06-03 06:57:46] Epoch 08 train batch [1440/1875] loss=0.2025 avg_loss=0.1690
[2026-06-03 06:57:48] Epoch 08 train batch [1460/1875] loss=0.0149 avg_loss=0.1685
[2026-06-03 06:57:49] Epoch 08 train batch [1480/1875] loss=0.0089 avg_loss=0.1684
[2026-06-03 06:57:51] Epoch 08 train batch [1500/1875] loss=0.2292 avg_loss=0.1684
[2026-06-03 06:57:53] Epoch 08 train batch [1520/1875] loss=0.0821 avg_loss=0.1684
[2026-06-03 06:57:55] Epoch 08 train batch [1540/1875] loss=0.3907 avg_loss=0.1680
[2026-06-03 06:57:56] Epoch 08 train batch [1560/1875] loss=0.0268 avg_loss=0.1683
[2026-06-03 06:57:58] Epoch 08 train batch [1580/1875] loss=0.1563 avg_loss=0.1680
[2026-06-03 06:58:00] Epoch 08 train batch [1600/1875] loss=0.0732 avg_loss=0.1675
[2026-06-03 06:58:01] Epoch 08 train batch [1620/1875] loss=0.1947 avg_loss=0.1673
[2026-06-03 06:58:03] Epoch 08 train batch [1640/1875] loss=0.2471 avg_loss=0.1671
[2026-06-03 06:58:05] Epoch 08 train batch [1660/1875] loss=0.0562 avg_loss=0.1675
[2026-06-03 06:58:07] Epoch 08 train batch [1680/1875] loss=0.0286 avg_loss=0.1672
[2026-06-03 06:58:08] Epoch 08 train batch [1700/1875] loss=0.2469 avg_loss=0.1672
[2026-06-03 06:58:10] Epoch 08 train batch [1720/1875] loss=0.1361 avg_loss=0.1677
[2026-06-03 06:58:12] Epoch 08 train batch [1740/1875] loss=0.1157 avg_loss=0.1674
[2026-06-03 06:58:14] Epoch 08 train batch [1760/1875] loss=0.0704 avg_loss=0.1680
[2026-06-03 06:58:15] Epoch 08 train batch [1780/1875] loss=0.2301 avg_loss=0.1682
[2026-06-03 06:58:17] Epoch 08 train batch [1800/1875] loss=0.1267 avg_loss=0.1683
[2026-06-03 06:58:19] Epoch 08 train batch [1820/1875] loss=0.0543 avg_loss=0.1677
[2026-06-03 06:58:21] Epoch 08 train batch [1840/1875] loss=0.0703 avg_loss=0.1675
[2026-06-03 06:58:22] Epoch 08 train batch [1860/1875] loss=0.0748 avg_loss=0.1676
[2026-06-03 06:58:24] Epoch 08 train batch [1875/1875] loss=0.1325 avg_loss=0.1675
[2026-06-03 06:58:24] Epoch 08 training completed. Computing validation loss.
[2026-06-03 06:58:41] Epoch 08 validation loss completed: 0.1850. Computing detection metrics.
[2026-06-03 06:58:58] Epoch 08 metrics computed. Saving artifacts.
[2026-06-03 06:59:00] Epoch 08 improved mAP@0.5 to 0.7315. Saved best checkpoint: best_model-20260603-063224.pth.
Epoch [08/30]
├── Train Loss : 0.1675
│   ├── loss_classifier  : 0.0553
│   ├── loss_box_reg     : 0.0995
│   ├── loss_objectness  : 0.0072
│   └── loss_rpn_box_reg : 0.0056
├── Val Loss   : 0.1850
├── mAP@0.5    : 0.7315
├── mAP@0.75   : 0.3724
├── mAP@0.5:0.95 : 0.3839
├── Precision  : 0.4346
├── Recall     : 0.8412
├── GT Boxes   : 2021
├── Predictions: 3912
├── Per-class AP
│   ├── person  : AP50=0.8169, AP75=0.3732, AP50:95=0.4193, P=0.4517, R=0.8873
│   ├── car     : AP50=0.6985, AP75=0.3809, AP50:95=0.3637, P=0.3435, R=0.7951
│   ├── dog     : AP50=0.7952, AP75=0.4424, AP50:95=0.4377, P=0.6455, R=0.8398
│   ├── cat     : AP50=0.8662, AP75=0.5049, AP50:95=0.4843, P=0.5694, R=0.9091
│   └── chair   : AP50=0.4809, AP75=0.1604, AP50:95=0.2148, P=0.3161, R=0.6702
├── LR         : 0.001000
└── Time       : 197.1s
[2026-06-03 06:59:01] Epoch [08/30] completed.
[2026-06-03 06:59:01] Epoch [09/30] started.
[2026-06-03 06:59:03] Epoch 09 train batch [20/1875] loss=0.1601 avg_loss=0.1512
[2026-06-03 06:59:04] Epoch 09 train batch [40/1875] loss=0.0770 avg_loss=0.1529
[2026-06-03 06:59:06] Epoch 09 train batch [60/1875] loss=0.3726 avg_loss=0.1603
[2026-06-03 06:59:08] Epoch 09 train batch [80/1875] loss=0.1855 avg_loss=0.1540
[2026-06-03 06:59:10] Epoch 09 train batch [100/1875] loss=0.1421 avg_loss=0.1590
[2026-06-03 06:59:11] Epoch 09 train batch [120/1875] loss=0.2003 avg_loss=0.1653
[2026-06-03 06:59:13] Epoch 09 train batch [140/1875] loss=0.2058 avg_loss=0.1626
[2026-06-03 06:59:15] Epoch 09 train batch [160/1875] loss=0.2226 avg_loss=0.1619
[2026-06-03 06:59:17] Epoch 09 train batch [180/1875] loss=0.5066 avg_loss=0.1595
[2026-06-03 06:59:18] Epoch 09 train batch [200/1875] loss=0.2002 avg_loss=0.1587
[2026-06-03 06:59:20] Epoch 09 train batch [220/1875] loss=0.0262 avg_loss=0.1607
[2026-06-03 06:59:22] Epoch 09 train batch [240/1875] loss=0.1633 avg_loss=0.1611
[2026-06-03 06:59:24] Epoch 09 train batch [260/1875] loss=0.1243 avg_loss=0.1610
[2026-06-03 06:59:26] Epoch 09 train batch [280/1875] loss=0.0640 avg_loss=0.1610
[2026-06-03 06:59:27] Epoch 09 train batch [300/1875] loss=0.4200 avg_loss=0.1636
[2026-06-03 06:59:29] Epoch 09 train batch [320/1875] loss=0.1038 avg_loss=0.1629
[2026-06-03 06:59:31] Epoch 09 train batch [340/1875] loss=0.1459 avg_loss=0.1644
[2026-06-03 06:59:33] Epoch 09 train batch [360/1875] loss=0.1080 avg_loss=0.1658
[2026-06-03 06:59:34] Epoch 09 train batch [380/1875] loss=0.0353 avg_loss=0.1673
[2026-06-03 06:59:36] Epoch 09 train batch [400/1875] loss=0.1173 avg_loss=0.1667
[2026-06-03 06:59:38] Epoch 09 train batch [420/1875] loss=0.1336 avg_loss=0.1671
[2026-06-03 06:59:40] Epoch 09 train batch [440/1875] loss=0.2060 avg_loss=0.1673
[2026-06-03 06:59:41] Epoch 09 train batch [460/1875] loss=0.3041 avg_loss=0.1669
[2026-06-03 06:59:43] Epoch 09 train batch [480/1875] loss=0.1526 avg_loss=0.1660
[2026-06-03 06:59:45] Epoch 09 train batch [500/1875] loss=0.1837 avg_loss=0.1646
[2026-06-03 06:59:47] Epoch 09 train batch [520/1875] loss=0.0497 avg_loss=0.1651
[2026-06-03 06:59:48] Epoch 09 train batch [540/1875] loss=0.2612 avg_loss=0.1654
[2026-06-03 06:59:50] Epoch 09 train batch [560/1875] loss=0.2285 avg_loss=0.1665
[2026-06-03 06:59:52] Epoch 09 train batch [580/1875] loss=0.1222 avg_loss=0.1674
[2026-06-03 06:59:54] Epoch 09 train batch [600/1875] loss=0.1699 avg_loss=0.1674
[2026-06-03 06:59:55] Epoch 09 train batch [620/1875] loss=0.0377 avg_loss=0.1658
[2026-06-03 06:59:57] Epoch 09 train batch [640/1875] loss=0.1599 avg_loss=0.1657
[2026-06-03 06:59:59] Epoch 09 train batch [660/1875] loss=0.2014 avg_loss=0.1650
[2026-06-03 07:00:01] Epoch 09 train batch [680/1875] loss=0.2127 avg_loss=0.1639
[2026-06-03 07:00:02] Epoch 09 train batch [700/1875] loss=0.0956 avg_loss=0.1632
[2026-06-03 07:00:04] Epoch 09 train batch [720/1875] loss=0.0993 avg_loss=0.1632
[2026-06-03 07:00:06] Epoch 09 train batch [740/1875] loss=0.0313 avg_loss=0.1637
[2026-06-03 07:00:07] Epoch 09 train batch [760/1875] loss=0.1971 avg_loss=0.1638
[2026-06-03 07:00:09] Epoch 09 train batch [780/1875] loss=0.0398 avg_loss=0.1635
[2026-06-03 07:00:11] Epoch 09 train batch [800/1875] loss=0.1754 avg_loss=0.1633
[2026-06-03 07:00:13] Epoch 09 train batch [820/1875] loss=0.1326 avg_loss=0.1633
[2026-06-03 07:00:14] Epoch 09 train batch [840/1875] loss=0.0916 avg_loss=0.1630
[2026-06-03 07:00:16] Epoch 09 train batch [860/1875] loss=0.1931 avg_loss=0.1624
[2026-06-03 07:00:18] Epoch 09 train batch [880/1875] loss=0.0395 avg_loss=0.1626
[2026-06-03 07:00:20] Epoch 09 train batch [900/1875] loss=0.0576 avg_loss=0.1630
[2026-06-03 07:00:21] Epoch 09 train batch [920/1875] loss=0.1366 avg_loss=0.1631
[2026-06-03 07:00:23] Epoch 09 train batch [940/1875] loss=0.1664 avg_loss=0.1627
[2026-06-03 07:00:25] Epoch 09 train batch [960/1875] loss=0.0405 avg_loss=0.1629
[2026-06-03 07:00:27] Epoch 09 train batch [980/1875] loss=0.0770 avg_loss=0.1626
[2026-06-03 07:00:28] Epoch 09 train batch [1000/1875] loss=0.1675 avg_loss=0.1628
[2026-06-03 07:00:30] Epoch 09 train batch [1020/1875] loss=0.0961 avg_loss=0.1623
[2026-06-03 07:00:32] Epoch 09 train batch [1040/1875] loss=0.2595 avg_loss=0.1623
[2026-06-03 07:00:34] Epoch 09 train batch [1060/1875] loss=0.1651 avg_loss=0.1623
[2026-06-03 07:00:35] Epoch 09 train batch [1080/1875] loss=0.1695 avg_loss=0.1619
[2026-06-03 07:00:37] Epoch 09 train batch [1100/1875] loss=0.2665 avg_loss=0.1614
[2026-06-03 07:00:39] Epoch 09 train batch [1120/1875] loss=0.1267 avg_loss=0.1621
[2026-06-03 07:00:41] Epoch 09 train batch [1140/1875] loss=0.1667 avg_loss=0.1617
[2026-06-03 07:00:42] Epoch 09 train batch [1160/1875] loss=0.1581 avg_loss=0.1615
[2026-06-03 07:00:44] Epoch 09 train batch [1180/1875] loss=0.1872 avg_loss=0.1624
[2026-06-03 07:00:46] Epoch 09 train batch [1200/1875] loss=0.0692 avg_loss=0.1621
[2026-06-03 07:00:47] Epoch 09 train batch [1220/1875] loss=0.1341 avg_loss=0.1623
[2026-06-03 07:00:49] Epoch 09 train batch [1240/1875] loss=0.1646 avg_loss=0.1620
[2026-06-03 07:00:51] Epoch 09 train batch [1260/1875] loss=0.1182 avg_loss=0.1620
[2026-06-03 07:00:53] Epoch 09 train batch [1280/1875] loss=0.3025 avg_loss=0.1620
[2026-06-03 07:00:54] Epoch 09 train batch [1300/1875] loss=0.1649 avg_loss=0.1616
[2026-06-03 07:00:56] Epoch 09 train batch [1320/1875] loss=0.1383 avg_loss=0.1625
[2026-06-03 07:00:58] Epoch 09 train batch [1340/1875] loss=0.1207 avg_loss=0.1621
[2026-06-03 07:01:00] Epoch 09 train batch [1360/1875] loss=0.1262 avg_loss=0.1618
[2026-06-03 07:01:01] Epoch 09 train batch [1380/1875] loss=0.0939 avg_loss=0.1612
[2026-06-03 07:01:03] Epoch 09 train batch [1400/1875] loss=0.4726 avg_loss=0.1614
[2026-06-03 07:01:05] Epoch 09 train batch [1420/1875] loss=0.0692 avg_loss=0.1614
[2026-06-03 07:01:07] Epoch 09 train batch [1440/1875] loss=0.1869 avg_loss=0.1614
[2026-06-03 07:01:08] Epoch 09 train batch [1460/1875] loss=0.0578 avg_loss=0.1610
[2026-06-03 07:01:10] Epoch 09 train batch [1480/1875] loss=0.1425 avg_loss=0.1608
[2026-06-03 07:01:12] Epoch 09 train batch [1500/1875] loss=0.1499 avg_loss=0.1611
[2026-06-03 07:01:13] Epoch 09 train batch [1520/1875] loss=0.2202 avg_loss=0.1616
[2026-06-03 07:01:15] Epoch 09 train batch [1540/1875] loss=0.2109 avg_loss=0.1614
[2026-06-03 07:01:17] Epoch 09 train batch [1560/1875] loss=0.0925 avg_loss=0.1609
[2026-06-03 07:01:18] Epoch 09 train batch [1580/1875] loss=0.0695 avg_loss=0.1609
[2026-06-03 07:01:20] Epoch 09 train batch [1600/1875] loss=0.1804 avg_loss=0.1611
[2026-06-03 07:01:22] Epoch 09 train batch [1620/1875] loss=0.1763 avg_loss=0.1606
[2026-06-03 07:01:24] Epoch 09 train batch [1640/1875] loss=0.3025 avg_loss=0.1601
[2026-06-03 07:01:25] Epoch 09 train batch [1660/1875] loss=0.3533 avg_loss=0.1599
[2026-06-03 07:01:27] Epoch 09 train batch [1680/1875] loss=0.2338 avg_loss=0.1601
[2026-06-03 07:01:29] Epoch 09 train batch [1700/1875] loss=0.2022 avg_loss=0.1599
[2026-06-03 07:01:31] Epoch 09 train batch [1720/1875] loss=0.1853 avg_loss=0.1604
[2026-06-03 07:01:32] Epoch 09 train batch [1740/1875] loss=0.2216 avg_loss=0.1600
[2026-06-03 07:01:34] Epoch 09 train batch [1760/1875] loss=0.1660 avg_loss=0.1598
[2026-06-03 07:01:36] Epoch 09 train batch [1780/1875] loss=0.2843 avg_loss=0.1597
[2026-06-03 07:01:38] Epoch 09 train batch [1800/1875] loss=0.3865 avg_loss=0.1593
[2026-06-03 07:01:39] Epoch 09 train batch [1820/1875] loss=0.2552 avg_loss=0.1595
[2026-06-03 07:01:41] Epoch 09 train batch [1840/1875] loss=0.0242 avg_loss=0.1597
[2026-06-03 07:01:43] Epoch 09 train batch [1860/1875] loss=0.0794 avg_loss=0.1596
[2026-06-03 07:01:44] Epoch 09 train batch [1875/1875] loss=0.0935 avg_loss=0.1594
[2026-06-03 07:01:44] Epoch 09 training completed. Computing validation loss.
[2026-06-03 07:02:02] Epoch 09 validation loss completed: 0.1790. Computing detection metrics.
[2026-06-03 07:02:18] Epoch 09 metrics computed. Saving artifacts.
[2026-06-03 07:02:20] Epoch 09 improved mAP@0.5 to 0.7364. Saved best checkpoint: best_model-20260603-063224.pth.
Epoch [09/30]
├── Train Loss : 0.1594
│   ├── loss_classifier  : 0.0522
│   ├── loss_box_reg     : 0.0954
│   ├── loss_objectness  : 0.0064
│   └── loss_rpn_box_reg : 0.0054
├── Val Loss   : 0.1790
├── mAP@0.5    : 0.7364
├── mAP@0.75   : 0.3827
├── mAP@0.5:0.95 : 0.3935
├── Precision  : 0.5086
├── Recall     : 0.8357
├── GT Boxes   : 2021
├── Predictions: 3321
├── Per-class AP
│   ├── person  : AP50=0.8187, AP75=0.3805, AP50:95=0.4305, P=0.5274, R=0.8706
│   ├── car     : AP50=0.7027, AP75=0.3298, AP50:95=0.3553, P=0.4790, R=0.8057
│   ├── dog     : AP50=0.8327, AP75=0.5296, AP50:95=0.4824, P=0.6143, R=0.8738
│   ├── cat     : AP50=0.8243, AP75=0.4872, AP50:95=0.4638, P=0.7926, R=0.8466
│   └── chair   : AP50=0.5036, AP75=0.1863, AP50:95=0.2356, P=0.3333, R=0.6986
├── LR         : 0.001000
└── Time       : 197.6s
[2026-06-03 07:02:20] Epoch [09/30] completed.
[2026-06-03 07:02:20] Epoch [10/30] started.
[2026-06-03 07:02:22] Epoch 10 train batch [20/1875] loss=0.2348 avg_loss=0.1609
[2026-06-03 07:02:24] Epoch 10 train batch [40/1875] loss=0.1713 avg_loss=0.1418
[2026-06-03 07:02:26] Epoch 10 train batch [60/1875] loss=0.1498 avg_loss=0.1448
[2026-06-03 07:02:27] Epoch 10 train batch [80/1875] loss=0.1509 avg_loss=0.1438
[2026-06-03 07:02:29] Epoch 10 train batch [100/1875] loss=0.0699 avg_loss=0.1396
[2026-06-03 07:02:31] Epoch 10 train batch [120/1875] loss=0.0019 avg_loss=0.1432
[2026-06-03 07:02:33] Epoch 10 train batch [140/1875] loss=0.2093 avg_loss=0.1443
[2026-06-03 07:02:34] Epoch 10 train batch [160/1875] loss=0.2378 avg_loss=0.1450
[2026-06-03 07:02:36] Epoch 10 train batch [180/1875] loss=0.1475 avg_loss=0.1459
[2026-06-03 07:02:38] Epoch 10 train batch [200/1875] loss=0.1346 avg_loss=0.1459
[2026-06-03 07:02:40] Epoch 10 train batch [220/1875] loss=0.1682 avg_loss=0.1453
[2026-06-03 07:02:41] Epoch 10 train batch [240/1875] loss=0.0580 avg_loss=0.1447
[2026-06-03 07:02:43] Epoch 10 train batch [260/1875] loss=0.0899 avg_loss=0.1445
[2026-06-03 07:02:45] Epoch 10 train batch [280/1875] loss=0.0947 avg_loss=0.1444
[2026-06-03 07:02:47] Epoch 10 train batch [300/1875] loss=0.1184 avg_loss=0.1454
[2026-06-03 07:02:48] Epoch 10 train batch [320/1875] loss=0.2107 avg_loss=0.1456
[2026-06-03 07:02:50] Epoch 10 train batch [340/1875] loss=0.1091 avg_loss=0.1482
[2026-06-03 07:02:52] Epoch 10 train batch [360/1875] loss=0.0290 avg_loss=0.1486
[2026-06-03 07:02:54] Epoch 10 train batch [380/1875] loss=0.0636 avg_loss=0.1493
[2026-06-03 07:02:55] Epoch 10 train batch [400/1875] loss=0.1150 avg_loss=0.1500
[2026-06-03 07:02:57] Epoch 10 train batch [420/1875] loss=0.0219 avg_loss=0.1499
[2026-06-03 07:02:59] Epoch 10 train batch [440/1875] loss=0.1542 avg_loss=0.1497
[2026-06-03 07:03:01] Epoch 10 train batch [460/1875] loss=0.1242 avg_loss=0.1498
[2026-06-03 07:03:02] Epoch 10 train batch [480/1875] loss=0.2346 avg_loss=0.1500
[2026-06-03 07:03:04] Epoch 10 train batch [500/1875] loss=0.0881 avg_loss=0.1493
[2026-06-03 07:03:06] Epoch 10 train batch [520/1875] loss=0.1625 avg_loss=0.1499
[2026-06-03 07:03:08] Epoch 10 train batch [540/1875] loss=0.1588 avg_loss=0.1493
[2026-06-03 07:03:09] Epoch 10 train batch [560/1875] loss=0.1258 avg_loss=0.1492
[2026-06-03 07:03:11] Epoch 10 train batch [580/1875] loss=0.0293 avg_loss=0.1488
[2026-06-03 07:03:13] Epoch 10 train batch [600/1875] loss=0.1722 avg_loss=0.1486
[2026-06-03 07:03:14] Epoch 10 train batch [620/1875] loss=0.0333 avg_loss=0.1484
[2026-06-03 07:03:16] Epoch 10 train batch [640/1875] loss=0.0637 avg_loss=0.1486
[2026-06-03 07:03:18] Epoch 10 train batch [660/1875] loss=0.2436 avg_loss=0.1496
[2026-06-03 07:03:20] Epoch 10 train batch [680/1875] loss=0.1907 avg_loss=0.1495
[2026-06-03 07:03:21] Epoch 10 train batch [700/1875] loss=0.2586 avg_loss=0.1503
[2026-06-03 07:03:23] Epoch 10 train batch [720/1875] loss=0.0671 avg_loss=0.1513
[2026-06-03 07:03:25] Epoch 10 train batch [740/1875] loss=0.1106 avg_loss=0.1507
[2026-06-03 07:03:26] Epoch 10 train batch [760/1875] loss=0.1657 avg_loss=0.1500
[2026-06-03 07:03:28] Epoch 10 train batch [780/1875] loss=0.0360 avg_loss=0.1494
[2026-06-03 07:03:30] Epoch 10 train batch [800/1875] loss=0.2540 avg_loss=0.1489
[2026-06-03 07:03:32] Epoch 10 train batch [820/1875] loss=0.4629 avg_loss=0.1496
[2026-06-03 07:03:34] Epoch 10 train batch [840/1875] loss=0.4472 avg_loss=0.1500
[2026-06-03 07:03:35] Epoch 10 train batch [860/1875] loss=0.0605 avg_loss=0.1500
[2026-06-03 07:03:37] Epoch 10 train batch [880/1875] loss=0.2705 avg_loss=0.1506
[2026-06-03 07:03:39] Epoch 10 train batch [900/1875] loss=0.0552 avg_loss=0.1517
[2026-06-03 07:03:40] Epoch 10 train batch [920/1875] loss=0.1389 avg_loss=0.1521
[2026-06-03 07:03:42] Epoch 10 train batch [940/1875] loss=0.2047 avg_loss=0.1518
[2026-06-03 07:03:44] Epoch 10 train batch [960/1875] loss=0.0829 avg_loss=0.1522
[2026-06-03 07:03:46] Epoch 10 train batch [980/1875] loss=0.0020 avg_loss=0.1519
[2026-06-03 07:03:47] Epoch 10 train batch [1000/1875] loss=0.0268 avg_loss=0.1516
[2026-06-03 07:03:49] Epoch 10 train batch [1020/1875] loss=0.0963 avg_loss=0.1514
[2026-06-03 07:03:51] Epoch 10 train batch [1040/1875] loss=0.3031 avg_loss=0.1514
[2026-06-03 07:03:53] Epoch 10 train batch [1060/1875] loss=0.3026 avg_loss=0.1519
[2026-06-03 07:03:54] Epoch 10 train batch [1080/1875] loss=0.1915 avg_loss=0.1513
[2026-06-03 07:03:56] Epoch 10 train batch [1100/1875] loss=0.0562 avg_loss=0.1510
[2026-06-03 07:03:58] Epoch 10 train batch [1120/1875] loss=0.0952 avg_loss=0.1516
[2026-06-03 07:03:59] Epoch 10 train batch [1140/1875] loss=0.3856 avg_loss=0.1517
[2026-06-03 07:04:01] Epoch 10 train batch [1160/1875] loss=0.0717 avg_loss=0.1520
[2026-06-03 07:04:03] Epoch 10 train batch [1180/1875] loss=0.0740 avg_loss=0.1523
[2026-06-03 07:04:05] Epoch 10 train batch [1200/1875] loss=0.0220 avg_loss=0.1522
[2026-06-03 07:04:06] Epoch 10 train batch [1220/1875] loss=0.2501 avg_loss=0.1526
[2026-06-03 07:04:08] Epoch 10 train batch [1240/1875] loss=0.1106 avg_loss=0.1525
[2026-06-03 07:04:10] Epoch 10 train batch [1260/1875] loss=0.1132 avg_loss=0.1523
[2026-06-03 07:04:11] Epoch 10 train batch [1280/1875] loss=0.3020 avg_loss=0.1526
[2026-06-03 07:04:13] Epoch 10 train batch [1300/1875] loss=0.1267 avg_loss=0.1525
[2026-06-03 07:04:15] Epoch 10 train batch [1320/1875] loss=0.1091 avg_loss=0.1524
[2026-06-03 07:04:17] Epoch 10 train batch [1340/1875] loss=0.1108 avg_loss=0.1521
[2026-06-03 07:04:18] Epoch 10 train batch [1360/1875] loss=0.0411 avg_loss=0.1522
[2026-06-03 07:04:20] Epoch 10 train batch [1380/1875] loss=0.2200 avg_loss=0.1528
[2026-06-03 07:04:22] Epoch 10 train batch [1400/1875] loss=0.1378 avg_loss=0.1531
[2026-06-03 07:04:24] Epoch 10 train batch [1420/1875] loss=0.1285 avg_loss=0.1536
[2026-06-03 07:04:25] Epoch 10 train batch [1440/1875] loss=0.2570 avg_loss=0.1534
[2026-06-03 07:04:27] Epoch 10 train batch [1460/1875] loss=0.0517 avg_loss=0.1534
[2026-06-03 07:04:29] Epoch 10 train batch [1480/1875] loss=0.1367 avg_loss=0.1536
[2026-06-03 07:04:31] Epoch 10 train batch [1500/1875] loss=0.1368 avg_loss=0.1534
[2026-06-03 07:04:32] Epoch 10 train batch [1520/1875] loss=0.1990 avg_loss=0.1532
[2026-06-03 07:04:34] Epoch 10 train batch [1540/1875] loss=0.0615 avg_loss=0.1531
[2026-06-03 07:04:36] Epoch 10 train batch [1560/1875] loss=0.1663 avg_loss=0.1533
[2026-06-03 07:04:38] Epoch 10 train batch [1580/1875] loss=0.1007 avg_loss=0.1538
[2026-06-03 07:04:39] Epoch 10 train batch [1600/1875] loss=0.1560 avg_loss=0.1539
[2026-06-03 07:04:41] Epoch 10 train batch [1620/1875] loss=0.0160 avg_loss=0.1537
[2026-06-03 07:04:43] Epoch 10 train batch [1640/1875] loss=0.0303 avg_loss=0.1534
[2026-06-03 07:04:45] Epoch 10 train batch [1660/1875] loss=0.1729 avg_loss=0.1532
[2026-06-03 07:04:47] Epoch 10 train batch [1680/1875] loss=0.2330 avg_loss=0.1528
[2026-06-03 07:04:48] Epoch 10 train batch [1700/1875] loss=0.1970 avg_loss=0.1526
[2026-06-03 07:04:50] Epoch 10 train batch [1720/1875] loss=0.1681 avg_loss=0.1532
[2026-06-03 07:04:52] Epoch 10 train batch [1740/1875] loss=0.2343 avg_loss=0.1535
[2026-06-03 07:04:53] Epoch 10 train batch [1760/1875] loss=0.1582 avg_loss=0.1541
[2026-06-03 07:04:55] Epoch 10 train batch [1780/1875] loss=0.0816 avg_loss=0.1542
[2026-06-03 07:04:57] Epoch 10 train batch [1800/1875] loss=0.2503 avg_loss=0.1540
[2026-06-03 07:04:59] Epoch 10 train batch [1820/1875] loss=0.1020 avg_loss=0.1538
[2026-06-03 07:05:00] Epoch 10 train batch [1840/1875] loss=0.0641 avg_loss=0.1541
[2026-06-03 07:05:02] Epoch 10 train batch [1860/1875] loss=0.0870 avg_loss=0.1541
[2026-06-03 07:05:03] Epoch 10 train batch [1875/1875] loss=0.1524 avg_loss=0.1543
[2026-06-03 07:05:03] Epoch 10 training completed. Computing validation loss.
[2026-06-03 07:05:21] Epoch 10 validation loss completed: 0.1822. Computing detection metrics.
[2026-06-03 07:05:38] Epoch 10 metrics computed. Saving artifacts.
[2026-06-03 07:05:39] Epoch 10 improved mAP@0.5 to 0.7388. Saved best checkpoint: best_model-20260603-063224.pth.
Epoch [10/30]
├── Train Loss : 0.1543
│   ├── loss_classifier  : 0.0501
│   ├── loss_box_reg     : 0.0932
│   ├── loss_objectness  : 0.0059
│   └── loss_rpn_box_reg : 0.0052
├── Val Loss   : 0.1822
├── mAP@0.5    : 0.7388
├── mAP@0.75   : 0.3632
├── mAP@0.5:0.95 : 0.3913
├── Precision  : 0.4879
├── Recall     : 0.8352
├── GT Boxes   : 2021
├── Predictions: 3460
├── Per-class AP
│   ├── person  : AP50=0.8193, AP75=0.3692, AP50:95=0.4191, P=0.4719, R=0.8911
│   ├── car     : AP50=0.7089, AP75=0.3757, AP50:95=0.3858, P=0.3904, R=0.8057
│   ├── dog     : AP50=0.8305, AP75=0.5469, AP50:95=0.4909, P=0.6194, R=0.8689
│   ├── cat     : AP50=0.8450, AP75=0.3562, AP50:95=0.4403, P=0.7638, R=0.8636
│   └── chair   : AP50=0.4902, AP75=0.1682, AP50:95=0.2204, P=0.4778, R=0.6099
├── LR         : 0.001000
└── Time       : 197.2s
[2026-06-03 07:05:39] Epoch [10/30] completed.
[2026-06-03 07:05:39] Epoch [11/30] started.
[2026-06-03 07:05:41] Epoch 11 train batch [20/1875] loss=0.0051 avg_loss=0.1566
[2026-06-03 07:05:42] Epoch 11 train batch [40/1875] loss=0.1057 avg_loss=0.1525
[2026-06-03 07:05:44] Epoch 11 train batch [60/1875] loss=0.1097 avg_loss=0.1390
[2026-06-03 07:05:46] Epoch 11 train batch [80/1875] loss=0.0433 avg_loss=0.1356
[2026-06-03 07:05:48] Epoch 11 train batch [100/1875] loss=0.0574 avg_loss=0.1371
[2026-06-03 07:05:49] Epoch 11 train batch [120/1875] loss=0.2682 avg_loss=0.1331
[2026-06-03 07:05:51] Epoch 11 train batch [140/1875] loss=0.0694 avg_loss=0.1346
[2026-06-03 07:05:53] Epoch 11 train batch [160/1875] loss=0.2090 avg_loss=0.1392
[2026-06-03 07:05:55] Epoch 11 train batch [180/1875] loss=0.1995 avg_loss=0.1432
[2026-06-03 07:05:56] Epoch 11 train batch [200/1875] loss=0.1932 avg_loss=0.1441
[2026-06-03 07:05:58] Epoch 11 train batch [220/1875] loss=0.1332 avg_loss=0.1409
[2026-06-03 07:06:00] Epoch 11 train batch [240/1875] loss=0.1481 avg_loss=0.1410
[2026-06-03 07:06:02] Epoch 11 train batch [260/1875] loss=0.1987 avg_loss=0.1405
[2026-06-03 07:06:03] Epoch 11 train batch [280/1875] loss=0.1150 avg_loss=0.1375
[2026-06-03 07:06:05] Epoch 11 train batch [300/1875] loss=0.1237 avg_loss=0.1383
[2026-06-03 07:06:07] Epoch 11 train batch [320/1875] loss=0.0541 avg_loss=0.1375
[2026-06-03 07:06:09] Epoch 11 train batch [340/1875] loss=0.0940 avg_loss=0.1374
[2026-06-03 07:06:10] Epoch 11 train batch [360/1875] loss=0.0855 avg_loss=0.1373
[2026-06-03 07:06:12] Epoch 11 train batch [380/1875] loss=0.0750 avg_loss=0.1399
[2026-06-03 07:06:14] Epoch 11 train batch [400/1875] loss=0.0503 avg_loss=0.1407
[2026-06-03 07:06:16] Epoch 11 train batch [420/1875] loss=0.2559 avg_loss=0.1413
[2026-06-03 07:06:17] Epoch 11 train batch [440/1875] loss=0.1891 avg_loss=0.1428
[2026-06-03 07:06:19] Epoch 11 train batch [460/1875] loss=0.0414 avg_loss=0.1433
[2026-06-03 07:06:21] Epoch 11 train batch [480/1875] loss=0.3107 avg_loss=0.1441
[2026-06-03 07:06:23] Epoch 11 train batch [500/1875] loss=0.0867 avg_loss=0.1449
[2026-06-03 07:06:25] Epoch 11 train batch [520/1875] loss=0.2954 avg_loss=0.1466
[2026-06-03 07:06:26] Epoch 11 train batch [540/1875] loss=0.1265 avg_loss=0.1467
[2026-06-03 07:06:28] Epoch 11 train batch [560/1875] loss=0.0743 avg_loss=0.1465
[2026-06-03 07:06:30] Epoch 11 train batch [580/1875] loss=0.1153 avg_loss=0.1462
[2026-06-03 07:06:31] Epoch 11 train batch [600/1875] loss=0.0382 avg_loss=0.1462
[2026-06-03 07:06:33] Epoch 11 train batch [620/1875] loss=0.0943 avg_loss=0.1470
[2026-06-03 07:06:35] Epoch 11 train batch [640/1875] loss=0.2346 avg_loss=0.1462
[2026-06-03 07:06:37] Epoch 11 train batch [660/1875] loss=0.0486 avg_loss=0.1472
[2026-06-03 07:06:38] Epoch 11 train batch [680/1875] loss=0.1523 avg_loss=0.1478
[2026-06-03 07:06:40] Epoch 11 train batch [700/1875] loss=0.2740 avg_loss=0.1482
[2026-06-03 07:06:42] Epoch 11 train batch [720/1875] loss=0.0130 avg_loss=0.1488
[2026-06-03 07:06:44] Epoch 11 train batch [740/1875] loss=0.0703 avg_loss=0.1479
[2026-06-03 07:06:45] Epoch 11 train batch [760/1875] loss=0.1656 avg_loss=0.1494
[2026-06-03 07:06:47] Epoch 11 train batch [780/1875] loss=0.1922 avg_loss=0.1496
[2026-06-03 07:06:49] Epoch 11 train batch [800/1875] loss=0.0992 avg_loss=0.1496
[2026-06-03 07:06:51] Epoch 11 train batch [820/1875] loss=0.0314 avg_loss=0.1489
[2026-06-03 07:06:52] Epoch 11 train batch [840/1875] loss=0.0976 avg_loss=0.1491
[2026-06-03 07:06:54] Epoch 11 train batch [860/1875] loss=0.1321 avg_loss=0.1493
[2026-06-03 07:06:56] Epoch 11 train batch [880/1875] loss=0.1622 avg_loss=0.1497
[2026-06-03 07:06:58] Epoch 11 train batch [900/1875] loss=0.1084 avg_loss=0.1494
[2026-06-03 07:06:59] Epoch 11 train batch [920/1875] loss=0.1996 avg_loss=0.1491
[2026-06-03 07:07:01] Epoch 11 train batch [940/1875] loss=0.2627 avg_loss=0.1493
[2026-06-03 07:07:03] Epoch 11 train batch [960/1875] loss=0.1182 avg_loss=0.1486
[2026-06-03 07:07:05] Epoch 11 train batch [980/1875] loss=0.2467 avg_loss=0.1485
[2026-06-03 07:07:06] Epoch 11 train batch [1000/1875] loss=0.0374 avg_loss=0.1490
[2026-06-03 07:07:08] Epoch 11 train batch [1020/1875] loss=0.0723 avg_loss=0.1488
[2026-06-03 07:07:10] Epoch 11 train batch [1040/1875] loss=0.0696 avg_loss=0.1481
[2026-06-03 07:07:12] Epoch 11 train batch [1060/1875] loss=0.0544 avg_loss=0.1485
[2026-06-03 07:07:13] Epoch 11 train batch [1080/1875] loss=0.1654 avg_loss=0.1485
[2026-06-03 07:07:15] Epoch 11 train batch [1100/1875] loss=0.4449 avg_loss=0.1493
[2026-06-03 07:07:17] Epoch 11 train batch [1120/1875] loss=0.0323 avg_loss=0.1487
[2026-06-03 07:07:18] Epoch 11 train batch [1140/1875] loss=0.2466 avg_loss=0.1481
[2026-06-03 07:07:20] Epoch 11 train batch [1160/1875] loss=0.1440 avg_loss=0.1485
[2026-06-03 07:07:22] Epoch 11 train batch [1180/1875] loss=0.1294 avg_loss=0.1486
[2026-06-03 07:07:24] Epoch 11 train batch [1200/1875] loss=0.2483 avg_loss=0.1489
[2026-06-03 07:07:25] Epoch 11 train batch [1220/1875] loss=0.4661 avg_loss=0.1490
[2026-06-03 07:07:27] Epoch 11 train batch [1240/1875] loss=0.0526 avg_loss=0.1487
[2026-06-03 07:07:29] Epoch 11 train batch [1260/1875] loss=0.1760 avg_loss=0.1494
[2026-06-03 07:07:31] Epoch 11 train batch [1280/1875] loss=0.1336 avg_loss=0.1493
[2026-06-03 07:07:32] Epoch 11 train batch [1300/1875] loss=0.0860 avg_loss=0.1494
[2026-06-03 07:07:34] Epoch 11 train batch [1320/1875] loss=0.0145 avg_loss=0.1493
[2026-06-03 07:07:36] Epoch 11 train batch [1340/1875] loss=0.0251 avg_loss=0.1491
[2026-06-03 07:07:38] Epoch 11 train batch [1360/1875] loss=0.2134 avg_loss=0.1487
[2026-06-03 07:07:39] Epoch 11 train batch [1380/1875] loss=0.2606 avg_loss=0.1487
[2026-06-03 07:07:41] Epoch 11 train batch [1400/1875] loss=0.0634 avg_loss=0.1483
[2026-06-03 07:07:43] Epoch 11 train batch [1420/1875] loss=0.2364 avg_loss=0.1491
[2026-06-03 07:07:45] Epoch 11 train batch [1440/1875] loss=0.0194 avg_loss=0.1497
[2026-06-03 07:07:46] Epoch 11 train batch [1460/1875] loss=0.0005 avg_loss=0.1498
[2026-06-03 07:07:48] Epoch 11 train batch [1480/1875] loss=0.2843 avg_loss=0.1502
[2026-06-03 07:07:50] Epoch 11 train batch [1500/1875] loss=0.0719 avg_loss=0.1499
[2026-06-03 07:07:52] Epoch 11 train batch [1520/1875] loss=0.1177 avg_loss=0.1501
[2026-06-03 07:07:53] Epoch 11 train batch [1540/1875] loss=0.3332 avg_loss=0.1499
[2026-06-03 07:07:55] Epoch 11 train batch [1560/1875] loss=0.1468 avg_loss=0.1497
[2026-06-03 07:07:57] Epoch 11 train batch [1580/1875] loss=0.0662 avg_loss=0.1494
[2026-06-03 07:07:58] Epoch 11 train batch [1600/1875] loss=0.0450 avg_loss=0.1491
[2026-06-03 07:08:00] Epoch 11 train batch [1620/1875] loss=0.1363 avg_loss=0.1489
[2026-06-03 07:08:02] Epoch 11 train batch [1640/1875] loss=0.0865 avg_loss=0.1486
[2026-06-03 07:08:04] Epoch 11 train batch [1660/1875] loss=0.0763 avg_loss=0.1484
[2026-06-03 07:08:05] Epoch 11 train batch [1680/1875] loss=0.1946 avg_loss=0.1485
[2026-06-03 07:08:07] Epoch 11 train batch [1700/1875] loss=0.1691 avg_loss=0.1489
[2026-06-03 07:08:09] Epoch 11 train batch [1720/1875] loss=0.1528 avg_loss=0.1487
[2026-06-03 07:08:11] Epoch 11 train batch [1740/1875] loss=0.1039 avg_loss=0.1485
[2026-06-03 07:08:13] Epoch 11 train batch [1760/1875] loss=0.1865 avg_loss=0.1479
[2026-06-03 07:08:14] Epoch 11 train batch [1780/1875] loss=0.3178 avg_loss=0.1479
[2026-06-03 07:08:16] Epoch 11 train batch [1800/1875] loss=0.1118 avg_loss=0.1477
[2026-06-03 07:08:18] Epoch 11 train batch [1820/1875] loss=0.0265 avg_loss=0.1475
[2026-06-03 07:08:19] Epoch 11 train batch [1840/1875] loss=0.1344 avg_loss=0.1475
[2026-06-03 07:08:21] Epoch 11 train batch [1860/1875] loss=0.1349 avg_loss=0.1478
[2026-06-03 07:08:22] Epoch 11 train batch [1875/1875] loss=0.0857 avg_loss=0.1479
[2026-06-03 07:08:22] Epoch 11 training completed. Computing validation loss.
[2026-06-03 07:08:40] Epoch 11 validation loss completed: 0.1852. Computing detection metrics.
[2026-06-03 07:08:56] Epoch 11 metrics computed. Saving artifacts.
[2026-06-03 07:08:57] Epoch 11 did not improve mAP@0.5 enough. Early stopping counter: 1/7.
Epoch [11/30]
├── Train Loss : 0.1479
│   ├── loss_classifier  : 0.0477
│   ├── loss_box_reg     : 0.0896
│   ├── loss_objectness  : 0.0056
│   └── loss_rpn_box_reg : 0.0050
├── Val Loss   : 0.1852
├── mAP@0.5    : 0.7346
├── mAP@0.75   : 0.3557
├── mAP@0.5:0.95 : 0.3899
├── Precision  : 0.4861
├── Recall     : 0.8412
├── GT Boxes   : 2021
├── Predictions: 3497
├── Per-class AP
│   ├── person  : AP50=0.8248, AP75=0.4445, AP50:95=0.4454, P=0.5113, R=0.8836
│   ├── car     : AP50=0.7356, AP75=0.3800, AP50:95=0.3953, P=0.3768, R=0.8269
│   ├── dog     : AP50=0.8210, AP75=0.3868, AP50:95=0.4403, P=0.6413, R=0.8592
│   ├── cat     : AP50=0.7921, AP75=0.3868, AP50:95=0.4324, P=0.8125, R=0.8125
│   └── chair   : AP50=0.4994, AP75=0.1805, AP50:95=0.2360, P=0.3468, R=0.6986
├── LR         : 0.001000
└── Time       : 197.7s
[2026-06-03 07:08:57] Epoch [11/30] completed.
[2026-06-03 07:08:57] Epoch [12/30] started.
[2026-06-03 07:08:59] Epoch 12 train batch [20/1875] loss=0.4049 avg_loss=0.1752
[2026-06-03 07:09:01] Epoch 12 train batch [40/1875] loss=0.1421 avg_loss=0.1550
[2026-06-03 07:09:03] Epoch 12 train batch [60/1875] loss=0.0708 avg_loss=0.1475
[2026-06-03 07:09:04] Epoch 12 train batch [80/1875] loss=0.0651 avg_loss=0.1445
[2026-06-03 07:09:06] Epoch 12 train batch [100/1875] loss=0.0478 avg_loss=0.1447
[2026-06-03 07:09:08] Epoch 12 train batch [120/1875] loss=0.2313 avg_loss=0.1427
[2026-06-03 07:09:10] Epoch 12 train batch [140/1875] loss=0.0349 avg_loss=0.1426
[2026-06-03 07:09:11] Epoch 12 train batch [160/1875] loss=0.0830 avg_loss=0.1392
[2026-06-03 07:09:13] Epoch 12 train batch [180/1875] loss=0.2021 avg_loss=0.1418
[2026-06-03 07:09:15] Epoch 12 train batch [200/1875] loss=0.2942 avg_loss=0.1399
[2026-06-03 07:09:16] Epoch 12 train batch [220/1875] loss=0.1740 avg_loss=0.1433
[2026-06-03 07:09:18] Epoch 12 train batch [240/1875] loss=0.1090 avg_loss=0.1449
[2026-06-03 07:09:20] Epoch 12 train batch [260/1875] loss=0.3519 avg_loss=0.1467
[2026-06-03 07:09:22] Epoch 12 train batch [280/1875] loss=0.1757 avg_loss=0.1466
[2026-06-03 07:09:23] Epoch 12 train batch [300/1875] loss=0.2968 avg_loss=0.1474
[2026-06-03 07:09:25] Epoch 12 train batch [320/1875] loss=0.0618 avg_loss=0.1465
[2026-06-03 07:09:27] Epoch 12 train batch [340/1875] loss=0.1053 avg_loss=0.1461
[2026-06-03 07:09:29] Epoch 12 train batch [360/1875] loss=0.0471 avg_loss=0.1449
[2026-06-03 07:09:30] Epoch 12 train batch [380/1875] loss=0.1582 avg_loss=0.1422
[2026-06-03 07:09:32] Epoch 12 train batch [400/1875] loss=0.0826 avg_loss=0.1423
[2026-06-03 07:09:34] Epoch 12 train batch [420/1875] loss=0.0519 avg_loss=0.1414
[2026-06-03 07:09:36] Epoch 12 train batch [440/1875] loss=0.1078 avg_loss=0.1409
[2026-06-03 07:09:37] Epoch 12 train batch [460/1875] loss=0.0929 avg_loss=0.1404
[2026-06-03 07:09:39] Epoch 12 train batch [480/1875] loss=0.1764 avg_loss=0.1404
[2026-06-03 07:09:41] Epoch 12 train batch [500/1875] loss=0.2001 avg_loss=0.1407
[2026-06-03 07:09:43] Epoch 12 train batch [520/1875] loss=0.1121 avg_loss=0.1399
[2026-06-03 07:09:44] Epoch 12 train batch [540/1875] loss=0.1524 avg_loss=0.1398
[2026-06-03 07:09:46] Epoch 12 train batch [560/1875] loss=0.0587 avg_loss=0.1396
[2026-06-03 07:09:48] Epoch 12 train batch [580/1875] loss=0.0611 avg_loss=0.1401
[2026-06-03 07:09:50] Epoch 12 train batch [600/1875] loss=0.1969 avg_loss=0.1391
[2026-06-03 07:09:51] Epoch 12 train batch [620/1875] loss=0.2311 avg_loss=0.1405
[2026-06-03 07:09:53] Epoch 12 train batch [640/1875] loss=0.0832 avg_loss=0.1401
[2026-06-03 07:09:55] Epoch 12 train batch [660/1875] loss=0.0752 avg_loss=0.1396
[2026-06-03 07:09:56] Epoch 12 train batch [680/1875] loss=0.1717 avg_loss=0.1412
[2026-06-03 07:09:58] Epoch 12 train batch [700/1875] loss=0.1283 avg_loss=0.1417
[2026-06-03 07:10:00] Epoch 12 train batch [720/1875] loss=0.2082 avg_loss=0.1411
[2026-06-03 07:10:02] Epoch 12 train batch [740/1875] loss=0.3309 avg_loss=0.1407
[2026-06-03 07:10:04] Epoch 12 train batch [760/1875] loss=0.1105 avg_loss=0.1407
[2026-06-03 07:10:05] Epoch 12 train batch [780/1875] loss=0.1108 avg_loss=0.1408
[2026-06-03 07:10:07] Epoch 12 train batch [800/1875] loss=0.0362 avg_loss=0.1415
[2026-06-03 07:10:09] Epoch 12 train batch [820/1875] loss=0.2517 avg_loss=0.1418
[2026-06-03 07:10:11] Epoch 12 train batch [840/1875] loss=0.0796 avg_loss=0.1416
[2026-06-03 07:10:12] Epoch 12 train batch [860/1875] loss=0.1046 avg_loss=0.1416
[2026-06-03 07:10:14] Epoch 12 train batch [880/1875] loss=0.3445 avg_loss=0.1418
[2026-06-03 07:10:16] Epoch 12 train batch [900/1875] loss=0.1017 avg_loss=0.1417
[2026-06-03 07:10:17] Epoch 12 train batch [920/1875] loss=0.1171 avg_loss=0.1409
[2026-06-03 07:10:19] Epoch 12 train batch [940/1875] loss=0.2196 avg_loss=0.1411
[2026-06-03 07:10:21] Epoch 12 train batch [960/1875] loss=0.0895 avg_loss=0.1410
[2026-06-03 07:10:23] Epoch 12 train batch [980/1875] loss=0.1397 avg_loss=0.1411
[2026-06-03 07:10:24] Epoch 12 train batch [1000/1875] loss=0.1125 avg_loss=0.1413
[2026-06-03 07:10:26] Epoch 12 train batch [1020/1875] loss=0.1475 avg_loss=0.1418
[2026-06-03 07:10:28] Epoch 12 train batch [1040/1875] loss=0.0801 avg_loss=0.1422
[2026-06-03 07:10:30] Epoch 12 train batch [1060/1875] loss=0.2442 avg_loss=0.1426
[2026-06-03 07:10:32] Epoch 12 train batch [1080/1875] loss=0.1528 avg_loss=0.1425
[2026-06-03 07:10:33] Epoch 12 train batch [1100/1875] loss=0.1406 avg_loss=0.1422
[2026-06-03 07:10:35] Epoch 12 train batch [1120/1875] loss=0.0288 avg_loss=0.1418
[2026-06-03 07:10:37] Epoch 12 train batch [1140/1875] loss=0.0678 avg_loss=0.1429
[2026-06-03 07:10:38] Epoch 12 train batch [1160/1875] loss=0.0768 avg_loss=0.1430
[2026-06-03 07:10:40] Epoch 12 train batch [1180/1875] loss=0.0322 avg_loss=0.1431
[2026-06-03 07:10:42] Epoch 12 train batch [1200/1875] loss=0.1340 avg_loss=0.1429
[2026-06-03 07:10:44] Epoch 12 train batch [1220/1875] loss=0.1504 avg_loss=0.1429
[2026-06-03 07:10:45] Epoch 12 train batch [1240/1875] loss=0.2525 avg_loss=0.1432
[2026-06-03 07:10:47] Epoch 12 train batch [1260/1875] loss=0.2076 avg_loss=0.1425
[2026-06-03 07:10:49] Epoch 12 train batch [1280/1875] loss=0.0569 avg_loss=0.1427
[2026-06-03 07:10:51] Epoch 12 train batch [1300/1875] loss=0.4374 avg_loss=0.1432
[2026-06-03 07:10:52] Epoch 12 train batch [1320/1875] loss=0.0818 avg_loss=0.1432
[2026-06-03 07:10:54] Epoch 12 train batch [1340/1875] loss=0.1630 avg_loss=0.1433
[2026-06-03 07:10:56] Epoch 12 train batch [1360/1875] loss=0.1669 avg_loss=0.1438
[2026-06-03 07:10:58] Epoch 12 train batch [1380/1875] loss=0.1768 avg_loss=0.1436
[2026-06-03 07:10:59] Epoch 12 train batch [1400/1875] loss=0.3028 avg_loss=0.1440
[2026-06-03 07:11:01] Epoch 12 train batch [1420/1875] loss=0.0573 avg_loss=0.1437
[2026-06-03 07:11:03] Epoch 12 train batch [1440/1875] loss=0.0243 avg_loss=0.1431
[2026-06-03 07:11:05] Epoch 12 train batch [1460/1875] loss=0.1766 avg_loss=0.1432
[2026-06-03 07:11:06] Epoch 12 train batch [1480/1875] loss=0.0425 avg_loss=0.1431
[2026-06-03 07:11:08] Epoch 12 train batch [1500/1875] loss=0.0405 avg_loss=0.1428
[2026-06-03 07:11:10] Epoch 12 train batch [1520/1875] loss=0.1000 avg_loss=0.1432
[2026-06-03 07:11:12] Epoch 12 train batch [1540/1875] loss=0.1176 avg_loss=0.1432
[2026-06-03 07:11:13] Epoch 12 train batch [1560/1875] loss=0.0811 avg_loss=0.1436
[2026-06-03 07:11:15] Epoch 12 train batch [1580/1875] loss=0.1561 avg_loss=0.1433
[2026-06-03 07:11:17] Epoch 12 train batch [1600/1875] loss=0.0813 avg_loss=0.1433
[2026-06-03 07:11:19] Epoch 12 train batch [1620/1875] loss=0.1061 avg_loss=0.1432
[2026-06-03 07:11:20] Epoch 12 train batch [1640/1875] loss=0.3184 avg_loss=0.1434
[2026-06-03 07:11:22] Epoch 12 train batch [1660/1875] loss=0.0423 avg_loss=0.1433
[2026-06-03 07:11:24] Epoch 12 train batch [1680/1875] loss=0.0557 avg_loss=0.1434
[2026-06-03 07:11:25] Epoch 12 train batch [1700/1875] loss=0.1508 avg_loss=0.1433
[2026-06-03 07:11:27] Epoch 12 train batch [1720/1875] loss=0.0787 avg_loss=0.1426
[2026-06-03 07:11:29] Epoch 12 train batch [1740/1875] loss=0.2099 avg_loss=0.1422
[2026-06-03 07:11:31] Epoch 12 train batch [1760/1875] loss=0.0785 avg_loss=0.1425
[2026-06-03 07:11:32] Epoch 12 train batch [1780/1875] loss=0.1113 avg_loss=0.1422
[2026-06-03 07:11:34] Epoch 12 train batch [1800/1875] loss=0.2584 avg_loss=0.1422
[2026-06-03 07:11:36] Epoch 12 train batch [1820/1875] loss=0.6326 avg_loss=0.1426
[2026-06-03 07:11:38] Epoch 12 train batch [1840/1875] loss=0.1993 avg_loss=0.1429
[2026-06-03 07:11:39] Epoch 12 train batch [1860/1875] loss=0.1154 avg_loss=0.1425
[2026-06-03 07:11:41] Epoch 12 train batch [1875/1875] loss=0.1106 avg_loss=0.1422
[2026-06-03 07:11:41] Epoch 12 training completed. Computing validation loss.
[2026-06-03 07:11:58] Epoch 12 validation loss completed: 0.1841. Computing detection metrics.
[2026-06-03 07:12:15] Epoch 12 metrics computed. Saving artifacts.
[2026-06-03 07:12:15] Epoch 12 did not improve mAP@0.5 enough. Early stopping counter: 2/7.
Epoch [12/30]
├── Train Loss : 0.1422
│   ├── loss_classifier  : 0.0455
│   ├── loss_box_reg     : 0.0869
│   ├── loss_objectness  : 0.0050
│   └── loss_rpn_box_reg : 0.0048
├── Val Loss   : 0.1841
├── mAP@0.5    : 0.7325
├── mAP@0.75   : 0.4293
├── mAP@0.5:0.95 : 0.4147
├── Precision  : 0.6124
├── Recall     : 0.8090
├── GT Boxes   : 2021
├── Predictions: 2670
├── Per-class AP
│   ├── person  : AP50=0.8117, AP75=0.4439, AP50:95=0.4484, P=0.6364, R=0.8538
│   ├── car     : AP50=0.7107, AP75=0.4184, AP50:95=0.4032, P=0.5748, R=0.7739
│   ├── dog     : AP50=0.8117, AP75=0.5919, AP50:95=0.5097, P=0.7008, R=0.8301
│   ├── cat     : AP50=0.8243, AP75=0.4851, AP50:95=0.4661, P=0.7376, R=0.8466
│   └── chair   : AP50=0.5039, AP75=0.2069, AP50:95=0.2463, P=0.4453, R=0.6348
├── LR         : 0.001000
└── Time       : 197.5s
[2026-06-03 07:12:15] Epoch [12/30] completed.
[2026-06-03 07:12:15] Epoch [13/30] started.
[2026-06-03 07:12:17] Epoch 13 train batch [20/1875] loss=0.0160 avg_loss=0.1230
[2026-06-03 07:12:19] Epoch 13 train batch [40/1875] loss=0.1910 avg_loss=0.1337
[2026-06-03 07:12:21] Epoch 13 train batch [60/1875] loss=0.1585 avg_loss=0.1339
[2026-06-03 07:12:22] Epoch 13 train batch [80/1875] loss=0.0520 avg_loss=0.1345
[2026-06-03 07:12:24] Epoch 13 train batch [100/1875] loss=0.0830 avg_loss=0.1282
[2026-06-03 07:12:26] Epoch 13 train batch [120/1875] loss=0.1813 avg_loss=0.1307
[2026-06-03 07:12:28] Epoch 13 train batch [140/1875] loss=0.0707 avg_loss=0.1329
[2026-06-03 07:12:29] Epoch 13 train batch [160/1875] loss=0.0710 avg_loss=0.1311
[2026-06-03 07:12:31] Epoch 13 train batch [180/1875] loss=0.0178 avg_loss=0.1325
[2026-06-03 07:12:33] Epoch 13 train batch [200/1875] loss=0.2483 avg_loss=0.1322
[2026-06-03 07:12:35] Epoch 13 train batch [220/1875] loss=0.0405 avg_loss=0.1290
[2026-06-03 07:12:36] Epoch 13 train batch [240/1875] loss=0.1456 avg_loss=0.1293
[2026-06-03 07:12:38] Epoch 13 train batch [260/1875] loss=0.2843 avg_loss=0.1315
[2026-06-03 07:12:40] Epoch 13 train batch [280/1875] loss=0.1062 avg_loss=0.1333
[2026-06-03 07:12:42] Epoch 13 train batch [300/1875] loss=0.1808 avg_loss=0.1384
[2026-06-03 07:12:43] Epoch 13 train batch [320/1875] loss=0.0798 avg_loss=0.1385
[2026-06-03 07:12:45] Epoch 13 train batch [340/1875] loss=0.2203 avg_loss=0.1402
[2026-06-03 07:12:47] Epoch 13 train batch [360/1875] loss=0.0999 avg_loss=0.1396
[2026-06-03 07:12:49] Epoch 13 train batch [380/1875] loss=0.0446 avg_loss=0.1419
[2026-06-03 07:12:50] Epoch 13 train batch [400/1875] loss=0.0451 avg_loss=0.1422
[2026-06-03 07:12:52] Epoch 13 train batch [420/1875] loss=0.1382 avg_loss=0.1418
[2026-06-03 07:12:54] Epoch 13 train batch [440/1875] loss=0.0648 avg_loss=0.1408
[2026-06-03 07:12:56] Epoch 13 train batch [460/1875] loss=0.0565 avg_loss=0.1393
[2026-06-03 07:12:57] Epoch 13 train batch [480/1875] loss=0.0456 avg_loss=0.1395
[2026-06-03 07:12:59] Epoch 13 train batch [500/1875] loss=0.4926 avg_loss=0.1394
[2026-06-03 07:13:01] Epoch 13 train batch [520/1875] loss=0.0301 avg_loss=0.1392
[2026-06-03 07:13:03] Epoch 13 train batch [540/1875] loss=0.0512 avg_loss=0.1384
[2026-06-03 07:13:04] Epoch 13 train batch [560/1875] loss=0.0494 avg_loss=0.1377
[2026-06-03 07:13:06] Epoch 13 train batch [580/1875] loss=0.2107 avg_loss=0.1381
[2026-06-03 07:13:08] Epoch 13 train batch [600/1875] loss=0.0679 avg_loss=0.1383
[2026-06-03 07:13:09] Epoch 13 train batch [620/1875] loss=0.1104 avg_loss=0.1389
[2026-06-03 07:13:11] Epoch 13 train batch [640/1875] loss=0.0814 avg_loss=0.1383
[2026-06-03 07:13:13] Epoch 13 train batch [660/1875] loss=0.1936 avg_loss=0.1379
[2026-06-03 07:13:15] Epoch 13 train batch [680/1875] loss=0.2369 avg_loss=0.1384
[2026-06-03 07:13:16] Epoch 13 train batch [700/1875] loss=0.1024 avg_loss=0.1376
[2026-06-03 07:13:18] Epoch 13 train batch [720/1875] loss=0.2276 avg_loss=0.1373
[2026-06-03 07:13:20] Epoch 13 train batch [740/1875] loss=0.0980 avg_loss=0.1368
[2026-06-03 07:13:22] Epoch 13 train batch [760/1875] loss=0.4296 avg_loss=0.1374
[2026-06-03 07:13:23] Epoch 13 train batch [780/1875] loss=0.2298 avg_loss=0.1370
[2026-06-03 07:13:25] Epoch 13 train batch [800/1875] loss=0.2377 avg_loss=0.1376
[2026-06-03 07:13:27] Epoch 13 train batch [820/1875] loss=0.0337 avg_loss=0.1371
[2026-06-03 07:13:28] Epoch 13 train batch [840/1875] loss=0.0993 avg_loss=0.1370
[2026-06-03 07:13:30] Epoch 13 train batch [860/1875] loss=0.0958 avg_loss=0.1371
[2026-06-03 07:13:32] Epoch 13 train batch [880/1875] loss=0.1281 avg_loss=0.1368
[2026-06-03 07:13:34] Epoch 13 train batch [900/1875] loss=0.1276 avg_loss=0.1367
[2026-06-03 07:13:35] Epoch 13 train batch [920/1875] loss=0.1166 avg_loss=0.1370
[2026-06-03 07:13:37] Epoch 13 train batch [940/1875] loss=0.1708 avg_loss=0.1369
[2026-06-03 07:13:39] Epoch 13 train batch [960/1875] loss=0.0604 avg_loss=0.1368
[2026-06-03 07:13:41] Epoch 13 train batch [980/1875] loss=0.0181 avg_loss=0.1368
[2026-06-03 07:13:42] Epoch 13 train batch [1000/1875] loss=0.0679 avg_loss=0.1362
[2026-06-03 07:13:44] Epoch 13 train batch [1020/1875] loss=0.2246 avg_loss=0.1358
[2026-06-03 07:13:46] Epoch 13 train batch [1040/1875] loss=0.1613 avg_loss=0.1360
[2026-06-03 07:13:48] Epoch 13 train batch [1060/1875] loss=0.1600 avg_loss=0.1365
[2026-06-03 07:13:49] Epoch 13 train batch [1080/1875] loss=0.0730 avg_loss=0.1366
[2026-06-03 07:13:51] Epoch 13 train batch [1100/1875] loss=0.1850 avg_loss=0.1369
[2026-06-03 07:13:53] Epoch 13 train batch [1120/1875] loss=0.1160 avg_loss=0.1365
[2026-06-03 07:13:55] Epoch 13 train batch [1140/1875] loss=0.2042 avg_loss=0.1373
[2026-06-03 07:13:56] Epoch 13 train batch [1160/1875] loss=0.0956 avg_loss=0.1378
[2026-06-03 07:13:58] Epoch 13 train batch [1180/1875] loss=0.0782 avg_loss=0.1380
[2026-06-03 07:14:00] Epoch 13 train batch [1200/1875] loss=0.1345 avg_loss=0.1377
[2026-06-03 07:14:02] Epoch 13 train batch [1220/1875] loss=0.0911 avg_loss=0.1378
[2026-06-03 07:14:04] Epoch 13 train batch [1240/1875] loss=0.1582 avg_loss=0.1375
[2026-06-03 07:14:05] Epoch 13 train batch [1260/1875] loss=0.1367 avg_loss=0.1375
[2026-06-03 07:14:07] Epoch 13 train batch [1280/1875] loss=0.1825 avg_loss=0.1379
[2026-06-03 07:14:09] Epoch 13 train batch [1300/1875] loss=0.3397 avg_loss=0.1384
[2026-06-03 07:14:10] Epoch 13 train batch [1320/1875] loss=0.1454 avg_loss=0.1381
[2026-06-03 07:14:12] Epoch 13 train batch [1340/1875] loss=0.0665 avg_loss=0.1382
[2026-06-03 07:14:14] Epoch 13 train batch [1360/1875] loss=0.3292 avg_loss=0.1381
[2026-06-03 07:14:15] Epoch 13 train batch [1380/1875] loss=0.0582 avg_loss=0.1381
[2026-06-03 07:14:17] Epoch 13 train batch [1400/1875] loss=0.0884 avg_loss=0.1375
[2026-06-03 07:14:19] Epoch 13 train batch [1420/1875] loss=0.2016 avg_loss=0.1375
[2026-06-03 07:14:21] Epoch 13 train batch [1440/1875] loss=0.1015 avg_loss=0.1375
[2026-06-03 07:14:22] Epoch 13 train batch [1460/1875] loss=0.1411 avg_loss=0.1375
[2026-06-03 07:14:24] Epoch 13 train batch [1480/1875] loss=0.0686 avg_loss=0.1376
[2026-06-03 07:14:26] Epoch 13 train batch [1500/1875] loss=0.0272 avg_loss=0.1378
[2026-06-03 07:14:28] Epoch 13 train batch [1520/1875] loss=0.1102 avg_loss=0.1378
[2026-06-03 07:14:29] Epoch 13 train batch [1540/1875] loss=0.1130 avg_loss=0.1380
[2026-06-03 07:14:31] Epoch 13 train batch [1560/1875] loss=0.2208 avg_loss=0.1379
[2026-06-03 07:14:33] Epoch 13 train batch [1580/1875] loss=0.2517 avg_loss=0.1378
[2026-06-03 07:14:35] Epoch 13 train batch [1600/1875] loss=0.2113 avg_loss=0.1376
[2026-06-03 07:14:36] Epoch 13 train batch [1620/1875] loss=0.1263 avg_loss=0.1379
[2026-06-03 07:14:38] Epoch 13 train batch [1640/1875] loss=0.2788 avg_loss=0.1379
[2026-06-03 07:14:40] Epoch 13 train batch [1660/1875] loss=0.0634 avg_loss=0.1382
[2026-06-03 07:14:42] Epoch 13 train batch [1680/1875] loss=0.0753 avg_loss=0.1381
[2026-06-03 07:14:43] Epoch 13 train batch [1700/1875] loss=0.0775 avg_loss=0.1387
[2026-06-03 07:14:45] Epoch 13 train batch [1720/1875] loss=0.1690 avg_loss=0.1387
[2026-06-03 07:14:47] Epoch 13 train batch [1740/1875] loss=0.2421 avg_loss=0.1390
[2026-06-03 07:14:49] Epoch 13 train batch [1760/1875] loss=0.1348 avg_loss=0.1388
[2026-06-03 07:14:50] Epoch 13 train batch [1780/1875] loss=0.0602 avg_loss=0.1389
[2026-06-03 07:14:52] Epoch 13 train batch [1800/1875] loss=0.1381 avg_loss=0.1386
[2026-06-03 07:14:54] Epoch 13 train batch [1820/1875] loss=0.0494 avg_loss=0.1385
[2026-06-03 07:14:55] Epoch 13 train batch [1840/1875] loss=0.1926 avg_loss=0.1385
[2026-06-03 07:14:57] Epoch 13 train batch [1860/1875] loss=0.0373 avg_loss=0.1386
[2026-06-03 07:14:59] Epoch 13 train batch [1875/1875] loss=0.0641 avg_loss=0.1385
[2026-06-03 07:14:59] Epoch 13 training completed. Computing validation loss.
[2026-06-03 07:15:16] Epoch 13 validation loss completed: 0.1781. Computing detection metrics.
[2026-06-03 07:15:33] Epoch 13 metrics computed. Saving artifacts.
[2026-06-03 07:15:35] Epoch 13 improved mAP@0.5 to 0.7692. Saved best checkpoint: best_model-20260603-063224.pth.
Epoch [13/30]
├── Train Loss : 0.1385
│   ├── loss_classifier  : 0.0444
│   ├── loss_box_reg     : 0.0847
│   ├── loss_objectness  : 0.0048
│   └── loss_rpn_box_reg : 0.0047
├── Val Loss   : 0.1781
├── mAP@0.5    : 0.7692
├── mAP@0.75   : 0.4187
├── mAP@0.5:0.95 : 0.4215
├── Precision  : 0.5045
├── Recall     : 0.8506
├── GT Boxes   : 2021
├── Predictions: 3407
├── Per-class AP
│   ├── person  : AP50=0.8266, AP75=0.4176, AP50:95=0.4470, P=0.6022, R=0.8724
│   ├── car     : AP50=0.7424, AP75=0.4493, AP50:95=0.4212, P=0.3997, R=0.8233
│   ├── dog     : AP50=0.8712, AP75=0.6190, AP50:95=0.5270, P=0.5529, R=0.9126
│   ├── cat     : AP50=0.8723, AP75=0.3858, AP50:95=0.4579, P=0.6030, R=0.9148
│   └── chair   : AP50=0.5336, AP75=0.2218, AP50:95=0.2543, P=0.3026, R=0.7092
├── LR         : 0.001000
└── Time       : 197.4s
[2026-06-03 07:15:35] Epoch [13/30] completed.
[2026-06-03 07:15:35] Epoch [14/30] started.
[2026-06-03 07:15:37] Epoch 14 train batch [20/1875] loss=0.0528 avg_loss=0.1239
[2026-06-03 07:15:38] Epoch 14 train batch [40/1875] loss=0.0283 avg_loss=0.1161
[2026-06-03 07:15:40] Epoch 14 train batch [60/1875] loss=0.1425 avg_loss=0.1210
[2026-06-03 07:15:42] Epoch 14 train batch [80/1875] loss=0.0727 avg_loss=0.1232
[2026-06-03 07:15:44] Epoch 14 train batch [100/1875] loss=0.0540 avg_loss=0.1244
[2026-06-03 07:15:45] Epoch 14 train batch [120/1875] loss=0.0900 avg_loss=0.1195
[2026-06-03 07:15:47] Epoch 14 train batch [140/1875] loss=0.2963 avg_loss=0.1208
[2026-06-03 07:15:49] Epoch 14 train batch [160/1875] loss=0.2063 avg_loss=0.1207
[2026-06-03 07:15:51] Epoch 14 train batch [180/1875] loss=0.1812 avg_loss=0.1229
[2026-06-03 07:15:52] Epoch 14 train batch [200/1875] loss=0.1874 avg_loss=0.1241
[2026-06-03 07:15:54] Epoch 14 train batch [220/1875] loss=0.0796 avg_loss=0.1218
[2026-06-03 07:15:56] Epoch 14 train batch [240/1875] loss=0.2400 avg_loss=0.1235
[2026-06-03 07:15:58] Epoch 14 train batch [260/1875] loss=0.0876 avg_loss=0.1232
[2026-06-03 07:15:59] Epoch 14 train batch [280/1875] loss=0.0455 avg_loss=0.1221
[2026-06-03 07:16:01] Epoch 14 train batch [300/1875] loss=0.1079 avg_loss=0.1225
[2026-06-03 07:16:03] Epoch 14 train batch [320/1875] loss=0.3816 avg_loss=0.1235
[2026-06-03 07:16:05] Epoch 14 train batch [340/1875] loss=0.0202 avg_loss=0.1242
[2026-06-03 07:16:06] Epoch 14 train batch [360/1875] loss=0.0495 avg_loss=0.1231
[2026-06-03 07:16:08] Epoch 14 train batch [380/1875] loss=0.0583 avg_loss=0.1239
[2026-06-03 07:16:10] Epoch 14 train batch [400/1875] loss=0.1120 avg_loss=0.1236
[2026-06-03 07:16:12] Epoch 14 train batch [420/1875] loss=0.0684 avg_loss=0.1241
[2026-06-03 07:16:13] Epoch 14 train batch [440/1875] loss=0.0895 avg_loss=0.1247
[2026-06-03 07:16:15] Epoch 14 train batch [460/1875] loss=0.0676 avg_loss=0.1246
[2026-06-03 07:16:17] Epoch 14 train batch [480/1875] loss=0.3496 avg_loss=0.1254
[2026-06-03 07:16:19] Epoch 14 train batch [500/1875] loss=0.1379 avg_loss=0.1241
[2026-06-03 07:16:20] Epoch 14 train batch [520/1875] loss=0.0751 avg_loss=0.1254
[2026-06-03 07:16:22] Epoch 14 train batch [540/1875] loss=0.0497 avg_loss=0.1242
[2026-06-03 07:16:24] Epoch 14 train batch [560/1875] loss=0.1874 avg_loss=0.1246
[2026-06-03 07:16:26] Epoch 14 train batch [580/1875] loss=0.0464 avg_loss=0.1252
[2026-06-03 07:16:27] Epoch 14 train batch [600/1875] loss=0.1236 avg_loss=0.1266
[2026-06-03 07:16:29] Epoch 14 train batch [620/1875] loss=0.0495 avg_loss=0.1279
[2026-06-03 07:16:31] Epoch 14 train batch [640/1875] loss=0.0581 avg_loss=0.1278
[2026-06-03 07:16:33] Epoch 14 train batch [660/1875] loss=0.1601 avg_loss=0.1279
[2026-06-03 07:16:34] Epoch 14 train batch [680/1875] loss=0.2299 avg_loss=0.1273
[2026-06-03 07:16:36] Epoch 14 train batch [700/1875] loss=0.0450 avg_loss=0.1272
[2026-06-03 07:16:38] Epoch 14 train batch [720/1875] loss=0.1028 avg_loss=0.1272
[2026-06-03 07:16:39] Epoch 14 train batch [740/1875] loss=0.0351 avg_loss=0.1273
[2026-06-03 07:16:41] Epoch 14 train batch [760/1875] loss=0.1025 avg_loss=0.1274
[2026-06-03 07:16:43] Epoch 14 train batch [780/1875] loss=0.0595 avg_loss=0.1266
[2026-06-03 07:16:45] Epoch 14 train batch [800/1875] loss=0.1944 avg_loss=0.1262
[2026-06-03 07:16:46] Epoch 14 train batch [820/1875] loss=0.1356 avg_loss=0.1261
[2026-06-03 07:16:48] Epoch 14 train batch [840/1875] loss=0.0353 avg_loss=0.1264
[2026-06-03 07:16:50] Epoch 14 train batch [860/1875] loss=0.4624 avg_loss=0.1270
[2026-06-03 07:16:52] Epoch 14 train batch [880/1875] loss=0.1686 avg_loss=0.1277
[2026-06-03 07:16:53] Epoch 14 train batch [900/1875] loss=0.2819 avg_loss=0.1281
[2026-06-03 07:16:55] Epoch 14 train batch [920/1875] loss=0.1922 avg_loss=0.1285
[2026-06-03 07:16:57] Epoch 14 train batch [940/1875] loss=0.2457 avg_loss=0.1292
[2026-06-03 07:16:59] Epoch 14 train batch [960/1875] loss=0.4192 avg_loss=0.1300
[2026-06-03 07:17:00] Epoch 14 train batch [980/1875] loss=0.1678 avg_loss=0.1301
[2026-06-03 07:17:02] Epoch 14 train batch [1000/1875] loss=0.5316 avg_loss=0.1307
[2026-06-03 07:17:04] Epoch 14 train batch [1020/1875] loss=0.2378 avg_loss=0.1307
[2026-06-03 07:17:06] Epoch 14 train batch [1040/1875] loss=0.0466 avg_loss=0.1298
[2026-06-03 07:17:07] Epoch 14 train batch [1060/1875] loss=0.0638 avg_loss=0.1302
[2026-06-03 07:17:09] Epoch 14 train batch [1080/1875] loss=0.3058 avg_loss=0.1306
[2026-06-03 07:17:11] Epoch 14 train batch [1100/1875] loss=0.1198 avg_loss=0.1306
[2026-06-03 07:17:12] Epoch 14 train batch [1120/1875] loss=0.1085 avg_loss=0.1307
[2026-06-03 07:17:14] Epoch 14 train batch [1140/1875] loss=0.0479 avg_loss=0.1307
[2026-06-03 07:17:16] Epoch 14 train batch [1160/1875] loss=0.0732 avg_loss=0.1310
[2026-06-03 07:17:18] Epoch 14 train batch [1180/1875] loss=0.2325 avg_loss=0.1316
[2026-06-03 07:17:19] Epoch 14 train batch [1200/1875] loss=0.0663 avg_loss=0.1321
[2026-06-03 07:17:21] Epoch 14 train batch [1220/1875] loss=0.0673 avg_loss=0.1320
[2026-06-03 07:17:23] Epoch 14 train batch [1240/1875] loss=0.0564 avg_loss=0.1320
[2026-06-03 07:17:25] Epoch 14 train batch [1260/1875] loss=0.4995 avg_loss=0.1326
[2026-06-03 07:17:26] Epoch 14 train batch [1280/1875] loss=0.0744 avg_loss=0.1328
[2026-06-03 07:17:28] Epoch 14 train batch [1300/1875] loss=0.1464 avg_loss=0.1331
[2026-06-03 07:17:30] Epoch 14 train batch [1320/1875] loss=0.0300 avg_loss=0.1324
[2026-06-03 07:17:32] Epoch 14 train batch [1340/1875] loss=0.1952 avg_loss=0.1329
[2026-06-03 07:17:33] Epoch 14 train batch [1360/1875] loss=0.0894 avg_loss=0.1330
[2026-06-03 07:17:35] Epoch 14 train batch [1380/1875] loss=0.2066 avg_loss=0.1335
[2026-06-03 07:17:37] Epoch 14 train batch [1400/1875] loss=0.0057 avg_loss=0.1332
[2026-06-03 07:17:38] Epoch 14 train batch [1420/1875] loss=0.0677 avg_loss=0.1335
[2026-06-03 07:17:40] Epoch 14 train batch [1440/1875] loss=0.1819 avg_loss=0.1330
[2026-06-03 07:17:42] Epoch 14 train batch [1460/1875] loss=0.0309 avg_loss=0.1330
[2026-06-03 07:17:44] Epoch 14 train batch [1480/1875] loss=0.1571 avg_loss=0.1324
[2026-06-03 07:17:46] Epoch 14 train batch [1500/1875] loss=0.0439 avg_loss=0.1325
[2026-06-03 07:17:47] Epoch 14 train batch [1520/1875] loss=0.1080 avg_loss=0.1326
[2026-06-03 07:17:49] Epoch 14 train batch [1540/1875] loss=0.0661 avg_loss=0.1328
[2026-06-03 07:17:51] Epoch 14 train batch [1560/1875] loss=0.0578 avg_loss=0.1331
[2026-06-03 07:17:53] Epoch 14 train batch [1580/1875] loss=0.0497 avg_loss=0.1329
[2026-06-03 07:17:54] Epoch 14 train batch [1600/1875] loss=0.1281 avg_loss=0.1329
[2026-06-03 07:17:56] Epoch 14 train batch [1620/1875] loss=0.0375 avg_loss=0.1325
[2026-06-03 07:17:58] Epoch 14 train batch [1640/1875] loss=0.0751 avg_loss=0.1327
[2026-06-03 07:18:00] Epoch 14 train batch [1660/1875] loss=0.0784 avg_loss=0.1328
[2026-06-03 07:18:01] Epoch 14 train batch [1680/1875] loss=0.1411 avg_loss=0.1328
[2026-06-03 07:18:03] Epoch 14 train batch [1700/1875] loss=0.3623 avg_loss=0.1332
[2026-06-03 07:18:05] Epoch 14 train batch [1720/1875] loss=0.0977 avg_loss=0.1329
[2026-06-03 07:18:07] Epoch 14 train batch [1740/1875] loss=0.0091 avg_loss=0.1330
[2026-06-03 07:18:08] Epoch 14 train batch [1760/1875] loss=0.0260 avg_loss=0.1328
[2026-06-03 07:18:10] Epoch 14 train batch [1780/1875] loss=0.1874 avg_loss=0.1327
[2026-06-03 07:18:12] Epoch 14 train batch [1800/1875] loss=0.2744 avg_loss=0.1330
[2026-06-03 07:18:14] Epoch 14 train batch [1820/1875] loss=0.2038 avg_loss=0.1330
[2026-06-03 07:18:15] Epoch 14 train batch [1840/1875] loss=0.2333 avg_loss=0.1329
[2026-06-03 07:18:17] Epoch 14 train batch [1860/1875] loss=0.0579 avg_loss=0.1331
[2026-06-03 07:18:18] Epoch 14 train batch [1875/1875] loss=0.0608 avg_loss=0.1330
[2026-06-03 07:18:18] Epoch 14 training completed. Computing validation loss.
[2026-06-03 07:18:36] Epoch 14 validation loss completed: 0.1840. Computing detection metrics.
[2026-06-03 07:18:52] Epoch 14 metrics computed. Saving artifacts.
[2026-06-03 07:18:53] Epoch 14 did not improve mAP@0.5 enough. Early stopping counter: 1/7.
Epoch [14/30]
├── Train Loss : 0.1330
│   ├── loss_classifier  : 0.0421
│   ├── loss_box_reg     : 0.0820
│   ├── loss_objectness  : 0.0043
│   └── loss_rpn_box_reg : 0.0045
├── Val Loss   : 0.1840
├── mAP@0.5    : 0.7253
├── mAP@0.75   : 0.4144
├── mAP@0.5:0.95 : 0.4082
├── Precision  : 0.5797
├── Recall     : 0.8120
├── GT Boxes   : 2021
├── Predictions: 2831
├── Per-class AP
│   ├── person  : AP50=0.8267, AP75=0.4483, AP50:95=0.4532, P=0.5929, R=0.8706
│   ├── car     : AP50=0.6382, AP75=0.3015, AP50:95=0.3320, P=0.5510, R=0.7067
│   ├── dog     : AP50=0.8281, AP75=0.6157, AP50:95=0.5357, P=0.6146, R=0.8592
│   ├── cat     : AP50=0.8228, AP75=0.4929, AP50:95=0.4733, P=0.8108, R=0.8523
│   └── chair   : AP50=0.5106, AP75=0.2133, AP50:95=0.2465, P=0.4282, R=0.6348
├── LR         : 0.001000
└── Time       : 197.4s
[2026-06-03 07:18:53] Epoch [14/30] completed.
[2026-06-03 07:18:53] Epoch [15/30] started.
[2026-06-03 07:18:55] Epoch 15 train batch [20/1875] loss=0.1799 avg_loss=0.1306
[2026-06-03 07:18:56] Epoch 15 train batch [40/1875] loss=0.0428 avg_loss=0.1297
[2026-06-03 07:18:58] Epoch 15 train batch [60/1875] loss=0.0528 avg_loss=0.1269
[2026-06-03 07:19:00] Epoch 15 train batch [80/1875] loss=0.0081 avg_loss=0.1240
[2026-06-03 07:19:02] Epoch 15 train batch [100/1875] loss=0.0638 avg_loss=0.1250
[2026-06-03 07:19:03] Epoch 15 train batch [120/1875] loss=0.0753 avg_loss=0.1234
[2026-06-03 07:19:05] Epoch 15 train batch [140/1875] loss=0.0443 avg_loss=0.1206
[2026-06-03 07:19:07] Epoch 15 train batch [160/1875] loss=0.0205 avg_loss=0.1242
[2026-06-03 07:19:08] Epoch 15 train batch [180/1875] loss=0.0726 avg_loss=0.1214
[2026-06-03 07:19:10] Epoch 15 train batch [200/1875] loss=0.1061 avg_loss=0.1230
[2026-06-03 07:19:12] Epoch 15 train batch [220/1875] loss=0.0398 avg_loss=0.1220
[2026-06-03 07:19:14] Epoch 15 train batch [240/1875] loss=0.2066 avg_loss=0.1180
[2026-06-03 07:19:15] Epoch 15 train batch [260/1875] loss=0.2636 avg_loss=0.1194
[2026-06-03 07:19:17] Epoch 15 train batch [280/1875] loss=0.0208 avg_loss=0.1171
[2026-06-03 07:19:19] Epoch 15 train batch [300/1875] loss=0.1297 avg_loss=0.1162
[2026-06-03 07:19:21] Epoch 15 train batch [320/1875] loss=0.0358 avg_loss=0.1156
[2026-06-03 07:19:22] Epoch 15 train batch [340/1875] loss=0.0499 avg_loss=0.1167
[2026-06-03 07:19:24] Epoch 15 train batch [360/1875] loss=0.2453 avg_loss=0.1172
[2026-06-03 07:19:26] Epoch 15 train batch [380/1875] loss=0.3599 avg_loss=0.1182
[2026-06-03 07:19:28] Epoch 15 train batch [400/1875] loss=0.2086 avg_loss=0.1199
[2026-06-03 07:19:29] Epoch 15 train batch [420/1875] loss=0.0707 avg_loss=0.1198
[2026-06-03 07:19:31] Epoch 15 train batch [440/1875] loss=0.0701 avg_loss=0.1206
[2026-06-03 07:19:33] Epoch 15 train batch [460/1875] loss=0.1933 avg_loss=0.1205
[2026-06-03 07:19:35] Epoch 15 train batch [480/1875] loss=0.0211 avg_loss=0.1208
[2026-06-03 07:19:36] Epoch 15 train batch [500/1875] loss=0.0031 avg_loss=0.1216
[2026-06-03 07:19:38] Epoch 15 train batch [520/1875] loss=0.2579 avg_loss=0.1230
[2026-06-03 07:19:40] Epoch 15 train batch [540/1875] loss=0.2102 avg_loss=0.1233
[2026-06-03 07:19:42] Epoch 15 train batch [560/1875] loss=0.0428 avg_loss=0.1231
[2026-06-03 07:19:43] Epoch 15 train batch [580/1875] loss=0.0581 avg_loss=0.1236
[2026-06-03 07:19:45] Epoch 15 train batch [600/1875] loss=0.0769 avg_loss=0.1246
[2026-06-03 07:19:47] Epoch 15 train batch [620/1875] loss=0.0660 avg_loss=0.1250
[2026-06-03 07:19:49] Epoch 15 train batch [640/1875] loss=0.1241 avg_loss=0.1249
[2026-06-03 07:19:50] Epoch 15 train batch [660/1875] loss=0.0318 avg_loss=0.1250
[2026-06-03 07:19:52] Epoch 15 train batch [680/1875] loss=0.0454 avg_loss=0.1246
[2026-06-03 07:19:54] Epoch 15 train batch [700/1875] loss=0.1259 avg_loss=0.1248
[2026-06-03 07:19:55] Epoch 15 train batch [720/1875] loss=0.0961 avg_loss=0.1252
[2026-06-03 07:19:57] Epoch 15 train batch [740/1875] loss=0.0551 avg_loss=0.1260
[2026-06-03 07:19:59] Epoch 15 train batch [760/1875] loss=0.4213 avg_loss=0.1259
[2026-06-03 07:20:01] Epoch 15 train batch [780/1875] loss=0.0542 avg_loss=0.1263
[2026-06-03 07:20:02] Epoch 15 train batch [800/1875] loss=0.0838 avg_loss=0.1267
[2026-06-03 07:20:04] Epoch 15 train batch [820/1875] loss=0.0454 avg_loss=0.1269
[2026-06-03 07:20:06] Epoch 15 train batch [840/1875] loss=0.1422 avg_loss=0.1267
[2026-06-03 07:20:08] Epoch 15 train batch [860/1875] loss=0.0013 avg_loss=0.1265
[2026-06-03 07:20:09] Epoch 15 train batch [880/1875] loss=0.0799 avg_loss=0.1267
[2026-06-03 07:20:11] Epoch 15 train batch [900/1875] loss=0.0033 avg_loss=0.1265
[2026-06-03 07:20:13] Epoch 15 train batch [920/1875] loss=0.0054 avg_loss=0.1265
[2026-06-03 07:20:14] Epoch 15 train batch [940/1875] loss=0.0510 avg_loss=0.1273
[2026-06-03 07:20:16] Epoch 15 train batch [960/1875] loss=0.1095 avg_loss=0.1267
[2026-06-03 07:20:18] Epoch 15 train batch [980/1875] loss=0.0313 avg_loss=0.1264
[2026-06-03 07:20:20] Epoch 15 train batch [1000/1875] loss=0.2719 avg_loss=0.1270
[2026-06-03 07:20:21] Epoch 15 train batch [1020/1875] loss=0.1395 avg_loss=0.1269
[2026-06-03 07:20:23] Epoch 15 train batch [1040/1875] loss=0.1546 avg_loss=0.1267
[2026-06-03 07:20:25] Epoch 15 train batch [1060/1875] loss=0.1953 avg_loss=0.1273
[2026-06-03 07:20:27] Epoch 15 train batch [1080/1875] loss=0.0722 avg_loss=0.1269
[2026-06-03 07:20:28] Epoch 15 train batch [1100/1875] loss=0.0293 avg_loss=0.1269
[2026-06-03 07:20:30] Epoch 15 train batch [1120/1875] loss=0.0624 avg_loss=0.1269
[2026-06-03 07:20:32] Epoch 15 train batch [1140/1875] loss=0.2172 avg_loss=0.1269
[2026-06-03 07:20:33] Epoch 15 train batch [1160/1875] loss=0.1888 avg_loss=0.1273
[2026-06-03 07:20:35] Epoch 15 train batch [1180/1875] loss=0.0712 avg_loss=0.1273
[2026-06-03 07:20:37] Epoch 15 train batch [1200/1875] loss=0.2384 avg_loss=0.1271
[2026-06-03 07:20:39] Epoch 15 train batch [1220/1875] loss=0.0504 avg_loss=0.1264
[2026-06-03 07:20:40] Epoch 15 train batch [1240/1875] loss=0.0983 avg_loss=0.1265
[2026-06-03 07:20:42] Epoch 15 train batch [1260/1875] loss=0.1199 avg_loss=0.1263
[2026-06-03 07:20:44] Epoch 15 train batch [1280/1875] loss=0.2539 avg_loss=0.1266
[2026-06-03 07:20:46] Epoch 15 train batch [1300/1875] loss=0.0840 avg_loss=0.1265
[2026-06-03 07:20:47] Epoch 15 train batch [1320/1875] loss=0.1576 avg_loss=0.1269
[2026-06-03 07:20:49] Epoch 15 train batch [1340/1875] loss=0.2533 avg_loss=0.1275
[2026-06-03 07:20:51] Epoch 15 train batch [1360/1875] loss=0.0614 avg_loss=0.1277
[2026-06-03 07:20:53] Epoch 15 train batch [1380/1875] loss=0.0380 avg_loss=0.1279
[2026-06-03 07:20:54] Epoch 15 train batch [1400/1875] loss=0.1357 avg_loss=0.1279
[2026-06-03 07:20:56] Epoch 15 train batch [1420/1875] loss=0.1057 avg_loss=0.1279
[2026-06-03 07:20:58] Epoch 15 train batch [1440/1875] loss=0.0979 avg_loss=0.1285
[2026-06-03 07:20:59] Epoch 15 train batch [1460/1875] loss=0.0718 avg_loss=0.1282
[2026-06-03 07:21:01] Epoch 15 train batch [1480/1875] loss=0.2202 avg_loss=0.1277
[2026-06-03 07:21:03] Epoch 15 train batch [1500/1875] loss=0.0011 avg_loss=0.1275
[2026-06-03 07:21:05] Epoch 15 train batch [1520/1875] loss=0.1288 avg_loss=0.1276
[2026-06-03 07:21:07] Epoch 15 train batch [1540/1875] loss=0.0629 avg_loss=0.1272
[2026-06-03 07:21:08] Epoch 15 train batch [1560/1875] loss=0.2170 avg_loss=0.1278
[2026-06-03 07:21:10] Epoch 15 train batch [1580/1875] loss=0.0576 avg_loss=0.1276
[2026-06-03 07:21:12] Epoch 15 train batch [1600/1875] loss=0.1641 avg_loss=0.1278
[2026-06-03 07:21:14] Epoch 15 train batch [1620/1875] loss=0.1147 avg_loss=0.1279
[2026-06-03 07:21:15] Epoch 15 train batch [1640/1875] loss=0.1451 avg_loss=0.1279
[2026-06-03 07:21:17] Epoch 15 train batch [1660/1875] loss=0.0930 avg_loss=0.1277
[2026-06-03 07:21:19] Epoch 15 train batch [1680/1875] loss=0.0988 avg_loss=0.1277
[2026-06-03 07:21:21] Epoch 15 train batch [1700/1875] loss=0.2636 avg_loss=0.1276
[2026-06-03 07:21:22] Epoch 15 train batch [1720/1875] loss=0.0289 avg_loss=0.1274
[2026-06-03 07:21:24] Epoch 15 train batch [1740/1875] loss=0.0653 avg_loss=0.1275
[2026-06-03 07:21:26] Epoch 15 train batch [1760/1875] loss=0.0393 avg_loss=0.1271
[2026-06-03 07:21:27] Epoch 15 train batch [1780/1875] loss=0.0855 avg_loss=0.1272
[2026-06-03 07:21:29] Epoch 15 train batch [1800/1875] loss=0.2514 avg_loss=0.1277
[2026-06-03 07:21:31] Epoch 15 train batch [1820/1875] loss=0.2892 avg_loss=0.1277
[2026-06-03 07:21:33] Epoch 15 train batch [1840/1875] loss=0.2249 avg_loss=0.1277
[2026-06-03 07:21:34] Epoch 15 train batch [1860/1875] loss=0.1011 avg_loss=0.1277
[2026-06-03 07:21:36] Epoch 15 train batch [1875/1875] loss=0.0308 avg_loss=0.1277
[2026-06-03 07:21:36] Epoch 15 training completed. Computing validation loss.
[2026-06-03 07:21:53] Epoch 15 validation loss completed: 0.1821. Computing detection metrics.
[2026-06-03 07:22:10] Epoch 15 metrics computed. Saving artifacts.
[2026-06-03 07:22:10] Epoch 15 did not improve mAP@0.5 enough. Early stopping counter: 2/7.
Epoch [15/30]
├── Train Loss : 0.1277
│   ├── loss_classifier  : 0.0400
│   ├── loss_box_reg     : 0.0793
│   ├── loss_objectness  : 0.0040
│   └── loss_rpn_box_reg : 0.0043
├── Val Loss   : 0.1821
├── mAP@0.5    : 0.7558
├── mAP@0.75   : 0.4325
├── mAP@0.5:0.95 : 0.4312
├── Precision  : 0.5412
├── Recall     : 0.8412
├── GT Boxes   : 2021
├── Predictions: 3141
├── Per-class AP
│   ├── person  : AP50=0.8283, AP75=0.4424, AP50:95=0.4585, P=0.6364, R=0.8669
│   ├── car     : AP50=0.7186, AP75=0.4359, AP50:95=0.4193, P=0.5056, R=0.7915
│   ├── dog     : AP50=0.8194, AP75=0.5737, AP50:95=0.5124, P=0.7588, R=0.8398
│   ├── cat     : AP50=0.8817, AP75=0.5230, AP50:95=0.5138, P=0.6913, R=0.9034
│   └── chair   : AP50=0.5310, AP75=0.1873, AP50:95=0.2521, P=0.2741, R=0.7553
├── LR         : 0.001000
└── Time       : 197.0s
[2026-06-03 07:22:10] Epoch [15/30] completed.
[2026-06-03 07:22:10] Epoch [16/30] started.
[2026-06-03 07:22:12] Epoch 16 train batch [20/1875] loss=0.1808 avg_loss=0.1430
[2026-06-03 07:22:14] Epoch 16 train batch [40/1875] loss=0.2133 avg_loss=0.1393
[2026-06-03 07:22:16] Epoch 16 train batch [60/1875] loss=0.0669 avg_loss=0.1331
[2026-06-03 07:22:17] Epoch 16 train batch [80/1875] loss=0.1494 avg_loss=0.1266
[2026-06-03 07:22:19] Epoch 16 train batch [100/1875] loss=0.2687 avg_loss=0.1227
[2026-06-03 07:22:21] Epoch 16 train batch [120/1875] loss=0.0336 avg_loss=0.1220
[2026-06-03 07:22:23] Epoch 16 train batch [140/1875] loss=0.0604 avg_loss=0.1216
[2026-06-03 07:22:24] Epoch 16 train batch [160/1875] loss=0.0141 avg_loss=0.1219
[2026-06-03 07:22:26] Epoch 16 train batch [180/1875] loss=0.1853 avg_loss=0.1192
[2026-06-03 07:22:28] Epoch 16 train batch [200/1875] loss=0.0493 avg_loss=0.1182
[2026-06-03 07:22:30] Epoch 16 train batch [220/1875] loss=0.0509 avg_loss=0.1166
[2026-06-03 07:22:31] Epoch 16 train batch [240/1875] loss=0.0416 avg_loss=0.1173
[2026-06-03 07:22:33] Epoch 16 train batch [260/1875] loss=0.2927 avg_loss=0.1201
[2026-06-03 07:22:35] Epoch 16 train batch [280/1875] loss=0.1022 avg_loss=0.1182
[2026-06-03 07:22:37] Epoch 16 train batch [300/1875] loss=0.0547 avg_loss=0.1164
[2026-06-03 07:22:38] Epoch 16 train batch [320/1875] loss=0.0910 avg_loss=0.1159
[2026-06-03 07:22:40] Epoch 16 train batch [340/1875] loss=0.0762 avg_loss=0.1141
[2026-06-03 07:22:42] Epoch 16 train batch [360/1875] loss=0.0414 avg_loss=0.1123
[2026-06-03 07:22:44] Epoch 16 train batch [380/1875] loss=0.1368 avg_loss=0.1142
[2026-06-03 07:22:45] Epoch 16 train batch [400/1875] loss=0.0241 avg_loss=0.1129
[2026-06-03 07:22:47] Epoch 16 train batch [420/1875] loss=0.1468 avg_loss=0.1131
[2026-06-03 07:22:49] Epoch 16 train batch [440/1875] loss=0.1798 avg_loss=0.1132
[2026-06-03 07:22:51] Epoch 16 train batch [460/1875] loss=0.0111 avg_loss=0.1128
[2026-06-03 07:22:52] Epoch 16 train batch [480/1875] loss=0.1928 avg_loss=0.1134
[2026-06-03 07:22:54] Epoch 16 train batch [500/1875] loss=0.0820 avg_loss=0.1129
[2026-06-03 07:22:56] Epoch 16 train batch [520/1875] loss=0.1597 avg_loss=0.1129
[2026-06-03 07:22:58] Epoch 16 train batch [540/1875] loss=0.0750 avg_loss=0.1132
[2026-06-03 07:22:59] Epoch 16 train batch [560/1875] loss=0.1285 avg_loss=0.1143
[2026-06-03 07:23:01] Epoch 16 train batch [580/1875] loss=0.3698 avg_loss=0.1141
[2026-06-03 07:23:03] Epoch 16 train batch [600/1875] loss=0.1004 avg_loss=0.1133
[2026-06-03 07:23:05] Epoch 16 train batch [620/1875] loss=0.2021 avg_loss=0.1134
[2026-06-03 07:23:06] Epoch 16 train batch [640/1875] loss=0.0161 avg_loss=0.1133
[2026-06-03 07:23:08] Epoch 16 train batch [660/1875] loss=0.0181 avg_loss=0.1126
[2026-06-03 07:23:10] Epoch 16 train batch [680/1875] loss=0.3770 avg_loss=0.1123
[2026-06-03 07:23:12] Epoch 16 train batch [700/1875] loss=0.1323 avg_loss=0.1121
[2026-06-03 07:23:13] Epoch 16 train batch [720/1875] loss=0.0876 avg_loss=0.1133
[2026-06-03 07:23:15] Epoch 16 train batch [740/1875] loss=0.1523 avg_loss=0.1131
[2026-06-03 07:23:17] Epoch 16 train batch [760/1875] loss=0.0888 avg_loss=0.1129
[2026-06-03 07:23:19] Epoch 16 train batch [780/1875] loss=0.0652 avg_loss=0.1126
[2026-06-03 07:23:20] Epoch 16 train batch [800/1875] loss=0.0602 avg_loss=0.1120
[2026-06-03 07:23:22] Epoch 16 train batch [820/1875] loss=0.1438 avg_loss=0.1122
[2026-06-03 07:23:24] Epoch 16 train batch [840/1875] loss=0.0564 avg_loss=0.1121
[2026-06-03 07:23:26] Epoch 16 train batch [860/1875] loss=0.0632 avg_loss=0.1122
[2026-06-03 07:23:27] Epoch 16 train batch [880/1875] loss=0.2841 avg_loss=0.1123
[2026-06-03 07:23:29] Epoch 16 train batch [900/1875] loss=0.0838 avg_loss=0.1118
[2026-06-03 07:23:31] Epoch 16 train batch [920/1875] loss=0.0621 avg_loss=0.1117
[2026-06-03 07:23:32] Epoch 16 train batch [940/1875] loss=0.0710 avg_loss=0.1116
[2026-06-03 07:23:34] Epoch 16 train batch [960/1875] loss=0.1854 avg_loss=0.1117
[2026-06-03 07:23:36] Epoch 16 train batch [980/1875] loss=0.1672 avg_loss=0.1121
[2026-06-03 07:23:38] Epoch 16 train batch [1000/1875] loss=0.1827 avg_loss=0.1118
[2026-06-03 07:23:39] Epoch 16 train batch [1020/1875] loss=0.0799 avg_loss=0.1117
[2026-06-03 07:23:41] Epoch 16 train batch [1040/1875] loss=0.0208 avg_loss=0.1117
[2026-06-03 07:23:43] Epoch 16 train batch [1060/1875] loss=0.0598 avg_loss=0.1113
[2026-06-03 07:23:45] Epoch 16 train batch [1080/1875] loss=0.2100 avg_loss=0.1113
[2026-06-03 07:23:46] Epoch 16 train batch [1100/1875] loss=0.1660 avg_loss=0.1115
[2026-06-03 07:23:48] Epoch 16 train batch [1120/1875] loss=0.1235 avg_loss=0.1119
[2026-06-03 07:23:50] Epoch 16 train batch [1140/1875] loss=0.1729 avg_loss=0.1116
[2026-06-03 07:23:51] Epoch 16 train batch [1160/1875] loss=0.0143 avg_loss=0.1112
[2026-06-03 07:23:53] Epoch 16 train batch [1180/1875] loss=0.0265 avg_loss=0.1106
[2026-06-03 07:23:55] Epoch 16 train batch [1200/1875] loss=0.0692 avg_loss=0.1105
[2026-06-03 07:23:57] Epoch 16 train batch [1220/1875] loss=0.2573 avg_loss=0.1107
[2026-06-03 07:23:58] Epoch 16 train batch [1240/1875] loss=0.1467 avg_loss=0.1108
[2026-06-03 07:24:00] Epoch 16 train batch [1260/1875] loss=0.0484 avg_loss=0.1106
[2026-06-03 07:24:02] Epoch 16 train batch [1280/1875] loss=0.1191 avg_loss=0.1107
[2026-06-03 07:24:04] Epoch 16 train batch [1300/1875] loss=0.1785 avg_loss=0.1108
[2026-06-03 07:24:06] Epoch 16 train batch [1320/1875] loss=0.2116 avg_loss=0.1107
[2026-06-03 07:24:07] Epoch 16 train batch [1340/1875] loss=0.0385 avg_loss=0.1106
[2026-06-03 07:24:09] Epoch 16 train batch [1360/1875] loss=0.0611 avg_loss=0.1103
[2026-06-03 07:24:11] Epoch 16 train batch [1380/1875] loss=0.1741 avg_loss=0.1106
[2026-06-03 07:24:13] Epoch 16 train batch [1400/1875] loss=0.0636 avg_loss=0.1107
[2026-06-03 07:24:14] Epoch 16 train batch [1420/1875] loss=0.0116 avg_loss=0.1107
[2026-06-03 07:24:16] Epoch 16 train batch [1440/1875] loss=0.0563 avg_loss=0.1105
[2026-06-03 07:24:18] Epoch 16 train batch [1460/1875] loss=0.0578 avg_loss=0.1107
[2026-06-03 07:24:20] Epoch 16 train batch [1480/1875] loss=0.1031 avg_loss=0.1109
[2026-06-03 07:24:21] Epoch 16 train batch [1500/1875] loss=0.1351 avg_loss=0.1109
[2026-06-03 07:24:23] Epoch 16 train batch [1520/1875] loss=0.2018 avg_loss=0.1106
[2026-06-03 07:24:25] Epoch 16 train batch [1540/1875] loss=0.0908 avg_loss=0.1108
[2026-06-03 07:24:27] Epoch 16 train batch [1560/1875] loss=0.0940 avg_loss=0.1107
[2026-06-03 07:24:28] Epoch 16 train batch [1580/1875] loss=0.1563 avg_loss=0.1112
[2026-06-03 07:24:30] Epoch 16 train batch [1600/1875] loss=0.0248 avg_loss=0.1111
[2026-06-03 07:24:32] Epoch 16 train batch [1620/1875] loss=0.0648 avg_loss=0.1113
[2026-06-03 07:24:34] Epoch 16 train batch [1640/1875] loss=0.1340 avg_loss=0.1114
[2026-06-03 07:24:35] Epoch 16 train batch [1660/1875] loss=0.1674 avg_loss=0.1116
[2026-06-03 07:24:37] Epoch 16 train batch [1680/1875] loss=0.1744 avg_loss=0.1115
[2026-06-03 07:24:39] Epoch 16 train batch [1700/1875] loss=0.0275 avg_loss=0.1118
[2026-06-03 07:24:40] Epoch 16 train batch [1720/1875] loss=0.0381 avg_loss=0.1117
[2026-06-03 07:24:42] Epoch 16 train batch [1740/1875] loss=0.1248 avg_loss=0.1117
[2026-06-03 07:24:44] Epoch 16 train batch [1760/1875] loss=0.0023 avg_loss=0.1114
[2026-06-03 07:24:46] Epoch 16 train batch [1780/1875] loss=0.0370 avg_loss=0.1111
[2026-06-03 07:24:47] Epoch 16 train batch [1800/1875] loss=0.0817 avg_loss=0.1114
[2026-06-03 07:24:49] Epoch 16 train batch [1820/1875] loss=0.1377 avg_loss=0.1113
[2026-06-03 07:24:51] Epoch 16 train batch [1840/1875] loss=0.3413 avg_loss=0.1112
[2026-06-03 07:24:53] Epoch 16 train batch [1860/1875] loss=0.1677 avg_loss=0.1112
[2026-06-03 07:24:54] Epoch 16 train batch [1875/1875] loss=0.1144 avg_loss=0.1110
[2026-06-03 07:24:54] Epoch 16 training completed. Computing validation loss.
[2026-06-03 07:25:11] Epoch 16 validation loss completed: 0.1785. Computing detection metrics.
[2026-06-03 07:25:28] Epoch 16 metrics computed. Saving artifacts.
[2026-06-03 07:25:29] Epoch 16 did not improve mAP@0.5 enough. Early stopping counter: 3/7.
Epoch [16/30]
├── Train Loss : 0.1110
│   ├── loss_classifier  : 0.0344
│   ├── loss_box_reg     : 0.0696
│   ├── loss_objectness  : 0.0033
│   └── loss_rpn_box_reg : 0.0038
├── Val Loss   : 0.1785
├── mAP@0.5    : 0.7681
├── mAP@0.75   : 0.4686
├── mAP@0.5:0.95 : 0.4466
├── Precision  : 0.5915
├── Recall     : 0.8377
├── GT Boxes   : 2021
├── Predictions: 2862
├── Per-class AP
│   ├── person  : AP50=0.8341, AP75=0.4589, AP50:95=0.4645, P=0.6352, R=0.8706
│   ├── car     : AP50=0.7477, AP75=0.4467, AP50:95=0.4299, P=0.4989, R=0.8198
│   ├── dog     : AP50=0.8558, AP75=0.6302, AP50:95=0.5485, P=0.7126, R=0.8786
│   ├── cat     : AP50=0.8551, AP75=0.5739, AP50:95=0.5231, P=0.7766, R=0.8693
│   └── chair   : AP50=0.5480, AP75=0.2331, AP50:95=0.2673, P=0.4051, R=0.6809
├── LR         : 0.000100
└── Time       : 197.4s
[2026-06-03 07:25:29] Epoch [16/30] completed.
[2026-06-03 07:25:29] Epoch [17/30] started.
[2026-06-03 07:25:30] Epoch 17 train batch [20/1875] loss=0.0484 avg_loss=0.1129
[2026-06-03 07:25:32] Epoch 17 train batch [40/1875] loss=0.0926 avg_loss=0.1101
[2026-06-03 07:25:34] Epoch 17 train batch [60/1875] loss=0.0754 avg_loss=0.1063
[2026-06-03 07:25:36] Epoch 17 train batch [80/1875] loss=0.0754 avg_loss=0.1077
[2026-06-03 07:25:37] Epoch 17 train batch [100/1875] loss=0.1872 avg_loss=0.1102
[2026-06-03 07:25:39] Epoch 17 train batch [120/1875] loss=0.1540 avg_loss=0.1180
[2026-06-03 07:25:41] Epoch 17 train batch [140/1875] loss=0.0922 avg_loss=0.1174
[2026-06-03 07:25:42] Epoch 17 train batch [160/1875] loss=0.0221 avg_loss=0.1107
[2026-06-03 07:25:44] Epoch 17 train batch [180/1875] loss=0.2294 avg_loss=0.1154
[2026-06-03 07:25:46] Epoch 17 train batch [200/1875] loss=0.0550 avg_loss=0.1147
[2026-06-03 07:25:48] Epoch 17 train batch [220/1875] loss=0.0923 avg_loss=0.1146
[2026-06-03 07:25:49] Epoch 17 train batch [240/1875] loss=0.0542 avg_loss=0.1136
[2026-06-03 07:25:51] Epoch 17 train batch [260/1875] loss=0.0951 avg_loss=0.1128
[2026-06-03 07:25:53] Epoch 17 train batch [280/1875] loss=0.1717 avg_loss=0.1150
[2026-06-03 07:25:55] Epoch 17 train batch [300/1875] loss=0.0528 avg_loss=0.1134
[2026-06-03 07:25:56] Epoch 17 train batch [320/1875] loss=0.1411 avg_loss=0.1141
[2026-06-03 07:25:58] Epoch 17 train batch [340/1875] loss=0.1341 avg_loss=0.1152
[2026-06-03 07:26:00] Epoch 17 train batch [360/1875] loss=0.0373 avg_loss=0.1151
[2026-06-03 07:26:01] Epoch 17 train batch [380/1875] loss=0.0825 avg_loss=0.1153
[2026-06-03 07:26:03] Epoch 17 train batch [400/1875] loss=0.2416 avg_loss=0.1155
[2026-06-03 07:26:05] Epoch 17 train batch [420/1875] loss=0.1525 avg_loss=0.1156
[2026-06-03 07:26:07] Epoch 17 train batch [440/1875] loss=0.0994 avg_loss=0.1137
[2026-06-03 07:26:08] Epoch 17 train batch [460/1875] loss=0.1575 avg_loss=0.1128
[2026-06-03 07:26:10] Epoch 17 train batch [480/1875] loss=0.0419 avg_loss=0.1118
[2026-06-03 07:26:12] Epoch 17 train batch [500/1875] loss=0.0761 avg_loss=0.1111
[2026-06-03 07:26:14] Epoch 17 train batch [520/1875] loss=0.1055 avg_loss=0.1119
[2026-06-03 07:26:15] Epoch 17 train batch [540/1875] loss=0.2017 avg_loss=0.1110
[2026-06-03 07:26:17] Epoch 17 train batch [560/1875] loss=0.2833 avg_loss=0.1116
[2026-06-03 07:26:19] Epoch 17 train batch [580/1875] loss=0.1531 avg_loss=0.1123
[2026-06-03 07:26:21] Epoch 17 train batch [600/1875] loss=0.1085 avg_loss=0.1125
[2026-06-03 07:26:22] Epoch 17 train batch [620/1875] loss=0.2227 avg_loss=0.1132
[2026-06-03 07:26:24] Epoch 17 train batch [640/1875] loss=0.0617 avg_loss=0.1124
[2026-06-03 07:26:26] Epoch 17 train batch [660/1875] loss=0.1525 avg_loss=0.1125
[2026-06-03 07:26:27] Epoch 17 train batch [680/1875] loss=0.1242 avg_loss=0.1117
[2026-06-03 07:26:29] Epoch 17 train batch [700/1875] loss=0.1452 avg_loss=0.1114
[2026-06-03 07:26:31] Epoch 17 train batch [720/1875] loss=0.0145 avg_loss=0.1110
[2026-06-03 07:26:33] Epoch 17 train batch [740/1875] loss=0.0960 avg_loss=0.1104
[2026-06-03 07:26:34] Epoch 17 train batch [760/1875] loss=0.1021 avg_loss=0.1102
[2026-06-03 07:26:36] Epoch 17 train batch [780/1875] loss=0.0145 avg_loss=0.1099
[2026-06-03 07:26:38] Epoch 17 train batch [800/1875] loss=0.1018 avg_loss=0.1099
[2026-06-03 07:26:39] Epoch 17 train batch [820/1875] loss=0.0936 avg_loss=0.1100
[2026-06-03 07:26:41] Epoch 17 train batch [840/1875] loss=0.1593 avg_loss=0.1101
[2026-06-03 07:26:43] Epoch 17 train batch [860/1875] loss=0.1283 avg_loss=0.1107
[2026-06-03 07:26:45] Epoch 17 train batch [880/1875] loss=0.2153 avg_loss=0.1110
[2026-06-03 07:26:47] Epoch 17 train batch [900/1875] loss=0.0534 avg_loss=0.1111
[2026-06-03 07:26:48] Epoch 17 train batch [920/1875] loss=0.1525 avg_loss=0.1106
[2026-06-03 07:26:50] Epoch 17 train batch [940/1875] loss=0.0475 avg_loss=0.1100
[2026-06-03 07:26:52] Epoch 17 train batch [960/1875] loss=0.1435 avg_loss=0.1097
[2026-06-03 07:26:53] Epoch 17 train batch [980/1875] loss=0.3453 avg_loss=0.1096
[2026-06-03 07:26:55] Epoch 17 train batch [1000/1875] loss=0.1437 avg_loss=0.1097
[2026-06-03 07:26:57] Epoch 17 train batch [1020/1875] loss=0.1323 avg_loss=0.1102
[2026-06-03 07:26:59] Epoch 17 train batch [1040/1875] loss=0.2272 avg_loss=0.1104
[2026-06-03 07:27:00] Epoch 17 train batch [1060/1875] loss=0.2890 avg_loss=0.1101
[2026-06-03 07:27:02] Epoch 17 train batch [1080/1875] loss=0.1821 avg_loss=0.1100
[2026-06-03 07:27:04] Epoch 17 train batch [1100/1875] loss=0.2895 avg_loss=0.1102
[2026-06-03 07:27:06] Epoch 17 train batch [1120/1875] loss=0.0740 avg_loss=0.1100
[2026-06-03 07:27:07] Epoch 17 train batch [1140/1875] loss=0.0581 avg_loss=0.1095
[2026-06-03 07:27:09] Epoch 17 train batch [1160/1875] loss=0.1304 avg_loss=0.1089
[2026-06-03 07:27:11] Epoch 17 train batch [1180/1875] loss=0.0662 avg_loss=0.1087
[2026-06-03 07:27:13] Epoch 17 train batch [1200/1875] loss=0.0602 avg_loss=0.1089
[2026-06-03 07:27:14] Epoch 17 train batch [1220/1875] loss=0.0057 avg_loss=0.1093
[2026-06-03 07:27:16] Epoch 17 train batch [1240/1875] loss=0.2021 avg_loss=0.1091
[2026-06-03 07:27:18] Epoch 17 train batch [1260/1875] loss=0.0735 avg_loss=0.1089
[2026-06-03 07:27:20] Epoch 17 train batch [1280/1875] loss=0.1444 avg_loss=0.1094
[2026-06-03 07:27:21] Epoch 17 train batch [1300/1875] loss=0.1098 avg_loss=0.1094
[2026-06-03 07:27:23] Epoch 17 train batch [1320/1875] loss=0.1710 avg_loss=0.1096
[2026-06-03 07:27:25] Epoch 17 train batch [1340/1875] loss=0.1169 avg_loss=0.1098
[2026-06-03 07:27:27] Epoch 17 train batch [1360/1875] loss=0.1252 avg_loss=0.1098
[2026-06-03 07:27:28] Epoch 17 train batch [1380/1875] loss=0.0166 avg_loss=0.1097
[2026-06-03 07:27:30] Epoch 17 train batch [1400/1875] loss=0.1763 avg_loss=0.1096
[2026-06-03 07:27:32] Epoch 17 train batch [1420/1875] loss=0.2803 avg_loss=0.1101
[2026-06-03 07:27:34] Epoch 17 train batch [1440/1875] loss=0.1949 avg_loss=0.1104
[2026-06-03 07:27:35] Epoch 17 train batch [1460/1875] loss=0.1338 avg_loss=0.1102
[2026-06-03 07:27:37] Epoch 17 train batch [1480/1875] loss=0.1910 avg_loss=0.1098
[2026-06-03 07:27:39] Epoch 17 train batch [1500/1875] loss=0.0301 avg_loss=0.1099
[2026-06-03 07:27:41] Epoch 17 train batch [1520/1875] loss=0.0000 avg_loss=0.1097
[2026-06-03 07:27:42] Epoch 17 train batch [1540/1875] loss=0.0207 avg_loss=0.1093
[2026-06-03 07:27:44] Epoch 17 train batch [1560/1875] loss=0.0111 avg_loss=0.1094
[2026-06-03 07:27:46] Epoch 17 train batch [1580/1875] loss=0.0792 avg_loss=0.1093
[2026-06-03 07:27:48] Epoch 17 train batch [1600/1875] loss=0.2721 avg_loss=0.1091
[2026-06-03 07:27:49] Epoch 17 train batch [1620/1875] loss=0.1270 avg_loss=0.1090
[2026-06-03 07:27:51] Epoch 17 train batch [1640/1875] loss=0.0576 avg_loss=0.1090
[2026-06-03 07:27:53] Epoch 17 train batch [1660/1875] loss=0.1745 avg_loss=0.1090
[2026-06-03 07:27:55] Epoch 17 train batch [1680/1875] loss=0.1138 avg_loss=0.1088
[2026-06-03 07:27:56] Epoch 17 train batch [1700/1875] loss=0.0556 avg_loss=0.1086
[2026-06-03 07:27:58] Epoch 17 train batch [1720/1875] loss=0.1554 avg_loss=0.1085
[2026-06-03 07:28:00] Epoch 17 train batch [1740/1875] loss=0.0752 avg_loss=0.1085
[2026-06-03 07:28:02] Epoch 17 train batch [1760/1875] loss=0.0075 avg_loss=0.1084
[2026-06-03 07:28:03] Epoch 17 train batch [1780/1875] loss=0.0859 avg_loss=0.1084
[2026-06-03 07:28:05] Epoch 17 train batch [1800/1875] loss=0.1402 avg_loss=0.1083
[2026-06-03 07:28:07] Epoch 17 train batch [1820/1875] loss=0.0765 avg_loss=0.1080
[2026-06-03 07:28:08] Epoch 17 train batch [1840/1875] loss=0.0866 avg_loss=0.1081
[2026-06-03 07:28:10] Epoch 17 train batch [1860/1875] loss=0.1281 avg_loss=0.1080
[2026-06-03 07:28:11] Epoch 17 train batch [1875/1875] loss=0.1901 avg_loss=0.1082
[2026-06-03 07:28:12] Epoch 17 training completed. Computing validation loss.
[2026-06-03 07:28:29] Epoch 17 validation loss completed: 0.1825. Computing detection metrics.
[2026-06-03 07:28:45] Epoch 17 metrics computed. Saving artifacts.
[2026-06-03 07:28:46] Epoch 17 did not improve mAP@0.5 enough. Early stopping counter: 4/7.
Epoch [17/30]
├── Train Loss : 0.1082
│   ├── loss_classifier  : 0.0334
│   ├── loss_box_reg     : 0.0679
│   ├── loss_objectness  : 0.0032
│   └── loss_rpn_box_reg : 0.0037
├── Val Loss   : 0.1825
├── mAP@0.5    : 0.7651
├── mAP@0.75   : 0.4673
├── mAP@0.5:0.95 : 0.4454
├── Precision  : 0.5995
├── Recall     : 0.8318
├── GT Boxes   : 2021
├── Predictions: 2804
├── Per-class AP
│   ├── person  : AP50=0.8288, AP75=0.4626, AP50:95=0.4613, P=0.6324, R=0.8650
│   ├── car     : AP50=0.7347, AP75=0.4259, AP50:95=0.4197, P=0.5171, R=0.8021
│   ├── dog     : AP50=0.8489, AP75=0.6185, AP50:95=0.5411, P=0.7247, R=0.8689
│   ├── cat     : AP50=0.8758, AP75=0.6130, AP50:95=0.5456, P=0.7476, R=0.8920
│   └── chair   : AP50=0.5373, AP75=0.2167, AP50:95=0.2594, P=0.4305, R=0.6702
├── LR         : 0.000100
└── Time       : 196.8s
[2026-06-03 07:28:46] Epoch [17/30] completed.
[2026-06-03 07:28:46] Epoch [18/30] started.
[2026-06-03 07:28:48] Epoch 18 train batch [20/1875] loss=0.2465 avg_loss=0.1367
[2026-06-03 07:28:50] Epoch 18 train batch [40/1875] loss=0.0745 avg_loss=0.1128
[2026-06-03 07:28:51] Epoch 18 train batch [60/1875] loss=0.1117 avg_loss=0.1091
[2026-06-03 07:28:53] Epoch 18 train batch [80/1875] loss=0.2893 avg_loss=0.1063
[2026-06-03 07:28:55] Epoch 18 train batch [100/1875] loss=0.1172 avg_loss=0.1028
[2026-06-03 07:28:56] Epoch 18 train batch [120/1875] loss=0.1044 avg_loss=0.1073
[2026-06-03 07:28:58] Epoch 18 train batch [140/1875] loss=0.0275 avg_loss=0.1081
[2026-06-03 07:29:00] Epoch 18 train batch [160/1875] loss=0.1838 avg_loss=0.1100
[2026-06-03 07:29:02] Epoch 18 train batch [180/1875] loss=0.0600 avg_loss=0.1091
[2026-06-03 07:29:03] Epoch 18 train batch [200/1875] loss=0.0414 avg_loss=0.1097
[2026-06-03 07:29:05] Epoch 18 train batch [220/1875] loss=0.0266 avg_loss=0.1085
[2026-06-03 07:29:07] Epoch 18 train batch [240/1875] loss=0.2971 avg_loss=0.1078
[2026-06-03 07:29:09] Epoch 18 train batch [260/1875] loss=0.0885 avg_loss=0.1091
[2026-06-03 07:29:10] Epoch 18 train batch [280/1875] loss=0.1133 avg_loss=0.1077
[2026-06-03 07:29:12] Epoch 18 train batch [300/1875] loss=0.1966 avg_loss=0.1087
[2026-06-03 07:29:14] Epoch 18 train batch [320/1875] loss=0.1711 avg_loss=0.1109
[2026-06-03 07:29:15] Epoch 18 train batch [340/1875] loss=0.0941 avg_loss=0.1088
[2026-06-03 07:29:17] Epoch 18 train batch [360/1875] loss=0.1244 avg_loss=0.1088
[2026-06-03 07:29:19] Epoch 18 train batch [380/1875] loss=0.0327 avg_loss=0.1089
[2026-06-03 07:29:21] Epoch 18 train batch [400/1875] loss=0.0312 avg_loss=0.1080
[2026-06-03 07:29:22] Epoch 18 train batch [420/1875] loss=0.0665 avg_loss=0.1091
[2026-06-03 07:29:24] Epoch 18 train batch [440/1875] loss=0.0224 avg_loss=0.1082
[2026-06-03 07:29:26] Epoch 18 train batch [460/1875] loss=0.0516 avg_loss=0.1084
[2026-06-03 07:29:27] Epoch 18 train batch [480/1875] loss=0.0542 avg_loss=0.1088
[2026-06-03 07:29:29] Epoch 18 train batch [500/1875] loss=0.0105 avg_loss=0.1088
[2026-06-03 07:29:31] Epoch 18 train batch [520/1875] loss=0.1201 avg_loss=0.1077
[2026-06-03 07:29:33] Epoch 18 train batch [540/1875] loss=0.1800 avg_loss=0.1071
[2026-06-03 07:29:34] Epoch 18 train batch [560/1875] loss=0.0861 avg_loss=0.1065
[2026-06-03 07:29:36] Epoch 18 train batch [580/1875] loss=0.1345 avg_loss=0.1054
[2026-06-03 07:29:38] Epoch 18 train batch [600/1875] loss=0.2094 avg_loss=0.1058
[2026-06-03 07:29:39] Epoch 18 train batch [620/1875] loss=0.0826 avg_loss=0.1058
[2026-06-03 07:29:41] Epoch 18 train batch [640/1875] loss=0.0705 avg_loss=0.1050
[2026-06-03 07:29:43] Epoch 18 train batch [660/1875] loss=0.0566 avg_loss=0.1049
[2026-06-03 07:29:45] Epoch 18 train batch [680/1875] loss=0.0011 avg_loss=0.1053
[2026-06-03 07:29:46] Epoch 18 train batch [700/1875] loss=0.0507 avg_loss=0.1058
[2026-06-03 07:29:48] Epoch 18 train batch [720/1875] loss=0.1631 avg_loss=0.1055
[2026-06-03 07:29:50] Epoch 18 train batch [740/1875] loss=0.0798 avg_loss=0.1061
[2026-06-03 07:29:51] Epoch 18 train batch [760/1875] loss=0.1197 avg_loss=0.1057
[2026-06-03 07:29:53] Epoch 18 train batch [780/1875] loss=0.0423 avg_loss=0.1062
[2026-06-03 07:29:55] Epoch 18 train batch [800/1875] loss=0.0233 avg_loss=0.1061
[2026-06-03 07:29:57] Epoch 18 train batch [820/1875] loss=0.1481 avg_loss=0.1061
[2026-06-03 07:29:59] Epoch 18 train batch [840/1875] loss=0.1900 avg_loss=0.1072
[2026-06-03 07:30:00] Epoch 18 train batch [860/1875] loss=0.2147 avg_loss=0.1074
[2026-06-03 07:30:02] Epoch 18 train batch [880/1875] loss=0.0465 avg_loss=0.1072
[2026-06-03 07:30:04] Epoch 18 train batch [900/1875] loss=0.0460 avg_loss=0.1074
[2026-06-03 07:30:06] Epoch 18 train batch [920/1875] loss=0.0301 avg_loss=0.1079
[2026-06-03 07:30:07] Epoch 18 train batch [940/1875] loss=0.0890 avg_loss=0.1076
[2026-06-03 07:30:09] Epoch 18 train batch [960/1875] loss=0.0262 avg_loss=0.1070
[2026-06-03 07:30:11] Epoch 18 train batch [980/1875] loss=0.0998 avg_loss=0.1065
[2026-06-03 07:30:12] Epoch 18 train batch [1000/1875] loss=0.0539 avg_loss=0.1064
[2026-06-03 07:30:14] Epoch 18 train batch [1020/1875] loss=0.0502 avg_loss=0.1066
[2026-06-03 07:30:16] Epoch 18 train batch [1040/1875] loss=0.2042 avg_loss=0.1064
[2026-06-03 07:30:18] Epoch 18 train batch [1060/1875] loss=0.0667 avg_loss=0.1065
[2026-06-03 07:30:20] Epoch 18 train batch [1080/1875] loss=0.0546 avg_loss=0.1061
[2026-06-03 07:30:21] Epoch 18 train batch [1100/1875] loss=0.0853 avg_loss=0.1062
[2026-06-03 07:30:23] Epoch 18 train batch [1120/1875] loss=0.0131 avg_loss=0.1059
[2026-06-03 07:30:25] Epoch 18 train batch [1140/1875] loss=0.0562 avg_loss=0.1058
[2026-06-03 07:30:26] Epoch 18 train batch [1160/1875] loss=0.1277 avg_loss=0.1058
[2026-06-03 07:30:28] Epoch 18 train batch [1180/1875] loss=0.0892 avg_loss=0.1062
[2026-06-03 07:30:30] Epoch 18 train batch [1200/1875] loss=0.0334 avg_loss=0.1062
[2026-06-03 07:30:32] Epoch 18 train batch [1220/1875] loss=0.0869 avg_loss=0.1061
[2026-06-03 07:30:33] Epoch 18 train batch [1240/1875] loss=0.3309 avg_loss=0.1063
[2026-06-03 07:30:35] Epoch 18 train batch [1260/1875] loss=0.3442 avg_loss=0.1067
[2026-06-03 07:30:37] Epoch 18 train batch [1280/1875] loss=0.1319 avg_loss=0.1066
[2026-06-03 07:30:39] Epoch 18 train batch [1300/1875] loss=0.2531 avg_loss=0.1070
[2026-06-03 07:30:41] Epoch 18 train batch [1320/1875] loss=0.0403 avg_loss=0.1068
[2026-06-03 07:30:42] Epoch 18 train batch [1340/1875] loss=0.0315 avg_loss=0.1070
[2026-06-03 07:30:44] Epoch 18 train batch [1360/1875] loss=0.0663 avg_loss=0.1066
[2026-06-03 07:30:46] Epoch 18 train batch [1380/1875] loss=0.0851 avg_loss=0.1069
[2026-06-03 07:30:47] Epoch 18 train batch [1400/1875] loss=0.1913 avg_loss=0.1068
[2026-06-03 07:30:49] Epoch 18 train batch [1420/1875] loss=0.2216 avg_loss=0.1070
[2026-06-03 07:30:51] Epoch 18 train batch [1440/1875] loss=0.1018 avg_loss=0.1070
[2026-06-03 07:30:52] Epoch 18 train batch [1460/1875] loss=0.0340 avg_loss=0.1067
[2026-06-03 07:30:54] Epoch 18 train batch [1480/1875] loss=0.1103 avg_loss=0.1066
[2026-06-03 07:30:56] Epoch 18 train batch [1500/1875] loss=0.2264 avg_loss=0.1067
[2026-06-03 07:30:58] Epoch 18 train batch [1520/1875] loss=0.1208 avg_loss=0.1064
[2026-06-03 07:30:59] Epoch 18 train batch [1540/1875] loss=0.0681 avg_loss=0.1062
[2026-06-03 07:31:01] Epoch 18 train batch [1560/1875] loss=0.0622 avg_loss=0.1063
[2026-06-03 07:31:03] Epoch 18 train batch [1580/1875] loss=0.0311 avg_loss=0.1062
[2026-06-03 07:31:05] Epoch 18 train batch [1600/1875] loss=0.1668 avg_loss=0.1064
[2026-06-03 07:31:06] Epoch 18 train batch [1620/1875] loss=0.0822 avg_loss=0.1061
[2026-06-03 07:31:08] Epoch 18 train batch [1640/1875] loss=0.0365 avg_loss=0.1059
[2026-06-03 07:31:10] Epoch 18 train batch [1660/1875] loss=0.0757 avg_loss=0.1064
[2026-06-03 07:31:12] Epoch 18 train batch [1680/1875] loss=0.0913 avg_loss=0.1065
[2026-06-03 07:31:13] Epoch 18 train batch [1700/1875] loss=0.1274 avg_loss=0.1068
[2026-06-03 07:31:15] Epoch 18 train batch [1720/1875] loss=0.2121 avg_loss=0.1070
[2026-06-03 07:31:17] Epoch 18 train batch [1740/1875] loss=0.1369 avg_loss=0.1070
[2026-06-03 07:31:19] Epoch 18 train batch [1760/1875] loss=0.0883 avg_loss=0.1071
[2026-06-03 07:31:20] Epoch 18 train batch [1780/1875] loss=0.1131 avg_loss=0.1069
[2026-06-03 07:31:22] Epoch 18 train batch [1800/1875] loss=0.0789 avg_loss=0.1067
[2026-06-03 07:31:24] Epoch 18 train batch [1820/1875] loss=0.1422 avg_loss=0.1069
[2026-06-03 07:31:26] Epoch 18 train batch [1840/1875] loss=0.0727 avg_loss=0.1066
[2026-06-03 07:31:27] Epoch 18 train batch [1860/1875] loss=0.0540 avg_loss=0.1067
[2026-06-03 07:31:29] Epoch 18 train batch [1875/1875] loss=0.1084 avg_loss=0.1065
[2026-06-03 07:31:29] Epoch 18 training completed. Computing validation loss.
[2026-06-03 07:31:46] Epoch 18 validation loss completed: 0.1848. Computing detection metrics.
[2026-06-03 07:32:02] Epoch 18 metrics computed. Saving artifacts.
[2026-06-03 07:32:03] Epoch 18 did not improve mAP@0.5 enough. Early stopping counter: 5/7.
Epoch [18/30]
├── Train Loss : 0.1065
│   ├── loss_classifier  : 0.0329
│   ├── loss_box_reg     : 0.0668
│   ├── loss_objectness  : 0.0031
│   └── loss_rpn_box_reg : 0.0037
├── Val Loss   : 0.1848
├── mAP@0.5    : 0.7693
├── mAP@0.75   : 0.4706
├── mAP@0.5:0.95 : 0.4478
├── Precision  : 0.6357
├── Recall     : 0.8323
├── GT Boxes   : 2021
├── Predictions: 2646
├── Per-class AP
│   ├── person  : AP50=0.8290, AP75=0.4602, AP50:95=0.4619, P=0.6624, R=0.8641
│   ├── car     : AP50=0.7454, AP75=0.4368, AP50:95=0.4271, P=0.5917, R=0.8092
│   ├── dog     : AP50=0.8462, AP75=0.6441, AP50:95=0.5543, P=0.7206, R=0.8641
│   ├── cat     : AP50=0.8846, AP75=0.6011, AP50:95=0.5411, P=0.7745, R=0.8977
│   └── chair   : AP50=0.5413, AP75=0.2110, AP50:95=0.2545, P=0.4644, R=0.6702
├── LR         : 0.000100
└── Time       : 196.5s
[2026-06-03 07:32:03] Epoch [18/30] completed.
[2026-06-03 07:32:03] Epoch [19/30] started.
[2026-06-03 07:32:05] Epoch 19 train batch [20/1875] loss=0.1279 avg_loss=0.1003
[2026-06-03 07:32:07] Epoch 19 train batch [40/1875] loss=0.0175 avg_loss=0.1010
[2026-06-03 07:32:08] Epoch 19 train batch [60/1875] loss=0.1342 avg_loss=0.0942
[2026-06-03 07:32:10] Epoch 19 train batch [80/1875] loss=0.0558 avg_loss=0.0948
[2026-06-03 07:32:12] Epoch 19 train batch [100/1875] loss=0.1961 avg_loss=0.0984
[2026-06-03 07:32:14] Epoch 19 train batch [120/1875] loss=0.0578 avg_loss=0.0961
[2026-06-03 07:32:16] Epoch 19 train batch [140/1875] loss=0.0297 avg_loss=0.0957
[2026-06-03 07:32:17] Epoch 19 train batch [160/1875] loss=0.2011 avg_loss=0.0977
[2026-06-03 07:32:19] Epoch 19 train batch [180/1875] loss=0.0315 avg_loss=0.1000
[2026-06-03 07:32:21] Epoch 19 train batch [200/1875] loss=0.2488 avg_loss=0.1032
[2026-06-03 07:32:22] Epoch 19 train batch [220/1875] loss=0.1232 avg_loss=0.1031
[2026-06-03 07:32:24] Epoch 19 train batch [240/1875] loss=0.0433 avg_loss=0.1052
[2026-06-03 07:32:26] Epoch 19 train batch [260/1875] loss=0.0263 avg_loss=0.1087
[2026-06-03 07:32:28] Epoch 19 train batch [280/1875] loss=0.0452 avg_loss=0.1101
[2026-06-03 07:32:29] Epoch 19 train batch [300/1875] loss=0.0906 avg_loss=0.1081
[2026-06-03 07:32:31] Epoch 19 train batch [320/1875] loss=0.1560 avg_loss=0.1075
[2026-06-03 07:32:33] Epoch 19 train batch [340/1875] loss=0.0427 avg_loss=0.1076
[2026-06-03 07:32:35] Epoch 19 train batch [360/1875] loss=0.0862 avg_loss=0.1077
[2026-06-03 07:32:36] Epoch 19 train batch [380/1875] loss=0.0887 avg_loss=0.1065
[2026-06-03 07:32:38] Epoch 19 train batch [400/1875] loss=0.0697 avg_loss=0.1062
[2026-06-03 07:32:40] Epoch 19 train batch [420/1875] loss=0.1607 avg_loss=0.1065
[2026-06-03 07:32:42] Epoch 19 train batch [440/1875] loss=0.0697 avg_loss=0.1059
[2026-06-03 07:32:43] Epoch 19 train batch [460/1875] loss=0.0558 avg_loss=0.1050
[2026-06-03 07:32:45] Epoch 19 train batch [480/1875] loss=0.0260 avg_loss=0.1044
[2026-06-03 07:32:47] Epoch 19 train batch [500/1875] loss=0.1028 avg_loss=0.1046
[2026-06-03 07:32:49] Epoch 19 train batch [520/1875] loss=0.1077 avg_loss=0.1043
[2026-06-03 07:32:50] Epoch 19 train batch [540/1875] loss=0.0362 avg_loss=0.1041
[2026-06-03 07:32:52] Epoch 19 train batch [560/1875] loss=0.0947 avg_loss=0.1043
[2026-06-03 07:32:54] Epoch 19 train batch [580/1875] loss=0.0469 avg_loss=0.1043
[2026-06-03 07:32:56] Epoch 19 train batch [600/1875] loss=0.0863 avg_loss=0.1050
[2026-06-03 07:32:57] Epoch 19 train batch [620/1875] loss=0.1063 avg_loss=0.1057
[2026-06-03 07:32:59] Epoch 19 train batch [640/1875] loss=0.0469 avg_loss=0.1065
[2026-06-03 07:33:01] Epoch 19 train batch [660/1875] loss=0.0306 avg_loss=0.1064
[2026-06-03 07:33:02] Epoch 19 train batch [680/1875] loss=0.1073 avg_loss=0.1070
[2026-06-03 07:33:04] Epoch 19 train batch [700/1875] loss=0.1936 avg_loss=0.1071
[2026-06-03 07:33:06] Epoch 19 train batch [720/1875] loss=0.0524 avg_loss=0.1062
[2026-06-03 07:33:08] Epoch 19 train batch [740/1875] loss=0.0910 avg_loss=0.1059
[2026-06-03 07:33:09] Epoch 19 train batch [760/1875] loss=0.0422 avg_loss=0.1054
[2026-06-03 07:33:11] Epoch 19 train batch [780/1875] loss=0.1164 avg_loss=0.1055
[2026-06-03 07:33:13] Epoch 19 train batch [800/1875] loss=0.0279 avg_loss=0.1055
[2026-06-03 07:33:14] Epoch 19 train batch [820/1875] loss=0.1559 avg_loss=0.1049
[2026-06-03 07:33:16] Epoch 19 train batch [840/1875] loss=0.0324 avg_loss=0.1052
[2026-06-03 07:33:18] Epoch 19 train batch [860/1875] loss=0.0151 avg_loss=0.1049
[2026-06-03 07:33:20] Epoch 19 train batch [880/1875] loss=0.0268 avg_loss=0.1048
[2026-06-03 07:33:21] Epoch 19 train batch [900/1875] loss=0.0885 avg_loss=0.1055
[2026-06-03 07:33:23] Epoch 19 train batch [920/1875] loss=0.0588 avg_loss=0.1052
[2026-06-03 07:33:25] Epoch 19 train batch [940/1875] loss=0.0870 avg_loss=0.1052
[2026-06-03 07:33:27] Epoch 19 train batch [960/1875] loss=0.0344 avg_loss=0.1046
[2026-06-03 07:33:28] Epoch 19 train batch [980/1875] loss=0.0699 avg_loss=0.1043
[2026-06-03 07:33:30] Epoch 19 train batch [1000/1875] loss=0.1697 avg_loss=0.1041
[2026-06-03 07:33:32] Epoch 19 train batch [1020/1875] loss=0.0054 avg_loss=0.1044
[2026-06-03 07:33:34] Epoch 19 train batch [1040/1875] loss=0.0655 avg_loss=0.1044
[2026-06-03 07:33:35] Epoch 19 train batch [1060/1875] loss=0.1236 avg_loss=0.1046
[2026-06-03 07:33:37] Epoch 19 train batch [1080/1875] loss=0.0732 avg_loss=0.1051
[2026-06-03 07:33:39] Epoch 19 train batch [1100/1875] loss=0.0372 avg_loss=0.1049
[2026-06-03 07:33:40] Epoch 19 train batch [1120/1875] loss=0.0916 avg_loss=0.1049
[2026-06-03 07:33:42] Epoch 19 train batch [1140/1875] loss=0.0858 avg_loss=0.1049
[2026-06-03 07:33:44] Epoch 19 train batch [1160/1875] loss=0.1891 avg_loss=0.1051
[2026-06-03 07:33:46] Epoch 19 train batch [1180/1875] loss=0.0767 avg_loss=0.1049
[2026-06-03 07:33:48] Epoch 19 train batch [1200/1875] loss=0.0174 avg_loss=0.1044
[2026-06-03 07:33:49] Epoch 19 train batch [1220/1875] loss=0.0396 avg_loss=0.1043
[2026-06-03 07:33:51] Epoch 19 train batch [1240/1875] loss=0.0880 avg_loss=0.1041
[2026-06-03 07:33:53] Epoch 19 train batch [1260/1875] loss=0.1029 avg_loss=0.1041
[2026-06-03 07:33:55] Epoch 19 train batch [1280/1875] loss=0.0302 avg_loss=0.1045
[2026-06-03 07:33:56] Epoch 19 train batch [1300/1875] loss=0.1817 avg_loss=0.1045
[2026-06-03 07:33:58] Epoch 19 train batch [1320/1875] loss=0.0765 avg_loss=0.1045
[2026-06-03 07:34:00] Epoch 19 train batch [1340/1875] loss=0.1364 avg_loss=0.1048
[2026-06-03 07:34:01] Epoch 19 train batch [1360/1875] loss=0.1378 avg_loss=0.1049
[2026-06-03 07:34:03] Epoch 19 train batch [1380/1875] loss=0.0286 avg_loss=0.1050
[2026-06-03 07:34:05] Epoch 19 train batch [1400/1875] loss=0.0390 avg_loss=0.1049
[2026-06-03 07:34:07] Epoch 19 train batch [1420/1875] loss=0.0829 avg_loss=0.1049
[2026-06-03 07:34:08] Epoch 19 train batch [1440/1875] loss=0.1193 avg_loss=0.1045
[2026-06-03 07:34:10] Epoch 19 train batch [1460/1875] loss=0.0124 avg_loss=0.1049
[2026-06-03 07:34:12] Epoch 19 train batch [1480/1875] loss=0.0713 avg_loss=0.1052
[2026-06-03 07:34:14] Epoch 19 train batch [1500/1875] loss=0.0834 avg_loss=0.1055
[2026-06-03 07:34:15] Epoch 19 train batch [1520/1875] loss=0.1904 avg_loss=0.1059
[2026-06-03 07:34:17] Epoch 19 train batch [1540/1875] loss=0.2952 avg_loss=0.1059
[2026-06-03 07:34:19] Epoch 19 train batch [1560/1875] loss=0.2459 avg_loss=0.1059
[2026-06-03 07:34:20] Epoch 19 train batch [1580/1875] loss=0.1334 avg_loss=0.1061
[2026-06-03 07:34:22] Epoch 19 train batch [1600/1875] loss=0.1009 avg_loss=0.1060
[2026-06-03 07:34:24] Epoch 19 train batch [1620/1875] loss=0.1576 avg_loss=0.1060
[2026-06-03 07:34:26] Epoch 19 train batch [1640/1875] loss=0.0731 avg_loss=0.1059
[2026-06-03 07:34:27] Epoch 19 train batch [1660/1875] loss=0.0687 avg_loss=0.1057
[2026-06-03 07:34:29] Epoch 19 train batch [1680/1875] loss=0.1776 avg_loss=0.1057
[2026-06-03 07:34:31] Epoch 19 train batch [1700/1875] loss=0.1121 avg_loss=0.1058
[2026-06-03 07:34:33] Epoch 19 train batch [1720/1875] loss=0.0379 avg_loss=0.1058
[2026-06-03 07:34:34] Epoch 19 train batch [1740/1875] loss=0.1397 avg_loss=0.1058
[2026-06-03 07:34:36] Epoch 19 train batch [1760/1875] loss=0.0974 avg_loss=0.1056
[2026-06-03 07:34:38] Epoch 19 train batch [1780/1875] loss=0.2087 avg_loss=0.1057
[2026-06-03 07:34:40] Epoch 19 train batch [1800/1875] loss=0.1382 avg_loss=0.1057
[2026-06-03 07:34:41] Epoch 19 train batch [1820/1875] loss=0.0096 avg_loss=0.1056
[2026-06-03 07:34:43] Epoch 19 train batch [1840/1875] loss=0.0375 avg_loss=0.1056
[2026-06-03 07:34:45] Epoch 19 train batch [1860/1875] loss=0.1253 avg_loss=0.1053
[2026-06-03 07:34:46] Epoch 19 train batch [1875/1875] loss=0.0653 avg_loss=0.1053
[2026-06-03 07:34:46] Epoch 19 training completed. Computing validation loss.
[2026-06-03 07:35:03] Epoch 19 validation loss completed: 0.1841. Computing detection metrics.
[2026-06-03 07:35:20] Epoch 19 metrics computed. Saving artifacts.
[2026-06-03 07:35:21] Epoch 19 did not improve mAP@0.5 enough. Early stopping counter: 6/7.
Epoch [19/30]
├── Train Loss : 0.1053
│   ├── loss_classifier  : 0.0326
│   ├── loss_box_reg     : 0.0660
│   ├── loss_objectness  : 0.0031
│   └── loss_rpn_box_reg : 0.0036
├── Val Loss   : 0.1841
├── mAP@0.5    : 0.7671
├── mAP@0.75   : 0.4656
├── mAP@0.5:0.95 : 0.4463
├── Precision  : 0.6149
├── Recall     : 0.8318
├── GT Boxes   : 2021
├── Predictions: 2734
├── Per-class AP
│   ├── person  : AP50=0.8235, AP75=0.4589, AP50:95=0.4586, P=0.6574, R=0.8594
│   ├── car     : AP50=0.7478, AP75=0.4319, AP50:95=0.4297, P=0.5505, R=0.8092
│   ├── dog     : AP50=0.8431, AP75=0.6361, AP50:95=0.5453, P=0.7177, R=0.8641
│   ├── cat     : AP50=0.8745, AP75=0.5885, AP50:95=0.5355, P=0.7761, R=0.8864
│   └── chair   : AP50=0.5463, AP75=0.2127, AP50:95=0.2624, P=0.4194, R=0.6915
├── LR         : 0.000100
└── Time       : 196.8s
[2026-06-03 07:35:21] Epoch [19/30] completed.
[2026-06-03 07:35:21] Epoch [20/30] started.
[2026-06-03 07:35:23] Epoch 20 train batch [20/1875] loss=0.0908 avg_loss=0.1023
[2026-06-03 07:35:24] Epoch 20 train batch [40/1875] loss=0.0673 avg_loss=0.0976
[2026-06-03 07:35:26] Epoch 20 train batch [60/1875] loss=0.0454 avg_loss=0.1055
[2026-06-03 07:35:28] Epoch 20 train batch [80/1875] loss=0.0270 avg_loss=0.1034
[2026-06-03 07:35:29] Epoch 20 train batch [100/1875] loss=0.1433 avg_loss=0.1054
[2026-06-03 07:35:31] Epoch 20 train batch [120/1875] loss=0.1837 avg_loss=0.1038
[2026-06-03 07:35:33] Epoch 20 train batch [140/1875] loss=0.0237 avg_loss=0.1005
[2026-06-03 07:35:35] Epoch 20 train batch [160/1875] loss=0.1306 avg_loss=0.0997
[2026-06-03 07:35:36] Epoch 20 train batch [180/1875] loss=0.0517 avg_loss=0.0967
[2026-06-03 07:35:38] Epoch 20 train batch [200/1875] loss=0.1096 avg_loss=0.0964
[2026-06-03 07:35:40] Epoch 20 train batch [220/1875] loss=0.0866 avg_loss=0.0960
[2026-06-03 07:35:42] Epoch 20 train batch [240/1875] loss=0.1383 avg_loss=0.0968
[2026-06-03 07:35:44] Epoch 20 train batch [260/1875] loss=0.1981 avg_loss=0.0971
[2026-06-03 07:35:45] Epoch 20 train batch [280/1875] loss=0.1128 avg_loss=0.0983
[2026-06-03 07:35:47] Epoch 20 train batch [300/1875] loss=0.1160 avg_loss=0.0984
[2026-06-03 07:35:49] Epoch 20 train batch [320/1875] loss=0.0546 avg_loss=0.0995
[2026-06-03 07:35:50] Epoch 20 train batch [340/1875] loss=0.0145 avg_loss=0.0988
[2026-06-03 07:35:52] Epoch 20 train batch [360/1875] loss=0.0597 avg_loss=0.0979
[2026-06-03 07:35:54] Epoch 20 train batch [380/1875] loss=0.0855 avg_loss=0.0974
[2026-06-03 07:35:56] Epoch 20 train batch [400/1875] loss=0.1672 avg_loss=0.0994
[2026-06-03 07:35:58] Epoch 20 train batch [420/1875] loss=0.0359 avg_loss=0.1005
[2026-06-03 07:35:59] Epoch 20 train batch [440/1875] loss=0.1021 avg_loss=0.1023
[2026-06-03 07:36:01] Epoch 20 train batch [460/1875] loss=0.0531 avg_loss=0.1023
[2026-06-03 07:36:03] Epoch 20 train batch [480/1875] loss=0.0389 avg_loss=0.1014
[2026-06-03 07:36:04] Epoch 20 train batch [500/1875] loss=0.1410 avg_loss=0.1022
[2026-06-03 07:36:06] Epoch 20 train batch [520/1875] loss=0.1510 avg_loss=0.1028
[2026-06-03 07:36:08] Epoch 20 train batch [540/1875] loss=0.0378 avg_loss=0.1023
[2026-06-03 07:36:10] Epoch 20 train batch [560/1875] loss=0.1089 avg_loss=0.1026
[2026-06-03 07:36:11] Epoch 20 train batch [580/1875] loss=0.1733 avg_loss=0.1033
[2026-06-03 07:36:13] Epoch 20 train batch [600/1875] loss=0.1686 avg_loss=0.1028
[2026-06-03 07:36:15] Epoch 20 train batch [620/1875] loss=0.0615 avg_loss=0.1018
[2026-06-03 07:36:17] Epoch 20 train batch [640/1875] loss=0.0979 avg_loss=0.1018
[2026-06-03 07:36:18] Epoch 20 train batch [660/1875] loss=0.1937 avg_loss=0.1013
[2026-06-03 07:36:20] Epoch 20 train batch [680/1875] loss=0.0793 avg_loss=0.1014
[2026-06-03 07:36:22] Epoch 20 train batch [700/1875] loss=0.2114 avg_loss=0.1016
[2026-06-03 07:36:24] Epoch 20 train batch [720/1875] loss=0.1960 avg_loss=0.1014
[2026-06-03 07:36:25] Epoch 20 train batch [740/1875] loss=0.1090 avg_loss=0.1013
[2026-06-03 07:36:27] Epoch 20 train batch [760/1875] loss=0.1756 avg_loss=0.1022
[2026-06-03 07:36:29] Epoch 20 train batch [780/1875] loss=0.0699 avg_loss=0.1024
[2026-06-03 07:36:31] Epoch 20 train batch [800/1875] loss=0.0357 avg_loss=0.1021
[2026-06-03 07:36:32] Epoch 20 train batch [820/1875] loss=0.0700 avg_loss=0.1025
[2026-06-03 07:36:34] Epoch 20 train batch [840/1875] loss=0.0993 avg_loss=0.1027
[2026-06-03 07:36:36] Epoch 20 train batch [860/1875] loss=0.2129 avg_loss=0.1030
[2026-06-03 07:36:38] Epoch 20 train batch [880/1875] loss=0.0713 avg_loss=0.1023
[2026-06-03 07:36:39] Epoch 20 train batch [900/1875] loss=0.0651 avg_loss=0.1021
[2026-06-03 07:36:41] Epoch 20 train batch [920/1875] loss=0.1629 avg_loss=0.1023
[2026-06-03 07:36:43] Epoch 20 train batch [940/1875] loss=0.0541 avg_loss=0.1019
[2026-06-03 07:36:45] Epoch 20 train batch [960/1875] loss=0.0663 avg_loss=0.1017
[2026-06-03 07:36:46] Epoch 20 train batch [980/1875] loss=0.0397 avg_loss=0.1019
[2026-06-03 07:36:48] Epoch 20 train batch [1000/1875] loss=0.0816 avg_loss=0.1025
[2026-06-03 07:36:50] Epoch 20 train batch [1020/1875] loss=0.0814 avg_loss=0.1024
[2026-06-03 07:36:52] Epoch 20 train batch [1040/1875] loss=0.0808 avg_loss=0.1027
[2026-06-03 07:36:53] Epoch 20 train batch [1060/1875] loss=0.0588 avg_loss=0.1027
[2026-06-03 07:36:55] Epoch 20 train batch [1080/1875] loss=0.0409 avg_loss=0.1032
[2026-06-03 07:36:57] Epoch 20 train batch [1100/1875] loss=0.0247 avg_loss=0.1034
[2026-06-03 07:36:59] Epoch 20 train batch [1120/1875] loss=0.2211 avg_loss=0.1035
[2026-06-03 07:37:00] Epoch 20 train batch [1140/1875] loss=0.0006 avg_loss=0.1034
[2026-06-03 07:37:02] Epoch 20 train batch [1160/1875] loss=0.0340 avg_loss=0.1033
[2026-06-03 07:37:04] Epoch 20 train batch [1180/1875] loss=0.1022 avg_loss=0.1029
[2026-06-03 07:37:05] Epoch 20 train batch [1200/1875] loss=0.0624 avg_loss=0.1026
[2026-06-03 07:37:07] Epoch 20 train batch [1220/1875] loss=0.1107 avg_loss=0.1026
[2026-06-03 07:37:09] Epoch 20 train batch [1240/1875] loss=0.0784 avg_loss=0.1020
[2026-06-03 07:37:11] Epoch 20 train batch [1260/1875] loss=0.0982 avg_loss=0.1019
[2026-06-03 07:37:12] Epoch 20 train batch [1280/1875] loss=0.0838 avg_loss=0.1019
[2026-06-03 07:37:14] Epoch 20 train batch [1300/1875] loss=0.1831 avg_loss=0.1020
[2026-06-03 07:37:16] Epoch 20 train batch [1320/1875] loss=0.0808 avg_loss=0.1023
[2026-06-03 07:37:18] Epoch 20 train batch [1340/1875] loss=0.0156 avg_loss=0.1027
[2026-06-03 07:37:19] Epoch 20 train batch [1360/1875] loss=0.0776 avg_loss=0.1032
[2026-06-03 07:37:21] Epoch 20 train batch [1380/1875] loss=0.0145 avg_loss=0.1035
[2026-06-03 07:37:23] Epoch 20 train batch [1400/1875] loss=0.1731 avg_loss=0.1037
[2026-06-03 07:37:25] Epoch 20 train batch [1420/1875] loss=0.0523 avg_loss=0.1037
[2026-06-03 07:37:26] Epoch 20 train batch [1440/1875] loss=0.0941 avg_loss=0.1038
[2026-06-03 07:37:28] Epoch 20 train batch [1460/1875] loss=0.0552 avg_loss=0.1039
[2026-06-03 07:37:30] Epoch 20 train batch [1480/1875] loss=0.0008 avg_loss=0.1036
[2026-06-03 07:37:32] Epoch 20 train batch [1500/1875] loss=0.0580 avg_loss=0.1035
[2026-06-03 07:37:33] Epoch 20 train batch [1520/1875] loss=0.1278 avg_loss=0.1033
[2026-06-03 07:37:35] Epoch 20 train batch [1540/1875] loss=0.0778 avg_loss=0.1036
[2026-06-03 07:37:37] Epoch 20 train batch [1560/1875] loss=0.2926 avg_loss=0.1034
[2026-06-03 07:37:39] Epoch 20 train batch [1580/1875] loss=0.0857 avg_loss=0.1036
[2026-06-03 07:37:40] Epoch 20 train batch [1600/1875] loss=0.1280 avg_loss=0.1038
[2026-06-03 07:37:42] Epoch 20 train batch [1620/1875] loss=0.0986 avg_loss=0.1035
[2026-06-03 07:37:44] Epoch 20 train batch [1640/1875] loss=0.1260 avg_loss=0.1036
[2026-06-03 07:37:45] Epoch 20 train batch [1660/1875] loss=0.0494 avg_loss=0.1041
[2026-06-03 07:37:47] Epoch 20 train batch [1680/1875] loss=0.2901 avg_loss=0.1041
[2026-06-03 07:37:49] Epoch 20 train batch [1700/1875] loss=0.2301 avg_loss=0.1042
[2026-06-03 07:37:51] Epoch 20 train batch [1720/1875] loss=0.0216 avg_loss=0.1042
[2026-06-03 07:37:52] Epoch 20 train batch [1740/1875] loss=0.1236 avg_loss=0.1043
[2026-06-03 07:37:54] Epoch 20 train batch [1760/1875] loss=0.0957 avg_loss=0.1045
[2026-06-03 07:37:56] Epoch 20 train batch [1780/1875] loss=0.0350 avg_loss=0.1044
[2026-06-03 07:37:57] Epoch 20 train batch [1800/1875] loss=0.2093 avg_loss=0.1043
[2026-06-03 07:37:59] Epoch 20 train batch [1820/1875] loss=0.1793 avg_loss=0.1045
[2026-06-03 07:38:01] Epoch 20 train batch [1840/1875] loss=0.0657 avg_loss=0.1042
[2026-06-03 07:38:03] Epoch 20 train batch [1860/1875] loss=0.1126 avg_loss=0.1042
[2026-06-03 07:38:04] Epoch 20 train batch [1875/1875] loss=0.0493 avg_loss=0.1042
[2026-06-03 07:38:04] Epoch 20 training completed. Computing validation loss.
[2026-06-03 07:38:21] Epoch 20 validation loss completed: 0.1834. Computing detection metrics.
[2026-06-03 07:38:38] Epoch 20 metrics computed. Saving artifacts.
[2026-06-03 07:38:38] Epoch 20 did not improve mAP@0.5 enough. Early stopping counter: 7/7.
Epoch [20/30]
├── Train Loss : 0.1042
│   ├── loss_classifier  : 0.0321
│   ├── loss_box_reg     : 0.0654
│   ├── loss_objectness  : 0.0030
│   └── loss_rpn_box_reg : 0.0036
├── Val Loss   : 0.1834
├── mAP@0.5    : 0.7701
├── mAP@0.75   : 0.4658
├── mAP@0.5:0.95 : 0.4481
├── Precision  : 0.6222
├── Recall     : 0.8362
├── GT Boxes   : 2021
├── Predictions: 2716
├── Per-class AP
│   ├── person  : AP50=0.8328, AP75=0.4562, AP50:95=0.4625, P=0.6636, R=0.8706
│   ├── car     : AP50=0.7402, AP75=0.4451, AP50:95=0.4302, P=0.5732, R=0.8021
│   ├── dog     : AP50=0.8496, AP75=0.6300, AP50:95=0.5514, P=0.7458, R=0.8689
│   ├── cat     : AP50=0.8727, AP75=0.5805, AP50:95=0.5295, P=0.7800, R=0.8864
│   └── chair   : AP50=0.5552, AP75=0.2169, AP50:95=0.2669, P=0.4098, R=0.6844
├── LR         : 0.000100
└── Time       : 197.2s
[2026-06-03 07:38:38] Epoch [20/30] completed.
[2026-06-03 07:38:38] Early stopping triggered at epoch 20. Best mAP@0.5=0.7692.
[2026-06-03 07:38:41] Training session completed.
