========== Training Session ==========
Started: 20260611-131144
Run name: retina-00_no_augment
Device: cuda:0
CUDA: NVIDIA GeForce RTX 4090 (47.38 GB)
Torch: 2.7.1+cu126
Classes: person, car, dog, cat, chair
Train dataset: 7500 images, 10642 boxes, 2500 empty images
Val dataset: 1500 images, 2021 boxes, 500 empty images
Train class counts: {'dog': 1028, 'person': 5829, 'chair': 1613, 'cat': 833, 'car': 1339}
Val class counts: {'dog': 206, 'chair': 282, 'person': 1074, 'car': 283, 'cat': 176}
Resume: disabled
Sampling: disabled
Model: retina resnet50 (31,409,947/31,635,291 trainable/total params)
Hyperparameters
├── Training
│   ├── epochs             : 50
│   ├── batch_size         : 4
│   ├── num_workers        : 4
│   ├── augmentation       : False
│   ├── flip_probability   : 0.0
│   ├── color_probability  : 0.0
│   ├── grayscale_prob     : 0.0
│   ├── scale_jitter_prob  : 0.0
│   ├── scale_jitter_range : [0.9, 1.15]
│   ├── safe_crop_prob     : 0.0
│   ├── safe_crop_scale    : 0.75
│   ├── safe_crop_visible  : 0.5
│   ├── blur_probability   : 0.0
│   ├── blur_kernel_size   : 5
│   ├── noise_probability  : 0.0
│   ├── noise_std          : 0.02
│   ├── sampler_strategy   : none
│   ├── small_object_boost : 1.5
│   ├── empty_image_weight : 0.5
│   ├── oversample_class   : disabled
│   └── oversample_factor  : 1.0
├── Optimizer
│   ├── lr                 : 0.001
│   ├── momentum           : 0.9
│   ├── weight_decay       : 0.0005
│   └── grad_clip_norm     : 10.0
├── LR Scheduler
│   ├── type               : plateau
│   ├── milestones         : [15, 25]
│   ├── gamma              : 0.1
│   ├── min_lr             : 1e-05
│   ├── plateau_patience   : 3
│   └── plateau_factor     : 0.5
├── Model
│   ├── implementation     : retina
│   ├── backbone           : resnet50
│   ├── trainable_layers   : 3
│   ├── pretrained_backbone: True
│   ├── roi_dropout        : 0.2
│   ├── retina_topk       : 1000
│   ├── retina_max_det    : 300
│   ├── yolo_topk         : 1000
│   ├── yolo_max_det      : 300
│   ├── min_size           : 640
│   ├── max_size           : 960
│   ├── anchor_sizes       : model_default
│   ├── anchor_ratios      : model_default
│   ├── train_pre_nms_top_n : 2000
│   ├── train_post_nms_top_n: 2000
│   ├── test_pre_nms_top_n  : 1000
│   ├── test_post_nms_top_n : 1000
│   └── fixed_batch_shape   : False
├── Validation
│   ├── score_threshold    : 0.05
│   ├── eval_max_images    : all
│   └── full_coco_interval : disabled
├── Early Stopping
│   ├── enabled            : True
│   ├── patience           : 10
│   └── min_delta          : 0.001
└── Logging
    ├── log_interval       : 20
    ├── empty_cache_interval: disabled
    └── use_wandb          : True
Saved results dir: saved_results/augmentation_ablation/retina/retina-00_no_augment
Checkpoint dir: saved_results/augmentation_ablation/retina/retina-00_no_augment/checkpoints
Best checkpoint: saved_results/augmentation_ablation/retina/retina-00_no_augment/checkpoints/best_model-20260611-131144.pth
Last checkpoint: saved_results/augmentation_ablation/retina/retina-00_no_augment/checkpoints/last_model-20260611-131144.pth
Log dir: saved_results/augmentation_ablation/retina/retina-00_no_augment/logs
=====================================
[2026-06-11 13:11:45] Training session initialized.
[2026-06-11 13:11:46] Epoch [01/50] started. Resources: rss=782.0MB, peak_rss=829.1MB, cuda_alloc=120.9MB, cuda_reserved=140.0MB, cuda_peak_alloc=120.9MB, cuda_free=47901.8MB, cuda_total=48519.1MB
[2026-06-11 13:11:53] Epoch 01 train batch [20/1875] loss=1.8658 avg_loss=1.7643. Resources: rss=1769.3MB, peak_rss=1769.3MB, cuda_alloc=360.6MB, cuda_reserved=27636.0MB, cuda_peak_alloc=7062.1MB, cuda_free=20333.8MB, cuda_total=48519.1MB
[2026-06-11 13:11:57] Epoch 01 train batch [40/1875] loss=1.8947 avg_loss=1.7512. Resources: rss=1779.8MB, peak_rss=1780.1MB, cuda_alloc=360.6MB, cuda_reserved=40356.0MB, cuda_peak_alloc=7062.1MB, cuda_free=7611.8MB, cuda_total=48519.1MB
[2026-06-11 13:12:01] Epoch 01 train batch [60/1875] loss=1.6789 avg_loss=1.7360. Resources: rss=1784.7MB, peak_rss=1785.7MB, cuda_alloc=360.6MB, cuda_reserved=43936.0MB, cuda_peak_alloc=7062.1MB, cuda_free=4031.8MB, cuda_total=48519.1MB
[2026-06-11 13:12:08] Epoch 01 train batch [80/1875] loss=1.5780 avg_loss=1.7232. Resources: rss=1789.0MB, peak_rss=1789.0MB, cuda_alloc=360.6MB, cuda_reserved=23356.0MB, cuda_peak_alloc=7062.6MB, cuda_free=24611.8MB, cuda_total=48519.1MB
========== Training Session ==========
Started: 20260611-131215
Run name: retina-00_no_augment
Device: cuda:0
CUDA: NVIDIA GeForce RTX 4090 (47.38 GB)
Torch: 2.7.1+cu126
Classes: person, car, dog, cat, chair
Train dataset: 7500 images, 10642 boxes, 2500 empty images
Val dataset: 1500 images, 2021 boxes, 500 empty images
Train class counts: {'dog': 1028, 'person': 5829, 'chair': 1613, 'cat': 833, 'car': 1339}
Val class counts: {'dog': 206, 'chair': 282, 'person': 1074, 'car': 283, 'cat': 176}
Resume: disabled
Sampling: disabled
Model: retina resnet50 (31,409,947/31,635,291 trainable/total params)
Hyperparameters
├── Training
│   ├── epochs             : 50
│   ├── batch_size         : 4
│   ├── num_workers        : 4
│   ├── augmentation       : False
│   ├── flip_probability   : 0.0
│   ├── color_probability  : 0.0
│   ├── grayscale_prob     : 0.0
│   ├── scale_jitter_prob  : 0.0
│   ├── scale_jitter_range : [0.9, 1.15]
│   ├── safe_crop_prob     : 0.0
│   ├── safe_crop_scale    : 0.75
│   ├── safe_crop_visible  : 0.5
│   ├── blur_probability   : 0.0
│   ├── blur_kernel_size   : 5
│   ├── noise_probability  : 0.0
│   ├── noise_std          : 0.02
│   ├── sampler_strategy   : none
│   ├── small_object_boost : 1.5
│   ├── empty_image_weight : 0.5
│   ├── oversample_class   : disabled
│   └── oversample_factor  : 1.0
├── Optimizer
│   ├── lr                 : 0.001
│   ├── momentum           : 0.9
│   ├── weight_decay       : 0.0005
│   └── grad_clip_norm     : 10.0
├── LR Scheduler
│   ├── type               : cosine
│   ├── milestones         : [15, 25]
│   ├── gamma              : 0.1
│   ├── min_lr             : 1e-05
│   ├── plateau_patience   : 3
│   └── plateau_factor     : 0.5
├── Model
│   ├── implementation     : retina
│   ├── backbone           : resnet50
│   ├── trainable_layers   : 3
│   ├── pretrained_backbone: True
│   ├── roi_dropout        : 0.2
│   ├── retina_topk       : 1000
│   ├── retina_max_det    : 300
│   ├── yolo_topk         : 1000
│   ├── yolo_max_det      : 300
│   ├── min_size           : 640
│   ├── max_size           : 960
│   ├── anchor_sizes       : model_default
│   ├── anchor_ratios      : model_default
│   ├── train_pre_nms_top_n : 2000
│   ├── train_post_nms_top_n: 2000
│   ├── test_pre_nms_top_n  : 1000
│   ├── test_post_nms_top_n : 1000
│   └── fixed_batch_shape   : False
├── Validation
│   ├── score_threshold    : 0.05
│   ├── eval_max_images    : all
│   └── full_coco_interval : disabled
├── Early Stopping
│   ├── enabled            : True
│   ├── patience           : 10
│   └── min_delta          : 0.001
└── Logging
    ├── log_interval       : 20
    ├── empty_cache_interval: disabled
    └── use_wandb          : True
Saved results dir: saved_results/augmentation_ablation/retina/retina-00_no_augment
Checkpoint dir: saved_results/augmentation_ablation/retina/retina-00_no_augment/checkpoints
Best checkpoint: saved_results/augmentation_ablation/retina/retina-00_no_augment/checkpoints/best_model-20260611-131215.pth
Last checkpoint: saved_results/augmentation_ablation/retina/retina-00_no_augment/checkpoints/last_model-20260611-131215.pth
Log dir: saved_results/augmentation_ablation/retina/retina-00_no_augment/logs
=====================================
[2026-06-11 13:12:15] Training session initialized.
[2026-06-11 13:12:17] Epoch [01/50] started. Resources: rss=783.8MB, peak_rss=830.9MB, cuda_alloc=120.9MB, cuda_reserved=140.0MB, cuda_peak_alloc=120.9MB, cuda_free=47901.8MB, cuda_total=48519.1MB
[2026-06-11 13:12:25] Epoch 01 train batch [20/1875] loss=1.6984 avg_loss=1.7482. Resources: rss=1767.7MB, peak_rss=1767.7MB, cuda_alloc=360.6MB, cuda_reserved=21376.0MB, cuda_peak_alloc=7061.9MB, cuda_free=26593.8MB, cuda_total=48519.1MB
[2026-06-11 13:12:29] Epoch 01 train batch [40/1875] loss=1.8297 avg_loss=1.7491. Resources: rss=1773.8MB, peak_rss=1773.8MB, cuda_alloc=360.6MB, cuda_reserved=47416.0MB, cuda_peak_alloc=7061.9MB, cuda_free=553.8MB, cuda_total=48519.1MB
[2026-06-11 13:12:34] Epoch 01 train batch [60/1875] loss=1.7336 avg_loss=1.7504. Resources: rss=1782.5MB, peak_rss=1782.5MB, cuda_alloc=360.6MB, cuda_reserved=47816.0MB, cuda_peak_alloc=7061.9MB, cuda_free=153.8MB, cuda_total=48519.1MB
[2026-06-11 13:12:40] Epoch 01 train batch [80/1875] loss=1.6628 avg_loss=1.7376. Resources: rss=1785.3MB, peak_rss=1786.4MB, cuda_alloc=360.6MB, cuda_reserved=29656.0MB, cuda_peak_alloc=7062.6MB, cuda_free=18313.8MB, cuda_total=48519.1MB
[2026-06-11 13:12:45] Epoch 01 train batch [100/1875] loss=1.6721 avg_loss=1.7220. Resources: rss=1788.0MB, peak_rss=1788.0MB, cuda_alloc=360.6MB, cuda_reserved=22636.0MB, cuda_peak_alloc=7062.6MB, cuda_free=25333.8MB, cuda_total=48519.1MB
[2026-06-11 13:12:51] Epoch 01 train batch [120/1875] loss=1.8751 avg_loss=1.7033. Resources: rss=1794.3MB, peak_rss=1794.3MB, cuda_alloc=360.6MB, cuda_reserved=16936.0MB, cuda_peak_alloc=7062.6MB, cuda_free=31031.8MB, cuda_total=48519.1MB
[2026-06-11 13:12:55] Epoch 01 train batch [140/1875] loss=1.7726 avg_loss=1.7099. Resources: rss=1797.6MB, peak_rss=1797.6MB, cuda_alloc=360.6MB, cuda_reserved=36536.0MB, cuda_peak_alloc=7062.6MB, cuda_free=11431.8MB, cuda_total=48519.1MB
[2026-06-11 13:12:59] Epoch 01 train batch [160/1875] loss=1.8081 avg_loss=1.7121. Resources: rss=1798.9MB, peak_rss=1799.5MB, cuda_alloc=360.6MB, cuda_reserved=36536.0MB, cuda_peak_alloc=7062.6MB, cuda_free=11431.8MB, cuda_total=48519.1MB
[2026-06-11 13:13:04] Epoch 01 train batch [180/1875] loss=1.6746 avg_loss=1.7104. Resources: rss=1803.7MB, peak_rss=1804.7MB, cuda_alloc=360.6MB, cuda_reserved=40956.0MB, cuda_peak_alloc=7062.6MB, cuda_free=7011.8MB, cuda_total=48519.1MB
[2026-06-11 13:13:08] Epoch 01 train batch [200/1875] loss=1.8387 avg_loss=1.7126. Resources: rss=1804.0MB, peak_rss=1805.0MB, cuda_alloc=360.6MB, cuda_reserved=40956.0MB, cuda_peak_alloc=7062.6MB, cuda_free=7011.8MB, cuda_total=48519.1MB
[2026-06-11 13:13:13] Epoch 01 train batch [220/1875] loss=1.7939 avg_loss=1.7173. Resources: rss=1804.1MB, peak_rss=1805.0MB, cuda_alloc=360.6MB, cuda_reserved=40956.0MB, cuda_peak_alloc=7062.6MB, cuda_free=7011.8MB, cuda_total=48519.1MB
[2026-06-11 13:13:17] Epoch 01 train batch [240/1875] loss=1.7435 avg_loss=1.7196. Resources: rss=1807.7MB, peak_rss=1808.1MB, cuda_alloc=360.6MB, cuda_reserved=40956.0MB, cuda_peak_alloc=7062.6MB, cuda_free=7011.8MB, cuda_total=48519.1MB
[2026-06-11 13:13:22] Epoch 01 train batch [260/1875] loss=1.7690 avg_loss=1.7227. Resources: rss=1814.3MB, peak_rss=1814.3MB, cuda_alloc=360.6MB, cuda_reserved=40956.0MB, cuda_peak_alloc=7062.6MB, cuda_free=7011.8MB, cuda_total=48519.1MB
[2026-06-11 13:13:26] Epoch 01 train batch [280/1875] loss=1.6896 avg_loss=1.7236. Resources: rss=1820.6MB, peak_rss=1820.6MB, cuda_alloc=360.6MB, cuda_reserved=40956.0MB, cuda_peak_alloc=7062.6MB, cuda_free=7011.8MB, cuda_total=48519.1MB
[2026-06-11 13:13:30] Epoch 01 train batch [300/1875] loss=1.8334 avg_loss=1.7220. Resources: rss=1823.9MB, peak_rss=1824.2MB, cuda_alloc=360.6MB, cuda_reserved=40956.0MB, cuda_peak_alloc=7062.6MB, cuda_free=7011.8MB, cuda_total=48519.1MB
[2026-06-11 13:13:35] Epoch 01 train batch [320/1875] loss=1.7169 avg_loss=1.7211. Resources: rss=1823.5MB, peak_rss=1824.5MB, cuda_alloc=360.6MB, cuda_reserved=40956.0MB, cuda_peak_alloc=7062.6MB, cuda_free=7011.8MB, cuda_total=48519.1MB
[2026-06-11 13:13:39] Epoch 01 train batch [340/1875] loss=1.6849 avg_loss=1.7195. Resources: rss=1825.3MB, peak_rss=1826.3MB, cuda_alloc=360.6MB, cuda_reserved=40956.0MB, cuda_peak_alloc=7062.6MB, cuda_free=7011.8MB, cuda_total=48519.1MB
[2026-06-11 13:13:43] Epoch 01 train batch [360/1875] loss=2.0463 avg_loss=1.7201. Resources: rss=1825.2MB, peak_rss=1826.3MB, cuda_alloc=360.6MB, cuda_reserved=43376.0MB, cuda_peak_alloc=7062.6MB, cuda_free=4591.8MB, cuda_total=48519.1MB
[2026-06-11 13:13:48] Epoch 01 train batch [380/1875] loss=1.7508 avg_loss=1.7195. Resources: rss=1825.5MB, peak_rss=1826.4MB, cuda_alloc=360.6MB, cuda_reserved=43376.0MB, cuda_peak_alloc=7062.6MB, cuda_free=4591.8MB, cuda_total=48519.1MB
[2026-06-11 13:13:52] Epoch 01 train batch [400/1875] loss=1.5964 avg_loss=1.7159. Resources: rss=1827.7MB, peak_rss=1828.9MB, cuda_alloc=360.6MB, cuda_reserved=43376.0MB, cuda_peak_alloc=7062.6MB, cuda_free=4591.8MB, cuda_total=48519.1MB
[2026-06-11 13:13:56] Epoch 01 train batch [420/1875] loss=1.7042 avg_loss=1.7127. Resources: rss=1831.9MB, peak_rss=1833.1MB, cuda_alloc=360.6MB, cuda_reserved=43376.0MB, cuda_peak_alloc=7062.6MB, cuda_free=4591.8MB, cuda_total=48519.1MB
[2026-06-11 13:14:01] Epoch 01 train batch [440/1875] loss=1.6079 avg_loss=1.7122. Resources: rss=1832.3MB, peak_rss=1833.1MB, cuda_alloc=360.6MB, cuda_reserved=43376.0MB, cuda_peak_alloc=7062.6MB, cuda_free=4591.8MB, cuda_total=48519.1MB
[2026-06-11 13:14:05] Epoch 01 train batch [460/1875] loss=1.7651 avg_loss=1.7104. Resources: rss=1835.7MB, peak_rss=1836.8MB, cuda_alloc=360.6MB, cuda_reserved=43376.0MB, cuda_peak_alloc=7062.6MB, cuda_free=4591.8MB, cuda_total=48519.1MB
[2026-06-11 13:14:10] Epoch 01 train batch [480/1875] loss=1.9064 avg_loss=1.7119. Resources: rss=1836.4MB, peak_rss=1836.8MB, cuda_alloc=360.6MB, cuda_reserved=43376.0MB, cuda_peak_alloc=7062.6MB, cuda_free=4591.8MB, cuda_total=48519.1MB
[2026-06-11 13:14:14] Epoch 01 train batch [500/1875] loss=1.8242 avg_loss=1.7087. Resources: rss=1844.1MB, peak_rss=1844.5MB, cuda_alloc=360.6MB, cuda_reserved=43376.0MB, cuda_peak_alloc=7062.6MB, cuda_free=4591.8MB, cuda_total=48519.1MB
[2026-06-11 13:14:18] Epoch 01 train batch [520/1875] loss=1.7492 avg_loss=1.7097. Resources: rss=1844.5MB, peak_rss=1845.5MB, cuda_alloc=360.6MB, cuda_reserved=43376.0MB, cuda_peak_alloc=7062.6MB, cuda_free=4591.8MB, cuda_total=48519.1MB
[2026-06-11 13:14:23] Epoch 01 train batch [540/1875] loss=1.7866 avg_loss=1.7073. Resources: rss=1843.4MB, peak_rss=1845.5MB, cuda_alloc=360.6MB, cuda_reserved=43376.0MB, cuda_peak_alloc=7062.6MB, cuda_free=4591.8MB, cuda_total=48519.1MB
[2026-06-11 13:14:27] Epoch 01 train batch [560/1875] loss=1.8160 avg_loss=1.7080. Resources: rss=1845.2MB, peak_rss=1846.6MB, cuda_alloc=360.6MB, cuda_reserved=45756.0MB, cuda_peak_alloc=7062.6MB, cuda_free=2211.8MB, cuda_total=48519.1MB
[2026-06-11 13:14:31] Epoch 01 train batch [580/1875] loss=1.7513 avg_loss=1.7088. Resources: rss=1848.8MB, peak_rss=1848.9MB, cuda_alloc=360.6MB, cuda_reserved=45756.0MB, cuda_peak_alloc=7062.6MB, cuda_free=2211.8MB, cuda_total=48519.1MB
[2026-06-11 13:14:36] Epoch 01 train batch [600/1875] loss=1.5993 avg_loss=1.7074. Resources: rss=1853.6MB, peak_rss=1853.6MB, cuda_alloc=360.6MB, cuda_reserved=45756.0MB, cuda_peak_alloc=7062.6MB, cuda_free=2211.8MB, cuda_total=48519.1MB
[2026-06-11 13:14:40] Epoch 01 train batch [620/1875] loss=1.6137 avg_loss=1.7067. Resources: rss=1855.3MB, peak_rss=1856.3MB, cuda_alloc=360.6MB, cuda_reserved=46796.0MB, cuda_peak_alloc=7062.6MB, cuda_free=1171.8MB, cuda_total=48519.1MB
[2026-06-11 13:14:45] Epoch 01 train batch [640/1875] loss=1.5921 avg_loss=1.7076. Resources: rss=1857.3MB, peak_rss=1858.4MB, cuda_alloc=360.6MB, cuda_reserved=46796.0MB, cuda_peak_alloc=7062.6MB, cuda_free=1171.8MB, cuda_total=48519.1MB
[2026-06-11 13:14:49] Epoch 01 train batch [660/1875] loss=1.7904 avg_loss=1.7070. Resources: rss=1859.6MB, peak_rss=1860.7MB, cuda_alloc=360.6MB, cuda_reserved=46796.0MB, cuda_peak_alloc=7062.6MB, cuda_free=1171.8MB, cuda_total=48519.1MB
[2026-06-11 13:14:54] Epoch 01 train batch [680/1875] loss=1.6700 avg_loss=1.7076. Resources: rss=1861.4MB, peak_rss=1862.2MB, cuda_alloc=360.6MB, cuda_reserved=46796.0MB, cuda_peak_alloc=7062.6MB, cuda_free=1171.8MB, cuda_total=48519.1MB
[2026-06-11 13:15:00] Epoch 01 train batch [700/1875] loss=1.7449 avg_loss=1.7084. Resources: rss=1864.7MB, peak_rss=1864.7MB, cuda_alloc=360.6MB, cuda_reserved=7356.0MB, cuda_peak_alloc=7062.6MB, cuda_free=40611.8MB, cuda_total=48519.1MB
[2026-06-11 13:15:05] Epoch 01 train batch [720/1875] loss=1.6183 avg_loss=1.7086. Resources: rss=1864.0MB, peak_rss=1864.7MB, cuda_alloc=360.6MB, cuda_reserved=47056.0MB, cuda_peak_alloc=7062.6MB, cuda_free=911.8MB, cuda_total=48519.1MB
[2026-06-11 13:15:10] Epoch 01 train batch [740/1875] loss=1.6469 avg_loss=1.7074. Resources: rss=1864.4MB, peak_rss=1865.2MB, cuda_alloc=360.6MB, cuda_reserved=38556.0MB, cuda_peak_alloc=7062.6MB, cuda_free=9411.8MB, cuda_total=48519.1MB
[2026-06-11 13:15:16] Epoch 01 train batch [760/1875] loss=1.7580 avg_loss=1.7079. Resources: rss=1863.4MB, peak_rss=1865.2MB, cuda_alloc=360.6MB, cuda_reserved=19856.0MB, cuda_peak_alloc=7062.6MB, cuda_free=28111.8MB, cuda_total=48519.1MB
[2026-06-11 13:15:20] Epoch 01 train batch [780/1875] loss=1.7264 avg_loss=1.7077. Resources: rss=1865.9MB, peak_rss=1867.5MB, cuda_alloc=360.6MB, cuda_reserved=33816.0MB, cuda_peak_alloc=7062.6MB, cuda_free=14151.8MB, cuda_total=48519.1MB
[2026-06-11 13:15:24] Epoch 01 train batch [800/1875] loss=1.7112 avg_loss=1.7061. Resources: rss=1868.7MB, peak_rss=1869.1MB, cuda_alloc=360.6MB, cuda_reserved=33816.0MB, cuda_peak_alloc=7062.6MB, cuda_free=14151.8MB, cuda_total=48519.1MB
[2026-06-11 13:15:28] Epoch 01 train batch [820/1875] loss=1.7235 avg_loss=1.7045. Resources: rss=1870.4MB, peak_rss=1871.5MB, cuda_alloc=360.6MB, cuda_reserved=38236.0MB, cuda_peak_alloc=7062.6MB, cuda_free=9731.8MB, cuda_total=48519.1MB
[2026-06-11 13:15:33] Epoch 01 train batch [840/1875] loss=1.4807 avg_loss=1.7042. Resources: rss=1871.3MB, peak_rss=1871.5MB, cuda_alloc=360.6MB, cuda_reserved=41116.0MB, cuda_peak_alloc=7062.6MB, cuda_free=6851.8MB, cuda_total=48519.1MB
[2026-06-11 13:15:37] Epoch 01 train batch [860/1875] loss=1.5291 avg_loss=1.7027. Resources: rss=1871.1MB, peak_rss=1871.8MB, cuda_alloc=360.6MB, cuda_reserved=42296.0MB, cuda_peak_alloc=7062.6MB, cuda_free=5671.8MB, cuda_total=48519.1MB
[2026-06-11 13:15:41] Epoch 01 train batch [880/1875] loss=1.6578 avg_loss=1.7009. Resources: rss=1870.7MB, peak_rss=1871.8MB, cuda_alloc=360.6MB, cuda_reserved=42296.0MB, cuda_peak_alloc=7062.6MB, cuda_free=5671.8MB, cuda_total=48519.1MB
[2026-06-11 13:15:45] Epoch 01 train batch [900/1875] loss=1.5423 avg_loss=1.7007. Resources: rss=1871.2MB, peak_rss=1872.1MB, cuda_alloc=360.6MB, cuda_reserved=44056.0MB, cuda_peak_alloc=7062.6MB, cuda_free=3911.8MB, cuda_total=48519.1MB
[2026-06-11 13:15:50] Epoch 01 train batch [920/1875] loss=1.6796 avg_loss=1.7004. Resources: rss=1872.0MB, peak_rss=1872.1MB, cuda_alloc=360.6MB, cuda_reserved=44056.0MB, cuda_peak_alloc=7062.6MB, cuda_free=3911.8MB, cuda_total=48519.1MB
[2026-06-11 13:15:54] Epoch 01 train batch [940/1875] loss=1.6807 avg_loss=1.6997. Resources: rss=1872.6MB, peak_rss=1872.8MB, cuda_alloc=360.6MB, cuda_reserved=44056.0MB, cuda_peak_alloc=7062.6MB, cuda_free=3911.8MB, cuda_total=48519.1MB
[2026-06-11 13:15:59] Epoch 01 train batch [960/1875] loss=1.8024 avg_loss=1.6996. Resources: rss=1874.8MB, peak_rss=1875.9MB, cuda_alloc=360.6MB, cuda_reserved=44056.0MB, cuda_peak_alloc=7062.6MB, cuda_free=3911.8MB, cuda_total=48519.1MB
[2026-06-11 13:16:03] Epoch 01 train batch [980/1875] loss=1.6296 avg_loss=1.6987. Resources: rss=1875.0MB, peak_rss=1876.1MB, cuda_alloc=360.6MB, cuda_reserved=44056.0MB, cuda_peak_alloc=7062.6MB, cuda_free=3911.8MB, cuda_total=48519.1MB
[2026-06-11 13:16:07] Epoch 01 train batch [1000/1875] loss=1.6269 avg_loss=1.6990. Resources: rss=1874.0MB, peak_rss=1876.1MB, cuda_alloc=360.6MB, cuda_reserved=44056.0MB, cuda_peak_alloc=7062.6MB, cuda_free=3911.8MB, cuda_total=48519.1MB
[2026-06-11 13:16:13] Epoch 01 train batch [1020/1875] loss=1.7203 avg_loss=1.6989. Resources: rss=1875.2MB, peak_rss=1876.4MB, cuda_alloc=360.6MB, cuda_reserved=26896.0MB, cuda_peak_alloc=7062.6MB, cuda_free=21071.8MB, cuda_total=48519.1MB
[2026-06-11 13:16:19] Epoch 01 train batch [1040/1875] loss=1.6249 avg_loss=1.6987. Resources: rss=1879.7MB, peak_rss=1879.8MB, cuda_alloc=360.6MB, cuda_reserved=20536.0MB, cuda_peak_alloc=7062.6MB, cuda_free=27431.8MB, cuda_total=48519.1MB
[2026-06-11 13:16:24] Epoch 01 train batch [1060/1875] loss=1.4366 avg_loss=1.6979. Resources: rss=1878.5MB, peak_rss=1879.9MB, cuda_alloc=360.6MB, cuda_reserved=26496.0MB, cuda_peak_alloc=7062.6MB, cuda_free=21471.8MB, cuda_total=48519.1MB
[2026-06-11 13:16:28] Epoch 01 train batch [1080/1875] loss=1.6645 avg_loss=1.6980. Resources: rss=1879.3MB, peak_rss=1880.0MB, cuda_alloc=360.6MB, cuda_reserved=29116.0MB, cuda_peak_alloc=7062.6MB, cuda_free=18851.8MB, cuda_total=48519.1MB
[2026-06-11 13:16:33] Epoch 01 train batch [1100/1875] loss=1.6724 avg_loss=1.6976. Resources: rss=1879.6MB, peak_rss=1880.0MB, cuda_alloc=360.6MB, cuda_reserved=38596.0MB, cuda_peak_alloc=7062.6MB, cuda_free=9371.8MB, cuda_total=48519.1MB
[2026-06-11 13:16:37] Epoch 01 train batch [1120/1875] loss=1.8871 avg_loss=1.6980. Resources: rss=1878.3MB, peak_rss=1880.0MB, cuda_alloc=360.6MB, cuda_reserved=38596.0MB, cuda_peak_alloc=7062.6MB, cuda_free=9371.8MB, cuda_total=48519.1MB
[2026-06-11 13:16:41] Epoch 01 train batch [1140/1875] loss=1.6466 avg_loss=1.6983. Resources: rss=1879.4MB, peak_rss=1880.6MB, cuda_alloc=360.6MB, cuda_reserved=38596.0MB, cuda_peak_alloc=7062.6MB, cuda_free=9371.8MB, cuda_total=48519.1MB
[2026-06-11 13:16:46] Epoch 01 train batch [1160/1875] loss=1.6820 avg_loss=1.6978. Resources: rss=1880.7MB, peak_rss=1881.4MB, cuda_alloc=360.6MB, cuda_reserved=38596.0MB, cuda_peak_alloc=7062.6MB, cuda_free=9371.8MB, cuda_total=48519.1MB
[2026-06-11 13:16:50] Epoch 01 train batch [1180/1875] loss=1.6093 avg_loss=1.6973. Resources: rss=1881.5MB, peak_rss=1882.2MB, cuda_alloc=360.6MB, cuda_reserved=38596.0MB, cuda_peak_alloc=7062.6MB, cuda_free=9371.8MB, cuda_total=48519.1MB
[2026-06-11 13:16:54] Epoch 01 train batch [1200/1875] loss=1.7225 avg_loss=1.6975. Resources: rss=1879.9MB, peak_rss=1882.3MB, cuda_alloc=360.6MB, cuda_reserved=38596.0MB, cuda_peak_alloc=7062.6MB, cuda_free=9371.8MB, cuda_total=48519.1MB
[2026-06-11 13:16:58] Epoch 01 train batch [1220/1875] loss=1.5976 avg_loss=1.6969. Resources: rss=1881.4MB, peak_rss=1882.5MB, cuda_alloc=360.6MB, cuda_reserved=41936.0MB, cuda_peak_alloc=7062.6MB, cuda_free=6031.8MB, cuda_total=48519.1MB
[2026-06-11 13:17:03] Epoch 01 train batch [1240/1875] loss=1.6911 avg_loss=1.6965. Resources: rss=1880.4MB, peak_rss=1882.5MB, cuda_alloc=360.6MB, cuda_reserved=41936.0MB, cuda_peak_alloc=7062.6MB, cuda_free=6031.8MB, cuda_total=48519.1MB
[2026-06-11 13:17:07] Epoch 01 train batch [1260/1875] loss=1.6452 avg_loss=1.6954. Resources: rss=1879.9MB, peak_rss=1882.5MB, cuda_alloc=360.6MB, cuda_reserved=41936.0MB, cuda_peak_alloc=7062.6MB, cuda_free=6031.8MB, cuda_total=48519.1MB
[2026-06-11 13:17:11] Epoch 01 train batch [1280/1875] loss=1.7209 avg_loss=1.6947. Resources: rss=1879.9MB, peak_rss=1882.5MB, cuda_alloc=360.6MB, cuda_reserved=44836.0MB, cuda_peak_alloc=7062.6MB, cuda_free=3131.8MB, cuda_total=48519.1MB
[2026-06-11 13:17:17] Epoch 01 train batch [1300/1875] loss=1.8418 avg_loss=1.6947. Resources: rss=1882.1MB, peak_rss=1882.5MB, cuda_alloc=360.6MB, cuda_reserved=42496.0MB, cuda_peak_alloc=7062.6MB, cuda_free=5471.8MB, cuda_total=48519.1MB
[2026-06-11 13:17:23] Epoch 01 train batch [1320/1875] loss=1.5704 avg_loss=1.6938. Resources: rss=1884.6MB, peak_rss=1884.6MB, cuda_alloc=360.6MB, cuda_reserved=13576.0MB, cuda_peak_alloc=7062.6MB, cuda_free=34391.8MB, cuda_total=48519.1MB
[2026-06-11 13:17:28] Epoch 01 train batch [1340/1875] loss=1.6750 avg_loss=1.6936. Resources: rss=1883.5MB, peak_rss=1884.6MB, cuda_alloc=360.6MB, cuda_reserved=26916.0MB, cuda_peak_alloc=7062.6MB, cuda_free=21051.8MB, cuda_total=48519.1MB
[2026-06-11 13:17:33] Epoch 01 train batch [1360/1875] loss=1.7419 avg_loss=1.6932. Resources: rss=1884.3MB, peak_rss=1884.6MB, cuda_alloc=360.6MB, cuda_reserved=8636.0MB, cuda_peak_alloc=7062.6MB, cuda_free=39331.8MB, cuda_total=48519.1MB
[2026-06-11 13:17:38] Epoch 01 train batch [1380/1875] loss=1.7241 avg_loss=1.6931. Resources: rss=1885.2MB, peak_rss=1886.0MB, cuda_alloc=360.6MB, cuda_reserved=38976.0MB, cuda_peak_alloc=7062.6MB, cuda_free=8991.8MB, cuda_total=48519.1MB
[2026-06-11 13:17:43] Epoch 01 train batch [1400/1875] loss=1.6810 avg_loss=1.6931. Resources: rss=1886.8MB, peak_rss=1887.8MB, cuda_alloc=360.6MB, cuda_reserved=21736.0MB, cuda_peak_alloc=7062.6MB, cuda_free=26231.8MB, cuda_total=48519.1MB
[2026-06-11 13:17:49] Epoch 01 train batch [1420/1875] loss=1.6952 avg_loss=1.6936. Resources: rss=1887.2MB, peak_rss=1888.0MB, cuda_alloc=360.6MB, cuda_reserved=25696.0MB, cuda_peak_alloc=7062.6MB, cuda_free=22271.8MB, cuda_total=48519.1MB
[2026-06-11 13:17:53] Epoch 01 train batch [1440/1875] loss=1.6622 avg_loss=1.6938. Resources: rss=1886.9MB, peak_rss=1888.0MB, cuda_alloc=360.6MB, cuda_reserved=31836.0MB, cuda_peak_alloc=7062.6MB, cuda_free=16131.8MB, cuda_total=48519.1MB
[2026-06-11 13:17:59] Epoch 01 train batch [1460/1875] loss=1.8405 avg_loss=1.6938. Resources: rss=1888.1MB, peak_rss=1888.1MB, cuda_alloc=360.6MB, cuda_reserved=42896.0MB, cuda_peak_alloc=7062.6MB, cuda_free=5071.8MB, cuda_total=48519.1MB
[2026-06-11 13:18:05] Epoch 01 train batch [1480/1875] loss=1.5712 avg_loss=1.6933. Resources: rss=1887.3MB, peak_rss=1889.3MB, cuda_alloc=360.6MB, cuda_reserved=7616.0MB, cuda_peak_alloc=7062.6MB, cuda_free=40351.8MB, cuda_total=48519.1MB
[2026-06-11 13:18:09] Epoch 01 train batch [1500/1875] loss=1.6135 avg_loss=1.6930. Resources: rss=1887.6MB, peak_rss=1889.3MB, cuda_alloc=360.6MB, cuda_reserved=31796.0MB, cuda_peak_alloc=7062.6MB, cuda_free=16171.8MB, cuda_total=48519.1MB
[2026-06-11 13:18:13] Epoch 01 train batch [1520/1875] loss=1.7780 avg_loss=1.6928. Resources: rss=1888.0MB, peak_rss=1889.3MB, cuda_alloc=360.6MB, cuda_reserved=43996.0MB, cuda_peak_alloc=7062.6MB, cuda_free=3971.8MB, cuda_total=48519.1MB
[2026-06-11 13:18:18] Epoch 01 train batch [1540/1875] loss=1.6021 avg_loss=1.6927. Resources: rss=1887.8MB, peak_rss=1889.3MB, cuda_alloc=360.6MB, cuda_reserved=43996.0MB, cuda_peak_alloc=7062.6MB, cuda_free=3971.8MB, cuda_total=48519.1MB
[2026-06-11 13:18:22] Epoch 01 train batch [1560/1875] loss=1.6828 avg_loss=1.6924. Resources: rss=1891.7MB, peak_rss=1891.7MB, cuda_alloc=360.6MB, cuda_reserved=43996.0MB, cuda_peak_alloc=7062.6MB, cuda_free=3971.8MB, cuda_total=48519.1MB
[2026-06-11 13:18:26] Epoch 01 train batch [1580/1875] loss=1.6515 avg_loss=1.6918. Resources: rss=1891.6MB, peak_rss=1891.8MB, cuda_alloc=360.6MB, cuda_reserved=43996.0MB, cuda_peak_alloc=7062.6MB, cuda_free=3971.8MB, cuda_total=48519.1MB
[2026-06-11 13:18:31] Epoch 01 train batch [1600/1875] loss=1.6777 avg_loss=1.6916. Resources: rss=1892.7MB, peak_rss=1893.3MB, cuda_alloc=360.6MB, cuda_reserved=43996.0MB, cuda_peak_alloc=7062.6MB, cuda_free=3971.8MB, cuda_total=48519.1MB
[2026-06-11 13:18:35] Epoch 01 train batch [1620/1875] loss=1.5872 avg_loss=1.6909. Resources: rss=1892.9MB, peak_rss=1893.3MB, cuda_alloc=360.6MB, cuda_reserved=43996.0MB, cuda_peak_alloc=7062.6MB, cuda_free=3971.8MB, cuda_total=48519.1MB
[2026-06-11 13:18:40] Epoch 01 train batch [1640/1875] loss=1.6844 avg_loss=1.6906. Resources: rss=1893.8MB, peak_rss=1895.3MB, cuda_alloc=360.6MB, cuda_reserved=43996.0MB, cuda_peak_alloc=7062.6MB, cuda_free=3971.8MB, cuda_total=48519.1MB
[2026-06-11 13:18:44] Epoch 01 train batch [1660/1875] loss=1.7467 avg_loss=1.6904. Resources: rss=1895.4MB, peak_rss=1896.9MB, cuda_alloc=360.6MB, cuda_reserved=43996.0MB, cuda_peak_alloc=7062.6MB, cuda_free=3971.8MB, cuda_total=48519.1MB
[2026-06-11 13:18:49] Epoch 01 train batch [1680/1875] loss=1.7952 avg_loss=1.6903. Resources: rss=1896.1MB, peak_rss=1896.9MB, cuda_alloc=360.6MB, cuda_reserved=43996.0MB, cuda_peak_alloc=7062.6MB, cuda_free=3971.8MB, cuda_total=48519.1MB
[2026-06-11 13:18:53] Epoch 01 train batch [1700/1875] loss=1.4950 avg_loss=1.6895. Resources: rss=1896.7MB, peak_rss=1896.9MB, cuda_alloc=360.6MB, cuda_reserved=43996.0MB, cuda_peak_alloc=7062.6MB, cuda_free=3971.8MB, cuda_total=48519.1MB
[2026-06-11 13:18:57] Epoch 01 train batch [1720/1875] loss=1.5087 avg_loss=1.6895. Resources: rss=1895.1MB, peak_rss=1896.9MB, cuda_alloc=360.6MB, cuda_reserved=43996.0MB, cuda_peak_alloc=7062.6MB, cuda_free=3971.8MB, cuda_total=48519.1MB
[2026-06-11 13:19:02] Epoch 01 train batch [1740/1875] loss=1.7928 avg_loss=1.6893. Resources: rss=1895.5MB, peak_rss=1896.9MB, cuda_alloc=360.6MB, cuda_reserved=46456.0MB, cuda_peak_alloc=7062.6MB, cuda_free=1511.8MB, cuda_total=48519.1MB
[2026-06-11 13:19:07] Epoch 01 train batch [1760/1875] loss=1.7764 avg_loss=1.6893. Resources: rss=1895.2MB, peak_rss=1896.9MB, cuda_alloc=360.6MB, cuda_reserved=31876.0MB, cuda_peak_alloc=7062.6MB, cuda_free=16091.8MB, cuda_total=48519.1MB
[2026-06-11 13:19:12] Epoch 01 train batch [1780/1875] loss=1.7310 avg_loss=1.6881. Resources: rss=1895.4MB, peak_rss=1896.9MB, cuda_alloc=360.6MB, cuda_reserved=41756.0MB, cuda_peak_alloc=7062.6MB, cuda_free=6211.8MB, cuda_total=48519.1MB
[2026-06-11 13:19:16] Epoch 01 train batch [1800/1875] loss=1.6413 avg_loss=1.6877. Resources: rss=1895.7MB, peak_rss=1896.9MB, cuda_alloc=360.6MB, cuda_reserved=41756.0MB, cuda_peak_alloc=7062.6MB, cuda_free=6211.8MB, cuda_total=48519.1MB
[2026-06-11 13:19:20] Epoch 01 train batch [1820/1875] loss=1.6887 avg_loss=1.6872. Resources: rss=1894.9MB, peak_rss=1896.9MB, cuda_alloc=360.6MB, cuda_reserved=41756.0MB, cuda_peak_alloc=7062.6MB, cuda_free=6211.8MB, cuda_total=48519.1MB
[2026-06-11 13:19:25] Epoch 01 train batch [1840/1875] loss=1.6129 avg_loss=1.6872. Resources: rss=1895.2MB, peak_rss=1896.9MB, cuda_alloc=360.6MB, cuda_reserved=44296.0MB, cuda_peak_alloc=7062.6MB, cuda_free=3671.8MB, cuda_total=48519.1MB
[2026-06-11 13:19:29] Epoch 01 train batch [1860/1875] loss=1.7217 avg_loss=1.6865. Resources: rss=1895.0MB, peak_rss=1896.9MB, cuda_alloc=360.6MB, cuda_reserved=44296.0MB, cuda_peak_alloc=7062.6MB, cuda_free=3671.8MB, cuda_total=48519.1MB
[2026-06-11 13:19:33] Epoch 01 train batch [1875/1875] loss=1.5767 avg_loss=1.6862. Resources: rss=1897.3MB, peak_rss=1898.9MB, cuda_alloc=360.6MB, cuda_reserved=44296.0MB, cuda_peak_alloc=7062.6MB, cuda_free=3671.8MB, cuda_total=48519.1MB
[2026-06-11 13:19:33] Epoch 01 training completed. Resources: rss=1889.2MB, peak_rss=1898.9MB, cuda_alloc=360.6MB, cuda_reserved=44296.0MB, cuda_peak_alloc=7062.6MB, cuda_free=3671.8MB, cuda_total=48519.1MB
[2026-06-11 13:19:33] Epoch 01 cache released before validation loss. Resources: rss=1888.9MB, peak_rss=1898.9MB, cuda_alloc=360.6MB, cuda_reserved=598.0MB, cuda_peak_alloc=360.6MB, cuda_free=47369.8MB, cuda_total=48519.1MB
[2026-06-11 13:20:06] Epoch 01 validation loss completed: 1.6600. Resources: rss=1888.5MB, peak_rss=1898.9MB, cuda_alloc=360.6MB, cuda_reserved=5866.0MB, cuda_peak_alloc=2034.0MB, cuda_free=42101.8MB, cuda_total=48519.1MB
[2026-06-11 13:20:07] Epoch 01 cache released before detection metrics. Resources: rss=1887.0MB, peak_rss=1898.9MB, cuda_alloc=360.6MB, cuda_reserved=598.0MB, cuda_peak_alloc=360.6MB, cuda_free=47369.8MB, cuda_total=48519.1MB
[2026-06-11 13:20:38] Epoch 01 prediction tensors moved to CPU. Computing metrics. Resources: rss=1974.9MB, peak_rss=1984.0MB, cuda_alloc=360.6MB, cuda_reserved=598.0MB, cuda_peak_alloc=360.6MB, cuda_free=47369.8MB, cuda_total=48519.1MB
[2026-06-11 13:20:38] Epoch 01 metrics computed (mAP@0.5 only). Saving artifacts. Resources: rss=1977.9MB, peak_rss=1984.0MB, cuda_alloc=360.6MB, cuda_reserved=598.0MB, cuda_peak_alloc=360.6MB, cuda_free=47369.8MB, cuda_total=48519.1MB
[2026-06-11 13:20:38] Epoch 01 improved mAP@0.5 to 0.0000. Saved best checkpoint: best_model-20260611-131215.pth. Resources: rss=2225.9MB, peak_rss=2225.9MB, cuda_alloc=360.6MB, cuda_reserved=598.0MB, cuda_peak_alloc=360.6MB, cuda_free=47369.8MB, cuda_total=48519.1MB
Epoch [01/50]
├── Train Loss : 1.6862
│   ├── loss_classifier  : 1.1178
│   ├── loss_box_reg     : 0.5683
│   ├── loss_objectness  : 0.0000
│   └── loss_rpn_box_reg : 0.0000
├── Val Loss   : 1.6600
├── mAP@0.5    : 0.0000
├── mAP@0.75   : n/a
├── mAP@0.5:0.95 : n/a
├── Precision  : 0.0000
├── Recall     : 0.0000
├── GT Boxes   : 2021
├── Predictions: 2205
├── Per-class AP
│   ├── person  : AP50=0.0000, AP75=n/a, AP50:95=n/a, P=0.0000, R=0.0000
│   ├── car     : AP50=0.0000, AP75=n/a, AP50:95=n/a, P=0.0000, R=0.0000
│   ├── dog     : AP50=0.0000, AP75=n/a, AP50:95=n/a, P=0.0000, R=0.0000
│   ├── cat     : AP50=0.0000, AP75=n/a, AP50:95=n/a, P=0.0000, R=0.0000
│   └── chair   : AP50=0.0000, AP75=n/a, AP50:95=n/a, P=0.0000, R=0.0000
├── LR         : 0.000100
└── Time       : 500.6s
[2026-06-11 13:20:38] Epoch [01/50] completed. Resources: rss=1977.3MB, peak_rss=2225.9MB, cuda_alloc=360.6MB, cuda_reserved=598.0MB, cuda_peak_alloc=360.6MB, cuda_free=47369.8MB, cuda_total=48519.1MB
[2026-06-11 13:20:38] Epoch [02/50] started. Resources: rss=1977.3MB, peak_rss=2225.9MB, cuda_alloc=360.6MB, cuda_reserved=598.0MB, cuda_peak_alloc=360.6MB, cuda_free=47369.8MB, cuda_total=48519.1MB
[2026-06-11 13:20:44] Epoch 02 train batch [20/1875] loss=1.6075 avg_loss=1.6407. Resources: rss=1993.7MB, peak_rss=2225.9MB, cuda_alloc=360.6MB, cuda_reserved=44256.0MB, cuda_peak_alloc=7062.0MB, cuda_free=3711.8MB, cuda_total=48519.1MB
[2026-06-11 13:20:51] Epoch 02 train batch [40/1875] loss=1.7858 avg_loss=1.6788. Resources: rss=1990.3MB, peak_rss=2225.9MB, cuda_alloc=360.6MB, cuda_reserved=33276.0MB, cuda_peak_alloc=7062.2MB, cuda_free=14691.8MB, cuda_total=48519.1MB
[2026-06-11 13:20:55] Epoch 02 train batch [60/1875] loss=1.6548 avg_loss=1.6580. Resources: rss=1990.7MB, peak_rss=2225.9MB, cuda_alloc=360.6MB, cuda_reserved=38296.0MB, cuda_peak_alloc=7062.2MB, cuda_free=9671.8MB, cuda_total=48519.1MB
[2026-06-11 13:21:00] Epoch 02 train batch [80/1875] loss=1.6302 avg_loss=1.6512. Resources: rss=1993.5MB, peak_rss=2225.9MB, cuda_alloc=360.6MB, cuda_reserved=44996.0MB, cuda_peak_alloc=7062.2MB, cuda_free=2971.8MB, cuda_total=48519.1MB
[2026-06-11 13:21:06] Epoch 02 train batch [100/1875] loss=1.5208 avg_loss=1.6476. Resources: rss=1993.3MB, peak_rss=2225.9MB, cuda_alloc=360.6MB, cuda_reserved=32156.0MB, cuda_peak_alloc=7062.2MB, cuda_free=15811.8MB, cuda_total=48519.1MB
[2026-06-11 13:21:10] Epoch 02 train batch [120/1875] loss=1.5708 avg_loss=1.6360. Resources: rss=1993.9MB, peak_rss=2225.9MB, cuda_alloc=360.6MB, cuda_reserved=32156.0MB, cuda_peak_alloc=7062.2MB, cuda_free=15811.8MB, cuda_total=48519.1MB
[2026-06-11 13:21:15] Epoch 02 train batch [140/1875] loss=1.7386 avg_loss=1.6239. Resources: rss=1993.4MB, peak_rss=2225.9MB, cuda_alloc=360.6MB, cuda_reserved=5416.0MB, cuda_peak_alloc=7062.2MB, cuda_free=42551.8MB, cuda_total=48519.1MB
[2026-06-11 13:21:21] Epoch 02 train batch [160/1875] loss=1.6127 avg_loss=1.6199. Resources: rss=1995.4MB, peak_rss=2225.9MB, cuda_alloc=360.6MB, cuda_reserved=24796.0MB, cuda_peak_alloc=7062.2MB, cuda_free=23171.8MB, cuda_total=48519.1MB
[2026-06-11 13:21:25] Epoch 02 train batch [180/1875] loss=1.2800 avg_loss=1.6156. Resources: rss=1993.2MB, peak_rss=2225.9MB, cuda_alloc=360.6MB, cuda_reserved=26356.0MB, cuda_peak_alloc=7062.2MB, cuda_free=21611.8MB, cuda_total=48519.1MB
[2026-06-11 13:21:30] Epoch 02 train batch [200/1875] loss=1.5277 avg_loss=1.6129. Resources: rss=1995.1MB, peak_rss=2225.9MB, cuda_alloc=360.6MB, cuda_reserved=41456.0MB, cuda_peak_alloc=7062.2MB, cuda_free=6511.8MB, cuda_total=48519.1MB
[2026-06-11 13:21:35] Epoch 02 train batch [220/1875] loss=1.5210 avg_loss=1.6038. Resources: rss=1993.9MB, peak_rss=2225.9MB, cuda_alloc=360.6MB, cuda_reserved=41456.0MB, cuda_peak_alloc=7062.2MB, cuda_free=6511.8MB, cuda_total=48519.1MB
[2026-06-11 13:21:39] Epoch 02 train batch [240/1875] loss=1.7392 avg_loss=1.5939. Resources: rss=1995.2MB, peak_rss=2225.9MB, cuda_alloc=360.6MB, cuda_reserved=41456.0MB, cuda_peak_alloc=7062.2MB, cuda_free=6511.8MB, cuda_total=48519.1MB
[2026-06-11 13:21:44] Epoch 02 train batch [260/1875] loss=1.2685 avg_loss=1.5823. Resources: rss=1995.7MB, peak_rss=2225.9MB, cuda_alloc=360.6MB, cuda_reserved=42336.0MB, cuda_peak_alloc=7062.2MB, cuda_free=5631.8MB, cuda_total=48519.1MB
[2026-06-11 13:21:48] Epoch 02 train batch [280/1875] loss=1.6767 avg_loss=1.5691. Resources: rss=1997.4MB, peak_rss=2225.9MB, cuda_alloc=360.6MB, cuda_reserved=42336.0MB, cuda_peak_alloc=7062.2MB, cuda_free=5631.8MB, cuda_total=48519.1MB
[2026-06-11 13:21:52] Epoch 02 train batch [300/1875] loss=1.0241 avg_loss=1.5626. Resources: rss=1996.8MB, peak_rss=2225.9MB, cuda_alloc=360.6MB, cuda_reserved=42336.0MB, cuda_peak_alloc=7062.2MB, cuda_free=5631.8MB, cuda_total=48519.1MB
[2026-06-11 13:21:57] Epoch 02 train batch [320/1875] loss=1.1262 avg_loss=1.5484. Resources: rss=1996.0MB, peak_rss=2225.9MB, cuda_alloc=360.6MB, cuda_reserved=42336.0MB, cuda_peak_alloc=7062.2MB, cuda_free=5631.8MB, cuda_total=48519.1MB
[2026-06-11 13:22:01] Epoch 02 train batch [340/1875] loss=1.1985 avg_loss=1.5322. Resources: rss=1997.4MB, peak_rss=2225.9MB, cuda_alloc=360.6MB, cuda_reserved=42816.0MB, cuda_peak_alloc=7062.2MB, cuda_free=5151.8MB, cuda_total=48519.1MB
[2026-06-11 13:22:06] Epoch 02 train batch [360/1875] loss=1.4087 avg_loss=1.5188. Resources: rss=1997.8MB, peak_rss=2225.9MB, cuda_alloc=360.6MB, cuda_reserved=43456.0MB, cuda_peak_alloc=7062.2MB, cuda_free=4511.8MB, cuda_total=48519.1MB
[2026-06-11 13:22:10] Epoch 02 train batch [380/1875] loss=1.2722 avg_loss=1.5083. Resources: rss=1997.3MB, peak_rss=2225.9MB, cuda_alloc=360.6MB, cuda_reserved=43456.0MB, cuda_peak_alloc=7062.2MB, cuda_free=4511.8MB, cuda_total=48519.1MB
[2026-06-11 13:22:15] Epoch 02 train batch [400/1875] loss=1.1690 avg_loss=1.4978. Resources: rss=1996.3MB, peak_rss=2225.9MB, cuda_alloc=360.6MB, cuda_reserved=45216.0MB, cuda_peak_alloc=7062.2MB, cuda_free=2751.8MB, cuda_total=48519.1MB
[2026-06-11 13:22:19] Epoch 02 train batch [420/1875] loss=0.9582 avg_loss=1.4852. Resources: rss=1996.9MB, peak_rss=2225.9MB, cuda_alloc=360.6MB, cuda_reserved=45216.0MB, cuda_peak_alloc=7062.4MB, cuda_free=2751.8MB, cuda_total=48519.1MB
[2026-06-11 13:22:24] Epoch 02 train batch [440/1875] loss=1.0361 avg_loss=1.4732. Resources: rss=2000.1MB, peak_rss=2225.9MB, cuda_alloc=360.6MB, cuda_reserved=45216.0MB, cuda_peak_alloc=7062.4MB, cuda_free=2751.8MB, cuda_total=48519.1MB
[2026-06-11 13:22:28] Epoch 02 train batch [460/1875] loss=1.2689 avg_loss=1.4605. Resources: rss=1999.7MB, peak_rss=2225.9MB, cuda_alloc=360.6MB, cuda_reserved=45216.0MB, cuda_peak_alloc=7062.4MB, cuda_free=2751.8MB, cuda_total=48519.1MB
[2026-06-11 13:22:33] Epoch 02 train batch [480/1875] loss=1.1640 avg_loss=1.4536. Resources: rss=2000.2MB, peak_rss=2225.9MB, cuda_alloc=360.6MB, cuda_reserved=45216.0MB, cuda_peak_alloc=7062.4MB, cuda_free=2751.8MB, cuda_total=48519.1MB
[2026-06-11 13:22:38] Epoch 02 train batch [500/1875] loss=1.4197 avg_loss=1.4471. Resources: rss=1999.4MB, peak_rss=2225.9MB, cuda_alloc=360.6MB, cuda_reserved=22096.0MB, cuda_peak_alloc=7062.4MB, cuda_free=25871.8MB, cuda_total=48519.1MB
[2026-06-11 13:22:43] Epoch 02 train batch [520/1875] loss=1.0349 avg_loss=1.4358. Resources: rss=2000.2MB, peak_rss=2225.9MB, cuda_alloc=360.6MB, cuda_reserved=47596.0MB, cuda_peak_alloc=7062.4MB, cuda_free=371.8MB, cuda_total=48519.1MB
[2026-06-11 13:22:47] Epoch 02 train batch [540/1875] loss=1.4885 avg_loss=1.4267. Resources: rss=2000.5MB, peak_rss=2225.9MB, cuda_alloc=351.4MB, cuda_reserved=47596.0MB, cuda_peak_alloc=7062.4MB, cuda_free=371.8MB, cuda_total=48519.1MB
[2026-06-11 13:22:51] Epoch 02 train batch [560/1875] loss=1.0605 avg_loss=1.4180. Resources: rss=2002.5MB, peak_rss=2225.9MB, cuda_alloc=360.6MB, cuda_reserved=47596.0MB, cuda_peak_alloc=7062.4MB, cuda_free=371.8MB, cuda_total=48519.1MB
[2026-06-11 13:22:55] Epoch 02 train batch [580/1875] loss=0.9047 avg_loss=1.4101. Resources: rss=2002.8MB, peak_rss=2225.9MB, cuda_alloc=360.6MB, cuda_reserved=47596.0MB, cuda_peak_alloc=7062.4MB, cuda_free=371.8MB, cuda_total=48519.1MB
[2026-06-11 13:23:00] Epoch 02 train batch [600/1875] loss=0.9655 avg_loss=1.4009. Resources: rss=2001.9MB, peak_rss=2225.9MB, cuda_alloc=360.6MB, cuda_reserved=47596.0MB, cuda_peak_alloc=7062.4MB, cuda_free=371.8MB, cuda_total=48519.1MB
[2026-06-11 13:23:04] Epoch 02 train batch [620/1875] loss=1.2368 avg_loss=1.3936. Resources: rss=2001.8MB, peak_rss=2225.9MB, cuda_alloc=360.6MB, cuda_reserved=47596.0MB, cuda_peak_alloc=7062.4MB, cuda_free=371.8MB, cuda_total=48519.1MB
[2026-06-11 13:23:09] Epoch 02 train batch [640/1875] loss=1.6515 avg_loss=1.3926. Resources: rss=2002.4MB, peak_rss=2225.9MB, cuda_alloc=360.6MB, cuda_reserved=28516.0MB, cuda_peak_alloc=7062.4MB, cuda_free=19451.8MB, cuda_total=48519.1MB
[2026-06-11 13:23:15] Epoch 02 train batch [660/1875] loss=1.0707 avg_loss=1.3863. Resources: rss=2002.1MB, peak_rss=2225.9MB, cuda_alloc=360.6MB, cuda_reserved=41076.0MB, cuda_peak_alloc=7062.4MB, cuda_free=6891.8MB, cuda_total=48519.1MB
[2026-06-11 13:23:21] Epoch 02 train batch [680/1875] loss=1.2015 avg_loss=1.3837. Resources: rss=2006.7MB, peak_rss=2225.9MB, cuda_alloc=360.6MB, cuda_reserved=46036.0MB, cuda_peak_alloc=7062.4MB, cuda_free=1931.8MB, cuda_total=48519.1MB
[2026-06-11 13:23:27] Epoch 02 train batch [700/1875] loss=1.1262 avg_loss=1.3754. Resources: rss=2006.2MB, peak_rss=2225.9MB, cuda_alloc=360.6MB, cuda_reserved=31956.0MB, cuda_peak_alloc=7062.4MB, cuda_free=16011.8MB, cuda_total=48519.1MB
[2026-06-11 13:23:32] Epoch 02 train batch [720/1875] loss=0.9880 avg_loss=1.3683. Resources: rss=2006.2MB, peak_rss=2225.9MB, cuda_alloc=360.6MB, cuda_reserved=39036.0MB, cuda_peak_alloc=7062.4MB, cuda_free=8931.8MB, cuda_total=48519.1MB
[2026-06-11 13:23:36] Epoch 02 train batch [740/1875] loss=1.5609 avg_loss=1.3618. Resources: rss=2007.5MB, peak_rss=2225.9MB, cuda_alloc=360.6MB, cuda_reserved=42616.0MB, cuda_peak_alloc=7062.6MB, cuda_free=5351.8MB, cuda_total=48519.1MB
[2026-06-11 13:23:41] Epoch 02 train batch [760/1875] loss=1.0794 avg_loss=1.3567. Resources: rss=2008.0MB, peak_rss=2225.9MB, cuda_alloc=360.6MB, cuda_reserved=26656.0MB, cuda_peak_alloc=7062.6MB, cuda_free=21311.8MB, cuda_total=48519.1MB
[2026-06-11 13:23:46] Epoch 02 train batch [780/1875] loss=1.1212 avg_loss=1.3513. Resources: rss=2008.1MB, peak_rss=2225.9MB, cuda_alloc=360.6MB, cuda_reserved=30016.0MB, cuda_peak_alloc=7062.6MB, cuda_free=17951.8MB, cuda_total=48519.1MB
[2026-06-11 13:23:50] Epoch 02 train batch [800/1875] loss=1.0811 avg_loss=1.3450. Resources: rss=2008.1MB, peak_rss=2225.9MB, cuda_alloc=360.6MB, cuda_reserved=41716.0MB, cuda_peak_alloc=7062.6MB, cuda_free=6251.8MB, cuda_total=48519.1MB
[2026-06-11 13:23:54] Epoch 02 train batch [820/1875] loss=1.0968 avg_loss=1.3393. Resources: rss=2007.5MB, peak_rss=2225.9MB, cuda_alloc=360.6MB, cuda_reserved=41716.0MB, cuda_peak_alloc=7062.6MB, cuda_free=6251.8MB, cuda_total=48519.1MB
[2026-06-11 13:23:58] Epoch 02 train batch [840/1875] loss=0.9214 avg_loss=1.3347. Resources: rss=2008.1MB, peak_rss=2225.9MB, cuda_alloc=360.6MB, cuda_reserved=41716.0MB, cuda_peak_alloc=7062.6MB, cuda_free=6251.8MB, cuda_total=48519.1MB
[2026-06-11 13:24:03] Epoch 02 train batch [860/1875] loss=1.2488 avg_loss=1.3296. Resources: rss=2007.7MB, peak_rss=2225.9MB, cuda_alloc=360.6MB, cuda_reserved=41956.0MB, cuda_peak_alloc=7062.6MB, cuda_free=6011.8MB, cuda_total=48519.1MB
[2026-06-11 13:24:07] Epoch 02 train batch [880/1875] loss=1.0973 avg_loss=1.3242. Resources: rss=2008.5MB, peak_rss=2225.9MB, cuda_alloc=360.6MB, cuda_reserved=41956.0MB, cuda_peak_alloc=7062.6MB, cuda_free=6011.8MB, cuda_total=48519.1MB
[2026-06-11 13:24:12] Epoch 02 train batch [900/1875] loss=1.1385 avg_loss=1.3205. Resources: rss=2007.5MB, peak_rss=2225.9MB, cuda_alloc=360.6MB, cuda_reserved=41956.0MB, cuda_peak_alloc=7062.6MB, cuda_free=6011.8MB, cuda_total=48519.1MB
[2026-06-11 13:24:16] Epoch 02 train batch [920/1875] loss=1.1278 avg_loss=1.3165. Resources: rss=2008.5MB, peak_rss=2225.9MB, cuda_alloc=360.6MB, cuda_reserved=41956.0MB, cuda_peak_alloc=7062.6MB, cuda_free=6011.8MB, cuda_total=48519.1MB
[2026-06-11 13:24:20] Epoch 02 train batch [940/1875] loss=1.0967 avg_loss=1.3132. Resources: rss=2007.5MB, peak_rss=2225.9MB, cuda_alloc=360.6MB, cuda_reserved=41956.0MB, cuda_peak_alloc=7062.6MB, cuda_free=6011.8MB, cuda_total=48519.1MB
[2026-06-11 13:24:25] Epoch 02 train batch [960/1875] loss=1.1215 avg_loss=1.3075. Resources: rss=2008.3MB, peak_rss=2225.9MB, cuda_alloc=360.6MB, cuda_reserved=41956.0MB, cuda_peak_alloc=7062.9MB, cuda_free=6011.8MB, cuda_total=48519.1MB
[2026-06-11 13:24:29] Epoch 02 train batch [980/1875] loss=1.1483 avg_loss=1.3038. Resources: rss=2008.9MB, peak_rss=2225.9MB, cuda_alloc=360.6MB, cuda_reserved=41956.0MB, cuda_peak_alloc=7062.9MB, cuda_free=6011.8MB, cuda_total=48519.1MB
[2026-06-11 13:24:34] Epoch 02 train batch [1000/1875] loss=1.3188 avg_loss=1.2981. Resources: rss=2008.2MB, peak_rss=2225.9MB, cuda_alloc=360.6MB, cuda_reserved=46436.0MB, cuda_peak_alloc=7062.9MB, cuda_free=1531.8MB, cuda_total=48519.1MB
[2026-06-11 13:24:38] Epoch 02 train batch [1020/1875] loss=0.9015 avg_loss=1.2937. Resources: rss=2008.3MB, peak_rss=2225.9MB, cuda_alloc=360.6MB, cuda_reserved=46436.0MB, cuda_peak_alloc=7062.9MB, cuda_free=1531.8MB, cuda_total=48519.1MB
[2026-06-11 13:24:42] Epoch 02 train batch [1040/1875] loss=0.9789 avg_loss=1.2898. Resources: rss=2007.7MB, peak_rss=2225.9MB, cuda_alloc=360.6MB, cuda_reserved=46436.0MB, cuda_peak_alloc=7062.9MB, cuda_free=1531.8MB, cuda_total=48519.1MB
[2026-06-11 13:24:47] Epoch 02 train batch [1060/1875] loss=1.1924 avg_loss=1.2874. Resources: rss=2008.3MB, peak_rss=2225.9MB, cuda_alloc=360.6MB, cuda_reserved=46436.0MB, cuda_peak_alloc=7062.9MB, cuda_free=1531.8MB, cuda_total=48519.1MB
[2026-06-11 13:24:51] Epoch 02 train batch [1080/1875] loss=1.3852 avg_loss=1.2839. Resources: rss=2007.8MB, peak_rss=2225.9MB, cuda_alloc=360.6MB, cuda_reserved=46436.0MB, cuda_peak_alloc=7062.9MB, cuda_free=1531.8MB, cuda_total=48519.1MB
[2026-06-11 13:24:56] Epoch 02 train batch [1100/1875] loss=1.0130 avg_loss=1.2800. Resources: rss=2007.7MB, peak_rss=2225.9MB, cuda_alloc=360.6MB, cuda_reserved=46436.0MB, cuda_peak_alloc=7062.9MB, cuda_free=1531.8MB, cuda_total=48519.1MB
[2026-06-11 13:25:00] Epoch 02 train batch [1120/1875] loss=0.9616 avg_loss=1.2756. Resources: rss=2009.4MB, peak_rss=2225.9MB, cuda_alloc=360.6MB, cuda_reserved=46436.0MB, cuda_peak_alloc=7062.9MB, cuda_free=1531.8MB, cuda_total=48519.1MB
[2026-06-11 13:25:04] Epoch 02 train batch [1140/1875] loss=1.5316 avg_loss=1.2724. Resources: rss=2009.4MB, peak_rss=2225.9MB, cuda_alloc=360.6MB, cuda_reserved=46436.0MB, cuda_peak_alloc=7062.9MB, cuda_free=1531.8MB, cuda_total=48519.1MB
[2026-06-11 13:25:09] Epoch 02 train batch [1160/1875] loss=1.1423 avg_loss=1.2703. Resources: rss=2010.3MB, peak_rss=2225.9MB, cuda_alloc=360.6MB, cuda_reserved=46436.0MB, cuda_peak_alloc=7062.9MB, cuda_free=1531.8MB, cuda_total=48519.1MB
[2026-06-11 13:25:13] Epoch 02 train batch [1180/1875] loss=1.0512 avg_loss=1.2673. Resources: rss=2009.9MB, peak_rss=2225.9MB, cuda_alloc=360.6MB, cuda_reserved=46436.0MB, cuda_peak_alloc=7062.9MB, cuda_free=1531.8MB, cuda_total=48519.1MB
[2026-06-11 13:25:17] Epoch 02 train batch [1200/1875] loss=2.2290 avg_loss=1.2642. Resources: rss=2011.6MB, peak_rss=2225.9MB, cuda_alloc=351.4MB, cuda_reserved=46436.0MB, cuda_peak_alloc=7062.9MB, cuda_free=1531.8MB, cuda_total=48519.1MB
[2026-06-11 13:25:22] Epoch 02 train batch [1220/1875] loss=1.2000 avg_loss=1.2613. Resources: rss=2010.4MB, peak_rss=2225.9MB, cuda_alloc=360.6MB, cuda_reserved=46436.0MB, cuda_peak_alloc=7062.9MB, cuda_free=1531.8MB, cuda_total=48519.1MB
[2026-06-11 13:25:26] Epoch 02 train batch [1240/1875] loss=1.1136 avg_loss=1.2580. Resources: rss=2010.4MB, peak_rss=2225.9MB, cuda_alloc=360.6MB, cuda_reserved=46436.0MB, cuda_peak_alloc=7062.9MB, cuda_free=1531.8MB, cuda_total=48519.1MB
[2026-06-11 13:25:30] Epoch 02 train batch [1260/1875] loss=1.0370 avg_loss=1.2559. Resources: rss=2010.6MB, peak_rss=2225.9MB, cuda_alloc=360.6MB, cuda_reserved=46436.0MB, cuda_peak_alloc=7062.9MB, cuda_free=1531.8MB, cuda_total=48519.1MB
[2026-06-11 13:25:34] Epoch 02 train batch [1280/1875] loss=1.5456 avg_loss=1.2531. Resources: rss=2010.8MB, peak_rss=2225.9MB, cuda_alloc=360.6MB, cuda_reserved=46436.0MB, cuda_peak_alloc=7062.9MB, cuda_free=1531.8MB, cuda_total=48519.1MB
[2026-06-11 13:25:39] Epoch 02 train batch [1300/1875] loss=1.1303 avg_loss=1.2499. Resources: rss=2010.8MB, peak_rss=2225.9MB, cuda_alloc=360.6MB, cuda_reserved=46436.0MB, cuda_peak_alloc=7062.9MB, cuda_free=1531.8MB, cuda_total=48519.1MB
[2026-06-11 13:25:43] Epoch 02 train batch [1320/1875] loss=0.9699 avg_loss=1.2479. Resources: rss=2009.2MB, peak_rss=2225.9MB, cuda_alloc=360.6MB, cuda_reserved=46436.0MB, cuda_peak_alloc=7062.9MB, cuda_free=1531.8MB, cuda_total=48519.1MB
[2026-06-11 13:25:48] Epoch 02 train batch [1340/1875] loss=0.8303 avg_loss=1.2463. Resources: rss=2010.6MB, peak_rss=2225.9MB, cuda_alloc=360.6MB, cuda_reserved=46436.0MB, cuda_peak_alloc=7062.9MB, cuda_free=1531.8MB, cuda_total=48519.1MB
[2026-06-11 13:25:52] Epoch 02 train batch [1360/1875] loss=1.2713 avg_loss=1.2442. Resources: rss=2010.4MB, peak_rss=2225.9MB, cuda_alloc=360.6MB, cuda_reserved=46436.0MB, cuda_peak_alloc=7062.9MB, cuda_free=1531.8MB, cuda_total=48519.1MB
[2026-06-11 13:25:56] Epoch 02 train batch [1380/1875] loss=0.8094 avg_loss=1.2418. Resources: rss=2010.3MB, peak_rss=2225.9MB, cuda_alloc=360.6MB, cuda_reserved=46436.0MB, cuda_peak_alloc=7062.9MB, cuda_free=1531.8MB, cuda_total=48519.1MB
[2026-06-11 13:26:00] Epoch 02 train batch [1400/1875] loss=1.0244 avg_loss=1.2398. Resources: rss=2009.9MB, peak_rss=2225.9MB, cuda_alloc=360.6MB, cuda_reserved=46436.0MB, cuda_peak_alloc=7062.9MB, cuda_free=1531.8MB, cuda_total=48519.1MB
[2026-06-11 13:26:05] Epoch 02 train batch [1420/1875] loss=1.3241 avg_loss=1.2380. Resources: rss=2010.1MB, peak_rss=2225.9MB, cuda_alloc=360.6MB, cuda_reserved=46436.0MB, cuda_peak_alloc=7062.9MB, cuda_free=1531.8MB, cuda_total=48519.1MB
[2026-06-11 13:26:09] Epoch 02 train batch [1440/1875] loss=0.7155 avg_loss=1.2346. Resources: rss=2010.6MB, peak_rss=2225.9MB, cuda_alloc=360.6MB, cuda_reserved=46436.0MB, cuda_peak_alloc=7062.9MB, cuda_free=1531.8MB, cuda_total=48519.1MB
[2026-06-11 13:26:14] Epoch 02 train batch [1460/1875] loss=1.0365 avg_loss=1.2323. Resources: rss=2010.4MB, peak_rss=2225.9MB, cuda_alloc=360.6MB, cuda_reserved=46876.0MB, cuda_peak_alloc=7062.9MB, cuda_free=1091.8MB, cuda_total=48519.1MB
[2026-06-11 13:26:18] Epoch 02 train batch [1480/1875] loss=1.0003 avg_loss=1.2301. Resources: rss=2011.5MB, peak_rss=2225.9MB, cuda_alloc=360.6MB, cuda_reserved=46876.0MB, cuda_peak_alloc=7062.9MB, cuda_free=1091.8MB, cuda_total=48519.1MB
[2026-06-11 13:26:22] Epoch 02 train batch [1500/1875] loss=1.0590 avg_loss=1.2286. Resources: rss=2011.8MB, peak_rss=2225.9MB, cuda_alloc=360.6MB, cuda_reserved=47456.0MB, cuda_peak_alloc=7062.9MB, cuda_free=511.8MB, cuda_total=48519.1MB
[2026-06-11 13:26:26] Epoch 02 train batch [1520/1875] loss=1.1647 avg_loss=1.2254. Resources: rss=2012.3MB, peak_rss=2225.9MB, cuda_alloc=360.6MB, cuda_reserved=47456.0MB, cuda_peak_alloc=7062.9MB, cuda_free=511.8MB, cuda_total=48519.1MB
[2026-06-11 13:26:31] Epoch 02 train batch [1540/1875] loss=1.0609 avg_loss=1.2223. Resources: rss=2011.5MB, peak_rss=2225.9MB, cuda_alloc=360.6MB, cuda_reserved=47456.0MB, cuda_peak_alloc=7062.9MB, cuda_free=511.8MB, cuda_total=48519.1MB
[2026-06-11 13:26:36] Epoch 02 train batch [1560/1875] loss=0.9101 avg_loss=1.2207. Resources: rss=2011.2MB, peak_rss=2225.9MB, cuda_alloc=360.6MB, cuda_reserved=11816.0MB, cuda_peak_alloc=7062.9MB, cuda_free=36151.8MB, cuda_total=48519.1MB
[2026-06-11 13:26:40] Epoch 02 train batch [1580/1875] loss=0.8999 avg_loss=1.2177. Resources: rss=2010.9MB, peak_rss=2225.9MB, cuda_alloc=360.6MB, cuda_reserved=31696.0MB, cuda_peak_alloc=7062.9MB, cuda_free=16271.8MB, cuda_total=48519.1MB
[2026-06-11 13:26:45] Epoch 02 train batch [1600/1875] loss=0.9738 avg_loss=1.2157. Resources: rss=2010.2MB, peak_rss=2225.9MB, cuda_alloc=360.6MB, cuda_reserved=36896.0MB, cuda_peak_alloc=7062.9MB, cuda_free=11071.8MB, cuda_total=48519.1MB
[2026-06-11 13:26:49] Epoch 02 train batch [1620/1875] loss=1.0893 avg_loss=1.2135. Resources: rss=2010.8MB, peak_rss=2225.9MB, cuda_alloc=360.6MB, cuda_reserved=36896.0MB, cuda_peak_alloc=7062.9MB, cuda_free=11071.8MB, cuda_total=48519.1MB
[2026-06-11 13:26:54] Epoch 02 train batch [1640/1875] loss=1.1022 avg_loss=1.2117. Resources: rss=2011.4MB, peak_rss=2225.9MB, cuda_alloc=360.6MB, cuda_reserved=36896.0MB, cuda_peak_alloc=7062.9MB, cuda_free=11071.8MB, cuda_total=48519.1MB
[2026-06-11 13:26:58] Epoch 02 train batch [1660/1875] loss=1.0645 avg_loss=1.2096. Resources: rss=2011.4MB, peak_rss=2225.9MB, cuda_alloc=360.6MB, cuda_reserved=36896.0MB, cuda_peak_alloc=7062.9MB, cuda_free=11071.8MB, cuda_total=48519.1MB
[2026-06-11 13:27:02] Epoch 02 train batch [1680/1875] loss=1.2134 avg_loss=1.2078. Resources: rss=2011.2MB, peak_rss=2225.9MB, cuda_alloc=360.6MB, cuda_reserved=38536.0MB, cuda_peak_alloc=7062.9MB, cuda_free=9431.8MB, cuda_total=48519.1MB
[2026-06-11 13:27:06] Epoch 02 train batch [1700/1875] loss=0.7993 avg_loss=1.2049. Resources: rss=2011.2MB, peak_rss=2225.9MB, cuda_alloc=360.6MB, cuda_reserved=38536.0MB, cuda_peak_alloc=7062.9MB, cuda_free=9431.8MB, cuda_total=48519.1MB
[2026-06-11 13:27:11] Epoch 02 train batch [1720/1875] loss=0.8167 avg_loss=1.2024. Resources: rss=2011.4MB, peak_rss=2225.9MB, cuda_alloc=360.6MB, cuda_reserved=47116.0MB, cuda_peak_alloc=7062.9MB, cuda_free=851.8MB, cuda_total=48519.1MB
[2026-06-11 13:27:15] Epoch 02 train batch [1740/1875] loss=1.0069 avg_loss=1.2004. Resources: rss=2012.0MB, peak_rss=2225.9MB, cuda_alloc=360.6MB, cuda_reserved=47116.0MB, cuda_peak_alloc=7062.9MB, cuda_free=851.8MB, cuda_total=48519.1MB
[2026-06-11 13:27:19] Epoch 02 train batch [1760/1875] loss=0.8160 avg_loss=1.1974. Resources: rss=2012.4MB, peak_rss=2225.9MB, cuda_alloc=360.6MB, cuda_reserved=47116.0MB, cuda_peak_alloc=7062.9MB, cuda_free=851.8MB, cuda_total=48519.1MB
[2026-06-11 13:27:24] Epoch 02 train batch [1780/1875] loss=0.8832 avg_loss=1.1953. Resources: rss=2011.5MB, peak_rss=2225.9MB, cuda_alloc=360.6MB, cuda_reserved=47116.0MB, cuda_peak_alloc=7062.9MB, cuda_free=851.8MB, cuda_total=48519.1MB
[2026-06-11 13:27:28] Epoch 02 train batch [1800/1875] loss=0.9383 avg_loss=1.1931. Resources: rss=2011.1MB, peak_rss=2225.9MB, cuda_alloc=360.6MB, cuda_reserved=47116.0MB, cuda_peak_alloc=7062.9MB, cuda_free=851.8MB, cuda_total=48519.1MB
[2026-06-11 13:27:33] Epoch 02 train batch [1820/1875] loss=1.1556 avg_loss=1.1907. Resources: rss=2009.8MB, peak_rss=2225.9MB, cuda_alloc=360.6MB, cuda_reserved=47116.0MB, cuda_peak_alloc=7062.9MB, cuda_free=851.8MB, cuda_total=48519.1MB
[2026-06-11 13:27:37] Epoch 02 train batch [1840/1875] loss=0.7687 avg_loss=1.1890. Resources: rss=2011.4MB, peak_rss=2225.9MB, cuda_alloc=360.6MB, cuda_reserved=47116.0MB, cuda_peak_alloc=7062.9MB, cuda_free=851.8MB, cuda_total=48519.1MB
[2026-06-11 13:27:41] Epoch 02 train batch [1860/1875] loss=0.9322 avg_loss=1.1866. Resources: rss=2010.6MB, peak_rss=2225.9MB, cuda_alloc=360.6MB, cuda_reserved=47116.0MB, cuda_peak_alloc=7062.9MB, cuda_free=851.8MB, cuda_total=48519.1MB
[2026-06-11 13:27:45] Epoch 02 train batch [1875/1875] loss=0.9713 avg_loss=1.1871. Resources: rss=2011.7MB, peak_rss=2225.9MB, cuda_alloc=360.6MB, cuda_reserved=47116.0MB, cuda_peak_alloc=7062.9MB, cuda_free=851.8MB, cuda_total=48519.1MB
[2026-06-11 13:27:45] Epoch 02 training completed. Resources: rss=2003.6MB, peak_rss=2225.9MB, cuda_alloc=360.6MB, cuda_reserved=47116.0MB, cuda_peak_alloc=7062.9MB, cuda_free=851.8MB, cuda_total=48519.1MB
[2026-06-11 13:27:46] Epoch 02 cache released before validation loss. Resources: rss=2003.6MB, peak_rss=2225.9MB, cuda_alloc=360.6MB, cuda_reserved=498.0MB, cuda_peak_alloc=360.6MB, cuda_free=47469.8MB, cuda_total=48519.1MB
[2026-06-11 13:28:19] Epoch 02 validation loss completed: 0.9838. Resources: rss=2003.1MB, peak_rss=2225.9MB, cuda_alloc=360.6MB, cuda_reserved=7006.0MB, cuda_peak_alloc=2034.0MB, cuda_free=40961.8MB, cuda_total=48519.1MB
[2026-06-11 13:28:19] Epoch 02 cache released before detection metrics. Resources: rss=1999.4MB, peak_rss=2225.9MB, cuda_alloc=360.6MB, cuda_reserved=498.0MB, cuda_peak_alloc=360.6MB, cuda_free=47469.8MB, cuda_total=48519.1MB
[2026-06-11 13:29:00] Epoch 02 prediction tensors moved to CPU. Computing metrics. Resources: rss=2063.1MB, peak_rss=2225.9MB, cuda_alloc=360.6MB, cuda_reserved=498.0MB, cuda_peak_alloc=360.6MB, cuda_free=47469.8MB, cuda_total=48519.1MB
[2026-06-11 13:29:00] Epoch 02 metrics computed (mAP@0.5 only). Saving artifacts. Resources: rss=2077.6MB, peak_rss=2225.9MB, cuda_alloc=360.6MB, cuda_reserved=498.0MB, cuda_peak_alloc=360.6MB, cuda_free=47469.8MB, cuda_total=48519.1MB
[2026-06-11 13:29:01] Epoch 02 improved mAP@0.5 to 0.0412. Saved best checkpoint: best_model-20260611-131215.pth. Resources: rss=2552.9MB, peak_rss=2552.9MB, cuda_alloc=360.6MB, cuda_reserved=498.0MB, cuda_peak_alloc=360.6MB, cuda_free=47469.8MB, cuda_total=48519.1MB
Epoch [02/50]
├── Train Loss : 1.1871
│   ├── loss_classifier  : 0.7263
│   ├── loss_box_reg     : 0.4608
│   ├── loss_objectness  : 0.0000
│   └── loss_rpn_box_reg : 0.0000
├── Val Loss   : 0.9838
├── mAP@0.5    : 0.0412
├── mAP@0.75   : n/a
├── mAP@0.5:0.95 : n/a
├── Precision  : 0.0117
├── Recall     : 0.8313
├── GT Boxes   : 2021
├── Predictions: 143804
├── Per-class AP
│   ├── person  : AP50=0.1316, AP75=n/a, AP50:95=n/a, P=0.0196, R=0.8687
│   ├── car     : AP50=0.0269, AP75=n/a, AP50:95=n/a, P=0.0082, R=0.7138
│   ├── dog     : AP50=0.0107, AP75=n/a, AP50:95=n/a, P=0.0090, R=0.8204
│   ├── cat     : AP50=0.0103, AP75=n/a, AP50:95=n/a, P=0.0073, R=0.8807
│   └── chair   : AP50=0.0267, AP75=n/a, AP50:95=n/a, P=0.0070, R=0.7837
├── LR         : 0.000550
└── Time       : 501.7s
[2026-06-11 13:29:01] Epoch [02/50] completed. Resources: rss=2068.8MB, peak_rss=2552.9MB, cuda_alloc=360.6MB, cuda_reserved=498.0MB, cuda_peak_alloc=360.6MB, cuda_free=47469.8MB, cuda_total=48519.1MB
[2026-06-11 13:29:01] Epoch [03/50] started. Resources: rss=2068.8MB, peak_rss=2552.9MB, cuda_alloc=360.6MB, cuda_reserved=498.0MB, cuda_peak_alloc=360.6MB, cuda_free=47469.8MB, cuda_total=48519.1MB
[2026-06-11 13:29:06] Epoch 03 train batch [20/1875] loss=0.8914 avg_loss=0.9620. Resources: rss=2077.8MB, peak_rss=2552.9MB, cuda_alloc=360.6MB, cuda_reserved=30456.0MB, cuda_peak_alloc=7061.9MB, cuda_free=17511.8MB, cuda_total=48519.1MB
[2026-06-11 13:29:11] Epoch 03 train batch [40/1875] loss=0.9206 avg_loss=1.0092. Resources: rss=2081.4MB, peak_rss=2552.9MB, cuda_alloc=360.6MB, cuda_reserved=44636.0MB, cuda_peak_alloc=7061.9MB, cuda_free=3331.8MB, cuda_total=48519.1MB
[2026-06-11 13:29:15] Epoch 03 train batch [60/1875] loss=0.8357 avg_loss=0.9835. Resources: rss=2080.4MB, peak_rss=2552.9MB, cuda_alloc=360.6MB, cuda_reserved=44636.0MB, cuda_peak_alloc=7062.2MB, cuda_free=3331.8MB, cuda_total=48519.1MB
[2026-06-11 13:29:19] Epoch 03 train batch [80/1875] loss=0.8147 avg_loss=0.9760. Resources: rss=2080.5MB, peak_rss=2552.9MB, cuda_alloc=360.6MB, cuda_reserved=44636.0MB, cuda_peak_alloc=7062.2MB, cuda_free=3331.8MB, cuda_total=48519.1MB
[2026-06-11 13:29:24] Epoch 03 train batch [100/1875] loss=0.8873 avg_loss=0.9778. Resources: rss=2080.6MB, peak_rss=2552.9MB, cuda_alloc=360.6MB, cuda_reserved=44636.0MB, cuda_peak_alloc=7062.2MB, cuda_free=3331.8MB, cuda_total=48519.1MB
[2026-06-11 13:29:28] Epoch 03 train batch [120/1875] loss=0.9252 avg_loss=0.9748. Resources: rss=2080.1MB, peak_rss=2552.9MB, cuda_alloc=360.6MB, cuda_reserved=44636.0MB, cuda_peak_alloc=7062.2MB, cuda_free=3331.8MB, cuda_total=48519.1MB
[2026-06-11 13:29:32] Epoch 03 train batch [140/1875] loss=1.0269 avg_loss=0.9774. Resources: rss=2080.2MB, peak_rss=2552.9MB, cuda_alloc=360.6MB, cuda_reserved=44636.0MB, cuda_peak_alloc=7062.2MB, cuda_free=3331.8MB, cuda_total=48519.1MB
[2026-06-11 13:29:37] Epoch 03 train batch [160/1875] loss=1.1085 avg_loss=0.9725. Resources: rss=2080.2MB, peak_rss=2552.9MB, cuda_alloc=360.6MB, cuda_reserved=44636.0MB, cuda_peak_alloc=7062.2MB, cuda_free=3331.8MB, cuda_total=48519.1MB
[2026-06-11 13:29:41] Epoch 03 train batch [180/1875] loss=0.7622 avg_loss=0.9776. Resources: rss=2080.4MB, peak_rss=2552.9MB, cuda_alloc=360.6MB, cuda_reserved=44636.0MB, cuda_peak_alloc=7062.2MB, cuda_free=3331.8MB, cuda_total=48519.1MB
[2026-06-11 13:29:45] Epoch 03 train batch [200/1875] loss=1.1142 avg_loss=0.9817. Resources: rss=2080.0MB, peak_rss=2552.9MB, cuda_alloc=360.6MB, cuda_reserved=44636.0MB, cuda_peak_alloc=7062.2MB, cuda_free=3331.8MB, cuda_total=48519.1MB
[2026-06-11 13:29:49] Epoch 03 train batch [220/1875] loss=0.9851 avg_loss=0.9872. Resources: rss=2080.2MB, peak_rss=2552.9MB, cuda_alloc=360.6MB, cuda_reserved=45776.0MB, cuda_peak_alloc=7062.2MB, cuda_free=2191.8MB, cuda_total=48519.1MB
[2026-06-11 13:29:53] Epoch 03 train batch [240/1875] loss=1.0186 avg_loss=0.9877. Resources: rss=2079.4MB, peak_rss=2552.9MB, cuda_alloc=360.6MB, cuda_reserved=45776.0MB, cuda_peak_alloc=7062.2MB, cuda_free=2191.8MB, cuda_total=48519.1MB
[2026-06-11 13:29:58] Epoch 03 train batch [260/1875] loss=1.1086 avg_loss=0.9826. Resources: rss=2080.0MB, peak_rss=2552.9MB, cuda_alloc=360.6MB, cuda_reserved=45776.0MB, cuda_peak_alloc=7062.2MB, cuda_free=2191.8MB, cuda_total=48519.1MB
[2026-06-11 13:30:02] Epoch 03 train batch [280/1875] loss=0.9253 avg_loss=0.9829. Resources: rss=2079.7MB, peak_rss=2552.9MB, cuda_alloc=360.6MB, cuda_reserved=45776.0MB, cuda_peak_alloc=7062.2MB, cuda_free=2191.8MB, cuda_total=48519.1MB
[2026-06-11 13:30:06] Epoch 03 train batch [300/1875] loss=0.8292 avg_loss=0.9796. Resources: rss=2080.4MB, peak_rss=2552.9MB, cuda_alloc=360.6MB, cuda_reserved=45776.0MB, cuda_peak_alloc=7062.2MB, cuda_free=2191.8MB, cuda_total=48519.1MB
[2026-06-11 13:30:11] Epoch 03 train batch [320/1875] loss=1.0198 avg_loss=0.9789. Resources: rss=2080.2MB, peak_rss=2552.9MB, cuda_alloc=360.6MB, cuda_reserved=45776.0MB, cuda_peak_alloc=7062.2MB, cuda_free=2191.8MB, cuda_total=48519.1MB
[2026-06-11 13:30:15] Epoch 03 train batch [340/1875] loss=0.8997 avg_loss=0.9770. Resources: rss=2081.7MB, peak_rss=2552.9MB, cuda_alloc=360.6MB, cuda_reserved=45776.0MB, cuda_peak_alloc=7062.2MB, cuda_free=2191.8MB, cuda_total=48519.1MB
[2026-06-11 13:30:19] Epoch 03 train batch [360/1875] loss=0.7136 avg_loss=0.9691. Resources: rss=2083.7MB, peak_rss=2552.9MB, cuda_alloc=360.6MB, cuda_reserved=45776.0MB, cuda_peak_alloc=7062.2MB, cuda_free=2191.8MB, cuda_total=48519.1MB
[2026-06-11 13:30:23] Epoch 03 train batch [380/1875] loss=0.7806 avg_loss=0.9679. Resources: rss=2083.5MB, peak_rss=2552.9MB, cuda_alloc=360.6MB, cuda_reserved=45776.0MB, cuda_peak_alloc=7062.2MB, cuda_free=2191.8MB, cuda_total=48519.1MB
[2026-06-11 13:30:28] Epoch 03 train batch [400/1875] loss=0.8726 avg_loss=0.9663. Resources: rss=2083.8MB, peak_rss=2552.9MB, cuda_alloc=360.6MB, cuda_reserved=45776.0MB, cuda_peak_alloc=7062.2MB, cuda_free=2191.8MB, cuda_total=48519.1MB
[2026-06-11 13:30:32] Epoch 03 train batch [420/1875] loss=1.1511 avg_loss=0.9642. Resources: rss=2086.3MB, peak_rss=2552.9MB, cuda_alloc=360.6MB, cuda_reserved=45776.0MB, cuda_peak_alloc=7062.6MB, cuda_free=2191.8MB, cuda_total=48519.1MB
[2026-06-11 13:30:37] Epoch 03 train batch [440/1875] loss=1.3089 avg_loss=0.9728. Resources: rss=2086.7MB, peak_rss=2552.9MB, cuda_alloc=360.6MB, cuda_reserved=45776.0MB, cuda_peak_alloc=7062.6MB, cuda_free=2191.8MB, cuda_total=48519.1MB
[2026-06-11 13:30:41] Epoch 03 train batch [460/1875] loss=0.8529 avg_loss=0.9701. Resources: rss=2088.1MB, peak_rss=2552.9MB, cuda_alloc=360.6MB, cuda_reserved=45776.0MB, cuda_peak_alloc=7062.6MB, cuda_free=2191.8MB, cuda_total=48519.1MB
[2026-06-11 13:30:46] Epoch 03 train batch [480/1875] loss=0.9736 avg_loss=0.9662. Resources: rss=2088.4MB, peak_rss=2552.9MB, cuda_alloc=360.6MB, cuda_reserved=45776.0MB, cuda_peak_alloc=7062.6MB, cuda_free=2191.8MB, cuda_total=48519.1MB
[2026-06-11 13:30:50] Epoch 03 train batch [500/1875] loss=1.1227 avg_loss=0.9637. Resources: rss=2088.4MB, peak_rss=2552.9MB, cuda_alloc=360.6MB, cuda_reserved=45776.0MB, cuda_peak_alloc=7062.6MB, cuda_free=2191.8MB, cuda_total=48519.1MB
[2026-06-11 13:30:54] Epoch 03 train batch [520/1875] loss=0.8259 avg_loss=0.9640. Resources: rss=2088.0MB, peak_rss=2552.9MB, cuda_alloc=360.6MB, cuda_reserved=45776.0MB, cuda_peak_alloc=7062.6MB, cuda_free=2191.8MB, cuda_total=48519.1MB
[2026-06-11 13:30:58] Epoch 03 train batch [540/1875] loss=0.9654 avg_loss=0.9609. Resources: rss=2087.6MB, peak_rss=2552.9MB, cuda_alloc=360.6MB, cuda_reserved=45776.0MB, cuda_peak_alloc=7062.6MB, cuda_free=2191.8MB, cuda_total=48519.1MB
[2026-06-11 13:31:03] Epoch 03 train batch [560/1875] loss=0.9887 avg_loss=0.9567. Resources: rss=2088.9MB, peak_rss=2552.9MB, cuda_alloc=360.6MB, cuda_reserved=45776.0MB, cuda_peak_alloc=7062.6MB, cuda_free=2191.8MB, cuda_total=48519.1MB
[2026-06-11 13:31:07] Epoch 03 train batch [580/1875] loss=0.9252 avg_loss=0.9539. Resources: rss=2091.4MB, peak_rss=2552.9MB, cuda_alloc=360.6MB, cuda_reserved=45776.0MB, cuda_peak_alloc=7062.6MB, cuda_free=2191.8MB, cuda_total=48519.1MB
[2026-06-11 13:31:12] Epoch 03 train batch [600/1875] loss=1.1232 avg_loss=0.9517. Resources: rss=2091.7MB, peak_rss=2552.9MB, cuda_alloc=360.6MB, cuda_reserved=45776.0MB, cuda_peak_alloc=7062.6MB, cuda_free=2191.8MB, cuda_total=48519.1MB
[2026-06-11 13:31:16] Epoch 03 train batch [620/1875] loss=0.7548 avg_loss=0.9509. Resources: rss=2090.9MB, peak_rss=2552.9MB, cuda_alloc=360.6MB, cuda_reserved=45776.0MB, cuda_peak_alloc=7062.6MB, cuda_free=2191.8MB, cuda_total=48519.1MB
[2026-06-11 13:31:20] Epoch 03 train batch [640/1875] loss=0.8980 avg_loss=0.9495. Resources: rss=2092.9MB, peak_rss=2552.9MB, cuda_alloc=360.6MB, cuda_reserved=45776.0MB, cuda_peak_alloc=7062.6MB, cuda_free=2191.8MB, cuda_total=48519.1MB
[2026-06-11 13:31:24] Epoch 03 train batch [660/1875] loss=0.8220 avg_loss=0.9484. Resources: rss=2090.9MB, peak_rss=2552.9MB, cuda_alloc=360.6MB, cuda_reserved=45776.0MB, cuda_peak_alloc=7062.6MB, cuda_free=2191.8MB, cuda_total=48519.1MB
[2026-06-11 13:31:29] Epoch 03 train batch [680/1875] loss=0.8578 avg_loss=0.9491. Resources: rss=2093.3MB, peak_rss=2552.9MB, cuda_alloc=360.6MB, cuda_reserved=45776.0MB, cuda_peak_alloc=7062.6MB, cuda_free=2191.8MB, cuda_total=48519.1MB
[2026-06-11 13:31:33] Epoch 03 train batch [700/1875] loss=0.8298 avg_loss=0.9489. Resources: rss=2093.8MB, peak_rss=2552.9MB, cuda_alloc=360.6MB, cuda_reserved=45776.0MB, cuda_peak_alloc=7062.6MB, cuda_free=2191.8MB, cuda_total=48519.1MB
[2026-06-11 13:31:37] Epoch 03 train batch [720/1875] loss=0.8325 avg_loss=0.9473. Resources: rss=2093.5MB, peak_rss=2552.9MB, cuda_alloc=360.6MB, cuda_reserved=45776.0MB, cuda_peak_alloc=7062.6MB, cuda_free=2191.8MB, cuda_total=48519.1MB
[2026-06-11 13:31:42] Epoch 03 train batch [740/1875] loss=0.9890 avg_loss=0.9452. Resources: rss=2093.7MB, peak_rss=2552.9MB, cuda_alloc=360.6MB, cuda_reserved=46396.0MB, cuda_peak_alloc=7062.6MB, cuda_free=1571.8MB, cuda_total=48519.1MB
[2026-06-11 13:31:46] Epoch 03 train batch [760/1875] loss=0.7332 avg_loss=0.9460. Resources: rss=2093.6MB, peak_rss=2552.9MB, cuda_alloc=360.6MB, cuda_reserved=46396.0MB, cuda_peak_alloc=7062.6MB, cuda_free=1571.8MB, cuda_total=48519.1MB
[2026-06-11 13:31:50] Epoch 03 train batch [780/1875] loss=0.7150 avg_loss=0.9436. Resources: rss=2093.7MB, peak_rss=2552.9MB, cuda_alloc=360.6MB, cuda_reserved=46396.0MB, cuda_peak_alloc=7062.6MB, cuda_free=1571.8MB, cuda_total=48519.1MB
[2026-06-11 13:31:55] Epoch 03 train batch [800/1875] loss=0.7689 avg_loss=0.9415. Resources: rss=2092.8MB, peak_rss=2552.9MB, cuda_alloc=360.6MB, cuda_reserved=46396.0MB, cuda_peak_alloc=7062.6MB, cuda_free=1571.8MB, cuda_total=48519.1MB
[2026-06-11 13:31:59] Epoch 03 train batch [820/1875] loss=0.7685 avg_loss=0.9379. Resources: rss=2092.1MB, peak_rss=2552.9MB, cuda_alloc=360.6MB, cuda_reserved=46396.0MB, cuda_peak_alloc=7062.6MB, cuda_free=1571.8MB, cuda_total=48519.1MB
[2026-06-11 13:32:05] Epoch 03 train batch [840/1875] loss=2.7730 avg_loss=0.9370. Resources: rss=2094.4MB, peak_rss=2552.9MB, cuda_alloc=360.6MB, cuda_reserved=24036.0MB, cuda_peak_alloc=7062.6MB, cuda_free=23931.8MB, cuda_total=48519.1MB
[2026-06-11 13:32:10] Epoch 03 train batch [860/1875] loss=0.9264 avg_loss=0.9352. Resources: rss=2094.1MB, peak_rss=2552.9MB, cuda_alloc=360.6MB, cuda_reserved=47736.0MB, cuda_peak_alloc=7062.6MB, cuda_free=231.8MB, cuda_total=48519.1MB
[2026-06-11 13:32:17] Epoch 03 train batch [880/1875] loss=0.8348 avg_loss=0.9326. Resources: rss=2093.9MB, peak_rss=2552.9MB, cuda_alloc=360.6MB, cuda_reserved=40616.0MB, cuda_peak_alloc=7062.6MB, cuda_free=7351.8MB, cuda_total=48519.1MB
[2026-06-11 13:32:22] Epoch 03 train batch [900/1875] loss=4.3715 avg_loss=0.9375. Resources: rss=2095.5MB, peak_rss=2552.9MB, cuda_alloc=351.4MB, cuda_reserved=40616.0MB, cuda_peak_alloc=7062.6MB, cuda_free=7351.8MB, cuda_total=48519.1MB
[2026-06-11 13:32:26] Epoch 03 train batch [920/1875] loss=0.8874 avg_loss=0.9351. Resources: rss=2096.8MB, peak_rss=2552.9MB, cuda_alloc=360.6MB, cuda_reserved=40616.0MB, cuda_peak_alloc=7062.6MB, cuda_free=7351.8MB, cuda_total=48519.1MB
[2026-06-11 13:32:31] Epoch 03 train batch [940/1875] loss=0.9858 avg_loss=0.9318. Resources: rss=2097.4MB, peak_rss=2552.9MB, cuda_alloc=360.6MB, cuda_reserved=24896.0MB, cuda_peak_alloc=7062.6MB, cuda_free=23071.8MB, cuda_total=48519.1MB
[2026-06-11 13:32:36] Epoch 03 train batch [960/1875] loss=0.6232 avg_loss=0.9294. Resources: rss=2097.9MB, peak_rss=2552.9MB, cuda_alloc=360.6MB, cuda_reserved=37016.0MB, cuda_peak_alloc=7062.6MB, cuda_free=10951.8MB, cuda_total=48519.1MB
[2026-06-11 13:32:40] Epoch 03 train batch [980/1875] loss=0.8712 avg_loss=0.9295. Resources: rss=2098.3MB, peak_rss=2552.9MB, cuda_alloc=360.6MB, cuda_reserved=37016.0MB, cuda_peak_alloc=7062.6MB, cuda_free=10951.8MB, cuda_total=48519.1MB
[2026-06-11 13:32:44] Epoch 03 train batch [1000/1875] loss=0.8584 avg_loss=0.9280. Resources: rss=2098.9MB, peak_rss=2552.9MB, cuda_alloc=360.6MB, cuda_reserved=37016.0MB, cuda_peak_alloc=7062.6MB, cuda_free=10951.8MB, cuda_total=48519.1MB
[2026-06-11 13:32:49] Epoch 03 train batch [1020/1875] loss=0.8184 avg_loss=0.9269. Resources: rss=2097.5MB, peak_rss=2552.9MB, cuda_alloc=360.6MB, cuda_reserved=37016.0MB, cuda_peak_alloc=7062.6MB, cuda_free=10951.8MB, cuda_total=48519.1MB
[2026-06-11 13:32:53] Epoch 03 train batch [1040/1875] loss=0.8429 avg_loss=0.9243. Resources: rss=2097.5MB, peak_rss=2552.9MB, cuda_alloc=360.6MB, cuda_reserved=37016.0MB, cuda_peak_alloc=7062.6MB, cuda_free=10951.8MB, cuda_total=48519.1MB
[2026-06-11 13:32:57] Epoch 03 train batch [1060/1875] loss=0.8647 avg_loss=0.9229. Resources: rss=2099.0MB, peak_rss=2552.9MB, cuda_alloc=360.6MB, cuda_reserved=37016.0MB, cuda_peak_alloc=7062.6MB, cuda_free=10951.8MB, cuda_total=48519.1MB
[2026-06-11 13:33:01] Epoch 03 train batch [1080/1875] loss=0.7646 avg_loss=0.9213. Resources: rss=2098.2MB, peak_rss=2552.9MB, cuda_alloc=360.6MB, cuda_reserved=45156.0MB, cuda_peak_alloc=7062.6MB, cuda_free=2811.8MB, cuda_total=48519.1MB
[2026-06-11 13:33:06] Epoch 03 train batch [1100/1875] loss=0.5877 avg_loss=0.9187. Resources: rss=2097.6MB, peak_rss=2552.9MB, cuda_alloc=360.6MB, cuda_reserved=45156.0MB, cuda_peak_alloc=7062.6MB, cuda_free=2811.8MB, cuda_total=48519.1MB
[2026-06-11 13:33:11] Epoch 03 train batch [1120/1875] loss=0.8138 avg_loss=0.9168. Resources: rss=2098.4MB, peak_rss=2552.9MB, cuda_alloc=360.6MB, cuda_reserved=33996.0MB, cuda_peak_alloc=7062.6MB, cuda_free=13971.8MB, cuda_total=48519.1MB
[2026-06-11 13:33:17] Epoch 03 train batch [1140/1875] loss=0.6326 avg_loss=0.9143. Resources: rss=2098.6MB, peak_rss=2552.9MB, cuda_alloc=360.6MB, cuda_reserved=43456.0MB, cuda_peak_alloc=7062.6MB, cuda_free=4511.8MB, cuda_total=48519.1MB
[2026-06-11 13:33:22] Epoch 03 train batch [1160/1875] loss=0.6855 avg_loss=0.9130. Resources: rss=2099.1MB, peak_rss=2552.9MB, cuda_alloc=360.6MB, cuda_reserved=14736.0MB, cuda_peak_alloc=7062.6MB, cuda_free=33231.8MB, cuda_total=48519.1MB
[2026-06-11 13:33:26] Epoch 03 train batch [1180/1875] loss=0.8697 avg_loss=0.9115. Resources: rss=2099.5MB, peak_rss=2552.9MB, cuda_alloc=360.6MB, cuda_reserved=32496.0MB, cuda_peak_alloc=7062.6MB, cuda_free=15471.8MB, cuda_total=48519.1MB
[2026-06-11 13:33:31] Epoch 03 train batch [1200/1875] loss=0.7457 avg_loss=0.9098. Resources: rss=2099.1MB, peak_rss=2552.9MB, cuda_alloc=360.6MB, cuda_reserved=32496.0MB, cuda_peak_alloc=7062.6MB, cuda_free=15471.8MB, cuda_total=48519.1MB
[2026-06-11 13:33:35] Epoch 03 train batch [1220/1875] loss=0.4101 avg_loss=0.9094. Resources: rss=2100.2MB, peak_rss=2552.9MB, cuda_alloc=360.6MB, cuda_reserved=36636.0MB, cuda_peak_alloc=7062.6MB, cuda_free=11331.8MB, cuda_total=48519.1MB
[2026-06-11 13:33:40] Epoch 03 train batch [1240/1875] loss=0.8278 avg_loss=0.9067. Resources: rss=2100.8MB, peak_rss=2552.9MB, cuda_alloc=360.6MB, cuda_reserved=36636.0MB, cuda_peak_alloc=7062.6MB, cuda_free=11331.8MB, cuda_total=48519.1MB
[2026-06-11 13:33:44] Epoch 03 train batch [1260/1875] loss=0.8411 avg_loss=0.9053. Resources: rss=2099.5MB, peak_rss=2552.9MB, cuda_alloc=360.6MB, cuda_reserved=36636.0MB, cuda_peak_alloc=7062.6MB, cuda_free=11331.8MB, cuda_total=48519.1MB
[2026-06-11 13:33:49] Epoch 03 train batch [1280/1875] loss=0.9522 avg_loss=0.9058. Resources: rss=2101.0MB, peak_rss=2552.9MB, cuda_alloc=360.6MB, cuda_reserved=33336.0MB, cuda_peak_alloc=7062.6MB, cuda_free=14631.8MB, cuda_total=48519.1MB
[2026-06-11 13:33:55] Epoch 03 train batch [1300/1875] loss=0.7971 avg_loss=0.9033. Resources: rss=2101.1MB, peak_rss=2552.9MB, cuda_alloc=360.6MB, cuda_reserved=28936.0MB, cuda_peak_alloc=7062.6MB, cuda_free=19031.8MB, cuda_total=48519.1MB
[2026-06-11 13:33:59] Epoch 03 train batch [1320/1875] loss=0.8001 avg_loss=0.9009. Resources: rss=2099.6MB, peak_rss=2552.9MB, cuda_alloc=360.6MB, cuda_reserved=31056.0MB, cuda_peak_alloc=7062.6MB, cuda_free=16911.8MB, cuda_total=48519.1MB
[2026-06-11 13:34:03] Epoch 03 train batch [1340/1875] loss=1.0429 avg_loss=0.8996. Resources: rss=2100.7MB, peak_rss=2552.9MB, cuda_alloc=360.6MB, cuda_reserved=34936.0MB, cuda_peak_alloc=7062.6MB, cuda_free=13031.8MB, cuda_total=48519.1MB
[2026-06-11 13:34:07] Epoch 03 train batch [1360/1875] loss=0.5766 avg_loss=0.8972. Resources: rss=2100.0MB, peak_rss=2552.9MB, cuda_alloc=360.6MB, cuda_reserved=34936.0MB, cuda_peak_alloc=7062.6MB, cuda_free=13031.8MB, cuda_total=48519.1MB
[2026-06-11 13:34:12] Epoch 03 train batch [1380/1875] loss=0.5977 avg_loss=0.9027. Resources: rss=2101.4MB, peak_rss=2552.9MB, cuda_alloc=360.6MB, cuda_reserved=34936.0MB, cuda_peak_alloc=7062.6MB, cuda_free=13031.8MB, cuda_total=48519.1MB
[2026-06-11 13:34:16] Epoch 03 train batch [1400/1875] loss=0.6059 avg_loss=0.9000. Resources: rss=2100.2MB, peak_rss=2552.9MB, cuda_alloc=360.6MB, cuda_reserved=34936.0MB, cuda_peak_alloc=7062.6MB, cuda_free=13031.8MB, cuda_total=48519.1MB
[2026-06-11 13:34:21] Epoch 03 train batch [1420/1875] loss=0.6203 avg_loss=0.8988. Resources: rss=2100.5MB, peak_rss=2552.9MB, cuda_alloc=360.6MB, cuda_reserved=34936.0MB, cuda_peak_alloc=7062.6MB, cuda_free=13031.8MB, cuda_total=48519.1MB
[2026-06-11 13:34:25] Epoch 03 train batch [1440/1875] loss=0.8057 avg_loss=0.8963. Resources: rss=2100.6MB, peak_rss=2552.9MB, cuda_alloc=360.6MB, cuda_reserved=41096.0MB, cuda_peak_alloc=7062.6MB, cuda_free=6871.8MB, cuda_total=48519.1MB
[2026-06-11 13:34:30] Epoch 03 train batch [1460/1875] loss=1.4587 avg_loss=0.8946. Resources: rss=2102.3MB, peak_rss=2552.9MB, cuda_alloc=351.4MB, cuda_reserved=41096.0MB, cuda_peak_alloc=7062.6MB, cuda_free=6871.8MB, cuda_total=48519.1MB
[2026-06-11 13:34:34] Epoch 03 train batch [1480/1875] loss=0.7072 avg_loss=0.8925. Resources: rss=2101.5MB, peak_rss=2552.9MB, cuda_alloc=360.6MB, cuda_reserved=41096.0MB, cuda_peak_alloc=7062.6MB, cuda_free=6871.8MB, cuda_total=48519.1MB
[2026-06-11 13:34:38] Epoch 03 train batch [1500/1875] loss=0.6271 avg_loss=0.8905. Resources: rss=2101.8MB, peak_rss=2552.9MB, cuda_alloc=360.6MB, cuda_reserved=44396.0MB, cuda_peak_alloc=7062.6MB, cuda_free=3571.8MB, cuda_total=48519.1MB
[2026-06-11 13:34:42] Epoch 03 train batch [1520/1875] loss=0.7362 avg_loss=0.8879. Resources: rss=2102.0MB, peak_rss=2552.9MB, cuda_alloc=360.6MB, cuda_reserved=44396.0MB, cuda_peak_alloc=7062.6MB, cuda_free=3571.8MB, cuda_total=48519.1MB
[2026-06-11 13:34:46] Epoch 03 train batch [1540/1875] loss=0.5845 avg_loss=0.8864. Resources: rss=2100.9MB, peak_rss=2552.9MB, cuda_alloc=360.6MB, cuda_reserved=44396.0MB, cuda_peak_alloc=7062.6MB, cuda_free=3571.8MB, cuda_total=48519.1MB
[2026-06-11 13:34:51] Epoch 03 train batch [1560/1875] loss=0.5925 avg_loss=0.8852. Resources: rss=2101.7MB, peak_rss=2552.9MB, cuda_alloc=360.6MB, cuda_reserved=44396.0MB, cuda_peak_alloc=7062.6MB, cuda_free=3571.8MB, cuda_total=48519.1MB
[2026-06-11 13:34:55] Epoch 03 train batch [1580/1875] loss=0.5964 avg_loss=0.8855. Resources: rss=2100.6MB, peak_rss=2552.9MB, cuda_alloc=360.6MB, cuda_reserved=44396.0MB, cuda_peak_alloc=7062.6MB, cuda_free=3571.8MB, cuda_total=48519.1MB
[2026-06-11 13:35:00] Epoch 03 train batch [1600/1875] loss=0.7070 avg_loss=0.8837. Resources: rss=2099.8MB, peak_rss=2552.9MB, cuda_alloc=360.6MB, cuda_reserved=44396.0MB, cuda_peak_alloc=7062.6MB, cuda_free=3571.8MB, cuda_total=48519.1MB
[2026-06-11 13:35:04] Epoch 03 train batch [1620/1875] loss=0.6084 avg_loss=0.8823. Resources: rss=2101.6MB, peak_rss=2552.9MB, cuda_alloc=360.6MB, cuda_reserved=44396.0MB, cuda_peak_alloc=7062.6MB, cuda_free=3571.8MB, cuda_total=48519.1MB
[2026-06-11 13:35:09] Epoch 03 train batch [1640/1875] loss=0.7517 avg_loss=0.8805. Resources: rss=2101.8MB, peak_rss=2552.9MB, cuda_alloc=360.6MB, cuda_reserved=44396.0MB, cuda_peak_alloc=7062.6MB, cuda_free=3571.8MB, cuda_total=48519.1MB
[2026-06-11 13:35:15] Epoch 03 train batch [1660/1875] loss=0.8235 avg_loss=0.8780. Resources: rss=2101.8MB, peak_rss=2552.9MB, cuda_alloc=360.6MB, cuda_reserved=30636.0MB, cuda_peak_alloc=7062.6MB, cuda_free=17331.8MB, cuda_total=48519.1MB
[2026-06-11 13:35:19] Epoch 03 train batch [1680/1875] loss=0.7686 avg_loss=0.8761. Resources: rss=2104.8MB, peak_rss=2552.9MB, cuda_alloc=360.6MB, cuda_reserved=30636.0MB, cuda_peak_alloc=7062.6MB, cuda_free=17331.8MB, cuda_total=48519.1MB
[2026-06-11 13:35:23] Epoch 03 train batch [1700/1875] loss=0.5138 avg_loss=0.8743. Resources: rss=2105.3MB, peak_rss=2552.9MB, cuda_alloc=360.6MB, cuda_reserved=36696.0MB, cuda_peak_alloc=7062.6MB, cuda_free=11271.8MB, cuda_total=48519.1MB
[2026-06-11 13:35:29] Epoch 03 train batch [1720/1875] loss=0.7813 avg_loss=0.8731. Resources: rss=2108.8MB, peak_rss=2552.9MB, cuda_alloc=360.6MB, cuda_reserved=5316.0MB, cuda_peak_alloc=7062.6MB, cuda_free=42651.8MB, cuda_total=48519.1MB
[2026-06-11 13:35:33] Epoch 03 train batch [1740/1875] loss=0.7168 avg_loss=0.8718. Resources: rss=2108.8MB, peak_rss=2552.9MB, cuda_alloc=360.6MB, cuda_reserved=42976.0MB, cuda_peak_alloc=7062.6MB, cuda_free=4991.8MB, cuda_total=48519.1MB
[2026-06-11 13:35:39] Epoch 03 train batch [1760/1875] loss=0.8242 avg_loss=0.8704. Resources: rss=2108.8MB, peak_rss=2552.9MB, cuda_alloc=360.6MB, cuda_reserved=33756.0MB, cuda_peak_alloc=7062.6MB, cuda_free=14211.8MB, cuda_total=48519.1MB
[2026-06-11 13:35:44] Epoch 03 train batch [1780/1875] loss=0.5932 avg_loss=0.8688. Resources: rss=2109.5MB, peak_rss=2552.9MB, cuda_alloc=360.6MB, cuda_reserved=25336.0MB, cuda_peak_alloc=7062.6MB, cuda_free=22631.8MB, cuda_total=48519.1MB
[2026-06-11 13:35:48] Epoch 03 train batch [1800/1875] loss=0.7073 avg_loss=0.8671. Resources: rss=2107.5MB, peak_rss=2552.9MB, cuda_alloc=360.6MB, cuda_reserved=27976.0MB, cuda_peak_alloc=7062.6MB, cuda_free=19991.8MB, cuda_total=48519.1MB
[2026-06-11 13:35:52] Epoch 03 train batch [1820/1875] loss=1.2349 avg_loss=0.8657. Resources: rss=2110.2MB, peak_rss=2552.9MB, cuda_alloc=360.6MB, cuda_reserved=27976.0MB, cuda_peak_alloc=7062.6MB, cuda_free=19991.8MB, cuda_total=48519.1MB
[2026-06-11 13:35:57] Epoch 03 train batch [1840/1875] loss=0.7629 avg_loss=0.8640. Resources: rss=2113.0MB, peak_rss=2552.9MB, cuda_alloc=360.6MB, cuda_reserved=42536.0MB, cuda_peak_alloc=7062.6MB, cuda_free=5431.8MB, cuda_total=48519.1MB
[2026-06-11 13:36:01] Epoch 03 train batch [1860/1875] loss=0.6650 avg_loss=0.8624. Resources: rss=2113.6MB, peak_rss=2552.9MB, cuda_alloc=360.6MB, cuda_reserved=42536.0MB, cuda_peak_alloc=7062.6MB, cuda_free=5431.8MB, cuda_total=48519.1MB
[2026-06-11 13:36:05] Epoch 03 train batch [1875/1875] loss=1.1790 avg_loss=0.8614. Resources: rss=2114.1MB, peak_rss=2552.9MB, cuda_alloc=360.6MB, cuda_reserved=42536.0MB, cuda_peak_alloc=7062.6MB, cuda_free=5431.8MB, cuda_total=48519.1MB
[2026-06-11 13:36:05] Epoch 03 training completed. Resources: rss=2105.7MB, peak_rss=2552.9MB, cuda_alloc=360.6MB, cuda_reserved=42536.0MB, cuda_peak_alloc=7062.6MB, cuda_free=5431.8MB, cuda_total=48519.1MB
[2026-06-11 13:36:06] Epoch 03 cache released before validation loss. Resources: rss=2104.8MB, peak_rss=2552.9MB, cuda_alloc=360.6MB, cuda_reserved=518.0MB, cuda_peak_alloc=360.6MB, cuda_free=47449.8MB, cuda_total=48519.1MB
[2026-06-11 13:36:38] Epoch 03 validation loss completed: 0.7453. Resources: rss=2104.7MB, peak_rss=2552.9MB, cuda_alloc=360.6MB, cuda_reserved=5786.0MB, cuda_peak_alloc=2034.0MB, cuda_free=42181.8MB, cuda_total=48519.1MB
[2026-06-11 13:36:39] Epoch 03 cache released before detection metrics. Resources: rss=2101.7MB, peak_rss=2552.9MB, cuda_alloc=360.6MB, cuda_reserved=518.0MB, cuda_peak_alloc=360.6MB, cuda_free=47449.8MB, cuda_total=48519.1MB
[2026-06-11 13:37:20] Epoch 03 prediction tensors moved to CPU. Computing metrics. Resources: rss=2099.1MB, peak_rss=2552.9MB, cuda_alloc=360.6MB, cuda_reserved=518.0MB, cuda_peak_alloc=360.6MB, cuda_free=47449.8MB, cuda_total=48519.1MB
[2026-06-11 13:37:21] Epoch 03 metrics computed (mAP@0.5 only). Saving artifacts. Resources: rss=2109.8MB, peak_rss=2552.9MB, cuda_alloc=360.6MB, cuda_reserved=518.0MB, cuda_peak_alloc=360.6MB, cuda_free=47449.8MB, cuda_total=48519.1MB
[2026-06-11 13:37:23] Epoch 03 improved mAP@0.5 to 0.3735. Saved best checkpoint: best_model-20260611-131215.pth. Resources: rss=2585.8MB, peak_rss=2585.8MB, cuda_alloc=360.6MB, cuda_reserved=518.0MB, cuda_peak_alloc=360.6MB, cuda_free=47449.8MB, cuda_total=48519.1MB
Epoch [03/50]
├── Train Loss : 0.8614
│   ├── loss_classifier  : 0.5245
│   ├── loss_box_reg     : 0.3369
│   ├── loss_objectness  : 0.0000
│   └── loss_rpn_box_reg : 0.0000
├── Val Loss   : 0.7453
├── mAP@0.5    : 0.3735
├── mAP@0.75   : n/a
├── mAP@0.5:0.95 : n/a
├── Precision  : 0.0148
├── Recall     : 0.9273
├── GT Boxes   : 2021
├── Predictions: 126297
├── Per-class AP
│   ├── person  : AP50=0.5823, AP75=n/a, AP50:95=n/a, P=0.0298, R=0.9488
│   ├── car     : AP50=0.4008, AP75=n/a, AP50:95=n/a, P=0.0130, R=0.8940
│   ├── dog     : AP50=0.3801, AP75=n/a, AP50:95=n/a, P=0.0089, R=0.9466
│   ├── cat     : AP50=0.3169, AP75=n/a, AP50:95=n/a, P=0.0081, R=0.9545
│   └── chair   : AP50=0.1873, AP75=n/a, AP50:95=n/a, P=0.0080, R=0.8475
├── LR         : 0.001000
└── Time       : 499.3s
[2026-06-11 13:37:23] Epoch [03/50] completed. Resources: rss=2099.3MB, peak_rss=2585.8MB, cuda_alloc=360.6MB, cuda_reserved=518.0MB, cuda_peak_alloc=360.6MB, cuda_free=47449.8MB, cuda_total=48519.1MB
[2026-06-11 13:37:23] Epoch [04/50] started. Resources: rss=2099.3MB, peak_rss=2585.8MB, cuda_alloc=360.6MB, cuda_reserved=518.0MB, cuda_peak_alloc=360.6MB, cuda_free=47449.8MB, cuda_total=48519.1MB
[2026-06-11 13:37:28] Epoch 04 train batch [20/1875] loss=0.7809 avg_loss=0.7077. Resources: rss=2108.9MB, peak_rss=2585.8MB, cuda_alloc=360.6MB, cuda_reserved=27496.0MB, cuda_peak_alloc=7062.1MB, cuda_free=20471.8MB, cuda_total=48519.1MB
[2026-06-11 13:37:33] Epoch 04 train batch [40/1875] loss=0.5388 avg_loss=0.6785. Resources: rss=2112.5MB, peak_rss=2585.8MB, cuda_alloc=360.6MB, cuda_reserved=36016.0MB, cuda_peak_alloc=7062.3MB, cuda_free=11951.8MB, cuda_total=48519.1MB
[2026-06-11 13:37:38] Epoch 04 train batch [60/1875] loss=0.6269 avg_loss=0.6859. Resources: rss=2114.2MB, peak_rss=2585.8MB, cuda_alloc=360.6MB, cuda_reserved=36016.0MB, cuda_peak_alloc=7062.3MB, cuda_free=11951.8MB, cuda_total=48519.1MB
[2026-06-11 13:37:42] Epoch 04 train batch [80/1875] loss=0.6206 avg_loss=0.6751. Resources: rss=2113.9MB, peak_rss=2585.8MB, cuda_alloc=360.6MB, cuda_reserved=36016.0MB, cuda_peak_alloc=7062.3MB, cuda_free=11951.8MB, cuda_total=48519.1MB
[2026-06-11 13:37:47] Epoch 04 train batch [100/1875] loss=0.5723 avg_loss=0.6841. Resources: rss=2113.0MB, peak_rss=2585.8MB, cuda_alloc=360.6MB, cuda_reserved=36016.0MB, cuda_peak_alloc=7062.3MB, cuda_free=11951.8MB, cuda_total=48519.1MB
[2026-06-11 13:37:51] Epoch 04 train batch [120/1875] loss=0.5020 avg_loss=0.6843. Resources: rss=2111.8MB, peak_rss=2585.8MB, cuda_alloc=360.6MB, cuda_reserved=36016.0MB, cuda_peak_alloc=7062.3MB, cuda_free=11951.8MB, cuda_total=48519.1MB
[2026-06-11 13:37:56] Epoch 04 train batch [140/1875] loss=0.6958 avg_loss=0.6787. Resources: rss=2115.2MB, peak_rss=2585.8MB, cuda_alloc=360.6MB, cuda_reserved=40276.0MB, cuda_peak_alloc=7062.3MB, cuda_free=7691.8MB, cuda_total=48519.1MB
[2026-06-11 13:38:00] Epoch 04 train batch [160/1875] loss=0.8991 avg_loss=0.6802. Resources: rss=2115.2MB, peak_rss=2585.8MB, cuda_alloc=360.6MB, cuda_reserved=40276.0MB, cuda_peak_alloc=7062.3MB, cuda_free=7691.8MB, cuda_total=48519.1MB
[2026-06-11 13:38:04] Epoch 04 train batch [180/1875] loss=1.0467 avg_loss=0.6753. Resources: rss=2115.2MB, peak_rss=2585.8MB, cuda_alloc=360.6MB, cuda_reserved=40276.0MB, cuda_peak_alloc=7062.3MB, cuda_free=7691.8MB, cuda_total=48519.1MB
[2026-06-11 13:38:09] Epoch 04 train batch [200/1875] loss=0.7480 avg_loss=0.6748. Resources: rss=2116.0MB, peak_rss=2585.8MB, cuda_alloc=360.6MB, cuda_reserved=43516.0MB, cuda_peak_alloc=7062.3MB, cuda_free=4451.8MB, cuda_total=48519.1MB
[2026-06-11 13:38:13] Epoch 04 train batch [220/1875] loss=0.5769 avg_loss=0.6760. Resources: rss=2115.7MB, peak_rss=2585.8MB, cuda_alloc=360.6MB, cuda_reserved=43516.0MB, cuda_peak_alloc=7062.3MB, cuda_free=4451.8MB, cuda_total=48519.1MB
[2026-06-11 13:38:18] Epoch 04 train batch [240/1875] loss=0.5774 avg_loss=0.6803. Resources: rss=2115.7MB, peak_rss=2585.8MB, cuda_alloc=360.6MB, cuda_reserved=43516.0MB, cuda_peak_alloc=7062.3MB, cuda_free=4451.8MB, cuda_total=48519.1MB
[2026-06-11 13:38:22] Epoch 04 train batch [260/1875] loss=1.0207 avg_loss=0.6800. Resources: rss=2115.4MB, peak_rss=2585.8MB, cuda_alloc=360.6MB, cuda_reserved=43516.0MB, cuda_peak_alloc=7062.3MB, cuda_free=4451.8MB, cuda_total=48519.1MB
[2026-06-11 13:38:27] Epoch 04 train batch [280/1875] loss=0.7143 avg_loss=0.6819. Resources: rss=2116.0MB, peak_rss=2585.8MB, cuda_alloc=360.6MB, cuda_reserved=44536.0MB, cuda_peak_alloc=7062.3MB, cuda_free=3431.8MB, cuda_total=48519.1MB
[2026-06-11 13:38:34] Epoch 04 train batch [300/1875] loss=0.4493 avg_loss=0.6863. Resources: rss=2117.0MB, peak_rss=2585.8MB, cuda_alloc=360.6MB, cuda_reserved=11196.0MB, cuda_peak_alloc=7062.3MB, cuda_free=36771.8MB, cuda_total=48519.1MB
[2026-06-11 13:38:38] Epoch 04 train batch [320/1875] loss=0.7654 avg_loss=0.6862. Resources: rss=2117.1MB, peak_rss=2585.8MB, cuda_alloc=360.6MB, cuda_reserved=24796.0MB, cuda_peak_alloc=7062.3MB, cuda_free=23171.8MB, cuda_total=48519.1MB
[2026-06-11 13:38:43] Epoch 04 train batch [340/1875] loss=0.8574 avg_loss=0.6890. Resources: rss=2119.1MB, peak_rss=2585.8MB, cuda_alloc=360.6MB, cuda_reserved=36376.0MB, cuda_peak_alloc=7062.3MB, cuda_free=11591.8MB, cuda_total=48519.1MB
[2026-06-11 13:38:47] Epoch 04 train batch [360/1875] loss=0.5705 avg_loss=0.6886. Resources: rss=2116.5MB, peak_rss=2585.8MB, cuda_alloc=360.6MB, cuda_reserved=36376.0MB, cuda_peak_alloc=7062.3MB, cuda_free=11591.8MB, cuda_total=48519.1MB
[2026-06-11 13:38:52] Epoch 04 train batch [380/1875] loss=0.8896 avg_loss=0.6867. Resources: rss=2116.7MB, peak_rss=2585.8MB, cuda_alloc=360.6MB, cuda_reserved=36376.0MB, cuda_peak_alloc=7062.3MB, cuda_free=11591.8MB, cuda_total=48519.1MB
[2026-06-11 13:38:56] Epoch 04 train batch [400/1875] loss=0.5551 avg_loss=0.6882. Resources: rss=2117.5MB, peak_rss=2585.8MB, cuda_alloc=360.6MB, cuda_reserved=36376.0MB, cuda_peak_alloc=7062.3MB, cuda_free=11591.8MB, cuda_total=48519.1MB
[2026-06-11 13:39:01] Epoch 04 train batch [420/1875] loss=0.4936 avg_loss=0.6882. Resources: rss=2115.8MB, peak_rss=2585.8MB, cuda_alloc=360.6MB, cuda_reserved=36376.0MB, cuda_peak_alloc=7062.4MB, cuda_free=11591.8MB, cuda_total=48519.1MB
[2026-06-11 13:39:05] Epoch 04 train batch [440/1875] loss=0.7126 avg_loss=0.6876. Resources: rss=2117.6MB, peak_rss=2585.8MB, cuda_alloc=360.6MB, cuda_reserved=36376.0MB, cuda_peak_alloc=7062.4MB, cuda_free=11591.8MB, cuda_total=48519.1MB
[2026-06-11 13:39:10] Epoch 04 train batch [460/1875] loss=0.6387 avg_loss=0.6868. Resources: rss=2118.9MB, peak_rss=2585.8MB, cuda_alloc=360.6MB, cuda_reserved=36376.0MB, cuda_peak_alloc=7062.4MB, cuda_free=11591.8MB, cuda_total=48519.1MB
[2026-06-11 13:39:14] Epoch 04 train batch [480/1875] loss=0.5597 avg_loss=0.6859. Resources: rss=2118.1MB, peak_rss=2585.8MB, cuda_alloc=360.6MB, cuda_reserved=36376.0MB, cuda_peak_alloc=7062.4MB, cuda_free=11591.8MB, cuda_total=48519.1MB
[2026-06-11 13:39:19] Epoch 04 train batch [500/1875] loss=0.5630 avg_loss=0.6844. Resources: rss=2118.3MB, peak_rss=2585.8MB, cuda_alloc=360.6MB, cuda_reserved=41016.0MB, cuda_peak_alloc=7062.4MB, cuda_free=6951.8MB, cuda_total=48519.1MB
[2026-06-11 13:39:25] Epoch 04 train batch [520/1875] loss=0.6045 avg_loss=0.6831. Resources: rss=2118.1MB, peak_rss=2585.8MB, cuda_alloc=360.6MB, cuda_reserved=47436.0MB, cuda_peak_alloc=7062.4MB, cuda_free=531.8MB, cuda_total=48519.1MB
[2026-06-11 13:39:32] Epoch 04 train batch [540/1875] loss=0.6932 avg_loss=0.6820. Resources: rss=2119.1MB, peak_rss=2585.8MB, cuda_alloc=360.6MB, cuda_reserved=24216.0MB, cuda_peak_alloc=7062.4MB, cuda_free=23751.8MB, cuda_total=48519.1MB
[2026-06-11 13:39:36] Epoch 04 train batch [560/1875] loss=0.9651 avg_loss=0.6842. Resources: rss=2118.3MB, peak_rss=2585.8MB, cuda_alloc=360.6MB, cuda_reserved=39256.0MB, cuda_peak_alloc=7062.4MB, cuda_free=8711.8MB, cuda_total=48519.1MB
[2026-06-11 13:39:42] Epoch 04 train batch [580/1875] loss=0.3690 avg_loss=0.6819. Resources: rss=2118.8MB, peak_rss=2585.8MB, cuda_alloc=360.6MB, cuda_reserved=12316.0MB, cuda_peak_alloc=7062.4MB, cuda_free=35651.8MB, cuda_total=48519.1MB
[2026-06-11 13:39:47] Epoch 04 train batch [600/1875] loss=0.6173 avg_loss=0.6817. Resources: rss=2119.1MB, peak_rss=2585.8MB, cuda_alloc=360.6MB, cuda_reserved=41036.0MB, cuda_peak_alloc=7062.4MB, cuda_free=6931.8MB, cuda_total=48519.1MB
[2026-06-11 13:39:51] Epoch 04 train batch [620/1875] loss=0.4937 avg_loss=0.6800. Resources: rss=2118.7MB, peak_rss=2585.8MB, cuda_alloc=360.6MB, cuda_reserved=41036.0MB, cuda_peak_alloc=7062.4MB, cuda_free=6931.8MB, cuda_total=48519.1MB
[2026-06-11 13:39:55] Epoch 04 train batch [640/1875] loss=0.6273 avg_loss=0.6807. Resources: rss=2119.9MB, peak_rss=2585.8MB, cuda_alloc=360.6MB, cuda_reserved=41916.0MB, cuda_peak_alloc=7062.4MB, cuda_free=6051.8MB, cuda_total=48519.1MB
[2026-06-11 13:40:00] Epoch 04 train batch [660/1875] loss=0.5806 avg_loss=0.6818. Resources: rss=2122.0MB, peak_rss=2585.8MB, cuda_alloc=360.6MB, cuda_reserved=41916.0MB, cuda_peak_alloc=7062.4MB, cuda_free=6051.8MB, cuda_total=48519.1MB
[2026-06-11 13:40:04] Epoch 04 train batch [680/1875] loss=0.3921 avg_loss=0.6805. Resources: rss=2119.1MB, peak_rss=2585.8MB, cuda_alloc=351.4MB, cuda_reserved=41916.0MB, cuda_peak_alloc=7062.4MB, cuda_free=6051.8MB, cuda_total=48519.1MB
[2026-06-11 13:40:10] Epoch 04 train batch [700/1875] loss=0.6349 avg_loss=0.6789. Resources: rss=2120.9MB, peak_rss=2585.8MB, cuda_alloc=360.6MB, cuda_reserved=14456.0MB, cuda_peak_alloc=7062.4MB, cuda_free=33511.8MB, cuda_total=48519.1MB
[2026-06-11 13:40:14] Epoch 04 train batch [720/1875] loss=0.5958 avg_loss=0.6818. Resources: rss=2120.1MB, peak_rss=2585.8MB, cuda_alloc=360.6MB, cuda_reserved=42436.0MB, cuda_peak_alloc=7062.4MB, cuda_free=5531.8MB, cuda_total=48519.1MB
[2026-06-11 13:40:18] Epoch 04 train batch [740/1875] loss=0.4633 avg_loss=0.6798. Resources: rss=2121.5MB, peak_rss=2585.8MB, cuda_alloc=360.6MB, cuda_reserved=42436.0MB, cuda_peak_alloc=7062.6MB, cuda_free=5531.8MB, cuda_total=48519.1MB
[2026-06-11 13:40:23] Epoch 04 train batch [760/1875] loss=0.5288 avg_loss=0.6801. Resources: rss=2120.6MB, peak_rss=2585.8MB, cuda_alloc=360.6MB, cuda_reserved=42436.0MB, cuda_peak_alloc=7062.6MB, cuda_free=5531.8MB, cuda_total=48519.1MB
[2026-06-11 13:40:27] Epoch 04 train batch [780/1875] loss=0.6803 avg_loss=0.6796. Resources: rss=2119.8MB, peak_rss=2585.8MB, cuda_alloc=360.6MB, cuda_reserved=45276.0MB, cuda_peak_alloc=7062.6MB, cuda_free=2691.8MB, cuda_total=48519.1MB
[2026-06-11 13:40:31] Epoch 04 train batch [800/1875] loss=0.6282 avg_loss=0.6785. Resources: rss=2118.8MB, peak_rss=2585.8MB, cuda_alloc=360.6MB, cuda_reserved=45276.0MB, cuda_peak_alloc=7062.6MB, cuda_free=2691.8MB, cuda_total=48519.1MB
[2026-06-11 13:40:36] Epoch 04 train batch [820/1875] loss=0.5134 avg_loss=0.6796. Resources: rss=2119.9MB, peak_rss=2585.8MB, cuda_alloc=360.6MB, cuda_reserved=45276.0MB, cuda_peak_alloc=7062.6MB, cuda_free=2691.8MB, cuda_total=48519.1MB
[2026-06-11 13:40:41] Epoch 04 train batch [840/1875] loss=0.8019 avg_loss=0.6795. Resources: rss=2120.3MB, peak_rss=2585.8MB, cuda_alloc=360.6MB, cuda_reserved=8296.0MB, cuda_peak_alloc=7062.6MB, cuda_free=39671.8MB, cuda_total=48519.1MB
[2026-06-11 13:40:45] Epoch 04 train batch [860/1875] loss=0.3797 avg_loss=0.6795. Resources: rss=2119.4MB, peak_rss=2585.8MB, cuda_alloc=360.6MB, cuda_reserved=27776.0MB, cuda_peak_alloc=7062.6MB, cuda_free=20191.8MB, cuda_total=48519.1MB
[2026-06-11 13:40:50] Epoch 04 train batch [880/1875] loss=0.8138 avg_loss=0.6779. Resources: rss=2120.2MB, peak_rss=2585.8MB, cuda_alloc=360.6MB, cuda_reserved=44676.0MB, cuda_peak_alloc=7062.6MB, cuda_free=3291.8MB, cuda_total=48519.1MB
[2026-06-11 13:40:55] Epoch 04 train batch [900/1875] loss=0.8033 avg_loss=0.6791. Resources: rss=2121.3MB, peak_rss=2585.8MB, cuda_alloc=360.6MB, cuda_reserved=25656.0MB, cuda_peak_alloc=7062.6MB, cuda_free=22311.8MB, cuda_total=48519.1MB
[2026-06-11 13:41:00] Epoch 04 train batch [920/1875] loss=0.5562 avg_loss=0.6803. Resources: rss=2121.0MB, peak_rss=2585.8MB, cuda_alloc=360.6MB, cuda_reserved=29976.0MB, cuda_peak_alloc=7062.6MB, cuda_free=17991.8MB, cuda_total=48519.1MB
[2026-06-11 13:41:04] Epoch 04 train batch [940/1875] loss=0.6985 avg_loss=0.6797. Resources: rss=2121.0MB, peak_rss=2585.8MB, cuda_alloc=360.6MB, cuda_reserved=32516.0MB, cuda_peak_alloc=7062.6MB, cuda_free=15451.8MB, cuda_total=48519.1MB
[2026-06-11 13:41:09] Epoch 04 train batch [960/1875] loss=0.7517 avg_loss=0.6779. Resources: rss=2120.5MB, peak_rss=2585.8MB, cuda_alloc=360.6MB, cuda_reserved=37196.0MB, cuda_peak_alloc=7062.6MB, cuda_free=10771.8MB, cuda_total=48519.1MB
[2026-06-11 13:41:15] Epoch 04 train batch [980/1875] loss=0.5541 avg_loss=0.6778. Resources: rss=2120.2MB, peak_rss=2585.8MB, cuda_alloc=360.6MB, cuda_reserved=41816.0MB, cuda_peak_alloc=7062.6MB, cuda_free=6151.8MB, cuda_total=48519.1MB
[2026-06-11 13:41:19] Epoch 04 train batch [1000/1875] loss=0.6493 avg_loss=0.6775. Resources: rss=2121.3MB, peak_rss=2585.8MB, cuda_alloc=360.6MB, cuda_reserved=41816.0MB, cuda_peak_alloc=7062.6MB, cuda_free=6151.8MB, cuda_total=48519.1MB
[2026-06-11 13:41:23] Epoch 04 train batch [1020/1875] loss=0.6353 avg_loss=0.6784. Resources: rss=2120.8MB, peak_rss=2585.8MB, cuda_alloc=360.6MB, cuda_reserved=41816.0MB, cuda_peak_alloc=7062.6MB, cuda_free=6151.8MB, cuda_total=48519.1MB
[2026-06-11 13:41:27] Epoch 04 train batch [1040/1875] loss=0.7952 avg_loss=0.6791. Resources: rss=2121.3MB, peak_rss=2585.8MB, cuda_alloc=360.6MB, cuda_reserved=41816.0MB, cuda_peak_alloc=7062.6MB, cuda_free=6151.8MB, cuda_total=48519.1MB
[2026-06-11 13:41:32] Epoch 04 train batch [1060/1875] loss=0.6747 avg_loss=0.6779. Resources: rss=2120.2MB, peak_rss=2585.8MB, cuda_alloc=360.6MB, cuda_reserved=41816.0MB, cuda_peak_alloc=7062.6MB, cuda_free=6151.8MB, cuda_total=48519.1MB
[2026-06-11 13:41:36] Epoch 04 train batch [1080/1875] loss=0.6625 avg_loss=0.6771. Resources: rss=2121.7MB, peak_rss=2585.8MB, cuda_alloc=360.6MB, cuda_reserved=41816.0MB, cuda_peak_alloc=7062.6MB, cuda_free=6151.8MB, cuda_total=48519.1MB
[2026-06-11 13:41:40] Epoch 04 train batch [1100/1875] loss=0.5343 avg_loss=0.6771. Resources: rss=2122.4MB, peak_rss=2585.8MB, cuda_alloc=360.6MB, cuda_reserved=46676.0MB, cuda_peak_alloc=7062.6MB, cuda_free=1291.8MB, cuda_total=48519.1MB
[2026-06-11 13:41:44] Epoch 04 train batch [1120/1875] loss=0.5060 avg_loss=0.6757. Resources: rss=2123.8MB, peak_rss=2585.8MB, cuda_alloc=360.6MB, cuda_reserved=46676.0MB, cuda_peak_alloc=7062.6MB, cuda_free=1291.8MB, cuda_total=48519.1MB
[2026-06-11 13:41:49] Epoch 04 train batch [1140/1875] loss=0.5159 avg_loss=0.6745. Resources: rss=2124.2MB, peak_rss=2585.8MB, cuda_alloc=360.6MB, cuda_reserved=46676.0MB, cuda_peak_alloc=7062.6MB, cuda_free=1291.8MB, cuda_total=48519.1MB
[2026-06-11 13:41:54] Epoch 04 train batch [1160/1875] loss=0.5966 avg_loss=0.6743. Resources: rss=2122.8MB, peak_rss=2585.8MB, cuda_alloc=360.6MB, cuda_reserved=31736.0MB, cuda_peak_alloc=7062.6MB, cuda_free=16231.8MB, cuda_total=48519.1MB
[2026-06-11 13:41:59] Epoch 04 train batch [1180/1875] loss=0.6420 avg_loss=0.6733. Resources: rss=2124.3MB, peak_rss=2585.8MB, cuda_alloc=360.6MB, cuda_reserved=35996.0MB, cuda_peak_alloc=7062.6MB, cuda_free=11971.8MB, cuda_total=48519.1MB
[2026-06-11 13:42:03] Epoch 04 train batch [1200/1875] loss=0.4201 avg_loss=0.6725. Resources: rss=2124.2MB, peak_rss=2585.8MB, cuda_alloc=360.6MB, cuda_reserved=35996.0MB, cuda_peak_alloc=7062.6MB, cuda_free=11971.8MB, cuda_total=48519.1MB
[2026-06-11 13:42:08] Epoch 04 train batch [1220/1875] loss=0.5898 avg_loss=0.6711. Resources: rss=2124.5MB, peak_rss=2585.8MB, cuda_alloc=360.6MB, cuda_reserved=44456.0MB, cuda_peak_alloc=7062.6MB, cuda_free=3511.8MB, cuda_total=48519.1MB
[2026-06-11 13:42:12] Epoch 04 train batch [1240/1875] loss=0.8159 avg_loss=0.6699. Resources: rss=2124.6MB, peak_rss=2585.8MB, cuda_alloc=360.6MB, cuda_reserved=44456.0MB, cuda_peak_alloc=7062.6MB, cuda_free=3511.8MB, cuda_total=48519.1MB
[2026-06-11 13:42:16] Epoch 04 train batch [1260/1875] loss=0.5182 avg_loss=0.6714. Resources: rss=2122.6MB, peak_rss=2585.8MB, cuda_alloc=360.6MB, cuda_reserved=44456.0MB, cuda_peak_alloc=7062.6MB, cuda_free=3511.8MB, cuda_total=48519.1MB
[2026-06-11 13:42:21] Epoch 04 train batch [1280/1875] loss=0.6043 avg_loss=0.6709. Resources: rss=2123.1MB, peak_rss=2585.8MB, cuda_alloc=360.6MB, cuda_reserved=44456.0MB, cuda_peak_alloc=7062.6MB, cuda_free=3511.8MB, cuda_total=48519.1MB
[2026-06-11 13:42:25] Epoch 04 train batch [1300/1875] loss=0.7337 avg_loss=0.6705. Resources: rss=2123.5MB, peak_rss=2585.8MB, cuda_alloc=360.6MB, cuda_reserved=44456.0MB, cuda_peak_alloc=7062.6MB, cuda_free=3511.8MB, cuda_total=48519.1MB
[2026-06-11 13:42:30] Epoch 04 train batch [1320/1875] loss=0.4688 avg_loss=0.6702. Resources: rss=2122.9MB, peak_rss=2585.8MB, cuda_alloc=360.6MB, cuda_reserved=44458.0MB, cuda_peak_alloc=7062.6MB, cuda_free=3509.8MB, cuda_total=48519.1MB
[2026-06-11 13:42:34] Epoch 04 train batch [1340/1875] loss=0.5008 avg_loss=0.6698. Resources: rss=2123.3MB, peak_rss=2585.8MB, cuda_alloc=360.6MB, cuda_reserved=44458.0MB, cuda_peak_alloc=7062.6MB, cuda_free=3509.8MB, cuda_total=48519.1MB
[2026-06-11 13:42:38] Epoch 04 train batch [1360/1875] loss=0.7101 avg_loss=0.6686. Resources: rss=2122.9MB, peak_rss=2585.8MB, cuda_alloc=360.6MB, cuda_reserved=44458.0MB, cuda_peak_alloc=7062.6MB, cuda_free=3509.8MB, cuda_total=48519.1MB
[2026-06-11 13:42:43] Epoch 04 train batch [1380/1875] loss=0.4074 avg_loss=0.6679. Resources: rss=2125.9MB, peak_rss=2585.8MB, cuda_alloc=360.6MB, cuda_reserved=44458.0MB, cuda_peak_alloc=7062.6MB, cuda_free=3509.8MB, cuda_total=48519.1MB
[2026-06-11 13:42:47] Epoch 04 train batch [1400/1875] loss=0.6299 avg_loss=0.6678. Resources: rss=2126.4MB, peak_rss=2585.8MB, cuda_alloc=360.6MB, cuda_reserved=44458.0MB, cuda_peak_alloc=7062.6MB, cuda_free=3509.8MB, cuda_total=48519.1MB
[2026-06-11 13:42:51] Epoch 04 train batch [1420/1875] loss=0.7068 avg_loss=0.6673. Resources: rss=2126.3MB, peak_rss=2585.8MB, cuda_alloc=360.6MB, cuda_reserved=44458.0MB, cuda_peak_alloc=7062.6MB, cuda_free=3509.8MB, cuda_total=48519.1MB
[2026-06-11 13:42:56] Epoch 04 train batch [1440/1875] loss=0.5642 avg_loss=0.6670. Resources: rss=2127.4MB, peak_rss=2585.8MB, cuda_alloc=360.6MB, cuda_reserved=44458.0MB, cuda_peak_alloc=7062.6MB, cuda_free=3509.8MB, cuda_total=48519.1MB
[2026-06-11 13:43:00] Epoch 04 train batch [1460/1875] loss=0.7182 avg_loss=0.6665. Resources: rss=2126.3MB, peak_rss=2585.8MB, cuda_alloc=360.6MB, cuda_reserved=44458.0MB, cuda_peak_alloc=7062.6MB, cuda_free=3509.8MB, cuda_total=48519.1MB
[2026-06-11 13:43:04] Epoch 04 train batch [1480/1875] loss=0.6493 avg_loss=0.6666. Resources: rss=2126.3MB, peak_rss=2585.8MB, cuda_alloc=360.6MB, cuda_reserved=44458.0MB, cuda_peak_alloc=7062.6MB, cuda_free=3509.8MB, cuda_total=48519.1MB
[2026-06-11 13:43:09] Epoch 04 train batch [1500/1875] loss=0.7429 avg_loss=0.6658. Resources: rss=2126.3MB, peak_rss=2585.8MB, cuda_alloc=360.6MB, cuda_reserved=14096.0MB, cuda_peak_alloc=7062.6MB, cuda_free=33871.8MB, cuda_total=48519.1MB
[2026-06-11 13:43:13] Epoch 04 train batch [1520/1875] loss=0.5652 avg_loss=0.6658. Resources: rss=2126.1MB, peak_rss=2585.8MB, cuda_alloc=360.6MB, cuda_reserved=47896.0MB, cuda_peak_alloc=7062.6MB, cuda_free=71.8MB, cuda_total=48519.1MB
[2026-06-11 13:43:19] Epoch 04 train batch [1540/1875] loss=0.6049 avg_loss=0.6648. Resources: rss=2126.2MB, peak_rss=2585.8MB, cuda_alloc=360.6MB, cuda_reserved=29656.0MB, cuda_peak_alloc=7062.6MB, cuda_free=18311.8MB, cuda_total=48519.1MB
[2026-06-11 13:43:23] Epoch 04 train batch [1560/1875] loss=0.5091 avg_loss=0.6659. Resources: rss=2126.8MB, peak_rss=2585.8MB, cuda_alloc=360.6MB, cuda_reserved=39396.0MB, cuda_peak_alloc=7062.6MB, cuda_free=8571.8MB, cuda_total=48519.1MB
[2026-06-11 13:43:29] Epoch 04 train batch [1580/1875] loss=0.6116 avg_loss=0.6651. Resources: rss=2125.4MB, peak_rss=2585.8MB, cuda_alloc=360.6MB, cuda_reserved=23596.0MB, cuda_peak_alloc=7062.6MB, cuda_free=24371.8MB, cuda_total=48519.1MB
[2026-06-11 13:43:34] Epoch 04 train batch [1600/1875] loss=0.5426 avg_loss=0.6644. Resources: rss=2126.9MB, peak_rss=2585.8MB, cuda_alloc=360.6MB, cuda_reserved=24056.0MB, cuda_peak_alloc=7062.6MB, cuda_free=23911.8MB, cuda_total=48519.1MB
[2026-06-11 13:43:40] Epoch 04 train batch [1620/1875] loss=0.6468 avg_loss=0.6640. Resources: rss=2125.0MB, peak_rss=2585.8MB, cuda_alloc=360.6MB, cuda_reserved=8576.0MB, cuda_peak_alloc=7062.6MB, cuda_free=39391.8MB, cuda_total=48519.1MB
[2026-06-11 13:43:44] Epoch 04 train batch [1640/1875] loss=0.6755 avg_loss=0.6633. Resources: rss=2125.9MB, peak_rss=2585.8MB, cuda_alloc=360.6MB, cuda_reserved=35396.0MB, cuda_peak_alloc=7062.6MB, cuda_free=12571.8MB, cuda_total=48519.1MB
[2026-06-11 13:43:49] Epoch 04 train batch [1660/1875] loss=0.5955 avg_loss=0.6630. Resources: rss=2126.3MB, peak_rss=2585.8MB, cuda_alloc=360.6MB, cuda_reserved=36816.0MB, cuda_peak_alloc=7062.6MB, cuda_free=11151.8MB, cuda_total=48519.1MB
[2026-06-11 13:43:53] Epoch 04 train batch [1680/1875] loss=0.8001 avg_loss=0.6622. Resources: rss=2124.9MB, peak_rss=2585.8MB, cuda_alloc=360.6MB, cuda_reserved=40836.0MB, cuda_peak_alloc=7062.6MB, cuda_free=7131.8MB, cuda_total=48519.1MB
[2026-06-11 13:43:57] Epoch 04 train batch [1700/1875] loss=0.4442 avg_loss=0.6617. Resources: rss=2125.6MB, peak_rss=2585.8MB, cuda_alloc=360.6MB, cuda_reserved=40836.0MB, cuda_peak_alloc=7062.6MB, cuda_free=7131.8MB, cuda_total=48519.1MB
[2026-06-11 13:44:02] Epoch 04 train batch [1720/1875] loss=0.4859 avg_loss=0.6611. Resources: rss=2125.3MB, peak_rss=2585.8MB, cuda_alloc=360.6MB, cuda_reserved=44076.0MB, cuda_peak_alloc=7062.6MB, cuda_free=3891.8MB, cuda_total=48519.1MB
[2026-06-11 13:44:06] Epoch 04 train batch [1740/1875] loss=0.3709 avg_loss=0.6608. Resources: rss=2124.7MB, peak_rss=2585.8MB, cuda_alloc=360.6MB, cuda_reserved=44076.0MB, cuda_peak_alloc=7062.6MB, cuda_free=3891.8MB, cuda_total=48519.1MB
[2026-06-11 13:44:11] Epoch 04 train batch [1760/1875] loss=0.5005 avg_loss=0.6597. Resources: rss=2126.5MB, peak_rss=2585.8MB, cuda_alloc=360.6MB, cuda_reserved=44076.0MB, cuda_peak_alloc=7062.6MB, cuda_free=3891.8MB, cuda_total=48519.1MB
[2026-06-11 13:44:17] Epoch 04 train batch [1780/1875] loss=0.7999 avg_loss=0.6603. Resources: rss=2128.1MB, peak_rss=2585.8MB, cuda_alloc=360.6MB, cuda_reserved=33016.0MB, cuda_peak_alloc=7062.6MB, cuda_free=14951.8MB, cuda_total=48519.1MB
[2026-06-11 13:44:22] Epoch 04 train batch [1800/1875] loss=0.8184 avg_loss=0.6596. Resources: rss=2126.4MB, peak_rss=2585.8MB, cuda_alloc=360.6MB, cuda_reserved=33856.0MB, cuda_peak_alloc=7062.6MB, cuda_free=14111.8MB, cuda_total=48519.1MB
[2026-06-11 13:44:28] Epoch 04 train batch [1820/1875] loss=0.5129 avg_loss=0.6592. Resources: rss=2126.9MB, peak_rss=2585.8MB, cuda_alloc=360.6MB, cuda_reserved=27456.0MB, cuda_peak_alloc=7062.6MB, cuda_free=20511.8MB, cuda_total=48519.1MB
[2026-06-11 13:44:33] Epoch 04 train batch [1840/1875] loss=0.6648 avg_loss=0.6590. Resources: rss=2127.6MB, peak_rss=2585.8MB, cuda_alloc=360.6MB, cuda_reserved=46016.0MB, cuda_peak_alloc=7062.6MB, cuda_free=1951.8MB, cuda_total=48519.1MB
[2026-06-11 13:44:39] Epoch 04 train batch [1860/1875] loss=0.5772 avg_loss=0.6582. Resources: rss=2127.3MB, peak_rss=2585.8MB, cuda_alloc=360.6MB, cuda_reserved=5236.0MB, cuda_peak_alloc=7062.6MB, cuda_free=42731.8MB, cuda_total=48519.1MB
[2026-06-11 13:44:42] Epoch 04 train batch [1875/1875] loss=0.3805 avg_loss=0.6585. Resources: rss=2127.8MB, peak_rss=2585.8MB, cuda_alloc=360.6MB, cuda_reserved=34676.0MB, cuda_peak_alloc=7062.6MB, cuda_free=13291.8MB, cuda_total=48519.1MB
[2026-06-11 13:44:42] Epoch 04 training completed. Resources: rss=2119.3MB, peak_rss=2585.8MB, cuda_alloc=360.6MB, cuda_reserved=34676.0MB, cuda_peak_alloc=7062.6MB, cuda_free=13291.8MB, cuda_total=48519.1MB
[2026-06-11 13:44:43] Epoch 04 cache released before validation loss. Resources: rss=2117.5MB, peak_rss=2585.8MB, cuda_alloc=360.6MB, cuda_reserved=498.0MB, cuda_peak_alloc=360.6MB, cuda_free=47469.8MB, cuda_total=48519.1MB
[2026-06-11 13:45:16] Epoch 04 validation loss completed: 0.6219. Resources: rss=2118.8MB, peak_rss=2585.8MB, cuda_alloc=360.6MB, cuda_reserved=5766.0MB, cuda_peak_alloc=2034.0MB, cuda_free=42201.8MB, cuda_total=48519.1MB
[2026-06-11 13:45:16] Epoch 04 cache released before detection metrics. Resources: rss=2117.5MB, peak_rss=2585.8MB, cuda_alloc=360.6MB, cuda_reserved=498.0MB, cuda_peak_alloc=360.6MB, cuda_free=47469.8MB, cuda_total=48519.1MB
[2026-06-11 13:45:53] Epoch 04 prediction tensors moved to CPU. Computing metrics. Resources: rss=2115.6MB, peak_rss=2585.8MB, cuda_alloc=360.6MB, cuda_reserved=498.0MB, cuda_peak_alloc=360.6MB, cuda_free=47469.8MB, cuda_total=48519.1MB
[2026-06-11 13:45:54] Epoch 04 metrics computed (mAP@0.5 only). Saving artifacts. Resources: rss=2118.9MB, peak_rss=2585.8MB, cuda_alloc=360.6MB, cuda_reserved=498.0MB, cuda_peak_alloc=360.6MB, cuda_free=47469.8MB, cuda_total=48519.1MB
[2026-06-11 13:45:55] Epoch 04 improved mAP@0.5 to 0.5122. Saved best checkpoint: best_model-20260611-131215.pth. Resources: rss=2597.1MB, peak_rss=2597.1MB, cuda_alloc=360.6MB, cuda_reserved=498.0MB, cuda_peak_alloc=360.6MB, cuda_free=47469.8MB, cuda_total=48519.1MB
Epoch [04/50]
├── Train Loss : 0.6585
│   ├── loss_classifier  : 0.3851
│   ├── loss_box_reg     : 0.2734
│   ├── loss_objectness  : 0.0000
│   └── loss_rpn_box_reg : 0.0000
├── Val Loss   : 0.6219
├── mAP@0.5    : 0.5122
├── mAP@0.75   : n/a
├── mAP@0.5:0.95 : n/a
├── Precision  : 0.0319
├── Recall     : 0.9396
├── GT Boxes   : 2021
├── Predictions: 59522
├── Per-class AP
│   ├── person  : AP50=0.6796, AP75=n/a, AP50:95=n/a, P=0.0486, R=0.9572
│   ├── car     : AP50=0.6157, AP75=n/a, AP50:95=n/a, P=0.0301, R=0.9293
│   ├── dog     : AP50=0.5582, AP75=n/a, AP50:95=n/a, P=0.0190, R=0.9660
│   ├── cat     : AP50=0.4170, AP75=n/a, AP50:95=n/a, P=0.0275, R=0.9659
│   └── chair   : AP50=0.2904, AP75=n/a, AP50:95=n/a, P=0.0184, R=0.8475
├── LR         : 0.000999
└── Time       : 510.7s
[2026-06-11 13:45:55] Epoch [04/50] completed. Resources: rss=2112.8MB, peak_rss=2597.1MB, cuda_alloc=360.6MB, cuda_reserved=498.0MB, cuda_peak_alloc=360.6MB, cuda_free=47469.8MB, cuda_total=48519.1MB
[2026-06-11 13:45:55] Epoch [05/50] started. Resources: rss=2112.8MB, peak_rss=2597.1MB, cuda_alloc=360.6MB, cuda_reserved=498.0MB, cuda_peak_alloc=360.6MB, cuda_free=47469.8MB, cuda_total=48519.1MB
[2026-06-11 13:46:01] Epoch 05 train batch [20/1875] loss=0.7584 avg_loss=0.5957. Resources: rss=2123.4MB, peak_rss=2597.1MB, cuda_alloc=360.6MB, cuda_reserved=32436.0MB, cuda_peak_alloc=7061.9MB, cuda_free=15531.8MB, cuda_total=48519.1MB
[2026-06-11 13:46:06] Epoch 05 train batch [40/1875] loss=0.3675 avg_loss=0.5977. Resources: rss=2122.2MB, peak_rss=2597.1MB, cuda_alloc=360.6MB, cuda_reserved=29316.0MB, cuda_peak_alloc=7061.9MB, cuda_free=18651.8MB, cuda_total=48519.1MB
[2026-06-11 13:46:13] Epoch 05 train batch [60/1875] loss=0.5951 avg_loss=0.6005. Resources: rss=2122.9MB, peak_rss=2597.1MB, cuda_alloc=360.6MB, cuda_reserved=19936.0MB, cuda_peak_alloc=7061.9MB, cuda_free=28031.8MB, cuda_total=48519.1MB
[2026-06-11 13:46:17] Epoch 05 train batch [80/1875] loss=0.8093 avg_loss=0.5874. Resources: rss=2123.0MB, peak_rss=2597.1MB, cuda_alloc=360.6MB, cuda_reserved=24456.0MB, cuda_peak_alloc=7061.9MB, cuda_free=23511.8MB, cuda_total=48519.1MB
[2026-06-11 13:46:21] Epoch 05 train batch [100/1875] loss=0.7033 avg_loss=0.5960. Resources: rss=2122.4MB, peak_rss=2597.1MB, cuda_alloc=360.6MB, cuda_reserved=26756.0MB, cuda_peak_alloc=7062.6MB, cuda_free=21211.8MB, cuda_total=48519.1MB
[2026-06-11 13:46:26] Epoch 05 train batch [120/1875] loss=0.7112 avg_loss=0.5921. Resources: rss=2120.7MB, peak_rss=2597.1MB, cuda_alloc=360.6MB, cuda_reserved=32276.0MB, cuda_peak_alloc=7062.6MB, cuda_free=15691.8MB, cuda_total=48519.1MB
[2026-06-11 13:46:30] Epoch 05 train batch [140/1875] loss=0.7841 avg_loss=0.5965. Resources: rss=2120.5MB, peak_rss=2597.1MB, cuda_alloc=360.6MB, cuda_reserved=32276.0MB, cuda_peak_alloc=7062.6MB, cuda_free=15691.8MB, cuda_total=48519.1MB
[2026-06-11 13:46:35] Epoch 05 train batch [160/1875] loss=0.7052 avg_loss=0.6015. Resources: rss=2121.9MB, peak_rss=2597.1MB, cuda_alloc=360.6MB, cuda_reserved=32276.0MB, cuda_peak_alloc=7062.6MB, cuda_free=15691.8MB, cuda_total=48519.1MB
[2026-06-11 13:46:39] Epoch 05 train batch [180/1875] loss=0.2939 avg_loss=0.5987. Resources: rss=2122.8MB, peak_rss=2597.1MB, cuda_alloc=360.6MB, cuda_reserved=32276.0MB, cuda_peak_alloc=7062.6MB, cuda_free=15691.8MB, cuda_total=48519.1MB
[2026-06-11 13:46:44] Epoch 05 train batch [200/1875] loss=0.4798 avg_loss=0.5966. Resources: rss=2123.5MB, peak_rss=2597.1MB, cuda_alloc=360.6MB, cuda_reserved=33476.0MB, cuda_peak_alloc=7062.6MB, cuda_free=14491.8MB, cuda_total=48519.1MB
[2026-06-11 13:46:48] Epoch 05 train batch [220/1875] loss=0.3898 avg_loss=0.5972. Resources: rss=2123.2MB, peak_rss=2597.1MB, cuda_alloc=360.6MB, cuda_reserved=36956.0MB, cuda_peak_alloc=7062.6MB, cuda_free=11011.8MB, cuda_total=48519.1MB
[2026-06-11 13:46:53] Epoch 05 train batch [240/1875] loss=0.5294 avg_loss=0.5929. Resources: rss=2125.5MB, peak_rss=2597.1MB, cuda_alloc=360.6MB, cuda_reserved=36956.0MB, cuda_peak_alloc=7062.6MB, cuda_free=11011.8MB, cuda_total=48519.1MB
[2026-06-11 13:46:57] Epoch 05 train batch [260/1875] loss=0.5381 avg_loss=0.5930. Resources: rss=2124.3MB, peak_rss=2597.1MB, cuda_alloc=360.6MB, cuda_reserved=36956.0MB, cuda_peak_alloc=7062.6MB, cuda_free=11011.8MB, cuda_total=48519.1MB
[2026-06-11 13:47:01] Epoch 05 train batch [280/1875] loss=0.7787 avg_loss=0.5996. Resources: rss=2125.3MB, peak_rss=2597.1MB, cuda_alloc=360.6MB, cuda_reserved=36956.0MB, cuda_peak_alloc=7062.6MB, cuda_free=11011.8MB, cuda_total=48519.1MB
[2026-06-11 13:47:06] Epoch 05 train batch [300/1875] loss=0.3360 avg_loss=0.5963. Resources: rss=2124.8MB, peak_rss=2597.1MB, cuda_alloc=360.6MB, cuda_reserved=36956.0MB, cuda_peak_alloc=7062.6MB, cuda_free=11011.8MB, cuda_total=48519.1MB
[2026-06-11 13:47:10] Epoch 05 train batch [320/1875] loss=0.3878 avg_loss=0.5930. Resources: rss=2124.6MB, peak_rss=2597.1MB, cuda_alloc=360.6MB, cuda_reserved=36956.0MB, cuda_peak_alloc=7062.6MB, cuda_free=11011.8MB, cuda_total=48519.1MB
[2026-06-11 13:47:14] Epoch 05 train batch [340/1875] loss=0.4642 avg_loss=0.5902. Resources: rss=2126.5MB, peak_rss=2597.1MB, cuda_alloc=360.6MB, cuda_reserved=42336.0MB, cuda_peak_alloc=7062.6MB, cuda_free=5631.8MB, cuda_total=48519.1MB
[2026-06-11 13:47:18] Epoch 05 train batch [360/1875] loss=0.6177 avg_loss=0.5899. Resources: rss=2128.0MB, peak_rss=2597.1MB, cuda_alloc=360.6MB, cuda_reserved=42336.0MB, cuda_peak_alloc=7062.6MB, cuda_free=5631.8MB, cuda_total=48519.1MB
[2026-06-11 13:47:23] Epoch 05 train batch [380/1875] loss=0.5514 avg_loss=0.5865. Resources: rss=2127.8MB, peak_rss=2597.1MB, cuda_alloc=360.6MB, cuda_reserved=42336.0MB, cuda_peak_alloc=7062.6MB, cuda_free=5631.8MB, cuda_total=48519.1MB
[2026-06-11 13:47:27] Epoch 05 train batch [400/1875] loss=0.5214 avg_loss=0.5896. Resources: rss=2126.7MB, peak_rss=2597.1MB, cuda_alloc=360.6MB, cuda_reserved=42336.0MB, cuda_peak_alloc=7062.6MB, cuda_free=5631.8MB, cuda_total=48519.1MB
[2026-06-11 13:47:32] Epoch 05 train batch [420/1875] loss=0.3962 avg_loss=0.5875. Resources: rss=2125.8MB, peak_rss=2597.1MB, cuda_alloc=360.6MB, cuda_reserved=42976.0MB, cuda_peak_alloc=7062.6MB, cuda_free=4991.8MB, cuda_total=48519.1MB
[2026-06-11 13:47:37] Epoch 05 train batch [440/1875] loss=0.4310 avg_loss=0.5844. Resources: rss=2128.6MB, peak_rss=2597.1MB, cuda_alloc=360.6MB, cuda_reserved=19596.0MB, cuda_peak_alloc=7062.6MB, cuda_free=28371.8MB, cuda_total=48519.1MB
[2026-06-11 13:47:43] Epoch 05 train batch [460/1875] loss=0.5019 avg_loss=0.5828. Resources: rss=2129.1MB, peak_rss=2597.1MB, cuda_alloc=360.6MB, cuda_reserved=27016.0MB, cuda_peak_alloc=7062.6MB, cuda_free=20951.8MB, cuda_total=48519.1MB
[2026-06-11 13:47:49] Epoch 05 train batch [480/1875] loss=0.4289 avg_loss=0.5798. Resources: rss=2129.3MB, peak_rss=2597.1MB, cuda_alloc=360.6MB, cuda_reserved=47816.0MB, cuda_peak_alloc=7062.6MB, cuda_free=151.8MB, cuda_total=48519.1MB
[2026-06-11 13:47:55] Epoch 05 train batch [500/1875] loss=0.7462 avg_loss=0.5781. Resources: rss=2129.0MB, peak_rss=2597.1MB, cuda_alloc=360.6MB, cuda_reserved=30356.0MB, cuda_peak_alloc=7062.6MB, cuda_free=17611.8MB, cuda_total=48519.1MB
[2026-06-11 13:47:59] Epoch 05 train batch [520/1875] loss=0.4330 avg_loss=0.5774. Resources: rss=2130.3MB, peak_rss=2597.1MB, cuda_alloc=360.6MB, cuda_reserved=47316.0MB, cuda_peak_alloc=7062.6MB, cuda_free=651.8MB, cuda_total=48519.1MB
[2026-06-11 13:48:04] Epoch 05 train batch [540/1875] loss=0.5569 avg_loss=0.5798. Resources: rss=2129.6MB, peak_rss=2597.1MB, cuda_alloc=360.6MB, cuda_reserved=47316.0MB, cuda_peak_alloc=7062.6MB, cuda_free=651.8MB, cuda_total=48519.1MB
[2026-06-11 13:48:09] Epoch 05 train batch [560/1875] loss=0.7024 avg_loss=0.5805. Resources: rss=2129.7MB, peak_rss=2597.1MB, cuda_alloc=360.6MB, cuda_reserved=21856.0MB, cuda_peak_alloc=7062.6MB, cuda_free=26111.8MB, cuda_total=48519.1MB
[2026-06-11 13:48:13] Epoch 05 train batch [580/1875] loss=0.3902 avg_loss=0.5794. Resources: rss=2128.9MB, peak_rss=2597.1MB, cuda_alloc=360.6MB, cuda_reserved=43396.0MB, cuda_peak_alloc=7062.6MB, cuda_free=4571.8MB, cuda_total=48519.1MB
[2026-06-11 13:48:18] Epoch 05 train batch [600/1875] loss=0.6370 avg_loss=0.5803. Resources: rss=2129.2MB, peak_rss=2597.1MB, cuda_alloc=360.6MB, cuda_reserved=43396.0MB, cuda_peak_alloc=7062.6MB, cuda_free=4571.8MB, cuda_total=48519.1MB
[2026-06-11 13:48:22] Epoch 05 train batch [620/1875] loss=0.4272 avg_loss=0.5790. Resources: rss=2128.9MB, peak_rss=2597.1MB, cuda_alloc=360.6MB, cuda_reserved=43396.0MB, cuda_peak_alloc=7062.6MB, cuda_free=4571.8MB, cuda_total=48519.1MB
[2026-06-11 13:48:27] Epoch 05 train batch [640/1875] loss=0.4684 avg_loss=0.5846. Resources: rss=2130.0MB, peak_rss=2597.1MB, cuda_alloc=360.6MB, cuda_reserved=43396.0MB, cuda_peak_alloc=7062.6MB, cuda_free=4571.8MB, cuda_total=48519.1MB
[2026-06-11 13:48:31] Epoch 05 train batch [660/1875] loss=0.6053 avg_loss=0.5845. Resources: rss=2131.9MB, peak_rss=2597.1MB, cuda_alloc=360.6MB, cuda_reserved=43396.0MB, cuda_peak_alloc=7062.6MB, cuda_free=4571.8MB, cuda_total=48519.1MB
[2026-06-11 13:48:35] Epoch 05 train batch [680/1875] loss=0.5476 avg_loss=0.5849. Resources: rss=2132.0MB, peak_rss=2597.1MB, cuda_alloc=360.6MB, cuda_reserved=43396.0MB, cuda_peak_alloc=7062.6MB, cuda_free=4571.8MB, cuda_total=48519.1MB
[2026-06-11 13:48:39] Epoch 05 train batch [700/1875] loss=0.6069 avg_loss=0.5831. Resources: rss=2131.0MB, peak_rss=2597.1MB, cuda_alloc=360.6MB, cuda_reserved=43396.0MB, cuda_peak_alloc=7062.6MB, cuda_free=4571.8MB, cuda_total=48519.1MB
[2026-06-11 13:48:44] Epoch 05 train batch [720/1875] loss=0.3947 avg_loss=0.5829. Resources: rss=2130.4MB, peak_rss=2597.1MB, cuda_alloc=360.6MB, cuda_reserved=43736.0MB, cuda_peak_alloc=7062.6MB, cuda_free=4231.8MB, cuda_total=48519.1MB
[2026-06-11 13:48:49] Epoch 05 train batch [740/1875] loss=0.4983 avg_loss=0.5831. Resources: rss=2131.1MB, peak_rss=2597.1MB, cuda_alloc=360.6MB, cuda_reserved=43736.0MB, cuda_peak_alloc=7062.6MB, cuda_free=4231.8MB, cuda_total=48519.1MB
[2026-06-11 13:48:53] Epoch 05 train batch [760/1875] loss=0.5825 avg_loss=0.5969. Resources: rss=2130.7MB, peak_rss=2597.1MB, cuda_alloc=360.6MB, cuda_reserved=43736.0MB, cuda_peak_alloc=7062.6MB, cuda_free=4231.8MB, cuda_total=48519.1MB
[2026-06-11 13:48:57] Epoch 05 train batch [780/1875] loss=0.2946 avg_loss=0.5961. Resources: rss=2131.7MB, peak_rss=2597.1MB, cuda_alloc=360.6MB, cuda_reserved=43736.0MB, cuda_peak_alloc=7062.6MB, cuda_free=4231.8MB, cuda_total=48519.1MB
[2026-06-11 13:49:01] Epoch 05 train batch [800/1875] loss=0.2249 avg_loss=0.5959. Resources: rss=2132.0MB, peak_rss=2597.1MB, cuda_alloc=360.6MB, cuda_reserved=43736.0MB, cuda_peak_alloc=7062.6MB, cuda_free=4231.8MB, cuda_total=48519.1MB
[2026-06-11 13:49:07] Epoch 05 train batch [820/1875] loss=0.4132 avg_loss=0.5939. Resources: rss=2133.7MB, peak_rss=2597.1MB, cuda_alloc=360.6MB, cuda_reserved=34476.0MB, cuda_peak_alloc=7062.6MB, cuda_free=13491.8MB, cuda_total=48519.1MB
[2026-06-11 13:49:11] Epoch 05 train batch [840/1875] loss=1.3796 avg_loss=0.5938. Resources: rss=2133.4MB, peak_rss=2597.1MB, cuda_alloc=360.6MB, cuda_reserved=34476.0MB, cuda_peak_alloc=7062.6MB, cuda_free=13491.8MB, cuda_total=48519.1MB
[2026-06-11 13:49:15] Epoch 05 train batch [860/1875] loss=0.7464 avg_loss=0.5932. Resources: rss=2132.9MB, peak_rss=2597.1MB, cuda_alloc=360.6MB, cuda_reserved=34476.0MB, cuda_peak_alloc=7062.6MB, cuda_free=13491.8MB, cuda_total=48519.1MB
[2026-06-11 13:49:20] Epoch 05 train batch [880/1875] loss=0.4982 avg_loss=0.5910. Resources: rss=2133.2MB, peak_rss=2597.1MB, cuda_alloc=360.6MB, cuda_reserved=34476.0MB, cuda_peak_alloc=7062.6MB, cuda_free=13491.8MB, cuda_total=48519.1MB
[2026-06-11 13:49:24] Epoch 05 train batch [900/1875] loss=0.7924 avg_loss=0.5902. Resources: rss=2133.6MB, peak_rss=2597.1MB, cuda_alloc=360.6MB, cuda_reserved=43096.0MB, cuda_peak_alloc=7062.6MB, cuda_free=4871.8MB, cuda_total=48519.1MB
[2026-06-11 13:49:28] Epoch 05 train batch [920/1875] loss=0.6447 avg_loss=0.5899. Resources: rss=2133.9MB, peak_rss=2597.1MB, cuda_alloc=360.6MB, cuda_reserved=43096.0MB, cuda_peak_alloc=7062.6MB, cuda_free=4871.8MB, cuda_total=48519.1MB
[2026-06-11 13:49:32] Epoch 05 train batch [940/1875] loss=0.4308 avg_loss=0.5889. Resources: rss=2133.6MB, peak_rss=2597.1MB, cuda_alloc=360.6MB, cuda_reserved=43096.0MB, cuda_peak_alloc=7062.6MB, cuda_free=4871.8MB, cuda_total=48519.1MB
[2026-06-11 13:49:37] Epoch 05 train batch [960/1875] loss=0.2522 avg_loss=0.5887. Resources: rss=2132.8MB, peak_rss=2597.1MB, cuda_alloc=360.6MB, cuda_reserved=43096.0MB, cuda_peak_alloc=7062.6MB, cuda_free=4871.8MB, cuda_total=48519.1MB
[2026-06-11 13:49:41] Epoch 05 train batch [980/1875] loss=0.4590 avg_loss=0.5908. Resources: rss=2133.5MB, peak_rss=2597.1MB, cuda_alloc=360.6MB, cuda_reserved=43096.0MB, cuda_peak_alloc=7062.6MB, cuda_free=4871.8MB, cuda_total=48519.1MB
[2026-06-11 13:49:46] Epoch 05 train batch [1000/1875] loss=0.5155 avg_loss=0.5907. Resources: rss=2134.4MB, peak_rss=2597.1MB, cuda_alloc=360.6MB, cuda_reserved=43096.0MB, cuda_peak_alloc=7062.6MB, cuda_free=4871.8MB, cuda_total=48519.1MB
[2026-06-11 13:49:50] Epoch 05 train batch [1020/1875] loss=0.4623 avg_loss=0.5896. Resources: rss=2133.8MB, peak_rss=2597.1MB, cuda_alloc=360.6MB, cuda_reserved=43096.0MB, cuda_peak_alloc=7062.6MB, cuda_free=4871.8MB, cuda_total=48519.1MB
[2026-06-11 13:49:55] Epoch 05 train batch [1040/1875] loss=0.7479 avg_loss=0.5894. Resources: rss=2134.1MB, peak_rss=2597.1MB, cuda_alloc=360.6MB, cuda_reserved=43096.0MB, cuda_peak_alloc=7062.6MB, cuda_free=4871.8MB, cuda_total=48519.1MB
[2026-06-11 13:49:59] Epoch 05 train batch [1060/1875] loss=0.3715 avg_loss=0.5875. Resources: rss=2137.2MB, peak_rss=2597.1MB, cuda_alloc=360.6MB, cuda_reserved=43096.0MB, cuda_peak_alloc=7062.6MB, cuda_free=4871.8MB, cuda_total=48519.1MB
[2026-06-11 13:50:03] Epoch 05 train batch [1080/1875] loss=0.6887 avg_loss=0.5869. Resources: rss=2136.9MB, peak_rss=2597.1MB, cuda_alloc=360.6MB, cuda_reserved=43096.0MB, cuda_peak_alloc=7062.6MB, cuda_free=4871.8MB, cuda_total=48519.1MB
[2026-06-11 13:50:08] Epoch 05 train batch [1100/1875] loss=0.4760 avg_loss=0.5857. Resources: rss=2137.9MB, peak_rss=2597.1MB, cuda_alloc=360.6MB, cuda_reserved=43096.0MB, cuda_peak_alloc=7062.6MB, cuda_free=4871.8MB, cuda_total=48519.1MB
[2026-06-11 13:50:13] Epoch 05 train batch [1120/1875] loss=0.5068 avg_loss=0.5853. Resources: rss=2138.4MB, peak_rss=2597.1MB, cuda_alloc=360.6MB, cuda_reserved=26076.0MB, cuda_peak_alloc=7062.6MB, cuda_free=21891.8MB, cuda_total=48519.1MB
[2026-06-11 13:50:18] Epoch 05 train batch [1140/1875] loss=0.5946 avg_loss=0.5851. Resources: rss=2139.2MB, peak_rss=2597.1MB, cuda_alloc=360.6MB, cuda_reserved=43556.0MB, cuda_peak_alloc=7062.6MB, cuda_free=4411.8MB, cuda_total=48519.1MB
[2026-06-11 13:50:23] Epoch 05 train batch [1160/1875] loss=0.5378 avg_loss=0.5839. Resources: rss=2139.2MB, peak_rss=2597.1MB, cuda_alloc=360.6MB, cuda_reserved=20216.0MB, cuda_peak_alloc=7062.6MB, cuda_free=27751.8MB, cuda_total=48519.1MB
[2026-06-11 13:50:27] Epoch 05 train batch [1180/1875] loss=0.6356 avg_loss=0.5822. Resources: rss=2139.4MB, peak_rss=2597.1MB, cuda_alloc=360.6MB, cuda_reserved=36356.0MB, cuda_peak_alloc=7062.6MB, cuda_free=11611.8MB, cuda_total=48519.1MB
[2026-06-11 13:50:33] Epoch 05 train batch [1200/1875] loss=0.4418 avg_loss=0.5810. Resources: rss=2138.9MB, peak_rss=2597.1MB, cuda_alloc=360.6MB, cuda_reserved=36816.0MB, cuda_peak_alloc=7062.6MB, cuda_free=11151.8MB, cuda_total=48519.1MB
[2026-06-11 13:50:37] Epoch 05 train batch [1220/1875] loss=0.4452 avg_loss=0.5800. Resources: rss=2139.4MB, peak_rss=2597.1MB, cuda_alloc=360.6MB, cuda_reserved=44736.0MB, cuda_peak_alloc=7062.6MB, cuda_free=3231.8MB, cuda_total=48519.1MB
[2026-06-11 13:50:43] Epoch 05 train batch [1240/1875] loss=0.5511 avg_loss=0.5788. Resources: rss=2139.5MB, peak_rss=2597.1MB, cuda_alloc=360.6MB, cuda_reserved=43996.0MB, cuda_peak_alloc=7062.6MB, cuda_free=3971.8MB, cuda_total=48519.1MB
[2026-06-11 13:50:47] Epoch 05 train batch [1260/1875] loss=0.5618 avg_loss=0.5788. Resources: rss=2139.0MB, peak_rss=2597.1MB, cuda_alloc=360.6MB, cuda_reserved=43996.0MB, cuda_peak_alloc=7062.6MB, cuda_free=3971.8MB, cuda_total=48519.1MB
[2026-06-11 13:50:52] Epoch 05 train batch [1280/1875] loss=0.6654 avg_loss=0.5783. Resources: rss=2139.7MB, peak_rss=2597.1MB, cuda_alloc=360.6MB, cuda_reserved=7576.0MB, cuda_peak_alloc=7062.6MB, cuda_free=40391.8MB, cuda_total=48519.1MB
[2026-06-11 13:50:59] Epoch 05 train batch [1300/1875] loss=0.9280 avg_loss=0.5785. Resources: rss=2138.7MB, peak_rss=2597.1MB, cuda_alloc=360.6MB, cuda_reserved=5636.0MB, cuda_peak_alloc=7062.6MB, cuda_free=42331.8MB, cuda_total=48519.1MB
[2026-06-11 13:51:04] Epoch 05 train batch [1320/1875] loss=1.0528 avg_loss=0.5784. Resources: rss=2138.1MB, peak_rss=2597.1MB, cuda_alloc=351.4MB, cuda_reserved=33256.0MB, cuda_peak_alloc=7062.6MB, cuda_free=14711.8MB, cuda_total=48519.1MB
[2026-06-11 13:51:08] Epoch 05 train batch [1340/1875] loss=0.6223 avg_loss=0.5785. Resources: rss=2139.4MB, peak_rss=2597.1MB, cuda_alloc=360.6MB, cuda_reserved=40296.0MB, cuda_peak_alloc=7062.6MB, cuda_free=7671.8MB, cuda_total=48519.1MB
[2026-06-11 13:51:13] Epoch 05 train batch [1360/1875] loss=0.5828 avg_loss=0.5779. Resources: rss=2138.3MB, peak_rss=2597.1MB, cuda_alloc=360.6MB, cuda_reserved=40296.0MB, cuda_peak_alloc=7062.6MB, cuda_free=7671.8MB, cuda_total=48519.1MB
[2026-06-11 13:51:17] Epoch 05 train batch [1380/1875] loss=0.4697 avg_loss=0.5781. Resources: rss=2139.0MB, peak_rss=2597.1MB, cuda_alloc=360.6MB, cuda_reserved=40296.0MB, cuda_peak_alloc=7062.6MB, cuda_free=7671.8MB, cuda_total=48519.1MB
[2026-06-11 13:51:22] Epoch 05 train batch [1400/1875] loss=0.4729 avg_loss=0.5775. Resources: rss=2139.0MB, peak_rss=2597.1MB, cuda_alloc=360.6MB, cuda_reserved=40296.0MB, cuda_peak_alloc=7062.6MB, cuda_free=7671.8MB, cuda_total=48519.1MB
[2026-06-11 13:51:27] Epoch 05 train batch [1420/1875] loss=0.4452 avg_loss=0.5766. Resources: rss=2138.5MB, peak_rss=2597.1MB, cuda_alloc=360.6MB, cuda_reserved=40296.0MB, cuda_peak_alloc=7062.6MB, cuda_free=7671.8MB, cuda_total=48519.1MB
[2026-06-11 13:51:31] Epoch 05 train batch [1440/1875] loss=0.8502 avg_loss=0.5757. Resources: rss=2139.3MB, peak_rss=2597.1MB, cuda_alloc=360.6MB, cuda_reserved=40296.0MB, cuda_peak_alloc=7062.6MB, cuda_free=7671.8MB, cuda_total=48519.1MB
[2026-06-11 13:51:35] Epoch 05 train batch [1460/1875] loss=0.3653 avg_loss=0.5751. Resources: rss=2139.7MB, peak_rss=2597.1MB, cuda_alloc=360.6MB, cuda_reserved=40296.0MB, cuda_peak_alloc=7062.6MB, cuda_free=7671.8MB, cuda_total=48519.1MB
[2026-06-11 13:51:41] Epoch 05 train batch [1480/1875] loss=0.3792 avg_loss=0.5742. Resources: rss=2140.6MB, peak_rss=2597.1MB, cuda_alloc=360.6MB, cuda_reserved=24936.0MB, cuda_peak_alloc=7062.6MB, cuda_free=23031.8MB, cuda_total=48519.1MB
[2026-06-11 13:51:46] Epoch 05 train batch [1500/1875] loss=0.6002 avg_loss=0.5742. Resources: rss=2140.4MB, peak_rss=2597.1MB, cuda_alloc=360.6MB, cuda_reserved=36416.0MB, cuda_peak_alloc=7062.6MB, cuda_free=11551.8MB, cuda_total=48519.1MB
[2026-06-11 13:51:50] Epoch 05 train batch [1520/1875] loss=0.2211 avg_loss=0.5733. Resources: rss=2138.8MB, peak_rss=2597.1MB, cuda_alloc=360.6MB, cuda_reserved=40176.0MB, cuda_peak_alloc=7062.6MB, cuda_free=7791.8MB, cuda_total=48519.1MB
[2026-06-11 13:51:55] Epoch 05 train batch [1540/1875] loss=0.6300 avg_loss=0.5719. Resources: rss=2138.5MB, peak_rss=2597.1MB, cuda_alloc=360.6MB, cuda_reserved=40176.0MB, cuda_peak_alloc=7062.6MB, cuda_free=7791.8MB, cuda_total=48519.1MB
[2026-06-11 13:51:59] Epoch 05 train batch [1560/1875] loss=0.7995 avg_loss=0.5724. Resources: rss=2140.1MB, peak_rss=2597.1MB, cuda_alloc=360.6MB, cuda_reserved=43376.0MB, cuda_peak_alloc=7062.6MB, cuda_free=4591.8MB, cuda_total=48519.1MB
[2026-06-11 13:52:03] Epoch 05 train batch [1580/1875] loss=0.4407 avg_loss=0.5714. Resources: rss=2139.5MB, peak_rss=2597.1MB, cuda_alloc=360.6MB, cuda_reserved=43376.0MB, cuda_peak_alloc=7062.6MB, cuda_free=4591.8MB, cuda_total=48519.1MB
[2026-06-11 13:52:07] Epoch 05 train batch [1600/1875] loss=0.3961 avg_loss=0.5704. Resources: rss=2140.4MB, peak_rss=2597.1MB, cuda_alloc=360.6MB, cuda_reserved=44956.0MB, cuda_peak_alloc=7062.6MB, cuda_free=3011.8MB, cuda_total=48519.1MB
[2026-06-11 13:52:12] Epoch 05 train batch [1620/1875] loss=0.6518 avg_loss=0.5709. Resources: rss=2139.8MB, peak_rss=2597.1MB, cuda_alloc=360.6MB, cuda_reserved=44956.0MB, cuda_peak_alloc=7062.6MB, cuda_free=3011.8MB, cuda_total=48519.1MB
[2026-06-11 13:52:17] Epoch 05 train batch [1640/1875] loss=0.3202 avg_loss=0.5703. Resources: rss=2140.4MB, peak_rss=2597.1MB, cuda_alloc=360.6MB, cuda_reserved=25716.0MB, cuda_peak_alloc=7062.6MB, cuda_free=22251.8MB, cuda_total=48519.1MB
[2026-06-11 13:52:22] Epoch 05 train batch [1660/1875] loss=0.5898 avg_loss=0.5702. Resources: rss=2140.4MB, peak_rss=2597.1MB, cuda_alloc=360.6MB, cuda_reserved=35236.0MB, cuda_peak_alloc=7062.6MB, cuda_free=12731.8MB, cuda_total=48519.1MB
[2026-06-11 13:52:26] Epoch 05 train batch [1680/1875] loss=0.3754 avg_loss=0.5693. Resources: rss=2139.8MB, peak_rss=2597.1MB, cuda_alloc=360.6MB, cuda_reserved=35236.0MB, cuda_peak_alloc=7062.6MB, cuda_free=12731.8MB, cuda_total=48519.1MB
[2026-06-11 13:52:31] Epoch 05 train batch [1700/1875] loss=1.0121 avg_loss=0.5691. Resources: rss=2141.3MB, peak_rss=2597.1MB, cuda_alloc=360.6MB, cuda_reserved=35236.0MB, cuda_peak_alloc=7062.6MB, cuda_free=12731.8MB, cuda_total=48519.1MB
[2026-06-11 13:52:35] Epoch 05 train batch [1720/1875] loss=0.5183 avg_loss=0.5689. Resources: rss=2140.7MB, peak_rss=2597.1MB, cuda_alloc=360.6MB, cuda_reserved=35236.0MB, cuda_peak_alloc=7062.6MB, cuda_free=12731.8MB, cuda_total=48519.1MB
[2026-06-11 13:52:39] Epoch 05 train batch [1740/1875] loss=0.3637 avg_loss=0.5686. Resources: rss=2139.6MB, peak_rss=2597.1MB, cuda_alloc=360.6MB, cuda_reserved=35236.0MB, cuda_peak_alloc=7062.6MB, cuda_free=12730.9MB, cuda_total=48519.1MB
[2026-06-11 13:52:44] Epoch 05 train batch [1760/1875] loss=0.7464 avg_loss=0.5688. Resources: rss=2140.8MB, peak_rss=2597.1MB, cuda_alloc=360.6MB, cuda_reserved=35236.0MB, cuda_peak_alloc=7062.6MB, cuda_free=12730.9MB, cuda_total=48519.1MB
[2026-06-11 13:52:48] Epoch 05 train batch [1780/1875] loss=0.4400 avg_loss=0.5684. Resources: rss=2140.6MB, peak_rss=2597.1MB, cuda_alloc=360.6MB, cuda_reserved=36656.0MB, cuda_peak_alloc=7062.6MB, cuda_free=11310.9MB, cuda_total=48519.1MB
[2026-06-11 13:52:53] Epoch 05 train batch [1800/1875] loss=0.4246 avg_loss=0.5683. Resources: rss=2139.8MB, peak_rss=2597.1MB, cuda_alloc=360.6MB, cuda_reserved=36656.0MB, cuda_peak_alloc=7062.6MB, cuda_free=11310.9MB, cuda_total=48519.1MB
[2026-06-11 13:52:57] Epoch 05 train batch [1820/1875] loss=0.3734 avg_loss=0.5671. Resources: rss=2140.9MB, peak_rss=2597.1MB, cuda_alloc=360.6MB, cuda_reserved=36656.0MB, cuda_peak_alloc=7062.6MB, cuda_free=11310.9MB, cuda_total=48519.1MB
[2026-06-11 13:53:01] Epoch 05 train batch [1840/1875] loss=0.4451 avg_loss=0.5668. Resources: rss=2139.8MB, peak_rss=2597.1MB, cuda_alloc=360.6MB, cuda_reserved=36656.0MB, cuda_peak_alloc=7062.6MB, cuda_free=11310.9MB, cuda_total=48519.1MB
[2026-06-11 13:53:05] Epoch 05 train batch [1860/1875] loss=0.5511 avg_loss=0.5657. Resources: rss=2137.9MB, peak_rss=2597.1MB, cuda_alloc=360.6MB, cuda_reserved=42116.0MB, cuda_peak_alloc=7062.6MB, cuda_free=5850.9MB, cuda_total=48519.1MB
[2026-06-11 13:53:08] Epoch 05 train batch [1875/1875] loss=0.3404 avg_loss=0.5654. Resources: rss=2140.6MB, peak_rss=2597.1MB, cuda_alloc=360.6MB, cuda_reserved=42116.0MB, cuda_peak_alloc=7062.6MB, cuda_free=5850.9MB, cuda_total=48519.1MB
[2026-06-11 13:53:08] Epoch 05 training completed. Resources: rss=2133.5MB, peak_rss=2597.1MB, cuda_alloc=360.6MB, cuda_reserved=42116.0MB, cuda_peak_alloc=7062.6MB, cuda_free=5850.9MB, cuda_total=48519.1MB
[2026-06-11 13:53:09] Epoch 05 cache released before validation loss. Resources: rss=2132.9MB, peak_rss=2597.1MB, cuda_alloc=360.6MB, cuda_reserved=538.0MB, cuda_peak_alloc=360.6MB, cuda_free=47428.9MB, cuda_total=48519.1MB
[2026-06-11 13:53:42] Epoch 05 validation loss completed: 0.5947. Resources: rss=2131.7MB, peak_rss=2597.1MB, cuda_alloc=360.6MB, cuda_reserved=5786.0MB, cuda_peak_alloc=2034.0MB, cuda_free=42180.9MB, cuda_total=48519.1MB
[2026-06-11 13:53:43] Epoch 05 cache released before detection metrics. Resources: rss=2131.2MB, peak_rss=2597.1MB, cuda_alloc=360.6MB, cuda_reserved=538.0MB, cuda_peak_alloc=360.6MB, cuda_free=47428.9MB, cuda_total=48519.1MB
[2026-06-11 13:54:19] Epoch 05 prediction tensors moved to CPU. Computing metrics. Resources: rss=2127.4MB, peak_rss=2597.1MB, cuda_alloc=360.6MB, cuda_reserved=538.0MB, cuda_peak_alloc=360.6MB, cuda_free=47428.9MB, cuda_total=48519.1MB
[2026-06-11 13:54:19] Epoch 05 metrics computed (mAP@0.5 only). Saving artifacts. Resources: rss=2130.6MB, peak_rss=2597.1MB, cuda_alloc=360.6MB, cuda_reserved=538.0MB, cuda_peak_alloc=360.6MB, cuda_free=47428.9MB, cuda_total=48519.1MB
[2026-06-11 13:54:20] Epoch 05 improved mAP@0.5 to 0.6312. Saved best checkpoint: best_model-20260611-131215.pth. Resources: rss=2608.9MB, peak_rss=2608.9MB, cuda_alloc=360.6MB, cuda_reserved=538.0MB, cuda_peak_alloc=360.6MB, cuda_free=47428.9MB, cuda_total=48519.1MB
Epoch [05/50]
├── Train Loss : 0.5654
│   ├── loss_classifier  : 0.3322
│   ├── loss_box_reg     : 0.2332
│   ├── loss_objectness  : 0.0000
│   └── loss_rpn_box_reg : 0.0000
├── Val Loss   : 0.5947
├── mAP@0.5    : 0.6312
├── mAP@0.75   : n/a
├── mAP@0.5:0.95 : n/a
├── Precision  : 0.0354
├── Recall     : 0.9426
├── GT Boxes   : 2021
├── Predictions: 53840
├── Per-class AP
│   ├── person  : AP50=0.6817, AP75=n/a, AP50:95=n/a, P=0.0405, R=0.9637
│   ├── car     : AP50=0.6496, AP75=n/a, AP50:95=n/a, P=0.0463, R=0.9117
│   ├── dog     : AP50=0.7031, AP75=n/a, AP50:95=n/a, P=0.0330, R=0.9660
│   ├── cat     : AP50=0.7448, AP75=n/a, AP50:95=n/a, P=0.0375, R=0.9773
│   └── chair   : AP50=0.3770, AP75=n/a, AP50:95=n/a, P=0.0200, R=0.8546
├── LR         : 0.000996
└── Time       : 504.2s
[2026-06-11 13:54:21] Epoch [05/50] completed. Resources: rss=2124.8MB, peak_rss=2608.9MB, cuda_alloc=360.6MB, cuda_reserved=538.0MB, cuda_peak_alloc=360.6MB, cuda_free=47428.9MB, cuda_total=48519.1MB
[2026-06-11 13:54:21] Epoch [06/50] started. Resources: rss=2124.8MB, peak_rss=2608.9MB, cuda_alloc=360.6MB, cuda_reserved=538.0MB, cuda_peak_alloc=360.6MB, cuda_free=47428.9MB, cuda_total=48519.1MB
[2026-06-11 13:54:26] Epoch 06 train batch [20/1875] loss=0.7135 avg_loss=0.4659. Resources: rss=2132.7MB, peak_rss=2608.9MB, cuda_alloc=360.6MB, cuda_reserved=27996.0MB, cuda_peak_alloc=7061.9MB, cuda_free=19970.9MB, cuda_total=48519.1MB
[2026-06-11 13:54:31] Epoch 06 train batch [40/1875] loss=0.3796 avg_loss=0.4805. Resources: rss=2135.9MB, peak_rss=2608.9MB, cuda_alloc=360.6MB, cuda_reserved=18316.0MB, cuda_peak_alloc=7061.9MB, cuda_free=29650.9MB, cuda_total=48519.1MB
[2026-06-11 13:54:36] Epoch 06 train batch [60/1875] loss=0.4446 avg_loss=0.4892. Resources: rss=2134.4MB, peak_rss=2608.9MB, cuda_alloc=360.6MB, cuda_reserved=36716.0MB, cuda_peak_alloc=7062.3MB, cuda_free=11250.9MB, cuda_total=48519.1MB
[2026-06-11 13:54:40] Epoch 06 train batch [80/1875] loss=0.4326 avg_loss=0.4984. Resources: rss=2133.7MB, peak_rss=2608.9MB, cuda_alloc=360.6MB, cuda_reserved=36716.0MB, cuda_peak_alloc=7062.3MB, cuda_free=11250.9MB, cuda_total=48519.1MB
[2026-06-11 13:54:44] Epoch 06 train batch [100/1875] loss=0.3513 avg_loss=0.5004. Resources: rss=2133.1MB, peak_rss=2608.9MB, cuda_alloc=360.6MB, cuda_reserved=36716.0MB, cuda_peak_alloc=7062.3MB, cuda_free=11250.9MB, cuda_total=48519.1MB
[2026-06-11 13:54:49] Epoch 06 train batch [120/1875] loss=0.4711 avg_loss=0.5024. Resources: rss=2132.7MB, peak_rss=2608.9MB, cuda_alloc=360.6MB, cuda_reserved=36716.0MB, cuda_peak_alloc=7062.3MB, cuda_free=11250.9MB, cuda_total=48519.1MB
[2026-06-11 13:54:53] Epoch 06 train batch [140/1875] loss=0.6111 avg_loss=0.5012. Resources: rss=2133.6MB, peak_rss=2608.9MB, cuda_alloc=360.6MB, cuda_reserved=36716.0MB, cuda_peak_alloc=7062.3MB, cuda_free=11250.9MB, cuda_total=48519.1MB
[2026-06-11 13:54:58] Epoch 06 train batch [160/1875] loss=0.3902 avg_loss=0.5011. Resources: rss=2133.6MB, peak_rss=2608.9MB, cuda_alloc=360.6MB, cuda_reserved=46976.0MB, cuda_peak_alloc=7062.3MB, cuda_free=990.9MB, cuda_total=48519.1MB
[2026-06-11 13:55:03] Epoch 06 train batch [180/1875] loss=0.6723 avg_loss=0.4993. Resources: rss=2133.4MB, peak_rss=2608.9MB, cuda_alloc=360.6MB, cuda_reserved=38916.0MB, cuda_peak_alloc=7062.3MB, cuda_free=9050.9MB, cuda_total=48519.1MB
[2026-06-11 13:55:07] Epoch 06 train batch [200/1875] loss=0.4375 avg_loss=0.4949. Resources: rss=2133.7MB, peak_rss=2608.9MB, cuda_alloc=360.6MB, cuda_reserved=42476.0MB, cuda_peak_alloc=7062.3MB, cuda_free=5490.9MB, cuda_total=48519.1MB
[2026-06-11 13:55:12] Epoch 06 train batch [220/1875] loss=0.7280 avg_loss=0.4962. Resources: rss=2132.6MB, peak_rss=2608.9MB, cuda_alloc=360.6MB, cuda_reserved=43656.0MB, cuda_peak_alloc=7062.3MB, cuda_free=4310.9MB, cuda_total=48519.1MB
[2026-06-11 13:55:18] Epoch 06 train batch [240/1875] loss=0.6777 avg_loss=0.4994. Resources: rss=2132.5MB, peak_rss=2608.9MB, cuda_alloc=360.6MB, cuda_reserved=22056.0MB, cuda_peak_alloc=7062.3MB, cuda_free=25910.9MB, cuda_total=48519.1MB
[2026-06-11 13:55:22] Epoch 06 train batch [260/1875] loss=0.4574 avg_loss=0.4990. Resources: rss=2132.6MB, peak_rss=2608.9MB, cuda_alloc=360.6MB, cuda_reserved=39556.0MB, cuda_peak_alloc=7062.3MB, cuda_free=8410.9MB, cuda_total=48519.1MB
[2026-06-11 13:55:28] Epoch 06 train batch [280/1875] loss=0.4727 avg_loss=0.4943. Resources: rss=2133.0MB, peak_rss=2608.9MB, cuda_alloc=360.6MB, cuda_reserved=37616.0MB, cuda_peak_alloc=7062.7MB, cuda_free=10350.9MB, cuda_total=48519.1MB
[2026-06-11 13:55:32] Epoch 06 train batch [300/1875] loss=0.7913 avg_loss=0.4954. Resources: rss=2132.8MB, peak_rss=2608.9MB, cuda_alloc=360.6MB, cuda_reserved=45176.0MB, cuda_peak_alloc=7062.7MB, cuda_free=2790.9MB, cuda_total=48519.1MB
[2026-06-11 13:55:36] Epoch 06 train batch [320/1875] loss=0.7555 avg_loss=0.4992. Resources: rss=2131.7MB, peak_rss=2608.9MB, cuda_alloc=360.6MB, cuda_reserved=45176.0MB, cuda_peak_alloc=7062.7MB, cuda_free=2790.9MB, cuda_total=48519.1MB
[2026-06-11 13:55:41] Epoch 06 train batch [340/1875] loss=0.4721 avg_loss=0.4980. Resources: rss=2132.0MB, peak_rss=2608.9MB, cuda_alloc=360.6MB, cuda_reserved=45796.0MB, cuda_peak_alloc=7062.7MB, cuda_free=2170.9MB, cuda_total=48519.1MB
[2026-06-11 13:55:46] Epoch 06 train batch [360/1875] loss=0.4276 avg_loss=0.4957. Resources: rss=2131.6MB, peak_rss=2608.9MB, cuda_alloc=360.6MB, cuda_reserved=35056.0MB, cuda_peak_alloc=7062.7MB, cuda_free=12910.9MB, cuda_total=48519.1MB
[2026-06-11 13:55:51] Epoch 06 train batch [380/1875] loss=0.3033 avg_loss=0.4975. Resources: rss=2132.8MB, peak_rss=2608.9MB, cuda_alloc=360.6MB, cuda_reserved=21636.0MB, cuda_peak_alloc=7062.7MB, cuda_free=26330.9MB, cuda_total=48519.1MB
[2026-06-11 13:55:56] Epoch 06 train batch [400/1875] loss=0.5562 avg_loss=0.4968. Resources: rss=2130.8MB, peak_rss=2608.9MB, cuda_alloc=360.6MB, cuda_reserved=25516.0MB, cuda_peak_alloc=7062.7MB, cuda_free=22450.9MB, cuda_total=48519.1MB
[2026-06-11 13:56:01] Epoch 06 train batch [420/1875] loss=0.5836 avg_loss=0.4961. Resources: rss=2131.4MB, peak_rss=2608.9MB, cuda_alloc=360.6MB, cuda_reserved=44656.0MB, cuda_peak_alloc=7062.7MB, cuda_free=3310.9MB, cuda_total=48519.1MB
[2026-06-11 13:56:07] Epoch 06 train batch [440/1875] loss=0.3997 avg_loss=0.4971. Resources: rss=2132.8MB, peak_rss=2608.9MB, cuda_alloc=360.6MB, cuda_reserved=7496.0MB, cuda_peak_alloc=7062.7MB, cuda_free=40470.9MB, cuda_total=48519.1MB
[2026-06-11 13:56:11] Epoch 06 train batch [460/1875] loss=0.4851 avg_loss=0.4986. Resources: rss=2132.3MB, peak_rss=2608.9MB, cuda_alloc=360.6MB, cuda_reserved=37216.0MB, cuda_peak_alloc=7062.7MB, cuda_free=10750.9MB, cuda_total=48519.1MB
[2026-06-11 13:56:18] Epoch 06 train batch [480/1875] loss=0.3744 avg_loss=0.4954. Resources: rss=2132.8MB, peak_rss=2608.9MB, cuda_alloc=360.6MB, cuda_reserved=19296.0MB, cuda_peak_alloc=7062.7MB, cuda_free=28670.9MB, cuda_total=48519.1MB
[2026-06-11 13:56:23] Epoch 06 train batch [500/1875] loss=0.5608 avg_loss=0.4946. Resources: rss=2132.7MB, peak_rss=2608.9MB, cuda_alloc=360.6MB, cuda_reserved=46576.0MB, cuda_peak_alloc=7062.7MB, cuda_free=1390.9MB, cuda_total=48519.1MB
[2026-06-11 13:56:29] Epoch 06 train batch [520/1875] loss=0.4740 avg_loss=0.4935. Resources: rss=2132.6MB, peak_rss=2608.9MB, cuda_alloc=360.6MB, cuda_reserved=45136.0MB, cuda_peak_alloc=7062.7MB, cuda_free=2830.9MB, cuda_total=48519.1MB
[2026-06-11 13:56:34] Epoch 06 train batch [540/1875] loss=0.3600 avg_loss=0.4919. Resources: rss=2132.5MB, peak_rss=2608.9MB, cuda_alloc=360.6MB, cuda_reserved=21556.0MB, cuda_peak_alloc=7062.7MB, cuda_free=26410.9MB, cuda_total=48519.1MB
[2026-06-11 13:56:38] Epoch 06 train batch [560/1875] loss=0.3534 avg_loss=0.4917. Resources: rss=2132.5MB, peak_rss=2608.9MB, cuda_alloc=360.6MB, cuda_reserved=29776.0MB, cuda_peak_alloc=7062.7MB, cuda_free=18190.9MB, cuda_total=48519.1MB
[2026-06-11 13:56:43] Epoch 06 train batch [580/1875] loss=0.6083 avg_loss=0.4942. Resources: rss=2132.3MB, peak_rss=2608.9MB, cuda_alloc=360.6MB, cuda_reserved=33356.0MB, cuda_peak_alloc=7062.7MB, cuda_free=14610.9MB, cuda_total=48519.1MB
[2026-06-11 13:56:47] Epoch 06 train batch [600/1875] loss=0.3953 avg_loss=0.4945. Resources: rss=2133.4MB, peak_rss=2608.9MB, cuda_alloc=360.6MB, cuda_reserved=38116.0MB, cuda_peak_alloc=7062.7MB, cuda_free=9850.9MB, cuda_total=48519.1MB
[2026-06-11 13:56:53] Epoch 06 train batch [620/1875] loss=0.8758 avg_loss=0.4950. Resources: rss=2131.7MB, peak_rss=2608.9MB, cuda_alloc=360.6MB, cuda_reserved=38356.0MB, cuda_peak_alloc=7062.7MB, cuda_free=9610.9MB, cuda_total=48519.1MB
[2026-06-11 13:56:58] Epoch 06 train batch [640/1875] loss=0.4271 avg_loss=0.4938. Resources: rss=2132.0MB, peak_rss=2608.9MB, cuda_alloc=360.6MB, cuda_reserved=39876.0MB, cuda_peak_alloc=7062.7MB, cuda_free=8090.9MB, cuda_total=48519.1MB
[2026-06-11 13:57:03] Epoch 06 train batch [660/1875] loss=0.4187 avg_loss=0.4924. Resources: rss=2132.6MB, peak_rss=2608.9MB, cuda_alloc=360.6MB, cuda_reserved=26096.0MB, cuda_peak_alloc=7062.7MB, cuda_free=21870.9MB, cuda_total=48519.1MB
[2026-06-11 13:57:07] Epoch 06 train batch [680/1875] loss=0.7463 avg_loss=0.4922. Resources: rss=2131.1MB, peak_rss=2608.9MB, cuda_alloc=360.6MB, cuda_reserved=26096.0MB, cuda_peak_alloc=7062.7MB, cuda_free=21870.9MB, cuda_total=48519.1MB
[2026-06-11 13:57:12] Epoch 06 train batch [700/1875] loss=0.6835 avg_loss=0.4913. Resources: rss=2132.8MB, peak_rss=2608.9MB, cuda_alloc=360.6MB, cuda_reserved=31336.0MB, cuda_peak_alloc=7062.7MB, cuda_free=16630.9MB, cuda_total=48519.1MB
[2026-06-11 13:57:17] Epoch 06 train batch [720/1875] loss=0.6808 avg_loss=0.4923. Resources: rss=2132.6MB, peak_rss=2608.9MB, cuda_alloc=360.6MB, cuda_reserved=31336.0MB, cuda_peak_alloc=7062.7MB, cuda_free=16630.9MB, cuda_total=48519.1MB
[2026-06-11 13:57:21] Epoch 06 train batch [740/1875] loss=0.4131 avg_loss=0.4926. Resources: rss=2132.2MB, peak_rss=2608.9MB, cuda_alloc=360.6MB, cuda_reserved=34176.0MB, cuda_peak_alloc=7062.7MB, cuda_free=13790.9MB, cuda_total=48519.1MB
[2026-06-11 13:57:25] Epoch 06 train batch [760/1875] loss=0.3936 avg_loss=0.4919. Resources: rss=2130.6MB, peak_rss=2608.9MB, cuda_alloc=360.6MB, cuda_reserved=34176.0MB, cuda_peak_alloc=7062.7MB, cuda_free=13790.9MB, cuda_total=48519.1MB
[2026-06-11 13:57:29] Epoch 06 train batch [780/1875] loss=0.3497 avg_loss=0.4925. Resources: rss=2130.0MB, peak_rss=2608.9MB, cuda_alloc=360.6MB, cuda_reserved=35396.0MB, cuda_peak_alloc=7062.7MB, cuda_free=12570.9MB, cuda_total=48519.1MB
[2026-06-11 13:57:33] Epoch 06 train batch [800/1875] loss=0.5531 avg_loss=0.4916. Resources: rss=2130.3MB, peak_rss=2608.9MB, cuda_alloc=360.6MB, cuda_reserved=35396.0MB, cuda_peak_alloc=7062.7MB, cuda_free=12570.9MB, cuda_total=48519.1MB
[2026-06-11 13:57:38] Epoch 06 train batch [820/1875] loss=0.9920 avg_loss=0.4927. Resources: rss=2130.7MB, peak_rss=2608.9MB, cuda_alloc=360.6MB, cuda_reserved=35396.0MB, cuda_peak_alloc=7062.7MB, cuda_free=12570.9MB, cuda_total=48519.1MB
[2026-06-11 13:57:42] Epoch 06 train batch [840/1875] loss=0.6314 avg_loss=0.4925. Resources: rss=2130.9MB, peak_rss=2608.9MB, cuda_alloc=360.6MB, cuda_reserved=35396.0MB, cuda_peak_alloc=7062.7MB, cuda_free=12570.9MB, cuda_total=48519.1MB
[2026-06-11 13:57:47] Epoch 06 train batch [860/1875] loss=0.3300 avg_loss=0.4922. Resources: rss=2131.5MB, peak_rss=2608.9MB, cuda_alloc=360.6MB, cuda_reserved=35396.0MB, cuda_peak_alloc=7062.7MB, cuda_free=12570.9MB, cuda_total=48519.1MB
[2026-06-11 13:57:51] Epoch 06 train batch [880/1875] loss=0.5094 avg_loss=0.4917. Resources: rss=2130.8MB, peak_rss=2608.9MB, cuda_alloc=360.6MB, cuda_reserved=35396.0MB, cuda_peak_alloc=7062.7MB, cuda_free=12570.9MB, cuda_total=48519.1MB
[2026-06-11 13:57:56] Epoch 06 train batch [900/1875] loss=0.3201 avg_loss=0.4910. Resources: rss=2131.5MB, peak_rss=2608.9MB, cuda_alloc=360.6MB, cuda_reserved=35396.0MB, cuda_peak_alloc=7062.7MB, cuda_free=12570.9MB, cuda_total=48519.1MB
[2026-06-11 13:58:00] Epoch 06 train batch [920/1875] loss=0.5321 avg_loss=0.4916. Resources: rss=2131.4MB, peak_rss=2608.9MB, cuda_alloc=360.6MB, cuda_reserved=43996.0MB, cuda_peak_alloc=7062.7MB, cuda_free=3970.9MB, cuda_total=48519.1MB
[2026-06-11 13:58:05] Epoch 06 train batch [940/1875] loss=0.6363 avg_loss=0.4915. Resources: rss=2131.7MB, peak_rss=2608.9MB, cuda_alloc=360.6MB, cuda_reserved=11476.0MB, cuda_peak_alloc=7062.7MB, cuda_free=36490.9MB, cuda_total=48519.1MB
[2026-06-11 13:58:10] Epoch 06 train batch [960/1875] loss=0.6456 avg_loss=0.4935. Resources: rss=2131.5MB, peak_rss=2608.9MB, cuda_alloc=360.6MB, cuda_reserved=36576.0MB, cuda_peak_alloc=7062.7MB, cuda_free=11390.9MB, cuda_total=48519.1MB
[2026-06-11 13:58:14] Epoch 06 train batch [980/1875] loss=0.3615 avg_loss=0.4937. Resources: rss=2131.2MB, peak_rss=2608.9MB, cuda_alloc=360.6MB, cuda_reserved=45316.0MB, cuda_peak_alloc=7062.7MB, cuda_free=2650.9MB, cuda_total=48519.1MB
[2026-06-11 13:58:19] Epoch 06 train batch [1000/1875] loss=0.4615 avg_loss=0.4932. Resources: rss=2131.6MB, peak_rss=2608.9MB, cuda_alloc=360.6MB, cuda_reserved=45316.0MB, cuda_peak_alloc=7062.7MB, cuda_free=2650.9MB, cuda_total=48519.1MB
[2026-06-11 13:58:23] Epoch 06 train batch [1020/1875] loss=0.3206 avg_loss=0.4922. Resources: rss=2130.9MB, peak_rss=2608.9MB, cuda_alloc=360.6MB, cuda_reserved=45316.0MB, cuda_peak_alloc=7062.7MB, cuda_free=2650.9MB, cuda_total=48519.1MB
[2026-06-11 13:58:30] Epoch 06 train batch [1040/1875] loss=0.5532 avg_loss=0.4923. Resources: rss=2133.3MB, peak_rss=2608.9MB, cuda_alloc=360.6MB, cuda_reserved=31936.0MB, cuda_peak_alloc=7062.7MB, cuda_free=16030.9MB, cuda_total=48519.1MB
[2026-06-11 13:58:35] Epoch 06 train batch [1060/1875] loss=0.6097 avg_loss=0.4925. Resources: rss=2133.0MB, peak_rss=2608.9MB, cuda_alloc=360.6MB, cuda_reserved=34816.0MB, cuda_peak_alloc=7062.7MB, cuda_free=13150.9MB, cuda_total=48519.1MB
[2026-06-11 13:58:40] Epoch 06 train batch [1080/1875] loss=0.5786 avg_loss=0.4929. Resources: rss=2133.7MB, peak_rss=2608.9MB, cuda_alloc=360.6MB, cuda_reserved=34816.0MB, cuda_peak_alloc=7062.7MB, cuda_free=13150.9MB, cuda_total=48519.1MB
[2026-06-11 13:58:44] Epoch 06 train batch [1100/1875] loss=0.6187 avg_loss=0.4935. Resources: rss=2134.2MB, peak_rss=2608.9MB, cuda_alloc=360.6MB, cuda_reserved=35236.0MB, cuda_peak_alloc=7062.7MB, cuda_free=12730.9MB, cuda_total=48519.1MB
[2026-06-11 13:58:49] Epoch 06 train batch [1120/1875] loss=0.4663 avg_loss=0.4939. Resources: rss=2134.0MB, peak_rss=2608.9MB, cuda_alloc=360.6MB, cuda_reserved=43976.0MB, cuda_peak_alloc=7062.7MB, cuda_free=3990.9MB, cuda_total=48519.1MB
[2026-06-11 13:58:53] Epoch 06 train batch [1140/1875] loss=0.5581 avg_loss=0.4933. Resources: rss=2135.0MB, peak_rss=2608.9MB, cuda_alloc=360.6MB, cuda_reserved=43976.0MB, cuda_peak_alloc=7062.7MB, cuda_free=3990.9MB, cuda_total=48519.1MB
[2026-06-11 13:58:57] Epoch 06 train batch [1160/1875] loss=0.2892 avg_loss=0.4934. Resources: rss=2134.5MB, peak_rss=2608.9MB, cuda_alloc=360.6MB, cuda_reserved=43976.0MB, cuda_peak_alloc=7062.7MB, cuda_free=3990.9MB, cuda_total=48519.1MB
[2026-06-11 13:59:01] Epoch 06 train batch [1180/1875] loss=0.3330 avg_loss=0.4935. Resources: rss=2136.8MB, peak_rss=2608.9MB, cuda_alloc=360.6MB, cuda_reserved=43996.0MB, cuda_peak_alloc=7062.7MB, cuda_free=3970.9MB, cuda_total=48519.1MB
[2026-06-11 13:59:06] Epoch 06 train batch [1200/1875] loss=0.7322 avg_loss=0.4938. Resources: rss=2136.9MB, peak_rss=2608.9MB, cuda_alloc=360.6MB, cuda_reserved=43996.0MB, cuda_peak_alloc=7062.7MB, cuda_free=3970.9MB, cuda_total=48519.1MB
[2026-06-11 13:59:10] Epoch 06 train batch [1220/1875] loss=0.4868 avg_loss=0.4946. Resources: rss=2136.1MB, peak_rss=2608.9MB, cuda_alloc=360.6MB, cuda_reserved=43996.0MB, cuda_peak_alloc=7062.7MB, cuda_free=3970.9MB, cuda_total=48519.1MB
[2026-06-11 13:59:14] Epoch 06 train batch [1240/1875] loss=0.5232 avg_loss=0.4957. Resources: rss=2137.2MB, peak_rss=2608.9MB, cuda_alloc=360.6MB, cuda_reserved=43996.0MB, cuda_peak_alloc=7062.7MB, cuda_free=3970.9MB, cuda_total=48519.1MB
[2026-06-11 13:59:19] Epoch 06 train batch [1260/1875] loss=0.3550 avg_loss=0.4955. Resources: rss=2136.7MB, peak_rss=2608.9MB, cuda_alloc=360.6MB, cuda_reserved=43996.0MB, cuda_peak_alloc=7062.7MB, cuda_free=3970.9MB, cuda_total=48519.1MB
[2026-06-11 13:59:23] Epoch 06 train batch [1280/1875] loss=0.3338 avg_loss=0.4958. Resources: rss=2137.3MB, peak_rss=2608.9MB, cuda_alloc=360.6MB, cuda_reserved=45636.0MB, cuda_peak_alloc=7062.7MB, cuda_free=2330.9MB, cuda_total=48519.1MB
[2026-06-11 13:59:28] Epoch 06 train batch [1300/1875] loss=0.6038 avg_loss=0.4951. Resources: rss=2135.7MB, peak_rss=2608.9MB, cuda_alloc=360.6MB, cuda_reserved=45636.0MB, cuda_peak_alloc=7062.7MB, cuda_free=2330.9MB, cuda_total=48519.1MB
[2026-06-11 13:59:33] Epoch 06 train batch [1320/1875] loss=0.2064 avg_loss=0.4946. Resources: rss=2137.2MB, peak_rss=2608.9MB, cuda_alloc=360.6MB, cuda_reserved=32516.0MB, cuda_peak_alloc=7062.7MB, cuda_free=15450.9MB, cuda_total=48519.1MB
[2026-06-11 13:59:37] Epoch 06 train batch [1340/1875] loss=0.3890 avg_loss=0.4944. Resources: rss=2137.2MB, peak_rss=2608.9MB, cuda_alloc=360.6MB, cuda_reserved=45916.0MB, cuda_peak_alloc=7062.7MB, cuda_free=2050.9MB, cuda_total=48519.1MB
[2026-06-11 13:59:42] Epoch 06 train batch [1360/1875] loss=0.3352 avg_loss=0.4942. Resources: rss=2136.5MB, peak_rss=2608.9MB, cuda_alloc=360.6MB, cuda_reserved=45916.0MB, cuda_peak_alloc=7062.7MB, cuda_free=2050.9MB, cuda_total=48519.1MB
[2026-06-11 13:59:47] Epoch 06 train batch [1380/1875] loss=0.7100 avg_loss=0.4936. Resources: rss=2137.3MB, peak_rss=2608.9MB, cuda_alloc=360.6MB, cuda_reserved=32416.0MB, cuda_peak_alloc=7062.7MB, cuda_free=15550.9MB, cuda_total=48519.1MB
[2026-06-11 13:59:51] Epoch 06 train batch [1400/1875] loss=0.4648 avg_loss=0.4935. Resources: rss=2136.7MB, peak_rss=2608.9MB, cuda_alloc=360.6MB, cuda_reserved=34036.0MB, cuda_peak_alloc=7062.7MB, cuda_free=13930.9MB, cuda_total=48519.1MB
[2026-06-11 13:59:55] Epoch 06 train batch [1420/1875] loss=0.5939 avg_loss=0.4935. Resources: rss=2137.0MB, peak_rss=2608.9MB, cuda_alloc=360.6MB, cuda_reserved=34036.0MB, cuda_peak_alloc=7062.7MB, cuda_free=13930.9MB, cuda_total=48519.1MB
[2026-06-11 14:00:00] Epoch 06 train batch [1440/1875] loss=0.3952 avg_loss=0.4937. Resources: rss=2136.6MB, peak_rss=2608.9MB, cuda_alloc=360.6MB, cuda_reserved=43056.0MB, cuda_peak_alloc=7062.7MB, cuda_free=4910.9MB, cuda_total=48519.1MB
[2026-06-11 14:00:05] Epoch 06 train batch [1460/1875] loss=0.4203 avg_loss=0.4935. Resources: rss=2136.9MB, peak_rss=2608.9MB, cuda_alloc=351.4MB, cuda_reserved=34636.0MB, cuda_peak_alloc=7062.7MB, cuda_free=13330.9MB, cuda_total=48519.1MB
[2026-06-11 14:00:11] Epoch 06 train batch [1480/1875] loss=0.6440 avg_loss=0.4931. Resources: rss=2137.5MB, peak_rss=2608.9MB, cuda_alloc=360.6MB, cuda_reserved=36516.0MB, cuda_peak_alloc=7062.7MB, cuda_free=11450.9MB, cuda_total=48519.1MB
[2026-06-11 14:00:15] Epoch 06 train batch [1500/1875] loss=0.5526 avg_loss=0.4927. Resources: rss=2136.7MB, peak_rss=2608.9MB, cuda_alloc=360.6MB, cuda_reserved=47016.0MB, cuda_peak_alloc=7062.7MB, cuda_free=950.9MB, cuda_total=48519.1MB
[2026-06-11 14:00:20] Epoch 06 train batch [1520/1875] loss=0.5410 avg_loss=0.4929. Resources: rss=2137.1MB, peak_rss=2608.9MB, cuda_alloc=360.6MB, cuda_reserved=47016.0MB, cuda_peak_alloc=7062.7MB, cuda_free=950.9MB, cuda_total=48519.1MB
[2026-06-11 14:00:26] Epoch 06 train batch [1540/1875] loss=0.4723 avg_loss=0.4936. Resources: rss=2137.4MB, peak_rss=2608.9MB, cuda_alloc=360.6MB, cuda_reserved=23656.0MB, cuda_peak_alloc=7062.7MB, cuda_free=24310.9MB, cuda_total=48519.1MB
[2026-06-11 14:00:31] Epoch 06 train batch [1560/1875] loss=0.4332 avg_loss=0.4934. Resources: rss=2137.1MB, peak_rss=2608.9MB, cuda_alloc=360.6MB, cuda_reserved=36336.0MB, cuda_peak_alloc=7062.7MB, cuda_free=11630.9MB, cuda_total=48519.1MB
[2026-06-11 14:00:35] Epoch 06 train batch [1580/1875] loss=0.3600 avg_loss=0.4938. Resources: rss=2137.3MB, peak_rss=2608.9MB, cuda_alloc=360.6MB, cuda_reserved=36336.0MB, cuda_peak_alloc=7062.7MB, cuda_free=11630.9MB, cuda_total=48519.1MB
[2026-06-11 14:00:39] Epoch 06 train batch [1600/1875] loss=0.3323 avg_loss=0.4938. Resources: rss=2137.5MB, peak_rss=2608.9MB, cuda_alloc=360.6MB, cuda_reserved=36336.0MB, cuda_peak_alloc=7062.7MB, cuda_free=11630.9MB, cuda_total=48519.1MB
[2026-06-11 14:00:43] Epoch 06 train batch [1620/1875] loss=0.5352 avg_loss=0.4932. Resources: rss=2135.5MB, peak_rss=2608.9MB, cuda_alloc=360.6MB, cuda_reserved=36336.0MB, cuda_peak_alloc=7062.7MB, cuda_free=11630.9MB, cuda_total=48519.1MB
[2026-06-11 14:00:48] Epoch 06 train batch [1640/1875] loss=0.4481 avg_loss=0.4930. Resources: rss=2137.2MB, peak_rss=2608.9MB, cuda_alloc=360.6MB, cuda_reserved=36336.0MB, cuda_peak_alloc=7062.7MB, cuda_free=11630.9MB, cuda_total=48519.1MB
[2026-06-11 14:00:52] Epoch 06 train batch [1660/1875] loss=0.5117 avg_loss=0.4933. Resources: rss=2137.3MB, peak_rss=2608.9MB, cuda_alloc=360.6MB, cuda_reserved=36336.0MB, cuda_peak_alloc=7062.7MB, cuda_free=11630.9MB, cuda_total=48519.1MB
[2026-06-11 14:00:57] Epoch 06 train batch [1680/1875] loss=0.5394 avg_loss=0.4951. Resources: rss=2136.6MB, peak_rss=2608.9MB, cuda_alloc=360.6MB, cuda_reserved=36336.0MB, cuda_peak_alloc=7062.7MB, cuda_free=11630.9MB, cuda_total=48519.1MB
[2026-06-11 14:01:01] Epoch 06 train batch [1700/1875] loss=0.4873 avg_loss=0.4947. Resources: rss=2137.1MB, peak_rss=2608.9MB, cuda_alloc=360.6MB, cuda_reserved=36336.0MB, cuda_peak_alloc=7062.7MB, cuda_free=11630.9MB, cuda_total=48519.1MB
[2026-06-11 14:01:05] Epoch 06 train batch [1720/1875] loss=0.4674 avg_loss=0.4939. Resources: rss=2137.1MB, peak_rss=2608.9MB, cuda_alloc=360.6MB, cuda_reserved=36336.0MB, cuda_peak_alloc=7062.7MB, cuda_free=11630.9MB, cuda_total=48519.1MB
[2026-06-11 14:01:10] Epoch 06 train batch [1740/1875] loss=0.2647 avg_loss=0.4932. Resources: rss=2137.2MB, peak_rss=2608.9MB, cuda_alloc=360.6MB, cuda_reserved=36336.0MB, cuda_peak_alloc=7062.7MB, cuda_free=11630.9MB, cuda_total=48519.1MB
[2026-06-11 14:01:14] Epoch 06 train batch [1760/1875] loss=0.5506 avg_loss=0.4929. Resources: rss=2136.6MB, peak_rss=2608.9MB, cuda_alloc=360.6MB, cuda_reserved=38596.0MB, cuda_peak_alloc=7062.7MB, cuda_free=9370.9MB, cuda_total=48519.1MB
[2026-06-11 14:01:18] Epoch 06 train batch [1780/1875] loss=0.5347 avg_loss=0.4925. Resources: rss=2137.6MB, peak_rss=2608.9MB, cuda_alloc=360.6MB, cuda_reserved=38596.0MB, cuda_peak_alloc=7062.7MB, cuda_free=9370.9MB, cuda_total=48519.1MB
[2026-06-11 14:01:23] Epoch 06 train batch [1800/1875] loss=0.4646 avg_loss=0.4927. Resources: rss=2138.8MB, peak_rss=2608.9MB, cuda_alloc=360.6MB, cuda_reserved=38596.0MB, cuda_peak_alloc=7062.7MB, cuda_free=9370.9MB, cuda_total=48519.1MB
[2026-06-11 14:01:27] Epoch 06 train batch [1820/1875] loss=0.4133 avg_loss=0.4929. Resources: rss=2138.3MB, peak_rss=2608.9MB, cuda_alloc=360.6MB, cuda_reserved=38596.0MB, cuda_peak_alloc=7062.7MB, cuda_free=9370.9MB, cuda_total=48519.1MB
[2026-06-11 14:01:31] Epoch 06 train batch [1840/1875] loss=0.3931 avg_loss=0.4928. Resources: rss=2137.3MB, peak_rss=2608.9MB, cuda_alloc=360.6MB, cuda_reserved=38596.0MB, cuda_peak_alloc=7062.7MB, cuda_free=9370.9MB, cuda_total=48519.1MB
[2026-06-11 14:01:36] Epoch 06 train batch [1860/1875] loss=0.5370 avg_loss=0.4925. Resources: rss=2138.1MB, peak_rss=2608.9MB, cuda_alloc=360.6MB, cuda_reserved=38596.0MB, cuda_peak_alloc=7062.7MB, cuda_free=9370.9MB, cuda_total=48519.1MB
[2026-06-11 14:01:39] Epoch 06 train batch [1875/1875] loss=0.3522 avg_loss=0.4924. Resources: rss=2135.9MB, peak_rss=2608.9MB, cuda_alloc=360.6MB, cuda_reserved=38596.0MB, cuda_peak_alloc=7062.7MB, cuda_free=9370.9MB, cuda_total=48519.1MB
[2026-06-11 14:01:39] Epoch 06 training completed. Resources: rss=2128.4MB, peak_rss=2608.9MB, cuda_alloc=360.6MB, cuda_reserved=38596.0MB, cuda_peak_alloc=7062.7MB, cuda_free=9370.9MB, cuda_total=48519.1MB
[2026-06-11 14:01:40] Epoch 06 cache released before validation loss. Resources: rss=2128.4MB, peak_rss=2608.9MB, cuda_alloc=360.6MB, cuda_reserved=518.0MB, cuda_peak_alloc=360.6MB, cuda_free=47448.9MB, cuda_total=48519.1MB
[2026-06-11 14:02:13] Epoch 06 validation loss completed: 0.5706. Resources: rss=2128.7MB, peak_rss=2608.9MB, cuda_alloc=360.6MB, cuda_reserved=5766.0MB, cuda_peak_alloc=2034.0MB, cuda_free=42201.8MB, cuda_total=48519.1MB
[2026-06-11 14:02:13] Epoch 06 cache released before detection metrics. Resources: rss=2128.2MB, peak_rss=2608.9MB, cuda_alloc=360.6MB, cuda_reserved=518.0MB, cuda_peak_alloc=360.6MB, cuda_free=47449.8MB, cuda_total=48519.1MB
[2026-06-11 14:02:51] Epoch 06 prediction tensors moved to CPU. Computing metrics. Resources: rss=2127.7MB, peak_rss=2608.9MB, cuda_alloc=360.6MB, cuda_reserved=518.0MB, cuda_peak_alloc=360.6MB, cuda_free=47449.8MB, cuda_total=48519.1MB
[2026-06-11 14:02:52] Epoch 06 metrics computed (mAP@0.5 only). Saving artifacts. Resources: rss=2134.2MB, peak_rss=2608.9MB, cuda_alloc=360.6MB, cuda_reserved=518.0MB, cuda_peak_alloc=360.6MB, cuda_free=47449.8MB, cuda_total=48519.1MB
[2026-06-11 14:02:53] Epoch 06 improved mAP@0.5 to 0.6647. Saved best checkpoint: best_model-20260611-131215.pth. Resources: rss=2612.2MB, peak_rss=2612.2MB, cuda_alloc=360.6MB, cuda_reserved=518.0MB, cuda_peak_alloc=360.6MB, cuda_free=47449.8MB, cuda_total=48519.1MB
Epoch [06/50]
├── Train Loss : 0.4924
│   ├── loss_classifier  : 0.2852
│   ├── loss_box_reg     : 0.2072
│   ├── loss_objectness  : 0.0000
│   └── loss_rpn_box_reg : 0.0000
├── Val Loss   : 0.5706
├── mAP@0.5    : 0.6647
├── mAP@0.75   : n/a
├── mAP@0.5:0.95 : n/a
├── Precision  : 0.0304
├── Recall     : 0.9495
├── GT Boxes   : 2021
├── Predictions: 63036
├── Per-class AP
│   ├── person  : AP50=0.7133, AP75=n/a, AP50:95=n/a, P=0.0510, R=0.9590
│   ├── car     : AP50=0.6571, AP75=n/a, AP50:95=n/a, P=0.0215, R=0.9435
│   ├── dog     : AP50=0.7553, AP75=n/a, AP50:95=n/a, P=0.0262, R=0.9612
│   ├── cat     : AP50=0.7846, AP75=n/a, AP50:95=n/a, P=0.0274, R=0.9830
│   └── chair   : AP50=0.4133, AP75=n/a, AP50:95=n/a, P=0.0151, R=0.8901
├── LR         : 0.000990
└── Time       : 510.8s
[2026-06-11 14:02:53] Epoch [06/50] completed. Resources: rss=2128.9MB, peak_rss=2612.2MB, cuda_alloc=360.6MB, cuda_reserved=518.0MB, cuda_peak_alloc=360.6MB, cuda_free=47449.8MB, cuda_total=48519.1MB
[2026-06-11 14:02:53] Epoch [07/50] started. Resources: rss=2128.9MB, peak_rss=2612.2MB, cuda_alloc=360.6MB, cuda_reserved=518.0MB, cuda_peak_alloc=360.6MB, cuda_free=47449.8MB, cuda_total=48519.1MB
[2026-06-11 14:02:58] Epoch 07 train batch [20/1875] loss=0.4237 avg_loss=0.4591. Resources: rss=2137.8MB, peak_rss=2612.2MB, cuda_alloc=360.6MB, cuda_reserved=39096.0MB, cuda_peak_alloc=7061.9MB, cuda_free=8871.8MB, cuda_total=48519.1MB
[2026-06-11 14:03:02] Epoch 07 train batch [40/1875] loss=0.5627 avg_loss=0.4378. Resources: rss=2137.8MB, peak_rss=2612.2MB, cuda_alloc=360.6MB, cuda_reserved=39096.0MB, cuda_peak_alloc=7061.9MB, cuda_free=8871.8MB, cuda_total=48519.1MB
[2026-06-11 14:03:08] Epoch 07 train batch [60/1875] loss=0.7600 avg_loss=0.4606. Resources: rss=2139.8MB, peak_rss=2612.2MB, cuda_alloc=360.6MB, cuda_reserved=23536.0MB, cuda_peak_alloc=7062.5MB, cuda_free=24431.8MB, cuda_total=48519.1MB
[2026-06-11 14:03:13] Epoch 07 train batch [80/1875] loss=0.3437 avg_loss=0.4548. Resources: rss=2140.6MB, peak_rss=2612.2MB, cuda_alloc=360.6MB, cuda_reserved=42876.0MB, cuda_peak_alloc=7062.5MB, cuda_free=5091.8MB, cuda_total=48519.1MB
[2026-06-11 14:03:17] Epoch 07 train batch [100/1875] loss=0.4200 avg_loss=0.4542. Resources: rss=2140.6MB, peak_rss=2612.2MB, cuda_alloc=360.6MB, cuda_reserved=43176.0MB, cuda_peak_alloc=7062.5MB, cuda_free=4791.8MB, cuda_total=48519.1MB
[2026-06-11 14:03:22] Epoch 07 train batch [120/1875] loss=0.4661 avg_loss=0.4525. Resources: rss=2140.5MB, peak_rss=2612.2MB, cuda_alloc=360.6MB, cuda_reserved=43176.0MB, cuda_peak_alloc=7062.5MB, cuda_free=4791.8MB, cuda_total=48519.1MB
[2026-06-11 14:03:26] Epoch 07 train batch [140/1875] loss=0.2990 avg_loss=0.4489. Resources: rss=2141.1MB, peak_rss=2612.2MB, cuda_alloc=351.4MB, cuda_reserved=43176.0MB, cuda_peak_alloc=7062.5MB, cuda_free=4791.8MB, cuda_total=48519.1MB
[2026-06-11 14:03:30] Epoch 07 train batch [160/1875] loss=0.6851 avg_loss=0.4393. Resources: rss=2141.2MB, peak_rss=2612.2MB, cuda_alloc=360.6MB, cuda_reserved=43176.0MB, cuda_peak_alloc=7062.5MB, cuda_free=4791.8MB, cuda_total=48519.1MB
[2026-06-11 14:03:34] Epoch 07 train batch [180/1875] loss=0.4907 avg_loss=0.4407. Resources: rss=2141.3MB, peak_rss=2612.2MB, cuda_alloc=360.6MB, cuda_reserved=43176.0MB, cuda_peak_alloc=7062.5MB, cuda_free=4791.8MB, cuda_total=48519.1MB
[2026-06-11 14:03:39] Epoch 07 train batch [200/1875] loss=0.3808 avg_loss=0.4393. Resources: rss=2141.0MB, peak_rss=2612.2MB, cuda_alloc=360.6MB, cuda_reserved=43176.0MB, cuda_peak_alloc=7062.5MB, cuda_free=4791.8MB, cuda_total=48519.1MB
[2026-06-11 14:03:43] Epoch 07 train batch [220/1875] loss=0.5939 avg_loss=0.4446. Resources: rss=2140.5MB, peak_rss=2612.2MB, cuda_alloc=360.6MB, cuda_reserved=43176.0MB, cuda_peak_alloc=7062.5MB, cuda_free=4791.8MB, cuda_total=48519.1MB
[2026-06-11 14:03:47] Epoch 07 train batch [240/1875] loss=0.3575 avg_loss=0.4437. Resources: rss=2138.9MB, peak_rss=2612.2MB, cuda_alloc=360.6MB, cuda_reserved=43176.0MB, cuda_peak_alloc=7062.5MB, cuda_free=4791.8MB, cuda_total=48519.1MB
[2026-06-11 14:03:52] Epoch 07 train batch [260/1875] loss=0.1812 avg_loss=0.4402. Resources: rss=2140.5MB, peak_rss=2612.2MB, cuda_alloc=360.6MB, cuda_reserved=45216.0MB, cuda_peak_alloc=7062.5MB, cuda_free=2751.8MB, cuda_total=48519.1MB
[2026-06-11 14:03:56] Epoch 07 train batch [280/1875] loss=0.3384 avg_loss=0.4390. Resources: rss=2139.9MB, peak_rss=2612.2MB, cuda_alloc=360.6MB, cuda_reserved=45216.0MB, cuda_peak_alloc=7062.5MB, cuda_free=2751.8MB, cuda_total=48519.1MB
[2026-06-11 14:04:01] Epoch 07 train batch [300/1875] loss=0.3837 avg_loss=0.4382. Resources: rss=2140.1MB, peak_rss=2612.2MB, cuda_alloc=360.6MB, cuda_reserved=45216.0MB, cuda_peak_alloc=7062.5MB, cuda_free=2751.8MB, cuda_total=48519.1MB
[2026-06-11 14:04:05] Epoch 07 train batch [320/1875] loss=0.4574 avg_loss=0.4409. Resources: rss=2139.2MB, peak_rss=2612.2MB, cuda_alloc=360.6MB, cuda_reserved=45216.0MB, cuda_peak_alloc=7062.5MB, cuda_free=2751.8MB, cuda_total=48519.1MB
[2026-06-11 14:04:10] Epoch 07 train batch [340/1875] loss=0.3956 avg_loss=0.4400. Resources: rss=2139.4MB, peak_rss=2612.2MB, cuda_alloc=360.6MB, cuda_reserved=45216.0MB, cuda_peak_alloc=7062.5MB, cuda_free=2751.8MB, cuda_total=48519.1MB
[2026-06-11 14:04:14] Epoch 07 train batch [360/1875] loss=0.2961 avg_loss=0.4378. Resources: rss=2140.0MB, peak_rss=2612.2MB, cuda_alloc=360.6MB, cuda_reserved=45216.0MB, cuda_peak_alloc=7062.5MB, cuda_free=2751.8MB, cuda_total=48519.1MB
[2026-06-11 14:04:18] Epoch 07 train batch [380/1875] loss=0.6245 avg_loss=0.4371. Resources: rss=2139.9MB, peak_rss=2612.2MB, cuda_alloc=360.6MB, cuda_reserved=45216.0MB, cuda_peak_alloc=7062.5MB, cuda_free=2751.8MB, cuda_total=48519.1MB
[2026-06-11 14:04:22] Epoch 07 train batch [400/1875] loss=0.3230 avg_loss=0.4362. Resources: rss=2139.5MB, peak_rss=2612.2MB, cuda_alloc=360.6MB, cuda_reserved=45216.0MB, cuda_peak_alloc=7062.5MB, cuda_free=2751.8MB, cuda_total=48519.1MB
[2026-06-11 14:04:27] Epoch 07 train batch [420/1875] loss=0.3693 avg_loss=0.4365. Resources: rss=2140.9MB, peak_rss=2612.2MB, cuda_alloc=360.6MB, cuda_reserved=45216.0MB, cuda_peak_alloc=7062.5MB, cuda_free=2751.8MB, cuda_total=48519.1MB
[2026-06-11 14:04:31] Epoch 07 train batch [440/1875] loss=0.4200 avg_loss=0.4362. Resources: rss=2141.0MB, peak_rss=2612.2MB, cuda_alloc=360.6MB, cuda_reserved=45216.0MB, cuda_peak_alloc=7062.5MB, cuda_free=2751.8MB, cuda_total=48519.1MB
[2026-06-11 14:04:36] Epoch 07 train batch [460/1875] loss=0.7400 avg_loss=0.4377. Resources: rss=2139.9MB, peak_rss=2612.2MB, cuda_alloc=360.6MB, cuda_reserved=45216.0MB, cuda_peak_alloc=7062.5MB, cuda_free=2751.8MB, cuda_total=48519.1MB
[2026-06-11 14:04:40] Epoch 07 train batch [480/1875] loss=0.3340 avg_loss=0.4376. Resources: rss=2139.2MB, peak_rss=2612.2MB, cuda_alloc=360.6MB, cuda_reserved=45216.0MB, cuda_peak_alloc=7062.5MB, cuda_free=2751.8MB, cuda_total=48519.1MB
[2026-06-11 14:04:45] Epoch 07 train batch [500/1875] loss=0.2900 avg_loss=0.4367. Resources: rss=2141.2MB, peak_rss=2612.2MB, cuda_alloc=360.6MB, cuda_reserved=24036.0MB, cuda_peak_alloc=7062.5MB, cuda_free=23931.8MB, cuda_total=48519.1MB
[2026-06-11 14:04:49] Epoch 07 train batch [520/1875] loss=0.4663 avg_loss=0.4372. Resources: rss=2140.2MB, peak_rss=2612.2MB, cuda_alloc=360.6MB, cuda_reserved=40376.0MB, cuda_peak_alloc=7062.5MB, cuda_free=7591.8MB, cuda_total=48519.1MB
[2026-06-11 14:04:54] Epoch 07 train batch [540/1875] loss=0.3734 avg_loss=0.4369. Resources: rss=2140.3MB, peak_rss=2612.2MB, cuda_alloc=360.6MB, cuda_reserved=45656.0MB, cuda_peak_alloc=7062.5MB, cuda_free=2311.8MB, cuda_total=48519.1MB
[2026-06-11 14:04:58] Epoch 07 train batch [560/1875] loss=0.4569 avg_loss=0.4361. Resources: rss=2140.9MB, peak_rss=2612.2MB, cuda_alloc=360.6MB, cuda_reserved=45656.0MB, cuda_peak_alloc=7062.5MB, cuda_free=2311.8MB, cuda_total=48519.1MB
[2026-06-11 14:05:02] Epoch 07 train batch [580/1875] loss=0.4654 avg_loss=0.4375. Resources: rss=2140.5MB, peak_rss=2612.2MB, cuda_alloc=360.6MB, cuda_reserved=45656.0MB, cuda_peak_alloc=7062.5MB, cuda_free=2311.8MB, cuda_total=48519.1MB
[2026-06-11 14:05:06] Epoch 07 train batch [600/1875] loss=0.4186 avg_loss=0.4373. Resources: rss=2139.5MB, peak_rss=2612.2MB, cuda_alloc=360.6MB, cuda_reserved=45656.0MB, cuda_peak_alloc=7062.5MB, cuda_free=2311.8MB, cuda_total=48519.1MB
[2026-06-11 14:05:11] Epoch 07 train batch [620/1875] loss=0.4171 avg_loss=0.4366. Resources: rss=2139.3MB, peak_rss=2612.2MB, cuda_alloc=360.6MB, cuda_reserved=45656.0MB, cuda_peak_alloc=7062.5MB, cuda_free=2311.8MB, cuda_total=48519.1MB
[2026-06-11 14:05:15] Epoch 07 train batch [640/1875] loss=0.2314 avg_loss=0.4350. Resources: rss=2140.2MB, peak_rss=2612.2MB, cuda_alloc=360.6MB, cuda_reserved=45656.0MB, cuda_peak_alloc=7062.5MB, cuda_free=2311.8MB, cuda_total=48519.1MB
[2026-06-11 14:05:20] Epoch 07 train batch [660/1875] loss=0.6542 avg_loss=0.4356. Resources: rss=2139.9MB, peak_rss=2612.2MB, cuda_alloc=360.6MB, cuda_reserved=45656.0MB, cuda_peak_alloc=7062.6MB, cuda_free=2311.8MB, cuda_total=48519.1MB
[2026-06-11 14:05:24] Epoch 07 train batch [680/1875] loss=0.6438 avg_loss=0.4363. Resources: rss=2139.4MB, peak_rss=2612.2MB, cuda_alloc=360.6MB, cuda_reserved=45656.0MB, cuda_peak_alloc=7062.6MB, cuda_free=2311.8MB, cuda_total=48519.1MB
[2026-06-11 14:05:28] Epoch 07 train batch [700/1875] loss=0.6173 avg_loss=0.4369. Resources: rss=2141.2MB, peak_rss=2612.2MB, cuda_alloc=360.6MB, cuda_reserved=45656.0MB, cuda_peak_alloc=7062.6MB, cuda_free=2311.8MB, cuda_total=48519.1MB
[2026-06-11 14:05:33] Epoch 07 train batch [720/1875] loss=0.6786 avg_loss=0.4368. Resources: rss=2140.0MB, peak_rss=2612.2MB, cuda_alloc=360.6MB, cuda_reserved=36836.0MB, cuda_peak_alloc=7062.6MB, cuda_free=11131.8MB, cuda_total=48519.1MB
[2026-06-11 14:05:39] Epoch 07 train batch [740/1875] loss=0.3192 avg_loss=0.4367. Resources: rss=2140.8MB, peak_rss=2612.2MB, cuda_alloc=360.6MB, cuda_reserved=20956.0MB, cuda_peak_alloc=7062.6MB, cuda_free=27011.8MB, cuda_total=48519.1MB
[2026-06-11 14:05:43] Epoch 07 train batch [760/1875] loss=0.6179 avg_loss=0.4361. Resources: rss=2140.3MB, peak_rss=2612.2MB, cuda_alloc=360.6MB, cuda_reserved=32796.0MB, cuda_peak_alloc=7062.6MB, cuda_free=15171.8MB, cuda_total=48519.1MB
[2026-06-11 14:05:47] Epoch 07 train batch [780/1875] loss=0.2806 avg_loss=0.4388. Resources: rss=2141.0MB, peak_rss=2612.2MB, cuda_alloc=360.6MB, cuda_reserved=39276.0MB, cuda_peak_alloc=7062.6MB, cuda_free=8691.8MB, cuda_total=48519.1MB
[2026-06-11 14:05:52] Epoch 07 train batch [800/1875] loss=0.3390 avg_loss=0.4387. Resources: rss=2140.6MB, peak_rss=2612.2MB, cuda_alloc=360.6MB, cuda_reserved=10676.0MB, cuda_peak_alloc=7062.6MB, cuda_free=37291.8MB, cuda_total=48519.1MB
[2026-06-11 14:05:57] Epoch 07 train batch [820/1875] loss=0.4160 avg_loss=0.4388. Resources: rss=2141.0MB, peak_rss=2612.2MB, cuda_alloc=360.6MB, cuda_reserved=34476.0MB, cuda_peak_alloc=7062.6MB, cuda_free=13491.8MB, cuda_total=48519.1MB
[2026-06-11 14:06:01] Epoch 07 train batch [840/1875] loss=0.4340 avg_loss=0.4390. Resources: rss=2140.0MB, peak_rss=2612.2MB, cuda_alloc=360.6MB, cuda_reserved=44836.0MB, cuda_peak_alloc=7062.6MB, cuda_free=3131.8MB, cuda_total=48519.1MB
[2026-06-11 14:06:05] Epoch 07 train batch [860/1875] loss=0.3634 avg_loss=0.4383. Resources: rss=2139.8MB, peak_rss=2612.2MB, cuda_alloc=360.6MB, cuda_reserved=44836.0MB, cuda_peak_alloc=7062.6MB, cuda_free=3131.8MB, cuda_total=48519.1MB
[2026-06-11 14:06:10] Epoch 07 train batch [880/1875] loss=0.5104 avg_loss=0.4383. Resources: rss=2141.4MB, peak_rss=2612.2MB, cuda_alloc=360.6MB, cuda_reserved=44836.0MB, cuda_peak_alloc=7062.6MB, cuda_free=3131.8MB, cuda_total=48519.1MB
[2026-06-11 14:06:15] Epoch 07 train batch [900/1875] loss=0.4426 avg_loss=0.4375. Resources: rss=2141.7MB, peak_rss=2612.2MB, cuda_alloc=360.6MB, cuda_reserved=27736.0MB, cuda_peak_alloc=7062.6MB, cuda_free=20231.8MB, cuda_total=48519.1MB
[2026-06-11 14:06:20] Epoch 07 train batch [920/1875] loss=0.9262 avg_loss=0.4382. Resources: rss=2140.2MB, peak_rss=2612.2MB, cuda_alloc=360.6MB, cuda_reserved=38396.0MB, cuda_peak_alloc=7062.6MB, cuda_free=9571.8MB, cuda_total=48519.1MB
[2026-06-11 14:06:24] Epoch 07 train batch [940/1875] loss=0.5166 avg_loss=0.4376. Resources: rss=2141.2MB, peak_rss=2612.2MB, cuda_alloc=360.6MB, cuda_reserved=44976.0MB, cuda_peak_alloc=7062.6MB, cuda_free=2991.8MB, cuda_total=48519.1MB
[2026-06-11 14:06:29] Epoch 07 train batch [960/1875] loss=0.3503 avg_loss=0.4371. Resources: rss=2140.4MB, peak_rss=2612.2MB, cuda_alloc=360.6MB, cuda_reserved=44976.0MB, cuda_peak_alloc=7062.6MB, cuda_free=2991.8MB, cuda_total=48519.1MB
[2026-06-11 14:06:33] Epoch 07 train batch [980/1875] loss=0.4189 avg_loss=0.4369. Resources: rss=2140.9MB, peak_rss=2612.2MB, cuda_alloc=360.6MB, cuda_reserved=44976.0MB, cuda_peak_alloc=7062.6MB, cuda_free=2991.8MB, cuda_total=48519.1MB
[2026-06-11 14:06:38] Epoch 07 train batch [1000/1875] loss=0.4949 avg_loss=0.4378. Resources: rss=2141.8MB, peak_rss=2612.2MB, cuda_alloc=360.6MB, cuda_reserved=18896.0MB, cuda_peak_alloc=7062.6MB, cuda_free=29071.8MB, cuda_total=48519.1MB
[2026-06-11 14:06:43] Epoch 07 train batch [1020/1875] loss=0.4437 avg_loss=0.4380. Resources: rss=2140.5MB, peak_rss=2612.2MB, cuda_alloc=360.6MB, cuda_reserved=44796.0MB, cuda_peak_alloc=7062.6MB, cuda_free=3171.8MB, cuda_total=48519.1MB
[2026-06-11 14:06:48] Epoch 07 train batch [1040/1875] loss=0.4028 avg_loss=0.4379. Resources: rss=2141.3MB, peak_rss=2612.2MB, cuda_alloc=360.6MB, cuda_reserved=36776.0MB, cuda_peak_alloc=7062.6MB, cuda_free=11191.8MB, cuda_total=48519.1MB
[2026-06-11 14:06:53] Epoch 07 train batch [1060/1875] loss=0.5009 avg_loss=0.4375. Resources: rss=2141.0MB, peak_rss=2612.2MB, cuda_alloc=360.6MB, cuda_reserved=39796.0MB, cuda_peak_alloc=7062.6MB, cuda_free=8171.8MB, cuda_total=48519.1MB
[2026-06-11 14:06:58] Epoch 07 train batch [1080/1875] loss=0.3848 avg_loss=0.4378. Resources: rss=2141.0MB, peak_rss=2612.2MB, cuda_alloc=360.6MB, cuda_reserved=9296.0MB, cuda_peak_alloc=7062.6MB, cuda_free=38671.8MB, cuda_total=48519.1MB
[2026-06-11 14:07:03] Epoch 07 train batch [1100/1875] loss=0.2636 avg_loss=0.4373. Resources: rss=2140.7MB, peak_rss=2612.2MB, cuda_alloc=360.6MB, cuda_reserved=44616.0MB, cuda_peak_alloc=7062.6MB, cuda_free=3351.8MB, cuda_total=48519.1MB
[2026-06-11 14:07:07] Epoch 07 train batch [1120/1875] loss=0.3419 avg_loss=0.4372. Resources: rss=2140.9MB, peak_rss=2612.2MB, cuda_alloc=360.6MB, cuda_reserved=44616.0MB, cuda_peak_alloc=7062.6MB, cuda_free=3351.8MB, cuda_total=48519.1MB
[2026-06-11 14:07:11] Epoch 07 train batch [1140/1875] loss=0.2778 avg_loss=0.4374. Resources: rss=2140.4MB, peak_rss=2612.2MB, cuda_alloc=360.6MB, cuda_reserved=44616.0MB, cuda_peak_alloc=7062.6MB, cuda_free=3351.8MB, cuda_total=48519.1MB
[2026-06-11 14:07:16] Epoch 07 train batch [1160/1875] loss=0.6085 avg_loss=0.4368. Resources: rss=2140.8MB, peak_rss=2612.2MB, cuda_alloc=360.6MB, cuda_reserved=44616.0MB, cuda_peak_alloc=7062.6MB, cuda_free=3351.8MB, cuda_total=48519.1MB
[2026-06-11 14:07:20] Epoch 07 train batch [1180/1875] loss=0.3062 avg_loss=0.4378. Resources: rss=2140.3MB, peak_rss=2612.2MB, cuda_alloc=360.6MB, cuda_reserved=46856.0MB, cuda_peak_alloc=7062.6MB, cuda_free=1111.8MB, cuda_total=48519.1MB
[2026-06-11 14:07:25] Epoch 07 train batch [1200/1875] loss=0.2546 avg_loss=0.4375. Resources: rss=2140.2MB, peak_rss=2612.2MB, cuda_alloc=360.6MB, cuda_reserved=29536.0MB, cuda_peak_alloc=7062.6MB, cuda_free=18431.8MB, cuda_total=48519.1MB
[2026-06-11 14:07:30] Epoch 07 train batch [1220/1875] loss=0.4545 avg_loss=0.4380. Resources: rss=2141.2MB, peak_rss=2612.2MB, cuda_alloc=360.6MB, cuda_reserved=46476.0MB, cuda_peak_alloc=7062.6MB, cuda_free=1491.8MB, cuda_total=48519.1MB
[2026-06-11 14:07:35] Epoch 07 train batch [1240/1875] loss=0.3999 avg_loss=0.4374. Resources: rss=2141.1MB, peak_rss=2612.2MB, cuda_alloc=360.6MB, cuda_reserved=38916.0MB, cuda_peak_alloc=7062.6MB, cuda_free=9051.8MB, cuda_total=48519.1MB
[2026-06-11 14:07:42] Epoch 07 train batch [1260/1875] loss=0.4891 avg_loss=0.4371. Resources: rss=2140.3MB, peak_rss=2612.2MB, cuda_alloc=360.6MB, cuda_reserved=11336.0MB, cuda_peak_alloc=7062.6MB, cuda_free=36631.8MB, cuda_total=48519.1MB
[2026-06-11 14:07:47] Epoch 07 train batch [1280/1875] loss=0.4874 avg_loss=0.4374. Resources: rss=2140.5MB, peak_rss=2612.2MB, cuda_alloc=360.6MB, cuda_reserved=19416.0MB, cuda_peak_alloc=7062.6MB, cuda_free=28551.8MB, cuda_total=48519.1MB
[2026-06-11 14:07:53] Epoch 07 train batch [1300/1875] loss=0.3474 avg_loss=0.4379. Resources: rss=2140.2MB, peak_rss=2612.2MB, cuda_alloc=360.6MB, cuda_reserved=27776.0MB, cuda_peak_alloc=7062.6MB, cuda_free=20191.8MB, cuda_total=48519.1MB
[2026-06-11 14:07:58] Epoch 07 train batch [1320/1875] loss=0.4245 avg_loss=0.4378. Resources: rss=2141.3MB, peak_rss=2612.2MB, cuda_alloc=360.6MB, cuda_reserved=47436.0MB, cuda_peak_alloc=7062.6MB, cuda_free=531.8MB, cuda_total=48519.1MB
[2026-06-11 14:08:04] Epoch 07 train batch [1340/1875] loss=0.4699 avg_loss=0.4384. Resources: rss=2140.9MB, peak_rss=2612.2MB, cuda_alloc=360.6MB, cuda_reserved=37196.0MB, cuda_peak_alloc=7062.6MB, cuda_free=10771.8MB, cuda_total=48519.1MB
[2026-06-11 14:08:08] Epoch 07 train batch [1360/1875] loss=0.4233 avg_loss=0.4398. Resources: rss=2140.1MB, peak_rss=2612.2MB, cuda_alloc=360.6MB, cuda_reserved=37196.0MB, cuda_peak_alloc=7062.6MB, cuda_free=10771.8MB, cuda_total=48519.1MB
[2026-06-11 14:08:13] Epoch 07 train batch [1380/1875] loss=0.5802 avg_loss=0.4403. Resources: rss=2141.0MB, peak_rss=2612.2MB, cuda_alloc=360.6MB, cuda_reserved=26296.0MB, cuda_peak_alloc=7062.6MB, cuda_free=21671.8MB, cuda_total=48519.1MB
[2026-06-11 14:08:19] Epoch 07 train batch [1400/1875] loss=0.7173 avg_loss=0.4398. Resources: rss=2141.8MB, peak_rss=2612.2MB, cuda_alloc=360.6MB, cuda_reserved=25596.0MB, cuda_peak_alloc=7062.6MB, cuda_free=22371.8MB, cuda_total=48519.1MB
[2026-06-11 14:08:25] Epoch 07 train batch [1420/1875] loss=0.5458 avg_loss=0.4399. Resources: rss=2140.0MB, peak_rss=2612.2MB, cuda_alloc=360.6MB, cuda_reserved=27896.0MB, cuda_peak_alloc=7062.6MB, cuda_free=20071.8MB, cuda_total=48519.1MB
[2026-06-11 14:08:30] Epoch 07 train batch [1440/1875] loss=0.3112 avg_loss=0.4388. Resources: rss=2139.6MB, peak_rss=2612.2MB, cuda_alloc=360.6MB, cuda_reserved=23556.0MB, cuda_peak_alloc=7062.6MB, cuda_free=24411.8MB, cuda_total=48519.1MB
[2026-06-11 14:08:34] Epoch 07 train batch [1460/1875] loss=0.7857 avg_loss=0.4383. Resources: rss=2141.0MB, peak_rss=2612.2MB, cuda_alloc=360.6MB, cuda_reserved=31556.0MB, cuda_peak_alloc=7062.6MB, cuda_free=16411.8MB, cuda_total=48519.1MB
[2026-06-11 14:08:39] Epoch 07 train batch [1480/1875] loss=0.4245 avg_loss=0.4381. Resources: rss=2141.3MB, peak_rss=2612.2MB, cuda_alloc=360.6MB, cuda_reserved=31556.0MB, cuda_peak_alloc=7062.6MB, cuda_free=16411.8MB, cuda_total=48519.1MB
[2026-06-11 14:08:43] Epoch 07 train batch [1500/1875] loss=0.5328 avg_loss=0.4382. Resources: rss=2141.3MB, peak_rss=2612.2MB, cuda_alloc=360.6MB, cuda_reserved=31756.0MB, cuda_peak_alloc=7062.6MB, cuda_free=16211.8MB, cuda_total=48519.1MB
[2026-06-11 14:08:48] Epoch 07 train batch [1520/1875] loss=0.3985 avg_loss=0.4380. Resources: rss=2140.8MB, peak_rss=2612.2MB, cuda_alloc=360.6MB, cuda_reserved=47556.0MB, cuda_peak_alloc=7062.6MB, cuda_free=411.8MB, cuda_total=48519.1MB
[2026-06-11 14:08:52] Epoch 07 train batch [1540/1875] loss=0.3724 avg_loss=0.4379. Resources: rss=2141.5MB, peak_rss=2612.2MB, cuda_alloc=360.6MB, cuda_reserved=47556.0MB, cuda_peak_alloc=7062.6MB, cuda_free=411.8MB, cuda_total=48519.1MB
[2026-06-11 14:08:57] Epoch 07 train batch [1560/1875] loss=0.2933 avg_loss=0.4380. Resources: rss=2141.6MB, peak_rss=2612.2MB, cuda_alloc=360.6MB, cuda_reserved=47556.0MB, cuda_peak_alloc=7062.6MB, cuda_free=411.8MB, cuda_total=48519.1MB
[2026-06-11 14:09:02] Epoch 07 train batch [1580/1875] loss=0.5719 avg_loss=0.4376. Resources: rss=2139.8MB, peak_rss=2612.2MB, cuda_alloc=360.6MB, cuda_reserved=16216.0MB, cuda_peak_alloc=7062.6MB, cuda_free=31751.8MB, cuda_total=48519.1MB
[2026-06-11 14:09:07] Epoch 07 train batch [1600/1875] loss=0.4353 avg_loss=0.4376. Resources: rss=2140.3MB, peak_rss=2612.2MB, cuda_alloc=360.6MB, cuda_reserved=30056.0MB, cuda_peak_alloc=7062.6MB, cuda_free=17911.8MB, cuda_total=48519.1MB
[2026-06-11 14:09:12] Epoch 07 train batch [1620/1875] loss=0.4503 avg_loss=0.4372. Resources: rss=2140.9MB, peak_rss=2612.2MB, cuda_alloc=360.6MB, cuda_reserved=36896.0MB, cuda_peak_alloc=7062.6MB, cuda_free=11071.8MB, cuda_total=48519.1MB
[2026-06-11 14:09:17] Epoch 07 train batch [1640/1875] loss=0.1685 avg_loss=0.4371. Resources: rss=2143.0MB, peak_rss=2612.2MB, cuda_alloc=360.6MB, cuda_reserved=27398.0MB, cuda_peak_alloc=7062.6MB, cuda_free=20569.8MB, cuda_total=48519.1MB
[2026-06-11 14:09:21] Epoch 07 train batch [1660/1875] loss=0.4929 avg_loss=0.4365. Resources: rss=2142.7MB, peak_rss=2612.2MB, cuda_alloc=360.6MB, cuda_reserved=36058.0MB, cuda_peak_alloc=7062.6MB, cuda_free=11909.8MB, cuda_total=48519.1MB
[2026-06-11 14:09:26] Epoch 07 train batch [1680/1875] loss=0.4502 avg_loss=0.4368. Resources: rss=2142.7MB, peak_rss=2612.2MB, cuda_alloc=360.6MB, cuda_reserved=42638.0MB, cuda_peak_alloc=7062.6MB, cuda_free=5329.8MB, cuda_total=48519.1MB
[2026-06-11 14:09:30] Epoch 07 train batch [1700/1875] loss=0.3553 avg_loss=0.4368. Resources: rss=2142.1MB, peak_rss=2612.2MB, cuda_alloc=360.6MB, cuda_reserved=42638.0MB, cuda_peak_alloc=7062.6MB, cuda_free=5329.8MB, cuda_total=48519.1MB
[2026-06-11 14:09:36] Epoch 07 train batch [1720/1875] loss=0.5385 avg_loss=0.4371. Resources: rss=2143.0MB, peak_rss=2612.2MB, cuda_alloc=360.6MB, cuda_reserved=21136.0MB, cuda_peak_alloc=7062.6MB, cuda_free=26831.8MB, cuda_total=48519.1MB
[2026-06-11 14:09:40] Epoch 07 train batch [1740/1875] loss=0.3612 avg_loss=0.4369. Resources: rss=2143.2MB, peak_rss=2612.2MB, cuda_alloc=360.6MB, cuda_reserved=31996.0MB, cuda_peak_alloc=7062.6MB, cuda_free=15971.8MB, cuda_total=48519.1MB
[2026-06-11 14:09:45] Epoch 07 train batch [1760/1875] loss=0.2848 avg_loss=0.4361. Resources: rss=2142.0MB, peak_rss=2612.2MB, cuda_alloc=360.6MB, cuda_reserved=31996.0MB, cuda_peak_alloc=7062.6MB, cuda_free=15971.8MB, cuda_total=48519.1MB
[2026-06-11 14:09:49] Epoch 07 train batch [1780/1875] loss=0.5511 avg_loss=0.4365. Resources: rss=2142.5MB, peak_rss=2612.2MB, cuda_alloc=360.6MB, cuda_reserved=31996.0MB, cuda_peak_alloc=7062.6MB, cuda_free=15971.8MB, cuda_total=48519.1MB
[2026-06-11 14:09:53] Epoch 07 train batch [1800/1875] loss=0.5965 avg_loss=0.4363. Resources: rss=2142.3MB, peak_rss=2612.2MB, cuda_alloc=360.6MB, cuda_reserved=34716.0MB, cuda_peak_alloc=7062.6MB, cuda_free=13251.8MB, cuda_total=48519.1MB
[2026-06-11 14:09:59] Epoch 07 train batch [1820/1875] loss=0.3679 avg_loss=0.4362. Resources: rss=2143.6MB, peak_rss=2612.2MB, cuda_alloc=360.6MB, cuda_reserved=22616.0MB, cuda_peak_alloc=7062.6MB, cuda_free=25351.8MB, cuda_total=48519.1MB
[2026-06-11 14:10:04] Epoch 07 train batch [1840/1875] loss=0.4325 avg_loss=0.4365. Resources: rss=2142.4MB, peak_rss=2612.2MB, cuda_alloc=360.6MB, cuda_reserved=47416.0MB, cuda_peak_alloc=7062.6MB, cuda_free=551.8MB, cuda_total=48519.1MB
[2026-06-11 14:10:09] Epoch 07 train batch [1860/1875] loss=0.5662 avg_loss=0.4362. Resources: rss=2143.3MB, peak_rss=2612.2MB, cuda_alloc=360.6MB, cuda_reserved=33276.0MB, cuda_peak_alloc=7062.6MB, cuda_free=14691.8MB, cuda_total=48519.1MB
[2026-06-11 14:10:12] Epoch 07 train batch [1875/1875] loss=0.4331 avg_loss=0.4359. Resources: rss=2143.1MB, peak_rss=2612.2MB, cuda_alloc=360.6MB, cuda_reserved=33276.0MB, cuda_peak_alloc=7062.6MB, cuda_free=14691.8MB, cuda_total=48519.1MB
[2026-06-11 14:10:12] Epoch 07 training completed. Resources: rss=2135.1MB, peak_rss=2612.2MB, cuda_alloc=360.6MB, cuda_reserved=33276.0MB, cuda_peak_alloc=7062.6MB, cuda_free=14691.8MB, cuda_total=48519.1MB
[2026-06-11 14:10:13] Epoch 07 cache released before validation loss. Resources: rss=2134.3MB, peak_rss=2612.2MB, cuda_alloc=360.6MB, cuda_reserved=518.0MB, cuda_peak_alloc=360.6MB, cuda_free=47449.8MB, cuda_total=48519.1MB
[2026-06-11 14:10:46] Epoch 07 validation loss completed: 0.5049. Resources: rss=2133.3MB, peak_rss=2612.2MB, cuda_alloc=360.6MB, cuda_reserved=5766.0MB, cuda_peak_alloc=2034.0MB, cuda_free=42201.8MB, cuda_total=48519.1MB
[2026-06-11 14:10:46] Epoch 07 cache released before detection metrics. Resources: rss=2133.3MB, peak_rss=2612.2MB, cuda_alloc=360.6MB, cuda_reserved=518.0MB, cuda_peak_alloc=360.6MB, cuda_free=47449.8MB, cuda_total=48519.1MB
[2026-06-11 14:11:23] Epoch 07 prediction tensors moved to CPU. Computing metrics. Resources: rss=2132.7MB, peak_rss=2612.2MB, cuda_alloc=360.6MB, cuda_reserved=518.0MB, cuda_peak_alloc=360.6MB, cuda_free=47449.8MB, cuda_total=48519.1MB
[2026-06-11 14:11:23] Epoch 07 metrics computed (mAP@0.5 only). Saving artifacts. Resources: rss=2135.7MB, peak_rss=2612.2MB, cuda_alloc=360.6MB, cuda_reserved=518.0MB, cuda_peak_alloc=360.6MB, cuda_free=47449.8MB, cuda_total=48519.1MB
[2026-06-11 14:11:24] Epoch 07 improved mAP@0.5 to 0.6951. Saved best checkpoint: best_model-20260611-131215.pth. Resources: rss=2614.0MB, peak_rss=2614.0MB, cuda_alloc=360.6MB, cuda_reserved=518.0MB, cuda_peak_alloc=360.6MB, cuda_free=47449.8MB, cuda_total=48519.1MB
Epoch [07/50]
├── Train Loss : 0.4359
│   ├── loss_classifier  : 0.2487
│   ├── loss_box_reg     : 0.1872
│   ├── loss_objectness  : 0.0000
│   └── loss_rpn_box_reg : 0.0000
├── Val Loss   : 0.5049
├── mAP@0.5    : 0.6951
├── mAP@0.75   : n/a
├── mAP@0.5:0.95 : n/a
├── Precision  : 0.0410
├── Recall     : 0.9560
├── GT Boxes   : 2021
├── Predictions: 47125
├── Per-class AP
│   ├── person  : AP50=0.7852, AP75=n/a, AP50:95=n/a, P=0.0471, R=0.9665
│   ├── car     : AP50=0.6999, AP75=n/a, AP50:95=n/a, P=0.0408, R=0.9505
│   ├── dog     : AP50=0.7763, AP75=n/a, AP50:95=n/a, P=0.0497, R=0.9709
│   ├── cat     : AP50=0.8342, AP75=n/a, AP50:95=n/a, P=0.0456, R=1.0000
│   └── chair   : AP50=0.3799, AP75=n/a, AP50:95=n/a, P=0.0235, R=0.8830
├── LR         : 0.000983
└── Time       : 510.4s
[2026-06-11 14:11:24] Epoch [07/50] completed. Resources: rss=2131.0MB, peak_rss=2614.0MB, cuda_alloc=360.6MB, cuda_reserved=518.0MB, cuda_peak_alloc=360.6MB, cuda_free=47449.8MB, cuda_total=48519.1MB
[2026-06-11 14:11:24] Epoch [08/50] started. Resources: rss=2131.0MB, peak_rss=2614.0MB, cuda_alloc=360.6MB, cuda_reserved=518.0MB, cuda_peak_alloc=360.6MB, cuda_free=47449.8MB, cuda_total=48519.1MB
[2026-06-11 14:11:30] Epoch 08 train batch [20/1875] loss=0.4626 avg_loss=0.4219. Resources: rss=2140.7MB, peak_rss=2614.0MB, cuda_alloc=360.6MB, cuda_reserved=23776.0MB, cuda_peak_alloc=7061.7MB, cuda_free=24191.8MB, cuda_total=48519.1MB
[2026-06-11 14:11:35] Epoch 08 train batch [40/1875] loss=0.3488 avg_loss=0.4081. Resources: rss=2140.6MB, peak_rss=2614.0MB, cuda_alloc=360.6MB, cuda_reserved=31236.0MB, cuda_peak_alloc=7061.9MB, cuda_free=16731.8MB, cuda_total=48519.1MB
[2026-06-11 14:11:39] Epoch 08 train batch [60/1875] loss=0.3480 avg_loss=0.3979. Resources: rss=2141.4MB, peak_rss=2614.0MB, cuda_alloc=360.6MB, cuda_reserved=39236.0MB, cuda_peak_alloc=7061.9MB, cuda_free=8731.8MB, cuda_total=48519.1MB
[2026-06-11 14:11:43] Epoch 08 train batch [80/1875] loss=0.2470 avg_loss=0.3877. Resources: rss=2140.5MB, peak_rss=2614.0MB, cuda_alloc=360.6MB, cuda_reserved=39236.0MB, cuda_peak_alloc=7061.9MB, cuda_free=8731.8MB, cuda_total=48519.1MB
[2026-06-11 14:11:48] Epoch 08 train batch [100/1875] loss=0.2946 avg_loss=0.3851. Resources: rss=2141.7MB, peak_rss=2614.0MB, cuda_alloc=360.6MB, cuda_reserved=39796.0MB, cuda_peak_alloc=7061.9MB, cuda_free=8171.8MB, cuda_total=48519.1MB
[2026-06-11 14:11:52] Epoch 08 train batch [120/1875] loss=0.5612 avg_loss=0.3921. Resources: rss=2139.0MB, peak_rss=2614.0MB, cuda_alloc=360.6MB, cuda_reserved=39796.0MB, cuda_peak_alloc=7061.9MB, cuda_free=8171.8MB, cuda_total=48519.1MB
[2026-06-11 14:11:57] Epoch 08 train batch [140/1875] loss=0.4081 avg_loss=0.3920. Resources: rss=2141.1MB, peak_rss=2614.0MB, cuda_alloc=360.6MB, cuda_reserved=39796.0MB, cuda_peak_alloc=7062.4MB, cuda_free=8171.8MB, cuda_total=48519.1MB
[2026-06-11 14:12:01] Epoch 08 train batch [160/1875] loss=0.3132 avg_loss=0.3898. Resources: rss=2140.6MB, peak_rss=2614.0MB, cuda_alloc=360.6MB, cuda_reserved=39796.0MB, cuda_peak_alloc=7062.4MB, cuda_free=8171.8MB, cuda_total=48519.1MB
[2026-06-11 14:12:06] Epoch 08 train batch [180/1875] loss=0.3415 avg_loss=0.3957. Resources: rss=2140.7MB, peak_rss=2614.0MB, cuda_alloc=360.6MB, cuda_reserved=21556.0MB, cuda_peak_alloc=7062.4MB, cuda_free=26411.8MB, cuda_total=48519.1MB
[2026-06-11 14:12:11] Epoch 08 train batch [200/1875] loss=0.3237 avg_loss=0.3952. Resources: rss=2140.9MB, peak_rss=2614.0MB, cuda_alloc=360.6MB, cuda_reserved=29836.0MB, cuda_peak_alloc=7062.4MB, cuda_free=18131.8MB, cuda_total=48519.1MB
[2026-06-11 14:12:16] Epoch 08 train batch [220/1875] loss=0.4480 avg_loss=0.3951. Resources: rss=2141.1MB, peak_rss=2614.0MB, cuda_alloc=360.6MB, cuda_reserved=14396.0MB, cuda_peak_alloc=7062.4MB, cuda_free=33571.8MB, cuda_total=48519.1MB
[2026-06-11 14:12:21] Epoch 08 train batch [240/1875] loss=0.3621 avg_loss=0.3991. Resources: rss=2141.6MB, peak_rss=2614.0MB, cuda_alloc=360.6MB, cuda_reserved=44876.0MB, cuda_peak_alloc=7062.6MB, cuda_free=3091.8MB, cuda_total=48519.1MB
[2026-06-11 14:12:27] Epoch 08 train batch [260/1875] loss=0.1746 avg_loss=0.3978. Resources: rss=2142.5MB, peak_rss=2614.0MB, cuda_alloc=360.6MB, cuda_reserved=29156.0MB, cuda_peak_alloc=7062.6MB, cuda_free=18811.8MB, cuda_total=48519.1MB
[2026-06-11 14:12:32] Epoch 08 train batch [280/1875] loss=0.3293 avg_loss=0.3962. Resources: rss=2142.3MB, peak_rss=2614.0MB, cuda_alloc=360.6MB, cuda_reserved=33996.0MB, cuda_peak_alloc=7062.6MB, cuda_free=13971.8MB, cuda_total=48519.1MB
[2026-06-11 14:12:37] Epoch 08 train batch [300/1875] loss=0.3325 avg_loss=0.3929. Resources: rss=2141.3MB, peak_rss=2614.0MB, cuda_alloc=360.6MB, cuda_reserved=41436.0MB, cuda_peak_alloc=7062.6MB, cuda_free=6531.8MB, cuda_total=48519.1MB
[2026-06-11 14:12:41] Epoch 08 train batch [320/1875] loss=0.4704 avg_loss=0.3893. Resources: rss=2141.4MB, peak_rss=2614.0MB, cuda_alloc=360.6MB, cuda_reserved=46536.0MB, cuda_peak_alloc=7062.6MB, cuda_free=1431.8MB, cuda_total=48519.1MB
[2026-06-11 14:12:48] Epoch 08 train batch [340/1875] loss=0.4354 avg_loss=0.3908. Resources: rss=2141.0MB, peak_rss=2614.0MB, cuda_alloc=360.6MB, cuda_reserved=21876.0MB, cuda_peak_alloc=7062.6MB, cuda_free=26091.8MB, cuda_total=48519.1MB
[2026-06-11 14:12:52] Epoch 08 train batch [360/1875] loss=0.4378 avg_loss=0.3910. Resources: rss=2141.1MB, peak_rss=2614.0MB, cuda_alloc=360.6MB, cuda_reserved=41856.0MB, cuda_peak_alloc=7062.6MB, cuda_free=6111.8MB, cuda_total=48519.1MB
[2026-06-11 14:12:56] Epoch 08 train batch [380/1875] loss=0.2794 avg_loss=0.3904. Resources: rss=2141.2MB, peak_rss=2614.0MB, cuda_alloc=360.6MB, cuda_reserved=41856.0MB, cuda_peak_alloc=7062.6MB, cuda_free=6111.8MB, cuda_total=48519.1MB
[2026-06-11 14:13:01] Epoch 08 train batch [400/1875] loss=0.4074 avg_loss=0.3893. Resources: rss=2141.3MB, peak_rss=2614.0MB, cuda_alloc=360.6MB, cuda_reserved=42956.0MB, cuda_peak_alloc=7062.6MB, cuda_free=5011.8MB, cuda_total=48519.1MB
[2026-06-11 14:13:05] Epoch 08 train batch [420/1875] loss=0.3482 avg_loss=0.3917. Resources: rss=2141.6MB, peak_rss=2614.0MB, cuda_alloc=360.6MB, cuda_reserved=42956.0MB, cuda_peak_alloc=7062.6MB, cuda_free=5011.8MB, cuda_total=48519.1MB
[2026-06-11 14:13:09] Epoch 08 train batch [440/1875] loss=0.3317 avg_loss=0.3913. Resources: rss=2141.4MB, peak_rss=2614.0MB, cuda_alloc=360.6MB, cuda_reserved=42956.0MB, cuda_peak_alloc=7062.6MB, cuda_free=5011.8MB, cuda_total=48519.1MB
[2026-06-11 14:13:14] Epoch 08 train batch [460/1875] loss=0.3621 avg_loss=0.3903. Resources: rss=2142.9MB, peak_rss=2614.0MB, cuda_alloc=360.6MB, cuda_reserved=42956.0MB, cuda_peak_alloc=7062.6MB, cuda_free=5011.8MB, cuda_total=48519.1MB
[2026-06-11 14:13:18] Epoch 08 train batch [480/1875] loss=0.4503 avg_loss=0.3919. Resources: rss=2143.3MB, peak_rss=2614.0MB, cuda_alloc=360.6MB, cuda_reserved=42956.0MB, cuda_peak_alloc=7062.6MB, cuda_free=5011.8MB, cuda_total=48519.1MB
[2026-06-11 14:13:23] Epoch 08 train batch [500/1875] loss=0.2034 avg_loss=0.3934. Resources: rss=2143.7MB, peak_rss=2614.0MB, cuda_alloc=360.6MB, cuda_reserved=44696.0MB, cuda_peak_alloc=7062.6MB, cuda_free=3271.8MB, cuda_total=48519.1MB
[2026-06-11 14:13:27] Epoch 08 train batch [520/1875] loss=0.5499 avg_loss=0.3935. Resources: rss=2144.0MB, peak_rss=2614.0MB, cuda_alloc=360.6MB, cuda_reserved=44696.0MB, cuda_peak_alloc=7062.6MB, cuda_free=3271.8MB, cuda_total=48519.1MB
[2026-06-11 14:13:32] Epoch 08 train batch [540/1875] loss=0.1544 avg_loss=0.3942. Resources: rss=2146.1MB, peak_rss=2614.0MB, cuda_alloc=360.6MB, cuda_reserved=44696.0MB, cuda_peak_alloc=7062.6MB, cuda_free=3271.8MB, cuda_total=48519.1MB
[2026-06-11 14:13:36] Epoch 08 train batch [560/1875] loss=0.3823 avg_loss=0.3935. Resources: rss=2145.4MB, peak_rss=2614.0MB, cuda_alloc=360.6MB, cuda_reserved=44696.0MB, cuda_peak_alloc=7062.6MB, cuda_free=3271.8MB, cuda_total=48519.1MB
[2026-06-11 14:13:40] Epoch 08 train batch [580/1875] loss=0.3185 avg_loss=0.3933. Resources: rss=2145.9MB, peak_rss=2614.0MB, cuda_alloc=360.6MB, cuda_reserved=44696.0MB, cuda_peak_alloc=7062.6MB, cuda_free=3271.8MB, cuda_total=48519.1MB
[2026-06-11 14:13:46] Epoch 08 train batch [600/1875] loss=0.3545 avg_loss=0.3937. Resources: rss=2146.2MB, peak_rss=2614.0MB, cuda_alloc=360.6MB, cuda_reserved=42036.0MB, cuda_peak_alloc=7062.6MB, cuda_free=5931.8MB, cuda_total=48519.1MB
[2026-06-11 14:13:51] Epoch 08 train batch [620/1875] loss=0.4488 avg_loss=0.3923. Resources: rss=2146.0MB, peak_rss=2614.0MB, cuda_alloc=360.6MB, cuda_reserved=28856.0MB, cuda_peak_alloc=7062.6MB, cuda_free=19111.8MB, cuda_total=48519.1MB
[2026-06-11 14:13:56] Epoch 08 train batch [640/1875] loss=0.2211 avg_loss=0.3918. Resources: rss=2146.4MB, peak_rss=2614.0MB, cuda_alloc=360.6MB, cuda_reserved=45156.0MB, cuda_peak_alloc=7062.6MB, cuda_free=2811.8MB, cuda_total=48519.1MB
[2026-06-11 14:14:01] Epoch 08 train batch [660/1875] loss=0.5352 avg_loss=0.3907. Resources: rss=2144.9MB, peak_rss=2614.0MB, cuda_alloc=360.6MB, cuda_reserved=29996.0MB, cuda_peak_alloc=7062.6MB, cuda_free=17971.8MB, cuda_total=48519.1MB
[2026-06-11 14:14:05] Epoch 08 train batch [680/1875] loss=0.4249 avg_loss=0.3890. Resources: rss=2146.0MB, peak_rss=2614.0MB, cuda_alloc=360.6MB, cuda_reserved=37596.0MB, cuda_peak_alloc=7062.6MB, cuda_free=10371.8MB, cuda_total=48519.1MB
[2026-06-11 14:14:10] Epoch 08 train batch [700/1875] loss=0.4694 avg_loss=0.3887. Resources: rss=2145.9MB, peak_rss=2614.0MB, cuda_alloc=360.6MB, cuda_reserved=43076.0MB, cuda_peak_alloc=7062.6MB, cuda_free=4891.8MB, cuda_total=48519.1MB
[2026-06-11 14:14:15] Epoch 08 train batch [720/1875] loss=0.4180 avg_loss=0.3895. Resources: rss=2146.7MB, peak_rss=2614.0MB, cuda_alloc=360.6MB, cuda_reserved=38656.0MB, cuda_peak_alloc=7062.6MB, cuda_free=9311.8MB, cuda_total=48519.1MB
[2026-06-11 14:14:20] Epoch 08 train batch [740/1875] loss=0.4079 avg_loss=0.3890. Resources: rss=2145.5MB, peak_rss=2614.0MB, cuda_alloc=360.6MB, cuda_reserved=33316.0MB, cuda_peak_alloc=7062.6MB, cuda_free=14651.8MB, cuda_total=48519.1MB
[2026-06-11 14:14:25] Epoch 08 train batch [760/1875] loss=0.7835 avg_loss=0.3897. Resources: rss=2146.1MB, peak_rss=2614.0MB, cuda_alloc=360.6MB, cuda_reserved=33316.0MB, cuda_peak_alloc=7062.6MB, cuda_free=14651.8MB, cuda_total=48519.1MB
[2026-06-11 14:14:31] Epoch 08 train batch [780/1875] loss=0.4514 avg_loss=0.3904. Resources: rss=2146.0MB, peak_rss=2614.0MB, cuda_alloc=360.6MB, cuda_reserved=25256.0MB, cuda_peak_alloc=7062.6MB, cuda_free=22711.8MB, cuda_total=48519.1MB
[2026-06-11 14:14:35] Epoch 08 train batch [800/1875] loss=0.5200 avg_loss=0.3917. Resources: rss=2146.1MB, peak_rss=2614.0MB, cuda_alloc=360.6MB, cuda_reserved=37036.0MB, cuda_peak_alloc=7062.6MB, cuda_free=10931.8MB, cuda_total=48519.1MB
[2026-06-11 14:14:40] Epoch 08 train batch [820/1875] loss=0.3583 avg_loss=0.3913. Resources: rss=2146.4MB, peak_rss=2614.0MB, cuda_alloc=360.6MB, cuda_reserved=34336.0MB, cuda_peak_alloc=7062.6MB, cuda_free=13631.8MB, cuda_total=48519.1MB
[2026-06-11 14:14:44] Epoch 08 train batch [840/1875] loss=0.3611 avg_loss=0.3920. Resources: rss=2144.9MB, peak_rss=2614.0MB, cuda_alloc=360.6MB, cuda_reserved=46856.0MB, cuda_peak_alloc=7062.6MB, cuda_free=1111.8MB, cuda_total=48519.1MB
[2026-06-11 14:14:50] Epoch 08 train batch [860/1875] loss=0.2728 avg_loss=0.3920. Resources: rss=2145.6MB, peak_rss=2614.0MB, cuda_alloc=360.6MB, cuda_reserved=21916.0MB, cuda_peak_alloc=7062.6MB, cuda_free=26051.8MB, cuda_total=48519.1MB
[2026-06-11 14:14:56] Epoch 08 train batch [880/1875] loss=0.4202 avg_loss=0.3928. Resources: rss=2146.3MB, peak_rss=2614.0MB, cuda_alloc=360.6MB, cuda_reserved=10496.0MB, cuda_peak_alloc=7062.6MB, cuda_free=37471.8MB, cuda_total=48519.1MB
[2026-06-11 14:15:00] Epoch 08 train batch [900/1875] loss=0.3578 avg_loss=0.3916. Resources: rss=2145.4MB, peak_rss=2614.0MB, cuda_alloc=360.6MB, cuda_reserved=42356.0MB, cuda_peak_alloc=7062.6MB, cuda_free=5611.8MB, cuda_total=48519.1MB
[2026-06-11 14:15:05] Epoch 08 train batch [920/1875] loss=0.1930 avg_loss=0.3926. Resources: rss=2145.7MB, peak_rss=2614.0MB, cuda_alloc=360.6MB, cuda_reserved=32456.0MB, cuda_peak_alloc=7062.6MB, cuda_free=15511.8MB, cuda_total=48519.1MB
[2026-06-11 14:15:09] Epoch 08 train batch [940/1875] loss=0.2910 avg_loss=0.3923. Resources: rss=2145.6MB, peak_rss=2614.0MB, cuda_alloc=360.6MB, cuda_reserved=40696.0MB, cuda_peak_alloc=7062.6MB, cuda_free=7271.8MB, cuda_total=48519.1MB
[2026-06-11 14:15:14] Epoch 08 train batch [960/1875] loss=0.2362 avg_loss=0.3917. Resources: rss=2145.6MB, peak_rss=2614.0MB, cuda_alloc=360.6MB, cuda_reserved=42216.0MB, cuda_peak_alloc=7062.6MB, cuda_free=5751.8MB, cuda_total=48519.1MB
[2026-06-11 14:15:18] Epoch 08 train batch [980/1875] loss=0.3196 avg_loss=0.3915. Resources: rss=2145.3MB, peak_rss=2614.0MB, cuda_alloc=360.6MB, cuda_reserved=46356.0MB, cuda_peak_alloc=7062.6MB, cuda_free=1611.8MB, cuda_total=48519.1MB
[2026-06-11 14:15:24] Epoch 08 train batch [1000/1875] loss=0.3141 avg_loss=0.3925. Resources: rss=2144.5MB, peak_rss=2614.0MB, cuda_alloc=360.6MB, cuda_reserved=25916.0MB, cuda_peak_alloc=7062.6MB, cuda_free=22051.8MB, cuda_total=48519.1MB
[2026-06-11 14:15:28] Epoch 08 train batch [1020/1875] loss=0.2926 avg_loss=0.3923. Resources: rss=2145.0MB, peak_rss=2614.0MB, cuda_alloc=360.6MB, cuda_reserved=39076.0MB, cuda_peak_alloc=7062.6MB, cuda_free=8891.8MB, cuda_total=48519.1MB
[2026-06-11 14:15:32] Epoch 08 train batch [1040/1875] loss=0.6288 avg_loss=0.3918. Resources: rss=2145.3MB, peak_rss=2614.0MB, cuda_alloc=360.6MB, cuda_reserved=39076.0MB, cuda_peak_alloc=7062.6MB, cuda_free=8891.8MB, cuda_total=48519.1MB
[2026-06-11 14:15:37] Epoch 08 train batch [1060/1875] loss=0.4184 avg_loss=0.3918. Resources: rss=2145.5MB, peak_rss=2614.0MB, cuda_alloc=360.6MB, cuda_reserved=39076.0MB, cuda_peak_alloc=7062.6MB, cuda_free=8891.8MB, cuda_total=48519.1MB
[2026-06-11 14:15:42] Epoch 08 train batch [1080/1875] loss=0.3051 avg_loss=0.3911. Resources: rss=2145.4MB, peak_rss=2614.0MB, cuda_alloc=360.6MB, cuda_reserved=28736.0MB, cuda_peak_alloc=7062.6MB, cuda_free=19231.8MB, cuda_total=48519.1MB
[2026-06-11 14:15:47] Epoch 08 train batch [1100/1875] loss=0.4695 avg_loss=0.3903. Resources: rss=2145.5MB, peak_rss=2614.0MB, cuda_alloc=360.6MB, cuda_reserved=31976.0MB, cuda_peak_alloc=7062.6MB, cuda_free=15991.8MB, cuda_total=48519.1MB
[2026-06-11 14:15:51] Epoch 08 train batch [1120/1875] loss=0.2781 avg_loss=0.3903. Resources: rss=2145.9MB, peak_rss=2614.0MB, cuda_alloc=360.6MB, cuda_reserved=31976.0MB, cuda_peak_alloc=7062.6MB, cuda_free=15991.8MB, cuda_total=48519.1MB
[2026-06-11 14:15:56] Epoch 08 train batch [1140/1875] loss=0.3759 avg_loss=0.3901. Resources: rss=2145.4MB, peak_rss=2614.0MB, cuda_alloc=360.6MB, cuda_reserved=31976.0MB, cuda_peak_alloc=7062.6MB, cuda_free=15991.8MB, cuda_total=48519.1MB
[2026-06-11 14:16:00] Epoch 08 train batch [1160/1875] loss=0.2592 avg_loss=0.3902. Resources: rss=2144.8MB, peak_rss=2614.0MB, cuda_alloc=360.6MB, cuda_reserved=31976.0MB, cuda_peak_alloc=7062.6MB, cuda_free=15991.8MB, cuda_total=48519.1MB
[2026-06-11 14:16:04] Epoch 08 train batch [1180/1875] loss=0.4037 avg_loss=0.3908. Resources: rss=2143.9MB, peak_rss=2614.0MB, cuda_alloc=360.6MB, cuda_reserved=31976.0MB, cuda_peak_alloc=7062.6MB, cuda_free=15991.8MB, cuda_total=48519.1MB
[2026-06-11 14:16:09] Epoch 08 train batch [1200/1875] loss=0.3725 avg_loss=0.3918. Resources: rss=2146.5MB, peak_rss=2614.0MB, cuda_alloc=360.6MB, cuda_reserved=33136.0MB, cuda_peak_alloc=7062.6MB, cuda_free=14831.8MB, cuda_total=48519.1MB
[2026-06-11 14:16:13] Epoch 08 train batch [1220/1875] loss=0.4464 avg_loss=0.3930. Resources: rss=2146.0MB, peak_rss=2614.0MB, cuda_alloc=360.6MB, cuda_reserved=33136.0MB, cuda_peak_alloc=7062.6MB, cuda_free=14831.8MB, cuda_total=48519.1MB
[2026-06-11 14:16:17] Epoch 08 train batch [1240/1875] loss=0.3094 avg_loss=0.3932. Resources: rss=2146.3MB, peak_rss=2614.0MB, cuda_alloc=360.6MB, cuda_reserved=33136.0MB, cuda_peak_alloc=7062.6MB, cuda_free=14831.8MB, cuda_total=48519.1MB
[2026-06-11 14:16:21] Epoch 08 train batch [1260/1875] loss=0.3321 avg_loss=0.3930. Resources: rss=2146.9MB, peak_rss=2614.0MB, cuda_alloc=360.6MB, cuda_reserved=35956.0MB, cuda_peak_alloc=7062.6MB, cuda_free=12011.8MB, cuda_total=48519.1MB
[2026-06-11 14:16:26] Epoch 08 train batch [1280/1875] loss=0.3240 avg_loss=0.3935. Resources: rss=2147.1MB, peak_rss=2614.0MB, cuda_alloc=360.6MB, cuda_reserved=35956.0MB, cuda_peak_alloc=7062.6MB, cuda_free=12011.8MB, cuda_total=48519.1MB
[2026-06-11 14:16:30] Epoch 08 train batch [1300/1875] loss=0.4811 avg_loss=0.3937. Resources: rss=2145.4MB, peak_rss=2614.0MB, cuda_alloc=360.6MB, cuda_reserved=35956.0MB, cuda_peak_alloc=7062.6MB, cuda_free=12011.8MB, cuda_total=48519.1MB
[2026-06-11 14:16:34] Epoch 08 train batch [1320/1875] loss=0.2148 avg_loss=0.3938. Resources: rss=2144.9MB, peak_rss=2614.0MB, cuda_alloc=360.6MB, cuda_reserved=42136.0MB, cuda_peak_alloc=7062.6MB, cuda_free=5831.8MB, cuda_total=48519.1MB
[2026-06-11 14:16:38] Epoch 08 train batch [1340/1875] loss=0.2690 avg_loss=0.3935. Resources: rss=2145.5MB, peak_rss=2614.0MB, cuda_alloc=360.6MB, cuda_reserved=42136.0MB, cuda_peak_alloc=7062.6MB, cuda_free=5831.8MB, cuda_total=48519.1MB
[2026-06-11 14:16:42] Epoch 08 train batch [1360/1875] loss=0.2393 avg_loss=0.3932. Resources: rss=2146.0MB, peak_rss=2614.0MB, cuda_alloc=360.6MB, cuda_reserved=42136.0MB, cuda_peak_alloc=7062.6MB, cuda_free=5831.8MB, cuda_total=48519.1MB
[2026-06-11 14:16:46] Epoch 08 train batch [1380/1875] loss=0.3541 avg_loss=0.3931. Resources: rss=2147.8MB, peak_rss=2614.0MB, cuda_alloc=360.6MB, cuda_reserved=42136.0MB, cuda_peak_alloc=7062.6MB, cuda_free=5831.8MB, cuda_total=48519.1MB
[2026-06-11 14:16:50] Epoch 08 train batch [1400/1875] loss=0.2665 avg_loss=0.3929. Resources: rss=2147.1MB, peak_rss=2614.0MB, cuda_alloc=360.6MB, cuda_reserved=42136.0MB, cuda_peak_alloc=7062.6MB, cuda_free=5831.8MB, cuda_total=48519.1MB
[2026-06-11 14:16:55] Epoch 08 train batch [1420/1875] loss=0.1711 avg_loss=0.3919. Resources: rss=2149.7MB, peak_rss=2614.0MB, cuda_alloc=360.6MB, cuda_reserved=42136.0MB, cuda_peak_alloc=7062.6MB, cuda_free=5831.8MB, cuda_total=48519.1MB
[2026-06-11 14:16:59] Epoch 08 train batch [1440/1875] loss=0.4730 avg_loss=0.3918. Resources: rss=2149.8MB, peak_rss=2614.0MB, cuda_alloc=360.6MB, cuda_reserved=42136.0MB, cuda_peak_alloc=7062.6MB, cuda_free=5831.8MB, cuda_total=48519.1MB
[2026-06-11 14:17:03] Epoch 08 train batch [1460/1875] loss=0.3634 avg_loss=0.3916. Resources: rss=2149.6MB, peak_rss=2614.0MB, cuda_alloc=360.6MB, cuda_reserved=42136.0MB, cuda_peak_alloc=7062.6MB, cuda_free=5831.8MB, cuda_total=48519.1MB
[2026-06-11 14:17:08] Epoch 08 train batch [1480/1875] loss=0.2797 avg_loss=0.3912. Resources: rss=2149.0MB, peak_rss=2614.0MB, cuda_alloc=360.6MB, cuda_reserved=42136.0MB, cuda_peak_alloc=7062.6MB, cuda_free=5831.8MB, cuda_total=48519.1MB
[2026-06-11 14:17:12] Epoch 08 train batch [1500/1875] loss=0.3121 avg_loss=0.3910. Resources: rss=2149.2MB, peak_rss=2614.0MB, cuda_alloc=360.6MB, cuda_reserved=42136.0MB, cuda_peak_alloc=7062.6MB, cuda_free=5831.8MB, cuda_total=48519.1MB
[2026-06-11 14:17:16] Epoch 08 train batch [1520/1875] loss=0.3714 avg_loss=0.3906. Resources: rss=2149.2MB, peak_rss=2614.0MB, cuda_alloc=360.6MB, cuda_reserved=42136.0MB, cuda_peak_alloc=7062.6MB, cuda_free=5831.8MB, cuda_total=48519.1MB
[2026-06-11 14:17:21] Epoch 08 train batch [1540/1875] loss=0.2760 avg_loss=0.3906. Resources: rss=2150.5MB, peak_rss=2614.0MB, cuda_alloc=360.6MB, cuda_reserved=42136.0MB, cuda_peak_alloc=7062.6MB, cuda_free=5831.8MB, cuda_total=48519.1MB
[2026-06-11 14:17:26] Epoch 08 train batch [1560/1875] loss=0.2646 avg_loss=0.3908. Resources: rss=2151.3MB, peak_rss=2614.0MB, cuda_alloc=360.6MB, cuda_reserved=28896.0MB, cuda_peak_alloc=7062.6MB, cuda_free=19071.8MB, cuda_total=48519.1MB
[2026-06-11 14:17:31] Epoch 08 train batch [1580/1875] loss=0.2724 avg_loss=0.3913. Resources: rss=2152.4MB, peak_rss=2614.0MB, cuda_alloc=360.6MB, cuda_reserved=36176.0MB, cuda_peak_alloc=7062.6MB, cuda_free=11791.8MB, cuda_total=48519.1MB
[2026-06-11 14:17:35] Epoch 08 train batch [1600/1875] loss=0.2892 avg_loss=0.3917. Resources: rss=2151.9MB, peak_rss=2614.0MB, cuda_alloc=360.6MB, cuda_reserved=39956.0MB, cuda_peak_alloc=7062.6MB, cuda_free=8011.8MB, cuda_total=48519.1MB
[2026-06-11 14:17:40] Epoch 08 train batch [1620/1875] loss=0.2850 avg_loss=0.3918. Resources: rss=2151.5MB, peak_rss=2614.0MB, cuda_alloc=360.6MB, cuda_reserved=39956.0MB, cuda_peak_alloc=7062.6MB, cuda_free=8011.8MB, cuda_total=48519.1MB
[2026-06-11 14:17:44] Epoch 08 train batch [1640/1875] loss=0.4463 avg_loss=0.3913. Resources: rss=2151.2MB, peak_rss=2614.0MB, cuda_alloc=360.6MB, cuda_reserved=39956.0MB, cuda_peak_alloc=7062.6MB, cuda_free=8011.8MB, cuda_total=48519.1MB
[2026-06-11 14:17:49] Epoch 08 train batch [1660/1875] loss=0.3257 avg_loss=0.3919. Resources: rss=2152.0MB, peak_rss=2614.0MB, cuda_alloc=360.6MB, cuda_reserved=41956.0MB, cuda_peak_alloc=7062.6MB, cuda_free=6011.8MB, cuda_total=48519.1MB
[2026-06-11 14:17:53] Epoch 08 train batch [1680/1875] loss=0.2307 avg_loss=0.3924. Resources: rss=2153.7MB, peak_rss=2614.0MB, cuda_alloc=360.6MB, cuda_reserved=47396.0MB, cuda_peak_alloc=7062.6MB, cuda_free=571.8MB, cuda_total=48519.1MB
[2026-06-11 14:17:57] Epoch 08 train batch [1700/1875] loss=0.3323 avg_loss=0.3924. Resources: rss=2153.3MB, peak_rss=2614.0MB, cuda_alloc=360.6MB, cuda_reserved=47396.0MB, cuda_peak_alloc=7062.6MB, cuda_free=571.8MB, cuda_total=48519.1MB
[2026-06-11 14:18:02] Epoch 08 train batch [1720/1875] loss=0.2904 avg_loss=0.3918. Resources: rss=2152.5MB, peak_rss=2614.0MB, cuda_alloc=360.6MB, cuda_reserved=47396.0MB, cuda_peak_alloc=7062.6MB, cuda_free=571.8MB, cuda_total=48519.1MB
[2026-06-11 14:18:07] Epoch 08 train batch [1740/1875] loss=0.4863 avg_loss=0.3923. Resources: rss=2152.5MB, peak_rss=2614.0MB, cuda_alloc=360.6MB, cuda_reserved=37096.0MB, cuda_peak_alloc=7062.6MB, cuda_free=10871.8MB, cuda_total=48519.1MB
[2026-06-11 14:18:13] Epoch 08 train batch [1760/1875] loss=0.3031 avg_loss=0.3923. Resources: rss=2151.5MB, peak_rss=2614.0MB, cuda_alloc=360.6MB, cuda_reserved=34656.0MB, cuda_peak_alloc=7062.6MB, cuda_free=13311.8MB, cuda_total=48519.1MB
[2026-06-11 14:18:17] Epoch 08 train batch [1780/1875] loss=0.3194 avg_loss=0.3919. Resources: rss=2151.1MB, peak_rss=2614.0MB, cuda_alloc=360.6MB, cuda_reserved=34656.0MB, cuda_peak_alloc=7062.6MB, cuda_free=13311.8MB, cuda_total=48519.1MB
[2026-06-11 14:18:21] Epoch 08 train batch [1800/1875] loss=0.4822 avg_loss=0.3918. Resources: rss=2152.8MB, peak_rss=2614.0MB, cuda_alloc=360.6MB, cuda_reserved=46916.0MB, cuda_peak_alloc=7062.6MB, cuda_free=1051.8MB, cuda_total=48519.1MB
[2026-06-11 14:18:26] Epoch 08 train batch [1820/1875] loss=0.3832 avg_loss=0.3917. Resources: rss=2152.1MB, peak_rss=2614.0MB, cuda_alloc=360.6MB, cuda_reserved=46916.0MB, cuda_peak_alloc=7062.6MB, cuda_free=1051.8MB, cuda_total=48519.1MB
[2026-06-11 14:18:31] Epoch 08 train batch [1840/1875] loss=0.3773 avg_loss=0.3917. Resources: rss=2152.3MB, peak_rss=2614.0MB, cuda_alloc=360.6MB, cuda_reserved=47816.0MB, cuda_peak_alloc=7062.6MB, cuda_free=151.8MB, cuda_total=48519.1MB
[2026-06-11 14:18:36] Epoch 08 train batch [1860/1875] loss=0.5590 avg_loss=0.3920. Resources: rss=2152.3MB, peak_rss=2614.0MB, cuda_alloc=360.6MB, cuda_reserved=31756.0MB, cuda_peak_alloc=7062.6MB, cuda_free=16211.8MB, cuda_total=48519.1MB
[2026-06-11 14:18:39] Epoch 08 train batch [1875/1875] loss=0.4435 avg_loss=0.3921. Resources: rss=2151.3MB, peak_rss=2614.0MB, cuda_alloc=360.6MB, cuda_reserved=39596.0MB, cuda_peak_alloc=7062.6MB, cuda_free=8371.8MB, cuda_total=48519.1MB
[2026-06-11 14:18:39] Epoch 08 training completed. Resources: rss=2143.7MB, peak_rss=2614.0MB, cuda_alloc=360.6MB, cuda_reserved=39596.0MB, cuda_peak_alloc=7062.6MB, cuda_free=8371.8MB, cuda_total=48519.1MB
[2026-06-11 14:18:40] Epoch 08 cache released before validation loss. Resources: rss=2142.4MB, peak_rss=2614.0MB, cuda_alloc=360.6MB, cuda_reserved=560.0MB, cuda_peak_alloc=360.6MB, cuda_free=47407.8MB, cuda_total=48519.1MB
[2026-06-11 14:19:13] Epoch 08 validation loss completed: 0.5058. Resources: rss=2142.7MB, peak_rss=2614.0MB, cuda_alloc=360.6MB, cuda_reserved=5806.0MB, cuda_peak_alloc=2034.0MB, cuda_free=42161.8MB, cuda_total=48519.1MB
[2026-06-11 14:19:13] Epoch 08 cache released before detection metrics. Resources: rss=2142.7MB, peak_rss=2614.0MB, cuda_alloc=360.6MB, cuda_reserved=560.0MB, cuda_peak_alloc=360.6MB, cuda_free=47407.8MB, cuda_total=48519.1MB
[2026-06-11 14:19:50] Epoch 08 prediction tensors moved to CPU. Computing metrics. Resources: rss=2141.6MB, peak_rss=2614.0MB, cuda_alloc=360.6MB, cuda_reserved=560.0MB, cuda_peak_alloc=360.6MB, cuda_free=47407.8MB, cuda_total=48519.1MB
[2026-06-11 14:19:50] Epoch 08 metrics computed (mAP@0.5 only). Saving artifacts. Resources: rss=2143.6MB, peak_rss=2614.0MB, cuda_alloc=360.6MB, cuda_reserved=560.0MB, cuda_peak_alloc=360.6MB, cuda_free=47407.8MB, cuda_total=48519.1MB
[2026-06-11 14:19:51] Epoch 08 did not improve mAP@0.5 enough. Early stopping counter: 1/10.
Epoch [08/50]
├── Train Loss : 0.3921
│   ├── loss_classifier  : 0.2240
│   ├── loss_box_reg     : 0.1681
│   ├── loss_objectness  : 0.0000
│   └── loss_rpn_box_reg : 0.0000
├── Val Loss   : 0.5058
├── mAP@0.5    : 0.6936
├── mAP@0.75   : n/a
├── mAP@0.5:0.95 : n/a
├── Precision  : 0.0428
├── Recall     : 0.9579
├── GT Boxes   : 2021
├── Predictions: 45184
├── Per-class AP
│   ├── person  : AP50=0.8007, AP75=n/a, AP50:95=n/a, P=0.0643, R=0.9618
│   ├── car     : AP50=0.7378, AP75=n/a, AP50:95=n/a, P=0.0318, R=0.9753
│   ├── dog     : AP50=0.7495, AP75=n/a, AP50:95=n/a, P=0.0446, R=0.9709
│   ├── cat     : AP50=0.7890, AP75=n/a, AP50:95=n/a, P=0.0396, R=0.9830
│   └── chair   : AP50=0.3912, AP75=n/a, AP50:95=n/a, P=0.0219, R=0.9007
├── LR         : 0.000974
└── Time       : 506.0s
[2026-06-11 14:19:51] Epoch [08/50] completed. Resources: rss=2141.2MB, peak_rss=2614.0MB, cuda_alloc=360.6MB, cuda_reserved=560.0MB, cuda_peak_alloc=360.6MB, cuda_free=47407.8MB, cuda_total=48519.1MB
[2026-06-11 14:19:51] Epoch [09/50] started. Resources: rss=2141.2MB, peak_rss=2614.0MB, cuda_alloc=360.6MB, cuda_reserved=560.0MB, cuda_peak_alloc=360.6MB, cuda_free=47407.8MB, cuda_total=48519.1MB
[2026-06-11 14:19:56] Epoch 09 train batch [20/1875] loss=0.3122 avg_loss=0.3919. Resources: rss=2151.6MB, peak_rss=2614.0MB, cuda_alloc=360.6MB, cuda_reserved=6016.0MB, cuda_peak_alloc=7061.9MB, cuda_free=41951.8MB, cuda_total=48519.1MB
[2026-06-11 14:20:01] Epoch 09 train batch [40/1875] loss=0.5607 avg_loss=0.3610. Resources: rss=2151.3MB, peak_rss=2614.0MB, cuda_alloc=360.6MB, cuda_reserved=40356.0MB, cuda_peak_alloc=7061.9MB, cuda_free=7611.8MB, cuda_total=48519.1MB
[2026-06-11 14:20:07] Epoch 09 train batch [60/1875] loss=0.3202 avg_loss=0.3519. Resources: rss=2151.6MB, peak_rss=2614.0MB, cuda_alloc=360.6MB, cuda_reserved=24616.0MB, cuda_peak_alloc=7061.9MB, cuda_free=23351.8MB, cuda_total=48519.1MB
[2026-06-11 14:20:11] Epoch 09 train batch [80/1875] loss=0.2224 avg_loss=0.3451. Resources: rss=2151.3MB, peak_rss=2614.0MB, cuda_alloc=360.6MB, cuda_reserved=43396.0MB, cuda_peak_alloc=7061.9MB, cuda_free=4571.8MB, cuda_total=48519.1MB
[2026-06-11 14:20:16] Epoch 09 train batch [100/1875] loss=0.3788 avg_loss=0.3373. Resources: rss=2150.7MB, peak_rss=2614.0MB, cuda_alloc=360.6MB, cuda_reserved=33136.0MB, cuda_peak_alloc=7061.9MB, cuda_free=14831.8MB, cuda_total=48519.1MB
[2026-06-11 14:20:21] Epoch 09 train batch [120/1875] loss=0.7784 avg_loss=0.3433. Resources: rss=2151.1MB, peak_rss=2614.0MB, cuda_alloc=360.6MB, cuda_reserved=44316.0MB, cuda_peak_alloc=7061.9MB, cuda_free=3651.8MB, cuda_total=48519.1MB
[2026-06-11 14:20:25] Epoch 09 train batch [140/1875] loss=0.3727 avg_loss=0.3453. Resources: rss=2151.1MB, peak_rss=2614.0MB, cuda_alloc=360.6MB, cuda_reserved=45636.0MB, cuda_peak_alloc=7061.9MB, cuda_free=2331.8MB, cuda_total=48519.1MB
[2026-06-11 14:20:31] Epoch 09 train batch [160/1875] loss=0.2899 avg_loss=0.3368. Resources: rss=2150.4MB, peak_rss=2614.0MB, cuda_alloc=360.6MB, cuda_reserved=40576.0MB, cuda_peak_alloc=7061.9MB, cuda_free=7391.8MB, cuda_total=48519.1MB
[2026-06-11 14:20:35] Epoch 09 train batch [180/1875] loss=0.3878 avg_loss=0.3469. Resources: rss=2150.7MB, peak_rss=2614.0MB, cuda_alloc=360.6MB, cuda_reserved=44156.0MB, cuda_peak_alloc=7061.9MB, cuda_free=3811.8MB, cuda_total=48519.1MB
[2026-06-11 14:20:39] Epoch 09 train batch [200/1875] loss=0.3138 avg_loss=0.3481. Resources: rss=2150.4MB, peak_rss=2614.0MB, cuda_alloc=360.6MB, cuda_reserved=44156.0MB, cuda_peak_alloc=7061.9MB, cuda_free=3811.8MB, cuda_total=48519.1MB
[2026-06-11 14:20:44] Epoch 09 train batch [220/1875] loss=0.2231 avg_loss=0.3473. Resources: rss=2150.9MB, peak_rss=2614.0MB, cuda_alloc=360.6MB, cuda_reserved=44156.0MB, cuda_peak_alloc=7061.9MB, cuda_free=3811.8MB, cuda_total=48519.1MB
[2026-06-11 14:20:48] Epoch 09 train batch [240/1875] loss=0.1984 avg_loss=0.3490. Resources: rss=2150.7MB, peak_rss=2614.0MB, cuda_alloc=360.6MB, cuda_reserved=45056.0MB, cuda_peak_alloc=7061.9MB, cuda_free=2911.8MB, cuda_total=48519.1MB
[2026-06-11 14:20:53] Epoch 09 train batch [260/1875] loss=0.4199 avg_loss=0.3496. Resources: rss=2150.6MB, peak_rss=2614.0MB, cuda_alloc=360.6MB, cuda_reserved=22116.0MB, cuda_peak_alloc=7061.9MB, cuda_free=25851.8MB, cuda_total=48519.1MB
[2026-06-11 14:20:58] Epoch 09 train batch [280/1875] loss=0.3461 avg_loss=0.3513. Resources: rss=2149.2MB, peak_rss=2614.0MB, cuda_alloc=360.6MB, cuda_reserved=28796.0MB, cuda_peak_alloc=7061.9MB, cuda_free=19171.8MB, cuda_total=48519.1MB
[2026-06-11 14:21:04] Epoch 09 train batch [300/1875] loss=0.2110 avg_loss=0.3488. Resources: rss=2149.4MB, peak_rss=2614.0MB, cuda_alloc=360.6MB, cuda_reserved=33316.0MB, cuda_peak_alloc=7061.9MB, cuda_free=14651.8MB, cuda_total=48519.1MB
[2026-06-11 14:21:08] Epoch 09 train batch [320/1875] loss=0.4410 avg_loss=0.3507. Resources: rss=2150.4MB, peak_rss=2614.0MB, cuda_alloc=360.6MB, cuda_reserved=33316.0MB, cuda_peak_alloc=7061.9MB, cuda_free=14651.8MB, cuda_total=48519.1MB
[2026-06-11 14:21:12] Epoch 09 train batch [340/1875] loss=0.1909 avg_loss=0.3512. Resources: rss=2150.2MB, peak_rss=2614.0MB, cuda_alloc=360.6MB, cuda_reserved=35156.0MB, cuda_peak_alloc=7061.9MB, cuda_free=12811.8MB, cuda_total=48519.1MB
[2026-06-11 14:21:16] Epoch 09 train batch [360/1875] loss=0.3891 avg_loss=0.3494. Resources: rss=2149.9MB, peak_rss=2614.0MB, cuda_alloc=360.6MB, cuda_reserved=38456.0MB, cuda_peak_alloc=7061.9MB, cuda_free=9511.8MB, cuda_total=48519.1MB
[2026-06-11 14:21:21] Epoch 09 train batch [380/1875] loss=0.4954 avg_loss=0.3480. Resources: rss=2150.3MB, peak_rss=2614.0MB, cuda_alloc=360.6MB, cuda_reserved=38456.0MB, cuda_peak_alloc=7061.9MB, cuda_free=9511.8MB, cuda_total=48519.1MB
[2026-06-11 14:21:25] Epoch 09 train batch [400/1875] loss=0.3923 avg_loss=0.3477. Resources: rss=2149.5MB, peak_rss=2614.0MB, cuda_alloc=360.6MB, cuda_reserved=38456.0MB, cuda_peak_alloc=7061.9MB, cuda_free=9511.8MB, cuda_total=48519.1MB
[2026-06-11 14:21:30] Epoch 09 train batch [420/1875] loss=0.2260 avg_loss=0.3472. Resources: rss=2149.5MB, peak_rss=2614.0MB, cuda_alloc=360.6MB, cuda_reserved=38456.0MB, cuda_peak_alloc=7062.1MB, cuda_free=9511.8MB, cuda_total=48519.1MB
[2026-06-11 14:21:34] Epoch 09 train batch [440/1875] loss=0.3409 avg_loss=0.3481. Resources: rss=2149.6MB, peak_rss=2614.0MB, cuda_alloc=360.6MB, cuda_reserved=38456.0MB, cuda_peak_alloc=7062.6MB, cuda_free=9511.8MB, cuda_total=48519.1MB
[2026-06-11 14:21:38] Epoch 09 train batch [460/1875] loss=0.6070 avg_loss=0.3479. Resources: rss=2150.7MB, peak_rss=2614.0MB, cuda_alloc=360.6MB, cuda_reserved=38456.0MB, cuda_peak_alloc=7062.6MB, cuda_free=9511.8MB, cuda_total=48519.1MB
[2026-06-11 14:21:43] Epoch 09 train batch [480/1875] loss=0.3465 avg_loss=0.3493. Resources: rss=2152.0MB, peak_rss=2614.0MB, cuda_alloc=360.6MB, cuda_reserved=38456.0MB, cuda_peak_alloc=7062.6MB, cuda_free=9511.8MB, cuda_total=48519.1MB
[2026-06-11 14:21:47] Epoch 09 train batch [500/1875] loss=0.3508 avg_loss=0.3488. Resources: rss=2150.2MB, peak_rss=2614.0MB, cuda_alloc=360.6MB, cuda_reserved=39436.0MB, cuda_peak_alloc=7062.6MB, cuda_free=8531.8MB, cuda_total=48519.1MB
[2026-06-11 14:21:51] Epoch 09 train batch [520/1875] loss=0.7618 avg_loss=0.3494. Resources: rss=2150.5MB, peak_rss=2614.0MB, cuda_alloc=360.6MB, cuda_reserved=45496.0MB, cuda_peak_alloc=7062.6MB, cuda_free=2471.8MB, cuda_total=48519.1MB
[2026-06-11 14:21:56] Epoch 09 train batch [540/1875] loss=0.1621 avg_loss=0.3493. Resources: rss=2150.9MB, peak_rss=2614.0MB, cuda_alloc=360.6MB, cuda_reserved=23416.0MB, cuda_peak_alloc=7062.6MB, cuda_free=24551.8MB, cuda_total=48519.1MB
[2026-06-11 14:22:01] Epoch 09 train batch [560/1875] loss=0.3019 avg_loss=0.3497. Resources: rss=2151.0MB, peak_rss=2614.0MB, cuda_alloc=360.6MB, cuda_reserved=27916.0MB, cuda_peak_alloc=7062.6MB, cuda_free=20051.8MB, cuda_total=48519.1MB
[2026-06-11 14:22:05] Epoch 09 train batch [580/1875] loss=0.3113 avg_loss=0.3523. Resources: rss=2150.8MB, peak_rss=2614.0MB, cuda_alloc=360.6MB, cuda_reserved=31096.0MB, cuda_peak_alloc=7062.6MB, cuda_free=16871.8MB, cuda_total=48519.1MB
[2026-06-11 14:22:10] Epoch 09 train batch [600/1875] loss=0.2530 avg_loss=0.3523. Resources: rss=2151.0MB, peak_rss=2614.0MB, cuda_alloc=360.6MB, cuda_reserved=31096.0MB, cuda_peak_alloc=7062.6MB, cuda_free=16871.8MB, cuda_total=48519.1MB
[2026-06-11 14:22:14] Epoch 09 train batch [620/1875] loss=0.0582 avg_loss=0.3517. Resources: rss=2151.4MB, peak_rss=2614.0MB, cuda_alloc=351.4MB, cuda_reserved=31096.0MB, cuda_peak_alloc=7062.6MB, cuda_free=16871.8MB, cuda_total=48519.1MB
[2026-06-11 14:22:19] Epoch 09 train batch [640/1875] loss=0.1849 avg_loss=0.3519. Resources: rss=2150.2MB, peak_rss=2614.0MB, cuda_alloc=360.6MB, cuda_reserved=31096.0MB, cuda_peak_alloc=7062.6MB, cuda_free=16871.8MB, cuda_total=48519.1MB
[2026-06-11 14:22:23] Epoch 09 train batch [660/1875] loss=0.2834 avg_loss=0.3517. Resources: rss=2150.5MB, peak_rss=2614.0MB, cuda_alloc=360.6MB, cuda_reserved=31096.0MB, cuda_peak_alloc=7062.6MB, cuda_free=16871.8MB, cuda_total=48519.1MB
[2026-06-11 14:22:27] Epoch 09 train batch [680/1875] loss=0.2798 avg_loss=0.3554. Resources: rss=2152.1MB, peak_rss=2614.0MB, cuda_alloc=360.6MB, cuda_reserved=40336.0MB, cuda_peak_alloc=7062.6MB, cuda_free=7631.8MB, cuda_total=48519.1MB
[2026-06-11 14:22:32] Epoch 09 train batch [700/1875] loss=0.2579 avg_loss=0.3538. Resources: rss=2151.4MB, peak_rss=2614.0MB, cuda_alloc=360.6MB, cuda_reserved=40336.0MB, cuda_peak_alloc=7062.6MB, cuda_free=7631.8MB, cuda_total=48519.1MB
[2026-06-11 14:22:36] Epoch 09 train batch [720/1875] loss=0.3571 avg_loss=0.3524. Resources: rss=2153.0MB, peak_rss=2614.0MB, cuda_alloc=360.6MB, cuda_reserved=40336.0MB, cuda_peak_alloc=7062.6MB, cuda_free=7631.8MB, cuda_total=48519.1MB
[2026-06-11 14:22:41] Epoch 09 train batch [740/1875] loss=0.3527 avg_loss=0.3515. Resources: rss=2153.5MB, peak_rss=2614.0MB, cuda_alloc=360.6MB, cuda_reserved=40336.0MB, cuda_peak_alloc=7062.6MB, cuda_free=7631.8MB, cuda_total=48519.1MB
[2026-06-11 14:22:45] Epoch 09 train batch [760/1875] loss=0.3101 avg_loss=0.3514. Resources: rss=2153.5MB, peak_rss=2614.0MB, cuda_alloc=360.6MB, cuda_reserved=40336.0MB, cuda_peak_alloc=7062.6MB, cuda_free=7631.8MB, cuda_total=48519.1MB
[2026-06-11 14:22:50] Epoch 09 train batch [780/1875] loss=0.5091 avg_loss=0.3523. Resources: rss=2151.7MB, peak_rss=2614.0MB, cuda_alloc=360.6MB, cuda_reserved=40336.0MB, cuda_peak_alloc=7062.6MB, cuda_free=7631.8MB, cuda_total=48519.1MB
[2026-06-11 14:22:54] Epoch 09 train batch [800/1875] loss=0.3657 avg_loss=0.3528. Resources: rss=2152.7MB, peak_rss=2614.0MB, cuda_alloc=360.6MB, cuda_reserved=40336.0MB, cuda_peak_alloc=7062.6MB, cuda_free=7631.8MB, cuda_total=48519.1MB
[2026-06-11 14:22:58] Epoch 09 train batch [820/1875] loss=0.5362 avg_loss=0.3539. Resources: rss=2153.0MB, peak_rss=2614.0MB, cuda_alloc=360.6MB, cuda_reserved=40336.0MB, cuda_peak_alloc=7062.6MB, cuda_free=7631.8MB, cuda_total=48519.1MB
[2026-06-11 14:23:03] Epoch 09 train batch [840/1875] loss=0.1759 avg_loss=0.3527. Resources: rss=2153.7MB, peak_rss=2614.0MB, cuda_alloc=360.6MB, cuda_reserved=40336.0MB, cuda_peak_alloc=7062.6MB, cuda_free=7631.8MB, cuda_total=48519.1MB
[2026-06-11 14:23:07] Epoch 09 train batch [860/1875] loss=0.5254 avg_loss=0.3518. Resources: rss=2154.3MB, peak_rss=2614.0MB, cuda_alloc=360.6MB, cuda_reserved=40336.0MB, cuda_peak_alloc=7062.6MB, cuda_free=7631.8MB, cuda_total=48519.1MB
[2026-06-11 14:23:12] Epoch 09 train batch [880/1875] loss=0.2770 avg_loss=0.3529. Resources: rss=2154.2MB, peak_rss=2614.0MB, cuda_alloc=360.6MB, cuda_reserved=40336.0MB, cuda_peak_alloc=7062.6MB, cuda_free=7631.8MB, cuda_total=48519.1MB
[2026-06-11 14:23:16] Epoch 09 train batch [900/1875] loss=0.5526 avg_loss=0.3528. Resources: rss=2154.5MB, peak_rss=2614.0MB, cuda_alloc=360.6MB, cuda_reserved=40336.0MB, cuda_peak_alloc=7062.6MB, cuda_free=7631.8MB, cuda_total=48519.1MB
[2026-06-11 14:23:20] Epoch 09 train batch [920/1875] loss=0.2425 avg_loss=0.3526. Resources: rss=2154.2MB, peak_rss=2614.0MB, cuda_alloc=360.6MB, cuda_reserved=40336.0MB, cuda_peak_alloc=7062.6MB, cuda_free=7631.8MB, cuda_total=48519.1MB
[2026-06-11 14:23:25] Epoch 09 train batch [940/1875] loss=0.3100 avg_loss=0.3523. Resources: rss=2154.6MB, peak_rss=2614.0MB, cuda_alloc=360.6MB, cuda_reserved=40336.0MB, cuda_peak_alloc=7062.6MB, cuda_free=7631.8MB, cuda_total=48519.1MB
[2026-06-11 14:23:29] Epoch 09 train batch [960/1875] loss=0.5233 avg_loss=0.3521. Resources: rss=2154.3MB, peak_rss=2614.0MB, cuda_alloc=360.6MB, cuda_reserved=40336.0MB, cuda_peak_alloc=7062.6MB, cuda_free=7631.8MB, cuda_total=48519.1MB
[2026-06-11 14:23:33] Epoch 09 train batch [980/1875] loss=0.4156 avg_loss=0.3512. Resources: rss=2154.9MB, peak_rss=2614.0MB, cuda_alloc=360.6MB, cuda_reserved=40336.0MB, cuda_peak_alloc=7062.6MB, cuda_free=7631.8MB, cuda_total=48519.1MB
[2026-06-11 14:23:37] Epoch 09 train batch [1000/1875] loss=0.2936 avg_loss=0.3509. Resources: rss=2155.0MB, peak_rss=2614.0MB, cuda_alloc=360.6MB, cuda_reserved=40336.0MB, cuda_peak_alloc=7062.6MB, cuda_free=7631.8MB, cuda_total=48519.1MB
[2026-06-11 14:23:42] Epoch 09 train batch [1020/1875] loss=0.4912 avg_loss=0.3507. Resources: rss=2155.0MB, peak_rss=2614.0MB, cuda_alloc=360.6MB, cuda_reserved=40336.0MB, cuda_peak_alloc=7062.6MB, cuda_free=7631.8MB, cuda_total=48519.1MB
[2026-06-11 14:23:46] Epoch 09 train batch [1040/1875] loss=0.3730 avg_loss=0.3506. Resources: rss=2155.6MB, peak_rss=2614.0MB, cuda_alloc=360.6MB, cuda_reserved=40336.0MB, cuda_peak_alloc=7062.6MB, cuda_free=7631.8MB, cuda_total=48519.1MB
[2026-06-11 14:23:51] Epoch 09 train batch [1060/1875] loss=0.4029 avg_loss=0.3513. Resources: rss=2154.8MB, peak_rss=2614.0MB, cuda_alloc=360.6MB, cuda_reserved=40338.0MB, cuda_peak_alloc=7062.6MB, cuda_free=7629.8MB, cuda_total=48519.1MB
[2026-06-11 14:23:55] Epoch 09 train batch [1080/1875] loss=0.2617 avg_loss=0.3515. Resources: rss=2154.2MB, peak_rss=2614.0MB, cuda_alloc=360.6MB, cuda_reserved=40338.0MB, cuda_peak_alloc=7062.6MB, cuda_free=7629.8MB, cuda_total=48519.1MB
[2026-06-11 14:24:00] Epoch 09 train batch [1100/1875] loss=0.2296 avg_loss=0.3518. Resources: rss=2155.2MB, peak_rss=2614.0MB, cuda_alloc=360.6MB, cuda_reserved=40338.0MB, cuda_peak_alloc=7062.6MB, cuda_free=7629.8MB, cuda_total=48519.1MB
[2026-06-11 14:24:04] Epoch 09 train batch [1120/1875] loss=0.2181 avg_loss=0.3512. Resources: rss=2154.9MB, peak_rss=2614.0MB, cuda_alloc=360.6MB, cuda_reserved=40338.0MB, cuda_peak_alloc=7062.6MB, cuda_free=7629.8MB, cuda_total=48519.1MB
[2026-06-11 14:24:08] Epoch 09 train batch [1140/1875] loss=0.6938 avg_loss=0.3511. Resources: rss=2154.7MB, peak_rss=2614.0MB, cuda_alloc=360.6MB, cuda_reserved=40338.0MB, cuda_peak_alloc=7062.6MB, cuda_free=7629.8MB, cuda_total=48519.1MB
[2026-06-11 14:24:12] Epoch 09 train batch [1160/1875] loss=0.7708 avg_loss=0.3506. Resources: rss=2154.0MB, peak_rss=2614.0MB, cuda_alloc=360.6MB, cuda_reserved=40338.0MB, cuda_peak_alloc=7062.6MB, cuda_free=7629.8MB, cuda_total=48519.1MB
[2026-06-11 14:24:17] Epoch 09 train batch [1180/1875] loss=0.3425 avg_loss=0.3512. Resources: rss=2155.5MB, peak_rss=2614.0MB, cuda_alloc=360.6MB, cuda_reserved=45138.0MB, cuda_peak_alloc=7062.6MB, cuda_free=2829.8MB, cuda_total=48519.1MB
[2026-06-11 14:24:21] Epoch 09 train batch [1200/1875] loss=0.3831 avg_loss=0.3513. Resources: rss=2155.8MB, peak_rss=2614.0MB, cuda_alloc=360.6MB, cuda_reserved=45138.0MB, cuda_peak_alloc=7062.6MB, cuda_free=2829.8MB, cuda_total=48519.1MB
[2026-06-11 14:24:25] Epoch 09 train batch [1220/1875] loss=0.3123 avg_loss=0.3513. Resources: rss=2155.7MB, peak_rss=2614.0MB, cuda_alloc=360.6MB, cuda_reserved=45138.0MB, cuda_peak_alloc=7062.6MB, cuda_free=2829.8MB, cuda_total=48519.1MB
[2026-06-11 14:24:30] Epoch 09 train batch [1240/1875] loss=0.7858 avg_loss=0.3517. Resources: rss=2155.3MB, peak_rss=2614.0MB, cuda_alloc=360.6MB, cuda_reserved=45138.0MB, cuda_peak_alloc=7062.6MB, cuda_free=2829.8MB, cuda_total=48519.1MB
[2026-06-11 14:24:34] Epoch 09 train batch [1260/1875] loss=0.3613 avg_loss=0.3519. Resources: rss=2154.6MB, peak_rss=2614.0MB, cuda_alloc=360.6MB, cuda_reserved=45138.0MB, cuda_peak_alloc=7062.6MB, cuda_free=2829.8MB, cuda_total=48519.1MB
[2026-06-11 14:24:38] Epoch 09 train batch [1280/1875] loss=0.3117 avg_loss=0.3524. Resources: rss=2155.8MB, peak_rss=2614.0MB, cuda_alloc=360.6MB, cuda_reserved=45138.0MB, cuda_peak_alloc=7062.6MB, cuda_free=2829.8MB, cuda_total=48519.1MB
[2026-06-11 14:24:43] Epoch 09 train batch [1300/1875] loss=0.1908 avg_loss=0.3516. Resources: rss=2156.1MB, peak_rss=2614.0MB, cuda_alloc=360.6MB, cuda_reserved=45138.0MB, cuda_peak_alloc=7062.6MB, cuda_free=2829.8MB, cuda_total=48519.1MB
[2026-06-11 14:24:48] Epoch 09 train batch [1320/1875] loss=0.4058 avg_loss=0.3516. Resources: rss=2155.4MB, peak_rss=2614.0MB, cuda_alloc=360.6MB, cuda_reserved=45138.0MB, cuda_peak_alloc=7062.6MB, cuda_free=2829.8MB, cuda_total=48519.1MB
[2026-06-11 14:24:52] Epoch 09 train batch [1340/1875] loss=0.2002 avg_loss=0.3512. Resources: rss=2155.3MB, peak_rss=2614.0MB, cuda_alloc=360.6MB, cuda_reserved=45138.0MB, cuda_peak_alloc=7062.6MB, cuda_free=2829.8MB, cuda_total=48519.1MB
[2026-06-11 14:24:56] Epoch 09 train batch [1360/1875] loss=0.4647 avg_loss=0.3513. Resources: rss=2157.0MB, peak_rss=2614.0MB, cuda_alloc=360.6MB, cuda_reserved=45138.0MB, cuda_peak_alloc=7062.6MB, cuda_free=2829.8MB, cuda_total=48519.1MB
[2026-06-11 14:25:01] Epoch 09 train batch [1380/1875] loss=0.6001 avg_loss=0.3519. Resources: rss=2155.1MB, peak_rss=2614.0MB, cuda_alloc=360.6MB, cuda_reserved=45138.0MB, cuda_peak_alloc=7062.6MB, cuda_free=2829.8MB, cuda_total=48519.1MB
[2026-06-11 14:25:05] Epoch 09 train batch [1400/1875] loss=0.1975 avg_loss=0.3508. Resources: rss=2154.7MB, peak_rss=2614.0MB, cuda_alloc=360.6MB, cuda_reserved=45138.0MB, cuda_peak_alloc=7062.6MB, cuda_free=2829.8MB, cuda_total=48519.1MB
[2026-06-11 14:25:10] Epoch 09 train batch [1420/1875] loss=0.2484 avg_loss=0.3506. Resources: rss=2154.2MB, peak_rss=2614.0MB, cuda_alloc=360.6MB, cuda_reserved=45138.0MB, cuda_peak_alloc=7062.6MB, cuda_free=2829.8MB, cuda_total=48519.1MB
[2026-06-11 14:25:14] Epoch 09 train batch [1440/1875] loss=0.6083 avg_loss=0.3509. Resources: rss=2154.8MB, peak_rss=2614.0MB, cuda_alloc=360.6MB, cuda_reserved=45138.0MB, cuda_peak_alloc=7062.6MB, cuda_free=2829.8MB, cuda_total=48519.1MB
[2026-06-11 14:25:19] Epoch 09 train batch [1460/1875] loss=0.4880 avg_loss=0.3518. Resources: rss=2154.6MB, peak_rss=2614.0MB, cuda_alloc=360.6MB, cuda_reserved=45138.0MB, cuda_peak_alloc=7062.6MB, cuda_free=2829.8MB, cuda_total=48519.1MB
[2026-06-11 14:25:23] Epoch 09 train batch [1480/1875] loss=0.4870 avg_loss=0.3522. Resources: rss=2154.2MB, peak_rss=2614.0MB, cuda_alloc=360.6MB, cuda_reserved=45138.0MB, cuda_peak_alloc=7062.6MB, cuda_free=2829.8MB, cuda_total=48519.1MB
[2026-06-11 14:25:28] Epoch 09 train batch [1500/1875] loss=0.2800 avg_loss=0.3518. Resources: rss=2154.7MB, peak_rss=2614.0MB, cuda_alloc=360.6MB, cuda_reserved=45138.0MB, cuda_peak_alloc=7062.6MB, cuda_free=2829.8MB, cuda_total=48519.1MB
[2026-06-11 14:25:32] Epoch 09 train batch [1520/1875] loss=0.4870 avg_loss=0.3518. Resources: rss=2155.0MB, peak_rss=2614.0MB, cuda_alloc=360.6MB, cuda_reserved=45138.0MB, cuda_peak_alloc=7062.6MB, cuda_free=2829.8MB, cuda_total=48519.1MB
[2026-06-11 14:25:36] Epoch 09 train batch [1540/1875] loss=0.3090 avg_loss=0.3518. Resources: rss=2156.3MB, peak_rss=2614.0MB, cuda_alloc=360.6MB, cuda_reserved=45138.0MB, cuda_peak_alloc=7062.6MB, cuda_free=2829.8MB, cuda_total=48519.1MB
[2026-06-11 14:25:41] Epoch 09 train batch [1560/1875] loss=0.2465 avg_loss=0.3520. Resources: rss=2154.9MB, peak_rss=2614.0MB, cuda_alloc=360.6MB, cuda_reserved=45138.0MB, cuda_peak_alloc=7062.6MB, cuda_free=2829.8MB, cuda_total=48519.1MB
[2026-06-11 14:25:45] Epoch 09 train batch [1580/1875] loss=0.3697 avg_loss=0.3526. Resources: rss=2153.3MB, peak_rss=2614.0MB, cuda_alloc=360.6MB, cuda_reserved=45138.0MB, cuda_peak_alloc=7062.6MB, cuda_free=2829.8MB, cuda_total=48519.1MB
[2026-06-11 14:25:49] Epoch 09 train batch [1600/1875] loss=0.4274 avg_loss=0.3527. Resources: rss=2155.2MB, peak_rss=2614.0MB, cuda_alloc=360.6MB, cuda_reserved=45138.0MB, cuda_peak_alloc=7062.6MB, cuda_free=2829.8MB, cuda_total=48519.1MB
[2026-06-11 14:25:54] Epoch 09 train batch [1620/1875] loss=0.3575 avg_loss=0.3530. Resources: rss=2154.8MB, peak_rss=2614.0MB, cuda_alloc=360.6MB, cuda_reserved=45138.0MB, cuda_peak_alloc=7062.6MB, cuda_free=2829.8MB, cuda_total=48519.1MB
[2026-06-11 14:25:58] Epoch 09 train batch [1640/1875] loss=0.3777 avg_loss=0.3536. Resources: rss=2154.7MB, peak_rss=2614.0MB, cuda_alloc=360.6MB, cuda_reserved=45138.0MB, cuda_peak_alloc=7062.6MB, cuda_free=2829.8MB, cuda_total=48519.1MB
[2026-06-11 14:26:02] Epoch 09 train batch [1660/1875] loss=0.3962 avg_loss=0.3542. Resources: rss=2155.6MB, peak_rss=2614.0MB, cuda_alloc=360.6MB, cuda_reserved=45138.0MB, cuda_peak_alloc=7062.6MB, cuda_free=2829.8MB, cuda_total=48519.1MB
[2026-06-11 14:26:07] Epoch 09 train batch [1680/1875] loss=0.9448 avg_loss=0.3545. Resources: rss=2155.1MB, peak_rss=2614.0MB, cuda_alloc=360.6MB, cuda_reserved=45138.0MB, cuda_peak_alloc=7062.6MB, cuda_free=2829.8MB, cuda_total=48519.1MB
[2026-06-11 14:26:11] Epoch 09 train batch [1700/1875] loss=0.2697 avg_loss=0.3544. Resources: rss=2154.7MB, peak_rss=2614.0MB, cuda_alloc=360.6MB, cuda_reserved=45138.0MB, cuda_peak_alloc=7062.6MB, cuda_free=2829.8MB, cuda_total=48519.1MB
[2026-06-11 14:26:15] Epoch 09 train batch [1720/1875] loss=0.5688 avg_loss=0.3541. Resources: rss=2155.1MB, peak_rss=2614.0MB, cuda_alloc=360.6MB, cuda_reserved=45138.0MB, cuda_peak_alloc=7062.6MB, cuda_free=2829.8MB, cuda_total=48519.1MB
[2026-06-11 14:26:20] Epoch 09 train batch [1740/1875] loss=0.7150 avg_loss=0.3540. Resources: rss=2154.6MB, peak_rss=2614.0MB, cuda_alloc=360.6MB, cuda_reserved=45138.0MB, cuda_peak_alloc=7062.6MB, cuda_free=2829.8MB, cuda_total=48519.1MB
[2026-06-11 14:26:24] Epoch 09 train batch [1760/1875] loss=0.2323 avg_loss=0.3533. Resources: rss=2154.8MB, peak_rss=2614.0MB, cuda_alloc=360.6MB, cuda_reserved=45138.0MB, cuda_peak_alloc=7062.6MB, cuda_free=2829.8MB, cuda_total=48519.1MB
[2026-06-11 14:26:28] Epoch 09 train batch [1780/1875] loss=0.3125 avg_loss=0.3530. Resources: rss=2153.6MB, peak_rss=2614.0MB, cuda_alloc=360.6MB, cuda_reserved=45138.0MB, cuda_peak_alloc=7062.6MB, cuda_free=2829.8MB, cuda_total=48519.1MB
[2026-06-11 14:26:32] Epoch 09 train batch [1800/1875] loss=0.2262 avg_loss=0.3526. Resources: rss=2156.7MB, peak_rss=2614.0MB, cuda_alloc=360.6MB, cuda_reserved=45138.0MB, cuda_peak_alloc=7062.6MB, cuda_free=2829.8MB, cuda_total=48519.1MB
[2026-06-11 14:26:37] Epoch 09 train batch [1820/1875] loss=0.3853 avg_loss=0.3525. Resources: rss=2156.5MB, peak_rss=2614.0MB, cuda_alloc=360.6MB, cuda_reserved=45138.0MB, cuda_peak_alloc=7062.6MB, cuda_free=2829.8MB, cuda_total=48519.1MB
[2026-06-11 14:26:41] Epoch 09 train batch [1840/1875] loss=0.4528 avg_loss=0.3523. Resources: rss=2157.4MB, peak_rss=2614.0MB, cuda_alloc=360.6MB, cuda_reserved=45138.0MB, cuda_peak_alloc=7062.6MB, cuda_free=2829.8MB, cuda_total=48519.1MB
[2026-06-11 14:26:45] Epoch 09 train batch [1860/1875] loss=0.3349 avg_loss=0.3525. Resources: rss=2157.5MB, peak_rss=2614.0MB, cuda_alloc=360.6MB, cuda_reserved=45138.0MB, cuda_peak_alloc=7062.6MB, cuda_free=2829.8MB, cuda_total=48519.1MB
[2026-06-11 14:26:48] Epoch 09 train batch [1875/1875] loss=0.2038 avg_loss=0.3518. Resources: rss=2157.2MB, peak_rss=2614.0MB, cuda_alloc=360.6MB, cuda_reserved=45138.0MB, cuda_peak_alloc=7062.6MB, cuda_free=2829.8MB, cuda_total=48519.1MB
[2026-06-11 14:26:48] Epoch 09 training completed. Resources: rss=2149.1MB, peak_rss=2614.0MB, cuda_alloc=360.6MB, cuda_reserved=45138.0MB, cuda_peak_alloc=7062.6MB, cuda_free=2829.8MB, cuda_total=48519.1MB
[2026-06-11 14:26:49] Epoch 09 cache released before validation loss. Resources: rss=2148.5MB, peak_rss=2614.0MB, cuda_alloc=360.6MB, cuda_reserved=520.0MB, cuda_peak_alloc=360.6MB, cuda_free=47447.8MB, cuda_total=48519.1MB
[2026-06-11 14:27:22] Epoch 09 validation loss completed: 0.5046. Resources: rss=2147.7MB, peak_rss=2614.0MB, cuda_alloc=360.6MB, cuda_reserved=5806.0MB, cuda_peak_alloc=2034.0MB, cuda_free=42161.8MB, cuda_total=48519.1MB
[2026-06-11 14:27:22] Epoch 09 cache released before detection metrics. Resources: rss=2147.7MB, peak_rss=2614.0MB, cuda_alloc=360.6MB, cuda_reserved=520.0MB, cuda_peak_alloc=360.6MB, cuda_free=47447.8MB, cuda_total=48519.1MB
[2026-06-11 14:27:58] Epoch 09 prediction tensors moved to CPU. Computing metrics. Resources: rss=2146.8MB, peak_rss=2614.0MB, cuda_alloc=360.6MB, cuda_reserved=520.0MB, cuda_peak_alloc=360.6MB, cuda_free=47447.8MB, cuda_total=48519.1MB
[2026-06-11 14:27:58] Epoch 09 metrics computed (mAP@0.5 only). Saving artifacts. Resources: rss=2149.0MB, peak_rss=2614.0MB, cuda_alloc=360.6MB, cuda_reserved=520.0MB, cuda_peak_alloc=360.6MB, cuda_free=47447.8MB, cuda_total=48519.1MB
[2026-06-11 14:27:59] Epoch 09 improved mAP@0.5 to 0.7245. Saved best checkpoint: best_model-20260611-131215.pth. Resources: rss=2627.5MB, peak_rss=2627.5MB, cuda_alloc=360.6MB, cuda_reserved=520.0MB, cuda_peak_alloc=360.6MB, cuda_free=47447.8MB, cuda_total=48519.1MB
Epoch [09/50]
├── Train Loss : 0.3518
│   ├── loss_classifier  : 0.1986
│   ├── loss_box_reg     : 0.1531
│   ├── loss_objectness  : 0.0000
│   └── loss_rpn_box_reg : 0.0000
├── Val Loss   : 0.5046
├── mAP@0.5    : 0.7245
├── mAP@0.75   : n/a
├── mAP@0.5:0.95 : n/a
├── Precision  : 0.0464
├── Recall     : 0.9471
├── GT Boxes   : 2021
├── Predictions: 41209
├── Per-class AP
│   ├── person  : AP50=0.7817, AP75=n/a, AP50:95=n/a, P=0.0578, R=0.9581
│   ├── car     : AP50=0.7001, AP75=n/a, AP50:95=n/a, P=0.0536, R=0.9505
│   ├── dog     : AP50=0.8190, AP75=n/a, AP50:95=n/a, P=0.0388, R=0.9660
│   ├── cat     : AP50=0.8517, AP75=n/a, AP50:95=n/a, P=0.0486, R=0.9830
│   └── chair   : AP50=0.4697, AP75=n/a, AP50:95=n/a, P=0.0252, R=0.8652
├── LR         : 0.000962
└── Time       : 487.1s
[2026-06-11 14:28:00] Epoch [09/50] completed. Resources: rss=2146.2MB, peak_rss=2627.5MB, cuda_alloc=360.6MB, cuda_reserved=520.0MB, cuda_peak_alloc=360.6MB, cuda_free=47447.8MB, cuda_total=48519.1MB
[2026-06-11 14:28:00] Epoch [10/50] started. Resources: rss=2146.2MB, peak_rss=2627.5MB, cuda_alloc=360.6MB, cuda_reserved=520.0MB, cuda_peak_alloc=360.6MB, cuda_free=47447.8MB, cuda_total=48519.1MB
[2026-06-11 14:28:05] Epoch 10 train batch [20/1875] loss=0.2742 avg_loss=0.3082. Resources: rss=2154.3MB, peak_rss=2627.5MB, cuda_alloc=360.6MB, cuda_reserved=32076.0MB, cuda_peak_alloc=7062.0MB, cuda_free=15891.8MB, cuda_total=48519.1MB
[2026-06-11 14:28:09] Epoch 10 train batch [40/1875] loss=0.4654 avg_loss=0.3174. Resources: rss=2155.9MB, peak_rss=2627.5MB, cuda_alloc=360.6MB, cuda_reserved=42456.0MB, cuda_peak_alloc=7062.0MB, cuda_free=5511.8MB, cuda_total=48519.1MB
[2026-06-11 14:28:14] Epoch 10 train batch [60/1875] loss=0.3975 avg_loss=0.3042. Resources: rss=2155.9MB, peak_rss=2627.5MB, cuda_alloc=360.6MB, cuda_reserved=42456.0MB, cuda_peak_alloc=7062.2MB, cuda_free=5511.8MB, cuda_total=48519.1MB
[2026-06-11 14:28:18] Epoch 10 train batch [80/1875] loss=0.2393 avg_loss=0.2935. Resources: rss=2155.3MB, peak_rss=2627.5MB, cuda_alloc=360.6MB, cuda_reserved=42456.0MB, cuda_peak_alloc=7062.2MB, cuda_free=5511.8MB, cuda_total=48519.1MB
[2026-06-11 14:28:22] Epoch 10 train batch [100/1875] loss=0.1950 avg_loss=0.2975. Resources: rss=2155.1MB, peak_rss=2627.5MB, cuda_alloc=360.6MB, cuda_reserved=42456.0MB, cuda_peak_alloc=7062.2MB, cuda_free=5511.8MB, cuda_total=48519.1MB
[2026-06-11 14:28:26] Epoch 10 train batch [120/1875] loss=0.3645 avg_loss=0.2943. Resources: rss=2154.6MB, peak_rss=2627.5MB, cuda_alloc=360.6MB, cuda_reserved=42456.0MB, cuda_peak_alloc=7062.2MB, cuda_free=5511.8MB, cuda_total=48519.1MB
[2026-06-11 14:28:31] Epoch 10 train batch [140/1875] loss=0.2312 avg_loss=0.3051. Resources: rss=2153.9MB, peak_rss=2627.5MB, cuda_alloc=360.6MB, cuda_reserved=42456.0MB, cuda_peak_alloc=7062.2MB, cuda_free=5511.8MB, cuda_total=48519.1MB
[2026-06-11 14:28:35] Epoch 10 train batch [160/1875] loss=0.2563 avg_loss=0.3018. Resources: rss=2154.4MB, peak_rss=2627.5MB, cuda_alloc=360.6MB, cuda_reserved=42456.0MB, cuda_peak_alloc=7062.2MB, cuda_free=5511.8MB, cuda_total=48519.1MB
[2026-06-11 14:28:39] Epoch 10 train batch [180/1875] loss=0.4424 avg_loss=0.3078. Resources: rss=2154.9MB, peak_rss=2627.5MB, cuda_alloc=360.6MB, cuda_reserved=42456.0MB, cuda_peak_alloc=7062.2MB, cuda_free=5511.8MB, cuda_total=48519.1MB
[2026-06-11 14:28:44] Epoch 10 train batch [200/1875] loss=0.4408 avg_loss=0.3098. Resources: rss=2157.0MB, peak_rss=2627.5MB, cuda_alloc=360.6MB, cuda_reserved=42456.0MB, cuda_peak_alloc=7062.2MB, cuda_free=5511.8MB, cuda_total=48519.1MB
[2026-06-11 14:28:48] Epoch 10 train batch [220/1875] loss=0.2607 avg_loss=0.3076. Resources: rss=2156.5MB, peak_rss=2627.5MB, cuda_alloc=360.6MB, cuda_reserved=42456.0MB, cuda_peak_alloc=7062.2MB, cuda_free=5511.8MB, cuda_total=48519.1MB
[2026-06-11 14:28:53] Epoch 10 train batch [240/1875] loss=0.2753 avg_loss=0.3048. Resources: rss=2157.3MB, peak_rss=2627.5MB, cuda_alloc=360.6MB, cuda_reserved=42456.0MB, cuda_peak_alloc=7062.2MB, cuda_free=5511.8MB, cuda_total=48519.1MB
[2026-06-11 14:28:57] Epoch 10 train batch [260/1875] loss=0.5190 avg_loss=0.3037. Resources: rss=2156.2MB, peak_rss=2627.5MB, cuda_alloc=360.6MB, cuda_reserved=42456.0MB, cuda_peak_alloc=7062.2MB, cuda_free=5511.8MB, cuda_total=48519.1MB
[2026-06-11 14:29:02] Epoch 10 train batch [280/1875] loss=0.2891 avg_loss=0.3094. Resources: rss=2155.4MB, peak_rss=2627.5MB, cuda_alloc=360.6MB, cuda_reserved=42456.0MB, cuda_peak_alloc=7062.2MB, cuda_free=5511.8MB, cuda_total=48519.1MB
[2026-06-11 14:29:06] Epoch 10 train batch [300/1875] loss=0.3184 avg_loss=0.3118. Resources: rss=2156.1MB, peak_rss=2627.5MB, cuda_alloc=360.6MB, cuda_reserved=42456.0MB, cuda_peak_alloc=7062.2MB, cuda_free=5511.8MB, cuda_total=48519.1MB
[2026-06-11 14:29:11] Epoch 10 train batch [320/1875] loss=0.5730 avg_loss=0.3111. Resources: rss=2156.6MB, peak_rss=2627.5MB, cuda_alloc=360.6MB, cuda_reserved=10896.0MB, cuda_peak_alloc=7062.2MB, cuda_free=37071.8MB, cuda_total=48519.1MB
[2026-06-11 14:29:16] Epoch 10 train batch [340/1875] loss=0.2845 avg_loss=0.3095. Resources: rss=2155.0MB, peak_rss=2627.5MB, cuda_alloc=360.6MB, cuda_reserved=41556.0MB, cuda_peak_alloc=7062.4MB, cuda_free=6411.8MB, cuda_total=48519.1MB
[2026-06-11 14:29:20] Epoch 10 train batch [360/1875] loss=0.3049 avg_loss=0.3064. Resources: rss=2155.2MB, peak_rss=2627.5MB, cuda_alloc=360.6MB, cuda_reserved=41556.0MB, cuda_peak_alloc=7062.4MB, cuda_free=6411.8MB, cuda_total=48519.1MB
[2026-06-11 14:29:25] Epoch 10 train batch [380/1875] loss=0.2002 avg_loss=0.3062. Resources: rss=2156.0MB, peak_rss=2627.5MB, cuda_alloc=360.6MB, cuda_reserved=45856.0MB, cuda_peak_alloc=7062.4MB, cuda_free=2111.8MB, cuda_total=48519.1MB
[2026-06-11 14:29:30] Epoch 10 train batch [400/1875] loss=0.4805 avg_loss=0.3097. Resources: rss=2155.6MB, peak_rss=2627.5MB, cuda_alloc=360.6MB, cuda_reserved=45856.0MB, cuda_peak_alloc=7062.4MB, cuda_free=2111.8MB, cuda_total=48519.1MB
[2026-06-11 14:29:34] Epoch 10 train batch [420/1875] loss=0.2017 avg_loss=0.3099. Resources: rss=2155.6MB, peak_rss=2627.5MB, cuda_alloc=360.6MB, cuda_reserved=45856.0MB, cuda_peak_alloc=7062.4MB, cuda_free=2111.8MB, cuda_total=48519.1MB
[2026-06-11 14:29:39] Epoch 10 train batch [440/1875] loss=0.2148 avg_loss=0.3113. Resources: rss=2156.1MB, peak_rss=2627.5MB, cuda_alloc=360.6MB, cuda_reserved=45856.0MB, cuda_peak_alloc=7062.5MB, cuda_free=2111.8MB, cuda_total=48519.1MB
[2026-06-11 14:29:43] Epoch 10 train batch [460/1875] loss=0.1892 avg_loss=0.3130. Resources: rss=2156.9MB, peak_rss=2627.5MB, cuda_alloc=360.6MB, cuda_reserved=45856.0MB, cuda_peak_alloc=7062.5MB, cuda_free=2111.8MB, cuda_total=48519.1MB
[2026-06-11 14:29:48] Epoch 10 train batch [480/1875] loss=0.3477 avg_loss=0.3132. Resources: rss=2158.1MB, peak_rss=2627.5MB, cuda_alloc=360.6MB, cuda_reserved=47616.0MB, cuda_peak_alloc=7062.5MB, cuda_free=351.8MB, cuda_total=48519.1MB
[2026-06-11 14:29:54] Epoch 10 train batch [500/1875] loss=0.2301 avg_loss=0.3138. Resources: rss=2158.4MB, peak_rss=2627.5MB, cuda_alloc=360.6MB, cuda_reserved=35536.0MB, cuda_peak_alloc=7062.5MB, cuda_free=12431.8MB, cuda_total=48519.1MB
[2026-06-11 14:29:59] Epoch 10 train batch [520/1875] loss=0.2424 avg_loss=0.3143. Resources: rss=2158.2MB, peak_rss=2627.5MB, cuda_alloc=360.6MB, cuda_reserved=45096.0MB, cuda_peak_alloc=7062.5MB, cuda_free=2871.8MB, cuda_total=48519.1MB
[2026-06-11 14:30:04] Epoch 10 train batch [540/1875] loss=0.2182 avg_loss=0.3162. Resources: rss=2158.1MB, peak_rss=2627.5MB, cuda_alloc=360.6MB, cuda_reserved=25736.0MB, cuda_peak_alloc=7062.5MB, cuda_free=22231.8MB, cuda_total=48519.1MB
[2026-06-11 14:30:09] Epoch 10 train batch [560/1875] loss=0.5925 avg_loss=0.3178. Resources: rss=2157.8MB, peak_rss=2627.5MB, cuda_alloc=360.6MB, cuda_reserved=34316.0MB, cuda_peak_alloc=7062.5MB, cuda_free=13651.8MB, cuda_total=48519.1MB
[2026-06-11 14:30:13] Epoch 10 train batch [580/1875] loss=0.3174 avg_loss=0.3166. Resources: rss=2158.4MB, peak_rss=2627.5MB, cuda_alloc=360.6MB, cuda_reserved=39436.0MB, cuda_peak_alloc=7062.5MB, cuda_free=8531.8MB, cuda_total=48519.1MB
[2026-06-11 14:30:18] Epoch 10 train batch [600/1875] loss=0.3833 avg_loss=0.3180. Resources: rss=2158.0MB, peak_rss=2627.5MB, cuda_alloc=360.6MB, cuda_reserved=46376.0MB, cuda_peak_alloc=7062.5MB, cuda_free=1591.8MB, cuda_total=48519.1MB
[2026-06-11 14:30:22] Epoch 10 train batch [620/1875] loss=0.3588 avg_loss=0.3180. Resources: rss=2158.0MB, peak_rss=2627.5MB, cuda_alloc=360.6MB, cuda_reserved=46376.0MB, cuda_peak_alloc=7062.5MB, cuda_free=1591.8MB, cuda_total=48519.1MB
[2026-06-11 14:30:26] Epoch 10 train batch [640/1875] loss=0.2406 avg_loss=0.3182. Resources: rss=2158.1MB, peak_rss=2627.5MB, cuda_alloc=360.6MB, cuda_reserved=46376.0MB, cuda_peak_alloc=7062.5MB, cuda_free=1591.8MB, cuda_total=48519.1MB
[2026-06-11 14:30:30] Epoch 10 train batch [660/1875] loss=0.2259 avg_loss=0.3174. Resources: rss=2158.7MB, peak_rss=2627.5MB, cuda_alloc=360.6MB, cuda_reserved=46376.0MB, cuda_peak_alloc=7062.5MB, cuda_free=1591.8MB, cuda_total=48519.1MB
[2026-06-11 14:30:35] Epoch 10 train batch [680/1875] loss=0.2180 avg_loss=0.3183. Resources: rss=2158.3MB, peak_rss=2627.5MB, cuda_alloc=360.6MB, cuda_reserved=46376.0MB, cuda_peak_alloc=7062.5MB, cuda_free=1591.8MB, cuda_total=48519.1MB
[2026-06-11 14:30:39] Epoch 10 train batch [700/1875] loss=0.2623 avg_loss=0.3172. Resources: rss=2158.9MB, peak_rss=2627.5MB, cuda_alloc=360.6MB, cuda_reserved=46376.0MB, cuda_peak_alloc=7062.5MB, cuda_free=1591.8MB, cuda_total=48519.1MB
[2026-06-11 14:30:44] Epoch 10 train batch [720/1875] loss=0.2482 avg_loss=0.3176. Resources: rss=2158.1MB, peak_rss=2627.5MB, cuda_alloc=360.6MB, cuda_reserved=46376.0MB, cuda_peak_alloc=7062.5MB, cuda_free=1591.8MB, cuda_total=48519.1MB
[2026-06-11 14:30:48] Epoch 10 train batch [740/1875] loss=0.3962 avg_loss=0.3178. Resources: rss=2159.1MB, peak_rss=2627.5MB, cuda_alloc=360.6MB, cuda_reserved=46376.0MB, cuda_peak_alloc=7062.5MB, cuda_free=1591.8MB, cuda_total=48519.1MB
[2026-06-11 14:30:53] Epoch 10 train batch [760/1875] loss=0.2665 avg_loss=0.3177. Resources: rss=2158.5MB, peak_rss=2627.5MB, cuda_alloc=360.6MB, cuda_reserved=46376.0MB, cuda_peak_alloc=7062.5MB, cuda_free=1591.8MB, cuda_total=48519.1MB
[2026-06-11 14:30:57] Epoch 10 train batch [780/1875] loss=0.1263 avg_loss=0.3174. Resources: rss=2159.3MB, peak_rss=2627.5MB, cuda_alloc=360.6MB, cuda_reserved=46376.0MB, cuda_peak_alloc=7062.5MB, cuda_free=1591.8MB, cuda_total=48519.1MB
[2026-06-11 14:31:01] Epoch 10 train batch [800/1875] loss=0.3022 avg_loss=0.3181. Resources: rss=2158.7MB, peak_rss=2627.5MB, cuda_alloc=360.6MB, cuda_reserved=46376.0MB, cuda_peak_alloc=7062.5MB, cuda_free=1591.8MB, cuda_total=48519.1MB
[2026-06-11 14:31:06] Epoch 10 train batch [820/1875] loss=0.3838 avg_loss=0.3177. Resources: rss=2158.2MB, peak_rss=2627.5MB, cuda_alloc=360.6MB, cuda_reserved=46376.0MB, cuda_peak_alloc=7062.5MB, cuda_free=1591.8MB, cuda_total=48519.1MB
[2026-06-11 14:31:10] Epoch 10 train batch [840/1875] loss=0.6376 avg_loss=0.3178. Resources: rss=2160.6MB, peak_rss=2627.5MB, cuda_alloc=360.6MB, cuda_reserved=46376.0MB, cuda_peak_alloc=7062.5MB, cuda_free=1591.8MB, cuda_total=48519.1MB
[2026-06-11 14:31:15] Epoch 10 train batch [860/1875] loss=0.2696 avg_loss=0.3178. Resources: rss=2160.5MB, peak_rss=2627.5MB, cuda_alloc=360.6MB, cuda_reserved=19616.0MB, cuda_peak_alloc=7062.5MB, cuda_free=28351.8MB, cuda_total=48519.1MB
[2026-06-11 14:31:20] Epoch 10 train batch [880/1875] loss=0.3102 avg_loss=0.3183. Resources: rss=2160.0MB, peak_rss=2627.5MB, cuda_alloc=360.6MB, cuda_reserved=39776.0MB, cuda_peak_alloc=7062.5MB, cuda_free=8191.8MB, cuda_total=48519.1MB
[2026-06-11 14:31:24] Epoch 10 train batch [900/1875] loss=0.4329 avg_loss=0.3189. Resources: rss=2160.2MB, peak_rss=2627.5MB, cuda_alloc=360.6MB, cuda_reserved=39776.0MB, cuda_peak_alloc=7062.5MB, cuda_free=8191.8MB, cuda_total=48519.1MB
[2026-06-11 14:31:28] Epoch 10 train batch [920/1875] loss=0.3810 avg_loss=0.3190. Resources: rss=2160.6MB, peak_rss=2627.5MB, cuda_alloc=360.6MB, cuda_reserved=39776.0MB, cuda_peak_alloc=7062.5MB, cuda_free=8191.8MB, cuda_total=48519.1MB
[2026-06-11 14:31:33] Epoch 10 train batch [940/1875] loss=0.2164 avg_loss=0.3186. Resources: rss=2158.3MB, peak_rss=2627.5MB, cuda_alloc=360.6MB, cuda_reserved=39776.0MB, cuda_peak_alloc=7062.5MB, cuda_free=8191.8MB, cuda_total=48519.1MB
[2026-06-11 14:31:37] Epoch 10 train batch [960/1875] loss=0.3149 avg_loss=0.3177. Resources: rss=2158.3MB, peak_rss=2627.5MB, cuda_alloc=360.6MB, cuda_reserved=39776.0MB, cuda_peak_alloc=7062.5MB, cuda_free=8191.8MB, cuda_total=48519.1MB
[2026-06-11 14:31:41] Epoch 10 train batch [980/1875] loss=0.3199 avg_loss=0.3178. Resources: rss=2158.5MB, peak_rss=2627.5MB, cuda_alloc=360.6MB, cuda_reserved=39776.0MB, cuda_peak_alloc=7062.5MB, cuda_free=8191.8MB, cuda_total=48519.1MB
[2026-06-11 14:31:45] Epoch 10 train batch [1000/1875] loss=0.3156 avg_loss=0.3174. Resources: rss=2158.3MB, peak_rss=2627.5MB, cuda_alloc=360.6MB, cuda_reserved=39776.0MB, cuda_peak_alloc=7062.8MB, cuda_free=8191.8MB, cuda_total=48519.1MB
[2026-06-11 14:31:50] Epoch 10 train batch [1020/1875] loss=0.4092 avg_loss=0.3175. Resources: rss=2157.9MB, peak_rss=2627.5MB, cuda_alloc=360.6MB, cuda_reserved=39776.0MB, cuda_peak_alloc=7062.8MB, cuda_free=8191.8MB, cuda_total=48519.1MB
[2026-06-11 14:31:54] Epoch 10 train batch [1040/1875] loss=0.4615 avg_loss=0.3175. Resources: rss=2158.7MB, peak_rss=2627.5MB, cuda_alloc=360.6MB, cuda_reserved=39776.0MB, cuda_peak_alloc=7062.8MB, cuda_free=8191.8MB, cuda_total=48519.1MB
[2026-06-11 14:31:59] Epoch 10 train batch [1060/1875] loss=0.3345 avg_loss=0.3172. Resources: rss=2158.6MB, peak_rss=2627.5MB, cuda_alloc=360.6MB, cuda_reserved=39776.0MB, cuda_peak_alloc=7062.8MB, cuda_free=8191.8MB, cuda_total=48519.1MB
[2026-06-11 14:32:03] Epoch 10 train batch [1080/1875] loss=0.4320 avg_loss=0.3182. Resources: rss=2158.3MB, peak_rss=2627.5MB, cuda_alloc=360.6MB, cuda_reserved=39776.0MB, cuda_peak_alloc=7062.8MB, cuda_free=8191.8MB, cuda_total=48519.1MB
[2026-06-11 14:32:07] Epoch 10 train batch [1100/1875] loss=0.1865 avg_loss=0.3177. Resources: rss=2157.4MB, peak_rss=2627.5MB, cuda_alloc=360.6MB, cuda_reserved=39776.0MB, cuda_peak_alloc=7062.8MB, cuda_free=8191.8MB, cuda_total=48519.1MB
[2026-06-11 14:32:12] Epoch 10 train batch [1120/1875] loss=0.4279 avg_loss=0.3180. Resources: rss=2158.2MB, peak_rss=2627.5MB, cuda_alloc=360.6MB, cuda_reserved=39776.0MB, cuda_peak_alloc=7062.8MB, cuda_free=8191.8MB, cuda_total=48519.1MB
[2026-06-11 14:32:16] Epoch 10 train batch [1140/1875] loss=0.5185 avg_loss=0.3191. Resources: rss=2157.5MB, peak_rss=2627.5MB, cuda_alloc=360.6MB, cuda_reserved=39776.0MB, cuda_peak_alloc=7062.8MB, cuda_free=8191.8MB, cuda_total=48519.1MB
[2026-06-11 14:32:20] Epoch 10 train batch [1160/1875] loss=0.1317 avg_loss=0.3187. Resources: rss=2157.9MB, peak_rss=2627.5MB, cuda_alloc=360.6MB, cuda_reserved=39776.0MB, cuda_peak_alloc=7062.8MB, cuda_free=8191.8MB, cuda_total=48519.1MB
[2026-06-11 14:32:25] Epoch 10 train batch [1180/1875] loss=0.3466 avg_loss=0.3188. Resources: rss=2157.4MB, peak_rss=2627.5MB, cuda_alloc=360.6MB, cuda_reserved=39776.0MB, cuda_peak_alloc=7062.8MB, cuda_free=8191.8MB, cuda_total=48519.1MB
[2026-06-11 14:32:30] Epoch 10 train batch [1200/1875] loss=0.3841 avg_loss=0.3183. Resources: rss=2158.0MB, peak_rss=2627.5MB, cuda_alloc=360.6MB, cuda_reserved=39776.0MB, cuda_peak_alloc=7062.8MB, cuda_free=8191.8MB, cuda_total=48519.1MB
[2026-06-11 14:32:34] Epoch 10 train batch [1220/1875] loss=0.1670 avg_loss=0.3180. Resources: rss=2159.8MB, peak_rss=2627.5MB, cuda_alloc=360.6MB, cuda_reserved=44056.0MB, cuda_peak_alloc=7062.8MB, cuda_free=3911.8MB, cuda_total=48519.1MB
[2026-06-11 14:32:38] Epoch 10 train batch [1240/1875] loss=0.5162 avg_loss=0.3185. Resources: rss=2159.6MB, peak_rss=2627.5MB, cuda_alloc=360.6MB, cuda_reserved=44056.0MB, cuda_peak_alloc=7062.8MB, cuda_free=3911.8MB, cuda_total=48519.1MB
[2026-06-11 14:32:43] Epoch 10 train batch [1260/1875] loss=0.2480 avg_loss=0.3186. Resources: rss=2158.3MB, peak_rss=2627.5MB, cuda_alloc=360.6MB, cuda_reserved=44056.0MB, cuda_peak_alloc=7062.8MB, cuda_free=3911.8MB, cuda_total=48519.1MB
[2026-06-11 14:32:47] Epoch 10 train batch [1280/1875] loss=0.3155 avg_loss=0.3190. Resources: rss=2158.3MB, peak_rss=2627.5MB, cuda_alloc=360.6MB, cuda_reserved=44056.0MB, cuda_peak_alloc=7062.8MB, cuda_free=3911.8MB, cuda_total=48519.1MB
[2026-06-11 14:32:52] Epoch 10 train batch [1300/1875] loss=0.4497 avg_loss=0.3193. Resources: rss=2158.0MB, peak_rss=2627.5MB, cuda_alloc=360.6MB, cuda_reserved=44056.0MB, cuda_peak_alloc=7062.8MB, cuda_free=3911.8MB, cuda_total=48519.1MB
[2026-06-11 14:32:56] Epoch 10 train batch [1320/1875] loss=0.3600 avg_loss=0.3197. Resources: rss=2158.6MB, peak_rss=2627.5MB, cuda_alloc=360.6MB, cuda_reserved=44056.0MB, cuda_peak_alloc=7062.8MB, cuda_free=3911.8MB, cuda_total=48519.1MB
[2026-06-11 14:33:01] Epoch 10 train batch [1340/1875] loss=0.3177 avg_loss=0.3199. Resources: rss=2158.5MB, peak_rss=2627.5MB, cuda_alloc=360.6MB, cuda_reserved=44056.0MB, cuda_peak_alloc=7062.8MB, cuda_free=3911.8MB, cuda_total=48519.1MB
[2026-06-11 14:33:05] Epoch 10 train batch [1360/1875] loss=0.3548 avg_loss=0.3198. Resources: rss=2158.8MB, peak_rss=2627.5MB, cuda_alloc=360.6MB, cuda_reserved=44056.0MB, cuda_peak_alloc=7062.8MB, cuda_free=3911.8MB, cuda_total=48519.1MB
[2026-06-11 14:33:10] Epoch 10 train batch [1380/1875] loss=0.1383 avg_loss=0.3203. Resources: rss=2158.6MB, peak_rss=2627.5MB, cuda_alloc=360.6MB, cuda_reserved=44056.0MB, cuda_peak_alloc=7062.8MB, cuda_free=3911.8MB, cuda_total=48519.1MB
[2026-06-11 14:33:14] Epoch 10 train batch [1400/1875] loss=0.3462 avg_loss=0.3201. Resources: rss=2158.8MB, peak_rss=2627.5MB, cuda_alloc=360.6MB, cuda_reserved=44056.0MB, cuda_peak_alloc=7062.8MB, cuda_free=3911.8MB, cuda_total=48519.1MB
[2026-06-11 14:33:18] Epoch 10 train batch [1420/1875] loss=0.4251 avg_loss=0.3203. Resources: rss=2159.1MB, peak_rss=2627.5MB, cuda_alloc=360.6MB, cuda_reserved=44056.0MB, cuda_peak_alloc=7062.8MB, cuda_free=3911.8MB, cuda_total=48519.1MB
[2026-06-11 14:33:22] Epoch 10 train batch [1440/1875] loss=0.1460 avg_loss=0.3195. Resources: rss=2158.3MB, peak_rss=2627.5MB, cuda_alloc=351.4MB, cuda_reserved=44056.0MB, cuda_peak_alloc=7062.8MB, cuda_free=3911.8MB, cuda_total=48519.1MB
[2026-06-11 14:33:27] Epoch 10 train batch [1460/1875] loss=0.2284 avg_loss=0.3190. Resources: rss=2159.2MB, peak_rss=2627.5MB, cuda_alloc=360.6MB, cuda_reserved=44056.0MB, cuda_peak_alloc=7062.8MB, cuda_free=3911.8MB, cuda_total=48519.1MB
[2026-06-11 14:33:31] Epoch 10 train batch [1480/1875] loss=0.2064 avg_loss=0.3189. Resources: rss=2159.6MB, peak_rss=2627.5MB, cuda_alloc=360.6MB, cuda_reserved=44056.0MB, cuda_peak_alloc=7062.8MB, cuda_free=3911.8MB, cuda_total=48519.1MB
[2026-06-11 14:33:35] Epoch 10 train batch [1500/1875] loss=0.4021 avg_loss=0.3192. Resources: rss=2159.1MB, peak_rss=2627.5MB, cuda_alloc=360.6MB, cuda_reserved=44056.0MB, cuda_peak_alloc=7062.8MB, cuda_free=3911.8MB, cuda_total=48519.1MB
[2026-06-11 14:33:40] Epoch 10 train batch [1520/1875] loss=0.1236 avg_loss=0.3184. Resources: rss=2158.1MB, peak_rss=2627.5MB, cuda_alloc=360.6MB, cuda_reserved=44056.0MB, cuda_peak_alloc=7062.8MB, cuda_free=3911.8MB, cuda_total=48519.1MB
[2026-06-11 14:33:44] Epoch 10 train batch [1540/1875] loss=0.1908 avg_loss=0.3187. Resources: rss=2158.3MB, peak_rss=2627.5MB, cuda_alloc=360.6MB, cuda_reserved=44056.0MB, cuda_peak_alloc=7062.8MB, cuda_free=3911.8MB, cuda_total=48519.1MB
[2026-06-11 14:33:48] Epoch 10 train batch [1560/1875] loss=0.3727 avg_loss=0.3195. Resources: rss=2158.0MB, peak_rss=2627.5MB, cuda_alloc=360.6MB, cuda_reserved=44056.0MB, cuda_peak_alloc=7062.8MB, cuda_free=3911.8MB, cuda_total=48519.1MB
[2026-06-11 14:33:52] Epoch 10 train batch [1580/1875] loss=0.2211 avg_loss=0.3190. Resources: rss=2158.7MB, peak_rss=2627.5MB, cuda_alloc=360.6MB, cuda_reserved=44056.0MB, cuda_peak_alloc=7062.8MB, cuda_free=3911.8MB, cuda_total=48519.1MB
[2026-06-11 14:33:57] Epoch 10 train batch [1600/1875] loss=0.4071 avg_loss=0.3207. Resources: rss=2158.9MB, peak_rss=2627.5MB, cuda_alloc=360.6MB, cuda_reserved=44056.0MB, cuda_peak_alloc=7062.8MB, cuda_free=3911.8MB, cuda_total=48519.1MB
[2026-06-11 14:34:01] Epoch 10 train batch [1620/1875] loss=0.5538 avg_loss=0.3207. Resources: rss=2157.9MB, peak_rss=2627.5MB, cuda_alloc=360.6MB, cuda_reserved=44056.0MB, cuda_peak_alloc=7062.8MB, cuda_free=3911.8MB, cuda_total=48519.1MB
[2026-06-11 14:34:06] Epoch 10 train batch [1640/1875] loss=0.3898 avg_loss=0.3208. Resources: rss=2158.5MB, peak_rss=2627.5MB, cuda_alloc=360.6MB, cuda_reserved=44056.0MB, cuda_peak_alloc=7062.8MB, cuda_free=3911.8MB, cuda_total=48519.1MB
[2026-06-11 14:34:10] Epoch 10 train batch [1660/1875] loss=0.3983 avg_loss=0.3203. Resources: rss=2158.4MB, peak_rss=2627.5MB, cuda_alloc=360.6MB, cuda_reserved=44056.0MB, cuda_peak_alloc=7062.8MB, cuda_free=3911.8MB, cuda_total=48519.1MB
[2026-06-11 14:34:15] Epoch 10 train batch [1680/1875] loss=0.3544 avg_loss=0.3205. Resources: rss=2158.4MB, peak_rss=2627.5MB, cuda_alloc=360.6MB, cuda_reserved=44056.0MB, cuda_peak_alloc=7062.8MB, cuda_free=3911.8MB, cuda_total=48519.1MB
[2026-06-11 14:34:19] Epoch 10 train batch [1700/1875] loss=0.3923 avg_loss=0.3201. Resources: rss=2158.4MB, peak_rss=2627.5MB, cuda_alloc=360.6MB, cuda_reserved=44056.0MB, cuda_peak_alloc=7062.8MB, cuda_free=3911.8MB, cuda_total=48519.1MB
[2026-06-11 14:34:24] Epoch 10 train batch [1720/1875] loss=0.2090 avg_loss=0.3195. Resources: rss=2158.5MB, peak_rss=2627.5MB, cuda_alloc=360.6MB, cuda_reserved=44056.0MB, cuda_peak_alloc=7062.8MB, cuda_free=3911.8MB, cuda_total=48519.1MB
[2026-06-11 14:34:28] Epoch 10 train batch [1740/1875] loss=0.2780 avg_loss=0.3195. Resources: rss=2158.0MB, peak_rss=2627.5MB, cuda_alloc=360.6MB, cuda_reserved=44056.0MB, cuda_peak_alloc=7062.8MB, cuda_free=3911.8MB, cuda_total=48519.1MB
[2026-06-11 14:34:33] Epoch 10 train batch [1760/1875] loss=0.3384 avg_loss=0.3195. Resources: rss=2158.4MB, peak_rss=2627.5MB, cuda_alloc=360.6MB, cuda_reserved=44056.0MB, cuda_peak_alloc=7062.8MB, cuda_free=3911.8MB, cuda_total=48519.1MB
[2026-06-11 14:34:37] Epoch 10 train batch [1780/1875] loss=0.3686 avg_loss=0.3197. Resources: rss=2159.9MB, peak_rss=2627.5MB, cuda_alloc=360.6MB, cuda_reserved=44056.0MB, cuda_peak_alloc=7062.8MB, cuda_free=3911.8MB, cuda_total=48519.1MB
[2026-06-11 14:34:41] Epoch 10 train batch [1800/1875] loss=0.2610 avg_loss=0.3194. Resources: rss=2157.7MB, peak_rss=2627.5MB, cuda_alloc=360.6MB, cuda_reserved=44056.0MB, cuda_peak_alloc=7062.8MB, cuda_free=3911.8MB, cuda_total=48519.1MB
[2026-06-11 14:34:45] Epoch 10 train batch [1820/1875] loss=0.2077 avg_loss=0.3190. Resources: rss=2158.3MB, peak_rss=2627.5MB, cuda_alloc=360.6MB, cuda_reserved=44056.0MB, cuda_peak_alloc=7062.8MB, cuda_free=3911.8MB, cuda_total=48519.1MB
[2026-06-11 14:34:50] Epoch 10 train batch [1840/1875] loss=0.4508 avg_loss=0.3187. Resources: rss=2158.2MB, peak_rss=2627.5MB, cuda_alloc=360.6MB, cuda_reserved=44056.0MB, cuda_peak_alloc=7062.8MB, cuda_free=3911.8MB, cuda_total=48519.1MB
[2026-06-11 14:34:54] Epoch 10 train batch [1860/1875] loss=0.2718 avg_loss=0.3191. Resources: rss=2158.7MB, peak_rss=2627.5MB, cuda_alloc=360.6MB, cuda_reserved=44056.0MB, cuda_peak_alloc=7062.8MB, cuda_free=3911.8MB, cuda_total=48519.1MB
[2026-06-11 14:34:57] Epoch 10 train batch [1875/1875] loss=0.4403 avg_loss=0.3191. Resources: rss=2158.8MB, peak_rss=2627.5MB, cuda_alloc=360.6MB, cuda_reserved=44056.0MB, cuda_peak_alloc=7062.8MB, cuda_free=3911.8MB, cuda_total=48519.1MB
[2026-06-11 14:34:57] Epoch 10 training completed. Resources: rss=2150.8MB, peak_rss=2627.5MB, cuda_alloc=360.6MB, cuda_reserved=44056.0MB, cuda_peak_alloc=7062.8MB, cuda_free=3911.8MB, cuda_total=48519.1MB
[2026-06-11 14:34:58] Epoch 10 cache released before validation loss. Resources: rss=2150.8MB, peak_rss=2627.5MB, cuda_alloc=360.6MB, cuda_reserved=538.0MB, cuda_peak_alloc=360.6MB, cuda_free=47429.8MB, cuda_total=48519.1MB
[2026-06-11 14:35:31] Epoch 10 validation loss completed: 0.4791. Resources: rss=2150.5MB, peak_rss=2627.5MB, cuda_alloc=360.6MB, cuda_reserved=5806.0MB, cuda_peak_alloc=2034.0MB, cuda_free=42161.8MB, cuda_total=48519.1MB
[2026-06-11 14:35:31] Epoch 10 cache released before detection metrics. Resources: rss=2150.5MB, peak_rss=2627.5MB, cuda_alloc=360.6MB, cuda_reserved=538.0MB, cuda_peak_alloc=360.6MB, cuda_free=47429.8MB, cuda_total=48519.1MB
[2026-06-11 14:36:07] Epoch 10 prediction tensors moved to CPU. Computing metrics. Resources: rss=2148.3MB, peak_rss=2627.5MB, cuda_alloc=360.6MB, cuda_reserved=538.0MB, cuda_peak_alloc=360.6MB, cuda_free=47429.8MB, cuda_total=48519.1MB
[2026-06-11 14:36:07] Epoch 10 metrics computed (mAP@0.5 only). Saving artifacts. Resources: rss=2150.6MB, peak_rss=2627.5MB, cuda_alloc=360.6MB, cuda_reserved=538.0MB, cuda_peak_alloc=360.6MB, cuda_free=47429.8MB, cuda_total=48519.1MB
[2026-06-11 14:36:08] Epoch 10 improved mAP@0.5 to 0.7399. Saved best checkpoint: best_model-20260611-131215.pth. Resources: rss=2629.6MB, peak_rss=2629.6MB, cuda_alloc=360.6MB, cuda_reserved=538.0MB, cuda_peak_alloc=360.6MB, cuda_free=47429.8MB, cuda_total=48519.1MB
Epoch [10/50]
├── Train Loss : 0.3191
│   ├── loss_classifier  : 0.1799
│   ├── loss_box_reg     : 0.1391
│   ├── loss_objectness  : 0.0000
│   └── loss_rpn_box_reg : 0.0000
├── Val Loss   : 0.4791
├── mAP@0.5    : 0.7399
├── mAP@0.75   : n/a
├── mAP@0.5:0.95 : n/a
├── Precision  : 0.0472
├── Recall     : 0.9525
├── GT Boxes   : 2021
├── Predictions: 40786
├── Per-class AP
│   ├── person  : AP50=0.8155, AP75=n/a, AP50:95=n/a, P=0.0664, R=0.9618
│   ├── car     : AP50=0.7384, AP75=n/a, AP50:95=n/a, P=0.0415, R=0.9435
│   ├── dog     : AP50=0.7954, AP75=n/a, AP50:95=n/a, P=0.0469, R=0.9563
│   ├── cat     : AP50=0.8536, AP75=n/a, AP50:95=n/a, P=0.0627, R=0.9830
│   └── chair   : AP50=0.4967, AP75=n/a, AP50:95=n/a, P=0.0215, R=0.9043
├── LR         : 0.000949
└── Time       : 486.7s
[2026-06-11 14:36:08] Epoch [10/50] completed. Resources: rss=2148.4MB, peak_rss=2629.6MB, cuda_alloc=360.6MB, cuda_reserved=538.0MB, cuda_peak_alloc=360.6MB, cuda_free=47429.8MB, cuda_total=48519.1MB
[2026-06-11 14:36:08] Epoch [11/50] started. Resources: rss=2148.4MB, peak_rss=2629.6MB, cuda_alloc=360.6MB, cuda_reserved=538.0MB, cuda_peak_alloc=360.6MB, cuda_free=47429.8MB, cuda_total=48519.1MB
[2026-06-11 14:36:13] Epoch 11 train batch [20/1875] loss=0.1623 avg_loss=0.2623. Resources: rss=2156.6MB, peak_rss=2629.6MB, cuda_alloc=360.6MB, cuda_reserved=32596.0MB, cuda_peak_alloc=7061.9MB, cuda_free=15371.8MB, cuda_total=48519.1MB
[2026-06-11 14:36:18] Epoch 11 train batch [40/1875] loss=0.2414 avg_loss=0.2592. Resources: rss=2157.6MB, peak_rss=2629.6MB, cuda_alloc=360.6MB, cuda_reserved=23556.0MB, cuda_peak_alloc=7061.9MB, cuda_free=24411.8MB, cuda_total=48519.1MB
[2026-06-11 14:36:22] Epoch 11 train batch [60/1875] loss=0.2350 avg_loss=0.2822. Resources: rss=2157.4MB, peak_rss=2629.6MB, cuda_alloc=360.6MB, cuda_reserved=30036.0MB, cuda_peak_alloc=7061.9MB, cuda_free=17931.8MB, cuda_total=48519.1MB
[2026-06-11 14:36:27] Epoch 11 train batch [80/1875] loss=0.4367 avg_loss=0.2818. Resources: rss=2157.3MB, peak_rss=2629.6MB, cuda_alloc=360.6MB, cuda_reserved=31956.0MB, cuda_peak_alloc=7061.9MB, cuda_free=16011.8MB, cuda_total=48519.1MB
[2026-06-11 14:36:31] Epoch 11 train batch [100/1875] loss=0.0693 avg_loss=0.2710. Resources: rss=2157.3MB, peak_rss=2629.6MB, cuda_alloc=351.4MB, cuda_reserved=39636.0MB, cuda_peak_alloc=7061.9MB, cuda_free=8331.8MB, cuda_total=48519.1MB
[2026-06-11 14:36:35] Epoch 11 train batch [120/1875] loss=0.3490 avg_loss=0.2777. Resources: rss=2157.6MB, peak_rss=2629.6MB, cuda_alloc=360.6MB, cuda_reserved=41656.0MB, cuda_peak_alloc=7061.9MB, cuda_free=6311.8MB, cuda_total=48519.1MB
[2026-06-11 14:36:40] Epoch 11 train batch [140/1875] loss=0.4232 avg_loss=0.2779. Resources: rss=2158.7MB, peak_rss=2629.6MB, cuda_alloc=360.6MB, cuda_reserved=41656.0MB, cuda_peak_alloc=7062.3MB, cuda_free=6311.8MB, cuda_total=48519.1MB
[2026-06-11 14:36:44] Epoch 11 train batch [160/1875] loss=0.2970 avg_loss=0.2758. Resources: rss=2157.9MB, peak_rss=2629.6MB, cuda_alloc=360.6MB, cuda_reserved=41656.0MB, cuda_peak_alloc=7062.3MB, cuda_free=6311.8MB, cuda_total=48519.1MB
[2026-06-11 14:36:48] Epoch 11 train batch [180/1875] loss=0.3600 avg_loss=0.2798. Resources: rss=2158.1MB, peak_rss=2629.6MB, cuda_alloc=360.6MB, cuda_reserved=41656.0MB, cuda_peak_alloc=7062.3MB, cuda_free=6311.8MB, cuda_total=48519.1MB
[2026-06-11 14:36:53] Epoch 11 train batch [200/1875] loss=0.3562 avg_loss=0.2812. Resources: rss=2158.7MB, peak_rss=2629.6MB, cuda_alloc=360.6MB, cuda_reserved=41656.0MB, cuda_peak_alloc=7062.3MB, cuda_free=6311.8MB, cuda_total=48519.1MB
[2026-06-11 14:36:57] Epoch 11 train batch [220/1875] loss=0.1202 avg_loss=0.2856. Resources: rss=2158.2MB, peak_rss=2629.6MB, cuda_alloc=360.6MB, cuda_reserved=41656.0MB, cuda_peak_alloc=7062.3MB, cuda_free=6311.8MB, cuda_total=48519.1MB
[2026-06-11 14:37:01] Epoch 11 train batch [240/1875] loss=0.2106 avg_loss=0.2861. Resources: rss=2158.2MB, peak_rss=2629.6MB, cuda_alloc=360.6MB, cuda_reserved=41656.0MB, cuda_peak_alloc=7062.4MB, cuda_free=6311.8MB, cuda_total=48519.1MB
[2026-06-11 14:37:06] Epoch 11 train batch [260/1875] loss=0.2890 avg_loss=0.2869. Resources: rss=2159.8MB, peak_rss=2629.6MB, cuda_alloc=360.6MB, cuda_reserved=41656.0MB, cuda_peak_alloc=7062.4MB, cuda_free=6311.8MB, cuda_total=48519.1MB
[2026-06-11 14:37:10] Epoch 11 train batch [280/1875] loss=0.2306 avg_loss=0.2869. Resources: rss=2160.0MB, peak_rss=2629.6MB, cuda_alloc=360.6MB, cuda_reserved=41656.0MB, cuda_peak_alloc=7062.4MB, cuda_free=6311.8MB, cuda_total=48519.1MB
[2026-06-11 14:37:16] Epoch 11 train batch [300/1875] loss=0.3929 avg_loss=0.2838. Resources: rss=2161.1MB, peak_rss=2629.6MB, cuda_alloc=360.6MB, cuda_reserved=20796.0MB, cuda_peak_alloc=7062.4MB, cuda_free=27171.8MB, cuda_total=48519.1MB
[2026-06-11 14:37:21] Epoch 11 train batch [320/1875] loss=0.2013 avg_loss=0.2836. Resources: rss=2161.0MB, peak_rss=2629.6MB, cuda_alloc=360.6MB, cuda_reserved=32816.0MB, cuda_peak_alloc=7062.4MB, cuda_free=15151.8MB, cuda_total=48519.1MB
[2026-06-11 14:37:25] Epoch 11 train batch [340/1875] loss=0.4408 avg_loss=0.2838. Resources: rss=2161.4MB, peak_rss=2629.6MB, cuda_alloc=360.6MB, cuda_reserved=47816.0MB, cuda_peak_alloc=7062.4MB, cuda_free=151.8MB, cuda_total=48519.1MB
[2026-06-11 14:37:31] Epoch 11 train batch [360/1875] loss=0.3625 avg_loss=0.2842. Resources: rss=2161.7MB, peak_rss=2629.6MB, cuda_alloc=360.6MB, cuda_reserved=34976.0MB, cuda_peak_alloc=7062.6MB, cuda_free=12991.8MB, cuda_total=48519.1MB
[2026-06-11 14:37:36] Epoch 11 train batch [380/1875] loss=0.2619 avg_loss=0.2823. Resources: rss=2160.5MB, peak_rss=2629.6MB, cuda_alloc=360.6MB, cuda_reserved=41816.0MB, cuda_peak_alloc=7062.6MB, cuda_free=6151.8MB, cuda_total=48519.1MB
[2026-06-11 14:37:41] Epoch 11 train batch [400/1875] loss=0.2439 avg_loss=0.2813. Resources: rss=2159.7MB, peak_rss=2629.6MB, cuda_alloc=360.6MB, cuda_reserved=41816.0MB, cuda_peak_alloc=7062.6MB, cuda_free=6151.8MB, cuda_total=48519.1MB
[2026-06-11 14:37:45] Epoch 11 train batch [420/1875] loss=0.3219 avg_loss=0.2807. Resources: rss=2159.9MB, peak_rss=2629.6MB, cuda_alloc=360.6MB, cuda_reserved=41816.0MB, cuda_peak_alloc=7062.6MB, cuda_free=6151.8MB, cuda_total=48519.1MB
[2026-06-11 14:37:50] Epoch 11 train batch [440/1875] loss=0.2605 avg_loss=0.2804. Resources: rss=2160.3MB, peak_rss=2629.6MB, cuda_alloc=360.6MB, cuda_reserved=38756.0MB, cuda_peak_alloc=7062.6MB, cuda_free=9211.8MB, cuda_total=48519.1MB
[2026-06-11 14:37:56] Epoch 11 train batch [460/1875] loss=0.1332 avg_loss=0.2807. Resources: rss=2160.8MB, peak_rss=2629.6MB, cuda_alloc=360.6MB, cuda_reserved=23856.0MB, cuda_peak_alloc=7062.6MB, cuda_free=24111.8MB, cuda_total=48519.1MB
[2026-06-11 14:38:01] Epoch 11 train batch [480/1875] loss=0.9117 avg_loss=0.2824. Resources: rss=2160.4MB, peak_rss=2629.6MB, cuda_alloc=360.6MB, cuda_reserved=41916.0MB, cuda_peak_alloc=7062.6MB, cuda_free=6051.8MB, cuda_total=48519.1MB
[2026-06-11 14:38:06] Epoch 11 train batch [500/1875] loss=0.4505 avg_loss=0.2821. Resources: rss=2160.6MB, peak_rss=2629.6MB, cuda_alloc=360.6MB, cuda_reserved=42556.0MB, cuda_peak_alloc=7062.6MB, cuda_free=5411.8MB, cuda_total=48519.1MB
[2026-06-11 14:38:10] Epoch 11 train batch [520/1875] loss=0.2834 avg_loss=0.2819. Resources: rss=2160.6MB, peak_rss=2629.6MB, cuda_alloc=360.6MB, cuda_reserved=42556.0MB, cuda_peak_alloc=7062.6MB, cuda_free=5411.8MB, cuda_total=48519.1MB
[2026-06-11 14:38:14] Epoch 11 train batch [540/1875] loss=0.2101 avg_loss=0.2823. Resources: rss=2160.1MB, peak_rss=2629.6MB, cuda_alloc=360.6MB, cuda_reserved=42556.0MB, cuda_peak_alloc=7062.6MB, cuda_free=5411.8MB, cuda_total=48519.1MB
[2026-06-11 14:38:19] Epoch 11 train batch [560/1875] loss=0.2536 avg_loss=0.2822. Resources: rss=2159.4MB, peak_rss=2629.6MB, cuda_alloc=360.6MB, cuda_reserved=21376.0MB, cuda_peak_alloc=7062.6MB, cuda_free=26591.8MB, cuda_total=48519.1MB
[2026-06-11 14:38:24] Epoch 11 train batch [580/1875] loss=0.2659 avg_loss=0.2830. Resources: rss=2158.5MB, peak_rss=2629.6MB, cuda_alloc=360.6MB, cuda_reserved=35596.0MB, cuda_peak_alloc=7062.6MB, cuda_free=12371.8MB, cuda_total=48519.1MB
[2026-06-11 14:38:28] Epoch 11 train batch [600/1875] loss=0.2041 avg_loss=0.2823. Resources: rss=2159.7MB, peak_rss=2629.6MB, cuda_alloc=360.6MB, cuda_reserved=38576.0MB, cuda_peak_alloc=7062.6MB, cuda_free=9391.8MB, cuda_total=48519.1MB
[2026-06-11 14:38:32] Epoch 11 train batch [620/1875] loss=0.2811 avg_loss=0.2827. Resources: rss=2160.6MB, peak_rss=2629.6MB, cuda_alloc=360.6MB, cuda_reserved=38636.0MB, cuda_peak_alloc=7062.6MB, cuda_free=9331.8MB, cuda_total=48519.1MB
[2026-06-11 14:38:37] Epoch 11 train batch [640/1875] loss=0.2820 avg_loss=0.2828. Resources: rss=2160.6MB, peak_rss=2629.6MB, cuda_alloc=360.6MB, cuda_reserved=38636.0MB, cuda_peak_alloc=7062.6MB, cuda_free=9331.8MB, cuda_total=48519.1MB
[2026-06-11 14:38:41] Epoch 11 train batch [660/1875] loss=0.2965 avg_loss=0.2832. Resources: rss=2161.4MB, peak_rss=2629.6MB, cuda_alloc=360.6MB, cuda_reserved=38636.0MB, cuda_peak_alloc=7062.6MB, cuda_free=9331.8MB, cuda_total=48519.1MB
[2026-06-11 14:38:46] Epoch 11 train batch [680/1875] loss=0.1396 avg_loss=0.2838. Resources: rss=2161.1MB, peak_rss=2629.6MB, cuda_alloc=360.6MB, cuda_reserved=38636.0MB, cuda_peak_alloc=7062.6MB, cuda_free=9331.8MB, cuda_total=48519.1MB
[2026-06-11 14:38:50] Epoch 11 train batch [700/1875] loss=0.1791 avg_loss=0.2842. Resources: rss=2160.7MB, peak_rss=2629.6MB, cuda_alloc=360.6MB, cuda_reserved=38636.0MB, cuda_peak_alloc=7062.6MB, cuda_free=9331.8MB, cuda_total=48519.1MB
[2026-06-11 14:38:55] Epoch 11 train batch [720/1875] loss=0.3358 avg_loss=0.2854. Resources: rss=2160.2MB, peak_rss=2629.6MB, cuda_alloc=360.6MB, cuda_reserved=38636.0MB, cuda_peak_alloc=7062.6MB, cuda_free=9331.8MB, cuda_total=48519.1MB
[2026-06-11 14:38:59] Epoch 11 train batch [740/1875] loss=0.2151 avg_loss=0.2859. Resources: rss=2160.0MB, peak_rss=2629.6MB, cuda_alloc=360.6MB, cuda_reserved=42016.0MB, cuda_peak_alloc=7062.6MB, cuda_free=5951.8MB, cuda_total=48519.1MB
[2026-06-11 14:39:03] Epoch 11 train batch [760/1875] loss=0.3184 avg_loss=0.2857. Resources: rss=2161.0MB, peak_rss=2629.6MB, cuda_alloc=360.6MB, cuda_reserved=42016.0MB, cuda_peak_alloc=7062.6MB, cuda_free=5951.8MB, cuda_total=48519.1MB
[2026-06-11 14:39:08] Epoch 11 train batch [780/1875] loss=0.2016 avg_loss=0.2866. Resources: rss=2161.0MB, peak_rss=2629.6MB, cuda_alloc=360.6MB, cuda_reserved=42016.0MB, cuda_peak_alloc=7062.6MB, cuda_free=5951.8MB, cuda_total=48519.1MB
[2026-06-11 14:39:12] Epoch 11 train batch [800/1875] loss=0.2159 avg_loss=0.2871. Resources: rss=2160.6MB, peak_rss=2629.6MB, cuda_alloc=360.6MB, cuda_reserved=42016.0MB, cuda_peak_alloc=7062.6MB, cuda_free=5951.8MB, cuda_total=48519.1MB
[2026-06-11 14:39:17] Epoch 11 train batch [820/1875] loss=0.3911 avg_loss=0.2873. Resources: rss=2160.6MB, peak_rss=2629.6MB, cuda_alloc=360.6MB, cuda_reserved=42016.0MB, cuda_peak_alloc=7062.6MB, cuda_free=5951.8MB, cuda_total=48519.1MB
[2026-06-11 14:39:21] Epoch 11 train batch [840/1875] loss=0.2073 avg_loss=0.2875. Resources: rss=2160.3MB, peak_rss=2629.6MB, cuda_alloc=360.6MB, cuda_reserved=42016.0MB, cuda_peak_alloc=7062.6MB, cuda_free=5951.8MB, cuda_total=48519.1MB
[2026-06-11 14:39:25] Epoch 11 train batch [860/1875] loss=0.1649 avg_loss=0.2879. Resources: rss=2159.7MB, peak_rss=2629.6MB, cuda_alloc=360.6MB, cuda_reserved=42016.0MB, cuda_peak_alloc=7062.6MB, cuda_free=5951.8MB, cuda_total=48519.1MB
[2026-06-11 14:39:29] Epoch 11 train batch [880/1875] loss=0.2952 avg_loss=0.2874. Resources: rss=2161.5MB, peak_rss=2629.6MB, cuda_alloc=360.6MB, cuda_reserved=42016.0MB, cuda_peak_alloc=7062.6MB, cuda_free=5951.8MB, cuda_total=48519.1MB
[2026-06-11 14:39:33] Epoch 11 train batch [900/1875] loss=0.3104 avg_loss=0.2884. Resources: rss=2161.6MB, peak_rss=2629.6MB, cuda_alloc=360.6MB, cuda_reserved=42016.0MB, cuda_peak_alloc=7062.6MB, cuda_free=5951.8MB, cuda_total=48519.1MB
[2026-06-11 14:39:38] Epoch 11 train batch [920/1875] loss=0.7035 avg_loss=0.2890. Resources: rss=2162.3MB, peak_rss=2629.6MB, cuda_alloc=360.6MB, cuda_reserved=45356.0MB, cuda_peak_alloc=7062.6MB, cuda_free=2611.8MB, cuda_total=48519.1MB
[2026-06-11 14:39:42] Epoch 11 train batch [940/1875] loss=0.2995 avg_loss=0.2891. Resources: rss=2163.5MB, peak_rss=2629.6MB, cuda_alloc=360.6MB, cuda_reserved=45356.0MB, cuda_peak_alloc=7062.6MB, cuda_free=2611.8MB, cuda_total=48519.1MB
[2026-06-11 14:39:46] Epoch 11 train batch [960/1875] loss=0.1872 avg_loss=0.2884. Resources: rss=2164.2MB, peak_rss=2629.6MB, cuda_alloc=360.6MB, cuda_reserved=45356.0MB, cuda_peak_alloc=7062.6MB, cuda_free=2611.8MB, cuda_total=48519.1MB
[2026-06-11 14:39:51] Epoch 11 train batch [980/1875] loss=0.1914 avg_loss=0.2884. Resources: rss=2163.7MB, peak_rss=2629.6MB, cuda_alloc=360.6MB, cuda_reserved=45356.0MB, cuda_peak_alloc=7062.6MB, cuda_free=2611.8MB, cuda_total=48519.1MB
[2026-06-11 14:39:55] Epoch 11 train batch [1000/1875] loss=0.3376 avg_loss=0.2883. Resources: rss=2163.1MB, peak_rss=2629.6MB, cuda_alloc=360.6MB, cuda_reserved=45356.0MB, cuda_peak_alloc=7062.6MB, cuda_free=2611.8MB, cuda_total=48519.1MB
[2026-06-11 14:39:59] Epoch 11 train batch [1020/1875] loss=0.2338 avg_loss=0.2890. Resources: rss=2163.4MB, peak_rss=2629.6MB, cuda_alloc=360.6MB, cuda_reserved=45356.0MB, cuda_peak_alloc=7062.6MB, cuda_free=2611.8MB, cuda_total=48519.1MB
[2026-06-11 14:40:03] Epoch 11 train batch [1040/1875] loss=0.3100 avg_loss=0.2892. Resources: rss=2164.0MB, peak_rss=2629.6MB, cuda_alloc=360.6MB, cuda_reserved=45456.0MB, cuda_peak_alloc=7062.6MB, cuda_free=2511.8MB, cuda_total=48519.1MB
[2026-06-11 14:40:08] Epoch 11 train batch [1060/1875] loss=0.1275 avg_loss=0.2883. Resources: rss=2164.1MB, peak_rss=2629.6MB, cuda_alloc=360.6MB, cuda_reserved=45456.0MB, cuda_peak_alloc=7062.6MB, cuda_free=2511.8MB, cuda_total=48519.1MB
[2026-06-11 14:40:12] Epoch 11 train batch [1080/1875] loss=0.1553 avg_loss=0.2889. Resources: rss=2163.6MB, peak_rss=2629.6MB, cuda_alloc=360.6MB, cuda_reserved=45456.0MB, cuda_peak_alloc=7062.6MB, cuda_free=2511.8MB, cuda_total=48519.1MB
[2026-06-11 14:40:16] Epoch 11 train batch [1100/1875] loss=0.2714 avg_loss=0.2889. Resources: rss=2163.2MB, peak_rss=2629.6MB, cuda_alloc=360.6MB, cuda_reserved=45456.0MB, cuda_peak_alloc=7062.6MB, cuda_free=2511.8MB, cuda_total=48519.1MB
[2026-06-11 14:40:21] Epoch 11 train batch [1120/1875] loss=0.1679 avg_loss=0.2888. Resources: rss=2163.2MB, peak_rss=2629.6MB, cuda_alloc=360.6MB, cuda_reserved=45456.0MB, cuda_peak_alloc=7062.6MB, cuda_free=2511.8MB, cuda_total=48519.1MB
[2026-06-11 14:40:25] Epoch 11 train batch [1140/1875] loss=0.1209 avg_loss=0.2889. Resources: rss=2162.9MB, peak_rss=2629.6MB, cuda_alloc=360.6MB, cuda_reserved=45456.0MB, cuda_peak_alloc=7062.6MB, cuda_free=2511.8MB, cuda_total=48519.1MB
[2026-06-11 14:40:29] Epoch 11 train batch [1160/1875] loss=0.1863 avg_loss=0.2888. Resources: rss=2163.5MB, peak_rss=2629.6MB, cuda_alloc=360.6MB, cuda_reserved=45456.0MB, cuda_peak_alloc=7062.6MB, cuda_free=2511.8MB, cuda_total=48519.1MB
[2026-06-11 14:40:33] Epoch 11 train batch [1180/1875] loss=0.1575 avg_loss=0.2884. Resources: rss=2164.1MB, peak_rss=2629.6MB, cuda_alloc=360.6MB, cuda_reserved=45456.0MB, cuda_peak_alloc=7062.6MB, cuda_free=2511.8MB, cuda_total=48519.1MB
[2026-06-11 14:40:37] Epoch 11 train batch [1200/1875] loss=0.4015 avg_loss=0.2878. Resources: rss=2164.0MB, peak_rss=2629.6MB, cuda_alloc=360.6MB, cuda_reserved=45456.0MB, cuda_peak_alloc=7062.6MB, cuda_free=2511.8MB, cuda_total=48519.1MB
[2026-06-11 14:40:42] Epoch 11 train batch [1220/1875] loss=0.2827 avg_loss=0.2877. Resources: rss=2163.8MB, peak_rss=2629.6MB, cuda_alloc=360.6MB, cuda_reserved=45456.0MB, cuda_peak_alloc=7062.6MB, cuda_free=2511.8MB, cuda_total=48519.1MB
[2026-06-11 14:40:46] Epoch 11 train batch [1240/1875] loss=0.2832 avg_loss=0.2887. Resources: rss=2163.6MB, peak_rss=2629.6MB, cuda_alloc=360.6MB, cuda_reserved=45456.0MB, cuda_peak_alloc=7062.6MB, cuda_free=2511.8MB, cuda_total=48519.1MB
[2026-06-11 14:40:50] Epoch 11 train batch [1260/1875] loss=0.3233 avg_loss=0.2894. Resources: rss=2163.5MB, peak_rss=2629.6MB, cuda_alloc=360.6MB, cuda_reserved=45456.0MB, cuda_peak_alloc=7062.6MB, cuda_free=2511.8MB, cuda_total=48519.1MB
[2026-06-11 14:40:55] Epoch 11 train batch [1280/1875] loss=0.3749 avg_loss=0.2892. Resources: rss=2164.5MB, peak_rss=2629.6MB, cuda_alloc=360.6MB, cuda_reserved=45456.0MB, cuda_peak_alloc=7062.6MB, cuda_free=2511.8MB, cuda_total=48519.1MB
[2026-06-11 14:41:00] Epoch 11 train batch [1300/1875] loss=0.2721 avg_loss=0.2915. Resources: rss=2163.4MB, peak_rss=2629.6MB, cuda_alloc=360.6MB, cuda_reserved=37296.0MB, cuda_peak_alloc=7062.6MB, cuda_free=10671.8MB, cuda_total=48519.1MB
[2026-06-11 14:41:05] Epoch 11 train batch [1320/1875] loss=0.4301 avg_loss=0.2921. Resources: rss=2163.7MB, peak_rss=2629.6MB, cuda_alloc=360.6MB, cuda_reserved=37516.0MB, cuda_peak_alloc=7062.6MB, cuda_free=10451.8MB, cuda_total=48519.1MB
[2026-06-11 14:41:10] Epoch 11 train batch [1340/1875] loss=0.3321 avg_loss=0.2920. Resources: rss=2164.7MB, peak_rss=2629.6MB, cuda_alloc=360.6MB, cuda_reserved=33956.0MB, cuda_peak_alloc=7062.6MB, cuda_free=14011.8MB, cuda_total=48519.1MB
[2026-06-11 14:41:15] Epoch 11 train batch [1360/1875] loss=0.1807 avg_loss=0.2920. Resources: rss=2164.2MB, peak_rss=2629.6MB, cuda_alloc=360.6MB, cuda_reserved=46276.0MB, cuda_peak_alloc=7062.6MB, cuda_free=1691.8MB, cuda_total=48519.1MB
[2026-06-11 14:41:21] Epoch 11 train batch [1380/1875] loss=0.2410 avg_loss=0.2920. Resources: rss=2164.2MB, peak_rss=2629.6MB, cuda_alloc=360.6MB, cuda_reserved=8816.0MB, cuda_peak_alloc=7062.6MB, cuda_free=39151.8MB, cuda_total=48519.1MB
[2026-06-11 14:41:26] Epoch 11 train batch [1400/1875] loss=0.2439 avg_loss=0.2920. Resources: rss=2164.0MB, peak_rss=2629.6MB, cuda_alloc=360.6MB, cuda_reserved=30176.0MB, cuda_peak_alloc=7062.6MB, cuda_free=17791.8MB, cuda_total=48519.1MB
[2026-06-11 14:41:31] Epoch 11 train batch [1420/1875] loss=0.3334 avg_loss=0.2914. Resources: rss=2165.0MB, peak_rss=2629.6MB, cuda_alloc=360.6MB, cuda_reserved=32056.0MB, cuda_peak_alloc=7062.6MB, cuda_free=15911.8MB, cuda_total=48519.1MB
[2026-06-11 14:41:37] Epoch 11 train batch [1440/1875] loss=0.5033 avg_loss=0.2920. Resources: rss=2164.0MB, peak_rss=2629.6MB, cuda_alloc=360.6MB, cuda_reserved=34636.0MB, cuda_peak_alloc=7062.6MB, cuda_free=13331.8MB, cuda_total=48519.1MB
[2026-06-11 14:41:41] Epoch 11 train batch [1460/1875] loss=0.5120 avg_loss=0.2915. Resources: rss=2164.0MB, peak_rss=2629.6MB, cuda_alloc=360.6MB, cuda_reserved=40256.0MB, cuda_peak_alloc=7062.6MB, cuda_free=7711.8MB, cuda_total=48519.1MB
[2026-06-11 14:41:45] Epoch 11 train batch [1480/1875] loss=0.2212 avg_loss=0.2917. Resources: rss=2165.5MB, peak_rss=2629.6MB, cuda_alloc=360.6MB, cuda_reserved=40256.0MB, cuda_peak_alloc=7062.6MB, cuda_free=7711.8MB, cuda_total=48519.1MB
[2026-06-11 14:41:50] Epoch 11 train batch [1500/1875] loss=0.4190 avg_loss=0.2915. Resources: rss=2164.3MB, peak_rss=2629.6MB, cuda_alloc=360.6MB, cuda_reserved=40256.0MB, cuda_peak_alloc=7062.6MB, cuda_free=7711.8MB, cuda_total=48519.1MB
[2026-06-11 14:41:54] Epoch 11 train batch [1520/1875] loss=0.2615 avg_loss=0.2916. Resources: rss=2164.2MB, peak_rss=2629.6MB, cuda_alloc=360.6MB, cuda_reserved=40256.0MB, cuda_peak_alloc=7062.6MB, cuda_free=7711.8MB, cuda_total=48519.1MB
[2026-06-11 14:42:00] Epoch 11 train batch [1540/1875] loss=0.3309 avg_loss=0.2917. Resources: rss=2163.5MB, peak_rss=2629.6MB, cuda_alloc=360.6MB, cuda_reserved=14936.0MB, cuda_peak_alloc=7062.6MB, cuda_free=33031.8MB, cuda_total=48519.1MB
[2026-06-11 14:42:05] Epoch 11 train batch [1560/1875] loss=0.2419 avg_loss=0.2911. Resources: rss=2164.3MB, peak_rss=2629.6MB, cuda_alloc=360.6MB, cuda_reserved=7356.0MB, cuda_peak_alloc=7062.6MB, cuda_free=40611.8MB, cuda_total=48519.1MB
[2026-06-11 14:42:09] Epoch 11 train batch [1580/1875] loss=0.2225 avg_loss=0.2908. Resources: rss=2165.3MB, peak_rss=2629.6MB, cuda_alloc=360.6MB, cuda_reserved=33816.0MB, cuda_peak_alloc=7062.6MB, cuda_free=14151.8MB, cuda_total=48519.1MB
[2026-06-11 14:42:14] Epoch 11 train batch [1600/1875] loss=0.2735 avg_loss=0.2909. Resources: rss=2163.5MB, peak_rss=2629.6MB, cuda_alloc=360.6MB, cuda_reserved=40276.0MB, cuda_peak_alloc=7062.6MB, cuda_free=7691.8MB, cuda_total=48519.1MB
[2026-06-11 14:42:18] Epoch 11 train batch [1620/1875] loss=0.3793 avg_loss=0.2908. Resources: rss=2164.4MB, peak_rss=2629.6MB, cuda_alloc=360.6MB, cuda_reserved=40276.0MB, cuda_peak_alloc=7062.6MB, cuda_free=6742.4MB, cuda_total=48519.1MB
[2026-06-11 14:42:23] Epoch 11 train batch [1640/1875] loss=0.2859 avg_loss=0.2905. Resources: rss=2164.7MB, peak_rss=2629.6MB, cuda_alloc=360.6MB, cuda_reserved=40716.0MB, cuda_peak_alloc=7062.6MB, cuda_free=5702.4MB, cuda_total=48519.1MB
[2026-06-11 14:42:27] Epoch 11 train batch [1660/1875] loss=0.1715 avg_loss=0.2907. Resources: rss=2163.8MB, peak_rss=2629.6MB, cuda_alloc=360.6MB, cuda_reserved=40716.0MB, cuda_peak_alloc=7062.6MB, cuda_free=5702.4MB, cuda_total=48519.1MB
[2026-06-11 14:42:32] Epoch 11 train batch [1680/1875] loss=0.1604 avg_loss=0.2903. Resources: rss=2164.9MB, peak_rss=2629.6MB, cuda_alloc=360.6MB, cuda_reserved=40716.0MB, cuda_peak_alloc=7062.6MB, cuda_free=5702.4MB, cuda_total=48519.1MB
[2026-06-11 14:42:37] Epoch 11 train batch [1700/1875] loss=0.2328 avg_loss=0.2898. Resources: rss=2163.9MB, peak_rss=2629.6MB, cuda_alloc=360.6MB, cuda_reserved=44036.0MB, cuda_peak_alloc=7062.6MB, cuda_free=564.4MB, cuda_total=48519.1MB
[2026-06-11 14:42:41] Epoch 11 train batch [1720/1875] loss=0.4231 avg_loss=0.2900. Resources: rss=2164.6MB, peak_rss=2629.6MB, cuda_alloc=360.6MB, cuda_reserved=44036.0MB, cuda_peak_alloc=7062.6MB, cuda_free=3931.8MB, cuda_total=48519.1MB
[2026-06-11 14:42:46] Epoch 11 train batch [1740/1875] loss=0.2394 avg_loss=0.2896. Resources: rss=2165.3MB, peak_rss=2629.6MB, cuda_alloc=360.6MB, cuda_reserved=44036.0MB, cuda_peak_alloc=7062.6MB, cuda_free=3931.8MB, cuda_total=48519.1MB
[2026-06-11 14:42:50] Epoch 11 train batch [1760/1875] loss=0.4937 avg_loss=0.2899. Resources: rss=2165.0MB, peak_rss=2629.6MB, cuda_alloc=351.4MB, cuda_reserved=44036.0MB, cuda_peak_alloc=7062.6MB, cuda_free=3931.8MB, cuda_total=48519.1MB
[2026-06-11 14:42:55] Epoch 11 train batch [1780/1875] loss=0.2319 avg_loss=0.2898. Resources: rss=2165.2MB, peak_rss=2629.6MB, cuda_alloc=360.6MB, cuda_reserved=44036.0MB, cuda_peak_alloc=7062.6MB, cuda_free=3931.8MB, cuda_total=48519.1MB
[2026-06-11 14:42:59] Epoch 11 train batch [1800/1875] loss=0.2246 avg_loss=0.2895. Resources: rss=2165.7MB, peak_rss=2629.6MB, cuda_alloc=360.6MB, cuda_reserved=44036.0MB, cuda_peak_alloc=7062.6MB, cuda_free=3931.8MB, cuda_total=48519.1MB
[2026-06-11 14:43:03] Epoch 11 train batch [1820/1875] loss=0.2332 avg_loss=0.2899. Resources: rss=2164.9MB, peak_rss=2629.6MB, cuda_alloc=360.6MB, cuda_reserved=44036.0MB, cuda_peak_alloc=7062.6MB, cuda_free=3931.8MB, cuda_total=48519.1MB
[2026-06-11 14:43:08] Epoch 11 train batch [1840/1875] loss=0.5458 avg_loss=0.2901. Resources: rss=2166.3MB, peak_rss=2629.6MB, cuda_alloc=360.6MB, cuda_reserved=44036.0MB, cuda_peak_alloc=7062.6MB, cuda_free=3931.8MB, cuda_total=48519.1MB
[2026-06-11 14:43:12] Epoch 11 train batch [1860/1875] loss=0.3085 avg_loss=0.2901. Resources: rss=2166.2MB, peak_rss=2629.6MB, cuda_alloc=360.6MB, cuda_reserved=44036.0MB, cuda_peak_alloc=7062.6MB, cuda_free=3931.8MB, cuda_total=48519.1MB
[2026-06-11 14:43:15] Epoch 11 train batch [1875/1875] loss=0.0915 avg_loss=0.2899. Resources: rss=2165.8MB, peak_rss=2629.6MB, cuda_alloc=360.6MB, cuda_reserved=44036.0MB, cuda_peak_alloc=7062.6MB, cuda_free=3931.8MB, cuda_total=48519.1MB
[2026-06-11 14:43:16] Epoch 11 training completed. Resources: rss=2157.4MB, peak_rss=2629.6MB, cuda_alloc=360.6MB, cuda_reserved=44036.0MB, cuda_peak_alloc=7062.6MB, cuda_free=3931.8MB, cuda_total=48519.1MB
[2026-06-11 14:43:16] Epoch 11 cache released before validation loss. Resources: rss=2156.9MB, peak_rss=2629.6MB, cuda_alloc=360.6MB, cuda_reserved=478.0MB, cuda_peak_alloc=360.6MB, cuda_free=47489.8MB, cuda_total=48519.1MB
[2026-06-11 14:43:49] Epoch 11 validation loss completed: 0.4834. Resources: rss=2154.6MB, peak_rss=2629.6MB, cuda_alloc=360.6MB, cuda_reserved=5726.0MB, cuda_peak_alloc=2034.0MB, cuda_free=42241.8MB, cuda_total=48519.1MB
[2026-06-11 14:43:50] Epoch 11 cache released before detection metrics. Resources: rss=2154.6MB, peak_rss=2629.6MB, cuda_alloc=360.6MB, cuda_reserved=478.0MB, cuda_peak_alloc=360.6MB, cuda_free=47489.8MB, cuda_total=48519.1MB
[2026-06-11 14:44:26] Epoch 11 prediction tensors moved to CPU. Computing metrics. Resources: rss=2154.9MB, peak_rss=2629.6MB, cuda_alloc=360.6MB, cuda_reserved=478.0MB, cuda_peak_alloc=360.6MB, cuda_free=47489.8MB, cuda_total=48519.1MB
[2026-06-11 14:44:26] Epoch 11 metrics computed (mAP@0.5 only). Saving artifacts. Resources: rss=2157.2MB, peak_rss=2629.6MB, cuda_alloc=360.6MB, cuda_reserved=478.0MB, cuda_peak_alloc=360.6MB, cuda_free=47489.8MB, cuda_total=48519.1MB
[2026-06-11 14:44:26] Epoch 11 did not improve mAP@0.5 enough. Early stopping counter: 1/10.
Epoch [11/50]
├── Train Loss : 0.2899
│   ├── loss_classifier  : 0.1612
│   ├── loss_box_reg     : 0.1286
│   ├── loss_objectness  : 0.0000
│   └── loss_rpn_box_reg : 0.0000
├── Val Loss   : 0.4834
├── mAP@0.5    : 0.7386
├── mAP@0.75   : n/a
├── mAP@0.5:0.95 : n/a
├── Precision  : 0.0607
├── Recall     : 0.9401
├── GT Boxes   : 2021
├── Predictions: 31299
├── Per-class AP
│   ├── person  : AP50=0.8128, AP75=n/a, AP50:95=n/a, P=0.0927, R=0.9469
│   ├── car     : AP50=0.7553, AP75=n/a, AP50:95=n/a, P=0.0631, R=0.9470
│   ├── dog     : AP50=0.8071, AP75=n/a, AP50:95=n/a, P=0.0457, R=0.9757
│   ├── cat     : AP50=0.8597, AP75=n/a, AP50:95=n/a, P=0.0630, R=0.9773
│   └── chair   : AP50=0.4582, AP75=n/a, AP50:95=n/a, P=0.0270, R=0.8582
├── LR         : 0.000934
└── Time       : 497.7s
[2026-06-11 14:44:26] Epoch [11/50] completed. Resources: rss=2154.2MB, peak_rss=2629.6MB, cuda_alloc=360.6MB, cuda_reserved=478.0MB, cuda_peak_alloc=360.6MB, cuda_free=47489.8MB, cuda_total=48519.1MB
[2026-06-11 14:44:26] Epoch [12/50] started. Resources: rss=2154.2MB, peak_rss=2629.6MB, cuda_alloc=360.6MB, cuda_reserved=478.0MB, cuda_peak_alloc=360.6MB, cuda_free=47489.8MB, cuda_total=48519.1MB
[2026-06-11 14:44:32] Epoch 12 train batch [20/1875] loss=0.6107 avg_loss=0.2742. Resources: rss=2163.5MB, peak_rss=2629.6MB, cuda_alloc=360.6MB, cuda_reserved=26016.0MB, cuda_peak_alloc=7061.9MB, cuda_free=21951.8MB, cuda_total=48519.1MB
[2026-06-11 14:44:37] Epoch 12 train batch [40/1875] loss=0.2164 avg_loss=0.2723. Resources: rss=2163.9MB, peak_rss=2629.6MB, cuda_alloc=360.6MB, cuda_reserved=39896.0MB, cuda_peak_alloc=7061.9MB, cuda_free=8071.8MB, cuda_total=48519.1MB
[2026-06-11 14:44:41] Epoch 12 train batch [60/1875] loss=0.2119 avg_loss=0.2702. Resources: rss=2164.4MB, peak_rss=2629.6MB, cuda_alloc=360.6MB, cuda_reserved=39896.0MB, cuda_peak_alloc=7061.9MB, cuda_free=8071.8MB, cuda_total=48519.1MB
[2026-06-11 14:44:45] Epoch 12 train batch [80/1875] loss=0.3643 avg_loss=0.2761. Resources: rss=2164.5MB, peak_rss=2629.6MB, cuda_alloc=360.6MB, cuda_reserved=39896.0MB, cuda_peak_alloc=7062.2MB, cuda_free=8071.8MB, cuda_total=48519.1MB
[2026-06-11 14:44:50] Epoch 12 train batch [100/1875] loss=0.1157 avg_loss=0.2641. Resources: rss=2163.6MB, peak_rss=2629.6MB, cuda_alloc=360.6MB, cuda_reserved=39896.0MB, cuda_peak_alloc=7062.2MB, cuda_free=8071.8MB, cuda_total=48519.1MB
[2026-06-11 14:44:54] Epoch 12 train batch [120/1875] loss=0.3926 avg_loss=0.2662. Resources: rss=2162.1MB, peak_rss=2629.6MB, cuda_alloc=360.6MB, cuda_reserved=39896.0MB, cuda_peak_alloc=7062.2MB, cuda_free=8071.8MB, cuda_total=48519.1MB
[2026-06-11 14:44:58] Epoch 12 train batch [140/1875] loss=0.1216 avg_loss=0.2607. Resources: rss=2162.4MB, peak_rss=2629.6MB, cuda_alloc=360.6MB, cuda_reserved=39896.0MB, cuda_peak_alloc=7062.2MB, cuda_free=8071.8MB, cuda_total=48519.1MB
[2026-06-11 14:45:03] Epoch 12 train batch [160/1875] loss=0.1567 avg_loss=0.2537. Resources: rss=2163.8MB, peak_rss=2629.6MB, cuda_alloc=360.6MB, cuda_reserved=41756.0MB, cuda_peak_alloc=7062.2MB, cuda_free=6211.8MB, cuda_total=48519.1MB
[2026-06-11 14:45:07] Epoch 12 train batch [180/1875] loss=0.3582 avg_loss=0.2582. Resources: rss=2163.4MB, peak_rss=2629.6MB, cuda_alloc=360.6MB, cuda_reserved=41756.0MB, cuda_peak_alloc=7062.2MB, cuda_free=6211.8MB, cuda_total=48519.1MB
[2026-06-11 14:45:12] Epoch 12 train batch [200/1875] loss=0.4515 avg_loss=0.2558. Resources: rss=2163.5MB, peak_rss=2629.6MB, cuda_alloc=360.6MB, cuda_reserved=46176.0MB, cuda_peak_alloc=7062.2MB, cuda_free=1791.8MB, cuda_total=48519.1MB
[2026-06-11 14:45:16] Epoch 12 train batch [220/1875] loss=0.2478 avg_loss=0.2578. Resources: rss=2163.9MB, peak_rss=2629.6MB, cuda_alloc=360.6MB, cuda_reserved=46176.0MB, cuda_peak_alloc=7062.2MB, cuda_free=1791.8MB, cuda_total=48519.1MB
[2026-06-11 14:45:20] Epoch 12 train batch [240/1875] loss=0.1884 avg_loss=0.2569. Resources: rss=2163.6MB, peak_rss=2629.6MB, cuda_alloc=360.6MB, cuda_reserved=46176.0MB, cuda_peak_alloc=7062.2MB, cuda_free=1791.8MB, cuda_total=48519.1MB
[2026-06-11 14:45:25] Epoch 12 train batch [260/1875] loss=0.2538 avg_loss=0.2576. Resources: rss=2164.6MB, peak_rss=2629.6MB, cuda_alloc=360.6MB, cuda_reserved=46176.0MB, cuda_peak_alloc=7062.2MB, cuda_free=1791.8MB, cuda_total=48519.1MB
[2026-06-11 14:45:29] Epoch 12 train batch [280/1875] loss=0.1608 avg_loss=0.2556. Resources: rss=2163.3MB, peak_rss=2629.6MB, cuda_alloc=360.6MB, cuda_reserved=46176.0MB, cuda_peak_alloc=7062.2MB, cuda_free=1791.8MB, cuda_total=48519.1MB
[2026-06-11 14:45:34] Epoch 12 train batch [300/1875] loss=0.2800 avg_loss=0.2573. Resources: rss=2163.5MB, peak_rss=2629.6MB, cuda_alloc=360.6MB, cuda_reserved=46176.0MB, cuda_peak_alloc=7062.2MB, cuda_free=1791.8MB, cuda_total=48519.1MB
[2026-06-11 14:45:38] Epoch 12 train batch [320/1875] loss=0.2799 avg_loss=0.2571. Resources: rss=2163.0MB, peak_rss=2629.6MB, cuda_alloc=351.4MB, cuda_reserved=46176.0MB, cuda_peak_alloc=7062.2MB, cuda_free=1791.8MB, cuda_total=48519.1MB
[2026-06-11 14:45:42] Epoch 12 train batch [340/1875] loss=0.2651 avg_loss=0.2590. Resources: rss=2163.0MB, peak_rss=2629.6MB, cuda_alloc=360.6MB, cuda_reserved=46176.0MB, cuda_peak_alloc=7062.6MB, cuda_free=1791.8MB, cuda_total=48519.1MB
[2026-06-11 14:45:47] Epoch 12 train batch [360/1875] loss=0.5994 avg_loss=0.2618. Resources: rss=2163.5MB, peak_rss=2629.6MB, cuda_alloc=360.6MB, cuda_reserved=46176.0MB, cuda_peak_alloc=7062.6MB, cuda_free=1791.8MB, cuda_total=48519.1MB
[2026-06-11 14:45:52] Epoch 12 train batch [380/1875] loss=0.3370 avg_loss=0.2622. Resources: rss=2163.7MB, peak_rss=2629.6MB, cuda_alloc=360.6MB, cuda_reserved=28536.0MB, cuda_peak_alloc=7062.6MB, cuda_free=19431.8MB, cuda_total=48519.1MB
[2026-06-11 14:45:57] Epoch 12 train batch [400/1875] loss=0.2703 avg_loss=0.2634. Resources: rss=2163.1MB, peak_rss=2629.6MB, cuda_alloc=360.6MB, cuda_reserved=38716.0MB, cuda_peak_alloc=7062.6MB, cuda_free=9251.8MB, cuda_total=48519.1MB
[2026-06-11 14:46:02] Epoch 12 train batch [420/1875] loss=0.1993 avg_loss=0.2629. Resources: rss=2163.2MB, peak_rss=2629.6MB, cuda_alloc=360.6MB, cuda_reserved=21076.0MB, cuda_peak_alloc=7062.6MB, cuda_free=26891.8MB, cuda_total=48519.1MB
[2026-06-11 14:46:07] Epoch 12 train batch [440/1875] loss=0.3010 avg_loss=0.2629. Resources: rss=2163.1MB, peak_rss=2629.6MB, cuda_alloc=360.6MB, cuda_reserved=10996.0MB, cuda_peak_alloc=7062.6MB, cuda_free=36971.8MB, cuda_total=48519.1MB
[2026-06-11 14:46:12] Epoch 12 train batch [460/1875] loss=0.1560 avg_loss=0.2677. Resources: rss=2164.8MB, peak_rss=2629.6MB, cuda_alloc=360.6MB, cuda_reserved=34436.0MB, cuda_peak_alloc=7062.6MB, cuda_free=13531.8MB, cuda_total=48519.1MB
[2026-06-11 14:46:16] Epoch 12 train batch [480/1875] loss=0.1239 avg_loss=0.2659. Resources: rss=2164.9MB, peak_rss=2629.6MB, cuda_alloc=360.6MB, cuda_reserved=34436.0MB, cuda_peak_alloc=7062.6MB, cuda_free=13531.8MB, cuda_total=48519.1MB
[2026-06-11 14:46:20] Epoch 12 train batch [500/1875] loss=0.2207 avg_loss=0.2661. Resources: rss=2164.5MB, peak_rss=2629.6MB, cuda_alloc=360.6MB, cuda_reserved=34436.0MB, cuda_peak_alloc=7062.6MB, cuda_free=13531.8MB, cuda_total=48519.1MB
[2026-06-11 14:46:25] Epoch 12 train batch [520/1875] loss=0.2337 avg_loss=0.2665. Resources: rss=2165.6MB, peak_rss=2629.6MB, cuda_alloc=360.6MB, cuda_reserved=37896.0MB, cuda_peak_alloc=7062.6MB, cuda_free=10071.8MB, cuda_total=48519.1MB
[2026-06-11 14:46:30] Epoch 12 train batch [540/1875] loss=0.2550 avg_loss=0.2654. Resources: rss=2165.2MB, peak_rss=2629.6MB, cuda_alloc=360.6MB, cuda_reserved=8076.0MB, cuda_peak_alloc=7062.6MB, cuda_free=39891.8MB, cuda_total=48519.1MB
[2026-06-11 14:46:34] Epoch 12 train batch [560/1875] loss=0.3230 avg_loss=0.2643. Resources: rss=2164.4MB, peak_rss=2629.6MB, cuda_alloc=360.6MB, cuda_reserved=34196.0MB, cuda_peak_alloc=7062.6MB, cuda_free=13771.8MB, cuda_total=48519.1MB
[2026-06-11 14:46:39] Epoch 12 train batch [580/1875] loss=0.1775 avg_loss=0.2650. Resources: rss=2164.2MB, peak_rss=2629.6MB, cuda_alloc=360.6MB, cuda_reserved=46696.0MB, cuda_peak_alloc=7062.6MB, cuda_free=1271.8MB, cuda_total=48519.1MB
[2026-06-11 14:46:44] Epoch 12 train batch [600/1875] loss=0.1064 avg_loss=0.2643. Resources: rss=2164.1MB, peak_rss=2629.6MB, cuda_alloc=360.6MB, cuda_reserved=30076.0MB, cuda_peak_alloc=7062.6MB, cuda_free=17891.8MB, cuda_total=48519.1MB
[2026-06-11 14:46:48] Epoch 12 train batch [620/1875] loss=0.1645 avg_loss=0.2635. Resources: rss=2165.1MB, peak_rss=2629.6MB, cuda_alloc=360.6MB, cuda_reserved=47016.0MB, cuda_peak_alloc=7062.6MB, cuda_free=951.8MB, cuda_total=48519.1MB
[2026-06-11 14:46:53] Epoch 12 train batch [640/1875] loss=0.3325 avg_loss=0.2635. Resources: rss=2163.9MB, peak_rss=2629.6MB, cuda_alloc=360.6MB, cuda_reserved=30836.0MB, cuda_peak_alloc=7062.6MB, cuda_free=17131.8MB, cuda_total=48519.1MB
[2026-06-11 14:46:58] Epoch 12 train batch [660/1875] loss=0.2033 avg_loss=0.2637. Resources: rss=2164.3MB, peak_rss=2629.6MB, cuda_alloc=360.6MB, cuda_reserved=39896.0MB, cuda_peak_alloc=7062.6MB, cuda_free=8071.8MB, cuda_total=48519.1MB
[2026-06-11 14:47:02] Epoch 12 train batch [680/1875] loss=0.1642 avg_loss=0.2628. Resources: rss=2165.1MB, peak_rss=2629.6MB, cuda_alloc=360.6MB, cuda_reserved=42216.0MB, cuda_peak_alloc=7062.6MB, cuda_free=5751.8MB, cuda_total=48519.1MB
[2026-06-11 14:47:08] Epoch 12 train batch [700/1875] loss=0.2093 avg_loss=0.2628. Resources: rss=2164.9MB, peak_rss=2629.6MB, cuda_alloc=360.6MB, cuda_reserved=9716.0MB, cuda_peak_alloc=7062.6MB, cuda_free=38251.8MB, cuda_total=48519.1MB
[2026-06-11 14:47:13] Epoch 12 train batch [720/1875] loss=0.3394 avg_loss=0.2627. Resources: rss=2165.8MB, peak_rss=2629.6MB, cuda_alloc=360.6MB, cuda_reserved=27656.0MB, cuda_peak_alloc=7062.6MB, cuda_free=20311.8MB, cuda_total=48519.1MB
[2026-06-11 14:47:18] Epoch 12 train batch [740/1875] loss=0.1676 avg_loss=0.2620. Resources: rss=2164.4MB, peak_rss=2629.6MB, cuda_alloc=360.6MB, cuda_reserved=6976.0MB, cuda_peak_alloc=7062.6MB, cuda_free=40991.8MB, cuda_total=48519.1MB
[2026-06-11 14:47:22] Epoch 12 train batch [760/1875] loss=0.2511 avg_loss=0.2614. Resources: rss=2164.7MB, peak_rss=2629.6MB, cuda_alloc=360.6MB, cuda_reserved=32816.0MB, cuda_peak_alloc=7062.6MB, cuda_free=15151.8MB, cuda_total=48519.1MB
[2026-06-11 14:47:26] Epoch 12 train batch [780/1875] loss=0.2297 avg_loss=0.2614. Resources: rss=2164.4MB, peak_rss=2629.6MB, cuda_alloc=360.6MB, cuda_reserved=34236.0MB, cuda_peak_alloc=7062.6MB, cuda_free=13731.8MB, cuda_total=48519.1MB
[2026-06-11 14:47:30] Epoch 12 train batch [800/1875] loss=0.2212 avg_loss=0.2608. Resources: rss=2164.8MB, peak_rss=2629.6MB, cuda_alloc=360.6MB, cuda_reserved=34236.0MB, cuda_peak_alloc=7062.6MB, cuda_free=13731.8MB, cuda_total=48519.1MB
[2026-06-11 14:47:36] Epoch 12 train batch [820/1875] loss=0.3093 avg_loss=0.2602. Resources: rss=2164.2MB, peak_rss=2629.6MB, cuda_alloc=360.6MB, cuda_reserved=25136.0MB, cuda_peak_alloc=7062.6MB, cuda_free=22831.8MB, cuda_total=48519.1MB
[2026-06-11 14:47:41] Epoch 12 train batch [840/1875] loss=0.3097 avg_loss=0.2600. Resources: rss=2164.3MB, peak_rss=2629.6MB, cuda_alloc=360.6MB, cuda_reserved=34496.0MB, cuda_peak_alloc=7062.6MB, cuda_free=13471.8MB, cuda_total=48519.1MB
[2026-06-11 14:47:45] Epoch 12 train batch [860/1875] loss=0.2222 avg_loss=0.2632. Resources: rss=2164.7MB, peak_rss=2629.6MB, cuda_alloc=360.6MB, cuda_reserved=36516.0MB, cuda_peak_alloc=7062.6MB, cuda_free=11451.8MB, cuda_total=48519.1MB
[2026-06-11 14:47:49] Epoch 12 train batch [880/1875] loss=0.2831 avg_loss=0.2635. Resources: rss=2165.4MB, peak_rss=2629.6MB, cuda_alloc=360.6MB, cuda_reserved=36516.0MB, cuda_peak_alloc=7062.6MB, cuda_free=11451.8MB, cuda_total=48519.1MB
[2026-06-11 14:47:53] Epoch 12 train batch [900/1875] loss=0.2692 avg_loss=0.2634. Resources: rss=2165.8MB, peak_rss=2629.6MB, cuda_alloc=360.6MB, cuda_reserved=36516.0MB, cuda_peak_alloc=7062.6MB, cuda_free=11451.8MB, cuda_total=48519.1MB
[2026-06-11 14:47:58] Epoch 12 train batch [920/1875] loss=0.1133 avg_loss=0.2635. Resources: rss=2166.0MB, peak_rss=2629.6MB, cuda_alloc=360.6MB, cuda_reserved=36516.0MB, cuda_peak_alloc=7062.6MB, cuda_free=11451.8MB, cuda_total=48519.1MB
[2026-06-11 14:48:02] Epoch 12 train batch [940/1875] loss=0.2952 avg_loss=0.2634. Resources: rss=2165.3MB, peak_rss=2629.6MB, cuda_alloc=360.6MB, cuda_reserved=36516.0MB, cuda_peak_alloc=7062.6MB, cuda_free=11451.8MB, cuda_total=48519.1MB
[2026-06-11 14:48:06] Epoch 12 train batch [960/1875] loss=0.3582 avg_loss=0.2630. Resources: rss=2165.9MB, peak_rss=2629.6MB, cuda_alloc=360.6MB, cuda_reserved=36516.0MB, cuda_peak_alloc=7062.6MB, cuda_free=11451.8MB, cuda_total=48519.1MB
[2026-06-11 14:48:11] Epoch 12 train batch [980/1875] loss=0.2933 avg_loss=0.2626. Resources: rss=2165.9MB, peak_rss=2629.6MB, cuda_alloc=360.6MB, cuda_reserved=37396.0MB, cuda_peak_alloc=7062.6MB, cuda_free=10571.8MB, cuda_total=48519.1MB
[2026-06-11 14:48:15] Epoch 12 train batch [1000/1875] loss=0.3855 avg_loss=0.2628. Resources: rss=2165.9MB, peak_rss=2629.6MB, cuda_alloc=360.6MB, cuda_reserved=37396.0MB, cuda_peak_alloc=7062.6MB, cuda_free=10571.8MB, cuda_total=48519.1MB
[2026-06-11 14:48:19] Epoch 12 train batch [1020/1875] loss=0.2827 avg_loss=0.2629. Resources: rss=2165.5MB, peak_rss=2629.6MB, cuda_alloc=360.6MB, cuda_reserved=37396.0MB, cuda_peak_alloc=7062.6MB, cuda_free=10571.8MB, cuda_total=48519.1MB
[2026-06-11 14:48:24] Epoch 12 train batch [1040/1875] loss=0.3096 avg_loss=0.2625. Resources: rss=2165.6MB, peak_rss=2629.6MB, cuda_alloc=360.6MB, cuda_reserved=37396.0MB, cuda_peak_alloc=7062.6MB, cuda_free=10571.8MB, cuda_total=48519.1MB
[2026-06-11 14:48:28] Epoch 12 train batch [1060/1875] loss=0.2442 avg_loss=0.2620. Resources: rss=2165.2MB, peak_rss=2629.6MB, cuda_alloc=360.6MB, cuda_reserved=38976.0MB, cuda_peak_alloc=7062.6MB, cuda_free=8991.8MB, cuda_total=48519.1MB
[2026-06-11 14:48:32] Epoch 12 train batch [1080/1875] loss=0.3829 avg_loss=0.2627. Resources: rss=2166.7MB, peak_rss=2629.6MB, cuda_alloc=360.6MB, cuda_reserved=38976.0MB, cuda_peak_alloc=7062.6MB, cuda_free=8991.8MB, cuda_total=48519.1MB
[2026-06-11 14:48:37] Epoch 12 train batch [1100/1875] loss=0.2600 avg_loss=0.2620. Resources: rss=2167.6MB, peak_rss=2629.6MB, cuda_alloc=360.6MB, cuda_reserved=44556.0MB, cuda_peak_alloc=7062.6MB, cuda_free=3411.8MB, cuda_total=48519.1MB
[2026-06-11 14:48:41] Epoch 12 train batch [1120/1875] loss=0.1225 avg_loss=0.2615. Resources: rss=2166.6MB, peak_rss=2629.6MB, cuda_alloc=360.6MB, cuda_reserved=44556.0MB, cuda_peak_alloc=7062.6MB, cuda_free=3411.8MB, cuda_total=48519.1MB
[2026-06-11 14:48:46] Epoch 12 train batch [1140/1875] loss=0.4274 avg_loss=0.2623. Resources: rss=2166.2MB, peak_rss=2629.6MB, cuda_alloc=360.6MB, cuda_reserved=44556.0MB, cuda_peak_alloc=7062.6MB, cuda_free=3411.8MB, cuda_total=48519.1MB
[2026-06-11 14:48:50] Epoch 12 train batch [1160/1875] loss=0.6554 avg_loss=0.2626. Resources: rss=2166.8MB, peak_rss=2629.6MB, cuda_alloc=360.6MB, cuda_reserved=44556.0MB, cuda_peak_alloc=7062.6MB, cuda_free=3411.8MB, cuda_total=48519.1MB
[2026-06-11 14:48:54] Epoch 12 train batch [1180/1875] loss=0.1452 avg_loss=0.2634. Resources: rss=2167.5MB, peak_rss=2629.6MB, cuda_alloc=360.6MB, cuda_reserved=44556.0MB, cuda_peak_alloc=7062.6MB, cuda_free=3411.8MB, cuda_total=48519.1MB
[2026-06-11 14:48:59] Epoch 12 train batch [1200/1875] loss=0.2755 avg_loss=0.2639. Resources: rss=2167.3MB, peak_rss=2629.6MB, cuda_alloc=360.6MB, cuda_reserved=44556.0MB, cuda_peak_alloc=7062.6MB, cuda_free=3411.8MB, cuda_total=48519.1MB
[2026-06-11 14:49:03] Epoch 12 train batch [1220/1875] loss=0.1574 avg_loss=0.2630. Resources: rss=2166.9MB, peak_rss=2629.6MB, cuda_alloc=360.6MB, cuda_reserved=44556.0MB, cuda_peak_alloc=7062.6MB, cuda_free=3411.8MB, cuda_total=48519.1MB
[2026-06-11 14:49:07] Epoch 12 train batch [1240/1875] loss=0.2017 avg_loss=0.2630. Resources: rss=2166.2MB, peak_rss=2629.6MB, cuda_alloc=360.6MB, cuda_reserved=44556.0MB, cuda_peak_alloc=7062.6MB, cuda_free=3411.8MB, cuda_total=48519.1MB
[2026-06-11 14:49:11] Epoch 12 train batch [1260/1875] loss=0.2584 avg_loss=0.2630. Resources: rss=2166.1MB, peak_rss=2629.6MB, cuda_alloc=360.6MB, cuda_reserved=44556.0MB, cuda_peak_alloc=7062.6MB, cuda_free=3411.8MB, cuda_total=48519.1MB
[2026-06-11 14:49:16] Epoch 12 train batch [1280/1875] loss=0.2426 avg_loss=0.2623. Resources: rss=2166.7MB, peak_rss=2629.6MB, cuda_alloc=360.6MB, cuda_reserved=44556.0MB, cuda_peak_alloc=7062.6MB, cuda_free=3411.8MB, cuda_total=48519.1MB
[2026-06-11 14:49:20] Epoch 12 train batch [1300/1875] loss=0.2209 avg_loss=0.2621. Resources: rss=2166.4MB, peak_rss=2629.6MB, cuda_alloc=360.6MB, cuda_reserved=44556.0MB, cuda_peak_alloc=7062.6MB, cuda_free=3411.8MB, cuda_total=48519.1MB
[2026-06-11 14:49:24] Epoch 12 train batch [1320/1875] loss=0.2303 avg_loss=0.2614. Resources: rss=2166.7MB, peak_rss=2629.6MB, cuda_alloc=360.6MB, cuda_reserved=44556.0MB, cuda_peak_alloc=7062.6MB, cuda_free=3411.8MB, cuda_total=48519.1MB
[2026-06-11 14:49:29] Epoch 12 train batch [1340/1875] loss=0.2268 avg_loss=0.2609. Resources: rss=2165.9MB, peak_rss=2629.6MB, cuda_alloc=360.6MB, cuda_reserved=44556.0MB, cuda_peak_alloc=7062.6MB, cuda_free=3411.8MB, cuda_total=48519.1MB
[2026-06-11 14:49:33] Epoch 12 train batch [1360/1875] loss=0.2771 avg_loss=0.2606. Resources: rss=2166.6MB, peak_rss=2629.6MB, cuda_alloc=360.6MB, cuda_reserved=44556.0MB, cuda_peak_alloc=7062.6MB, cuda_free=3411.8MB, cuda_total=48519.1MB
[2026-06-11 14:49:37] Epoch 12 train batch [1380/1875] loss=0.1277 avg_loss=0.2605. Resources: rss=2166.7MB, peak_rss=2629.6MB, cuda_alloc=360.6MB, cuda_reserved=44556.0MB, cuda_peak_alloc=7062.6MB, cuda_free=3411.8MB, cuda_total=48519.1MB
[2026-06-11 14:49:42] Epoch 12 train batch [1400/1875] loss=0.2337 avg_loss=0.2613. Resources: rss=2166.1MB, peak_rss=2629.6MB, cuda_alloc=360.6MB, cuda_reserved=44556.0MB, cuda_peak_alloc=7062.6MB, cuda_free=3411.8MB, cuda_total=48519.1MB
[2026-06-11 14:49:46] Epoch 12 train batch [1420/1875] loss=0.1070 avg_loss=0.2609. Resources: rss=2165.4MB, peak_rss=2629.6MB, cuda_alloc=360.6MB, cuda_reserved=44556.0MB, cuda_peak_alloc=7062.6MB, cuda_free=3411.8MB, cuda_total=48519.1MB
[2026-06-11 14:49:50] Epoch 12 train batch [1440/1875] loss=0.3041 avg_loss=0.2604. Resources: rss=2163.8MB, peak_rss=2629.6MB, cuda_alloc=360.6MB, cuda_reserved=44556.0MB, cuda_peak_alloc=7062.6MB, cuda_free=3411.8MB, cuda_total=48519.1MB
[2026-06-11 14:49:55] Epoch 12 train batch [1460/1875] loss=0.2973 avg_loss=0.2603. Resources: rss=2168.7MB, peak_rss=2629.6MB, cuda_alloc=360.6MB, cuda_reserved=44556.0MB, cuda_peak_alloc=7062.6MB, cuda_free=3411.8MB, cuda_total=48519.1MB
[2026-06-11 14:50:00] Epoch 12 train batch [1480/1875] loss=0.0972 avg_loss=0.2604. Resources: rss=2168.2MB, peak_rss=2629.6MB, cuda_alloc=360.6MB, cuda_reserved=44556.0MB, cuda_peak_alloc=7062.6MB, cuda_free=3411.8MB, cuda_total=48519.1MB
[2026-06-11 14:50:04] Epoch 12 train batch [1500/1875] loss=0.4534 avg_loss=0.2603. Resources: rss=2168.1MB, peak_rss=2629.6MB, cuda_alloc=360.6MB, cuda_reserved=44556.0MB, cuda_peak_alloc=7062.6MB, cuda_free=3411.8MB, cuda_total=48519.1MB
[2026-06-11 14:50:08] Epoch 12 train batch [1520/1875] loss=1.5917 avg_loss=0.2609. Resources: rss=2166.8MB, peak_rss=2629.6MB, cuda_alloc=360.6MB, cuda_reserved=44556.0MB, cuda_peak_alloc=7062.6MB, cuda_free=3411.8MB, cuda_total=48519.1MB
[2026-06-11 14:50:12] Epoch 12 train batch [1540/1875] loss=0.2929 avg_loss=0.2614. Resources: rss=2168.7MB, peak_rss=2629.6MB, cuda_alloc=360.6MB, cuda_reserved=44556.0MB, cuda_peak_alloc=7062.6MB, cuda_free=3411.8MB, cuda_total=48519.1MB
[2026-06-11 14:50:17] Epoch 12 train batch [1560/1875] loss=0.5262 avg_loss=0.2615. Resources: rss=2168.6MB, peak_rss=2629.6MB, cuda_alloc=360.6MB, cuda_reserved=44556.0MB, cuda_peak_alloc=7062.6MB, cuda_free=3411.8MB, cuda_total=48519.1MB
[2026-06-11 14:50:21] Epoch 12 train batch [1580/1875] loss=0.3774 avg_loss=0.2619. Resources: rss=2168.4MB, peak_rss=2629.6MB, cuda_alloc=360.6MB, cuda_reserved=44556.0MB, cuda_peak_alloc=7062.6MB, cuda_free=3411.8MB, cuda_total=48519.1MB
[2026-06-11 14:50:26] Epoch 12 train batch [1600/1875] loss=0.2153 avg_loss=0.2620. Resources: rss=2168.4MB, peak_rss=2629.6MB, cuda_alloc=360.6MB, cuda_reserved=44556.0MB, cuda_peak_alloc=7062.6MB, cuda_free=3411.8MB, cuda_total=48519.1MB
[2026-06-11 14:50:30] Epoch 12 train batch [1620/1875] loss=0.3363 avg_loss=0.2620. Resources: rss=2167.8MB, peak_rss=2629.6MB, cuda_alloc=360.6MB, cuda_reserved=44556.0MB, cuda_peak_alloc=7062.6MB, cuda_free=3411.8MB, cuda_total=48519.1MB
[2026-06-11 14:50:34] Epoch 12 train batch [1640/1875] loss=0.4089 avg_loss=0.2625. Resources: rss=2167.6MB, peak_rss=2629.6MB, cuda_alloc=360.6MB, cuda_reserved=44556.0MB, cuda_peak_alloc=7062.6MB, cuda_free=3411.8MB, cuda_total=48519.1MB
[2026-06-11 14:50:38] Epoch 12 train batch [1660/1875] loss=0.1653 avg_loss=0.2625. Resources: rss=2168.1MB, peak_rss=2629.6MB, cuda_alloc=360.6MB, cuda_reserved=44556.0MB, cuda_peak_alloc=7062.6MB, cuda_free=3411.8MB, cuda_total=48519.1MB
[2026-06-11 14:50:43] Epoch 12 train batch [1680/1875] loss=0.2419 avg_loss=0.2624. Resources: rss=2166.1MB, peak_rss=2629.6MB, cuda_alloc=360.6MB, cuda_reserved=44556.0MB, cuda_peak_alloc=7062.6MB, cuda_free=3411.8MB, cuda_total=48519.1MB
[2026-06-11 14:50:47] Epoch 12 train batch [1700/1875] loss=0.3824 avg_loss=0.2623. Resources: rss=2167.2MB, peak_rss=2629.6MB, cuda_alloc=360.6MB, cuda_reserved=44556.0MB, cuda_peak_alloc=7062.6MB, cuda_free=3411.8MB, cuda_total=48519.1MB
[2026-06-11 14:50:52] Epoch 12 train batch [1720/1875] loss=0.7863 avg_loss=0.2625. Resources: rss=2165.9MB, peak_rss=2629.6MB, cuda_alloc=360.6MB, cuda_reserved=44556.0MB, cuda_peak_alloc=7062.6MB, cuda_free=3411.8MB, cuda_total=48519.1MB
[2026-06-11 14:50:56] Epoch 12 train batch [1740/1875] loss=0.3431 avg_loss=0.2625. Resources: rss=2167.0MB, peak_rss=2629.6MB, cuda_alloc=360.6MB, cuda_reserved=44556.0MB, cuda_peak_alloc=7062.6MB, cuda_free=3411.8MB, cuda_total=48519.1MB
[2026-06-11 14:51:01] Epoch 12 train batch [1760/1875] loss=0.2503 avg_loss=0.2624. Resources: rss=2167.7MB, peak_rss=2629.6MB, cuda_alloc=360.6MB, cuda_reserved=44556.0MB, cuda_peak_alloc=7062.6MB, cuda_free=3411.8MB, cuda_total=48519.1MB
[2026-06-11 14:51:05] Epoch 12 train batch [1780/1875] loss=0.2224 avg_loss=0.2622. Resources: rss=2168.3MB, peak_rss=2629.6MB, cuda_alloc=360.6MB, cuda_reserved=46196.0MB, cuda_peak_alloc=7062.6MB, cuda_free=1771.8MB, cuda_total=48519.1MB
[2026-06-11 14:51:10] Epoch 12 train batch [1800/1875] loss=0.5798 avg_loss=0.2629. Resources: rss=2167.9MB, peak_rss=2629.6MB, cuda_alloc=360.6MB, cuda_reserved=46196.0MB, cuda_peak_alloc=7062.6MB, cuda_free=1771.8MB, cuda_total=48519.1MB
[2026-06-11 14:51:14] Epoch 12 train batch [1820/1875] loss=0.3406 avg_loss=0.2626. Resources: rss=2168.2MB, peak_rss=2629.6MB, cuda_alloc=360.6MB, cuda_reserved=46196.0MB, cuda_peak_alloc=7062.6MB, cuda_free=1771.8MB, cuda_total=48519.1MB
[2026-06-11 14:51:18] Epoch 12 train batch [1840/1875] loss=0.0800 avg_loss=0.2624. Resources: rss=2168.6MB, peak_rss=2629.6MB, cuda_alloc=360.6MB, cuda_reserved=46196.0MB, cuda_peak_alloc=7062.6MB, cuda_free=1771.8MB, cuda_total=48519.1MB
[2026-06-11 14:51:23] Epoch 12 train batch [1860/1875] loss=0.1685 avg_loss=0.2628. Resources: rss=2167.8MB, peak_rss=2629.6MB, cuda_alloc=360.6MB, cuda_reserved=46196.0MB, cuda_peak_alloc=7062.6MB, cuda_free=1771.8MB, cuda_total=48519.1MB
[2026-06-11 14:51:26] Epoch 12 train batch [1875/1875] loss=0.2020 avg_loss=0.2630. Resources: rss=2167.9MB, peak_rss=2629.6MB, cuda_alloc=360.6MB, cuda_reserved=46196.0MB, cuda_peak_alloc=7062.6MB, cuda_free=1771.8MB, cuda_total=48519.1MB
[2026-06-11 14:51:26] Epoch 12 training completed. Resources: rss=2160.0MB, peak_rss=2629.6MB, cuda_alloc=360.6MB, cuda_reserved=46196.0MB, cuda_peak_alloc=7062.6MB, cuda_free=1771.8MB, cuda_total=48519.1MB
[2026-06-11 14:51:27] Epoch 12 cache released before validation loss. Resources: rss=2160.0MB, peak_rss=2629.6MB, cuda_alloc=360.6MB, cuda_reserved=560.0MB, cuda_peak_alloc=360.6MB, cuda_free=47407.8MB, cuda_total=48519.1MB
[2026-06-11 14:52:00] Epoch 12 validation loss completed: 0.4893. Resources: rss=2159.1MB, peak_rss=2629.6MB, cuda_alloc=360.6MB, cuda_reserved=5806.0MB, cuda_peak_alloc=2034.0MB, cuda_free=42161.8MB, cuda_total=48519.1MB
[2026-06-11 14:52:00] Epoch 12 cache released before detection metrics. Resources: rss=2159.1MB, peak_rss=2629.6MB, cuda_alloc=360.6MB, cuda_reserved=560.0MB, cuda_peak_alloc=360.6MB, cuda_free=47407.8MB, cuda_total=48519.1MB
[2026-06-11 14:52:37] Epoch 12 prediction tensors moved to CPU. Computing metrics. Resources: rss=2158.4MB, peak_rss=2629.6MB, cuda_alloc=360.6MB, cuda_reserved=560.0MB, cuda_peak_alloc=360.6MB, cuda_free=47407.8MB, cuda_total=48519.1MB
[2026-06-11 14:52:37] Epoch 12 metrics computed (mAP@0.5 only). Saving artifacts. Resources: rss=2159.9MB, peak_rss=2629.6MB, cuda_alloc=360.6MB, cuda_reserved=560.0MB, cuda_peak_alloc=360.6MB, cuda_free=47407.8MB, cuda_total=48519.1MB
[2026-06-11 14:52:37] Epoch 12 did not improve mAP@0.5 enough. Early stopping counter: 2/10.
Epoch [12/50]
├── Train Loss : 0.2630
│   ├── loss_classifier  : 0.1449
│   ├── loss_box_reg     : 0.1182
│   ├── loss_objectness  : 0.0000
│   └── loss_rpn_box_reg : 0.0000
├── Val Loss   : 0.4893
├── mAP@0.5    : 0.7405
├── mAP@0.75   : n/a
├── mAP@0.5:0.95 : n/a
├── Precision  : 0.0533
├── Recall     : 0.9505
├── GT Boxes   : 2021
├── Predictions: 36054
├── Per-class AP
│   ├── person  : AP50=0.8210, AP75=n/a, AP50:95=n/a, P=0.0865, R=0.9609
│   ├── car     : AP50=0.7599, AP75=n/a, AP50:95=n/a, P=0.0440, R=0.9576
│   ├── dog     : AP50=0.8177, AP75=n/a, AP50:95=n/a, P=0.0682, R=0.9709
│   ├── cat     : AP50=0.8589, AP75=n/a, AP50:95=n/a, P=0.0520, R=0.9830
│   └── chair   : AP50=0.4448, AP75=n/a, AP50:95=n/a, P=0.0210, R=0.8688
├── LR         : 0.000917
└── Time       : 490.2s
[2026-06-11 14:52:37] Epoch [12/50] completed. Resources: rss=2158.6MB, peak_rss=2629.6MB, cuda_alloc=360.6MB, cuda_reserved=560.0MB, cuda_peak_alloc=360.6MB, cuda_free=47407.8MB, cuda_total=48519.1MB
[2026-06-11 14:52:37] Epoch [13/50] started. Resources: rss=2158.6MB, peak_rss=2629.6MB, cuda_alloc=360.6MB, cuda_reserved=560.0MB, cuda_peak_alloc=360.6MB, cuda_free=47407.8MB, cuda_total=48519.1MB
[2026-06-11 14:52:43] Epoch 13 train batch [20/1875] loss=0.2499 avg_loss=0.2105. Resources: rss=2169.2MB, peak_rss=2629.6MB, cuda_alloc=360.6MB, cuda_reserved=21876.0MB, cuda_peak_alloc=7063.0MB, cuda_free=26091.8MB, cuda_total=48519.1MB
[2026-06-11 14:52:47] Epoch 13 train batch [40/1875] loss=0.3164 avg_loss=0.2276. Resources: rss=2168.5MB, peak_rss=2629.6MB, cuda_alloc=360.6MB, cuda_reserved=37156.0MB, cuda_peak_alloc=7063.0MB, cuda_free=10811.8MB, cuda_total=48519.1MB
[2026-06-11 14:52:51] Epoch 13 train batch [60/1875] loss=0.1490 avg_loss=0.2340. Resources: rss=2167.9MB, peak_rss=2629.6MB, cuda_alloc=360.6MB, cuda_reserved=41536.0MB, cuda_peak_alloc=7063.0MB, cuda_free=6431.8MB, cuda_total=48519.1MB
[2026-06-11 14:52:56] Epoch 13 train batch [80/1875] loss=0.2448 avg_loss=0.2357. Resources: rss=2168.8MB, peak_rss=2629.6MB, cuda_alloc=360.6MB, cuda_reserved=41536.0MB, cuda_peak_alloc=7063.0MB, cuda_free=6431.8MB, cuda_total=48519.1MB
[2026-06-11 14:53:00] Epoch 13 train batch [100/1875] loss=0.2029 avg_loss=0.2426. Resources: rss=2168.3MB, peak_rss=2629.6MB, cuda_alloc=360.6MB, cuda_reserved=47556.0MB, cuda_peak_alloc=7063.0MB, cuda_free=411.8MB, cuda_total=48519.1MB
[2026-06-11 14:53:05] Epoch 13 train batch [120/1875] loss=0.2723 avg_loss=0.2393. Resources: rss=2168.9MB, peak_rss=2629.6MB, cuda_alloc=360.6MB, cuda_reserved=47556.0MB, cuda_peak_alloc=7063.0MB, cuda_free=411.8MB, cuda_total=48519.1MB
[2026-06-11 14:53:09] Epoch 13 train batch [140/1875] loss=0.2649 avg_loss=0.2405. Resources: rss=2170.9MB, peak_rss=2629.6MB, cuda_alloc=360.6MB, cuda_reserved=47556.0MB, cuda_peak_alloc=7063.0MB, cuda_free=411.8MB, cuda_total=48519.1MB
[2026-06-11 14:53:13] Epoch 13 train batch [160/1875] loss=0.1755 avg_loss=0.2395. Resources: rss=2170.8MB, peak_rss=2629.6MB, cuda_alloc=360.6MB, cuda_reserved=47556.0MB, cuda_peak_alloc=7063.0MB, cuda_free=411.8MB, cuda_total=48519.1MB
[2026-06-11 14:53:18] Epoch 13 train batch [180/1875] loss=0.1335 avg_loss=0.2421. Resources: rss=2170.9MB, peak_rss=2629.6MB, cuda_alloc=360.6MB, cuda_reserved=47556.0MB, cuda_peak_alloc=7063.0MB, cuda_free=411.8MB, cuda_total=48519.1MB
[2026-06-11 14:53:24] Epoch 13 train batch [200/1875] loss=0.2969 avg_loss=0.2437. Resources: rss=2170.3MB, peak_rss=2629.6MB, cuda_alloc=360.6MB, cuda_reserved=23256.0MB, cuda_peak_alloc=7063.0MB, cuda_free=24711.8MB, cuda_total=48519.1MB
[2026-06-11 14:53:29] Epoch 13 train batch [220/1875] loss=0.1802 avg_loss=0.2409. Resources: rss=2171.4MB, peak_rss=2629.6MB, cuda_alloc=360.6MB, cuda_reserved=28996.0MB, cuda_peak_alloc=7063.0MB, cuda_free=18971.8MB, cuda_total=48519.1MB
[2026-06-11 14:53:34] Epoch 13 train batch [240/1875] loss=0.2180 avg_loss=0.2406. Resources: rss=2169.2MB, peak_rss=2629.6MB, cuda_alloc=360.6MB, cuda_reserved=15856.0MB, cuda_peak_alloc=7063.0MB, cuda_free=32111.8MB, cuda_total=48519.1MB
[2026-06-11 14:53:40] Epoch 13 train batch [260/1875] loss=0.2247 avg_loss=0.2416. Resources: rss=2170.2MB, peak_rss=2629.6MB, cuda_alloc=360.6MB, cuda_reserved=22896.0MB, cuda_peak_alloc=7063.0MB, cuda_free=25071.8MB, cuda_total=48519.1MB
[2026-06-11 14:53:44] Epoch 13 train batch [280/1875] loss=0.2093 avg_loss=0.2407. Resources: rss=2169.9MB, peak_rss=2629.6MB, cuda_alloc=360.6MB, cuda_reserved=32516.0MB, cuda_peak_alloc=7063.0MB, cuda_free=15451.8MB, cuda_total=48519.1MB
[2026-06-11 14:53:50] Epoch 13 train batch [300/1875] loss=0.1697 avg_loss=0.2390. Resources: rss=2170.4MB, peak_rss=2629.6MB, cuda_alloc=360.6MB, cuda_reserved=33456.0MB, cuda_peak_alloc=7063.0MB, cuda_free=14511.8MB, cuda_total=48519.1MB
[2026-06-11 14:53:54] Epoch 13 train batch [320/1875] loss=0.0469 avg_loss=0.2396. Resources: rss=2170.4MB, peak_rss=2629.6MB, cuda_alloc=360.6MB, cuda_reserved=42816.0MB, cuda_peak_alloc=7063.0MB, cuda_free=5151.8MB, cuda_total=48519.1MB
[2026-06-11 14:54:00] Epoch 13 train batch [340/1875] loss=0.1167 avg_loss=0.2392. Resources: rss=2170.1MB, peak_rss=2629.6MB, cuda_alloc=360.6MB, cuda_reserved=11416.0MB, cuda_peak_alloc=7063.0MB, cuda_free=36551.8MB, cuda_total=48519.1MB
[2026-06-11 14:54:04] Epoch 13 train batch [360/1875] loss=0.2809 avg_loss=0.2413. Resources: rss=2170.4MB, peak_rss=2629.6MB, cuda_alloc=360.6MB, cuda_reserved=42976.0MB, cuda_peak_alloc=7063.0MB, cuda_free=4991.8MB, cuda_total=48519.1MB
[2026-06-11 14:54:09] Epoch 13 train batch [380/1875] loss=0.1955 avg_loss=0.2412. Resources: rss=2171.3MB, peak_rss=2629.6MB, cuda_alloc=360.6MB, cuda_reserved=42976.0MB, cuda_peak_alloc=7063.0MB, cuda_free=4991.8MB, cuda_total=48519.1MB
[2026-06-11 14:54:13] Epoch 13 train batch [400/1875] loss=0.2300 avg_loss=0.2397. Resources: rss=2170.9MB, peak_rss=2629.6MB, cuda_alloc=360.6MB, cuda_reserved=42976.0MB, cuda_peak_alloc=7063.0MB, cuda_free=4991.8MB, cuda_total=48519.1MB
[2026-06-11 14:54:17] Epoch 13 train batch [420/1875] loss=0.3209 avg_loss=0.2397. Resources: rss=2170.3MB, peak_rss=2629.6MB, cuda_alloc=360.6MB, cuda_reserved=42976.0MB, cuda_peak_alloc=7063.0MB, cuda_free=4991.8MB, cuda_total=48519.1MB
[2026-06-11 14:54:22] Epoch 13 train batch [440/1875] loss=0.2130 avg_loss=0.2411. Resources: rss=2170.3MB, peak_rss=2629.6MB, cuda_alloc=360.6MB, cuda_reserved=42976.0MB, cuda_peak_alloc=7063.0MB, cuda_free=4991.8MB, cuda_total=48519.1MB
[2026-06-11 14:54:26] Epoch 13 train batch [460/1875] loss=0.1188 avg_loss=0.2396. Resources: rss=2171.2MB, peak_rss=2629.6MB, cuda_alloc=360.6MB, cuda_reserved=42976.0MB, cuda_peak_alloc=7063.0MB, cuda_free=4991.8MB, cuda_total=48519.1MB
[2026-06-11 14:54:30] Epoch 13 train batch [480/1875] loss=0.2173 avg_loss=0.2400. Resources: rss=2170.1MB, peak_rss=2629.6MB, cuda_alloc=360.6MB, cuda_reserved=42976.0MB, cuda_peak_alloc=7063.0MB, cuda_free=4991.8MB, cuda_total=48519.1MB
[2026-06-11 14:54:35] Epoch 13 train batch [500/1875] loss=0.2286 avg_loss=0.2382. Resources: rss=2170.8MB, peak_rss=2629.6MB, cuda_alloc=360.6MB, cuda_reserved=42976.0MB, cuda_peak_alloc=7063.0MB, cuda_free=4991.8MB, cuda_total=48519.1MB
[2026-06-11 14:54:39] Epoch 13 train batch [520/1875] loss=0.1150 avg_loss=0.2377. Resources: rss=2170.6MB, peak_rss=2629.6MB, cuda_alloc=360.6MB, cuda_reserved=42976.0MB, cuda_peak_alloc=7063.0MB, cuda_free=4991.8MB, cuda_total=48519.1MB
[2026-06-11 14:54:43] Epoch 13 train batch [540/1875] loss=0.1862 avg_loss=0.2372. Resources: rss=2169.6MB, peak_rss=2629.6MB, cuda_alloc=360.6MB, cuda_reserved=42976.0MB, cuda_peak_alloc=7063.0MB, cuda_free=4991.8MB, cuda_total=48519.1MB
[2026-06-11 14:54:49] Epoch 13 train batch [560/1875] loss=0.3559 avg_loss=0.2364. Resources: rss=2170.8MB, peak_rss=2629.6MB, cuda_alloc=360.6MB, cuda_reserved=37556.0MB, cuda_peak_alloc=7063.0MB, cuda_free=10411.8MB, cuda_total=48519.1MB
[2026-06-11 14:54:53] Epoch 13 train batch [580/1875] loss=0.2555 avg_loss=0.2362. Resources: rss=2171.1MB, peak_rss=2629.6MB, cuda_alloc=360.6MB, cuda_reserved=37556.0MB, cuda_peak_alloc=7063.0MB, cuda_free=10411.8MB, cuda_total=48519.1MB
[2026-06-11 14:54:57] Epoch 13 train batch [600/1875] loss=0.1240 avg_loss=0.2367. Resources: rss=2171.0MB, peak_rss=2629.6MB, cuda_alloc=360.6MB, cuda_reserved=45916.0MB, cuda_peak_alloc=7063.0MB, cuda_free=2051.8MB, cuda_total=48519.1MB
[2026-06-11 14:55:02] Epoch 13 train batch [620/1875] loss=0.2408 avg_loss=0.2371. Resources: rss=2170.7MB, peak_rss=2629.6MB, cuda_alloc=360.6MB, cuda_reserved=45916.0MB, cuda_peak_alloc=7063.0MB, cuda_free=2051.8MB, cuda_total=48519.1MB
[2026-06-11 14:55:08] Epoch 13 train batch [640/1875] loss=0.1148 avg_loss=0.2366. Resources: rss=2171.3MB, peak_rss=2629.6MB, cuda_alloc=360.6MB, cuda_reserved=9276.0MB, cuda_peak_alloc=7063.0MB, cuda_free=38691.8MB, cuda_total=48519.1MB
[2026-06-11 14:55:12] Epoch 13 train batch [660/1875] loss=0.1425 avg_loss=0.2360. Resources: rss=2171.2MB, peak_rss=2629.6MB, cuda_alloc=360.6MB, cuda_reserved=34096.0MB, cuda_peak_alloc=7063.0MB, cuda_free=13871.8MB, cuda_total=48519.1MB
[2026-06-11 14:55:16] Epoch 13 train batch [680/1875] loss=0.3270 avg_loss=0.2364. Resources: rss=2170.2MB, peak_rss=2629.6MB, cuda_alloc=360.6MB, cuda_reserved=34096.0MB, cuda_peak_alloc=7063.0MB, cuda_free=13871.8MB, cuda_total=48519.1MB
[2026-06-11 14:55:21] Epoch 13 train batch [700/1875] loss=0.1890 avg_loss=0.2357. Resources: rss=2170.5MB, peak_rss=2629.6MB, cuda_alloc=360.6MB, cuda_reserved=40556.0MB, cuda_peak_alloc=7063.0MB, cuda_free=7411.8MB, cuda_total=48519.1MB
[2026-06-11 14:55:25] Epoch 13 train batch [720/1875] loss=0.2118 avg_loss=0.2356. Resources: rss=2170.5MB, peak_rss=2629.6MB, cuda_alloc=360.6MB, cuda_reserved=40556.0MB, cuda_peak_alloc=7063.0MB, cuda_free=7411.8MB, cuda_total=48519.1MB
[2026-06-11 14:55:29] Epoch 13 train batch [740/1875] loss=0.2879 avg_loss=0.2364. Resources: rss=2170.6MB, peak_rss=2629.6MB, cuda_alloc=360.6MB, cuda_reserved=40556.0MB, cuda_peak_alloc=7063.0MB, cuda_free=7411.8MB, cuda_total=48519.1MB
[2026-06-11 14:55:33] Epoch 13 train batch [760/1875] loss=0.0856 avg_loss=0.2356. Resources: rss=2170.0MB, peak_rss=2629.6MB, cuda_alloc=360.6MB, cuda_reserved=40556.0MB, cuda_peak_alloc=7063.0MB, cuda_free=7411.8MB, cuda_total=48519.1MB
[2026-06-11 14:55:38] Epoch 13 train batch [780/1875] loss=0.2455 avg_loss=0.2353. Resources: rss=2169.7MB, peak_rss=2629.6MB, cuda_alloc=360.6MB, cuda_reserved=40556.0MB, cuda_peak_alloc=7063.0MB, cuda_free=7411.8MB, cuda_total=48519.1MB
[2026-06-11 14:55:43] Epoch 13 train batch [800/1875] loss=0.0129 avg_loss=0.2348. Resources: rss=2169.8MB, peak_rss=2629.6MB, cuda_alloc=351.4MB, cuda_reserved=29456.0MB, cuda_peak_alloc=7063.0MB, cuda_free=18511.8MB, cuda_total=48519.1MB
[2026-06-11 14:55:47] Epoch 13 train batch [820/1875] loss=0.4057 avg_loss=0.2351. Resources: rss=2170.9MB, peak_rss=2629.6MB, cuda_alloc=360.6MB, cuda_reserved=43176.0MB, cuda_peak_alloc=7063.0MB, cuda_free=4791.8MB, cuda_total=48519.1MB
[2026-06-11 14:55:51] Epoch 13 train batch [840/1875] loss=0.1918 avg_loss=0.2347. Resources: rss=2170.5MB, peak_rss=2629.6MB, cuda_alloc=360.6MB, cuda_reserved=43176.0MB, cuda_peak_alloc=7063.0MB, cuda_free=4791.8MB, cuda_total=48519.1MB
[2026-06-11 14:55:56] Epoch 13 train batch [860/1875] loss=0.2678 avg_loss=0.2349. Resources: rss=2169.3MB, peak_rss=2629.6MB, cuda_alloc=360.6MB, cuda_reserved=43776.0MB, cuda_peak_alloc=7063.0MB, cuda_free=4191.8MB, cuda_total=48519.1MB
[2026-06-11 14:56:00] Epoch 13 train batch [880/1875] loss=0.3311 avg_loss=0.2348. Resources: rss=2170.8MB, peak_rss=2629.6MB, cuda_alloc=360.6MB, cuda_reserved=43776.0MB, cuda_peak_alloc=7063.0MB, cuda_free=4191.8MB, cuda_total=48519.1MB
[2026-06-11 14:56:05] Epoch 13 train batch [900/1875] loss=0.0990 avg_loss=0.2348. Resources: rss=2173.3MB, peak_rss=2629.6MB, cuda_alloc=360.6MB, cuda_reserved=34296.0MB, cuda_peak_alloc=7063.0MB, cuda_free=13671.8MB, cuda_total=48519.1MB
[2026-06-11 14:56:10] Epoch 13 train batch [920/1875] loss=0.1079 avg_loss=0.2342. Resources: rss=2172.1MB, peak_rss=2629.6MB, cuda_alloc=360.6MB, cuda_reserved=35136.0MB, cuda_peak_alloc=7063.0MB, cuda_free=12831.8MB, cuda_total=48519.1MB
[2026-06-11 14:56:14] Epoch 13 train batch [940/1875] loss=0.2121 avg_loss=0.2345. Resources: rss=2174.0MB, peak_rss=2629.6MB, cuda_alloc=360.6MB, cuda_reserved=42056.0MB, cuda_peak_alloc=7063.0MB, cuda_free=5911.8MB, cuda_total=48519.1MB
[2026-06-11 14:56:20] Epoch 13 train batch [960/1875] loss=0.1785 avg_loss=0.2342. Resources: rss=2173.7MB, peak_rss=2629.6MB, cuda_alloc=360.6MB, cuda_reserved=27236.0MB, cuda_peak_alloc=7063.0MB, cuda_free=20731.8MB, cuda_total=48519.1MB
[2026-06-11 14:56:25] Epoch 13 train batch [980/1875] loss=0.1458 avg_loss=0.2337. Resources: rss=2174.0MB, peak_rss=2629.6MB, cuda_alloc=360.6MB, cuda_reserved=30196.0MB, cuda_peak_alloc=7063.0MB, cuda_free=17771.8MB, cuda_total=48519.1MB
[2026-06-11 14:56:29] Epoch 13 train batch [1000/1875] loss=0.2976 avg_loss=0.2362. Resources: rss=2174.1MB, peak_rss=2629.6MB, cuda_alloc=360.6MB, cuda_reserved=30196.0MB, cuda_peak_alloc=7063.0MB, cuda_free=17771.8MB, cuda_total=48519.1MB
[2026-06-11 14:56:34] Epoch 13 train batch [1020/1875] loss=0.4597 avg_loss=0.2362. Resources: rss=2174.8MB, peak_rss=2629.6MB, cuda_alloc=360.6MB, cuda_reserved=33276.0MB, cuda_peak_alloc=7063.0MB, cuda_free=14691.8MB, cuda_total=48519.1MB
[2026-06-11 14:56:38] Epoch 13 train batch [1040/1875] loss=0.1644 avg_loss=0.2362. Resources: rss=2174.1MB, peak_rss=2629.6MB, cuda_alloc=360.6MB, cuda_reserved=35896.0MB, cuda_peak_alloc=7063.0MB, cuda_free=12071.8MB, cuda_total=48519.1MB
[2026-06-11 14:56:43] Epoch 13 train batch [1060/1875] loss=0.3396 avg_loss=0.2360. Resources: rss=2173.3MB, peak_rss=2629.6MB, cuda_alloc=360.6MB, cuda_reserved=35896.0MB, cuda_peak_alloc=7063.0MB, cuda_free=12071.8MB, cuda_total=48519.1MB
[2026-06-11 14:56:47] Epoch 13 train batch [1080/1875] loss=0.4403 avg_loss=0.2352. Resources: rss=2173.7MB, peak_rss=2629.6MB, cuda_alloc=360.6MB, cuda_reserved=35896.0MB, cuda_peak_alloc=7063.0MB, cuda_free=12071.8MB, cuda_total=48519.1MB
[2026-06-11 14:56:51] Epoch 13 train batch [1100/1875] loss=0.2254 avg_loss=0.2340. Resources: rss=2174.2MB, peak_rss=2629.6MB, cuda_alloc=360.6MB, cuda_reserved=35896.0MB, cuda_peak_alloc=7063.0MB, cuda_free=12071.8MB, cuda_total=48519.1MB
[2026-06-11 14:56:56] Epoch 13 train batch [1120/1875] loss=0.2031 avg_loss=0.2338. Resources: rss=2174.1MB, peak_rss=2629.6MB, cuda_alloc=360.6MB, cuda_reserved=35896.0MB, cuda_peak_alloc=7063.0MB, cuda_free=12071.8MB, cuda_total=48519.1MB
[2026-06-11 14:57:00] Epoch 13 train batch [1140/1875] loss=0.3692 avg_loss=0.2342. Resources: rss=2174.9MB, peak_rss=2629.6MB, cuda_alloc=360.6MB, cuda_reserved=44396.0MB, cuda_peak_alloc=7063.0MB, cuda_free=3571.8MB, cuda_total=48519.1MB
[2026-06-11 14:57:05] Epoch 13 train batch [1160/1875] loss=0.2273 avg_loss=0.2340. Resources: rss=2174.2MB, peak_rss=2629.6MB, cuda_alloc=360.6MB, cuda_reserved=44396.0MB, cuda_peak_alloc=7063.0MB, cuda_free=3571.8MB, cuda_total=48519.1MB
[2026-06-11 14:57:10] Epoch 13 train batch [1180/1875] loss=0.3730 avg_loss=0.2347. Resources: rss=2175.5MB, peak_rss=2629.6MB, cuda_alloc=360.6MB, cuda_reserved=23176.0MB, cuda_peak_alloc=7063.0MB, cuda_free=24791.8MB, cuda_total=48519.1MB
[2026-06-11 14:57:14] Epoch 13 train batch [1200/1875] loss=0.1903 avg_loss=0.2348. Resources: rss=2174.7MB, peak_rss=2629.6MB, cuda_alloc=360.6MB, cuda_reserved=29416.0MB, cuda_peak_alloc=7063.0MB, cuda_free=18551.8MB, cuda_total=48519.1MB
[2026-06-11 14:57:19] Epoch 13 train batch [1220/1875] loss=0.3144 avg_loss=0.2352. Resources: rss=2175.9MB, peak_rss=2629.6MB, cuda_alloc=360.6MB, cuda_reserved=42416.0MB, cuda_peak_alloc=7063.0MB, cuda_free=5551.8MB, cuda_total=48519.1MB
[2026-06-11 14:57:25] Epoch 13 train batch [1240/1875] loss=0.4279 avg_loss=0.2354. Resources: rss=2176.6MB, peak_rss=2629.6MB, cuda_alloc=360.6MB, cuda_reserved=34036.0MB, cuda_peak_alloc=7063.0MB, cuda_free=13931.8MB, cuda_total=48519.1MB
[2026-06-11 14:57:29] Epoch 13 train batch [1260/1875] loss=0.3556 avg_loss=0.2353. Resources: rss=2175.5MB, peak_rss=2629.6MB, cuda_alloc=360.6MB, cuda_reserved=37056.0MB, cuda_peak_alloc=7063.0MB, cuda_free=10911.8MB, cuda_total=48519.1MB
[2026-06-11 14:57:33] Epoch 13 train batch [1280/1875] loss=0.2983 avg_loss=0.2360. Resources: rss=2176.7MB, peak_rss=2629.6MB, cuda_alloc=360.6MB, cuda_reserved=37056.0MB, cuda_peak_alloc=7063.0MB, cuda_free=10911.8MB, cuda_total=48519.1MB
[2026-06-11 14:57:38] Epoch 13 train batch [1300/1875] loss=0.1542 avg_loss=0.2363. Resources: rss=2175.5MB, peak_rss=2629.6MB, cuda_alloc=360.6MB, cuda_reserved=37056.0MB, cuda_peak_alloc=7063.0MB, cuda_free=10911.8MB, cuda_total=48519.1MB
[2026-06-11 14:57:42] Epoch 13 train batch [1320/1875] loss=0.1232 avg_loss=0.2373. Resources: rss=2175.6MB, peak_rss=2629.6MB, cuda_alloc=360.6MB, cuda_reserved=42776.0MB, cuda_peak_alloc=7063.0MB, cuda_free=5191.8MB, cuda_total=48519.1MB
[2026-06-11 14:57:46] Epoch 13 train batch [1340/1875] loss=0.2606 avg_loss=0.2375. Resources: rss=2175.8MB, peak_rss=2629.6MB, cuda_alloc=360.6MB, cuda_reserved=42776.0MB, cuda_peak_alloc=7063.0MB, cuda_free=5191.8MB, cuda_total=48519.1MB
[2026-06-11 14:57:50] Epoch 13 train batch [1360/1875] loss=0.1995 avg_loss=0.2377. Resources: rss=2175.7MB, peak_rss=2629.6MB, cuda_alloc=360.6MB, cuda_reserved=44056.0MB, cuda_peak_alloc=7063.0MB, cuda_free=3911.8MB, cuda_total=48519.1MB
[2026-06-11 14:57:55] Epoch 13 train batch [1380/1875] loss=0.2255 avg_loss=0.2376. Resources: rss=2175.0MB, peak_rss=2629.6MB, cuda_alloc=360.6MB, cuda_reserved=27336.0MB, cuda_peak_alloc=7063.0MB, cuda_free=20631.8MB, cuda_total=48519.1MB
[2026-06-11 14:58:00] Epoch 13 train batch [1400/1875] loss=0.1873 avg_loss=0.2369. Resources: rss=2175.6MB, peak_rss=2629.6MB, cuda_alloc=360.6MB, cuda_reserved=37516.0MB, cuda_peak_alloc=7063.0MB, cuda_free=10451.8MB, cuda_total=48519.1MB
[2026-06-11 14:58:05] Epoch 13 train batch [1420/1875] loss=0.5467 avg_loss=0.2372. Resources: rss=2175.4MB, peak_rss=2629.6MB, cuda_alloc=360.6MB, cuda_reserved=47616.0MB, cuda_peak_alloc=7063.0MB, cuda_free=351.8MB, cuda_total=48519.1MB
[2026-06-11 14:58:10] Epoch 13 train batch [1440/1875] loss=0.2712 avg_loss=0.2372. Resources: rss=2176.4MB, peak_rss=2629.6MB, cuda_alloc=360.6MB, cuda_reserved=30996.0MB, cuda_peak_alloc=7063.0MB, cuda_free=16971.8MB, cuda_total=48519.1MB
[2026-06-11 14:58:14] Epoch 13 train batch [1460/1875] loss=0.2118 avg_loss=0.2372. Resources: rss=2176.3MB, peak_rss=2629.6MB, cuda_alloc=360.6MB, cuda_reserved=31376.0MB, cuda_peak_alloc=7063.0MB, cuda_free=16591.8MB, cuda_total=48519.1MB
[2026-06-11 14:58:18] Epoch 13 train batch [1480/1875] loss=0.0951 avg_loss=0.2375. Resources: rss=2175.4MB, peak_rss=2629.6MB, cuda_alloc=360.6MB, cuda_reserved=43736.0MB, cuda_peak_alloc=7063.0MB, cuda_free=4231.8MB, cuda_total=48519.1MB
[2026-06-11 14:58:23] Epoch 13 train batch [1500/1875] loss=0.2056 avg_loss=0.2374. Resources: rss=2176.2MB, peak_rss=2629.6MB, cuda_alloc=360.6MB, cuda_reserved=43736.0MB, cuda_peak_alloc=7063.0MB, cuda_free=4231.8MB, cuda_total=48519.1MB
[2026-06-11 14:58:27] Epoch 13 train batch [1520/1875] loss=0.1713 avg_loss=0.2369. Resources: rss=2176.5MB, peak_rss=2629.6MB, cuda_alloc=360.6MB, cuda_reserved=43736.0MB, cuda_peak_alloc=7063.0MB, cuda_free=4231.8MB, cuda_total=48519.1MB
[2026-06-11 14:58:32] Epoch 13 train batch [1540/1875] loss=0.1570 avg_loss=0.2370. Resources: rss=2176.2MB, peak_rss=2629.6MB, cuda_alloc=360.6MB, cuda_reserved=44876.0MB, cuda_peak_alloc=7063.0MB, cuda_free=3091.8MB, cuda_total=48519.1MB
[2026-06-11 14:58:36] Epoch 13 train batch [1560/1875] loss=0.1684 avg_loss=0.2376. Resources: rss=2176.4MB, peak_rss=2629.6MB, cuda_alloc=360.6MB, cuda_reserved=44876.0MB, cuda_peak_alloc=7063.0MB, cuda_free=3091.8MB, cuda_total=48519.1MB
[2026-06-11 14:58:40] Epoch 13 train batch [1580/1875] loss=0.2030 avg_loss=0.2377. Resources: rss=2176.1MB, peak_rss=2629.6MB, cuda_alloc=360.6MB, cuda_reserved=44876.0MB, cuda_peak_alloc=7063.0MB, cuda_free=3091.8MB, cuda_total=48519.1MB
[2026-06-11 14:58:45] Epoch 13 train batch [1600/1875] loss=0.2746 avg_loss=0.2381. Resources: rss=2175.8MB, peak_rss=2629.6MB, cuda_alloc=360.6MB, cuda_reserved=44876.0MB, cuda_peak_alloc=7063.0MB, cuda_free=3091.8MB, cuda_total=48519.1MB
[2026-06-11 14:58:49] Epoch 13 train batch [1620/1875] loss=0.1491 avg_loss=0.2380. Resources: rss=2175.9MB, peak_rss=2629.6MB, cuda_alloc=360.6MB, cuda_reserved=44876.0MB, cuda_peak_alloc=7063.0MB, cuda_free=3091.8MB, cuda_total=48519.1MB
[2026-06-11 14:58:53] Epoch 13 train batch [1640/1875] loss=0.5245 avg_loss=0.2380. Resources: rss=2174.6MB, peak_rss=2629.6MB, cuda_alloc=360.6MB, cuda_reserved=44876.0MB, cuda_peak_alloc=7063.0MB, cuda_free=3091.8MB, cuda_total=48519.1MB
[2026-06-11 14:58:58] Epoch 13 train batch [1660/1875] loss=0.1996 avg_loss=0.2385. Resources: rss=2175.7MB, peak_rss=2629.6MB, cuda_alloc=360.6MB, cuda_reserved=44876.0MB, cuda_peak_alloc=7063.0MB, cuda_free=3091.8MB, cuda_total=48519.1MB
[2026-06-11 14:59:04] Epoch 13 train batch [1680/1875] loss=0.2263 avg_loss=0.2384. Resources: rss=2176.4MB, peak_rss=2629.6MB, cuda_alloc=360.6MB, cuda_reserved=37976.0MB, cuda_peak_alloc=7063.0MB, cuda_free=9991.8MB, cuda_total=48519.1MB
[2026-06-11 14:59:08] Epoch 13 train batch [1700/1875] loss=0.2974 avg_loss=0.2383. Resources: rss=2176.0MB, peak_rss=2629.6MB, cuda_alloc=360.6MB, cuda_reserved=41476.0MB, cuda_peak_alloc=7063.0MB, cuda_free=6491.8MB, cuda_total=48519.1MB
[2026-06-11 14:59:13] Epoch 13 train batch [1720/1875] loss=0.0902 avg_loss=0.2384. Resources: rss=2176.6MB, peak_rss=2629.6MB, cuda_alloc=360.6MB, cuda_reserved=35016.0MB, cuda_peak_alloc=7063.0MB, cuda_free=12951.8MB, cuda_total=48519.1MB
[2026-06-11 14:59:19] Epoch 13 train batch [1740/1875] loss=0.0526 avg_loss=0.2380. Resources: rss=2176.5MB, peak_rss=2629.6MB, cuda_alloc=360.6MB, cuda_reserved=24816.0MB, cuda_peak_alloc=7063.0MB, cuda_free=23151.8MB, cuda_total=48519.1MB
[2026-06-11 14:59:24] Epoch 13 train batch [1760/1875] loss=0.1760 avg_loss=0.2379. Resources: rss=2175.9MB, peak_rss=2629.6MB, cuda_alloc=360.6MB, cuda_reserved=32136.0MB, cuda_peak_alloc=7063.0MB, cuda_free=15831.8MB, cuda_total=48519.1MB
[2026-06-11 14:59:29] Epoch 13 train batch [1780/1875] loss=0.0812 avg_loss=0.2375. Resources: rss=2177.1MB, peak_rss=2629.6MB, cuda_alloc=360.6MB, cuda_reserved=16696.0MB, cuda_peak_alloc=7063.0MB, cuda_free=31271.8MB, cuda_total=48519.1MB
[2026-06-11 14:59:34] Epoch 13 train batch [1800/1875] loss=0.1684 avg_loss=0.2382. Resources: rss=2177.1MB, peak_rss=2629.6MB, cuda_alloc=360.6MB, cuda_reserved=28376.0MB, cuda_peak_alloc=7063.0MB, cuda_free=19591.8MB, cuda_total=48519.1MB
[2026-06-11 14:59:39] Epoch 13 train batch [1820/1875] loss=0.1205 avg_loss=0.2381. Resources: rss=2177.0MB, peak_rss=2629.6MB, cuda_alloc=360.6MB, cuda_reserved=32496.0MB, cuda_peak_alloc=7063.0MB, cuda_free=15471.8MB, cuda_total=48519.1MB
[2026-06-11 14:59:43] Epoch 13 train batch [1840/1875] loss=0.1579 avg_loss=0.2378. Resources: rss=2177.1MB, peak_rss=2629.6MB, cuda_alloc=360.6MB, cuda_reserved=47396.0MB, cuda_peak_alloc=7063.0MB, cuda_free=571.8MB, cuda_total=48519.1MB
[2026-06-11 14:59:47] Epoch 13 train batch [1860/1875] loss=0.2774 avg_loss=0.2378. Resources: rss=2177.3MB, peak_rss=2629.6MB, cuda_alloc=360.6MB, cuda_reserved=47396.0MB, cuda_peak_alloc=7063.0MB, cuda_free=571.8MB, cuda_total=48519.1MB
[2026-06-11 14:59:51] Epoch 13 train batch [1875/1875] loss=0.1091 avg_loss=0.2378. Resources: rss=2177.2MB, peak_rss=2629.6MB, cuda_alloc=360.6MB, cuda_reserved=47396.0MB, cuda_peak_alloc=7063.0MB, cuda_free=571.8MB, cuda_total=48519.1MB
[2026-06-11 14:59:51] Epoch 13 training completed. Resources: rss=2169.0MB, peak_rss=2629.6MB, cuda_alloc=360.6MB, cuda_reserved=47396.0MB, cuda_peak_alloc=7063.0MB, cuda_free=571.8MB, cuda_total=48519.1MB
[2026-06-11 14:59:52] Epoch 13 cache released before validation loss. Resources: rss=2168.1MB, peak_rss=2629.6MB, cuda_alloc=360.6MB, cuda_reserved=558.0MB, cuda_peak_alloc=360.6MB, cuda_free=47409.8MB, cuda_total=48519.1MB
[2026-06-11 15:00:25] Epoch 13 validation loss completed: 0.4847. Resources: rss=2168.1MB, peak_rss=2629.6MB, cuda_alloc=360.6MB, cuda_reserved=5826.0MB, cuda_peak_alloc=2034.0MB, cuda_free=42141.8MB, cuda_total=48519.1MB
[2026-06-11 15:00:25] Epoch 13 cache released before detection metrics. Resources: rss=2167.1MB, peak_rss=2629.6MB, cuda_alloc=360.6MB, cuda_reserved=558.0MB, cuda_peak_alloc=360.6MB, cuda_free=47409.8MB, cuda_total=48519.1MB
[2026-06-11 15:01:02] Epoch 13 prediction tensors moved to CPU. Computing metrics. Resources: rss=2167.0MB, peak_rss=2629.6MB, cuda_alloc=360.6MB, cuda_reserved=558.0MB, cuda_peak_alloc=360.6MB, cuda_free=47409.8MB, cuda_total=48519.1MB
[2026-06-11 15:01:02] Epoch 13 metrics computed (mAP@0.5 only). Saving artifacts. Resources: rss=2169.0MB, peak_rss=2629.6MB, cuda_alloc=360.6MB, cuda_reserved=558.0MB, cuda_peak_alloc=360.6MB, cuda_free=47409.8MB, cuda_total=48519.1MB
[2026-06-11 15:01:03] Epoch 13 improved mAP@0.5 to 0.7573. Saved best checkpoint: best_model-20260611-131215.pth. Resources: rss=2648.3MB, peak_rss=2648.3MB, cuda_alloc=360.6MB, cuda_reserved=558.0MB, cuda_peak_alloc=360.6MB, cuda_free=47409.8MB, cuda_total=48519.1MB
Epoch [13/50]
├── Train Loss : 0.2378
│   ├── loss_classifier  : 0.1319
│   ├── loss_box_reg     : 0.1060
│   ├── loss_objectness  : 0.0000
│   └── loss_rpn_box_reg : 0.0000
├── Val Loss   : 0.4847
├── mAP@0.5    : 0.7573
├── mAP@0.75   : n/a
├── mAP@0.5:0.95 : n/a
├── Precision  : 0.0620
├── Recall     : 0.9431
├── GT Boxes   : 2021
├── Predictions: 30752
├── Per-class AP
│   ├── person  : AP50=0.8228, AP75=n/a, AP50:95=n/a, P=0.0873, R=0.9488
│   ├── car     : AP50=0.7746, AP75=n/a, AP50:95=n/a, P=0.0482, R=0.9576
│   ├── dog     : AP50=0.8088, AP75=n/a, AP50:95=n/a, P=0.0614, R=0.9612
│   ├── cat     : AP50=0.8659, AP75=n/a, AP50:95=n/a, P=0.0756, R=0.9659
│   └── chair   : AP50=0.5144, AP75=n/a, AP50:95=n/a, P=0.0310, R=0.8794
├── LR         : 0.000898
└── Time       : 504.4s
[2026-06-11 15:01:03] Epoch [13/50] completed. Resources: rss=2166.2MB, peak_rss=2648.3MB, cuda_alloc=360.6MB, cuda_reserved=558.0MB, cuda_peak_alloc=360.6MB, cuda_free=47409.8MB, cuda_total=48519.1MB
[2026-06-11 15:01:03] Epoch [14/50] started. Resources: rss=2166.2MB, peak_rss=2648.3MB, cuda_alloc=360.6MB, cuda_reserved=558.0MB, cuda_peak_alloc=360.6MB, cuda_free=47409.8MB, cuda_total=48519.1MB
[2026-06-11 15:01:08] Epoch 14 train batch [20/1875] loss=0.2385 avg_loss=0.2443. Resources: rss=2175.9MB, peak_rss=2648.3MB, cuda_alloc=360.6MB, cuda_reserved=36096.0MB, cuda_peak_alloc=7061.3MB, cuda_free=11871.8MB, cuda_total=48519.1MB
[2026-06-11 15:01:13] Epoch 14 train batch [40/1875] loss=0.2541 avg_loss=0.2515. Resources: rss=2176.1MB, peak_rss=2648.3MB, cuda_alloc=360.6MB, cuda_reserved=36096.0MB, cuda_peak_alloc=7061.9MB, cuda_free=11871.8MB, cuda_total=48519.1MB
[2026-06-11 15:01:17] Epoch 14 train batch [60/1875] loss=0.2088 avg_loss=0.2330. Resources: rss=2175.0MB, peak_rss=2648.3MB, cuda_alloc=360.6MB, cuda_reserved=42396.0MB, cuda_peak_alloc=7061.9MB, cuda_free=5571.8MB, cuda_total=48519.1MB
[2026-06-11 15:01:21] Epoch 14 train batch [80/1875] loss=0.0926 avg_loss=0.2208. Resources: rss=2174.3MB, peak_rss=2648.3MB, cuda_alloc=360.6MB, cuda_reserved=42396.0MB, cuda_peak_alloc=7061.9MB, cuda_free=5571.8MB, cuda_total=48519.1MB
[2026-06-11 15:01:25] Epoch 14 train batch [100/1875] loss=0.1557 avg_loss=0.2146. Resources: rss=2173.4MB, peak_rss=2648.3MB, cuda_alloc=360.6MB, cuda_reserved=42396.0MB, cuda_peak_alloc=7061.9MB, cuda_free=5571.8MB, cuda_total=48519.1MB
[2026-06-11 15:01:30] Epoch 14 train batch [120/1875] loss=0.1623 avg_loss=0.2161. Resources: rss=2173.7MB, peak_rss=2648.3MB, cuda_alloc=360.6MB, cuda_reserved=42396.0MB, cuda_peak_alloc=7061.9MB, cuda_free=5571.8MB, cuda_total=48519.1MB
[2026-06-11 15:01:34] Epoch 14 train batch [140/1875] loss=0.1635 avg_loss=0.2153. Resources: rss=2173.9MB, peak_rss=2648.3MB, cuda_alloc=360.6MB, cuda_reserved=43436.0MB, cuda_peak_alloc=7061.9MB, cuda_free=4531.8MB, cuda_total=48519.1MB
[2026-06-11 15:01:38] Epoch 14 train batch [160/1875] loss=0.2510 avg_loss=0.2132. Resources: rss=2173.5MB, peak_rss=2648.3MB, cuda_alloc=360.6MB, cuda_reserved=43436.0MB, cuda_peak_alloc=7061.9MB, cuda_free=4531.8MB, cuda_total=48519.1MB
[2026-06-11 15:01:43] Epoch 14 train batch [180/1875] loss=0.1133 avg_loss=0.2187. Resources: rss=2173.8MB, peak_rss=2648.3MB, cuda_alloc=360.6MB, cuda_reserved=43436.0MB, cuda_peak_alloc=7062.0MB, cuda_free=4531.8MB, cuda_total=48519.1MB
[2026-06-11 15:01:47] Epoch 14 train batch [200/1875] loss=0.3293 avg_loss=0.2166. Resources: rss=2173.4MB, peak_rss=2648.3MB, cuda_alloc=360.6MB, cuda_reserved=43436.0MB, cuda_peak_alloc=7062.3MB, cuda_free=4531.8MB, cuda_total=48519.1MB
[2026-06-11 15:01:53] Epoch 14 train batch [220/1875] loss=0.2307 avg_loss=0.2171. Resources: rss=2173.9MB, peak_rss=2648.3MB, cuda_alloc=360.6MB, cuda_reserved=28056.0MB, cuda_peak_alloc=7062.3MB, cuda_free=19911.8MB, cuda_total=48519.1MB
[2026-06-11 15:01:57] Epoch 14 train batch [240/1875] loss=0.0995 avg_loss=0.2183. Resources: rss=2174.0MB, peak_rss=2648.3MB, cuda_alloc=360.6MB, cuda_reserved=28056.0MB, cuda_peak_alloc=7062.5MB, cuda_free=19911.8MB, cuda_total=48519.1MB
[2026-06-11 15:02:02] Epoch 14 train batch [260/1875] loss=0.3348 avg_loss=0.2175. Resources: rss=2174.1MB, peak_rss=2648.3MB, cuda_alloc=360.6MB, cuda_reserved=30096.0MB, cuda_peak_alloc=7062.5MB, cuda_free=17871.8MB, cuda_total=48519.1MB
[2026-06-11 15:02:06] Epoch 14 train batch [280/1875] loss=0.1232 avg_loss=0.2185. Resources: rss=2174.2MB, peak_rss=2648.3MB, cuda_alloc=360.6MB, cuda_reserved=40656.0MB, cuda_peak_alloc=7062.5MB, cuda_free=7311.8MB, cuda_total=48519.1MB
[2026-06-11 15:02:10] Epoch 14 train batch [300/1875] loss=0.1846 avg_loss=0.2240. Resources: rss=2174.0MB, peak_rss=2648.3MB, cuda_alloc=360.6MB, cuda_reserved=40656.0MB, cuda_peak_alloc=7062.5MB, cuda_free=7311.8MB, cuda_total=48519.1MB
[2026-06-11 15:02:14] Epoch 14 train batch [320/1875] loss=0.2100 avg_loss=0.2206. Resources: rss=2174.5MB, peak_rss=2648.3MB, cuda_alloc=360.6MB, cuda_reserved=43316.0MB, cuda_peak_alloc=7062.5MB, cuda_free=4651.8MB, cuda_total=48519.1MB
[2026-06-11 15:02:19] Epoch 14 train batch [340/1875] loss=0.1596 avg_loss=0.2196. Resources: rss=2174.3MB, peak_rss=2648.3MB, cuda_alloc=360.6MB, cuda_reserved=43316.0MB, cuda_peak_alloc=7062.5MB, cuda_free=4651.8MB, cuda_total=48519.1MB
[2026-06-11 15:02:24] Epoch 14 train batch [360/1875] loss=0.1702 avg_loss=0.2190. Resources: rss=2174.3MB, peak_rss=2648.3MB, cuda_alloc=360.6MB, cuda_reserved=43316.0MB, cuda_peak_alloc=7062.5MB, cuda_free=4651.8MB, cuda_total=48519.1MB
[2026-06-11 15:02:28] Epoch 14 train batch [380/1875] loss=0.3513 avg_loss=0.2186. Resources: rss=2174.4MB, peak_rss=2648.3MB, cuda_alloc=360.6MB, cuda_reserved=43316.0MB, cuda_peak_alloc=7062.5MB, cuda_free=4651.8MB, cuda_total=48519.1MB
[2026-06-11 15:02:32] Epoch 14 train batch [400/1875] loss=0.2012 avg_loss=0.2180. Resources: rss=2174.9MB, peak_rss=2648.3MB, cuda_alloc=360.6MB, cuda_reserved=43316.0MB, cuda_peak_alloc=7062.5MB, cuda_free=4651.8MB, cuda_total=48519.1MB
[2026-06-11 15:02:37] Epoch 14 train batch [420/1875] loss=0.1015 avg_loss=0.2159. Resources: rss=2175.5MB, peak_rss=2648.3MB, cuda_alloc=360.6MB, cuda_reserved=43316.0MB, cuda_peak_alloc=7062.7MB, cuda_free=4651.8MB, cuda_total=48519.1MB
[2026-06-11 15:02:42] Epoch 14 train batch [440/1875] loss=0.1903 avg_loss=0.2146. Resources: rss=2174.4MB, peak_rss=2648.3MB, cuda_alloc=360.6MB, cuda_reserved=25196.0MB, cuda_peak_alloc=7062.7MB, cuda_free=22771.8MB, cuda_total=48519.1MB
[2026-06-11 15:02:47] Epoch 14 train batch [460/1875] loss=0.1453 avg_loss=0.2141. Resources: rss=2174.5MB, peak_rss=2648.3MB, cuda_alloc=360.6MB, cuda_reserved=35856.0MB, cuda_peak_alloc=7062.7MB, cuda_free=12111.8MB, cuda_total=48519.1MB
[2026-06-11 15:02:52] Epoch 14 train batch [480/1875] loss=0.1739 avg_loss=0.2143. Resources: rss=2174.9MB, peak_rss=2648.3MB, cuda_alloc=360.6MB, cuda_reserved=26816.0MB, cuda_peak_alloc=7062.7MB, cuda_free=21151.8MB, cuda_total=48519.1MB
[2026-06-11 15:02:59] Epoch 14 train batch [500/1875] loss=0.1726 avg_loss=0.2143. Resources: rss=2173.8MB, peak_rss=2648.3MB, cuda_alloc=360.6MB, cuda_reserved=19976.0MB, cuda_peak_alloc=7062.7MB, cuda_free=27991.8MB, cuda_total=48519.1MB
[2026-06-11 15:03:04] Epoch 14 train batch [520/1875] loss=0.0785 avg_loss=0.2136. Resources: rss=2174.3MB, peak_rss=2648.3MB, cuda_alloc=360.6MB, cuda_reserved=26316.0MB, cuda_peak_alloc=7062.7MB, cuda_free=21651.8MB, cuda_total=48519.1MB
[2026-06-11 15:03:09] Epoch 14 train batch [540/1875] loss=0.1629 avg_loss=0.2145. Resources: rss=2174.7MB, peak_rss=2648.3MB, cuda_alloc=360.6MB, cuda_reserved=40256.0MB, cuda_peak_alloc=7062.7MB, cuda_free=7711.8MB, cuda_total=48519.1MB
[2026-06-11 15:03:15] Epoch 14 train batch [560/1875] loss=0.2358 avg_loss=0.2155. Resources: rss=2174.4MB, peak_rss=2648.3MB, cuda_alloc=360.6MB, cuda_reserved=16356.0MB, cuda_peak_alloc=7062.7MB, cuda_free=31611.8MB, cuda_total=48519.1MB
[2026-06-11 15:03:19] Epoch 14 train batch [580/1875] loss=0.1680 avg_loss=0.2151. Resources: rss=2175.0MB, peak_rss=2648.3MB, cuda_alloc=360.6MB, cuda_reserved=32396.0MB, cuda_peak_alloc=7062.7MB, cuda_free=15571.8MB, cuda_total=48519.1MB
[2026-06-11 15:03:23] Epoch 14 train batch [600/1875] loss=0.2186 avg_loss=0.2151. Resources: rss=2175.1MB, peak_rss=2648.3MB, cuda_alloc=360.6MB, cuda_reserved=45596.0MB, cuda_peak_alloc=7062.7MB, cuda_free=2371.8MB, cuda_total=48519.1MB
[2026-06-11 15:03:28] Epoch 14 train batch [620/1875] loss=0.2765 avg_loss=0.2143. Resources: rss=2175.2MB, peak_rss=2648.3MB, cuda_alloc=360.6MB, cuda_reserved=45596.0MB, cuda_peak_alloc=7062.7MB, cuda_free=2371.8MB, cuda_total=48519.1MB
[2026-06-11 15:03:33] Epoch 14 train batch [640/1875] loss=0.2385 avg_loss=0.2141. Resources: rss=2175.7MB, peak_rss=2648.3MB, cuda_alloc=360.6MB, cuda_reserved=29396.0MB, cuda_peak_alloc=7062.7MB, cuda_free=18571.8MB, cuda_total=48519.1MB
[2026-06-11 15:03:38] Epoch 14 train batch [660/1875] loss=0.2837 avg_loss=0.2133. Resources: rss=2175.5MB, peak_rss=2648.3MB, cuda_alloc=360.6MB, cuda_reserved=35016.0MB, cuda_peak_alloc=7062.7MB, cuda_free=12951.8MB, cuda_total=48519.1MB
[2026-06-11 15:03:43] Epoch 14 train batch [680/1875] loss=0.1731 avg_loss=0.2126. Resources: rss=2175.7MB, peak_rss=2648.3MB, cuda_alloc=360.6MB, cuda_reserved=23276.0MB, cuda_peak_alloc=7062.7MB, cuda_free=24691.8MB, cuda_total=48519.1MB
[2026-06-11 15:03:47] Epoch 14 train batch [700/1875] loss=0.2578 avg_loss=0.2112. Resources: rss=2176.5MB, peak_rss=2648.3MB, cuda_alloc=360.6MB, cuda_reserved=41616.0MB, cuda_peak_alloc=7062.7MB, cuda_free=6351.8MB, cuda_total=48519.1MB
[2026-06-11 15:03:52] Epoch 14 train batch [720/1875] loss=0.1663 avg_loss=0.2108. Resources: rss=2176.8MB, peak_rss=2648.3MB, cuda_alloc=360.6MB, cuda_reserved=41616.0MB, cuda_peak_alloc=7062.7MB, cuda_free=6351.8MB, cuda_total=48519.1MB
[2026-06-11 15:03:57] Epoch 14 train batch [740/1875] loss=0.2096 avg_loss=0.2107. Resources: rss=2177.2MB, peak_rss=2648.3MB, cuda_alloc=360.6MB, cuda_reserved=19176.0MB, cuda_peak_alloc=7062.7MB, cuda_free=28791.8MB, cuda_total=48519.1MB
[2026-06-11 15:04:03] Epoch 14 train batch [760/1875] loss=0.2346 avg_loss=0.2100. Resources: rss=2176.9MB, peak_rss=2648.3MB, cuda_alloc=360.6MB, cuda_reserved=7876.0MB, cuda_peak_alloc=7062.7MB, cuda_free=40091.8MB, cuda_total=48519.1MB
[2026-06-11 15:04:08] Epoch 14 train batch [780/1875] loss=0.2438 avg_loss=0.2103. Resources: rss=2177.8MB, peak_rss=2648.3MB, cuda_alloc=360.6MB, cuda_reserved=34436.0MB, cuda_peak_alloc=7062.7MB, cuda_free=13531.8MB, cuda_total=48519.1MB
[2026-06-11 15:04:12] Epoch 14 train batch [800/1875] loss=0.1196 avg_loss=0.2099. Resources: rss=2177.4MB, peak_rss=2648.3MB, cuda_alloc=360.6MB, cuda_reserved=34436.0MB, cuda_peak_alloc=7062.7MB, cuda_free=13531.8MB, cuda_total=48519.1MB
[2026-06-11 15:04:16] Epoch 14 train batch [820/1875] loss=0.2453 avg_loss=0.2100. Resources: rss=2177.6MB, peak_rss=2648.3MB, cuda_alloc=360.6MB, cuda_reserved=34436.0MB, cuda_peak_alloc=7062.7MB, cuda_free=13531.8MB, cuda_total=48519.1MB
[2026-06-11 15:04:21] Epoch 14 train batch [840/1875] loss=0.1998 avg_loss=0.2097. Resources: rss=2177.1MB, peak_rss=2648.3MB, cuda_alloc=360.6MB, cuda_reserved=40416.0MB, cuda_peak_alloc=7062.7MB, cuda_free=7551.8MB, cuda_total=48519.1MB
[2026-06-11 15:04:25] Epoch 14 train batch [860/1875] loss=0.1949 avg_loss=0.2098. Resources: rss=2177.2MB, peak_rss=2648.3MB, cuda_alloc=360.6MB, cuda_reserved=40416.0MB, cuda_peak_alloc=7062.7MB, cuda_free=7551.8MB, cuda_total=48519.1MB
[2026-06-11 15:04:30] Epoch 14 train batch [880/1875] loss=0.1399 avg_loss=0.2096. Resources: rss=2178.2MB, peak_rss=2648.3MB, cuda_alloc=360.6MB, cuda_reserved=29396.0MB, cuda_peak_alloc=7062.7MB, cuda_free=18571.8MB, cuda_total=48519.1MB
[2026-06-11 15:04:35] Epoch 14 train batch [900/1875] loss=0.1162 avg_loss=0.2089. Resources: rss=2176.7MB, peak_rss=2648.3MB, cuda_alloc=360.6MB, cuda_reserved=29396.0MB, cuda_peak_alloc=7062.7MB, cuda_free=18571.8MB, cuda_total=48519.1MB
[2026-06-11 15:04:39] Epoch 14 train batch [920/1875] loss=0.2340 avg_loss=0.2091. Resources: rss=2177.6MB, peak_rss=2648.3MB, cuda_alloc=360.6MB, cuda_reserved=29396.0MB, cuda_peak_alloc=7062.7MB, cuda_free=18571.8MB, cuda_total=48519.1MB
[2026-06-11 15:04:44] Epoch 14 train batch [940/1875] loss=0.2118 avg_loss=0.2091. Resources: rss=2177.7MB, peak_rss=2648.3MB, cuda_alloc=360.6MB, cuda_reserved=30036.0MB, cuda_peak_alloc=7062.7MB, cuda_free=17931.8MB, cuda_total=48519.1MB
[2026-06-11 15:04:48] Epoch 14 train batch [960/1875] loss=0.0988 avg_loss=0.2090. Resources: rss=2178.3MB, peak_rss=2648.3MB, cuda_alloc=360.6MB, cuda_reserved=33096.0MB, cuda_peak_alloc=7062.7MB, cuda_free=14871.8MB, cuda_total=48519.1MB
[2026-06-11 15:04:53] Epoch 14 train batch [980/1875] loss=0.2543 avg_loss=0.2086. Resources: rss=2177.8MB, peak_rss=2648.3MB, cuda_alloc=360.6MB, cuda_reserved=33096.0MB, cuda_peak_alloc=7062.7MB, cuda_free=14871.8MB, cuda_total=48519.1MB
[2026-06-11 15:04:57] Epoch 14 train batch [1000/1875] loss=0.3030 avg_loss=0.2088. Resources: rss=2177.0MB, peak_rss=2648.3MB, cuda_alloc=360.6MB, cuda_reserved=33096.0MB, cuda_peak_alloc=7062.7MB, cuda_free=14871.8MB, cuda_total=48519.1MB
[2026-06-11 15:05:01] Epoch 14 train batch [1020/1875] loss=0.1231 avg_loss=0.2089. Resources: rss=2177.1MB, peak_rss=2648.3MB, cuda_alloc=360.6MB, cuda_reserved=33096.0MB, cuda_peak_alloc=7062.7MB, cuda_free=14871.8MB, cuda_total=48519.1MB
[2026-06-11 15:05:06] Epoch 14 train batch [1040/1875] loss=0.2840 avg_loss=0.2086. Resources: rss=2177.6MB, peak_rss=2648.3MB, cuda_alloc=360.6MB, cuda_reserved=37556.0MB, cuda_peak_alloc=7062.7MB, cuda_free=10411.8MB, cuda_total=48519.1MB
[2026-06-11 15:05:10] Epoch 14 train batch [1060/1875] loss=0.1204 avg_loss=0.2082. Resources: rss=2176.9MB, peak_rss=2648.3MB, cuda_alloc=360.6MB, cuda_reserved=47956.0MB, cuda_peak_alloc=7062.7MB, cuda_free=11.8MB, cuda_total=48519.1MB
[2026-06-11 15:05:16] Epoch 14 train batch [1080/1875] loss=0.2304 avg_loss=0.2082. Resources: rss=2177.9MB, peak_rss=2648.3MB, cuda_alloc=360.6MB, cuda_reserved=38056.0MB, cuda_peak_alloc=7062.7MB, cuda_free=9911.8MB, cuda_total=48519.1MB
[2026-06-11 15:05:21] Epoch 14 train batch [1100/1875] loss=0.1428 avg_loss=0.2083. Resources: rss=2177.6MB, peak_rss=2648.3MB, cuda_alloc=351.4MB, cuda_reserved=38016.0MB, cuda_peak_alloc=7062.7MB, cuda_free=9951.8MB, cuda_total=48519.1MB
[2026-06-11 15:05:26] Epoch 14 train batch [1120/1875] loss=0.1513 avg_loss=0.2081. Resources: rss=2176.8MB, peak_rss=2648.3MB, cuda_alloc=360.6MB, cuda_reserved=5496.0MB, cuda_peak_alloc=7062.7MB, cuda_free=42471.8MB, cuda_total=48519.1MB
[2026-06-11 15:05:31] Epoch 14 train batch [1140/1875] loss=0.2119 avg_loss=0.2082. Resources: rss=2176.6MB, peak_rss=2648.3MB, cuda_alloc=360.6MB, cuda_reserved=25056.0MB, cuda_peak_alloc=7062.7MB, cuda_free=22911.8MB, cuda_total=48519.1MB
[2026-06-11 15:05:35] Epoch 14 train batch [1160/1875] loss=0.4417 avg_loss=0.2087. Resources: rss=2177.2MB, peak_rss=2648.3MB, cuda_alloc=360.6MB, cuda_reserved=34876.0MB, cuda_peak_alloc=7062.7MB, cuda_free=13091.8MB, cuda_total=48519.1MB
[2026-06-11 15:05:39] Epoch 14 train batch [1180/1875] loss=0.3121 avg_loss=0.2089. Resources: rss=2176.9MB, peak_rss=2648.3MB, cuda_alloc=360.6MB, cuda_reserved=42436.0MB, cuda_peak_alloc=7062.7MB, cuda_free=5531.8MB, cuda_total=48519.1MB
[2026-06-11 15:05:45] Epoch 14 train batch [1200/1875] loss=0.2867 avg_loss=0.2092. Resources: rss=2177.5MB, peak_rss=2648.3MB, cuda_alloc=360.6MB, cuda_reserved=28436.0MB, cuda_peak_alloc=7062.7MB, cuda_free=19531.8MB, cuda_total=48519.1MB
[2026-06-11 15:05:50] Epoch 14 train batch [1220/1875] loss=0.1734 avg_loss=0.2089. Resources: rss=2177.2MB, peak_rss=2648.3MB, cuda_alloc=360.6MB, cuda_reserved=27676.0MB, cuda_peak_alloc=7062.7MB, cuda_free=20291.8MB, cuda_total=48519.1MB
[2026-06-11 15:05:54] Epoch 14 train batch [1240/1875] loss=0.1962 avg_loss=0.2086. Resources: rss=2177.2MB, peak_rss=2648.3MB, cuda_alloc=360.6MB, cuda_reserved=45076.0MB, cuda_peak_alloc=7062.7MB, cuda_free=2891.8MB, cuda_total=48519.1MB
[2026-06-11 15:06:00] Epoch 14 train batch [1260/1875] loss=0.1276 avg_loss=0.2083. Resources: rss=2177.9MB, peak_rss=2648.3MB, cuda_alloc=360.6MB, cuda_reserved=24656.0MB, cuda_peak_alloc=7062.7MB, cuda_free=23311.8MB, cuda_total=48519.1MB
[2026-06-11 15:06:05] Epoch 14 train batch [1280/1875] loss=0.1579 avg_loss=0.2090. Resources: rss=2177.6MB, peak_rss=2648.3MB, cuda_alloc=360.6MB, cuda_reserved=40756.0MB, cuda_peak_alloc=7062.7MB, cuda_free=7211.8MB, cuda_total=48519.1MB
[2026-06-11 15:06:09] Epoch 14 train batch [1300/1875] loss=0.4063 avg_loss=0.2091. Resources: rss=2176.5MB, peak_rss=2648.3MB, cuda_alloc=360.6MB, cuda_reserved=40756.0MB, cuda_peak_alloc=7062.7MB, cuda_free=7211.8MB, cuda_total=48519.1MB
[2026-06-11 15:06:13] Epoch 14 train batch [1320/1875] loss=0.4688 avg_loss=0.2096. Resources: rss=2177.5MB, peak_rss=2648.3MB, cuda_alloc=360.6MB, cuda_reserved=40756.0MB, cuda_peak_alloc=7062.7MB, cuda_free=7211.8MB, cuda_total=48519.1MB
[2026-06-11 15:06:18] Epoch 14 train batch [1340/1875] loss=0.1500 avg_loss=0.2099. Resources: rss=2177.9MB, peak_rss=2648.3MB, cuda_alloc=360.6MB, cuda_reserved=40756.0MB, cuda_peak_alloc=7062.7MB, cuda_free=7211.8MB, cuda_total=48519.1MB
[2026-06-11 15:06:22] Epoch 14 train batch [1360/1875] loss=0.2833 avg_loss=0.2101. Resources: rss=2178.4MB, peak_rss=2648.3MB, cuda_alloc=360.6MB, cuda_reserved=40756.0MB, cuda_peak_alloc=7062.7MB, cuda_free=7211.8MB, cuda_total=48519.1MB
[2026-06-11 15:06:26] Epoch 14 train batch [1380/1875] loss=0.3910 avg_loss=0.2101. Resources: rss=2178.6MB, peak_rss=2648.3MB, cuda_alloc=360.6MB, cuda_reserved=40756.0MB, cuda_peak_alloc=7062.7MB, cuda_free=7211.8MB, cuda_total=48519.1MB
[2026-06-11 15:06:31] Epoch 14 train batch [1400/1875] loss=0.2214 avg_loss=0.2102. Resources: rss=2178.3MB, peak_rss=2648.3MB, cuda_alloc=360.6MB, cuda_reserved=40756.0MB, cuda_peak_alloc=7062.7MB, cuda_free=7211.8MB, cuda_total=48519.1MB
[2026-06-11 15:06:35] Epoch 14 train batch [1420/1875] loss=0.2804 avg_loss=0.2107. Resources: rss=2177.5MB, peak_rss=2648.3MB, cuda_alloc=360.6MB, cuda_reserved=40756.0MB, cuda_peak_alloc=7062.7MB, cuda_free=7211.8MB, cuda_total=48519.1MB
[2026-06-11 15:06:39] Epoch 14 train batch [1440/1875] loss=0.2836 avg_loss=0.2111. Resources: rss=2177.6MB, peak_rss=2648.3MB, cuda_alloc=360.6MB, cuda_reserved=40756.0MB, cuda_peak_alloc=7062.7MB, cuda_free=7211.8MB, cuda_total=48519.1MB
[2026-06-11 15:06:44] Epoch 14 train batch [1460/1875] loss=0.2165 avg_loss=0.2115. Resources: rss=2178.1MB, peak_rss=2648.3MB, cuda_alloc=360.6MB, cuda_reserved=45536.0MB, cuda_peak_alloc=7062.7MB, cuda_free=2431.8MB, cuda_total=48519.1MB
[2026-06-11 15:06:50] Epoch 14 train batch [1480/1875] loss=0.1574 avg_loss=0.2115. Resources: rss=2177.8MB, peak_rss=2648.3MB, cuda_alloc=360.6MB, cuda_reserved=12176.0MB, cuda_peak_alloc=7062.7MB, cuda_free=35791.8MB, cuda_total=48519.1MB
[2026-06-11 15:06:54] Epoch 14 train batch [1500/1875] loss=0.2159 avg_loss=0.2121. Resources: rss=2178.7MB, peak_rss=2648.3MB, cuda_alloc=360.6MB, cuda_reserved=30516.0MB, cuda_peak_alloc=7062.7MB, cuda_free=17451.8MB, cuda_total=48519.1MB
[2026-06-11 15:06:59] Epoch 14 train batch [1520/1875] loss=0.1269 avg_loss=0.2119. Resources: rss=2178.9MB, peak_rss=2648.3MB, cuda_alloc=360.6MB, cuda_reserved=37716.0MB, cuda_peak_alloc=7062.7MB, cuda_free=10251.8MB, cuda_total=48519.1MB
[2026-06-11 15:07:03] Epoch 14 train batch [1540/1875] loss=0.2552 avg_loss=0.2115. Resources: rss=2179.1MB, peak_rss=2648.3MB, cuda_alloc=360.6MB, cuda_reserved=37716.0MB, cuda_peak_alloc=7062.7MB, cuda_free=10251.8MB, cuda_total=48519.1MB
[2026-06-11 15:07:07] Epoch 14 train batch [1560/1875] loss=0.2239 avg_loss=0.2119. Resources: rss=2178.6MB, peak_rss=2648.3MB, cuda_alloc=360.6MB, cuda_reserved=47456.0MB, cuda_peak_alloc=7062.7MB, cuda_free=511.8MB, cuda_total=48519.1MB
[2026-06-11 15:07:12] Epoch 14 train batch [1580/1875] loss=0.3595 avg_loss=0.2119. Resources: rss=2177.9MB, peak_rss=2648.3MB, cuda_alloc=360.6MB, cuda_reserved=47456.0MB, cuda_peak_alloc=7062.7MB, cuda_free=511.8MB, cuda_total=48519.1MB
[2026-06-11 15:07:16] Epoch 14 train batch [1600/1875] loss=0.1338 avg_loss=0.2121. Resources: rss=2179.0MB, peak_rss=2648.3MB, cuda_alloc=360.6MB, cuda_reserved=47516.0MB, cuda_peak_alloc=7062.7MB, cuda_free=451.8MB, cuda_total=48519.1MB
[2026-06-11 15:07:20] Epoch 14 train batch [1620/1875] loss=0.1107 avg_loss=0.2124. Resources: rss=2179.9MB, peak_rss=2648.3MB, cuda_alloc=360.6MB, cuda_reserved=47516.0MB, cuda_peak_alloc=7062.7MB, cuda_free=451.8MB, cuda_total=48519.1MB
[2026-06-11 15:07:25] Epoch 14 train batch [1640/1875] loss=0.1690 avg_loss=0.2129. Resources: rss=2179.4MB, peak_rss=2648.3MB, cuda_alloc=360.6MB, cuda_reserved=39876.0MB, cuda_peak_alloc=7062.7MB, cuda_free=8091.8MB, cuda_total=48519.1MB
[2026-06-11 15:07:30] Epoch 14 train batch [1660/1875] loss=0.1905 avg_loss=0.2128. Resources: rss=2180.3MB, peak_rss=2648.3MB, cuda_alloc=360.6MB, cuda_reserved=38256.0MB, cuda_peak_alloc=7062.7MB, cuda_free=9711.8MB, cuda_total=48519.1MB
[2026-06-11 15:07:35] Epoch 14 train batch [1680/1875] loss=0.2135 avg_loss=0.2128. Resources: rss=2176.7MB, peak_rss=2648.3MB, cuda_alloc=360.6MB, cuda_reserved=38256.0MB, cuda_peak_alloc=7062.7MB, cuda_free=9711.8MB, cuda_total=48519.1MB
[2026-06-11 15:07:39] Epoch 14 train batch [1700/1875] loss=0.1810 avg_loss=0.2126. Resources: rss=2178.2MB, peak_rss=2648.3MB, cuda_alloc=360.6MB, cuda_reserved=38256.0MB, cuda_peak_alloc=7062.7MB, cuda_free=9711.8MB, cuda_total=48519.1MB
[2026-06-11 15:07:43] Epoch 14 train batch [1720/1875] loss=0.3529 avg_loss=0.2128. Resources: rss=2179.0MB, peak_rss=2648.3MB, cuda_alloc=360.6MB, cuda_reserved=40616.0MB, cuda_peak_alloc=7062.7MB, cuda_free=7351.8MB, cuda_total=48519.1MB
[2026-06-11 15:07:49] Epoch 14 train batch [1740/1875] loss=0.2957 avg_loss=0.2127. Resources: rss=2179.0MB, peak_rss=2648.3MB, cuda_alloc=360.6MB, cuda_reserved=5496.0MB, cuda_peak_alloc=7062.7MB, cuda_free=42471.8MB, cuda_total=48519.1MB
[2026-06-11 15:07:53] Epoch 14 train batch [1760/1875] loss=0.2846 avg_loss=0.2128. Resources: rss=2178.4MB, peak_rss=2648.3MB, cuda_alloc=360.6MB, cuda_reserved=37976.0MB, cuda_peak_alloc=7062.7MB, cuda_free=9991.8MB, cuda_total=48519.1MB
[2026-06-11 15:07:57] Epoch 14 train batch [1780/1875] loss=0.1502 avg_loss=0.2135. Resources: rss=2178.0MB, peak_rss=2648.3MB, cuda_alloc=360.6MB, cuda_reserved=44276.0MB, cuda_peak_alloc=7062.7MB, cuda_free=3691.8MB, cuda_total=48519.1MB
[2026-06-11 15:08:02] Epoch 14 train batch [1800/1875] loss=0.1552 avg_loss=0.2130. Resources: rss=2178.8MB, peak_rss=2648.3MB, cuda_alloc=360.6MB, cuda_reserved=44276.0MB, cuda_peak_alloc=7062.7MB, cuda_free=3691.8MB, cuda_total=48519.1MB
[2026-06-11 15:08:06] Epoch 14 train batch [1820/1875] loss=0.1552 avg_loss=0.2128. Resources: rss=2179.5MB, peak_rss=2648.3MB, cuda_alloc=360.6MB, cuda_reserved=44276.0MB, cuda_peak_alloc=7062.7MB, cuda_free=3691.8MB, cuda_total=48519.1MB
[2026-06-11 15:08:10] Epoch 14 train batch [1840/1875] loss=0.2028 avg_loss=0.2125. Resources: rss=2178.9MB, peak_rss=2648.3MB, cuda_alloc=360.6MB, cuda_reserved=44276.0MB, cuda_peak_alloc=7062.7MB, cuda_free=3691.8MB, cuda_total=48519.1MB
[2026-06-11 15:08:15] Epoch 14 train batch [1860/1875] loss=0.0812 avg_loss=0.2125. Resources: rss=2179.0MB, peak_rss=2648.3MB, cuda_alloc=360.6MB, cuda_reserved=44276.0MB, cuda_peak_alloc=7062.7MB, cuda_free=3691.8MB, cuda_total=48519.1MB
[2026-06-11 15:08:18] Epoch 14 train batch [1875/1875] loss=0.1330 avg_loss=0.2124. Resources: rss=2179.7MB, peak_rss=2648.3MB, cuda_alloc=360.6MB, cuda_reserved=44276.0MB, cuda_peak_alloc=7062.7MB, cuda_free=3691.8MB, cuda_total=48519.1MB
[2026-06-11 15:08:18] Epoch 14 training completed. Resources: rss=2170.9MB, peak_rss=2648.3MB, cuda_alloc=360.6MB, cuda_reserved=44276.0MB, cuda_peak_alloc=7062.7MB, cuda_free=3691.8MB, cuda_total=48519.1MB
[2026-06-11 15:08:19] Epoch 14 cache released before validation loss. Resources: rss=2169.2MB, peak_rss=2648.3MB, cuda_alloc=360.6MB, cuda_reserved=600.0MB, cuda_peak_alloc=360.6MB, cuda_free=47367.8MB, cuda_total=48519.1MB
[2026-06-11 15:08:52] Epoch 14 validation loss completed: 0.4951. Resources: rss=2169.0MB, peak_rss=2648.3MB, cuda_alloc=360.6MB, cuda_reserved=5866.0MB, cuda_peak_alloc=2034.0MB, cuda_free=42101.8MB, cuda_total=48519.1MB
[2026-06-11 15:08:52] Epoch 14 cache released before detection metrics. Resources: rss=2168.5MB, peak_rss=2648.3MB, cuda_alloc=360.6MB, cuda_reserved=600.0MB, cuda_peak_alloc=360.6MB, cuda_free=47367.8MB, cuda_total=48519.1MB
[2026-06-11 15:09:27] Epoch 14 prediction tensors moved to CPU. Computing metrics. Resources: rss=2167.6MB, peak_rss=2648.3MB, cuda_alloc=360.6MB, cuda_reserved=600.0MB, cuda_peak_alloc=360.6MB, cuda_free=47367.8MB, cuda_total=48519.1MB
[2026-06-11 15:09:27] Epoch 14 metrics computed (mAP@0.5 only). Saving artifacts. Resources: rss=2169.1MB, peak_rss=2648.3MB, cuda_alloc=360.6MB, cuda_reserved=600.0MB, cuda_peak_alloc=360.6MB, cuda_free=47367.8MB, cuda_total=48519.1MB
[2026-06-11 15:09:27] Epoch 14 did not improve mAP@0.5 enough. Early stopping counter: 1/10.
Epoch [14/50]
├── Train Loss : 0.2124
│   ├── loss_classifier  : 0.1146
│   ├── loss_box_reg     : 0.0978
│   ├── loss_objectness  : 0.0000
│   └── loss_rpn_box_reg : 0.0000
├── Val Loss   : 0.4951
├── mAP@0.5    : 0.7471
├── mAP@0.75   : n/a
├── mAP@0.5:0.95 : n/a
├── Precision  : 0.0862
├── Recall     : 0.9292
├── GT Boxes   : 2021
├── Predictions: 21795
├── Per-class AP
│   ├── person  : AP50=0.8136, AP75=n/a, AP50:95=n/a, P=0.1163, R=0.9423
│   ├── car     : AP50=0.7892, AP75=n/a, AP50:95=n/a, P=0.0752, R=0.9541
│   ├── dog     : AP50=0.8061, AP75=n/a, AP50:95=n/a, P=0.0754, R=0.9417
│   ├── cat     : AP50=0.8613, AP75=n/a, AP50:95=n/a, P=0.1008, R=0.9659
│   └── chair   : AP50=0.4654, AP75=n/a, AP50:95=n/a, P=0.0442, R=0.8227
├── LR         : 0.000877
└── Time       : 503.6s
[2026-06-11 15:09:27] Epoch [14/50] completed. Resources: rss=2167.7MB, peak_rss=2648.3MB, cuda_alloc=360.6MB, cuda_reserved=600.0MB, cuda_peak_alloc=360.6MB, cuda_free=47367.8MB, cuda_total=48519.1MB
[2026-06-11 15:09:27] Epoch [15/50] started. Resources: rss=2167.7MB, peak_rss=2648.3MB, cuda_alloc=360.6MB, cuda_reserved=600.0MB, cuda_peak_alloc=360.6MB, cuda_free=47367.8MB, cuda_total=48519.1MB
[2026-06-11 15:09:33] Epoch 15 train batch [20/1875] loss=0.1393 avg_loss=0.1702. Resources: rss=2176.9MB, peak_rss=2648.3MB, cuda_alloc=360.6MB, cuda_reserved=36756.0MB, cuda_peak_alloc=7061.9MB, cuda_free=11211.8MB, cuda_total=48519.1MB
[2026-06-11 15:09:37] Epoch 15 train batch [40/1875] loss=0.3141 avg_loss=0.1847. Resources: rss=2175.6MB, peak_rss=2648.3MB, cuda_alloc=360.6MB, cuda_reserved=36756.0MB, cuda_peak_alloc=7061.9MB, cuda_free=11211.8MB, cuda_total=48519.1MB
[2026-06-11 15:09:42] Epoch 15 train batch [60/1875] loss=0.1077 avg_loss=0.1889. Resources: rss=2176.8MB, peak_rss=2648.3MB, cuda_alloc=360.6MB, cuda_reserved=37456.0MB, cuda_peak_alloc=7061.9MB, cuda_free=10511.8MB, cuda_total=48519.1MB
[2026-06-11 15:09:46] Epoch 15 train batch [80/1875] loss=0.1655 avg_loss=0.1876. Resources: rss=2176.9MB, peak_rss=2648.3MB, cuda_alloc=360.6MB, cuda_reserved=37456.0MB, cuda_peak_alloc=7062.4MB, cuda_free=10511.8MB, cuda_total=48519.1MB
[2026-06-11 15:09:52] Epoch 15 train batch [100/1875] loss=0.2124 avg_loss=0.1920. Resources: rss=2176.6MB, peak_rss=2648.3MB, cuda_alloc=360.6MB, cuda_reserved=37356.0MB, cuda_peak_alloc=7062.4MB, cuda_free=10611.8MB, cuda_total=48519.1MB
[2026-06-11 15:09:57] Epoch 15 train batch [120/1875] loss=0.1994 avg_loss=0.1886. Resources: rss=2177.7MB, peak_rss=2648.3MB, cuda_alloc=360.6MB, cuda_reserved=9716.0MB, cuda_peak_alloc=7062.4MB, cuda_free=38251.8MB, cuda_total=48519.1MB
[2026-06-11 15:10:02] Epoch 15 train batch [140/1875] loss=0.4208 avg_loss=0.1906. Resources: rss=2177.1MB, peak_rss=2648.3MB, cuda_alloc=360.6MB, cuda_reserved=30316.0MB, cuda_peak_alloc=7062.4MB, cuda_free=17651.8MB, cuda_total=48519.1MB
[2026-06-11 15:10:06] Epoch 15 train batch [160/1875] loss=0.1800 avg_loss=0.1950. Resources: rss=2177.9MB, peak_rss=2648.3MB, cuda_alloc=360.6MB, cuda_reserved=40516.0MB, cuda_peak_alloc=7062.4MB, cuda_free=7451.8MB, cuda_total=48519.1MB
[2026-06-11 15:10:10] Epoch 15 train batch [180/1875] loss=0.3502 avg_loss=0.1939. Resources: rss=2177.9MB, peak_rss=2648.3MB, cuda_alloc=360.6MB, cuda_reserved=40516.0MB, cuda_peak_alloc=7062.5MB, cuda_free=7451.8MB, cuda_total=48519.1MB
[2026-06-11 15:10:15] Epoch 15 train batch [200/1875] loss=0.0940 avg_loss=0.1923. Resources: rss=2177.9MB, peak_rss=2648.3MB, cuda_alloc=360.6MB, cuda_reserved=40516.0MB, cuda_peak_alloc=7062.5MB, cuda_free=7451.8MB, cuda_total=48519.1MB
[2026-06-11 15:10:21] Epoch 15 train batch [220/1875] loss=0.1072 avg_loss=0.1943. Resources: rss=2178.7MB, peak_rss=2648.3MB, cuda_alloc=360.6MB, cuda_reserved=6476.0MB, cuda_peak_alloc=7062.5MB, cuda_free=41491.8MB, cuda_total=48519.1MB
[2026-06-11 15:10:25] Epoch 15 train batch [240/1875] loss=0.3578 avg_loss=0.1965. Resources: rss=2177.8MB, peak_rss=2648.3MB, cuda_alloc=360.6MB, cuda_reserved=46376.0MB, cuda_peak_alloc=7062.5MB, cuda_free=1591.8MB, cuda_total=48519.1MB
[2026-06-11 15:10:30] Epoch 15 train batch [260/1875] loss=0.2707 avg_loss=0.1963. Resources: rss=2178.2MB, peak_rss=2648.3MB, cuda_alloc=360.6MB, cuda_reserved=39836.0MB, cuda_peak_alloc=7062.5MB, cuda_free=8131.8MB, cuda_total=48519.1MB
[2026-06-11 15:10:36] Epoch 15 train batch [280/1875] loss=0.2260 avg_loss=0.1961. Resources: rss=2177.7MB, peak_rss=2648.3MB, cuda_alloc=360.6MB, cuda_reserved=42736.0MB, cuda_peak_alloc=7062.5MB, cuda_free=5231.8MB, cuda_total=48519.1MB
[2026-06-11 15:10:41] Epoch 15 train batch [300/1875] loss=0.1694 avg_loss=0.1964. Resources: rss=2178.2MB, peak_rss=2648.3MB, cuda_alloc=360.6MB, cuda_reserved=47956.0MB, cuda_peak_alloc=7062.5MB, cuda_free=11.8MB, cuda_total=48519.1MB
[2026-06-11 15:10:46] Epoch 15 train batch [320/1875] loss=0.2061 avg_loss=0.1988. Resources: rss=2178.0MB, peak_rss=2648.3MB, cuda_alloc=360.6MB, cuda_reserved=25556.0MB, cuda_peak_alloc=7062.5MB, cuda_free=22411.8MB, cuda_total=48519.1MB
[2026-06-11 15:10:51] Epoch 15 train batch [340/1875] loss=0.2236 avg_loss=0.1973. Resources: rss=2178.0MB, peak_rss=2648.3MB, cuda_alloc=360.6MB, cuda_reserved=30156.0MB, cuda_peak_alloc=7062.5MB, cuda_free=17811.8MB, cuda_total=48519.1MB
[2026-06-11 15:10:55] Epoch 15 train batch [360/1875] loss=0.0819 avg_loss=0.1972. Resources: rss=2179.4MB, peak_rss=2648.3MB, cuda_alloc=360.6MB, cuda_reserved=30156.0MB, cuda_peak_alloc=7062.5MB, cuda_free=17811.8MB, cuda_total=48519.1MB
[2026-06-11 15:10:59] Epoch 15 train batch [380/1875] loss=0.2782 avg_loss=0.1982. Resources: rss=2178.8MB, peak_rss=2648.3MB, cuda_alloc=360.6MB, cuda_reserved=30156.0MB, cuda_peak_alloc=7062.5MB, cuda_free=17811.8MB, cuda_total=48519.1MB
[2026-06-11 15:11:04] Epoch 15 train batch [400/1875] loss=0.1142 avg_loss=0.1971. Resources: rss=2178.3MB, peak_rss=2648.3MB, cuda_alloc=360.6MB, cuda_reserved=35616.0MB, cuda_peak_alloc=7062.5MB, cuda_free=12351.8MB, cuda_total=48519.1MB
[2026-06-11 15:11:08] Epoch 15 train batch [420/1875] loss=0.1748 avg_loss=0.1971. Resources: rss=2179.1MB, peak_rss=2648.3MB, cuda_alloc=360.6MB, cuda_reserved=35616.0MB, cuda_peak_alloc=7062.5MB, cuda_free=12351.8MB, cuda_total=48519.1MB
[2026-06-11 15:11:12] Epoch 15 train batch [440/1875] loss=0.1482 avg_loss=0.1968. Resources: rss=2179.2MB, peak_rss=2648.3MB, cuda_alloc=360.6MB, cuda_reserved=35616.0MB, cuda_peak_alloc=7062.5MB, cuda_free=12351.8MB, cuda_total=48519.1MB
[2026-06-11 15:11:17] Epoch 15 train batch [460/1875] loss=0.1868 avg_loss=0.1964. Resources: rss=2178.9MB, peak_rss=2648.3MB, cuda_alloc=360.6MB, cuda_reserved=35616.0MB, cuda_peak_alloc=7062.5MB, cuda_free=12351.8MB, cuda_total=48519.1MB
[2026-06-11 15:11:21] Epoch 15 train batch [480/1875] loss=0.1341 avg_loss=0.1970. Resources: rss=2179.0MB, peak_rss=2648.3MB, cuda_alloc=360.6MB, cuda_reserved=35616.0MB, cuda_peak_alloc=7062.5MB, cuda_free=12351.8MB, cuda_total=48519.1MB
[2026-06-11 15:11:26] Epoch 15 train batch [500/1875] loss=0.1480 avg_loss=0.1966. Resources: rss=2179.9MB, peak_rss=2648.3MB, cuda_alloc=360.6MB, cuda_reserved=41096.0MB, cuda_peak_alloc=7062.5MB, cuda_free=6871.8MB, cuda_total=48519.1MB
[2026-06-11 15:11:30] Epoch 15 train batch [520/1875] loss=0.1762 avg_loss=0.1964. Resources: rss=2179.7MB, peak_rss=2648.3MB, cuda_alloc=360.6MB, cuda_reserved=41096.0MB, cuda_peak_alloc=7062.5MB, cuda_free=6871.8MB, cuda_total=48519.1MB
[2026-06-11 15:11:35] Epoch 15 train batch [540/1875] loss=0.1154 avg_loss=0.1960. Resources: rss=2179.7MB, peak_rss=2648.3MB, cuda_alloc=360.6MB, cuda_reserved=41096.0MB, cuda_peak_alloc=7062.5MB, cuda_free=6871.8MB, cuda_total=48519.1MB
[2026-06-11 15:11:39] Epoch 15 train batch [560/1875] loss=0.0991 avg_loss=0.1953. Resources: rss=2180.8MB, peak_rss=2648.3MB, cuda_alloc=360.6MB, cuda_reserved=41096.0MB, cuda_peak_alloc=7062.5MB, cuda_free=6871.8MB, cuda_total=48519.1MB
[2026-06-11 15:11:44] Epoch 15 train batch [580/1875] loss=0.2102 avg_loss=0.1950. Resources: rss=2178.8MB, peak_rss=2648.3MB, cuda_alloc=360.6MB, cuda_reserved=41096.0MB, cuda_peak_alloc=7062.5MB, cuda_free=6871.8MB, cuda_total=48519.1MB
[2026-06-11 15:11:48] Epoch 15 train batch [600/1875] loss=0.4472 avg_loss=0.1956. Resources: rss=2178.9MB, peak_rss=2648.3MB, cuda_alloc=360.6MB, cuda_reserved=41096.0MB, cuda_peak_alloc=7062.5MB, cuda_free=6871.8MB, cuda_total=48519.1MB
[2026-06-11 15:11:52] Epoch 15 train batch [620/1875] loss=0.1599 avg_loss=0.1948. Resources: rss=2179.2MB, peak_rss=2648.3MB, cuda_alloc=360.6MB, cuda_reserved=41376.0MB, cuda_peak_alloc=7062.5MB, cuda_free=6591.8MB, cuda_total=48519.1MB
[2026-06-11 15:11:57] Epoch 15 train batch [640/1875] loss=0.2727 avg_loss=0.1967. Resources: rss=2179.2MB, peak_rss=2648.3MB, cuda_alloc=360.6MB, cuda_reserved=41376.0MB, cuda_peak_alloc=7062.5MB, cuda_free=6591.8MB, cuda_total=48519.1MB
[2026-06-11 15:12:01] Epoch 15 train batch [660/1875] loss=0.1034 avg_loss=0.1968. Resources: rss=2179.1MB, peak_rss=2648.3MB, cuda_alloc=360.6MB, cuda_reserved=41376.0MB, cuda_peak_alloc=7062.5MB, cuda_free=6591.8MB, cuda_total=48519.1MB
[2026-06-11 15:12:06] Epoch 15 train batch [680/1875] loss=0.1605 avg_loss=0.1978. Resources: rss=2179.7MB, peak_rss=2648.3MB, cuda_alloc=360.6MB, cuda_reserved=41376.0MB, cuda_peak_alloc=7062.5MB, cuda_free=6591.8MB, cuda_total=48519.1MB
[2026-06-11 15:12:10] Epoch 15 train batch [700/1875] loss=0.1968 avg_loss=0.1985. Resources: rss=2178.3MB, peak_rss=2648.3MB, cuda_alloc=360.6MB, cuda_reserved=41376.0MB, cuda_peak_alloc=7062.5MB, cuda_free=6591.8MB, cuda_total=48519.1MB
[2026-06-11 15:12:14] Epoch 15 train batch [720/1875] loss=0.2115 avg_loss=0.1982. Resources: rss=2180.0MB, peak_rss=2648.3MB, cuda_alloc=360.6MB, cuda_reserved=41376.0MB, cuda_peak_alloc=7062.5MB, cuda_free=6591.8MB, cuda_total=48519.1MB
[2026-06-11 15:12:18] Epoch 15 train batch [740/1875] loss=0.0805 avg_loss=0.1976. Resources: rss=2179.5MB, peak_rss=2648.3MB, cuda_alloc=360.6MB, cuda_reserved=41376.0MB, cuda_peak_alloc=7062.5MB, cuda_free=6591.8MB, cuda_total=48519.1MB
[2026-06-11 15:12:23] Epoch 15 train batch [760/1875] loss=0.1685 avg_loss=0.1986. Resources: rss=2179.4MB, peak_rss=2648.3MB, cuda_alloc=360.6MB, cuda_reserved=41376.0MB, cuda_peak_alloc=7062.5MB, cuda_free=6591.8MB, cuda_total=48519.1MB
[2026-06-11 15:12:29] Epoch 15 train batch [780/1875] loss=0.2478 avg_loss=0.1982. Resources: rss=2181.4MB, peak_rss=2648.3MB, cuda_alloc=360.6MB, cuda_reserved=21276.0MB, cuda_peak_alloc=7062.5MB, cuda_free=26691.8MB, cuda_total=48519.1MB
[2026-06-11 15:12:33] Epoch 15 train batch [800/1875] loss=0.1153 avg_loss=0.1978. Resources: rss=2181.8MB, peak_rss=2648.3MB, cuda_alloc=360.6MB, cuda_reserved=31176.0MB, cuda_peak_alloc=7062.5MB, cuda_free=16791.8MB, cuda_total=48519.1MB
[2026-06-11 15:12:37] Epoch 15 train batch [820/1875] loss=0.5085 avg_loss=0.1993. Resources: rss=2181.6MB, peak_rss=2648.3MB, cuda_alloc=360.6MB, cuda_reserved=36056.0MB, cuda_peak_alloc=7062.5MB, cuda_free=11911.8MB, cuda_total=48519.1MB
[2026-06-11 15:12:42] Epoch 15 train batch [840/1875] loss=0.1330 avg_loss=0.1995. Resources: rss=2181.1MB, peak_rss=2648.3MB, cuda_alloc=360.6MB, cuda_reserved=36056.0MB, cuda_peak_alloc=7062.5MB, cuda_free=11911.8MB, cuda_total=48519.1MB
[2026-06-11 15:12:46] Epoch 15 train batch [860/1875] loss=0.1890 avg_loss=0.1990. Resources: rss=2181.7MB, peak_rss=2648.3MB, cuda_alloc=360.6MB, cuda_reserved=40236.0MB, cuda_peak_alloc=7062.5MB, cuda_free=7731.8MB, cuda_total=48519.1MB
[2026-06-11 15:12:51] Epoch 15 train batch [880/1875] loss=0.2872 avg_loss=0.1989. Resources: rss=2181.4MB, peak_rss=2648.3MB, cuda_alloc=360.6MB, cuda_reserved=12056.0MB, cuda_peak_alloc=7062.5MB, cuda_free=35911.8MB, cuda_total=48519.1MB
[2026-06-11 15:12:57] Epoch 15 train batch [900/1875] loss=0.3346 avg_loss=0.1995. Resources: rss=2179.8MB, peak_rss=2648.3MB, cuda_alloc=360.6MB, cuda_reserved=40456.0MB, cuda_peak_alloc=7062.5MB, cuda_free=7511.8MB, cuda_total=48519.1MB
[2026-06-11 15:13:02] Epoch 15 train batch [920/1875] loss=0.2460 avg_loss=0.1997. Resources: rss=2182.1MB, peak_rss=2648.3MB, cuda_alloc=360.6MB, cuda_reserved=30156.0MB, cuda_peak_alloc=7062.5MB, cuda_free=17811.8MB, cuda_total=48519.1MB
[2026-06-11 15:13:06] Epoch 15 train batch [940/1875] loss=0.2135 avg_loss=0.1996. Resources: rss=2182.0MB, peak_rss=2648.3MB, cuda_alloc=360.6MB, cuda_reserved=30736.0MB, cuda_peak_alloc=7062.5MB, cuda_free=17231.8MB, cuda_total=48519.1MB
[2026-06-11 15:13:11] Epoch 15 train batch [960/1875] loss=0.1088 avg_loss=0.1997. Resources: rss=2182.7MB, peak_rss=2648.3MB, cuda_alloc=360.6MB, cuda_reserved=27016.0MB, cuda_peak_alloc=7062.5MB, cuda_free=20951.8MB, cuda_total=48519.1MB
[2026-06-11 15:13:16] Epoch 15 train batch [980/1875] loss=0.1841 avg_loss=0.2000. Resources: rss=2182.7MB, peak_rss=2648.3MB, cuda_alloc=360.6MB, cuda_reserved=7496.0MB, cuda_peak_alloc=7062.5MB, cuda_free=40471.8MB, cuda_total=48519.1MB
[2026-06-11 15:13:21] Epoch 15 train batch [1000/1875] loss=0.1022 avg_loss=0.1995. Resources: rss=2181.7MB, peak_rss=2648.3MB, cuda_alloc=360.6MB, cuda_reserved=29896.0MB, cuda_peak_alloc=7062.5MB, cuda_free=18071.8MB, cuda_total=48519.1MB
[2026-06-11 15:13:25] Epoch 15 train batch [1020/1875] loss=0.2136 avg_loss=0.2000. Resources: rss=2181.6MB, peak_rss=2648.3MB, cuda_alloc=360.6MB, cuda_reserved=39756.0MB, cuda_peak_alloc=7062.5MB, cuda_free=8211.8MB, cuda_total=48519.1MB
[2026-06-11 15:13:29] Epoch 15 train batch [1040/1875] loss=0.3464 avg_loss=0.2000. Resources: rss=2181.2MB, peak_rss=2648.3MB, cuda_alloc=360.6MB, cuda_reserved=39756.0MB, cuda_peak_alloc=7062.5MB, cuda_free=8211.8MB, cuda_total=48519.1MB
[2026-06-11 15:13:34] Epoch 15 train batch [1060/1875] loss=0.0843 avg_loss=0.1999. Resources: rss=2181.5MB, peak_rss=2648.3MB, cuda_alloc=360.6MB, cuda_reserved=41516.0MB, cuda_peak_alloc=7062.5MB, cuda_free=6451.8MB, cuda_total=48519.1MB
[2026-06-11 15:13:38] Epoch 15 train batch [1080/1875] loss=0.1372 avg_loss=0.1996. Resources: rss=2180.2MB, peak_rss=2648.3MB, cuda_alloc=360.6MB, cuda_reserved=41516.0MB, cuda_peak_alloc=7062.5MB, cuda_free=6451.8MB, cuda_total=48519.1MB
[2026-06-11 15:13:43] Epoch 15 train batch [1100/1875] loss=0.3244 avg_loss=0.1997. Resources: rss=2183.0MB, peak_rss=2648.3MB, cuda_alloc=360.6MB, cuda_reserved=42696.0MB, cuda_peak_alloc=7062.5MB, cuda_free=5271.8MB, cuda_total=48519.1MB
[2026-06-11 15:13:50] Epoch 15 train batch [1120/1875] loss=0.1263 avg_loss=0.1994. Resources: rss=2182.6MB, peak_rss=2648.3MB, cuda_alloc=360.6MB, cuda_reserved=28656.0MB, cuda_peak_alloc=7062.5MB, cuda_free=19311.8MB, cuda_total=48519.1MB
[2026-06-11 15:13:55] Epoch 15 train batch [1140/1875] loss=0.1265 avg_loss=0.1994. Resources: rss=2182.8MB, peak_rss=2648.3MB, cuda_alloc=360.6MB, cuda_reserved=6976.0MB, cuda_peak_alloc=7062.5MB, cuda_free=40991.8MB, cuda_total=48519.1MB
[2026-06-11 15:14:00] Epoch 15 train batch [1160/1875] loss=0.1470 avg_loss=0.1995. Resources: rss=2183.0MB, peak_rss=2648.3MB, cuda_alloc=360.6MB, cuda_reserved=44536.0MB, cuda_peak_alloc=7062.5MB, cuda_free=3431.8MB, cuda_total=48519.1MB
[2026-06-11 15:14:07] Epoch 15 train batch [1180/1875] loss=0.1163 avg_loss=0.1992. Resources: rss=2182.8MB, peak_rss=2648.3MB, cuda_alloc=360.6MB, cuda_reserved=27256.0MB, cuda_peak_alloc=7062.5MB, cuda_free=20711.8MB, cuda_total=48519.1MB
[2026-06-11 15:14:12] Epoch 15 train batch [1200/1875] loss=0.1263 avg_loss=0.1991. Resources: rss=2182.7MB, peak_rss=2648.3MB, cuda_alloc=360.6MB, cuda_reserved=7436.0MB, cuda_peak_alloc=7062.5MB, cuda_free=40531.8MB, cuda_total=48519.1MB
[2026-06-11 15:14:17] Epoch 15 train batch [1220/1875] loss=0.4605 avg_loss=0.1990. Resources: rss=2182.6MB, peak_rss=2648.3MB, cuda_alloc=360.6MB, cuda_reserved=26956.0MB, cuda_peak_alloc=7062.5MB, cuda_free=21011.8MB, cuda_total=48519.1MB
[2026-06-11 15:14:21] Epoch 15 train batch [1240/1875] loss=0.1802 avg_loss=0.1986. Resources: rss=2183.4MB, peak_rss=2648.3MB, cuda_alloc=360.6MB, cuda_reserved=34796.0MB, cuda_peak_alloc=7062.5MB, cuda_free=13171.8MB, cuda_total=48519.1MB
[2026-06-11 15:14:26] Epoch 15 train batch [1260/1875] loss=0.3252 avg_loss=0.1990. Resources: rss=2183.4MB, peak_rss=2648.3MB, cuda_alloc=360.6MB, cuda_reserved=45596.0MB, cuda_peak_alloc=7062.5MB, cuda_free=2371.8MB, cuda_total=48519.1MB
[2026-06-11 15:14:32] Epoch 15 train batch [1280/1875] loss=0.1434 avg_loss=0.1988. Resources: rss=2184.3MB, peak_rss=2648.3MB, cuda_alloc=360.6MB, cuda_reserved=26076.0MB, cuda_peak_alloc=7062.5MB, cuda_free=21891.8MB, cuda_total=48519.1MB
[2026-06-11 15:14:38] Epoch 15 train batch [1300/1875] loss=0.1296 avg_loss=0.1988. Resources: rss=2182.7MB, peak_rss=2648.3MB, cuda_alloc=360.6MB, cuda_reserved=15116.0MB, cuda_peak_alloc=7062.5MB, cuda_free=32851.8MB, cuda_total=48519.1MB
[2026-06-11 15:14:43] Epoch 15 train batch [1320/1875] loss=0.0266 avg_loss=0.1986. Resources: rss=2185.3MB, peak_rss=2648.3MB, cuda_alloc=351.4MB, cuda_reserved=29836.0MB, cuda_peak_alloc=7062.5MB, cuda_free=18131.8MB, cuda_total=48519.1MB
[2026-06-11 15:14:48] Epoch 15 train batch [1340/1875] loss=0.0894 avg_loss=0.1992. Resources: rss=2184.5MB, peak_rss=2648.3MB, cuda_alloc=360.6MB, cuda_reserved=33356.0MB, cuda_peak_alloc=7062.5MB, cuda_free=14611.8MB, cuda_total=48519.1MB
[2026-06-11 15:14:54] Epoch 15 train batch [1360/1875] loss=0.1874 avg_loss=0.1993. Resources: rss=2184.3MB, peak_rss=2648.3MB, cuda_alloc=360.6MB, cuda_reserved=5396.0MB, cuda_peak_alloc=7062.5MB, cuda_free=42571.8MB, cuda_total=48519.1MB
[2026-06-11 15:14:59] Epoch 15 train batch [1380/1875] loss=0.1841 avg_loss=0.1997. Resources: rss=2184.6MB, peak_rss=2648.3MB, cuda_alloc=360.6MB, cuda_reserved=43236.0MB, cuda_peak_alloc=7062.5MB, cuda_free=4731.8MB, cuda_total=48519.1MB
[2026-06-11 15:15:04] Epoch 15 train batch [1400/1875] loss=0.3138 avg_loss=0.1992. Resources: rss=2183.6MB, peak_rss=2648.3MB, cuda_alloc=360.6MB, cuda_reserved=35816.0MB, cuda_peak_alloc=7062.5MB, cuda_free=12151.8MB, cuda_total=48519.1MB
[2026-06-11 15:15:09] Epoch 15 train batch [1420/1875] loss=0.1575 avg_loss=0.1991. Resources: rss=2185.7MB, peak_rss=2648.3MB, cuda_alloc=360.6MB, cuda_reserved=22136.0MB, cuda_peak_alloc=7062.5MB, cuda_free=25831.8MB, cuda_total=48519.1MB
[2026-06-11 15:15:14] Epoch 15 train batch [1440/1875] loss=0.2136 avg_loss=0.1990. Resources: rss=2185.5MB, peak_rss=2648.3MB, cuda_alloc=360.6MB, cuda_reserved=43956.0MB, cuda_peak_alloc=7062.5MB, cuda_free=4011.8MB, cuda_total=48519.1MB
[2026-06-11 15:15:18] Epoch 15 train batch [1460/1875] loss=0.1375 avg_loss=0.1991. Resources: rss=2185.6MB, peak_rss=2648.3MB, cuda_alloc=360.6MB, cuda_reserved=43956.0MB, cuda_peak_alloc=7062.5MB, cuda_free=4011.8MB, cuda_total=48519.1MB
[2026-06-11 15:15:23] Epoch 15 train batch [1480/1875] loss=0.0962 avg_loss=0.1989. Resources: rss=2185.5MB, peak_rss=2648.3MB, cuda_alloc=360.6MB, cuda_reserved=33636.0MB, cuda_peak_alloc=7062.5MB, cuda_free=14331.8MB, cuda_total=48519.1MB
[2026-06-11 15:15:27] Epoch 15 train batch [1500/1875] loss=0.2432 avg_loss=0.1993. Resources: rss=2186.5MB, peak_rss=2648.3MB, cuda_alloc=360.6MB, cuda_reserved=36936.0MB, cuda_peak_alloc=7062.5MB, cuda_free=11031.8MB, cuda_total=48519.1MB
[2026-06-11 15:15:31] Epoch 15 train batch [1520/1875] loss=0.2104 avg_loss=0.1991. Resources: rss=2185.2MB, peak_rss=2648.3MB, cuda_alloc=360.6MB, cuda_reserved=40956.0MB, cuda_peak_alloc=7062.5MB, cuda_free=7011.8MB, cuda_total=48519.1MB
[2026-06-11 15:15:36] Epoch 15 train batch [1540/1875] loss=0.2245 avg_loss=0.1990. Resources: rss=2184.6MB, peak_rss=2648.3MB, cuda_alloc=360.6MB, cuda_reserved=40956.0MB, cuda_peak_alloc=7062.5MB, cuda_free=7011.8MB, cuda_total=48519.1MB
[2026-06-11 15:15:40] Epoch 15 train batch [1560/1875] loss=0.1826 avg_loss=0.1986. Resources: rss=2185.7MB, peak_rss=2648.3MB, cuda_alloc=360.6MB, cuda_reserved=40956.0MB, cuda_peak_alloc=7062.5MB, cuda_free=7011.8MB, cuda_total=48519.1MB
[2026-06-11 15:15:45] Epoch 15 train batch [1580/1875] loss=0.1075 avg_loss=0.1982. Resources: rss=2184.9MB, peak_rss=2648.3MB, cuda_alloc=360.6MB, cuda_reserved=32716.0MB, cuda_peak_alloc=7062.6MB, cuda_free=15251.8MB, cuda_total=48519.1MB
[2026-06-11 15:15:50] Epoch 15 train batch [1600/1875] loss=0.1008 avg_loss=0.1989. Resources: rss=2185.2MB, peak_rss=2648.3MB, cuda_alloc=360.6MB, cuda_reserved=38556.0MB, cuda_peak_alloc=7062.6MB, cuda_free=9411.8MB, cuda_total=48519.1MB
[2026-06-11 15:15:54] Epoch 15 train batch [1620/1875] loss=0.2422 avg_loss=0.1990. Resources: rss=2185.1MB, peak_rss=2648.3MB, cuda_alloc=360.6MB, cuda_reserved=38976.0MB, cuda_peak_alloc=7062.6MB, cuda_free=8991.8MB, cuda_total=48519.1MB
[2026-06-11 15:15:58] Epoch 15 train batch [1640/1875] loss=0.2101 avg_loss=0.1987. Resources: rss=2185.4MB, peak_rss=2648.3MB, cuda_alloc=360.6MB, cuda_reserved=44056.0MB, cuda_peak_alloc=7062.6MB, cuda_free=3911.8MB, cuda_total=48519.1MB
[2026-06-11 15:16:02] Epoch 15 train batch [1660/1875] loss=0.0878 avg_loss=0.1985. Resources: rss=2184.5MB, peak_rss=2648.3MB, cuda_alloc=360.6MB, cuda_reserved=44096.0MB, cuda_peak_alloc=7062.6MB, cuda_free=3871.8MB, cuda_total=48519.1MB
[2026-06-11 15:16:07] Epoch 15 train batch [1680/1875] loss=0.1905 avg_loss=0.1986. Resources: rss=2185.3MB, peak_rss=2648.3MB, cuda_alloc=360.6MB, cuda_reserved=44096.0MB, cuda_peak_alloc=7062.6MB, cuda_free=3871.8MB, cuda_total=48519.1MB
[2026-06-11 15:16:11] Epoch 15 train batch [1700/1875] loss=0.0983 avg_loss=0.1985. Resources: rss=2185.4MB, peak_rss=2648.3MB, cuda_alloc=360.6MB, cuda_reserved=44096.0MB, cuda_peak_alloc=7062.6MB, cuda_free=3871.8MB, cuda_total=48519.1MB
[2026-06-11 15:16:16] Epoch 15 train batch [1720/1875] loss=0.2123 avg_loss=0.1984. Resources: rss=2184.6MB, peak_rss=2648.3MB, cuda_alloc=360.6MB, cuda_reserved=44096.0MB, cuda_peak_alloc=7062.6MB, cuda_free=3871.8MB, cuda_total=48519.1MB
[2026-06-11 15:16:20] Epoch 15 train batch [1740/1875] loss=0.2019 avg_loss=0.1984. Resources: rss=2185.6MB, peak_rss=2648.3MB, cuda_alloc=360.6MB, cuda_reserved=47496.0MB, cuda_peak_alloc=7062.6MB, cuda_free=471.8MB, cuda_total=48519.1MB
[2026-06-11 15:16:25] Epoch 15 train batch [1760/1875] loss=0.0887 avg_loss=0.1987. Resources: rss=2184.7MB, peak_rss=2648.3MB, cuda_alloc=360.6MB, cuda_reserved=47496.0MB, cuda_peak_alloc=7062.6MB, cuda_free=471.8MB, cuda_total=48519.1MB
[2026-06-11 15:16:29] Epoch 15 train batch [1780/1875] loss=0.2226 avg_loss=0.1984. Resources: rss=2185.1MB, peak_rss=2648.3MB, cuda_alloc=360.6MB, cuda_reserved=47496.0MB, cuda_peak_alloc=7062.6MB, cuda_free=471.8MB, cuda_total=48519.1MB
[2026-06-11 15:16:33] Epoch 15 train batch [1800/1875] loss=0.2432 avg_loss=0.1987. Resources: rss=2186.4MB, peak_rss=2648.3MB, cuda_alloc=360.6MB, cuda_reserved=47496.0MB, cuda_peak_alloc=7062.6MB, cuda_free=471.8MB, cuda_total=48519.1MB
[2026-06-11 15:16:37] Epoch 15 train batch [1820/1875] loss=0.5376 avg_loss=0.1990. Resources: rss=2185.1MB, peak_rss=2648.3MB, cuda_alloc=360.6MB, cuda_reserved=47496.0MB, cuda_peak_alloc=7062.6MB, cuda_free=471.8MB, cuda_total=48519.1MB
[2026-06-11 15:16:42] Epoch 15 train batch [1840/1875] loss=0.1627 avg_loss=0.1988. Resources: rss=2185.6MB, peak_rss=2648.3MB, cuda_alloc=360.6MB, cuda_reserved=8376.0MB, cuda_peak_alloc=7062.6MB, cuda_free=39591.8MB, cuda_total=48519.1MB
[2026-06-11 15:16:47] Epoch 15 train batch [1860/1875] loss=0.1438 avg_loss=0.1986. Resources: rss=2186.2MB, peak_rss=2648.3MB, cuda_alloc=360.6MB, cuda_reserved=25636.0MB, cuda_peak_alloc=7062.6MB, cuda_free=22331.8MB, cuda_total=48519.1MB
[2026-06-11 15:16:50] Epoch 15 train batch [1875/1875] loss=0.3291 avg_loss=0.1986. Resources: rss=2185.4MB, peak_rss=2648.3MB, cuda_alloc=360.6MB, cuda_reserved=43356.0MB, cuda_peak_alloc=7062.6MB, cuda_free=4611.8MB, cuda_total=48519.1MB
[2026-06-11 15:16:50] Epoch 15 training completed. Resources: rss=2177.2MB, peak_rss=2648.3MB, cuda_alloc=360.6MB, cuda_reserved=43356.0MB, cuda_peak_alloc=7062.6MB, cuda_free=4611.8MB, cuda_total=48519.1MB
[2026-06-11 15:16:51] Epoch 15 cache released before validation loss. Resources: rss=2176.4MB, peak_rss=2648.3MB, cuda_alloc=360.6MB, cuda_reserved=538.0MB, cuda_peak_alloc=360.6MB, cuda_free=47429.8MB, cuda_total=48519.1MB
[2026-06-11 15:17:24] Epoch 15 validation loss completed: 0.5192. Resources: rss=2177.2MB, peak_rss=2648.3MB, cuda_alloc=360.6MB, cuda_reserved=6566.0MB, cuda_peak_alloc=2034.0MB, cuda_free=41401.8MB, cuda_total=48519.1MB
[2026-06-11 15:17:24] Epoch 15 cache released before detection metrics. Resources: rss=2176.7MB, peak_rss=2648.3MB, cuda_alloc=360.6MB, cuda_reserved=538.0MB, cuda_peak_alloc=360.6MB, cuda_free=47429.8MB, cuda_total=48519.1MB
[2026-06-11 15:18:00] Epoch 15 prediction tensors moved to CPU. Computing metrics. Resources: rss=2176.2MB, peak_rss=2648.3MB, cuda_alloc=360.6MB, cuda_reserved=538.0MB, cuda_peak_alloc=360.6MB, cuda_free=47429.8MB, cuda_total=48519.1MB
[2026-06-11 15:18:00] Epoch 15 metrics computed (mAP@0.5 only). Saving artifacts. Resources: rss=2177.4MB, peak_rss=2648.3MB, cuda_alloc=360.6MB, cuda_reserved=538.0MB, cuda_peak_alloc=360.6MB, cuda_free=47429.8MB, cuda_total=48519.1MB
[2026-06-11 15:18:00] Epoch 15 did not improve mAP@0.5 enough. Early stopping counter: 2/10.
Epoch [15/50]
├── Train Loss : 0.1986
│   ├── loss_classifier  : 0.1078
│   ├── loss_box_reg     : 0.0907
│   ├── loss_objectness  : 0.0000
│   └── loss_rpn_box_reg : 0.0000
├── Val Loss   : 0.5192
├── mAP@0.5    : 0.7466
├── mAP@0.75   : n/a
├── mAP@0.5:0.95 : n/a
├── Precision  : 0.0717
├── Recall     : 0.9352
├── GT Boxes   : 2021
├── Predictions: 26344
├── Per-class AP
│   ├── person  : AP50=0.8146, AP75=n/a, AP50:95=n/a, P=0.0922, R=0.9469
│   ├── car     : AP50=0.7491, AP75=n/a, AP50:95=n/a, P=0.0877, R=0.9293
│   ├── dog     : AP50=0.8169, AP75=n/a, AP50:95=n/a, P=0.0582, R=0.9660
│   ├── cat     : AP50=0.8574, AP75=n/a, AP50:95=n/a, P=0.0801, R=0.9659
│   └── chair   : AP50=0.4952, AP75=n/a, AP50:95=n/a, P=0.0356, R=0.8546
├── LR         : 0.000855
└── Time       : 512.5s
[2026-06-11 15:18:00] Epoch [15/50] completed. Resources: rss=2176.0MB, peak_rss=2648.3MB, cuda_alloc=360.6MB, cuda_reserved=538.0MB, cuda_peak_alloc=360.6MB, cuda_free=47429.8MB, cuda_total=48519.1MB
[2026-06-11 15:18:00] Epoch [16/50] started. Resources: rss=2176.0MB, peak_rss=2648.3MB, cuda_alloc=360.6MB, cuda_reserved=538.0MB, cuda_peak_alloc=360.6MB, cuda_free=47429.8MB, cuda_total=48519.1MB
[2026-06-11 15:18:05] Epoch 16 train batch [20/1875] loss=0.1629 avg_loss=0.2459. Resources: rss=2185.4MB, peak_rss=2648.3MB, cuda_alloc=360.6MB, cuda_reserved=43156.0MB, cuda_peak_alloc=7061.9MB, cuda_free=4811.8MB, cuda_total=48519.1MB
[2026-06-11 15:18:10] Epoch 16 train batch [40/1875] loss=0.1694 avg_loss=0.2049. Resources: rss=2185.0MB, peak_rss=2648.3MB, cuda_alloc=360.6MB, cuda_reserved=43156.0MB, cuda_peak_alloc=7061.9MB, cuda_free=4811.8MB, cuda_total=48519.1MB
[2026-06-11 15:18:15] Epoch 16 train batch [60/1875] loss=0.1907 avg_loss=0.1961. Resources: rss=2186.1MB, peak_rss=2648.3MB, cuda_alloc=360.6MB, cuda_reserved=21436.0MB, cuda_peak_alloc=7062.5MB, cuda_free=26531.8MB, cuda_total=48519.1MB
[2026-06-11 15:18:22] Epoch 16 train batch [80/1875] loss=0.0899 avg_loss=0.1889. Resources: rss=2186.1MB, peak_rss=2648.3MB, cuda_alloc=360.6MB, cuda_reserved=15736.0MB, cuda_peak_alloc=7062.5MB, cuda_free=32231.8MB, cuda_total=48519.1MB
[2026-06-11 15:18:27] Epoch 16 train batch [100/1875] loss=0.1212 avg_loss=0.1873. Resources: rss=2188.2MB, peak_rss=2648.3MB, cuda_alloc=360.6MB, cuda_reserved=22956.0MB, cuda_peak_alloc=7062.5MB, cuda_free=25011.8MB, cuda_total=48519.1MB
[2026-06-11 15:18:31] Epoch 16 train batch [120/1875] loss=0.0860 avg_loss=0.1835. Resources: rss=2187.2MB, peak_rss=2648.3MB, cuda_alloc=360.6MB, cuda_reserved=29516.0MB, cuda_peak_alloc=7062.5MB, cuda_free=18451.8MB, cuda_total=48519.1MB
[2026-06-11 15:18:35] Epoch 16 train batch [140/1875] loss=0.2967 avg_loss=0.1872. Resources: rss=2185.8MB, peak_rss=2648.3MB, cuda_alloc=360.6MB, cuda_reserved=33656.0MB, cuda_peak_alloc=7062.5MB, cuda_free=14311.8MB, cuda_total=48519.1MB
[2026-06-11 15:18:40] Epoch 16 train batch [160/1875] loss=0.2023 avg_loss=0.1877. Resources: rss=2187.0MB, peak_rss=2648.3MB, cuda_alloc=360.6MB, cuda_reserved=47616.0MB, cuda_peak_alloc=7062.5MB, cuda_free=351.8MB, cuda_total=48519.1MB
[2026-06-11 15:18:46] Epoch 16 train batch [180/1875] loss=0.1243 avg_loss=0.1900. Resources: rss=2187.0MB, peak_rss=2648.3MB, cuda_alloc=360.6MB, cuda_reserved=37516.0MB, cuda_peak_alloc=7062.5MB, cuda_free=10451.8MB, cuda_total=48519.1MB
[2026-06-11 15:18:50] Epoch 16 train batch [200/1875] loss=0.2032 avg_loss=0.1904. Resources: rss=2188.2MB, peak_rss=2648.3MB, cuda_alloc=360.6MB, cuda_reserved=39116.0MB, cuda_peak_alloc=7062.5MB, cuda_free=8851.8MB, cuda_total=48519.1MB
[2026-06-11 15:18:55] Epoch 16 train batch [220/1875] loss=0.1668 avg_loss=0.1926. Resources: rss=2188.8MB, peak_rss=2648.3MB, cuda_alloc=360.6MB, cuda_reserved=25436.0MB, cuda_peak_alloc=7062.5MB, cuda_free=22531.8MB, cuda_total=48519.1MB
[2026-06-11 15:19:00] Epoch 16 train batch [240/1875] loss=0.3134 avg_loss=0.1899. Resources: rss=2188.6MB, peak_rss=2648.3MB, cuda_alloc=360.6MB, cuda_reserved=34836.0MB, cuda_peak_alloc=7062.5MB, cuda_free=13131.8MB, cuda_total=48519.1MB
[2026-06-11 15:19:04] Epoch 16 train batch [260/1875] loss=0.0737 avg_loss=0.1868. Resources: rss=2187.2MB, peak_rss=2648.3MB, cuda_alloc=360.6MB, cuda_reserved=36616.0MB, cuda_peak_alloc=7062.5MB, cuda_free=11351.8MB, cuda_total=48519.1MB
[2026-06-11 15:19:09] Epoch 16 train batch [280/1875] loss=0.2138 avg_loss=0.1863. Resources: rss=2189.1MB, peak_rss=2648.3MB, cuda_alloc=360.6MB, cuda_reserved=37956.0MB, cuda_peak_alloc=7062.5MB, cuda_free=10011.8MB, cuda_total=48519.1MB
[2026-06-11 15:19:13] Epoch 16 train batch [300/1875] loss=0.1437 avg_loss=0.1845. Resources: rss=2188.6MB, peak_rss=2648.3MB, cuda_alloc=360.6MB, cuda_reserved=37956.0MB, cuda_peak_alloc=7062.5MB, cuda_free=10011.8MB, cuda_total=48519.1MB
[2026-06-11 15:19:17] Epoch 16 train batch [320/1875] loss=0.1585 avg_loss=0.1855. Resources: rss=2188.8MB, peak_rss=2648.3MB, cuda_alloc=360.6MB, cuda_reserved=37956.0MB, cuda_peak_alloc=7062.5MB, cuda_free=10011.8MB, cuda_total=48519.1MB
[2026-06-11 15:19:22] Epoch 16 train batch [340/1875] loss=0.2623 avg_loss=0.1847. Resources: rss=2188.4MB, peak_rss=2648.3MB, cuda_alloc=360.6MB, cuda_reserved=35576.0MB, cuda_peak_alloc=7062.5MB, cuda_free=12391.8MB, cuda_total=48519.1MB
[2026-06-11 15:19:27] Epoch 16 train batch [360/1875] loss=0.2031 avg_loss=0.1838. Resources: rss=2188.6MB, peak_rss=2648.3MB, cuda_alloc=360.6MB, cuda_reserved=42636.0MB, cuda_peak_alloc=7062.5MB, cuda_free=5331.8MB, cuda_total=48519.1MB
[2026-06-11 15:19:33] Epoch 16 train batch [380/1875] loss=0.1819 avg_loss=0.1828. Resources: rss=2188.9MB, peak_rss=2648.3MB, cuda_alloc=360.6MB, cuda_reserved=25396.0MB, cuda_peak_alloc=7062.5MB, cuda_free=22571.8MB, cuda_total=48519.1MB
[2026-06-11 15:19:37] Epoch 16 train batch [400/1875] loss=0.2924 avg_loss=0.1829. Resources: rss=2188.9MB, peak_rss=2648.3MB, cuda_alloc=360.6MB, cuda_reserved=29196.0MB, cuda_peak_alloc=7062.5MB, cuda_free=18771.8MB, cuda_total=48519.1MB
[2026-06-11 15:19:41] Epoch 16 train batch [420/1875] loss=0.0702 avg_loss=0.1830. Resources: rss=2189.3MB, peak_rss=2648.3MB, cuda_alloc=360.6MB, cuda_reserved=37996.0MB, cuda_peak_alloc=7062.5MB, cuda_free=9971.8MB, cuda_total=48519.1MB
[2026-06-11 15:19:46] Epoch 16 train batch [440/1875] loss=0.1603 avg_loss=0.1831. Resources: rss=2188.4MB, peak_rss=2648.3MB, cuda_alloc=360.6MB, cuda_reserved=37996.0MB, cuda_peak_alloc=7062.5MB, cuda_free=9971.8MB, cuda_total=48519.1MB
[2026-06-11 15:19:50] Epoch 16 train batch [460/1875] loss=0.2296 avg_loss=0.1839. Resources: rss=2188.5MB, peak_rss=2648.3MB, cuda_alloc=360.6MB, cuda_reserved=45816.0MB, cuda_peak_alloc=7062.5MB, cuda_free=2151.8MB, cuda_total=48519.1MB
[2026-06-11 15:19:55] Epoch 16 train batch [480/1875] loss=0.0547 avg_loss=0.1855. Resources: rss=2188.8MB, peak_rss=2648.3MB, cuda_alloc=360.6MB, cuda_reserved=45816.0MB, cuda_peak_alloc=7062.5MB, cuda_free=2151.8MB, cuda_total=48519.1MB
[2026-06-11 15:19:59] Epoch 16 train batch [500/1875] loss=0.0956 avg_loss=0.1859. Resources: rss=2190.0MB, peak_rss=2648.3MB, cuda_alloc=360.6MB, cuda_reserved=45816.0MB, cuda_peak_alloc=7062.5MB, cuda_free=2151.8MB, cuda_total=48519.1MB
[2026-06-11 15:20:04] Epoch 16 train batch [520/1875] loss=0.1055 avg_loss=0.1855. Resources: rss=2189.1MB, peak_rss=2648.3MB, cuda_alloc=360.6MB, cuda_reserved=25156.0MB, cuda_peak_alloc=7062.5MB, cuda_free=22811.8MB, cuda_total=48519.1MB
[2026-06-11 15:20:10] Epoch 16 train batch [540/1875] loss=0.2831 avg_loss=0.1858. Resources: rss=2188.3MB, peak_rss=2648.3MB, cuda_alloc=360.6MB, cuda_reserved=47956.0MB, cuda_peak_alloc=7062.5MB, cuda_free=11.8MB, cuda_total=48519.1MB
[2026-06-11 15:20:15] Epoch 16 train batch [560/1875] loss=0.1479 avg_loss=0.1853. Resources: rss=2188.6MB, peak_rss=2648.3MB, cuda_alloc=360.6MB, cuda_reserved=37856.0MB, cuda_peak_alloc=7062.5MB, cuda_free=10111.8MB, cuda_total=48519.1MB
[2026-06-11 15:20:20] Epoch 16 train batch [580/1875] loss=0.0770 avg_loss=0.1862. Resources: rss=2188.1MB, peak_rss=2648.3MB, cuda_alloc=360.6MB, cuda_reserved=41436.0MB, cuda_peak_alloc=7062.5MB, cuda_free=6531.8MB, cuda_total=48519.1MB
[2026-06-11 15:20:25] Epoch 16 train batch [600/1875] loss=0.1452 avg_loss=0.1866. Resources: rss=2188.7MB, peak_rss=2648.3MB, cuda_alloc=360.6MB, cuda_reserved=31756.0MB, cuda_peak_alloc=7062.5MB, cuda_free=16211.8MB, cuda_total=48519.1MB
[2026-06-11 15:20:30] Epoch 16 train batch [620/1875] loss=0.3056 avg_loss=0.1866. Resources: rss=2190.1MB, peak_rss=2648.3MB, cuda_alloc=360.6MB, cuda_reserved=36656.0MB, cuda_peak_alloc=7062.5MB, cuda_free=11311.8MB, cuda_total=48519.1MB
[2026-06-11 15:20:34] Epoch 16 train batch [640/1875] loss=0.1279 avg_loss=0.1859. Resources: rss=2189.5MB, peak_rss=2648.3MB, cuda_alloc=360.6MB, cuda_reserved=36656.0MB, cuda_peak_alloc=7062.5MB, cuda_free=11311.8MB, cuda_total=48519.1MB
[2026-06-11 15:20:38] Epoch 16 train batch [660/1875] loss=0.2106 avg_loss=0.1871. Resources: rss=2188.1MB, peak_rss=2648.3MB, cuda_alloc=360.6MB, cuda_reserved=36656.0MB, cuda_peak_alloc=7062.5MB, cuda_free=11311.8MB, cuda_total=48519.1MB
[2026-06-11 15:20:42] Epoch 16 train batch [680/1875] loss=0.1167 avg_loss=0.1869. Resources: rss=2189.0MB, peak_rss=2648.3MB, cuda_alloc=360.6MB, cuda_reserved=41036.0MB, cuda_peak_alloc=7062.5MB, cuda_free=6931.8MB, cuda_total=48519.1MB
[2026-06-11 15:20:47] Epoch 16 train batch [700/1875] loss=0.1724 avg_loss=0.1864. Resources: rss=2188.8MB, peak_rss=2648.3MB, cuda_alloc=360.6MB, cuda_reserved=41036.0MB, cuda_peak_alloc=7062.5MB, cuda_free=6931.8MB, cuda_total=48519.1MB
[2026-06-11 15:20:51] Epoch 16 train batch [720/1875] loss=0.2005 avg_loss=0.1857. Resources: rss=2190.2MB, peak_rss=2648.3MB, cuda_alloc=360.6MB, cuda_reserved=41696.0MB, cuda_peak_alloc=7062.5MB, cuda_free=6271.8MB, cuda_total=48519.1MB
[2026-06-11 15:20:55] Epoch 16 train batch [740/1875] loss=0.1638 avg_loss=0.1851. Resources: rss=2187.8MB, peak_rss=2648.3MB, cuda_alloc=360.6MB, cuda_reserved=41696.0MB, cuda_peak_alloc=7062.5MB, cuda_free=6271.8MB, cuda_total=48519.1MB
[2026-06-11 15:20:59] Epoch 16 train batch [760/1875] loss=0.0720 avg_loss=0.1859. Resources: rss=2188.9MB, peak_rss=2648.3MB, cuda_alloc=360.6MB, cuda_reserved=41696.0MB, cuda_peak_alloc=7062.5MB, cuda_free=6271.8MB, cuda_total=48519.1MB
[2026-06-11 15:21:04] Epoch 16 train batch [780/1875] loss=0.2301 avg_loss=0.1855. Resources: rss=2189.5MB, peak_rss=2648.3MB, cuda_alloc=360.6MB, cuda_reserved=41696.0MB, cuda_peak_alloc=7062.5MB, cuda_free=6271.8MB, cuda_total=48519.1MB
[2026-06-11 15:21:10] Epoch 16 train batch [800/1875] loss=0.2281 avg_loss=0.1849. Resources: rss=2189.8MB, peak_rss=2648.3MB, cuda_alloc=360.6MB, cuda_reserved=5556.0MB, cuda_peak_alloc=7062.5MB, cuda_free=42411.8MB, cuda_total=48519.1MB
[2026-06-11 15:21:16] Epoch 16 train batch [820/1875] loss=0.1804 avg_loss=0.1846. Resources: rss=2189.2MB, peak_rss=2648.3MB, cuda_alloc=360.6MB, cuda_reserved=8156.0MB, cuda_peak_alloc=7062.5MB, cuda_free=39811.8MB, cuda_total=48519.1MB
[2026-06-11 15:21:20] Epoch 16 train batch [840/1875] loss=0.1491 avg_loss=0.1849. Resources: rss=2190.3MB, peak_rss=2648.3MB, cuda_alloc=360.6MB, cuda_reserved=40436.0MB, cuda_peak_alloc=7062.5MB, cuda_free=7531.8MB, cuda_total=48519.1MB
[2026-06-11 15:21:24] Epoch 16 train batch [860/1875] loss=0.1153 avg_loss=0.1851. Resources: rss=2190.5MB, peak_rss=2648.3MB, cuda_alloc=360.6MB, cuda_reserved=40436.0MB, cuda_peak_alloc=7062.6MB, cuda_free=7531.8MB, cuda_total=48519.1MB
[2026-06-11 15:21:29] Epoch 16 train batch [880/1875] loss=0.1227 avg_loss=0.1845. Resources: rss=2190.5MB, peak_rss=2648.3MB, cuda_alloc=360.6MB, cuda_reserved=29676.0MB, cuda_peak_alloc=7062.6MB, cuda_free=11946.4MB, cuda_total=48519.1MB
[2026-06-11 15:21:38] Epoch 16 train batch [900/1875] loss=0.3449 avg_loss=0.1846. Resources: rss=2189.3MB, peak_rss=2648.3MB, cuda_alloc=360.6MB, cuda_reserved=31876.0MB, cuda_peak_alloc=7062.6MB, cuda_free=9642.4MB, cuda_total=48519.1MB
[2026-06-11 15:21:47] Epoch 16 train batch [920/1875] loss=0.1088 avg_loss=0.1839. Resources: rss=2189.4MB, peak_rss=2648.3MB, cuda_alloc=360.6MB, cuda_reserved=40136.0MB, cuda_peak_alloc=7062.6MB, cuda_free=1382.4MB, cuda_total=48519.1MB
[2026-06-11 15:21:57] Epoch 16 train batch [940/1875] loss=0.1839 avg_loss=0.1836. Resources: rss=2190.4MB, peak_rss=2648.3MB, cuda_alloc=360.6MB, cuda_reserved=23576.0MB, cuda_peak_alloc=7062.6MB, cuda_free=17942.4MB, cuda_total=48519.1MB
[2026-06-11 15:22:06] Epoch 16 train batch [960/1875] loss=0.1483 avg_loss=0.1838. Resources: rss=2191.7MB, peak_rss=2648.3MB, cuda_alloc=360.6MB, cuda_reserved=38636.0MB, cuda_peak_alloc=7062.6MB, cuda_free=2882.4MB, cuda_total=48519.1MB
[2026-06-11 15:22:14] Epoch 16 train batch [980/1875] loss=0.1852 avg_loss=0.1837. Resources: rss=2192.3MB, peak_rss=2648.3MB, cuda_alloc=360.6MB, cuda_reserved=38636.0MB, cuda_peak_alloc=7062.6MB, cuda_free=2882.4MB, cuda_total=48519.1MB
[2026-06-11 15:22:23] Epoch 16 train batch [1000/1875] loss=0.0594 avg_loss=0.1835. Resources: rss=2191.2MB, peak_rss=2648.3MB, cuda_alloc=360.6MB, cuda_reserved=38636.0MB, cuda_peak_alloc=7062.6MB, cuda_free=2876.4MB, cuda_total=48519.1MB
[2026-06-11 15:22:32] Epoch 16 train batch [1020/1875] loss=0.1588 avg_loss=0.1847. Resources: rss=2193.3MB, peak_rss=2648.3MB, cuda_alloc=360.6MB, cuda_reserved=38636.0MB, cuda_peak_alloc=7062.6MB, cuda_free=2876.4MB, cuda_total=48519.1MB
[2026-06-11 15:22:41] Epoch 16 train batch [1040/1875] loss=0.1550 avg_loss=0.1848. Resources: rss=2193.8MB, peak_rss=2648.3MB, cuda_alloc=360.6MB, cuda_reserved=38636.0MB, cuda_peak_alloc=7062.6MB, cuda_free=2876.4MB, cuda_total=48519.1MB
[2026-06-11 15:22:48] Epoch 16 train batch [1060/1875] loss=0.1386 avg_loss=0.1847. Resources: rss=2193.0MB, peak_rss=2648.3MB, cuda_alloc=360.6MB, cuda_reserved=38636.0MB, cuda_peak_alloc=7062.6MB, cuda_free=2876.4MB, cuda_total=48519.1MB
[2026-06-11 15:22:56] Epoch 16 train batch [1080/1875] loss=0.2143 avg_loss=0.1843. Resources: rss=2192.9MB, peak_rss=2648.3MB, cuda_alloc=360.6MB, cuda_reserved=38636.0MB, cuda_peak_alloc=7062.6MB, cuda_free=2876.4MB, cuda_total=48519.1MB
[2026-06-11 15:23:04] Epoch 16 train batch [1100/1875] loss=0.1189 avg_loss=0.1842. Resources: rss=2192.6MB, peak_rss=2648.3MB, cuda_alloc=360.6MB, cuda_reserved=38636.0MB, cuda_peak_alloc=7062.6MB, cuda_free=2876.4MB, cuda_total=48519.1MB
[2026-06-11 15:23:12] Epoch 16 train batch [1120/1875] loss=0.2987 avg_loss=0.1846. Resources: rss=2192.6MB, peak_rss=2648.3MB, cuda_alloc=360.6MB, cuda_reserved=38636.0MB, cuda_peak_alloc=7062.6MB, cuda_free=2872.4MB, cuda_total=48519.1MB
[2026-06-11 15:23:21] Epoch 16 train batch [1140/1875] loss=0.2311 avg_loss=0.1842. Resources: rss=2192.7MB, peak_rss=2648.3MB, cuda_alloc=360.6MB, cuda_reserved=35816.0MB, cuda_peak_alloc=7062.6MB, cuda_free=5692.4MB, cuda_total=48519.1MB
[2026-06-11 15:23:31] Epoch 16 train batch [1160/1875] loss=0.1440 avg_loss=0.1844. Resources: rss=2191.7MB, peak_rss=2648.3MB, cuda_alloc=360.6MB, cuda_reserved=25856.0MB, cuda_peak_alloc=7062.6MB, cuda_free=15652.4MB, cuda_total=48519.1MB
[2026-06-11 15:23:40] Epoch 16 train batch [1180/1875] loss=0.1311 avg_loss=0.1845. Resources: rss=2192.5MB, peak_rss=2648.3MB, cuda_alloc=360.6MB, cuda_reserved=29596.0MB, cuda_peak_alloc=7062.6MB, cuda_free=11912.4MB, cuda_total=48519.1MB
[2026-06-11 15:23:49] Epoch 16 train batch [1200/1875] loss=0.0877 avg_loss=0.1848. Resources: rss=2192.4MB, peak_rss=2648.3MB, cuda_alloc=360.6MB, cuda_reserved=29596.0MB, cuda_peak_alloc=7062.6MB, cuda_free=11912.4MB, cuda_total=48519.1MB
[2026-06-11 15:23:57] Epoch 16 train batch [1220/1875] loss=0.1156 avg_loss=0.1846. Resources: rss=2191.8MB, peak_rss=2648.3MB, cuda_alloc=360.6MB, cuda_reserved=29596.0MB, cuda_peak_alloc=7062.6MB, cuda_free=11912.4MB, cuda_total=48519.1MB
[2026-06-11 15:24:05] Epoch 16 train batch [1240/1875] loss=0.3382 avg_loss=0.1850. Resources: rss=2189.9MB, peak_rss=2648.3MB, cuda_alloc=360.6MB, cuda_reserved=29596.0MB, cuda_peak_alloc=7062.6MB, cuda_free=11912.4MB, cuda_total=48519.1MB
[2026-06-11 15:24:12] Epoch 16 train batch [1260/1875] loss=0.1780 avg_loss=0.1851. Resources: rss=2191.9MB, peak_rss=2648.3MB, cuda_alloc=360.6MB, cuda_reserved=29596.0MB, cuda_peak_alloc=7062.6MB, cuda_free=11912.4MB, cuda_total=48519.1MB
[2026-06-11 15:24:20] Epoch 16 train batch [1280/1875] loss=0.3880 avg_loss=0.1851. Resources: rss=2191.9MB, peak_rss=2648.3MB, cuda_alloc=360.6MB, cuda_reserved=36656.0MB, cuda_peak_alloc=7062.6MB, cuda_free=4852.4MB, cuda_total=48519.1MB
[2026-06-11 15:24:27] Epoch 16 train batch [1300/1875] loss=0.2843 avg_loss=0.1850. Resources: rss=2191.7MB, peak_rss=2648.3MB, cuda_alloc=360.6MB, cuda_reserved=36656.0MB, cuda_peak_alloc=7062.6MB, cuda_free=4852.4MB, cuda_total=48519.1MB
[2026-06-11 15:24:34] Epoch 16 train batch [1320/1875] loss=0.2333 avg_loss=0.1852. Resources: rss=2192.1MB, peak_rss=2648.3MB, cuda_alloc=360.6MB, cuda_reserved=36656.0MB, cuda_peak_alloc=7062.6MB, cuda_free=4852.4MB, cuda_total=48519.1MB
[2026-06-11 15:24:43] Epoch 16 train batch [1340/1875] loss=0.2823 avg_loss=0.1856. Resources: rss=2191.4MB, peak_rss=2648.3MB, cuda_alloc=360.6MB, cuda_reserved=36976.0MB, cuda_peak_alloc=7062.6MB, cuda_free=4532.4MB, cuda_total=48519.1MB
[2026-06-11 15:24:52] Epoch 16 train batch [1360/1875] loss=0.2364 avg_loss=0.1859. Resources: rss=2191.8MB, peak_rss=2648.3MB, cuda_alloc=360.6MB, cuda_reserved=36976.0MB, cuda_peak_alloc=7062.6MB, cuda_free=4532.4MB, cuda_total=48519.1MB
[2026-06-11 15:25:00] Epoch 16 train batch [1380/1875] loss=0.1089 avg_loss=0.1857. Resources: rss=2192.1MB, peak_rss=2648.3MB, cuda_alloc=360.6MB, cuda_reserved=36976.0MB, cuda_peak_alloc=7062.6MB, cuda_free=4532.4MB, cuda_total=48519.1MB
[2026-06-11 15:25:08] Epoch 16 train batch [1400/1875] loss=0.1533 avg_loss=0.1855. Resources: rss=2191.3MB, peak_rss=2648.3MB, cuda_alloc=360.6MB, cuda_reserved=36976.0MB, cuda_peak_alloc=7062.6MB, cuda_free=4524.4MB, cuda_total=48519.1MB
[2026-06-11 15:25:16] Epoch 16 train batch [1420/1875] loss=0.2860 avg_loss=0.1852. Resources: rss=2192.7MB, peak_rss=2648.3MB, cuda_alloc=360.6MB, cuda_reserved=36976.0MB, cuda_peak_alloc=7062.6MB, cuda_free=4524.4MB, cuda_total=48519.1MB
[2026-06-11 15:25:22] Epoch 16 train batch [1440/1875] loss=0.1632 avg_loss=0.1855. Resources: rss=2192.2MB, peak_rss=2648.3MB, cuda_alloc=360.6MB, cuda_reserved=36976.0MB, cuda_peak_alloc=7062.6MB, cuda_free=4524.4MB, cuda_total=48519.1MB
[2026-06-11 15:25:31] Epoch 16 train batch [1460/1875] loss=0.2067 avg_loss=0.1851. Resources: rss=2191.3MB, peak_rss=2648.3MB, cuda_alloc=360.6MB, cuda_reserved=24456.0MB, cuda_peak_alloc=7062.6MB, cuda_free=17044.4MB, cuda_total=48519.1MB
[2026-06-11 15:25:40] Epoch 16 train batch [1480/1875] loss=0.1854 avg_loss=0.1853. Resources: rss=2191.5MB, peak_rss=2648.3MB, cuda_alloc=360.6MB, cuda_reserved=11436.0MB, cuda_peak_alloc=7062.6MB, cuda_free=30064.4MB, cuda_total=48519.1MB
[2026-06-11 15:25:50] Epoch 16 train batch [1500/1875] loss=0.2516 avg_loss=0.1851. Resources: rss=2190.7MB, peak_rss=2648.3MB, cuda_alloc=360.6MB, cuda_reserved=38336.0MB, cuda_peak_alloc=7062.6MB, cuda_free=3164.4MB, cuda_total=48519.1MB
[2026-06-11 15:25:59] Epoch 16 train batch [1520/1875] loss=0.1145 avg_loss=0.1850. Resources: rss=2191.2MB, peak_rss=2648.3MB, cuda_alloc=360.6MB, cuda_reserved=34636.0MB, cuda_peak_alloc=7062.6MB, cuda_free=6864.4MB, cuda_total=48519.1MB
[2026-06-11 15:26:07] Epoch 16 train batch [1540/1875] loss=0.1987 avg_loss=0.1846. Resources: rss=2191.0MB, peak_rss=2648.3MB, cuda_alloc=360.6MB, cuda_reserved=10176.0MB, cuda_peak_alloc=7062.6MB, cuda_free=31324.4MB, cuda_total=48519.1MB
[2026-06-11 15:26:15] Epoch 16 train batch [1560/1875] loss=0.1745 avg_loss=0.1845. Resources: rss=2191.8MB, peak_rss=2648.3MB, cuda_alloc=360.6MB, cuda_reserved=27276.0MB, cuda_peak_alloc=7062.6MB, cuda_free=14224.4MB, cuda_total=48519.1MB
[2026-06-11 15:26:24] Epoch 16 train batch [1580/1875] loss=0.2003 avg_loss=0.1844. Resources: rss=2192.8MB, peak_rss=2648.3MB, cuda_alloc=360.6MB, cuda_reserved=32496.0MB, cuda_peak_alloc=7062.6MB, cuda_free=9004.4MB, cuda_total=48519.1MB
[2026-06-11 15:26:33] Epoch 16 train batch [1600/1875] loss=0.2864 avg_loss=0.1846. Resources: rss=2192.3MB, peak_rss=2648.3MB, cuda_alloc=360.6MB, cuda_reserved=32496.0MB, cuda_peak_alloc=7062.6MB, cuda_free=9004.4MB, cuda_total=48519.1MB
[2026-06-11 15:26:41] Epoch 16 train batch [1620/1875] loss=0.2511 avg_loss=0.1843. Resources: rss=2191.7MB, peak_rss=2648.3MB, cuda_alloc=360.6MB, cuda_reserved=33256.0MB, cuda_peak_alloc=7062.6MB, cuda_free=8244.4MB, cuda_total=48519.1MB
[2026-06-11 15:26:50] Epoch 16 train batch [1640/1875] loss=0.1357 avg_loss=0.1836. Resources: rss=2192.0MB, peak_rss=2648.3MB, cuda_alloc=360.6MB, cuda_reserved=33256.0MB, cuda_peak_alloc=7062.6MB, cuda_free=8244.4MB, cuda_total=48519.1MB
[2026-06-11 15:26:58] Epoch 16 train batch [1660/1875] loss=0.1179 avg_loss=0.1842. Resources: rss=2192.7MB, peak_rss=2648.3MB, cuda_alloc=360.6MB, cuda_reserved=27156.0MB, cuda_peak_alloc=7062.6MB, cuda_free=14344.4MB, cuda_total=48519.1MB
[2026-06-11 15:27:08] Epoch 16 train batch [1680/1875] loss=0.1886 avg_loss=0.1842. Resources: rss=2192.1MB, peak_rss=2648.3MB, cuda_alloc=360.6MB, cuda_reserved=18716.0MB, cuda_peak_alloc=7062.6MB, cuda_free=22784.4MB, cuda_total=48519.1MB
[2026-06-11 15:27:18] Epoch 16 train batch [1700/1875] loss=0.2434 avg_loss=0.1843. Resources: rss=2191.5MB, peak_rss=2648.3MB, cuda_alloc=360.6MB, cuda_reserved=25176.0MB, cuda_peak_alloc=7062.6MB, cuda_free=16324.4MB, cuda_total=48519.1MB
[2026-06-11 15:27:26] Epoch 16 train batch [1720/1875] loss=0.1075 avg_loss=0.1842. Resources: rss=2192.7MB, peak_rss=2648.3MB, cuda_alloc=360.6MB, cuda_reserved=30316.0MB, cuda_peak_alloc=7062.8MB, cuda_free=11184.4MB, cuda_total=48519.1MB
[2026-06-11 15:27:34] Epoch 16 train batch [1740/1875] loss=0.3428 avg_loss=0.1842. Resources: rss=2191.3MB, peak_rss=2648.3MB, cuda_alloc=360.6MB, cuda_reserved=11096.0MB, cuda_peak_alloc=7062.8MB, cuda_free=30404.4MB, cuda_total=48519.1MB
[2026-06-11 15:27:42] Epoch 16 train batch [1760/1875] loss=0.1172 avg_loss=0.1837. Resources: rss=2191.3MB, peak_rss=2648.3MB, cuda_alloc=360.6MB, cuda_reserved=37156.0MB, cuda_peak_alloc=7062.8MB, cuda_free=4344.4MB, cuda_total=48519.1MB
[2026-06-11 15:27:50] Epoch 16 train batch [1780/1875] loss=0.2265 avg_loss=0.1839. Resources: rss=2191.3MB, peak_rss=2648.3MB, cuda_alloc=360.6MB, cuda_reserved=37156.0MB, cuda_peak_alloc=7062.8MB, cuda_free=4344.4MB, cuda_total=48519.1MB
[2026-06-11 15:27:58] Epoch 16 train batch [1800/1875] loss=0.4555 avg_loss=0.1840. Resources: rss=2191.4MB, peak_rss=2648.3MB, cuda_alloc=360.6MB, cuda_reserved=37156.0MB, cuda_peak_alloc=7062.8MB, cuda_free=4344.4MB, cuda_total=48519.1MB
[2026-06-11 15:28:07] Epoch 16 train batch [1820/1875] loss=0.1628 avg_loss=0.1839. Resources: rss=2192.6MB, peak_rss=2648.3MB, cuda_alloc=360.6MB, cuda_reserved=33136.0MB, cuda_peak_alloc=7062.8MB, cuda_free=8364.4MB, cuda_total=48519.1MB
[2026-06-11 15:28:16] Epoch 16 train batch [1840/1875] loss=0.1763 avg_loss=0.1836. Resources: rss=2193.7MB, peak_rss=2648.3MB, cuda_alloc=360.6MB, cuda_reserved=36956.0MB, cuda_peak_alloc=7062.8MB, cuda_free=4544.4MB, cuda_total=48519.1MB
[2026-06-11 15:28:25] Epoch 16 train batch [1860/1875] loss=0.2417 avg_loss=0.1836. Resources: rss=2193.2MB, peak_rss=2648.3MB, cuda_alloc=360.6MB, cuda_reserved=33316.0MB, cuda_peak_alloc=7062.8MB, cuda_free=8184.4MB, cuda_total=48519.1MB
[2026-06-11 15:28:32] Epoch 16 train batch [1875/1875] loss=0.1494 avg_loss=0.1835. Resources: rss=2192.5MB, peak_rss=2648.3MB, cuda_alloc=360.6MB, cuda_reserved=39476.0MB, cuda_peak_alloc=7062.8MB, cuda_free=2024.4MB, cuda_total=48519.1MB
[2026-06-11 15:28:32] Epoch 16 training completed. Resources: rss=2185.1MB, peak_rss=2648.3MB, cuda_alloc=360.6MB, cuda_reserved=39476.0MB, cuda_peak_alloc=7062.8MB, cuda_free=2024.4MB, cuda_total=48519.1MB
[2026-06-11 15:28:33] Epoch 16 cache released before validation loss. Resources: rss=2184.8MB, peak_rss=2648.3MB, cuda_alloc=360.6MB, cuda_reserved=538.0MB, cuda_peak_alloc=360.6MB, cuda_free=40962.4MB, cuda_total=48519.1MB
[2026-06-11 15:29:33] Epoch 16 validation loss completed: 0.4928. Resources: rss=2185.3MB, peak_rss=2648.3MB, cuda_alloc=360.6MB, cuda_reserved=5806.0MB, cuda_peak_alloc=2034.0MB, cuda_free=35694.4MB, cuda_total=48519.1MB
[2026-06-11 15:29:34] Epoch 16 cache released before detection metrics. Resources: rss=2184.8MB, peak_rss=2648.3MB, cuda_alloc=360.6MB, cuda_reserved=538.0MB, cuda_peak_alloc=360.6MB, cuda_free=40962.4MB, cuda_total=48519.1MB
[2026-06-11 15:30:38] Epoch 16 prediction tensors moved to CPU. Computing metrics. Resources: rss=2184.0MB, peak_rss=2648.3MB, cuda_alloc=360.6MB, cuda_reserved=538.0MB, cuda_peak_alloc=360.6MB, cuda_free=40962.4MB, cuda_total=48519.1MB
[2026-06-11 15:30:38] Epoch 16 metrics computed (mAP@0.5 only). Saving artifacts. Resources: rss=2185.0MB, peak_rss=2648.3MB, cuda_alloc=360.6MB, cuda_reserved=538.0MB, cuda_peak_alloc=360.6MB, cuda_free=40962.4MB, cuda_total=48519.1MB
[2026-06-11 15:30:39] Epoch 16 did not improve mAP@0.5 enough. Early stopping counter: 3/10.
Epoch [16/50]
├── Train Loss : 0.1835
│   ├── loss_classifier  : 0.0983
│   ├── loss_box_reg     : 0.0852
│   ├── loss_objectness  : 0.0000
│   └── loss_rpn_box_reg : 0.0000
├── Val Loss   : 0.4928
├── mAP@0.5    : 0.7547
├── mAP@0.75   : n/a
├── mAP@0.5:0.95 : n/a
├── Precision  : 0.0860
├── Recall     : 0.9307
├── GT Boxes   : 2021
├── Predictions: 21875
├── Per-class AP
│   ├── person  : AP50=0.8198, AP75=n/a, AP50:95=n/a, P=0.1199, R=0.9432
│   ├── car     : AP50=0.7608, AP75=n/a, AP50:95=n/a, P=0.0691, R=0.9399
│   ├── dog     : AP50=0.8154, AP75=n/a, AP50:95=n/a, P=0.0968, R=0.9272
│   ├── cat     : AP50=0.8823, AP75=n/a, AP50:95=n/a, P=0.1007, R=0.9659
│   └── chair   : AP50=0.4953, AP75=n/a, AP50:95=n/a, P=0.0408, R=0.8546
├── LR         : 0.000831
└── Time       : 757.9s
[2026-06-11 15:30:39] Epoch [16/50] completed. Resources: rss=2184.2MB, peak_rss=2648.3MB, cuda_alloc=360.6MB, cuda_reserved=538.0MB, cuda_peak_alloc=360.6MB, cuda_free=40962.4MB, cuda_total=48519.1MB
[2026-06-11 15:30:39] Epoch [17/50] started. Resources: rss=2184.2MB, peak_rss=2648.3MB, cuda_alloc=360.6MB, cuda_reserved=538.0MB, cuda_peak_alloc=360.6MB, cuda_free=40962.4MB, cuda_total=48519.1MB
[2026-06-11 15:30:48] Epoch 17 train batch [20/1875] loss=0.0895 avg_loss=0.1538. Resources: rss=2193.3MB, peak_rss=2648.3MB, cuda_alloc=360.6MB, cuda_reserved=11216.0MB, cuda_peak_alloc=7061.9MB, cuda_free=30284.4MB, cuda_total=48519.1MB
[2026-06-11 15:30:57] Epoch 17 train batch [40/1875] loss=0.1463 avg_loss=0.1611. Resources: rss=2194.1MB, peak_rss=2648.3MB, cuda_alloc=360.6MB, cuda_reserved=34056.0MB, cuda_peak_alloc=7062.2MB, cuda_free=7444.4MB, cuda_total=48519.1MB
[2026-06-11 15:31:07] Epoch 17 train batch [60/1875] loss=0.1257 avg_loss=0.1640. Resources: rss=2193.1MB, peak_rss=2648.3MB, cuda_alloc=360.6MB, cuda_reserved=26816.0MB, cuda_peak_alloc=7062.2MB, cuda_free=14684.4MB, cuda_total=48519.1MB
[2026-06-11 15:31:14] Epoch 17 train batch [80/1875] loss=0.1762 avg_loss=0.1667. Resources: rss=2194.1MB, peak_rss=2648.3MB, cuda_alloc=360.6MB, cuda_reserved=26036.0MB, cuda_peak_alloc=7062.2MB, cuda_free=15464.4MB, cuda_total=48519.1MB
[2026-06-11 15:31:24] Epoch 17 train batch [100/1875] loss=0.6675 avg_loss=0.1670. Resources: rss=2194.3MB, peak_rss=2648.3MB, cuda_alloc=360.6MB, cuda_reserved=35536.0MB, cuda_peak_alloc=7062.2MB, cuda_free=5964.4MB, cuda_total=48519.1MB
[2026-06-11 15:31:33] Epoch 17 train batch [120/1875] loss=0.1469 avg_loss=0.1646. Resources: rss=2193.9MB, peak_rss=2648.3MB, cuda_alloc=360.6MB, cuda_reserved=35536.0MB, cuda_peak_alloc=7062.2MB, cuda_free=5964.4MB, cuda_total=48519.1MB
[2026-06-11 15:31:40] Epoch 17 train batch [140/1875] loss=0.2513 avg_loss=0.1656. Resources: rss=2193.8MB, peak_rss=2648.3MB, cuda_alloc=360.6MB, cuda_reserved=7396.0MB, cuda_peak_alloc=7062.2MB, cuda_free=34104.4MB, cuda_total=48519.1MB
[2026-06-11 15:31:48] Epoch 17 train batch [160/1875] loss=0.2599 avg_loss=0.1685. Resources: rss=2194.9MB, peak_rss=2648.3MB, cuda_alloc=360.6MB, cuda_reserved=5416.0MB, cuda_peak_alloc=7062.2MB, cuda_free=36084.4MB, cuda_total=48519.1MB
[2026-06-11 15:31:55] Epoch 17 train batch [180/1875] loss=0.1629 avg_loss=0.1681. Resources: rss=2193.4MB, peak_rss=2648.3MB, cuda_alloc=360.6MB, cuda_reserved=30396.0MB, cuda_peak_alloc=7062.2MB, cuda_free=11104.4MB, cuda_total=48519.1MB
[2026-06-11 15:32:01] Epoch 17 train batch [200/1875] loss=0.2075 avg_loss=0.1680. Resources: rss=2193.9MB, peak_rss=2648.3MB, cuda_alloc=360.6MB, cuda_reserved=31156.0MB, cuda_peak_alloc=7062.2MB, cuda_free=10344.4MB, cuda_total=48519.1MB
[2026-06-11 15:32:07] Epoch 17 train batch [220/1875] loss=0.1242 avg_loss=0.1659. Resources: rss=2194.5MB, peak_rss=2648.3MB, cuda_alloc=360.6MB, cuda_reserved=31156.0MB, cuda_peak_alloc=7062.2MB, cuda_free=10344.4MB, cuda_total=48519.1MB
[2026-06-11 15:32:13] Epoch 17 train batch [240/1875] loss=0.1935 avg_loss=0.1640. Resources: rss=2194.0MB, peak_rss=2648.3MB, cuda_alloc=360.6MB, cuda_reserved=36236.0MB, cuda_peak_alloc=7062.2MB, cuda_free=5264.4MB, cuda_total=48519.1MB
[2026-06-11 15:32:21] Epoch 17 train batch [260/1875] loss=0.1607 avg_loss=0.1639. Resources: rss=2194.2MB, peak_rss=2648.3MB, cuda_alloc=360.6MB, cuda_reserved=36236.0MB, cuda_peak_alloc=7062.2MB, cuda_free=5264.4MB, cuda_total=48519.1MB
[2026-06-11 15:32:29] Epoch 17 train batch [280/1875] loss=0.7791 avg_loss=0.1677. Resources: rss=2194.1MB, peak_rss=2648.3MB, cuda_alloc=351.4MB, cuda_reserved=36236.0MB, cuda_peak_alloc=7062.4MB, cuda_free=5264.4MB, cuda_total=48519.1MB
[2026-06-11 15:32:36] Epoch 17 train batch [300/1875] loss=0.1895 avg_loss=0.1673. Resources: rss=2194.5MB, peak_rss=2648.3MB, cuda_alloc=360.6MB, cuda_reserved=36236.0MB, cuda_peak_alloc=7062.4MB, cuda_free=5264.4MB, cuda_total=48519.1MB
[2026-06-11 15:32:42] Epoch 17 train batch [320/1875] loss=0.0351 avg_loss=0.1680. Resources: rss=2193.4MB, peak_rss=2648.3MB, cuda_alloc=351.4MB, cuda_reserved=36236.0MB, cuda_peak_alloc=7062.4MB, cuda_free=5263.6MB, cuda_total=48519.1MB
[2026-06-11 15:32:49] Epoch 17 train batch [340/1875] loss=0.0875 avg_loss=0.1682. Resources: rss=2193.7MB, peak_rss=2648.3MB, cuda_alloc=360.6MB, cuda_reserved=36236.0MB, cuda_peak_alloc=7062.4MB, cuda_free=5263.6MB, cuda_total=48519.1MB
[2026-06-11 15:32:56] Epoch 17 train batch [360/1875] loss=0.2348 avg_loss=0.1676. Resources: rss=2192.9MB, peak_rss=2648.3MB, cuda_alloc=360.6MB, cuda_reserved=36236.0MB, cuda_peak_alloc=7062.4MB, cuda_free=5263.6MB, cuda_total=48519.1MB
[2026-06-11 15:33:02] Epoch 17 train batch [380/1875] loss=0.2442 avg_loss=0.1676. Resources: rss=2194.0MB, peak_rss=2648.3MB, cuda_alloc=360.6MB, cuda_reserved=36236.0MB, cuda_peak_alloc=7062.4MB, cuda_free=5263.6MB, cuda_total=48519.1MB
[2026-06-11 15:33:08] Epoch 17 train batch [400/1875] loss=0.2445 avg_loss=0.1688. Resources: rss=2192.4MB, peak_rss=2648.3MB, cuda_alloc=360.6MB, cuda_reserved=36236.0MB, cuda_peak_alloc=7062.4MB, cuda_free=5263.6MB, cuda_total=48519.1MB
[2026-06-11 15:33:15] Epoch 17 train batch [420/1875] loss=0.2068 avg_loss=0.1694. Resources: rss=2192.1MB, peak_rss=2648.3MB, cuda_alloc=360.6MB, cuda_reserved=36236.0MB, cuda_peak_alloc=7062.4MB, cuda_free=5263.6MB, cuda_total=48519.1MB
[2026-06-11 15:33:23] Epoch 17 train batch [440/1875] loss=0.0453 avg_loss=0.1708. Resources: rss=2192.8MB, peak_rss=2648.3MB, cuda_alloc=360.6MB, cuda_reserved=36236.0MB, cuda_peak_alloc=7062.4MB, cuda_free=5263.6MB, cuda_total=48519.1MB
[2026-06-11 15:33:30] Epoch 17 train batch [460/1875] loss=0.1399 avg_loss=0.1713. Resources: rss=2193.4MB, peak_rss=2648.3MB, cuda_alloc=360.6MB, cuda_reserved=36236.0MB, cuda_peak_alloc=7062.4MB, cuda_free=5263.6MB, cuda_total=48519.1MB
[2026-06-11 15:33:39] Epoch 17 train batch [480/1875] loss=0.1837 avg_loss=0.1709. Resources: rss=2193.6MB, peak_rss=2648.3MB, cuda_alloc=360.6MB, cuda_reserved=36896.0MB, cuda_peak_alloc=7062.6MB, cuda_free=4603.6MB, cuda_total=48519.1MB
[2026-06-11 15:33:48] Epoch 17 train batch [500/1875] loss=0.1870 avg_loss=0.1707. Resources: rss=2193.8MB, peak_rss=2648.3MB, cuda_alloc=360.6MB, cuda_reserved=36896.0MB, cuda_peak_alloc=7062.6MB, cuda_free=4603.6MB, cuda_total=48519.1MB
[2026-06-11 15:33:57] Epoch 17 train batch [520/1875] loss=0.3041 avg_loss=0.1705. Resources: rss=2193.0MB, peak_rss=2648.3MB, cuda_alloc=360.6MB, cuda_reserved=36896.0MB, cuda_peak_alloc=7062.6MB, cuda_free=4603.6MB, cuda_total=48519.1MB
[2026-06-11 15:34:06] Epoch 17 train batch [540/1875] loss=0.0861 avg_loss=0.1701. Resources: rss=2193.7MB, peak_rss=2648.3MB, cuda_alloc=360.6MB, cuda_reserved=36896.0MB, cuda_peak_alloc=7062.6MB, cuda_free=4603.6MB, cuda_total=48519.1MB
[2026-06-11 15:34:15] Epoch 17 train batch [560/1875] loss=0.1554 avg_loss=0.1701. Resources: rss=2193.0MB, peak_rss=2648.3MB, cuda_alloc=360.6MB, cuda_reserved=39876.0MB, cuda_peak_alloc=7062.6MB, cuda_free=1623.6MB, cuda_total=48519.1MB
[2026-06-11 15:34:23] Epoch 17 train batch [580/1875] loss=0.2526 avg_loss=0.1702. Resources: rss=2193.1MB, peak_rss=2648.3MB, cuda_alloc=360.6MB, cuda_reserved=39876.0MB, cuda_peak_alloc=7062.6MB, cuda_free=1623.6MB, cuda_total=48519.1MB
[2026-06-11 15:34:32] Epoch 17 train batch [600/1875] loss=0.0900 avg_loss=0.1699. Resources: rss=2193.4MB, peak_rss=2648.3MB, cuda_alloc=360.6MB, cuda_reserved=39876.0MB, cuda_peak_alloc=7062.6MB, cuda_free=1623.6MB, cuda_total=48519.1MB
[2026-06-11 15:34:39] Epoch 17 train batch [620/1875] loss=0.1380 avg_loss=0.1700. Resources: rss=2193.3MB, peak_rss=2648.3MB, cuda_alloc=360.6MB, cuda_reserved=40836.0MB, cuda_peak_alloc=7062.6MB, cuda_free=663.6MB, cuda_total=48519.1MB
[2026-06-11 15:34:49] Epoch 17 train batch [640/1875] loss=0.1505 avg_loss=0.1702. Resources: rss=2191.8MB, peak_rss=2648.3MB, cuda_alloc=360.6MB, cuda_reserved=32176.0MB, cuda_peak_alloc=7062.6MB, cuda_free=9323.6MB, cuda_total=48519.1MB
[2026-06-11 15:34:59] Epoch 17 train batch [660/1875] loss=0.1242 avg_loss=0.1722. Resources: rss=2193.8MB, peak_rss=2648.3MB, cuda_alloc=360.6MB, cuda_reserved=27896.0MB, cuda_peak_alloc=7062.6MB, cuda_free=13603.6MB, cuda_total=48519.1MB
[2026-06-11 15:35:07] Epoch 17 train batch [680/1875] loss=0.2780 avg_loss=0.1720. Resources: rss=2192.6MB, peak_rss=2648.3MB, cuda_alloc=360.6MB, cuda_reserved=30436.0MB, cuda_peak_alloc=7062.6MB, cuda_free=11063.6MB, cuda_total=48519.1MB
[2026-06-11 15:35:15] Epoch 17 train batch [700/1875] loss=0.0336 avg_loss=0.1728. Resources: rss=2193.4MB, peak_rss=2648.3MB, cuda_alloc=360.6MB, cuda_reserved=30436.0MB, cuda_peak_alloc=7062.6MB, cuda_free=11063.6MB, cuda_total=48519.1MB
[2026-06-11 15:35:23] Epoch 17 train batch [720/1875] loss=0.1761 avg_loss=0.1732. Resources: rss=2192.9MB, peak_rss=2648.3MB, cuda_alloc=360.6MB, cuda_reserved=35276.0MB, cuda_peak_alloc=7062.6MB, cuda_free=6223.6MB, cuda_total=48519.1MB
[2026-06-11 15:35:31] Epoch 17 train batch [740/1875] loss=0.2601 avg_loss=0.1737. Resources: rss=2193.4MB, peak_rss=2648.3MB, cuda_alloc=360.6MB, cuda_reserved=40576.0MB, cuda_peak_alloc=7062.6MB, cuda_free=923.6MB, cuda_total=48519.1MB
[2026-06-11 15:35:39] Epoch 17 train batch [760/1875] loss=0.2046 avg_loss=0.1738. Resources: rss=2193.4MB, peak_rss=2648.3MB, cuda_alloc=360.6MB, cuda_reserved=5556.0MB, cuda_peak_alloc=7062.6MB, cuda_free=35943.6MB, cuda_total=48519.1MB
[2026-06-11 15:35:46] Epoch 17 train batch [780/1875] loss=0.1418 avg_loss=0.1738. Resources: rss=2193.4MB, peak_rss=2648.3MB, cuda_alloc=360.6MB, cuda_reserved=29736.0MB, cuda_peak_alloc=7062.6MB, cuda_free=11763.6MB, cuda_total=48519.1MB
[2026-06-11 15:35:53] Epoch 17 train batch [800/1875] loss=0.3739 avg_loss=0.1743. Resources: rss=2192.8MB, peak_rss=2648.3MB, cuda_alloc=360.6MB, cuda_reserved=31056.0MB, cuda_peak_alloc=7062.6MB, cuda_free=10443.6MB, cuda_total=48519.1MB
[2026-06-11 15:36:01] Epoch 17 train batch [820/1875] loss=0.0818 avg_loss=0.1738. Resources: rss=2193.4MB, peak_rss=2648.3MB, cuda_alloc=360.6MB, cuda_reserved=39476.0MB, cuda_peak_alloc=7062.6MB, cuda_free=2023.6MB, cuda_total=48519.1MB
[2026-06-11 15:36:12] Epoch 17 train batch [840/1875] loss=0.1575 avg_loss=0.1731. Resources: rss=2193.8MB, peak_rss=2648.3MB, cuda_alloc=360.6MB, cuda_reserved=20976.0MB, cuda_peak_alloc=7062.6MB, cuda_free=20523.6MB, cuda_total=48519.1MB
[2026-06-11 15:36:20] Epoch 17 train batch [860/1875] loss=0.2012 avg_loss=0.1728. Resources: rss=2194.1MB, peak_rss=2648.3MB, cuda_alloc=360.6MB, cuda_reserved=38216.0MB, cuda_peak_alloc=7062.6MB, cuda_free=3283.6MB, cuda_total=48519.1MB
[2026-06-11 15:36:29] Epoch 17 train batch [880/1875] loss=0.2047 avg_loss=0.1725. Resources: rss=2194.8MB, peak_rss=2648.3MB, cuda_alloc=360.6MB, cuda_reserved=38216.0MB, cuda_peak_alloc=7062.6MB, cuda_free=3283.6MB, cuda_total=48519.1MB
[2026-06-11 15:36:38] Epoch 17 train batch [900/1875] loss=0.2183 avg_loss=0.1723. Resources: rss=2194.1MB, peak_rss=2648.3MB, cuda_alloc=360.6MB, cuda_reserved=39896.0MB, cuda_peak_alloc=7062.6MB, cuda_free=1603.6MB, cuda_total=48519.1MB
[2026-06-11 15:36:48] Epoch 17 train batch [920/1875] loss=0.0966 avg_loss=0.1715. Resources: rss=2194.6MB, peak_rss=2648.3MB, cuda_alloc=360.6MB, cuda_reserved=23296.0MB, cuda_peak_alloc=7062.6MB, cuda_free=18203.6MB, cuda_total=48519.1MB
[2026-06-11 15:36:56] Epoch 17 train batch [940/1875] loss=0.1350 avg_loss=0.1714. Resources: rss=2194.2MB, peak_rss=2648.3MB, cuda_alloc=360.6MB, cuda_reserved=16516.0MB, cuda_peak_alloc=7062.6MB, cuda_free=24983.6MB, cuda_total=48519.1MB
[2026-06-11 15:37:05] Epoch 17 train batch [960/1875] loss=0.1493 avg_loss=0.1713. Resources: rss=2195.1MB, peak_rss=2648.3MB, cuda_alloc=360.6MB, cuda_reserved=7516.0MB, cuda_peak_alloc=7062.6MB, cuda_free=33983.6MB, cuda_total=48519.1MB
[2026-06-11 15:37:15] Epoch 17 train batch [980/1875] loss=0.1252 avg_loss=0.1707. Resources: rss=2193.8MB, peak_rss=2648.3MB, cuda_alloc=360.6MB, cuda_reserved=9916.0MB, cuda_peak_alloc=7062.6MB, cuda_free=31583.6MB, cuda_total=48519.1MB
[2026-06-11 15:37:24] Epoch 17 train batch [1000/1875] loss=0.1699 avg_loss=0.1708. Resources: rss=2194.3MB, peak_rss=2648.3MB, cuda_alloc=360.6MB, cuda_reserved=39156.0MB, cuda_peak_alloc=7062.6MB, cuda_free=2343.6MB, cuda_total=48519.1MB
[2026-06-11 15:37:35] Epoch 17 train batch [1020/1875] loss=0.0156 avg_loss=0.1708. Resources: rss=2194.4MB, peak_rss=2648.3MB, cuda_alloc=351.4MB, cuda_reserved=25756.0MB, cuda_peak_alloc=7062.6MB, cuda_free=15743.6MB, cuda_total=48519.1MB
[2026-06-11 15:37:42] Epoch 17 train batch [1040/1875] loss=0.2801 avg_loss=0.1712. Resources: rss=2194.2MB, peak_rss=2648.3MB, cuda_alloc=360.6MB, cuda_reserved=36756.0MB, cuda_peak_alloc=7062.6MB, cuda_free=4743.6MB, cuda_total=48519.1MB
[2026-06-11 15:37:52] Epoch 17 train batch [1060/1875] loss=0.2415 avg_loss=0.1713. Resources: rss=2194.1MB, peak_rss=2648.3MB, cuda_alloc=360.6MB, cuda_reserved=8456.0MB, cuda_peak_alloc=7062.6MB, cuda_free=33043.6MB, cuda_total=48519.1MB
[2026-06-11 15:38:00] Epoch 17 train batch [1080/1875] loss=0.1847 avg_loss=0.1718. Resources: rss=2193.1MB, peak_rss=2648.3MB, cuda_alloc=360.6MB, cuda_reserved=33996.0MB, cuda_peak_alloc=7062.6MB, cuda_free=7503.6MB, cuda_total=48519.1MB
[2026-06-11 15:38:08] Epoch 17 train batch [1100/1875] loss=0.3450 avg_loss=0.1720. Resources: rss=2193.4MB, peak_rss=2648.3MB, cuda_alloc=360.6MB, cuda_reserved=33996.0MB, cuda_peak_alloc=7062.6MB, cuda_free=7503.6MB, cuda_total=48519.1MB
[2026-06-11 15:38:18] Epoch 17 train batch [1120/1875] loss=0.1459 avg_loss=0.1720. Resources: rss=2192.6MB, peak_rss=2648.3MB, cuda_alloc=360.6MB, cuda_reserved=9676.0MB, cuda_peak_alloc=7062.6MB, cuda_free=31823.6MB, cuda_total=48519.1MB
[2026-06-11 15:38:26] Epoch 17 train batch [1140/1875] loss=0.2522 avg_loss=0.1723. Resources: rss=2192.6MB, peak_rss=2648.3MB, cuda_alloc=360.6MB, cuda_reserved=32816.0MB, cuda_peak_alloc=7062.6MB, cuda_free=8683.6MB, cuda_total=48519.1MB
[2026-06-11 15:38:35] Epoch 17 train batch [1160/1875] loss=0.1538 avg_loss=0.1725. Resources: rss=2193.9MB, peak_rss=2648.3MB, cuda_alloc=360.6MB, cuda_reserved=35916.0MB, cuda_peak_alloc=7062.6MB, cuda_free=5583.6MB, cuda_total=48519.1MB
[2026-06-11 15:38:43] Epoch 17 train batch [1180/1875] loss=0.2248 avg_loss=0.1739. Resources: rss=2192.9MB, peak_rss=2648.3MB, cuda_alloc=360.6MB, cuda_reserved=35916.0MB, cuda_peak_alloc=7062.6MB, cuda_free=5583.6MB, cuda_total=48519.1MB
[2026-06-11 15:38:52] Epoch 17 train batch [1200/1875] loss=0.2081 avg_loss=0.1735. Resources: rss=2193.7MB, peak_rss=2648.3MB, cuda_alloc=360.6MB, cuda_reserved=35916.0MB, cuda_peak_alloc=7062.6MB, cuda_free=5583.6MB, cuda_total=48519.1MB
[2026-06-11 15:39:01] Epoch 17 train batch [1220/1875] loss=0.2946 avg_loss=0.1733. Resources: rss=2193.2MB, peak_rss=2648.3MB, cuda_alloc=360.6MB, cuda_reserved=37156.0MB, cuda_peak_alloc=7062.6MB, cuda_free=4343.6MB, cuda_total=48519.1MB
[2026-06-11 15:39:11] Epoch 17 train batch [1240/1875] loss=0.1429 avg_loss=0.1732. Resources: rss=2192.6MB, peak_rss=2648.3MB, cuda_alloc=360.6MB, cuda_reserved=34876.0MB, cuda_peak_alloc=7062.6MB, cuda_free=6623.6MB, cuda_total=48519.1MB
[2026-06-11 15:39:18] Epoch 17 train batch [1260/1875] loss=0.2351 avg_loss=0.1732. Resources: rss=2193.1MB, peak_rss=2648.3MB, cuda_alloc=360.6MB, cuda_reserved=38676.0MB, cuda_peak_alloc=7062.6MB, cuda_free=2823.6MB, cuda_total=48519.1MB
[2026-06-11 15:39:26] Epoch 17 train batch [1280/1875] loss=0.2097 avg_loss=0.1736. Resources: rss=2193.7MB, peak_rss=2648.3MB, cuda_alloc=360.6MB, cuda_reserved=38676.0MB, cuda_peak_alloc=7062.6MB, cuda_free=2823.6MB, cuda_total=48519.1MB
[2026-06-11 15:39:35] Epoch 17 train batch [1300/1875] loss=0.1762 avg_loss=0.1734. Resources: rss=2193.1MB, peak_rss=2648.3MB, cuda_alloc=360.6MB, cuda_reserved=38676.0MB, cuda_peak_alloc=7062.6MB, cuda_free=2823.6MB, cuda_total=48519.1MB
[2026-06-11 15:39:43] Epoch 17 train batch [1320/1875] loss=0.2072 avg_loss=0.1732. Resources: rss=2193.6MB, peak_rss=2648.3MB, cuda_alloc=360.6MB, cuda_reserved=38676.0MB, cuda_peak_alloc=7062.6MB, cuda_free=2823.6MB, cuda_total=48519.1MB
[2026-06-11 15:39:52] Epoch 17 train batch [1340/1875] loss=0.2212 avg_loss=0.1734. Resources: rss=2193.3MB, peak_rss=2648.3MB, cuda_alloc=360.6MB, cuda_reserved=38676.0MB, cuda_peak_alloc=7062.6MB, cuda_free=2823.6MB, cuda_total=48519.1MB
[2026-06-11 15:40:01] Epoch 17 train batch [1360/1875] loss=0.1991 avg_loss=0.1740. Resources: rss=2193.2MB, peak_rss=2648.3MB, cuda_alloc=360.6MB, cuda_reserved=38676.0MB, cuda_peak_alloc=7062.6MB, cuda_free=2823.6MB, cuda_total=48519.1MB
[2026-06-11 15:40:10] Epoch 17 train batch [1380/1875] loss=0.1638 avg_loss=0.1740. Resources: rss=2193.0MB, peak_rss=2648.3MB, cuda_alloc=360.6MB, cuda_reserved=38676.0MB, cuda_peak_alloc=7062.6MB, cuda_free=2823.6MB, cuda_total=48519.1MB
[2026-06-11 15:40:18] Epoch 17 train batch [1400/1875] loss=0.3168 avg_loss=0.1742. Resources: rss=2193.4MB, peak_rss=2648.3MB, cuda_alloc=360.6MB, cuda_reserved=38676.0MB, cuda_peak_alloc=7062.6MB, cuda_free=2823.6MB, cuda_total=48519.1MB
[2026-06-11 15:40:25] Epoch 17 train batch [1420/1875] loss=0.2273 avg_loss=0.1746. Resources: rss=2193.8MB, peak_rss=2648.3MB, cuda_alloc=360.6MB, cuda_reserved=39176.0MB, cuda_peak_alloc=7062.6MB, cuda_free=2323.6MB, cuda_total=48519.1MB
[2026-06-11 15:40:31] Epoch 17 train batch [1440/1875] loss=0.1338 avg_loss=0.1744. Resources: rss=2193.2MB, peak_rss=2648.3MB, cuda_alloc=360.6MB, cuda_reserved=39176.0MB, cuda_peak_alloc=7062.6MB, cuda_free=2323.6MB, cuda_total=48519.1MB
[2026-06-11 15:40:38] Epoch 17 train batch [1460/1875] loss=0.3367 avg_loss=0.1743. Resources: rss=2192.8MB, peak_rss=2648.3MB, cuda_alloc=360.6MB, cuda_reserved=39176.0MB, cuda_peak_alloc=7062.6MB, cuda_free=2323.6MB, cuda_total=48519.1MB
[2026-06-11 15:40:47] Epoch 17 train batch [1480/1875] loss=0.0773 avg_loss=0.1741. Resources: rss=2192.2MB, peak_rss=2648.3MB, cuda_alloc=360.6MB, cuda_reserved=39176.0MB, cuda_peak_alloc=7062.6MB, cuda_free=2323.6MB, cuda_total=48519.1MB
[2026-06-11 15:40:56] Epoch 17 train batch [1500/1875] loss=0.1814 avg_loss=0.1740. Resources: rss=2192.7MB, peak_rss=2648.3MB, cuda_alloc=360.6MB, cuda_reserved=20056.0MB, cuda_peak_alloc=7062.6MB, cuda_free=21443.6MB, cuda_total=48519.1MB
[2026-06-11 15:41:02] Epoch 17 train batch [1520/1875] loss=0.0809 avg_loss=0.1738. Resources: rss=2193.9MB, peak_rss=2648.3MB, cuda_alloc=360.6MB, cuda_reserved=37736.0MB, cuda_peak_alloc=7062.6MB, cuda_free=3763.6MB, cuda_total=48519.1MB
[2026-06-11 15:41:06] Epoch 17 train batch [1540/1875] loss=0.1080 avg_loss=0.1736. Resources: rss=2192.9MB, peak_rss=2648.3MB, cuda_alloc=360.6MB, cuda_reserved=37736.0MB, cuda_peak_alloc=7062.6MB, cuda_free=3763.6MB, cuda_total=48519.1MB
[2026-06-11 15:41:11] Epoch 17 train batch [1560/1875] loss=0.3277 avg_loss=0.1740. Resources: rss=2193.0MB, peak_rss=2648.3MB, cuda_alloc=360.6MB, cuda_reserved=25636.0MB, cuda_peak_alloc=7062.6MB, cuda_free=15863.6MB, cuda_total=48519.1MB
[2026-06-11 15:41:16] Epoch 17 train batch [1580/1875] loss=0.0550 avg_loss=0.1740. Resources: rss=2194.2MB, peak_rss=2648.3MB, cuda_alloc=360.6MB, cuda_reserved=26456.0MB, cuda_peak_alloc=7062.6MB, cuda_free=15043.6MB, cuda_total=48519.1MB
[2026-06-11 15:41:21] Epoch 17 train batch [1600/1875] loss=0.1283 avg_loss=0.1740. Resources: rss=2194.2MB, peak_rss=2648.3MB, cuda_alloc=360.6MB, cuda_reserved=37776.0MB, cuda_peak_alloc=7062.6MB, cuda_free=3723.6MB, cuda_total=48519.1MB
[2026-06-11 15:41:26] Epoch 17 train batch [1620/1875] loss=0.0869 avg_loss=0.1740. Resources: rss=2193.5MB, peak_rss=2648.3MB, cuda_alloc=360.6MB, cuda_reserved=24996.0MB, cuda_peak_alloc=7062.6MB, cuda_free=22970.9MB, cuda_total=48519.1MB
[2026-06-11 15:41:31] Epoch 17 train batch [1640/1875] loss=0.2212 avg_loss=0.1740. Resources: rss=2194.8MB, peak_rss=2648.3MB, cuda_alloc=360.6MB, cuda_reserved=31596.0MB, cuda_peak_alloc=7062.6MB, cuda_free=16370.9MB, cuda_total=48519.1MB
[2026-06-11 15:41:36] Epoch 17 train batch [1660/1875] loss=0.1314 avg_loss=0.1743. Resources: rss=2196.6MB, peak_rss=2648.3MB, cuda_alloc=360.6MB, cuda_reserved=45216.0MB, cuda_peak_alloc=7062.6MB, cuda_free=2750.9MB, cuda_total=48519.1MB
[2026-06-11 15:41:40] Epoch 17 train batch [1680/1875] loss=0.3584 avg_loss=0.1746. Resources: rss=2197.5MB, peak_rss=2648.3MB, cuda_alloc=360.6MB, cuda_reserved=45216.0MB, cuda_peak_alloc=7062.6MB, cuda_free=2750.9MB, cuda_total=48519.1MB
[2026-06-11 15:41:46] Epoch 17 train batch [1700/1875] loss=0.1470 avg_loss=0.1745. Resources: rss=2198.3MB, peak_rss=2648.3MB, cuda_alloc=360.6MB, cuda_reserved=27456.0MB, cuda_peak_alloc=7062.6MB, cuda_free=20510.9MB, cuda_total=48519.1MB
[2026-06-11 15:41:50] Epoch 17 train batch [1720/1875] loss=0.1415 avg_loss=0.1747. Resources: rss=2196.8MB, peak_rss=2648.3MB, cuda_alloc=360.6MB, cuda_reserved=30496.0MB, cuda_peak_alloc=7062.6MB, cuda_free=17470.9MB, cuda_total=48519.1MB
[2026-06-11 15:41:55] Epoch 17 train batch [1740/1875] loss=0.1494 avg_loss=0.1749. Resources: rss=2198.0MB, peak_rss=2648.3MB, cuda_alloc=360.6MB, cuda_reserved=30496.0MB, cuda_peak_alloc=7062.6MB, cuda_free=17470.9MB, cuda_total=48519.1MB
[2026-06-11 15:41:59] Epoch 17 train batch [1760/1875] loss=0.0686 avg_loss=0.1750. Resources: rss=2197.5MB, peak_rss=2648.3MB, cuda_alloc=360.6MB, cuda_reserved=34576.0MB, cuda_peak_alloc=7062.6MB, cuda_free=13390.9MB, cuda_total=48519.1MB
[2026-06-11 15:42:03] Epoch 17 train batch [1780/1875] loss=0.1365 avg_loss=0.1747. Resources: rss=2197.6MB, peak_rss=2648.3MB, cuda_alloc=360.6MB, cuda_reserved=41116.0MB, cuda_peak_alloc=7062.6MB, cuda_free=6850.9MB, cuda_total=48519.1MB
[2026-06-11 15:42:08] Epoch 17 train batch [1800/1875] loss=0.0983 avg_loss=0.1742. Resources: rss=2198.3MB, peak_rss=2648.3MB, cuda_alloc=360.6MB, cuda_reserved=41116.0MB, cuda_peak_alloc=7062.6MB, cuda_free=6850.9MB, cuda_total=48519.1MB
[2026-06-11 15:42:12] Epoch 17 train batch [1820/1875] loss=0.1433 avg_loss=0.1749. Resources: rss=2198.0MB, peak_rss=2648.3MB, cuda_alloc=360.6MB, cuda_reserved=41116.0MB, cuda_peak_alloc=7062.6MB, cuda_free=6850.9MB, cuda_total=48519.1MB
[2026-06-11 15:42:17] Epoch 17 train batch [1840/1875] loss=0.2296 avg_loss=0.1748. Resources: rss=2196.9MB, peak_rss=2648.3MB, cuda_alloc=360.6MB, cuda_reserved=41116.0MB, cuda_peak_alloc=7062.6MB, cuda_free=6850.9MB, cuda_total=48519.1MB
[2026-06-11 15:42:21] Epoch 17 train batch [1860/1875] loss=0.1782 avg_loss=0.1747. Resources: rss=2199.6MB, peak_rss=2648.3MB, cuda_alloc=360.6MB, cuda_reserved=41116.0MB, cuda_peak_alloc=7062.6MB, cuda_free=6850.9MB, cuda_total=48519.1MB
[2026-06-11 15:42:25] Epoch 17 train batch [1875/1875] loss=0.1910 avg_loss=0.1745. Resources: rss=2198.6MB, peak_rss=2648.3MB, cuda_alloc=360.6MB, cuda_reserved=41116.0MB, cuda_peak_alloc=7062.6MB, cuda_free=6850.9MB, cuda_total=48519.1MB
[2026-06-11 15:42:25] Epoch 17 training completed. Resources: rss=2191.2MB, peak_rss=2648.3MB, cuda_alloc=360.6MB, cuda_reserved=41116.0MB, cuda_peak_alloc=7062.6MB, cuda_free=6850.9MB, cuda_total=48519.1MB
[2026-06-11 15:42:26] Epoch 17 cache released before validation loss. Resources: rss=2190.7MB, peak_rss=2648.3MB, cuda_alloc=360.6MB, cuda_reserved=500.0MB, cuda_peak_alloc=360.6MB, cuda_free=47466.9MB, cuda_total=48519.1MB
[2026-06-11 15:42:59] Epoch 17 validation loss completed: 0.5167. Resources: rss=2190.3MB, peak_rss=2648.3MB, cuda_alloc=360.6MB, cuda_reserved=5766.0MB, cuda_peak_alloc=2034.0MB, cuda_free=42200.9MB, cuda_total=48519.1MB
[2026-06-11 15:42:59] Epoch 17 cache released before detection metrics. Resources: rss=2190.3MB, peak_rss=2648.3MB, cuda_alloc=360.6MB, cuda_reserved=500.0MB, cuda_peak_alloc=360.6MB, cuda_free=47466.9MB, cuda_total=48519.1MB
[2026-06-11 15:43:34] Epoch 17 prediction tensors moved to CPU. Computing metrics. Resources: rss=2187.7MB, peak_rss=2648.3MB, cuda_alloc=360.6MB, cuda_reserved=500.0MB, cuda_peak_alloc=360.6MB, cuda_free=47466.9MB, cuda_total=48519.1MB
[2026-06-11 15:43:34] Epoch 17 metrics computed (mAP@0.5 only). Saving artifacts. Resources: rss=2189.2MB, peak_rss=2648.3MB, cuda_alloc=360.6MB, cuda_reserved=500.0MB, cuda_peak_alloc=360.6MB, cuda_free=47466.9MB, cuda_total=48519.1MB
[2026-06-11 15:43:35] Epoch 17 improved mAP@0.5 to 0.7605. Saved best checkpoint: best_model-20260611-131215.pth. Resources: rss=2668.7MB, peak_rss=2668.7MB, cuda_alloc=360.6MB, cuda_reserved=500.0MB, cuda_peak_alloc=360.6MB, cuda_free=47466.9MB, cuda_total=48519.1MB
Epoch [17/50]
├── Train Loss : 0.1745
│   ├── loss_classifier  : 0.0932
│   ├── loss_box_reg     : 0.0813
│   ├── loss_objectness  : 0.0000
│   └── loss_rpn_box_reg : 0.0000
├── Val Loss   : 0.5167
├── mAP@0.5    : 0.7605
├── mAP@0.75   : n/a
├── mAP@0.5:0.95 : n/a
├── Precision  : 0.0738
├── Recall     : 0.9357
├── GT Boxes   : 2021
├── Predictions: 25613
├── Per-class AP
│   ├── person  : AP50=0.8311, AP75=n/a, AP50:95=n/a, P=0.1039, R=0.9516
│   ├── car     : AP50=0.7669, AP75=n/a, AP50:95=n/a, P=0.0572, R=0.9399
│   ├── dog     : AP50=0.8191, AP75=n/a, AP50:95=n/a, P=0.0702, R=0.9563
│   ├── cat     : AP50=0.8916, AP75=n/a, AP50:95=n/a, P=0.0673, R=0.9716
│   └── chair   : AP50=0.4938, AP75=n/a, AP50:95=n/a, P=0.0407, R=0.8333
├── LR         : 0.000806
└── Time       : 775.2s
[2026-06-11 15:43:36] Epoch [17/50] completed. Resources: rss=2186.9MB, peak_rss=2668.7MB, cuda_alloc=360.6MB, cuda_reserved=500.0MB, cuda_peak_alloc=360.6MB, cuda_free=47466.9MB, cuda_total=48519.1MB
[2026-06-11 15:43:36] Epoch [18/50] started. Resources: rss=2186.9MB, peak_rss=2668.7MB, cuda_alloc=360.6MB, cuda_reserved=500.0MB, cuda_peak_alloc=360.6MB, cuda_free=47466.9MB, cuda_total=48519.1MB
[2026-06-11 15:43:41] Epoch 18 train batch [20/1875] loss=0.1215 avg_loss=0.1714. Resources: rss=2196.0MB, peak_rss=2668.7MB, cuda_alloc=360.6MB, cuda_reserved=47676.0MB, cuda_peak_alloc=7061.5MB, cuda_free=290.9MB, cuda_total=48519.1MB
[2026-06-11 15:43:46] Epoch 18 train batch [40/1875] loss=0.1872 avg_loss=0.1595. Resources: rss=2196.8MB, peak_rss=2668.7MB, cuda_alloc=360.6MB, cuda_reserved=27256.0MB, cuda_peak_alloc=7061.9MB, cuda_free=20710.9MB, cuda_total=48519.1MB
[2026-06-11 15:43:51] Epoch 18 train batch [60/1875] loss=0.1876 avg_loss=0.1676. Resources: rss=2196.6MB, peak_rss=2668.7MB, cuda_alloc=360.6MB, cuda_reserved=27416.0MB, cuda_peak_alloc=7062.5MB, cuda_free=20550.9MB, cuda_total=48519.1MB
[2026-06-11 15:43:55] Epoch 18 train batch [80/1875] loss=0.1856 avg_loss=0.1635. Resources: rss=2197.1MB, peak_rss=2668.7MB, cuda_alloc=360.6MB, cuda_reserved=31976.0MB, cuda_peak_alloc=7062.5MB, cuda_free=15990.9MB, cuda_total=48519.1MB
[2026-06-11 15:44:00] Epoch 18 train batch [100/1875] loss=0.0350 avg_loss=0.1593. Resources: rss=2197.2MB, peak_rss=2668.7MB, cuda_alloc=351.4MB, cuda_reserved=38716.0MB, cuda_peak_alloc=7062.5MB, cuda_free=9251.8MB, cuda_total=48519.1MB
[2026-06-11 15:44:04] Epoch 18 train batch [120/1875] loss=0.1175 avg_loss=0.1618. Resources: rss=2197.3MB, peak_rss=2668.7MB, cuda_alloc=360.6MB, cuda_reserved=38716.0MB, cuda_peak_alloc=7062.5MB, cuda_free=9251.8MB, cuda_total=48519.1MB
[2026-06-11 15:44:08] Epoch 18 train batch [140/1875] loss=0.2623 avg_loss=0.1609. Resources: rss=2197.2MB, peak_rss=2668.7MB, cuda_alloc=360.6MB, cuda_reserved=38716.0MB, cuda_peak_alloc=7062.5MB, cuda_free=9251.8MB, cuda_total=48519.1MB
[2026-06-11 15:44:13] Epoch 18 train batch [160/1875] loss=0.1218 avg_loss=0.1605. Resources: rss=2197.3MB, peak_rss=2668.7MB, cuda_alloc=360.6MB, cuda_reserved=41216.0MB, cuda_peak_alloc=7062.5MB, cuda_free=6751.8MB, cuda_total=48519.1MB
[2026-06-11 15:44:17] Epoch 18 train batch [180/1875] loss=0.2582 avg_loss=0.1587. Resources: rss=2195.6MB, peak_rss=2668.7MB, cuda_alloc=360.6MB, cuda_reserved=41216.0MB, cuda_peak_alloc=7062.5MB, cuda_free=6751.8MB, cuda_total=48519.1MB
[2026-06-11 15:44:21] Epoch 18 train batch [200/1875] loss=0.2357 avg_loss=0.1575. Resources: rss=2196.9MB, peak_rss=2668.7MB, cuda_alloc=360.6MB, cuda_reserved=43076.0MB, cuda_peak_alloc=7062.5MB, cuda_free=4891.8MB, cuda_total=48519.1MB
[2026-06-11 15:44:26] Epoch 18 train batch [220/1875] loss=0.1875 avg_loss=0.1561. Resources: rss=2197.2MB, peak_rss=2668.7MB, cuda_alloc=360.6MB, cuda_reserved=45616.0MB, cuda_peak_alloc=7062.5MB, cuda_free=2351.8MB, cuda_total=48519.1MB
[2026-06-11 15:44:31] Epoch 18 train batch [240/1875] loss=0.1829 avg_loss=0.1577. Resources: rss=2197.2MB, peak_rss=2668.7MB, cuda_alloc=360.6MB, cuda_reserved=29676.0MB, cuda_peak_alloc=7062.5MB, cuda_free=18291.8MB, cuda_total=48519.1MB
[2026-06-11 15:44:35] Epoch 18 train batch [260/1875] loss=0.2105 avg_loss=0.1575. Resources: rss=2197.4MB, peak_rss=2668.7MB, cuda_alloc=360.6MB, cuda_reserved=31776.0MB, cuda_peak_alloc=7062.5MB, cuda_free=16191.8MB, cuda_total=48519.1MB
[2026-06-11 15:44:40] Epoch 18 train batch [280/1875] loss=0.1891 avg_loss=0.1578. Resources: rss=2196.4MB, peak_rss=2668.7MB, cuda_alloc=360.6MB, cuda_reserved=45596.0MB, cuda_peak_alloc=7062.5MB, cuda_free=2371.8MB, cuda_total=48519.1MB
[2026-06-11 15:44:44] Epoch 18 train batch [300/1875] loss=0.1044 avg_loss=0.1578. Resources: rss=2195.6MB, peak_rss=2668.7MB, cuda_alloc=360.6MB, cuda_reserved=45596.0MB, cuda_peak_alloc=7062.5MB, cuda_free=2371.8MB, cuda_total=48519.1MB
[2026-06-11 15:44:50] Epoch 18 train batch [320/1875] loss=0.1762 avg_loss=0.1580. Resources: rss=2195.8MB, peak_rss=2668.7MB, cuda_alloc=360.6MB, cuda_reserved=20116.0MB, cuda_peak_alloc=7062.5MB, cuda_free=27851.8MB, cuda_total=48519.1MB
[2026-06-11 15:44:54] Epoch 18 train batch [340/1875] loss=0.0691 avg_loss=0.1577. Resources: rss=2196.3MB, peak_rss=2668.7MB, cuda_alloc=360.6MB, cuda_reserved=41976.0MB, cuda_peak_alloc=7062.5MB, cuda_free=5991.8MB, cuda_total=48519.1MB
[2026-06-11 15:44:59] Epoch 18 train batch [360/1875] loss=0.1622 avg_loss=0.1573. Resources: rss=2195.9MB, peak_rss=2668.7MB, cuda_alloc=360.6MB, cuda_reserved=42396.0MB, cuda_peak_alloc=7062.5MB, cuda_free=5571.8MB, cuda_total=48519.1MB
[2026-06-11 15:45:03] Epoch 18 train batch [380/1875] loss=0.1120 avg_loss=0.1590. Resources: rss=2197.0MB, peak_rss=2668.7MB, cuda_alloc=360.6MB, cuda_reserved=42396.0MB, cuda_peak_alloc=7062.5MB, cuda_free=5571.8MB, cuda_total=48519.1MB
[2026-06-11 15:45:07] Epoch 18 train batch [400/1875] loss=0.1026 avg_loss=0.1583. Resources: rss=2196.9MB, peak_rss=2668.7MB, cuda_alloc=360.6MB, cuda_reserved=42396.0MB, cuda_peak_alloc=7062.5MB, cuda_free=5571.8MB, cuda_total=48519.1MB
[2026-06-11 15:45:12] Epoch 18 train batch [420/1875] loss=0.0739 avg_loss=0.1577. Resources: rss=2196.8MB, peak_rss=2668.7MB, cuda_alloc=360.6MB, cuda_reserved=42396.0MB, cuda_peak_alloc=7062.5MB, cuda_free=5571.8MB, cuda_total=48519.1MB
[2026-06-11 15:45:16] Epoch 18 train batch [440/1875] loss=0.1538 avg_loss=0.1585. Resources: rss=2197.7MB, peak_rss=2668.7MB, cuda_alloc=360.6MB, cuda_reserved=42396.0MB, cuda_peak_alloc=7062.5MB, cuda_free=5571.8MB, cuda_total=48519.1MB
[2026-06-11 15:45:20] Epoch 18 train batch [460/1875] loss=0.1254 avg_loss=0.1582. Resources: rss=2197.3MB, peak_rss=2668.7MB, cuda_alloc=360.6MB, cuda_reserved=42396.0MB, cuda_peak_alloc=7062.5MB, cuda_free=5571.8MB, cuda_total=48519.1MB
[2026-06-11 15:45:25] Epoch 18 train batch [480/1875] loss=0.0832 avg_loss=0.1579. Resources: rss=2197.1MB, peak_rss=2668.7MB, cuda_alloc=360.6MB, cuda_reserved=42396.0MB, cuda_peak_alloc=7062.5MB, cuda_free=5571.8MB, cuda_total=48519.1MB
[2026-06-11 15:45:29] Epoch 18 train batch [500/1875] loss=0.0827 avg_loss=0.1589. Resources: rss=2195.6MB, peak_rss=2668.7MB, cuda_alloc=360.6MB, cuda_reserved=42396.0MB, cuda_peak_alloc=7062.5MB, cuda_free=5571.8MB, cuda_total=48519.1MB
[2026-06-11 15:45:33] Epoch 18 train batch [520/1875] loss=0.2616 avg_loss=0.1590. Resources: rss=2196.1MB, peak_rss=2668.7MB, cuda_alloc=360.6MB, cuda_reserved=42396.0MB, cuda_peak_alloc=7062.5MB, cuda_free=5571.8MB, cuda_total=48519.1MB
[2026-06-11 15:45:38] Epoch 18 train batch [540/1875] loss=0.2010 avg_loss=0.1600. Resources: rss=2196.4MB, peak_rss=2668.7MB, cuda_alloc=360.6MB, cuda_reserved=42396.0MB, cuda_peak_alloc=7062.5MB, cuda_free=5571.8MB, cuda_total=48519.1MB
[2026-06-11 15:45:42] Epoch 18 train batch [560/1875] loss=0.0658 avg_loss=0.1602. Resources: rss=2195.8MB, peak_rss=2668.7MB, cuda_alloc=360.6MB, cuda_reserved=42396.0MB, cuda_peak_alloc=7062.5MB, cuda_free=5571.8MB, cuda_total=48519.1MB
[2026-06-11 15:45:47] Epoch 18 train batch [580/1875] loss=0.1421 avg_loss=0.1598. Resources: rss=2196.5MB, peak_rss=2668.7MB, cuda_alloc=360.6MB, cuda_reserved=23876.0MB, cuda_peak_alloc=7062.5MB, cuda_free=24091.8MB, cuda_total=48519.1MB
[2026-06-11 15:45:52] Epoch 18 train batch [600/1875] loss=0.2675 avg_loss=0.1589. Resources: rss=2196.6MB, peak_rss=2668.7MB, cuda_alloc=360.6MB, cuda_reserved=30656.0MB, cuda_peak_alloc=7062.5MB, cuda_free=17311.8MB, cuda_total=48519.1MB
[2026-06-11 15:45:57] Epoch 18 train batch [620/1875] loss=0.0812 avg_loss=0.1584. Resources: rss=2196.9MB, peak_rss=2668.7MB, cuda_alloc=360.6MB, cuda_reserved=39056.0MB, cuda_peak_alloc=7062.5MB, cuda_free=8911.8MB, cuda_total=48519.1MB
[2026-06-11 15:46:02] Epoch 18 train batch [640/1875] loss=0.1712 avg_loss=0.1576. Resources: rss=2196.9MB, peak_rss=2668.7MB, cuda_alloc=360.6MB, cuda_reserved=29596.0MB, cuda_peak_alloc=7062.5MB, cuda_free=18371.8MB, cuda_total=48519.1MB
[2026-06-11 15:46:07] Epoch 18 train batch [660/1875] loss=0.1315 avg_loss=0.1576. Resources: rss=2197.0MB, peak_rss=2668.7MB, cuda_alloc=360.6MB, cuda_reserved=34176.0MB, cuda_peak_alloc=7062.5MB, cuda_free=13791.8MB, cuda_total=48519.1MB
[2026-06-11 15:46:11] Epoch 18 train batch [680/1875] loss=0.1694 avg_loss=0.1576. Resources: rss=2196.5MB, peak_rss=2668.7MB, cuda_alloc=360.6MB, cuda_reserved=34856.0MB, cuda_peak_alloc=7062.5MB, cuda_free=13111.8MB, cuda_total=48519.1MB
[2026-06-11 15:46:15] Epoch 18 train batch [700/1875] loss=0.0860 avg_loss=0.1569. Resources: rss=2197.3MB, peak_rss=2668.7MB, cuda_alloc=360.6MB, cuda_reserved=34856.0MB, cuda_peak_alloc=7062.5MB, cuda_free=13111.8MB, cuda_total=48519.1MB
[2026-06-11 15:46:20] Epoch 18 train batch [720/1875] loss=0.1977 avg_loss=0.1574. Resources: rss=2196.8MB, peak_rss=2668.7MB, cuda_alloc=360.6MB, cuda_reserved=34856.0MB, cuda_peak_alloc=7062.5MB, cuda_free=13111.8MB, cuda_total=48519.1MB
[2026-06-11 15:46:24] Epoch 18 train batch [740/1875] loss=0.1487 avg_loss=0.1574. Resources: rss=2196.7MB, peak_rss=2668.7MB, cuda_alloc=360.6MB, cuda_reserved=34856.0MB, cuda_peak_alloc=7062.5MB, cuda_free=13111.8MB, cuda_total=48519.1MB
[2026-06-11 15:46:29] Epoch 18 train batch [760/1875] loss=0.1201 avg_loss=0.1573. Resources: rss=2196.5MB, peak_rss=2668.7MB, cuda_alloc=360.6MB, cuda_reserved=34856.0MB, cuda_peak_alloc=7062.5MB, cuda_free=13111.8MB, cuda_total=48519.1MB
[2026-06-11 15:46:33] Epoch 18 train batch [780/1875] loss=0.0738 avg_loss=0.1573. Resources: rss=2195.3MB, peak_rss=2668.7MB, cuda_alloc=360.6MB, cuda_reserved=34856.0MB, cuda_peak_alloc=7062.5MB, cuda_free=13111.8MB, cuda_total=48519.1MB
[2026-06-11 15:46:37] Epoch 18 train batch [800/1875] loss=0.1125 avg_loss=0.1579. Resources: rss=2196.0MB, peak_rss=2668.7MB, cuda_alloc=360.6MB, cuda_reserved=42696.0MB, cuda_peak_alloc=7062.5MB, cuda_free=5271.8MB, cuda_total=48519.1MB
[2026-06-11 15:46:42] Epoch 18 train batch [820/1875] loss=0.2073 avg_loss=0.1576. Resources: rss=2196.4MB, peak_rss=2668.7MB, cuda_alloc=360.6MB, cuda_reserved=42696.0MB, cuda_peak_alloc=7062.5MB, cuda_free=5271.8MB, cuda_total=48519.1MB
[2026-06-11 15:46:46] Epoch 18 train batch [840/1875] loss=0.0890 avg_loss=0.1575. Resources: rss=2196.1MB, peak_rss=2668.7MB, cuda_alloc=360.6MB, cuda_reserved=42696.0MB, cuda_peak_alloc=7062.5MB, cuda_free=5271.8MB, cuda_total=48519.1MB
[2026-06-11 15:46:51] Epoch 18 train batch [860/1875] loss=0.2813 avg_loss=0.1576. Resources: rss=2196.7MB, peak_rss=2668.7MB, cuda_alloc=360.6MB, cuda_reserved=42696.0MB, cuda_peak_alloc=7062.5MB, cuda_free=5271.8MB, cuda_total=48519.1MB
[2026-06-11 15:46:55] Epoch 18 train batch [880/1875] loss=0.1191 avg_loss=0.1572. Resources: rss=2196.2MB, peak_rss=2668.7MB, cuda_alloc=360.6MB, cuda_reserved=42696.0MB, cuda_peak_alloc=7062.5MB, cuda_free=5271.8MB, cuda_total=48519.1MB
[2026-06-11 15:47:00] Epoch 18 train batch [900/1875] loss=0.1578 avg_loss=0.1572. Resources: rss=2196.2MB, peak_rss=2668.7MB, cuda_alloc=360.6MB, cuda_reserved=47936.0MB, cuda_peak_alloc=7062.5MB, cuda_free=31.8MB, cuda_total=48519.1MB
[2026-06-11 15:47:06] Epoch 18 train batch [920/1875] loss=0.1365 avg_loss=0.1567. Resources: rss=2198.1MB, peak_rss=2668.7MB, cuda_alloc=360.6MB, cuda_reserved=27076.0MB, cuda_peak_alloc=7062.5MB, cuda_free=20891.8MB, cuda_total=48519.1MB
[2026-06-11 15:47:10] Epoch 18 train batch [940/1875] loss=0.1223 avg_loss=0.1570. Resources: rss=2197.9MB, peak_rss=2668.7MB, cuda_alloc=360.6MB, cuda_reserved=30316.0MB, cuda_peak_alloc=7062.5MB, cuda_free=17651.8MB, cuda_total=48519.1MB
[2026-06-11 15:47:14] Epoch 18 train batch [960/1875] loss=0.0706 avg_loss=0.1564. Resources: rss=2197.0MB, peak_rss=2668.7MB, cuda_alloc=360.6MB, cuda_reserved=32718.0MB, cuda_peak_alloc=7062.5MB, cuda_free=15249.8MB, cuda_total=48519.1MB
[2026-06-11 15:47:19] Epoch 18 train batch [980/1875] loss=0.2991 avg_loss=0.1561. Resources: rss=2198.3MB, peak_rss=2668.7MB, cuda_alloc=360.6MB, cuda_reserved=32718.0MB, cuda_peak_alloc=7062.5MB, cuda_free=15249.8MB, cuda_total=48519.1MB
[2026-06-11 15:47:23] Epoch 18 train batch [1000/1875] loss=0.0720 avg_loss=0.1556. Resources: rss=2198.6MB, peak_rss=2668.7MB, cuda_alloc=360.6MB, cuda_reserved=32718.0MB, cuda_peak_alloc=7062.5MB, cuda_free=15249.8MB, cuda_total=48519.1MB
[2026-06-11 15:47:27] Epoch 18 train batch [1020/1875] loss=0.0236 avg_loss=0.1552. Resources: rss=2199.0MB, peak_rss=2668.7MB, cuda_alloc=351.4MB, cuda_reserved=32718.0MB, cuda_peak_alloc=7062.5MB, cuda_free=15249.8MB, cuda_total=48519.1MB
[2026-06-11 15:47:32] Epoch 18 train batch [1040/1875] loss=0.1430 avg_loss=0.1552. Resources: rss=2198.4MB, peak_rss=2668.7MB, cuda_alloc=360.6MB, cuda_reserved=40318.0MB, cuda_peak_alloc=7062.5MB, cuda_free=7649.8MB, cuda_total=48519.1MB
[2026-06-11 15:47:36] Epoch 18 train batch [1060/1875] loss=0.0920 avg_loss=0.1548. Resources: rss=2198.3MB, peak_rss=2668.7MB, cuda_alloc=360.6MB, cuda_reserved=40318.0MB, cuda_peak_alloc=7062.5MB, cuda_free=7649.8MB, cuda_total=48519.1MB
[2026-06-11 15:47:40] Epoch 18 train batch [1080/1875] loss=0.1259 avg_loss=0.1563. Resources: rss=2198.8MB, peak_rss=2668.7MB, cuda_alloc=360.6MB, cuda_reserved=40318.0MB, cuda_peak_alloc=7062.5MB, cuda_free=7649.8MB, cuda_total=48519.1MB
[2026-06-11 15:47:45] Epoch 18 train batch [1100/1875] loss=0.1547 avg_loss=0.1565. Resources: rss=2196.1MB, peak_rss=2668.7MB, cuda_alloc=360.6MB, cuda_reserved=40318.0MB, cuda_peak_alloc=7062.5MB, cuda_free=7649.8MB, cuda_total=48519.1MB
[2026-06-11 15:47:49] Epoch 18 train batch [1120/1875] loss=0.1944 avg_loss=0.1562. Resources: rss=2196.9MB, peak_rss=2668.7MB, cuda_alloc=360.6MB, cuda_reserved=40318.0MB, cuda_peak_alloc=7062.5MB, cuda_free=7649.8MB, cuda_total=48519.1MB
[2026-06-11 15:47:54] Epoch 18 train batch [1140/1875] loss=0.1134 avg_loss=0.1559. Resources: rss=2197.0MB, peak_rss=2668.7MB, cuda_alloc=360.6MB, cuda_reserved=40318.0MB, cuda_peak_alloc=7062.6MB, cuda_free=7649.8MB, cuda_total=48519.1MB
[2026-06-11 15:47:58] Epoch 18 train batch [1160/1875] loss=0.0999 avg_loss=0.1558. Resources: rss=2197.0MB, peak_rss=2668.7MB, cuda_alloc=360.6MB, cuda_reserved=40318.0MB, cuda_peak_alloc=7062.6MB, cuda_free=7649.8MB, cuda_total=48519.1MB
[2026-06-11 15:48:02] Epoch 18 train batch [1180/1875] loss=0.3299 avg_loss=0.1558. Resources: rss=2197.4MB, peak_rss=2668.7MB, cuda_alloc=360.6MB, cuda_reserved=44898.0MB, cuda_peak_alloc=7062.6MB, cuda_free=3069.8MB, cuda_total=48519.1MB
[2026-06-11 15:48:07] Epoch 18 train batch [1200/1875] loss=0.1268 avg_loss=0.1560. Resources: rss=2197.6MB, peak_rss=2668.7MB, cuda_alloc=360.6MB, cuda_reserved=44898.0MB, cuda_peak_alloc=7062.6MB, cuda_free=3069.8MB, cuda_total=48519.1MB
[2026-06-11 15:48:11] Epoch 18 train batch [1220/1875] loss=0.1741 avg_loss=0.1558. Resources: rss=2197.3MB, peak_rss=2668.7MB, cuda_alloc=360.6MB, cuda_reserved=44898.0MB, cuda_peak_alloc=7063.3MB, cuda_free=3069.8MB, cuda_total=48519.1MB
[2026-06-11 15:48:16] Epoch 18 train batch [1240/1875] loss=0.1055 avg_loss=0.1559. Resources: rss=2198.2MB, peak_rss=2668.7MB, cuda_alloc=360.6MB, cuda_reserved=44898.0MB, cuda_peak_alloc=7063.3MB, cuda_free=3069.8MB, cuda_total=48519.1MB
[2026-06-11 15:48:20] Epoch 18 train batch [1260/1875] loss=0.1119 avg_loss=0.1557. Resources: rss=2198.3MB, peak_rss=2668.7MB, cuda_alloc=360.6MB, cuda_reserved=44898.0MB, cuda_peak_alloc=7063.3MB, cuda_free=3069.8MB, cuda_total=48519.1MB
[2026-06-11 15:48:24] Epoch 18 train batch [1280/1875] loss=0.2599 avg_loss=0.1561. Resources: rss=2197.9MB, peak_rss=2668.7MB, cuda_alloc=360.6MB, cuda_reserved=44898.0MB, cuda_peak_alloc=7063.3MB, cuda_free=3069.8MB, cuda_total=48519.1MB
[2026-06-11 15:48:29] Epoch 18 train batch [1300/1875] loss=0.1653 avg_loss=0.1562. Resources: rss=2197.4MB, peak_rss=2668.7MB, cuda_alloc=360.6MB, cuda_reserved=44898.0MB, cuda_peak_alloc=7063.3MB, cuda_free=332.4MB, cuda_total=48519.1MB
[2026-06-11 15:48:33] Epoch 18 train batch [1320/1875] loss=0.0939 avg_loss=0.1556. Resources: rss=2198.5MB, peak_rss=2668.7MB, cuda_alloc=360.6MB, cuda_reserved=44898.0MB, cuda_peak_alloc=7063.3MB, cuda_free=322.4MB, cuda_total=48519.1MB
[2026-06-11 15:48:38] Epoch 18 train batch [1340/1875] loss=0.0522 avg_loss=0.1557. Resources: rss=2197.6MB, peak_rss=2668.7MB, cuda_alloc=360.6MB, cuda_reserved=44898.0MB, cuda_peak_alloc=7063.3MB, cuda_free=322.4MB, cuda_total=48519.1MB
[2026-06-11 15:48:43] Epoch 18 train batch [1360/1875] loss=0.0994 avg_loss=0.1557. Resources: rss=2197.5MB, peak_rss=2668.7MB, cuda_alloc=360.6MB, cuda_reserved=44898.0MB, cuda_peak_alloc=7063.3MB, cuda_free=324.4MB, cuda_total=48519.1MB
[2026-06-11 15:48:49] Epoch 18 train batch [1380/1875] loss=0.1701 avg_loss=0.1558. Resources: rss=2198.1MB, peak_rss=2668.7MB, cuda_alloc=360.6MB, cuda_reserved=31576.0MB, cuda_peak_alloc=7063.3MB, cuda_free=13644.4MB, cuda_total=48519.1MB
[2026-06-11 15:48:53] Epoch 18 train batch [1400/1875] loss=0.0914 avg_loss=0.1556. Resources: rss=2197.7MB, peak_rss=2668.7MB, cuda_alloc=360.6MB, cuda_reserved=33676.0MB, cuda_peak_alloc=7063.3MB, cuda_free=11502.4MB, cuda_total=48519.1MB
[2026-06-11 15:48:58] Epoch 18 train batch [1420/1875] loss=0.2060 avg_loss=0.1554. Resources: rss=2198.3MB, peak_rss=2668.7MB, cuda_alloc=360.6MB, cuda_reserved=43976.0MB, cuda_peak_alloc=7063.3MB, cuda_free=1202.4MB, cuda_total=48519.1MB
[2026-06-11 15:49:03] Epoch 18 train batch [1440/1875] loss=0.1111 avg_loss=0.1555. Resources: rss=2197.5MB, peak_rss=2668.7MB, cuda_alloc=360.6MB, cuda_reserved=43976.0MB, cuda_peak_alloc=7063.3MB, cuda_free=1244.4MB, cuda_total=48519.1MB
[2026-06-11 15:49:08] Epoch 18 train batch [1460/1875] loss=0.1371 avg_loss=0.1557. Resources: rss=2197.4MB, peak_rss=2668.7MB, cuda_alloc=360.6MB, cuda_reserved=43976.0MB, cuda_peak_alloc=7063.3MB, cuda_free=1244.4MB, cuda_total=48519.1MB
[2026-06-11 15:49:13] Epoch 18 train batch [1480/1875] loss=0.1701 avg_loss=0.1556. Resources: rss=2199.4MB, peak_rss=2668.7MB, cuda_alloc=360.6MB, cuda_reserved=30836.0MB, cuda_peak_alloc=7063.3MB, cuda_free=14384.4MB, cuda_total=48519.1MB
[2026-06-11 15:49:18] Epoch 18 train batch [1500/1875] loss=0.2221 avg_loss=0.1556. Resources: rss=2200.5MB, peak_rss=2668.7MB, cuda_alloc=360.6MB, cuda_reserved=41096.0MB, cuda_peak_alloc=7063.3MB, cuda_free=4080.4MB, cuda_total=48519.1MB
[2026-06-11 15:49:22] Epoch 18 train batch [1520/1875] loss=0.1686 avg_loss=0.1557. Resources: rss=2199.9MB, peak_rss=2668.7MB, cuda_alloc=360.6MB, cuda_reserved=41096.0MB, cuda_peak_alloc=7063.3MB, cuda_free=4122.4MB, cuda_total=48519.1MB
[2026-06-11 15:49:27] Epoch 18 train batch [1540/1875] loss=0.1261 avg_loss=0.1555. Resources: rss=2199.2MB, peak_rss=2668.7MB, cuda_alloc=360.6MB, cuda_reserved=41096.0MB, cuda_peak_alloc=7063.3MB, cuda_free=4080.4MB, cuda_total=48519.1MB
[2026-06-11 15:49:33] Epoch 18 train batch [1560/1875] loss=0.0778 avg_loss=0.1556. Resources: rss=2199.9MB, peak_rss=2668.7MB, cuda_alloc=360.6MB, cuda_reserved=33996.0MB, cuda_peak_alloc=7063.3MB, cuda_free=11180.4MB, cuda_total=48519.1MB
[2026-06-11 15:49:38] Epoch 18 train batch [1580/1875] loss=0.2302 avg_loss=0.1553. Resources: rss=2199.8MB, peak_rss=2668.7MB, cuda_alloc=360.6MB, cuda_reserved=45136.0MB, cuda_peak_alloc=7063.3MB, cuda_free=38.4MB, cuda_total=48519.1MB
[2026-06-11 15:49:45] Epoch 18 train batch [1600/1875] loss=0.0361 avg_loss=0.1549. Resources: rss=2200.2MB, peak_rss=2668.7MB, cuda_alloc=360.6MB, cuda_reserved=5396.0MB, cuda_peak_alloc=7063.3MB, cuda_free=39824.4MB, cuda_total=48519.1MB
[2026-06-11 15:49:50] Epoch 18 train batch [1620/1875] loss=0.1931 avg_loss=0.1550. Resources: rss=2200.3MB, peak_rss=2668.7MB, cuda_alloc=360.6MB, cuda_reserved=33016.0MB, cuda_peak_alloc=7063.3MB, cuda_free=12200.4MB, cuda_total=48519.1MB
[2026-06-11 15:49:55] Epoch 18 train batch [1640/1875] loss=0.0673 avg_loss=0.1548. Resources: rss=2198.2MB, peak_rss=2668.7MB, cuda_alloc=360.6MB, cuda_reserved=42376.0MB, cuda_peak_alloc=7063.3MB, cuda_free=2842.4MB, cuda_total=48519.1MB
[2026-06-11 15:49:59] Epoch 18 train batch [1660/1875] loss=0.1945 avg_loss=0.1550. Resources: rss=2199.8MB, peak_rss=2668.7MB, cuda_alloc=360.6MB, cuda_reserved=42376.0MB, cuda_peak_alloc=7063.3MB, cuda_free=2798.4MB, cuda_total=48519.1MB
[2026-06-11 15:50:04] Epoch 18 train batch [1680/1875] loss=0.1760 avg_loss=0.1548. Resources: rss=2198.8MB, peak_rss=2668.7MB, cuda_alloc=360.6MB, cuda_reserved=42376.0MB, cuda_peak_alloc=7063.3MB, cuda_free=2840.4MB, cuda_total=48519.1MB
[2026-06-11 15:50:08] Epoch 18 train batch [1700/1875] loss=0.0734 avg_loss=0.1547. Resources: rss=2199.7MB, peak_rss=2668.7MB, cuda_alloc=360.6MB, cuda_reserved=42376.0MB, cuda_peak_alloc=7063.3MB, cuda_free=2798.4MB, cuda_total=48519.1MB
[2026-06-11 15:50:13] Epoch 18 train batch [1720/1875] loss=0.1018 avg_loss=0.1546. Resources: rss=2199.8MB, peak_rss=2668.7MB, cuda_alloc=360.6MB, cuda_reserved=42376.0MB, cuda_peak_alloc=7063.3MB, cuda_free=2840.4MB, cuda_total=48519.1MB
[2026-06-11 15:50:18] Epoch 18 train batch [1740/1875] loss=0.2129 avg_loss=0.1547. Resources: rss=2198.4MB, peak_rss=2668.7MB, cuda_alloc=360.6MB, cuda_reserved=42376.0MB, cuda_peak_alloc=7063.3MB, cuda_free=2798.4MB, cuda_total=48519.1MB
[2026-06-11 15:50:22] Epoch 18 train batch [1760/1875] loss=0.2198 avg_loss=0.1546. Resources: rss=2199.8MB, peak_rss=2668.7MB, cuda_alloc=360.6MB, cuda_reserved=43636.0MB, cuda_peak_alloc=7063.3MB, cuda_free=1578.4MB, cuda_total=48519.1MB
[2026-06-11 15:50:27] Epoch 18 train batch [1780/1875] loss=0.0888 avg_loss=0.1547. Resources: rss=2199.7MB, peak_rss=2668.7MB, cuda_alloc=360.6MB, cuda_reserved=43636.0MB, cuda_peak_alloc=7063.3MB, cuda_free=1580.4MB, cuda_total=48519.1MB
[2026-06-11 15:50:33] Epoch 18 train batch [1800/1875] loss=0.1489 avg_loss=0.1549. Resources: rss=2199.6MB, peak_rss=2668.7MB, cuda_alloc=360.6MB, cuda_reserved=28936.0MB, cuda_peak_alloc=7063.3MB, cuda_free=16236.4MB, cuda_total=48519.1MB
[2026-06-11 15:50:38] Epoch 18 train batch [1820/1875] loss=0.0844 avg_loss=0.1549. Resources: rss=2198.6MB, peak_rss=2668.7MB, cuda_alloc=360.6MB, cuda_reserved=39976.0MB, cuda_peak_alloc=7063.3MB, cuda_free=5196.4MB, cuda_total=48519.1MB
[2026-06-11 15:50:43] Epoch 18 train batch [1840/1875] loss=0.0878 avg_loss=0.1546. Resources: rss=2199.3MB, peak_rss=2668.7MB, cuda_alloc=360.6MB, cuda_reserved=39976.0MB, cuda_peak_alloc=7063.3MB, cuda_free=5196.4MB, cuda_total=48519.1MB
[2026-06-11 15:50:47] Epoch 18 train batch [1860/1875] loss=0.0881 avg_loss=0.1546. Resources: rss=2198.8MB, peak_rss=2668.7MB, cuda_alloc=360.6MB, cuda_reserved=39976.0MB, cuda_peak_alloc=7063.3MB, cuda_free=5196.4MB, cuda_total=48519.1MB
[2026-06-11 15:50:51] Epoch 18 train batch [1875/1875] loss=0.5081 avg_loss=0.1547. Resources: rss=2200.2MB, peak_rss=2668.7MB, cuda_alloc=360.6MB, cuda_reserved=8996.0MB, cuda_peak_alloc=7063.3MB, cuda_free=38971.8MB, cuda_total=48519.1MB
[2026-06-11 15:50:51] Epoch 18 training completed. Resources: rss=2192.0MB, peak_rss=2668.7MB, cuda_alloc=360.6MB, cuda_reserved=8996.0MB, cuda_peak_alloc=7063.3MB, cuda_free=38971.8MB, cuda_total=48519.1MB
[2026-06-11 15:50:52] Epoch 18 cache released before validation loss. Resources: rss=2190.1MB, peak_rss=2668.7MB, cuda_alloc=360.6MB, cuda_reserved=500.0MB, cuda_peak_alloc=360.6MB, cuda_free=47467.8MB, cuda_total=48519.1MB
[2026-06-11 15:51:24] Epoch 18 validation loss completed: 0.5100. Resources: rss=2189.2MB, peak_rss=2668.7MB, cuda_alloc=360.6MB, cuda_reserved=14226.0MB, cuda_peak_alloc=2034.0MB, cuda_free=33741.8MB, cuda_total=48519.1MB
[2026-06-11 15:51:25] Epoch 18 cache released before detection metrics. Resources: rss=2189.0MB, peak_rss=2668.7MB, cuda_alloc=360.6MB, cuda_reserved=500.0MB, cuda_peak_alloc=360.6MB, cuda_free=47467.8MB, cuda_total=48519.1MB
[2026-06-11 15:52:00] Epoch 18 prediction tensors moved to CPU. Computing metrics. Resources: rss=2188.0MB, peak_rss=2668.7MB, cuda_alloc=360.6MB, cuda_reserved=500.0MB, cuda_peak_alloc=360.6MB, cuda_free=47467.8MB, cuda_total=48519.1MB
[2026-06-11 15:52:00] Epoch 18 metrics computed (mAP@0.5 only). Saving artifacts. Resources: rss=2189.2MB, peak_rss=2668.7MB, cuda_alloc=360.6MB, cuda_reserved=500.0MB, cuda_peak_alloc=360.6MB, cuda_free=47467.8MB, cuda_total=48519.1MB
[2026-06-11 15:52:01] Epoch 18 improved mAP@0.5 to 0.7647. Saved best checkpoint: best_model-20260611-131215.pth. Resources: rss=2436.7MB, peak_rss=2668.7MB, cuda_alloc=360.6MB, cuda_reserved=500.0MB, cuda_peak_alloc=360.6MB, cuda_free=47467.8MB, cuda_total=48519.1MB
Epoch [18/50]
├── Train Loss : 0.1547
│   ├── loss_classifier  : 0.0808
│   ├── loss_box_reg     : 0.0739
│   ├── loss_objectness  : 0.0000
│   └── loss_rpn_box_reg : 0.0000
├── Val Loss   : 0.5100
├── mAP@0.5    : 0.7647
├── mAP@0.75   : n/a
├── mAP@0.5:0.95 : n/a
├── Precision  : 0.0967
├── Recall     : 0.9184
├── GT Boxes   : 2021
├── Predictions: 19197
├── Per-class AP
│   ├── person  : AP50=0.8234, AP75=n/a, AP50:95=n/a, P=0.1234, R=0.9339
│   ├── car     : AP50=0.7730, AP75=n/a, AP50:95=n/a, P=0.0829, R=0.9293
│   ├── dog     : AP50=0.8389, AP75=n/a, AP50:95=n/a, P=0.0986, R=0.9369
│   ├── cat     : AP50=0.8733, AP75=n/a, AP50:95=n/a, P=0.1362, R=0.9602
│   └── chair   : AP50=0.5152, AP75=n/a, AP50:95=n/a, P=0.0485, R=0.8085
├── LR         : 0.000780
└── Time       : 504.3s
[2026-06-11 15:52:01] Epoch [18/50] completed. Resources: rss=2187.8MB, peak_rss=2668.7MB, cuda_alloc=360.6MB, cuda_reserved=500.0MB, cuda_peak_alloc=360.6MB, cuda_free=47467.8MB, cuda_total=48519.1MB
[2026-06-11 15:52:01] Epoch [19/50] started. Resources: rss=2187.8MB, peak_rss=2668.7MB, cuda_alloc=360.6MB, cuda_reserved=500.0MB, cuda_peak_alloc=360.6MB, cuda_free=47467.8MB, cuda_total=48519.1MB
[2026-06-11 15:52:07] Epoch 19 train batch [20/1875] loss=0.1490 avg_loss=0.1472. Resources: rss=2198.8MB, peak_rss=2668.7MB, cuda_alloc=360.6MB, cuda_reserved=24956.0MB, cuda_peak_alloc=7061.9MB, cuda_free=23011.8MB, cuda_total=48519.1MB
[2026-06-11 15:52:11] Epoch 19 train batch [40/1875] loss=0.0646 avg_loss=0.1326. Resources: rss=2197.4MB, peak_rss=2668.7MB, cuda_alloc=360.6MB, cuda_reserved=38636.0MB, cuda_peak_alloc=7061.9MB, cuda_free=9331.8MB, cuda_total=48519.1MB
[2026-06-11 15:52:15] Epoch 19 train batch [60/1875] loss=0.2566 avg_loss=0.1435. Resources: rss=2198.3MB, peak_rss=2668.7MB, cuda_alloc=360.6MB, cuda_reserved=47816.0MB, cuda_peak_alloc=7061.9MB, cuda_free=151.8MB, cuda_total=48519.1MB
[2026-06-11 15:52:21] Epoch 19 train batch [80/1875] loss=0.1254 avg_loss=0.1413. Resources: rss=2198.3MB, peak_rss=2668.7MB, cuda_alloc=360.6MB, cuda_reserved=43556.0MB, cuda_peak_alloc=7061.9MB, cuda_free=4411.8MB, cuda_total=48519.1MB
[2026-06-11 15:52:26] Epoch 19 train batch [100/1875] loss=0.1045 avg_loss=0.1460. Resources: rss=2197.8MB, peak_rss=2668.7MB, cuda_alloc=360.6MB, cuda_reserved=38896.0MB, cuda_peak_alloc=7062.5MB, cuda_free=9071.8MB, cuda_total=48519.1MB
[2026-06-11 15:52:31] Epoch 19 train batch [120/1875] loss=0.1481 avg_loss=0.1436. Resources: rss=2198.8MB, peak_rss=2668.7MB, cuda_alloc=360.6MB, cuda_reserved=45036.0MB, cuda_peak_alloc=7062.5MB, cuda_free=2931.8MB, cuda_total=48519.1MB
[2026-06-11 15:52:36] Epoch 19 train batch [140/1875] loss=0.1532 avg_loss=0.1442. Resources: rss=2199.1MB, peak_rss=2668.7MB, cuda_alloc=360.6MB, cuda_reserved=39696.0MB, cuda_peak_alloc=7062.5MB, cuda_free=8271.8MB, cuda_total=48519.1MB
[2026-06-11 15:52:40] Epoch 19 train batch [160/1875] loss=0.1249 avg_loss=0.1460. Resources: rss=2199.3MB, peak_rss=2668.7MB, cuda_alloc=360.6MB, cuda_reserved=39696.0MB, cuda_peak_alloc=7062.5MB, cuda_free=8271.8MB, cuda_total=48519.1MB
[2026-06-11 15:52:45] Epoch 19 train batch [180/1875] loss=0.1018 avg_loss=0.1464. Resources: rss=2199.4MB, peak_rss=2668.7MB, cuda_alloc=360.6MB, cuda_reserved=47316.0MB, cuda_peak_alloc=7062.5MB, cuda_free=651.8MB, cuda_total=48519.1MB
[2026-06-11 15:52:49] Epoch 19 train batch [200/1875] loss=0.1753 avg_loss=0.1473. Resources: rss=2198.7MB, peak_rss=2668.7MB, cuda_alloc=360.6MB, cuda_reserved=47316.0MB, cuda_peak_alloc=7062.5MB, cuda_free=651.8MB, cuda_total=48519.1MB
[2026-06-11 15:52:53] Epoch 19 train batch [220/1875] loss=0.1365 avg_loss=0.1465. Resources: rss=2199.1MB, peak_rss=2668.7MB, cuda_alloc=360.6MB, cuda_reserved=47316.0MB, cuda_peak_alloc=7062.5MB, cuda_free=651.8MB, cuda_total=48519.1MB
[2026-06-11 15:52:58] Epoch 19 train batch [240/1875] loss=0.0703 avg_loss=0.1463. Resources: rss=2198.9MB, peak_rss=2668.7MB, cuda_alloc=360.6MB, cuda_reserved=47316.0MB, cuda_peak_alloc=7062.5MB, cuda_free=651.8MB, cuda_total=48519.1MB
[2026-06-11 15:53:02] Epoch 19 train batch [260/1875] loss=0.3003 avg_loss=0.1462. Resources: rss=2198.6MB, peak_rss=2668.7MB, cuda_alloc=360.6MB, cuda_reserved=47316.0MB, cuda_peak_alloc=7062.5MB, cuda_free=651.8MB, cuda_total=48519.1MB
[2026-06-11 15:53:06] Epoch 19 train batch [280/1875] loss=0.1739 avg_loss=0.1455. Resources: rss=2199.5MB, peak_rss=2668.7MB, cuda_alloc=360.6MB, cuda_reserved=47316.0MB, cuda_peak_alloc=7062.5MB, cuda_free=651.8MB, cuda_total=48519.1MB
[2026-06-11 15:53:11] Epoch 19 train batch [300/1875] loss=0.0593 avg_loss=0.1449. Resources: rss=2198.9MB, peak_rss=2668.7MB, cuda_alloc=360.6MB, cuda_reserved=47316.0MB, cuda_peak_alloc=7062.5MB, cuda_free=651.8MB, cuda_total=48519.1MB
[2026-06-11 15:53:15] Epoch 19 train batch [320/1875] loss=0.1721 avg_loss=0.1459. Resources: rss=2199.6MB, peak_rss=2668.7MB, cuda_alloc=360.6MB, cuda_reserved=47316.0MB, cuda_peak_alloc=7062.5MB, cuda_free=651.8MB, cuda_total=48519.1MB
[2026-06-11 15:53:19] Epoch 19 train batch [340/1875] loss=0.0835 avg_loss=0.1441. Resources: rss=2199.4MB, peak_rss=2668.7MB, cuda_alloc=360.6MB, cuda_reserved=47316.0MB, cuda_peak_alloc=7062.5MB, cuda_free=651.8MB, cuda_total=48519.1MB
[2026-06-11 15:53:25] Epoch 19 train batch [360/1875] loss=0.0874 avg_loss=0.1444. Resources: rss=2199.2MB, peak_rss=2668.7MB, cuda_alloc=360.6MB, cuda_reserved=32436.0MB, cuda_peak_alloc=7062.5MB, cuda_free=15531.8MB, cuda_total=48519.1MB
[2026-06-11 15:53:30] Epoch 19 train batch [380/1875] loss=0.2117 avg_loss=0.1456. Resources: rss=2199.0MB, peak_rss=2668.7MB, cuda_alloc=360.6MB, cuda_reserved=27096.0MB, cuda_peak_alloc=7062.5MB, cuda_free=20871.8MB, cuda_total=48519.1MB
[2026-06-11 15:53:35] Epoch 19 train batch [400/1875] loss=0.1353 avg_loss=0.1447. Resources: rss=2198.6MB, peak_rss=2668.7MB, cuda_alloc=360.6MB, cuda_reserved=30716.0MB, cuda_peak_alloc=7062.5MB, cuda_free=17251.8MB, cuda_total=48519.1MB
[2026-06-11 15:53:39] Epoch 19 train batch [420/1875] loss=0.0526 avg_loss=0.1438. Resources: rss=2199.1MB, peak_rss=2668.7MB, cuda_alloc=360.6MB, cuda_reserved=34436.0MB, cuda_peak_alloc=7062.6MB, cuda_free=13531.8MB, cuda_total=48519.1MB
[2026-06-11 15:53:45] Epoch 19 train batch [440/1875] loss=0.0991 avg_loss=0.1427. Resources: rss=2199.0MB, peak_rss=2668.7MB, cuda_alloc=360.6MB, cuda_reserved=5536.0MB, cuda_peak_alloc=7062.6MB, cuda_free=42431.8MB, cuda_total=48519.1MB
[2026-06-11 15:53:50] Epoch 19 train batch [460/1875] loss=0.1462 avg_loss=0.1428. Resources: rss=2198.6MB, peak_rss=2668.7MB, cuda_alloc=360.6MB, cuda_reserved=40916.0MB, cuda_peak_alloc=7062.6MB, cuda_free=7051.8MB, cuda_total=48519.1MB
[2026-06-11 15:53:54] Epoch 19 train batch [480/1875] loss=0.0865 avg_loss=0.1441. Resources: rss=2198.1MB, peak_rss=2668.7MB, cuda_alloc=360.6MB, cuda_reserved=40916.0MB, cuda_peak_alloc=7062.6MB, cuda_free=7051.8MB, cuda_total=48519.1MB
[2026-06-11 15:53:59] Epoch 19 train batch [500/1875] loss=0.1452 avg_loss=0.1448. Resources: rss=2198.6MB, peak_rss=2668.7MB, cuda_alloc=360.6MB, cuda_reserved=47216.0MB, cuda_peak_alloc=7062.6MB, cuda_free=751.8MB, cuda_total=48519.1MB
[2026-06-11 15:54:05] Epoch 19 train batch [520/1875] loss=0.1427 avg_loss=0.1448. Resources: rss=2199.1MB, peak_rss=2668.7MB, cuda_alloc=360.6MB, cuda_reserved=13996.0MB, cuda_peak_alloc=7062.6MB, cuda_free=33971.8MB, cuda_total=48519.1MB
[2026-06-11 15:54:09] Epoch 19 train batch [540/1875] loss=0.1630 avg_loss=0.1447. Resources: rss=2199.7MB, peak_rss=2668.7MB, cuda_alloc=360.6MB, cuda_reserved=43336.0MB, cuda_peak_alloc=7062.6MB, cuda_free=4631.8MB, cuda_total=48519.1MB
[2026-06-11 15:54:13] Epoch 19 train batch [560/1875] loss=0.1643 avg_loss=0.1444. Resources: rss=2199.4MB, peak_rss=2668.7MB, cuda_alloc=360.6MB, cuda_reserved=43336.0MB, cuda_peak_alloc=7062.6MB, cuda_free=4631.8MB, cuda_total=48519.1MB
[2026-06-11 15:54:18] Epoch 19 train batch [580/1875] loss=0.0809 avg_loss=0.1445. Resources: rss=2199.5MB, peak_rss=2668.7MB, cuda_alloc=360.6MB, cuda_reserved=9336.0MB, cuda_peak_alloc=7062.6MB, cuda_free=38631.8MB, cuda_total=48519.1MB
[2026-06-11 15:54:23] Epoch 19 train batch [600/1875] loss=0.1031 avg_loss=0.1440. Resources: rss=2200.4MB, peak_rss=2668.7MB, cuda_alloc=360.6MB, cuda_reserved=29456.0MB, cuda_peak_alloc=7062.6MB, cuda_free=18511.8MB, cuda_total=48519.1MB
[2026-06-11 15:54:28] Epoch 19 train batch [620/1875] loss=0.0774 avg_loss=0.1442. Resources: rss=2201.6MB, peak_rss=2668.7MB, cuda_alloc=360.6MB, cuda_reserved=33276.0MB, cuda_peak_alloc=7062.6MB, cuda_free=14691.8MB, cuda_total=48519.1MB
[2026-06-11 15:54:32] Epoch 19 train batch [640/1875] loss=0.1154 avg_loss=0.1439. Resources: rss=2201.4MB, peak_rss=2668.7MB, cuda_alloc=360.6MB, cuda_reserved=38236.0MB, cuda_peak_alloc=7062.6MB, cuda_free=9731.8MB, cuda_total=48519.1MB
[2026-06-11 15:54:37] Epoch 19 train batch [660/1875] loss=0.0470 avg_loss=0.1435. Resources: rss=2201.6MB, peak_rss=2668.7MB, cuda_alloc=360.6MB, cuda_reserved=39156.0MB, cuda_peak_alloc=7062.6MB, cuda_free=8811.8MB, cuda_total=48519.1MB
[2026-06-11 15:54:41] Epoch 19 train batch [680/1875] loss=0.1393 avg_loss=0.1430. Resources: rss=2202.0MB, peak_rss=2668.7MB, cuda_alloc=360.6MB, cuda_reserved=39156.0MB, cuda_peak_alloc=7062.6MB, cuda_free=8811.8MB, cuda_total=48519.1MB
[2026-06-11 15:54:45] Epoch 19 train batch [700/1875] loss=0.1400 avg_loss=0.1427. Resources: rss=2201.9MB, peak_rss=2668.7MB, cuda_alloc=360.6MB, cuda_reserved=39156.0MB, cuda_peak_alloc=7062.6MB, cuda_free=8811.8MB, cuda_total=48519.1MB
[2026-06-11 15:54:50] Epoch 19 train batch [720/1875] loss=0.1479 avg_loss=0.1425. Resources: rss=2200.7MB, peak_rss=2668.7MB, cuda_alloc=360.6MB, cuda_reserved=42536.0MB, cuda_peak_alloc=7062.6MB, cuda_free=5431.8MB, cuda_total=48519.1MB
[2026-06-11 15:54:55] Epoch 19 train batch [740/1875] loss=0.1267 avg_loss=0.1435. Resources: rss=2202.7MB, peak_rss=2668.7MB, cuda_alloc=360.6MB, cuda_reserved=46416.0MB, cuda_peak_alloc=7062.6MB, cuda_free=1551.8MB, cuda_total=48519.1MB
[2026-06-11 15:55:00] Epoch 19 train batch [760/1875] loss=0.1087 avg_loss=0.1435. Resources: rss=2202.2MB, peak_rss=2668.7MB, cuda_alloc=360.6MB, cuda_reserved=37016.0MB, cuda_peak_alloc=7062.6MB, cuda_free=10951.8MB, cuda_total=48519.1MB
[2026-06-11 15:55:05] Epoch 19 train batch [780/1875] loss=0.1893 avg_loss=0.1455. Resources: rss=2202.2MB, peak_rss=2668.7MB, cuda_alloc=360.6MB, cuda_reserved=38116.0MB, cuda_peak_alloc=7062.6MB, cuda_free=9851.8MB, cuda_total=48519.1MB
[2026-06-11 15:55:09] Epoch 19 train batch [800/1875] loss=0.0778 avg_loss=0.1457. Resources: rss=2202.5MB, peak_rss=2668.7MB, cuda_alloc=360.6MB, cuda_reserved=38116.0MB, cuda_peak_alloc=7062.6MB, cuda_free=9851.8MB, cuda_total=48519.1MB
[2026-06-11 15:55:13] Epoch 19 train batch [820/1875] loss=0.1329 avg_loss=0.1460. Resources: rss=2201.4MB, peak_rss=2668.7MB, cuda_alloc=360.6MB, cuda_reserved=38116.0MB, cuda_peak_alloc=7062.6MB, cuda_free=9851.8MB, cuda_total=48519.1MB
[2026-06-11 15:55:18] Epoch 19 train batch [840/1875] loss=0.1352 avg_loss=0.1457. Resources: rss=2202.8MB, peak_rss=2668.7MB, cuda_alloc=360.6MB, cuda_reserved=35476.0MB, cuda_peak_alloc=7062.6MB, cuda_free=12491.8MB, cuda_total=48519.1MB
[2026-06-11 15:55:25] Epoch 19 train batch [860/1875] loss=0.1525 avg_loss=0.1459. Resources: rss=2203.8MB, peak_rss=2668.7MB, cuda_alloc=360.6MB, cuda_reserved=24436.0MB, cuda_peak_alloc=7062.6MB, cuda_free=23531.8MB, cuda_total=48519.1MB
[2026-06-11 15:55:30] Epoch 19 train batch [880/1875] loss=0.0775 avg_loss=0.1461. Resources: rss=2200.4MB, peak_rss=2668.7MB, cuda_alloc=360.6MB, cuda_reserved=23676.0MB, cuda_peak_alloc=7062.6MB, cuda_free=24291.8MB, cuda_total=48519.1MB
[2026-06-11 15:55:34] Epoch 19 train batch [900/1875] loss=0.1298 avg_loss=0.1460. Resources: rss=2202.6MB, peak_rss=2668.7MB, cuda_alloc=360.6MB, cuda_reserved=36396.0MB, cuda_peak_alloc=7062.6MB, cuda_free=11571.8MB, cuda_total=48519.1MB
[2026-06-11 15:55:38] Epoch 19 train batch [920/1875] loss=0.1173 avg_loss=0.1455. Resources: rss=2203.0MB, peak_rss=2668.7MB, cuda_alloc=360.6MB, cuda_reserved=47556.0MB, cuda_peak_alloc=7062.6MB, cuda_free=411.8MB, cuda_total=48519.1MB
[2026-06-11 15:55:43] Epoch 19 train batch [940/1875] loss=0.1341 avg_loss=0.1455. Resources: rss=2202.2MB, peak_rss=2668.7MB, cuda_alloc=360.6MB, cuda_reserved=47556.0MB, cuda_peak_alloc=7062.6MB, cuda_free=411.8MB, cuda_total=48519.1MB
[2026-06-11 15:55:47] Epoch 19 train batch [960/1875] loss=0.1385 avg_loss=0.1456. Resources: rss=2202.5MB, peak_rss=2668.7MB, cuda_alloc=360.6MB, cuda_reserved=47556.0MB, cuda_peak_alloc=7062.6MB, cuda_free=411.8MB, cuda_total=48519.1MB
[2026-06-11 15:55:52] Epoch 19 train batch [980/1875] loss=0.1521 avg_loss=0.1458. Resources: rss=2202.9MB, peak_rss=2668.7MB, cuda_alloc=360.6MB, cuda_reserved=47636.0MB, cuda_peak_alloc=7062.6MB, cuda_free=331.8MB, cuda_total=48519.1MB
[2026-06-11 15:55:57] Epoch 19 train batch [1000/1875] loss=0.1049 avg_loss=0.1452. Resources: rss=2203.5MB, peak_rss=2668.7MB, cuda_alloc=360.6MB, cuda_reserved=41116.0MB, cuda_peak_alloc=7062.6MB, cuda_free=6851.8MB, cuda_total=48519.1MB
[2026-06-11 15:56:03] Epoch 19 train batch [1020/1875] loss=0.1102 avg_loss=0.1452. Resources: rss=2203.0MB, peak_rss=2668.7MB, cuda_alloc=360.6MB, cuda_reserved=8436.0MB, cuda_peak_alloc=7062.6MB, cuda_free=39531.8MB, cuda_total=48519.1MB
[2026-06-11 15:56:07] Epoch 19 train batch [1040/1875] loss=0.0933 avg_loss=0.1447. Resources: rss=2202.4MB, peak_rss=2668.7MB, cuda_alloc=360.6MB, cuda_reserved=41096.0MB, cuda_peak_alloc=7062.6MB, cuda_free=6871.8MB, cuda_total=48519.1MB
[2026-06-11 15:56:12] Epoch 19 train batch [1060/1875] loss=0.1163 avg_loss=0.1448. Resources: rss=2202.9MB, peak_rss=2668.7MB, cuda_alloc=360.6MB, cuda_reserved=41096.0MB, cuda_peak_alloc=7062.6MB, cuda_free=6871.8MB, cuda_total=48519.1MB
[2026-06-11 15:56:16] Epoch 19 train batch [1080/1875] loss=0.0946 avg_loss=0.1448. Resources: rss=2201.8MB, peak_rss=2668.7MB, cuda_alloc=360.6MB, cuda_reserved=41096.0MB, cuda_peak_alloc=7062.6MB, cuda_free=6871.8MB, cuda_total=48519.1MB
[2026-06-11 15:56:21] Epoch 19 train batch [1100/1875] loss=0.1007 avg_loss=0.1450. Resources: rss=2203.4MB, peak_rss=2668.7MB, cuda_alloc=360.6MB, cuda_reserved=41096.0MB, cuda_peak_alloc=7062.6MB, cuda_free=6871.8MB, cuda_total=48519.1MB
[2026-06-11 15:56:25] Epoch 19 train batch [1120/1875] loss=0.1191 avg_loss=0.1450. Resources: rss=2203.2MB, peak_rss=2668.7MB, cuda_alloc=360.6MB, cuda_reserved=41096.0MB, cuda_peak_alloc=7062.6MB, cuda_free=6871.8MB, cuda_total=48519.1MB
[2026-06-11 15:56:30] Epoch 19 train batch [1140/1875] loss=0.0902 avg_loss=0.1449. Resources: rss=2201.2MB, peak_rss=2668.7MB, cuda_alloc=360.6MB, cuda_reserved=41096.0MB, cuda_peak_alloc=7062.6MB, cuda_free=6871.8MB, cuda_total=48519.1MB
[2026-06-11 15:56:34] Epoch 19 train batch [1160/1875] loss=0.1562 avg_loss=0.1448. Resources: rss=2200.5MB, peak_rss=2668.7MB, cuda_alloc=360.6MB, cuda_reserved=41096.0MB, cuda_peak_alloc=7062.6MB, cuda_free=6871.8MB, cuda_total=48519.1MB
[2026-06-11 15:56:38] Epoch 19 train batch [1180/1875] loss=0.1477 avg_loss=0.1450. Resources: rss=2202.0MB, peak_rss=2668.7MB, cuda_alloc=360.6MB, cuda_reserved=41096.0MB, cuda_peak_alloc=7062.6MB, cuda_free=6871.8MB, cuda_total=48519.1MB
[2026-06-11 15:56:43] Epoch 19 train batch [1200/1875] loss=0.1056 avg_loss=0.1450. Resources: rss=2202.0MB, peak_rss=2668.7MB, cuda_alloc=360.6MB, cuda_reserved=41096.0MB, cuda_peak_alloc=7062.6MB, cuda_free=6871.8MB, cuda_total=48519.1MB
[2026-06-11 15:56:47] Epoch 19 train batch [1220/1875] loss=0.1145 avg_loss=0.1448. Resources: rss=2202.1MB, peak_rss=2668.7MB, cuda_alloc=360.6MB, cuda_reserved=41096.0MB, cuda_peak_alloc=7062.6MB, cuda_free=6871.8MB, cuda_total=48519.1MB
[2026-06-11 15:56:52] Epoch 19 train batch [1240/1875] loss=0.1149 avg_loss=0.1448. Resources: rss=2201.0MB, peak_rss=2668.7MB, cuda_alloc=360.6MB, cuda_reserved=41096.0MB, cuda_peak_alloc=7062.6MB, cuda_free=6871.8MB, cuda_total=48519.1MB
[2026-06-11 15:56:56] Epoch 19 train batch [1260/1875] loss=0.1851 avg_loss=0.1450. Resources: rss=2201.5MB, peak_rss=2668.7MB, cuda_alloc=360.6MB, cuda_reserved=41096.0MB, cuda_peak_alloc=7062.6MB, cuda_free=6871.8MB, cuda_total=48519.1MB
[2026-06-11 15:57:00] Epoch 19 train batch [1280/1875] loss=0.2102 avg_loss=0.1447. Resources: rss=2201.3MB, peak_rss=2668.7MB, cuda_alloc=360.6MB, cuda_reserved=41096.0MB, cuda_peak_alloc=7062.6MB, cuda_free=6871.8MB, cuda_total=48519.1MB
[2026-06-11 15:57:05] Epoch 19 train batch [1300/1875] loss=0.1741 avg_loss=0.1448. Resources: rss=2201.9MB, peak_rss=2668.7MB, cuda_alloc=360.6MB, cuda_reserved=41096.0MB, cuda_peak_alloc=7062.6MB, cuda_free=6871.8MB, cuda_total=48519.1MB
[2026-06-11 15:57:09] Epoch 19 train batch [1320/1875] loss=0.2311 avg_loss=0.1447. Resources: rss=2202.0MB, peak_rss=2668.7MB, cuda_alloc=360.6MB, cuda_reserved=41096.0MB, cuda_peak_alloc=7062.6MB, cuda_free=6871.8MB, cuda_total=48519.1MB
[2026-06-11 15:57:14] Epoch 19 train batch [1340/1875] loss=0.0879 avg_loss=0.1445. Resources: rss=2202.4MB, peak_rss=2668.7MB, cuda_alloc=360.6MB, cuda_reserved=41096.0MB, cuda_peak_alloc=7062.6MB, cuda_free=6871.8MB, cuda_total=48519.1MB
[2026-06-11 15:57:18] Epoch 19 train batch [1360/1875] loss=0.0822 avg_loss=0.1445. Resources: rss=2201.6MB, peak_rss=2668.7MB, cuda_alloc=360.6MB, cuda_reserved=41096.0MB, cuda_peak_alloc=7062.6MB, cuda_free=6871.8MB, cuda_total=48519.1MB
[2026-06-11 15:57:22] Epoch 19 train batch [1380/1875] loss=0.1016 avg_loss=0.1444. Resources: rss=2201.9MB, peak_rss=2668.7MB, cuda_alloc=360.6MB, cuda_reserved=41096.0MB, cuda_peak_alloc=7062.6MB, cuda_free=6871.8MB, cuda_total=48519.1MB
[2026-06-11 15:57:26] Epoch 19 train batch [1400/1875] loss=0.1645 avg_loss=0.1445. Resources: rss=2202.7MB, peak_rss=2668.7MB, cuda_alloc=360.6MB, cuda_reserved=41096.0MB, cuda_peak_alloc=7062.6MB, cuda_free=6871.8MB, cuda_total=48519.1MB
[2026-06-11 15:57:30] Epoch 19 train batch [1420/1875] loss=0.1933 avg_loss=0.1442. Resources: rss=2202.1MB, peak_rss=2668.7MB, cuda_alloc=360.6MB, cuda_reserved=41836.0MB, cuda_peak_alloc=7062.6MB, cuda_free=6131.8MB, cuda_total=48519.1MB
[2026-06-11 15:57:35] Epoch 19 train batch [1440/1875] loss=0.2011 avg_loss=0.1440. Resources: rss=2202.2MB, peak_rss=2668.7MB, cuda_alloc=360.6MB, cuda_reserved=41836.0MB, cuda_peak_alloc=7062.6MB, cuda_free=6131.8MB, cuda_total=48519.1MB
[2026-06-11 15:57:39] Epoch 19 train batch [1460/1875] loss=0.1457 avg_loss=0.1441. Resources: rss=2201.1MB, peak_rss=2668.7MB, cuda_alloc=360.6MB, cuda_reserved=41836.0MB, cuda_peak_alloc=7062.6MB, cuda_free=6131.8MB, cuda_total=48519.1MB
[2026-06-11 15:57:43] Epoch 19 train batch [1480/1875] loss=0.2013 avg_loss=0.1443. Resources: rss=2200.4MB, peak_rss=2668.7MB, cuda_alloc=360.6MB, cuda_reserved=41836.0MB, cuda_peak_alloc=7062.6MB, cuda_free=6131.8MB, cuda_total=48519.1MB
[2026-06-11 15:57:48] Epoch 19 train batch [1500/1875] loss=0.0655 avg_loss=0.1446. Resources: rss=2202.1MB, peak_rss=2668.7MB, cuda_alloc=360.6MB, cuda_reserved=41836.0MB, cuda_peak_alloc=7062.6MB, cuda_free=6131.8MB, cuda_total=48519.1MB
[2026-06-11 15:57:52] Epoch 19 train batch [1520/1875] loss=0.0652 avg_loss=0.1447. Resources: rss=2201.6MB, peak_rss=2668.7MB, cuda_alloc=360.6MB, cuda_reserved=44136.0MB, cuda_peak_alloc=7062.6MB, cuda_free=3831.8MB, cuda_total=48519.1MB
[2026-06-11 15:57:56] Epoch 19 train batch [1540/1875] loss=0.1714 avg_loss=0.1446. Resources: rss=2201.7MB, peak_rss=2668.7MB, cuda_alloc=360.6MB, cuda_reserved=44136.0MB, cuda_peak_alloc=7062.6MB, cuda_free=3831.8MB, cuda_total=48519.1MB
[2026-06-11 15:58:02] Epoch 19 train batch [1560/1875] loss=0.1247 avg_loss=0.1449. Resources: rss=2203.2MB, peak_rss=2668.7MB, cuda_alloc=360.6MB, cuda_reserved=32556.0MB, cuda_peak_alloc=7062.6MB, cuda_free=15411.8MB, cuda_total=48519.1MB
[2026-06-11 15:58:06] Epoch 19 train batch [1580/1875] loss=0.0331 avg_loss=0.1447. Resources: rss=2202.8MB, peak_rss=2668.7MB, cuda_alloc=360.6MB, cuda_reserved=43196.0MB, cuda_peak_alloc=7062.6MB, cuda_free=4771.8MB, cuda_total=48519.1MB
[2026-06-11 15:58:11] Epoch 19 train batch [1600/1875] loss=0.0907 avg_loss=0.1445. Resources: rss=2202.1MB, peak_rss=2668.7MB, cuda_alloc=360.6MB, cuda_reserved=43196.0MB, cuda_peak_alloc=7062.6MB, cuda_free=4771.8MB, cuda_total=48519.1MB
[2026-06-11 15:58:17] Epoch 19 train batch [1620/1875] loss=0.2026 avg_loss=0.1442. Resources: rss=2203.2MB, peak_rss=2668.7MB, cuda_alloc=360.6MB, cuda_reserved=17116.0MB, cuda_peak_alloc=7062.6MB, cuda_free=30851.8MB, cuda_total=48519.1MB
[2026-06-11 15:58:21] Epoch 19 train batch [1640/1875] loss=0.1402 avg_loss=0.1442. Resources: rss=2204.1MB, peak_rss=2668.7MB, cuda_alloc=360.6MB, cuda_reserved=34376.0MB, cuda_peak_alloc=7062.6MB, cuda_free=13591.8MB, cuda_total=48519.1MB
[2026-06-11 15:58:25] Epoch 19 train batch [1660/1875] loss=0.1156 avg_loss=0.1440. Resources: rss=2203.0MB, peak_rss=2668.7MB, cuda_alloc=360.6MB, cuda_reserved=34376.0MB, cuda_peak_alloc=7062.6MB, cuda_free=13591.8MB, cuda_total=48519.1MB
[2026-06-11 15:58:30] Epoch 19 train batch [1680/1875] loss=0.1195 avg_loss=0.1440. Resources: rss=2202.0MB, peak_rss=2668.7MB, cuda_alloc=360.6MB, cuda_reserved=34376.0MB, cuda_peak_alloc=7062.6MB, cuda_free=13591.8MB, cuda_total=48519.1MB
[2026-06-11 15:58:34] Epoch 19 train batch [1700/1875] loss=0.0935 avg_loss=0.1440. Resources: rss=2202.1MB, peak_rss=2668.7MB, cuda_alloc=360.6MB, cuda_reserved=34376.0MB, cuda_peak_alloc=7062.6MB, cuda_free=13591.8MB, cuda_total=48519.1MB
[2026-06-11 15:58:39] Epoch 19 train batch [1720/1875] loss=0.0989 avg_loss=0.1439. Resources: rss=2202.0MB, peak_rss=2668.7MB, cuda_alloc=360.6MB, cuda_reserved=34376.0MB, cuda_peak_alloc=7062.7MB, cuda_free=13591.8MB, cuda_total=48519.1MB
[2026-06-11 15:58:43] Epoch 19 train batch [1740/1875] loss=0.1357 avg_loss=0.1438. Resources: rss=2201.9MB, peak_rss=2668.7MB, cuda_alloc=360.6MB, cuda_reserved=34376.0MB, cuda_peak_alloc=7062.7MB, cuda_free=13591.8MB, cuda_total=48519.1MB
[2026-06-11 15:58:47] Epoch 19 train batch [1760/1875] loss=0.1009 avg_loss=0.1437. Resources: rss=2202.9MB, peak_rss=2668.7MB, cuda_alloc=360.6MB, cuda_reserved=41816.0MB, cuda_peak_alloc=7062.7MB, cuda_free=6151.8MB, cuda_total=48519.1MB
[2026-06-11 15:58:51] Epoch 19 train batch [1780/1875] loss=0.0784 avg_loss=0.1440. Resources: rss=2201.9MB, peak_rss=2668.7MB, cuda_alloc=360.6MB, cuda_reserved=41816.0MB, cuda_peak_alloc=7062.7MB, cuda_free=6151.8MB, cuda_total=48519.1MB
[2026-06-11 15:58:56] Epoch 19 train batch [1800/1875] loss=0.1766 avg_loss=0.1443. Resources: rss=2200.3MB, peak_rss=2668.7MB, cuda_alloc=360.6MB, cuda_reserved=41816.0MB, cuda_peak_alloc=7062.7MB, cuda_free=6151.8MB, cuda_total=48519.1MB
[2026-06-11 15:59:00] Epoch 19 train batch [1820/1875] loss=0.1086 avg_loss=0.1447. Resources: rss=2201.0MB, peak_rss=2668.7MB, cuda_alloc=360.6MB, cuda_reserved=41816.0MB, cuda_peak_alloc=7062.7MB, cuda_free=6151.8MB, cuda_total=48519.1MB
[2026-06-11 15:59:04] Epoch 19 train batch [1840/1875] loss=0.1641 avg_loss=0.1447. Resources: rss=2201.7MB, peak_rss=2668.7MB, cuda_alloc=360.6MB, cuda_reserved=41816.0MB, cuda_peak_alloc=7062.7MB, cuda_free=6151.8MB, cuda_total=48519.1MB
[2026-06-11 15:59:09] Epoch 19 train batch [1860/1875] loss=0.1188 avg_loss=0.1447. Resources: rss=2201.9MB, peak_rss=2668.7MB, cuda_alloc=360.6MB, cuda_reserved=41816.0MB, cuda_peak_alloc=7062.7MB, cuda_free=6151.8MB, cuda_total=48519.1MB
[2026-06-11 15:59:12] Epoch 19 train batch [1875/1875] loss=0.0647 avg_loss=0.1447. Resources: rss=2201.4MB, peak_rss=2668.7MB, cuda_alloc=360.6MB, cuda_reserved=41816.0MB, cuda_peak_alloc=7062.7MB, cuda_free=6151.8MB, cuda_total=48519.1MB
[2026-06-11 15:59:12] Epoch 19 training completed. Resources: rss=2193.4MB, peak_rss=2668.7MB, cuda_alloc=360.6MB, cuda_reserved=41816.0MB, cuda_peak_alloc=7062.7MB, cuda_free=6151.8MB, cuda_total=48519.1MB
[2026-06-11 15:59:13] Epoch 19 cache released before validation loss. Resources: rss=2193.4MB, peak_rss=2668.7MB, cuda_alloc=360.6MB, cuda_reserved=578.0MB, cuda_peak_alloc=360.6MB, cuda_free=47389.8MB, cuda_total=48519.1MB
[2026-06-11 15:59:46] Epoch 19 validation loss completed: 0.5186. Resources: rss=2194.4MB, peak_rss=2668.7MB, cuda_alloc=360.6MB, cuda_reserved=5846.0MB, cuda_peak_alloc=2034.0MB, cuda_free=42121.8MB, cuda_total=48519.1MB
[2026-06-11 15:59:46] Epoch 19 cache released before detection metrics. Resources: rss=2192.8MB, peak_rss=2668.7MB, cuda_alloc=360.6MB, cuda_reserved=578.0MB, cuda_peak_alloc=360.6MB, cuda_free=47389.8MB, cuda_total=48519.1MB
[2026-06-11 16:00:20] Epoch 19 prediction tensors moved to CPU. Computing metrics. Resources: rss=2191.8MB, peak_rss=2668.7MB, cuda_alloc=360.6MB, cuda_reserved=578.0MB, cuda_peak_alloc=360.6MB, cuda_free=47389.8MB, cuda_total=48519.1MB
[2026-06-11 16:00:20] Epoch 19 metrics computed (mAP@0.5 only). Saving artifacts. Resources: rss=2193.8MB, peak_rss=2668.7MB, cuda_alloc=360.6MB, cuda_reserved=578.0MB, cuda_peak_alloc=360.6MB, cuda_free=47389.8MB, cuda_total=48519.1MB
[2026-06-11 16:00:21] Epoch 19 did not improve mAP@0.5 enough. Early stopping counter: 1/10.
Epoch [19/50]
├── Train Loss : 0.1447
│   ├── loss_classifier  : 0.0756
│   ├── loss_box_reg     : 0.0691
│   ├── loss_objectness  : 0.0000
│   └── loss_rpn_box_reg : 0.0000
├── Val Loss   : 0.5186
├── mAP@0.5    : 0.7638
├── mAP@0.75   : n/a
├── mAP@0.5:0.95 : n/a
├── Precision  : 0.0891
├── Recall     : 0.9213
├── GT Boxes   : 2021
├── Predictions: 20891
├── Per-class AP
│   ├── person  : AP50=0.8283, AP75=n/a, AP50:95=n/a, P=0.1175, R=0.9330
│   ├── car     : AP50=0.7613, AP75=n/a, AP50:95=n/a, P=0.1007, R=0.9258
│   ├── dog     : AP50=0.8295, AP75=n/a, AP50:95=n/a, P=0.0732, R=0.9466
│   ├── cat     : AP50=0.8952, AP75=n/a, AP50:95=n/a, P=0.1017, R=0.9659
│   └── chair   : AP50=0.5045, AP75=n/a, AP50:95=n/a, P=0.0429, R=0.8262
├── LR         : 0.000752
└── Time       : 499.4s
[2026-06-11 16:00:21] Epoch [19/50] completed. Resources: rss=2191.8MB, peak_rss=2668.7MB, cuda_alloc=360.6MB, cuda_reserved=578.0MB, cuda_peak_alloc=360.6MB, cuda_free=47389.8MB, cuda_total=48519.1MB
[2026-06-11 16:00:21] Epoch [20/50] started. Resources: rss=2191.8MB, peak_rss=2668.7MB, cuda_alloc=360.6MB, cuda_reserved=578.0MB, cuda_peak_alloc=360.6MB, cuda_free=47389.8MB, cuda_total=48519.1MB
[2026-06-11 16:00:26] Epoch 20 train batch [20/1875] loss=0.1311 avg_loss=0.1386. Resources: rss=2201.7MB, peak_rss=2668.7MB, cuda_alloc=360.6MB, cuda_reserved=15096.0MB, cuda_peak_alloc=6382.7MB, cuda_free=32871.8MB, cuda_total=48519.1MB
[2026-06-11 16:00:30] Epoch 20 train batch [40/1875] loss=0.1279 avg_loss=0.1415. Resources: rss=2202.7MB, peak_rss=2668.7MB, cuda_alloc=360.6MB, cuda_reserved=26256.0MB, cuda_peak_alloc=6382.7MB, cuda_free=21711.8MB, cuda_total=48519.1MB
[2026-06-11 16:00:35] Epoch 20 train batch [60/1875] loss=0.1906 avg_loss=0.1498. Resources: rss=2201.6MB, peak_rss=2668.7MB, cuda_alloc=360.6MB, cuda_reserved=39256.0MB, cuda_peak_alloc=7061.8MB, cuda_free=8711.8MB, cuda_total=48519.1MB
[2026-06-11 16:00:40] Epoch 20 train batch [80/1875] loss=0.1204 avg_loss=0.1505. Resources: rss=2204.1MB, peak_rss=2668.7MB, cuda_alloc=360.6MB, cuda_reserved=18156.0MB, cuda_peak_alloc=7061.9MB, cuda_free=29811.8MB, cuda_total=48519.1MB
[2026-06-11 16:00:44] Epoch 20 train batch [100/1875] loss=0.1264 avg_loss=0.1489. Resources: rss=2202.6MB, peak_rss=2668.7MB, cuda_alloc=360.6MB, cuda_reserved=31516.0MB, cuda_peak_alloc=7061.9MB, cuda_free=16451.8MB, cuda_total=48519.1MB
[2026-06-11 16:00:49] Epoch 20 train batch [120/1875] loss=0.2087 avg_loss=0.1435. Resources: rss=2203.0MB, peak_rss=2668.7MB, cuda_alloc=360.6MB, cuda_reserved=31516.0MB, cuda_peak_alloc=7061.9MB, cuda_free=16451.8MB, cuda_total=48519.1MB
[2026-06-11 16:00:54] Epoch 20 train batch [140/1875] loss=0.1321 avg_loss=0.1392. Resources: rss=2203.3MB, peak_rss=2668.7MB, cuda_alloc=360.6MB, cuda_reserved=25176.0MB, cuda_peak_alloc=7061.9MB, cuda_free=22791.8MB, cuda_total=48519.1MB
[2026-06-11 16:00:59] Epoch 20 train batch [160/1875] loss=0.1170 avg_loss=0.1357. Resources: rss=2202.5MB, peak_rss=2668.7MB, cuda_alloc=360.6MB, cuda_reserved=22796.0MB, cuda_peak_alloc=7061.9MB, cuda_free=25171.8MB, cuda_total=48519.1MB
[2026-06-11 16:01:03] Epoch 20 train batch [180/1875] loss=0.1180 avg_loss=0.1356. Resources: rss=2202.2MB, peak_rss=2668.7MB, cuda_alloc=360.6MB, cuda_reserved=35976.0MB, cuda_peak_alloc=7061.9MB, cuda_free=11991.8MB, cuda_total=48519.1MB
[2026-06-11 16:01:07] Epoch 20 train batch [200/1875] loss=0.0598 avg_loss=0.1364. Resources: rss=2202.0MB, peak_rss=2668.7MB, cuda_alloc=360.6MB, cuda_reserved=35976.0MB, cuda_peak_alloc=7061.9MB, cuda_free=11991.8MB, cuda_total=48519.1MB
[2026-06-11 16:01:13] Epoch 20 train batch [220/1875] loss=0.1533 avg_loss=0.1370. Resources: rss=2202.5MB, peak_rss=2668.7MB, cuda_alloc=360.6MB, cuda_reserved=14296.0MB, cuda_peak_alloc=7061.9MB, cuda_free=33671.8MB, cuda_total=48519.1MB
[2026-06-11 16:01:17] Epoch 20 train batch [240/1875] loss=0.2109 avg_loss=0.1395. Resources: rss=2202.2MB, peak_rss=2668.7MB, cuda_alloc=360.6MB, cuda_reserved=39476.0MB, cuda_peak_alloc=7062.2MB, cuda_free=8491.8MB, cuda_total=48519.1MB
[2026-06-11 16:01:22] Epoch 20 train batch [260/1875] loss=0.1752 avg_loss=0.1412. Resources: rss=2201.8MB, peak_rss=2668.7MB, cuda_alloc=360.6MB, cuda_reserved=6876.0MB, cuda_peak_alloc=7062.2MB, cuda_free=41091.8MB, cuda_total=48519.1MB
[2026-06-11 16:01:28] Epoch 20 train batch [280/1875] loss=0.2637 avg_loss=0.1420. Resources: rss=2202.3MB, peak_rss=2668.7MB, cuda_alloc=360.6MB, cuda_reserved=34496.0MB, cuda_peak_alloc=7062.2MB, cuda_free=13471.8MB, cuda_total=48519.1MB
[2026-06-11 16:01:33] Epoch 20 train batch [300/1875] loss=0.1266 avg_loss=0.1415. Resources: rss=2203.6MB, peak_rss=2668.7MB, cuda_alloc=360.6MB, cuda_reserved=33336.0MB, cuda_peak_alloc=7062.2MB, cuda_free=14631.8MB, cuda_total=48519.1MB
[2026-06-11 16:01:37] Epoch 20 train batch [320/1875] loss=0.0538 avg_loss=0.1420. Resources: rss=2203.5MB, peak_rss=2668.7MB, cuda_alloc=360.6MB, cuda_reserved=43656.0MB, cuda_peak_alloc=7062.2MB, cuda_free=4311.8MB, cuda_total=48519.1MB
[2026-06-11 16:01:42] Epoch 20 train batch [340/1875] loss=0.1532 avg_loss=0.1412. Resources: rss=2203.5MB, peak_rss=2668.7MB, cuda_alloc=360.6MB, cuda_reserved=43796.0MB, cuda_peak_alloc=7062.2MB, cuda_free=4171.8MB, cuda_total=48519.1MB
[2026-06-11 16:01:46] Epoch 20 train batch [360/1875] loss=0.0409 avg_loss=0.1401. Resources: rss=2202.1MB, peak_rss=2668.7MB, cuda_alloc=360.6MB, cuda_reserved=43796.0MB, cuda_peak_alloc=7062.2MB, cuda_free=4171.8MB, cuda_total=48519.1MB
[2026-06-11 16:01:50] Epoch 20 train batch [380/1875] loss=0.1779 avg_loss=0.1413. Resources: rss=2202.7MB, peak_rss=2668.7MB, cuda_alloc=360.6MB, cuda_reserved=43796.0MB, cuda_peak_alloc=7062.2MB, cuda_free=4171.8MB, cuda_total=48519.1MB
[2026-06-11 16:01:55] Epoch 20 train batch [400/1875] loss=0.2098 avg_loss=0.1402. Resources: rss=2203.3MB, peak_rss=2668.7MB, cuda_alloc=360.6MB, cuda_reserved=43796.0MB, cuda_peak_alloc=7062.2MB, cuda_free=4171.8MB, cuda_total=48519.1MB
[2026-06-11 16:01:59] Epoch 20 train batch [420/1875] loss=0.1320 avg_loss=0.1393. Resources: rss=2202.5MB, peak_rss=2668.7MB, cuda_alloc=360.6MB, cuda_reserved=43796.0MB, cuda_peak_alloc=7062.2MB, cuda_free=4171.8MB, cuda_total=48519.1MB
[2026-06-11 16:02:03] Epoch 20 train batch [440/1875] loss=0.1382 avg_loss=0.1391. Resources: rss=2202.2MB, peak_rss=2668.7MB, cuda_alloc=360.6MB, cuda_reserved=43796.0MB, cuda_peak_alloc=7062.5MB, cuda_free=4171.8MB, cuda_total=48519.1MB
[2026-06-11 16:02:08] Epoch 20 train batch [460/1875] loss=0.3093 avg_loss=0.1392. Resources: rss=2202.1MB, peak_rss=2668.7MB, cuda_alloc=360.6MB, cuda_reserved=43796.0MB, cuda_peak_alloc=7062.5MB, cuda_free=4171.8MB, cuda_total=48519.1MB
[2026-06-11 16:02:12] Epoch 20 train batch [480/1875] loss=0.1603 avg_loss=0.1383. Resources: rss=2202.5MB, peak_rss=2668.7MB, cuda_alloc=360.6MB, cuda_reserved=43796.0MB, cuda_peak_alloc=7062.5MB, cuda_free=4171.8MB, cuda_total=48519.1MB
[2026-06-11 16:02:17] Epoch 20 train batch [500/1875] loss=0.0823 avg_loss=0.1379. Resources: rss=2203.1MB, peak_rss=2668.7MB, cuda_alloc=360.6MB, cuda_reserved=45216.0MB, cuda_peak_alloc=7062.5MB, cuda_free=2751.8MB, cuda_total=48519.1MB
[2026-06-11 16:02:21] Epoch 20 train batch [520/1875] loss=0.0728 avg_loss=0.1368. Resources: rss=2203.7MB, peak_rss=2668.7MB, cuda_alloc=360.6MB, cuda_reserved=45216.0MB, cuda_peak_alloc=7062.5MB, cuda_free=2751.8MB, cuda_total=48519.1MB
[2026-06-11 16:02:25] Epoch 20 train batch [540/1875] loss=0.0965 avg_loss=0.1362. Resources: rss=2203.1MB, peak_rss=2668.7MB, cuda_alloc=360.6MB, cuda_reserved=46256.0MB, cuda_peak_alloc=7062.5MB, cuda_free=1711.8MB, cuda_total=48519.1MB
[2026-06-11 16:02:30] Epoch 20 train batch [560/1875] loss=0.0896 avg_loss=0.1354. Resources: rss=2202.9MB, peak_rss=2668.7MB, cuda_alloc=360.6MB, cuda_reserved=46256.0MB, cuda_peak_alloc=7062.5MB, cuda_free=1711.8MB, cuda_total=48519.1MB
[2026-06-11 16:02:35] Epoch 20 train batch [580/1875] loss=0.1114 avg_loss=0.1350. Resources: rss=2202.6MB, peak_rss=2668.7MB, cuda_alloc=360.6MB, cuda_reserved=45156.0MB, cuda_peak_alloc=7062.5MB, cuda_free=2811.8MB, cuda_total=48519.1MB
[2026-06-11 16:02:40] Epoch 20 train batch [600/1875] loss=0.0864 avg_loss=0.1355. Resources: rss=2202.7MB, peak_rss=2668.7MB, cuda_alloc=360.6MB, cuda_reserved=47796.0MB, cuda_peak_alloc=7062.5MB, cuda_free=171.8MB, cuda_total=48519.1MB
[2026-06-11 16:02:45] Epoch 20 train batch [620/1875] loss=0.0916 avg_loss=0.1354. Resources: rss=2202.8MB, peak_rss=2668.7MB, cuda_alloc=360.6MB, cuda_reserved=22656.0MB, cuda_peak_alloc=7062.5MB, cuda_free=25311.8MB, cuda_total=48519.1MB
[2026-06-11 16:02:50] Epoch 20 train batch [640/1875] loss=0.1362 avg_loss=0.1346. Resources: rss=2202.7MB, peak_rss=2668.7MB, cuda_alloc=360.6MB, cuda_reserved=30396.0MB, cuda_peak_alloc=7062.5MB, cuda_free=17571.8MB, cuda_total=48519.1MB
[2026-06-11 16:02:54] Epoch 20 train batch [660/1875] loss=0.1045 avg_loss=0.1348. Resources: rss=2202.6MB, peak_rss=2668.7MB, cuda_alloc=360.6MB, cuda_reserved=37876.0MB, cuda_peak_alloc=7062.5MB, cuda_free=10091.8MB, cuda_total=48519.1MB
[2026-06-11 16:02:58] Epoch 20 train batch [680/1875] loss=0.1357 avg_loss=0.1347. Resources: rss=2202.8MB, peak_rss=2668.7MB, cuda_alloc=360.6MB, cuda_reserved=37876.0MB, cuda_peak_alloc=7062.5MB, cuda_free=10091.8MB, cuda_total=48519.1MB
[2026-06-11 16:03:03] Epoch 20 train batch [700/1875] loss=0.1330 avg_loss=0.1347. Resources: rss=2202.1MB, peak_rss=2668.7MB, cuda_alloc=360.6MB, cuda_reserved=37876.0MB, cuda_peak_alloc=7062.5MB, cuda_free=10091.8MB, cuda_total=48519.1MB
[2026-06-11 16:03:07] Epoch 20 train batch [720/1875] loss=0.1080 avg_loss=0.1340. Resources: rss=2203.8MB, peak_rss=2668.7MB, cuda_alloc=360.6MB, cuda_reserved=40096.0MB, cuda_peak_alloc=7062.5MB, cuda_free=7871.8MB, cuda_total=48519.1MB
[2026-06-11 16:03:11] Epoch 20 train batch [740/1875] loss=0.1285 avg_loss=0.1345. Resources: rss=2203.4MB, peak_rss=2668.7MB, cuda_alloc=360.6MB, cuda_reserved=40096.0MB, cuda_peak_alloc=7062.5MB, cuda_free=7871.8MB, cuda_total=48519.1MB
[2026-06-11 16:03:16] Epoch 20 train batch [760/1875] loss=0.1257 avg_loss=0.1347. Resources: rss=2202.6MB, peak_rss=2668.7MB, cuda_alloc=360.6MB, cuda_reserved=40096.0MB, cuda_peak_alloc=7062.5MB, cuda_free=7871.8MB, cuda_total=48519.1MB
[2026-06-11 16:03:20] Epoch 20 train batch [780/1875] loss=0.0936 avg_loss=0.1350. Resources: rss=2203.0MB, peak_rss=2668.7MB, cuda_alloc=360.6MB, cuda_reserved=40096.0MB, cuda_peak_alloc=7062.5MB, cuda_free=7871.8MB, cuda_total=48519.1MB
[2026-06-11 16:03:24] Epoch 20 train batch [800/1875] loss=0.2287 avg_loss=0.1347. Resources: rss=2202.9MB, peak_rss=2668.7MB, cuda_alloc=360.6MB, cuda_reserved=40096.0MB, cuda_peak_alloc=7062.5MB, cuda_free=7871.8MB, cuda_total=48519.1MB
[2026-06-11 16:03:29] Epoch 20 train batch [820/1875] loss=0.1791 avg_loss=0.1346. Resources: rss=2203.0MB, peak_rss=2668.7MB, cuda_alloc=360.6MB, cuda_reserved=40096.0MB, cuda_peak_alloc=7062.5MB, cuda_free=7871.8MB, cuda_total=48519.1MB
[2026-06-11 16:03:33] Epoch 20 train batch [840/1875] loss=0.0529 avg_loss=0.1347. Resources: rss=2202.3MB, peak_rss=2668.7MB, cuda_alloc=360.6MB, cuda_reserved=40096.0MB, cuda_peak_alloc=7062.5MB, cuda_free=7871.8MB, cuda_total=48519.1MB
[2026-06-11 16:03:37] Epoch 20 train batch [860/1875] loss=0.0818 avg_loss=0.1347. Resources: rss=2202.5MB, peak_rss=2668.7MB, cuda_alloc=360.6MB, cuda_reserved=40096.0MB, cuda_peak_alloc=7062.5MB, cuda_free=7871.8MB, cuda_total=48519.1MB
[2026-06-11 16:03:41] Epoch 20 train batch [880/1875] loss=0.0629 avg_loss=0.1348. Resources: rss=2203.9MB, peak_rss=2668.7MB, cuda_alloc=360.6MB, cuda_reserved=40096.0MB, cuda_peak_alloc=7062.5MB, cuda_free=7871.8MB, cuda_total=48519.1MB
[2026-06-11 16:03:45] Epoch 20 train batch [900/1875] loss=0.1207 avg_loss=0.1349. Resources: rss=2203.4MB, peak_rss=2668.7MB, cuda_alloc=360.6MB, cuda_reserved=40096.0MB, cuda_peak_alloc=7062.5MB, cuda_free=7871.8MB, cuda_total=48519.1MB
[2026-06-11 16:03:50] Epoch 20 train batch [920/1875] loss=0.3567 avg_loss=0.1350. Resources: rss=2202.9MB, peak_rss=2668.7MB, cuda_alloc=360.6MB, cuda_reserved=41456.0MB, cuda_peak_alloc=7062.5MB, cuda_free=6511.8MB, cuda_total=48519.1MB
[2026-06-11 16:03:54] Epoch 20 train batch [940/1875] loss=0.0584 avg_loss=0.1348. Resources: rss=2203.3MB, peak_rss=2668.7MB, cuda_alloc=360.6MB, cuda_reserved=41456.0MB, cuda_peak_alloc=7062.5MB, cuda_free=6511.8MB, cuda_total=48519.1MB
[2026-06-11 16:03:58] Epoch 20 train batch [960/1875] loss=0.2822 avg_loss=0.1344. Resources: rss=2203.7MB, peak_rss=2668.7MB, cuda_alloc=360.6MB, cuda_reserved=41456.0MB, cuda_peak_alloc=7062.5MB, cuda_free=6511.8MB, cuda_total=48519.1MB
[2026-06-11 16:04:02] Epoch 20 train batch [980/1875] loss=0.0249 avg_loss=0.1337. Resources: rss=2202.8MB, peak_rss=2668.7MB, cuda_alloc=360.6MB, cuda_reserved=41456.0MB, cuda_peak_alloc=7062.5MB, cuda_free=6511.8MB, cuda_total=48519.1MB
[2026-06-11 16:04:06] Epoch 20 train batch [1000/1875] loss=0.1555 avg_loss=0.1336. Resources: rss=2203.8MB, peak_rss=2668.7MB, cuda_alloc=360.6MB, cuda_reserved=41456.0MB, cuda_peak_alloc=7062.5MB, cuda_free=6511.8MB, cuda_total=48519.1MB
[2026-06-11 16:04:11] Epoch 20 train batch [1020/1875] loss=0.2511 avg_loss=0.1341. Resources: rss=2202.4MB, peak_rss=2668.7MB, cuda_alloc=360.6MB, cuda_reserved=41456.0MB, cuda_peak_alloc=7062.5MB, cuda_free=6511.8MB, cuda_total=48519.1MB
[2026-06-11 16:04:15] Epoch 20 train batch [1040/1875] loss=0.0848 avg_loss=0.1338. Resources: rss=2203.0MB, peak_rss=2668.7MB, cuda_alloc=360.6MB, cuda_reserved=41456.0MB, cuda_peak_alloc=7062.5MB, cuda_free=6511.8MB, cuda_total=48519.1MB
[2026-06-11 16:04:20] Epoch 20 train batch [1060/1875] loss=0.2201 avg_loss=0.1342. Resources: rss=2202.9MB, peak_rss=2668.7MB, cuda_alloc=360.6MB, cuda_reserved=41456.0MB, cuda_peak_alloc=7062.5MB, cuda_free=6511.8MB, cuda_total=48519.1MB
[2026-06-11 16:04:24] Epoch 20 train batch [1080/1875] loss=0.1759 avg_loss=0.1341. Resources: rss=2203.1MB, peak_rss=2668.7MB, cuda_alloc=360.6MB, cuda_reserved=41456.0MB, cuda_peak_alloc=7062.5MB, cuda_free=6511.8MB, cuda_total=48519.1MB
[2026-06-11 16:04:29] Epoch 20 train batch [1100/1875] loss=0.0666 avg_loss=0.1340. Resources: rss=2204.1MB, peak_rss=2668.7MB, cuda_alloc=360.6MB, cuda_reserved=41456.0MB, cuda_peak_alloc=7062.5MB, cuda_free=6511.8MB, cuda_total=48519.1MB
[2026-06-11 16:04:34] Epoch 20 train batch [1120/1875] loss=0.0958 avg_loss=0.1334. Resources: rss=2202.6MB, peak_rss=2668.7MB, cuda_alloc=360.6MB, cuda_reserved=10816.0MB, cuda_peak_alloc=7062.5MB, cuda_free=37151.8MB, cuda_total=48519.1MB
[2026-06-11 16:04:39] Epoch 20 train batch [1140/1875] loss=0.1216 avg_loss=0.1340. Resources: rss=2203.8MB, peak_rss=2668.7MB, cuda_alloc=360.6MB, cuda_reserved=43756.0MB, cuda_peak_alloc=7062.5MB, cuda_free=4211.8MB, cuda_total=48519.1MB
[2026-06-11 16:04:43] Epoch 20 train batch [1160/1875] loss=0.0899 avg_loss=0.1338. Resources: rss=2203.4MB, peak_rss=2668.7MB, cuda_alloc=360.6MB, cuda_reserved=43756.0MB, cuda_peak_alloc=7062.5MB, cuda_free=4211.8MB, cuda_total=48519.1MB
[2026-06-11 16:04:48] Epoch 20 train batch [1180/1875] loss=0.0806 avg_loss=0.1339. Resources: rss=2203.6MB, peak_rss=2668.7MB, cuda_alloc=360.6MB, cuda_reserved=10316.0MB, cuda_peak_alloc=7062.5MB, cuda_free=37651.8MB, cuda_total=48519.1MB
[2026-06-11 16:04:54] Epoch 20 train batch [1200/1875] loss=0.1677 avg_loss=0.1342. Resources: rss=2203.3MB, peak_rss=2668.7MB, cuda_alloc=360.6MB, cuda_reserved=13556.0MB, cuda_peak_alloc=7062.5MB, cuda_free=34411.8MB, cuda_total=48519.1MB
[2026-06-11 16:04:58] Epoch 20 train batch [1220/1875] loss=0.0878 avg_loss=0.1341. Resources: rss=2202.6MB, peak_rss=2668.7MB, cuda_alloc=360.6MB, cuda_reserved=37476.0MB, cuda_peak_alloc=7062.5MB, cuda_free=10491.8MB, cuda_total=48519.1MB
[2026-06-11 16:05:03] Epoch 20 train batch [1240/1875] loss=0.2333 avg_loss=0.1340. Resources: rss=2201.8MB, peak_rss=2668.7MB, cuda_alloc=360.6MB, cuda_reserved=37476.0MB, cuda_peak_alloc=7062.5MB, cuda_free=10491.8MB, cuda_total=48519.1MB
[2026-06-11 16:05:08] Epoch 20 train batch [1260/1875] loss=0.2123 avg_loss=0.1340. Resources: rss=2201.9MB, peak_rss=2668.7MB, cuda_alloc=360.6MB, cuda_reserved=37476.0MB, cuda_peak_alloc=7062.5MB, cuda_free=10491.8MB, cuda_total=48519.1MB
[2026-06-11 16:05:12] Epoch 20 train batch [1280/1875] loss=0.1331 avg_loss=0.1340. Resources: rss=2203.1MB, peak_rss=2668.7MB, cuda_alloc=360.6MB, cuda_reserved=37996.0MB, cuda_peak_alloc=7062.5MB, cuda_free=9971.8MB, cuda_total=48519.1MB
[2026-06-11 16:05:16] Epoch 20 train batch [1300/1875] loss=0.1375 avg_loss=0.1342. Resources: rss=2201.5MB, peak_rss=2668.7MB, cuda_alloc=360.6MB, cuda_reserved=37996.0MB, cuda_peak_alloc=7062.5MB, cuda_free=9971.8MB, cuda_total=48519.1MB
[2026-06-11 16:05:22] Epoch 20 train batch [1320/1875] loss=0.1151 avg_loss=0.1342. Resources: rss=2202.7MB, peak_rss=2668.7MB, cuda_alloc=360.6MB, cuda_reserved=46856.0MB, cuda_peak_alloc=7062.5MB, cuda_free=1111.8MB, cuda_total=48519.1MB
[2026-06-11 16:05:28] Epoch 20 train batch [1340/1875] loss=0.1521 avg_loss=0.1341. Resources: rss=2202.6MB, peak_rss=2668.7MB, cuda_alloc=360.6MB, cuda_reserved=19936.0MB, cuda_peak_alloc=7062.5MB, cuda_free=28031.8MB, cuda_total=48519.1MB
[2026-06-11 16:05:32] Epoch 20 train batch [1360/1875] loss=0.3896 avg_loss=0.1343. Resources: rss=2202.1MB, peak_rss=2668.7MB, cuda_alloc=360.6MB, cuda_reserved=32996.0MB, cuda_peak_alloc=7062.5MB, cuda_free=14971.8MB, cuda_total=48519.1MB
[2026-06-11 16:05:37] Epoch 20 train batch [1380/1875] loss=0.1729 avg_loss=0.1344. Resources: rss=2203.5MB, peak_rss=2668.7MB, cuda_alloc=360.6MB, cuda_reserved=35936.0MB, cuda_peak_alloc=7062.5MB, cuda_free=12031.8MB, cuda_total=48519.1MB
[2026-06-11 16:05:41] Epoch 20 train batch [1400/1875] loss=0.0732 avg_loss=0.1344. Resources: rss=2202.6MB, peak_rss=2668.7MB, cuda_alloc=360.6MB, cuda_reserved=39856.0MB, cuda_peak_alloc=7062.5MB, cuda_free=8111.8MB, cuda_total=48519.1MB
[2026-06-11 16:05:45] Epoch 20 train batch [1420/1875] loss=0.1300 avg_loss=0.1347. Resources: rss=2201.6MB, peak_rss=2668.7MB, cuda_alloc=360.6MB, cuda_reserved=42216.0MB, cuda_peak_alloc=7062.5MB, cuda_free=5751.8MB, cuda_total=48519.1MB
[2026-06-11 16:05:50] Epoch 20 train batch [1440/1875] loss=0.1044 avg_loss=0.1345. Resources: rss=2202.5MB, peak_rss=2668.7MB, cuda_alloc=360.6MB, cuda_reserved=42216.0MB, cuda_peak_alloc=7062.5MB, cuda_free=5751.8MB, cuda_total=48519.1MB
[2026-06-11 16:05:54] Epoch 20 train batch [1460/1875] loss=0.1296 avg_loss=0.1344. Resources: rss=2202.1MB, peak_rss=2668.7MB, cuda_alloc=360.6MB, cuda_reserved=43916.0MB, cuda_peak_alloc=7062.5MB, cuda_free=4051.8MB, cuda_total=48519.1MB
[2026-06-11 16:05:59] Epoch 20 train batch [1480/1875] loss=0.0890 avg_loss=0.1341. Resources: rss=2201.6MB, peak_rss=2668.7MB, cuda_alloc=360.6MB, cuda_reserved=43916.0MB, cuda_peak_alloc=7062.5MB, cuda_free=4051.8MB, cuda_total=48519.1MB
[2026-06-11 16:06:03] Epoch 20 train batch [1500/1875] loss=0.0683 avg_loss=0.1340. Resources: rss=2202.7MB, peak_rss=2668.7MB, cuda_alloc=360.6MB, cuda_reserved=43916.0MB, cuda_peak_alloc=7062.5MB, cuda_free=4051.8MB, cuda_total=48519.1MB
[2026-06-11 16:06:07] Epoch 20 train batch [1520/1875] loss=0.1939 avg_loss=0.1340. Resources: rss=2203.4MB, peak_rss=2668.7MB, cuda_alloc=360.6MB, cuda_reserved=43916.0MB, cuda_peak_alloc=7062.5MB, cuda_free=4051.8MB, cuda_total=48519.1MB
[2026-06-11 16:06:13] Epoch 20 train batch [1540/1875] loss=0.0737 avg_loss=0.1340. Resources: rss=2201.5MB, peak_rss=2668.7MB, cuda_alloc=360.6MB, cuda_reserved=33676.0MB, cuda_peak_alloc=7062.5MB, cuda_free=14291.8MB, cuda_total=48519.1MB
[2026-06-11 16:06:18] Epoch 20 train batch [1560/1875] loss=0.0858 avg_loss=0.1345. Resources: rss=2202.4MB, peak_rss=2668.7MB, cuda_alloc=360.6MB, cuda_reserved=27456.0MB, cuda_peak_alloc=7062.5MB, cuda_free=20511.8MB, cuda_total=48519.1MB
[2026-06-11 16:06:23] Epoch 20 train batch [1580/1875] loss=0.1673 avg_loss=0.1346. Resources: rss=2202.2MB, peak_rss=2668.7MB, cuda_alloc=360.6MB, cuda_reserved=42256.0MB, cuda_peak_alloc=7062.5MB, cuda_free=5711.8MB, cuda_total=48519.1MB
[2026-06-11 16:06:29] Epoch 20 train batch [1600/1875] loss=0.3318 avg_loss=0.1350. Resources: rss=2203.0MB, peak_rss=2668.7MB, cuda_alloc=360.6MB, cuda_reserved=32256.0MB, cuda_peak_alloc=7062.5MB, cuda_free=15711.8MB, cuda_total=48519.1MB
[2026-06-11 16:06:34] Epoch 20 train batch [1620/1875] loss=0.1195 avg_loss=0.1351. Resources: rss=2204.3MB, peak_rss=2668.7MB, cuda_alloc=360.6MB, cuda_reserved=7356.0MB, cuda_peak_alloc=7062.5MB, cuda_free=40611.8MB, cuda_total=48519.1MB
[2026-06-11 16:06:38] Epoch 20 train batch [1640/1875] loss=0.2113 avg_loss=0.1355. Resources: rss=2205.0MB, peak_rss=2668.7MB, cuda_alloc=360.6MB, cuda_reserved=32716.0MB, cuda_peak_alloc=7062.5MB, cuda_free=15251.8MB, cuda_total=48519.1MB
[2026-06-11 16:06:42] Epoch 20 train batch [1660/1875] loss=0.1049 avg_loss=0.1355. Resources: rss=2204.1MB, peak_rss=2668.7MB, cuda_alloc=360.6MB, cuda_reserved=32716.0MB, cuda_peak_alloc=7062.5MB, cuda_free=15251.8MB, cuda_total=48519.1MB
[2026-06-11 16:06:47] Epoch 20 train batch [1680/1875] loss=0.1743 avg_loss=0.1356. Resources: rss=2204.1MB, peak_rss=2668.7MB, cuda_alloc=360.6MB, cuda_reserved=32716.0MB, cuda_peak_alloc=7062.5MB, cuda_free=15251.8MB, cuda_total=48519.1MB
[2026-06-11 16:06:51] Epoch 20 train batch [1700/1875] loss=0.1125 avg_loss=0.1355. Resources: rss=2204.6MB, peak_rss=2668.7MB, cuda_alloc=360.6MB, cuda_reserved=35656.0MB, cuda_peak_alloc=7062.5MB, cuda_free=12311.8MB, cuda_total=48519.1MB
[2026-06-11 16:06:55] Epoch 20 train batch [1720/1875] loss=0.2291 avg_loss=0.1355. Resources: rss=2205.9MB, peak_rss=2668.7MB, cuda_alloc=360.6MB, cuda_reserved=35656.0MB, cuda_peak_alloc=7062.5MB, cuda_free=12311.8MB, cuda_total=48519.1MB
[2026-06-11 16:07:00] Epoch 20 train batch [1740/1875] loss=0.0541 avg_loss=0.1354. Resources: rss=2206.5MB, peak_rss=2668.7MB, cuda_alloc=360.6MB, cuda_reserved=41136.0MB, cuda_peak_alloc=7062.5MB, cuda_free=6831.8MB, cuda_total=48519.1MB
[2026-06-11 16:07:05] Epoch 20 train batch [1760/1875] loss=0.2252 avg_loss=0.1351. Resources: rss=2204.8MB, peak_rss=2668.7MB, cuda_alloc=360.6MB, cuda_reserved=41136.0MB, cuda_peak_alloc=7062.5MB, cuda_free=6831.8MB, cuda_total=48519.1MB
[2026-06-11 16:07:09] Epoch 20 train batch [1780/1875] loss=0.1254 avg_loss=0.1354. Resources: rss=2206.2MB, peak_rss=2668.7MB, cuda_alloc=360.6MB, cuda_reserved=43536.0MB, cuda_peak_alloc=7062.5MB, cuda_free=4431.8MB, cuda_total=48519.1MB
[2026-06-11 16:07:13] Epoch 20 train batch [1800/1875] loss=0.1037 avg_loss=0.1352. Resources: rss=2204.4MB, peak_rss=2668.7MB, cuda_alloc=360.6MB, cuda_reserved=43536.0MB, cuda_peak_alloc=7062.5MB, cuda_free=4431.8MB, cuda_total=48519.1MB
[2026-06-11 16:07:17] Epoch 20 train batch [1820/1875] loss=0.2376 avg_loss=0.1356. Resources: rss=2205.4MB, peak_rss=2668.7MB, cuda_alloc=360.6MB, cuda_reserved=43536.0MB, cuda_peak_alloc=7062.5MB, cuda_free=4431.8MB, cuda_total=48519.1MB
[2026-06-11 16:07:22] Epoch 20 train batch [1840/1875] loss=0.1097 avg_loss=0.1353. Resources: rss=2206.2MB, peak_rss=2668.7MB, cuda_alloc=360.6MB, cuda_reserved=43536.0MB, cuda_peak_alloc=7062.5MB, cuda_free=4431.8MB, cuda_total=48519.1MB
[2026-06-11 16:07:26] Epoch 20 train batch [1860/1875] loss=0.0746 avg_loss=0.1353. Resources: rss=2206.2MB, peak_rss=2668.7MB, cuda_alloc=360.6MB, cuda_reserved=43536.0MB, cuda_peak_alloc=7062.5MB, cuda_free=4431.8MB, cuda_total=48519.1MB
[2026-06-11 16:07:29] Epoch 20 train batch [1875/1875] loss=0.1760 avg_loss=0.1354. Resources: rss=2206.5MB, peak_rss=2668.7MB, cuda_alloc=360.6MB, cuda_reserved=43536.0MB, cuda_peak_alloc=7062.5MB, cuda_free=4431.8MB, cuda_total=48519.1MB
[2026-06-11 16:07:29] Epoch 20 training completed. Resources: rss=2198.0MB, peak_rss=2668.7MB, cuda_alloc=360.6MB, cuda_reserved=43536.0MB, cuda_peak_alloc=7062.5MB, cuda_free=4431.8MB, cuda_total=48519.1MB
[2026-06-11 16:07:30] Epoch 20 cache released before validation loss. Resources: rss=2197.1MB, peak_rss=2668.7MB, cuda_alloc=360.6MB, cuda_reserved=500.0MB, cuda_peak_alloc=360.6MB, cuda_free=47467.8MB, cuda_total=48519.1MB
[2026-06-11 16:08:03] Epoch 20 validation loss completed: 0.5139. Resources: rss=2196.7MB, peak_rss=2668.7MB, cuda_alloc=360.6MB, cuda_reserved=5766.0MB, cuda_peak_alloc=2034.0MB, cuda_free=42201.8MB, cuda_total=48519.1MB
[2026-06-11 16:08:03] Epoch 20 cache released before detection metrics. Resources: rss=2195.9MB, peak_rss=2668.7MB, cuda_alloc=360.6MB, cuda_reserved=500.0MB, cuda_peak_alloc=360.6MB, cuda_free=47467.8MB, cuda_total=48519.1MB
[2026-06-11 16:08:38] Epoch 20 prediction tensors moved to CPU. Computing metrics. Resources: rss=2195.4MB, peak_rss=2668.7MB, cuda_alloc=360.6MB, cuda_reserved=500.0MB, cuda_peak_alloc=360.6MB, cuda_free=47467.8MB, cuda_total=48519.1MB
[2026-06-11 16:08:38] Epoch 20 metrics computed (mAP@0.5 only). Saving artifacts. Resources: rss=2197.1MB, peak_rss=2668.7MB, cuda_alloc=360.6MB, cuda_reserved=500.0MB, cuda_peak_alloc=360.6MB, cuda_free=47467.8MB, cuda_total=48519.1MB
[2026-06-11 16:08:41] Epoch 20 improved mAP@0.5 to 0.7713. Saved best checkpoint: best_model-20260611-131215.pth. Resources: rss=2676.6MB, peak_rss=2676.6MB, cuda_alloc=360.6MB, cuda_reserved=500.0MB, cuda_peak_alloc=360.6MB, cuda_free=47467.8MB, cuda_total=48519.1MB
Epoch [20/50]
├── Train Loss : 0.1354
│   ├── loss_classifier  : 0.0699
│   ├── loss_box_reg     : 0.0655
│   ├── loss_objectness  : 0.0000
│   └── loss_rpn_box_reg : 0.0000
├── Val Loss   : 0.5139
├── mAP@0.5    : 0.7713
├── mAP@0.75   : n/a
├── mAP@0.5:0.95 : n/a
├── Precision  : 0.1030
├── Recall     : 0.9179
├── GT Boxes   : 2021
├── Predictions: 18002
├── Per-class AP
│   ├── person  : AP50=0.8262, AP75=n/a, AP50:95=n/a, P=0.1574, R=0.9302
│   ├── car     : AP50=0.7678, AP75=n/a, AP50:95=n/a, P=0.0957, R=0.9152
│   ├── dog     : AP50=0.8504, AP75=n/a, AP50:95=n/a, P=0.0854, R=0.9515
│   ├── cat     : AP50=0.8992, AP75=n/a, AP50:95=n/a, P=0.0949, R=0.9659
│   └── chair   : AP50=0.5131, AP75=n/a, AP50:95=n/a, P=0.0475, R=0.8191
├── LR         : 0.000724
└── Time       : 497.3s
[2026-06-11 16:08:41] Epoch [20/50] completed. Resources: rss=2195.5MB, peak_rss=2676.6MB, cuda_alloc=360.6MB, cuda_reserved=500.0MB, cuda_peak_alloc=360.6MB, cuda_free=47467.8MB, cuda_total=48519.1MB
[2026-06-11 16:08:41] Epoch [21/50] started. Resources: rss=2195.5MB, peak_rss=2676.6MB, cuda_alloc=360.6MB, cuda_reserved=500.0MB, cuda_peak_alloc=360.6MB, cuda_free=47467.8MB, cuda_total=48519.1MB
[2026-06-11 16:08:46] Epoch 21 train batch [20/1875] loss=0.1086 avg_loss=0.1360. Resources: rss=2206.8MB, peak_rss=2676.6MB, cuda_alloc=360.6MB, cuda_reserved=31036.0MB, cuda_peak_alloc=7061.9MB, cuda_free=16931.8MB, cuda_total=48519.1MB
[2026-06-11 16:08:52] Epoch 21 train batch [40/1875] loss=0.0879 avg_loss=0.1338. Resources: rss=2206.9MB, peak_rss=2676.6MB, cuda_alloc=360.6MB, cuda_reserved=5816.0MB, cuda_peak_alloc=7061.9MB, cuda_free=42151.8MB, cuda_total=48519.1MB
[2026-06-11 16:08:57] Epoch 21 train batch [60/1875] loss=0.0947 avg_loss=0.1371. Resources: rss=2206.2MB, peak_rss=2676.6MB, cuda_alloc=360.6MB, cuda_reserved=33656.0MB, cuda_peak_alloc=7061.9MB, cuda_free=14311.8MB, cuda_total=48519.1MB
[2026-06-11 16:09:01] Epoch 21 train batch [80/1875] loss=0.1047 avg_loss=0.1291. Resources: rss=2206.5MB, peak_rss=2676.6MB, cuda_alloc=360.6MB, cuda_reserved=42516.0MB, cuda_peak_alloc=7062.0MB, cuda_free=5451.8MB, cuda_total=48519.1MB
[2026-06-11 16:09:06] Epoch 21 train batch [100/1875] loss=0.2407 avg_loss=0.1307. Resources: rss=2205.6MB, peak_rss=2676.6MB, cuda_alloc=360.6MB, cuda_reserved=32936.0MB, cuda_peak_alloc=7062.0MB, cuda_free=15031.8MB, cuda_total=48519.1MB
[2026-06-11 16:09:11] Epoch 21 train batch [120/1875] loss=0.0904 avg_loss=0.1266. Resources: rss=2206.6MB, peak_rss=2676.6MB, cuda_alloc=360.6MB, cuda_reserved=33356.0MB, cuda_peak_alloc=7062.0MB, cuda_free=14611.8MB, cuda_total=48519.1MB
[2026-06-11 16:09:15] Epoch 21 train batch [140/1875] loss=0.1105 avg_loss=0.1249. Resources: rss=2205.7MB, peak_rss=2676.6MB, cuda_alloc=360.6MB, cuda_reserved=33356.0MB, cuda_peak_alloc=7062.1MB, cuda_free=14611.8MB, cuda_total=48519.1MB
[2026-06-11 16:09:20] Epoch 21 train batch [160/1875] loss=0.1331 avg_loss=0.1250. Resources: rss=2206.0MB, peak_rss=2676.6MB, cuda_alloc=360.6MB, cuda_reserved=44416.0MB, cuda_peak_alloc=7062.1MB, cuda_free=3551.8MB, cuda_total=48519.1MB
[2026-06-11 16:09:25] Epoch 21 train batch [180/1875] loss=0.1369 avg_loss=0.1237. Resources: rss=2206.0MB, peak_rss=2676.6MB, cuda_alloc=360.6MB, cuda_reserved=33196.0MB, cuda_peak_alloc=7062.1MB, cuda_free=14771.8MB, cuda_total=48519.1MB
[2026-06-11 16:09:31] Epoch 21 train batch [200/1875] loss=0.1167 avg_loss=0.1242. Resources: rss=2207.6MB, peak_rss=2676.6MB, cuda_alloc=360.6MB, cuda_reserved=31296.0MB, cuda_peak_alloc=7062.1MB, cuda_free=16671.8MB, cuda_total=48519.1MB
[2026-06-11 16:09:36] Epoch 21 train batch [220/1875] loss=0.1604 avg_loss=0.1241. Resources: rss=2207.9MB, peak_rss=2676.6MB, cuda_alloc=360.6MB, cuda_reserved=45096.0MB, cuda_peak_alloc=7062.6MB, cuda_free=2871.8MB, cuda_total=48519.1MB
[2026-06-11 16:09:42] Epoch 21 train batch [240/1875] loss=0.1022 avg_loss=0.1222. Resources: rss=2207.3MB, peak_rss=2676.6MB, cuda_alloc=360.6MB, cuda_reserved=7216.0MB, cuda_peak_alloc=7062.6MB, cuda_free=40751.8MB, cuda_total=48519.1MB
[2026-06-11 16:09:47] Epoch 21 train batch [260/1875] loss=0.1728 avg_loss=0.1243. Resources: rss=2207.6MB, peak_rss=2676.6MB, cuda_alloc=360.6MB, cuda_reserved=35396.0MB, cuda_peak_alloc=7062.6MB, cuda_free=12571.8MB, cuda_total=48519.1MB
[2026-06-11 16:09:51] Epoch 21 train batch [280/1875] loss=0.0156 avg_loss=0.1246. Resources: rss=2205.9MB, peak_rss=2676.6MB, cuda_alloc=351.4MB, cuda_reserved=35776.0MB, cuda_peak_alloc=7062.6MB, cuda_free=12191.8MB, cuda_total=48519.1MB
[2026-06-11 16:09:55] Epoch 21 train batch [300/1875] loss=0.1831 avg_loss=0.1230. Resources: rss=2207.5MB, peak_rss=2676.6MB, cuda_alloc=360.6MB, cuda_reserved=38136.0MB, cuda_peak_alloc=7062.6MB, cuda_free=9831.8MB, cuda_total=48519.1MB
[2026-06-11 16:10:01] Epoch 21 train batch [320/1875] loss=0.1321 avg_loss=0.1224. Resources: rss=2206.1MB, peak_rss=2676.6MB, cuda_alloc=360.6MB, cuda_reserved=12036.0MB, cuda_peak_alloc=7062.6MB, cuda_free=35931.8MB, cuda_total=48519.1MB
[2026-06-11 16:10:06] Epoch 21 train batch [340/1875] loss=0.2047 avg_loss=0.1239. Resources: rss=2206.1MB, peak_rss=2676.6MB, cuda_alloc=360.6MB, cuda_reserved=27596.0MB, cuda_peak_alloc=7062.6MB, cuda_free=20371.8MB, cuda_total=48519.1MB
[2026-06-11 16:10:12] Epoch 21 train batch [360/1875] loss=0.0996 avg_loss=0.1238. Resources: rss=2205.0MB, peak_rss=2676.6MB, cuda_alloc=360.6MB, cuda_reserved=47756.0MB, cuda_peak_alloc=7062.6MB, cuda_free=211.8MB, cuda_total=48519.1MB
[2026-06-11 16:10:17] Epoch 21 train batch [380/1875] loss=0.1138 avg_loss=0.1227. Resources: rss=2206.6MB, peak_rss=2676.6MB, cuda_alloc=360.6MB, cuda_reserved=22136.0MB, cuda_peak_alloc=7062.6MB, cuda_free=25831.8MB, cuda_total=48519.1MB
[2026-06-11 16:10:21] Epoch 21 train batch [400/1875] loss=0.2583 avg_loss=0.1238. Resources: rss=2207.1MB, peak_rss=2676.6MB, cuda_alloc=360.6MB, cuda_reserved=31256.0MB, cuda_peak_alloc=7062.6MB, cuda_free=16711.8MB, cuda_total=48519.1MB
[2026-06-11 16:10:25] Epoch 21 train batch [420/1875] loss=0.0709 avg_loss=0.1226. Resources: rss=2206.9MB, peak_rss=2676.6MB, cuda_alloc=360.6MB, cuda_reserved=47736.0MB, cuda_peak_alloc=7062.6MB, cuda_free=231.8MB, cuda_total=48519.1MB
[2026-06-11 16:10:31] Epoch 21 train batch [440/1875] loss=0.1009 avg_loss=0.1222. Resources: rss=2206.8MB, peak_rss=2676.6MB, cuda_alloc=360.6MB, cuda_reserved=47776.0MB, cuda_peak_alloc=7062.6MB, cuda_free=191.8MB, cuda_total=48519.1MB
[2026-06-11 16:10:37] Epoch 21 train batch [460/1875] loss=0.0847 avg_loss=0.1226. Resources: rss=2206.7MB, peak_rss=2676.6MB, cuda_alloc=360.6MB, cuda_reserved=34416.0MB, cuda_peak_alloc=7062.6MB, cuda_free=13551.8MB, cuda_total=48519.1MB
[2026-06-11 16:10:42] Epoch 21 train batch [480/1875] loss=0.1209 avg_loss=0.1226. Resources: rss=2206.2MB, peak_rss=2676.6MB, cuda_alloc=360.6MB, cuda_reserved=32256.0MB, cuda_peak_alloc=7062.6MB, cuda_free=15711.8MB, cuda_total=48519.1MB
[2026-06-11 16:10:47] Epoch 21 train batch [500/1875] loss=0.0806 avg_loss=0.1229. Resources: rss=2207.2MB, peak_rss=2676.6MB, cuda_alloc=360.6MB, cuda_reserved=32496.0MB, cuda_peak_alloc=7062.6MB, cuda_free=15471.8MB, cuda_total=48519.1MB
[2026-06-11 16:10:53] Epoch 21 train batch [520/1875] loss=0.1148 avg_loss=0.1236. Resources: rss=2208.0MB, peak_rss=2676.6MB, cuda_alloc=360.6MB, cuda_reserved=24196.0MB, cuda_peak_alloc=7062.6MB, cuda_free=23771.8MB, cuda_total=48519.1MB
[2026-06-11 16:10:58] Epoch 21 train batch [540/1875] loss=0.1318 avg_loss=0.1236. Resources: rss=2207.8MB, peak_rss=2676.6MB, cuda_alloc=360.6MB, cuda_reserved=27256.0MB, cuda_peak_alloc=7062.6MB, cuda_free=20711.8MB, cuda_total=48519.1MB
[2026-06-11 16:11:03] Epoch 21 train batch [560/1875] loss=0.0849 avg_loss=0.1240. Resources: rss=2207.6MB, peak_rss=2676.6MB, cuda_alloc=360.6MB, cuda_reserved=36636.0MB, cuda_peak_alloc=7062.6MB, cuda_free=11331.8MB, cuda_total=48519.1MB
[2026-06-11 16:11:07] Epoch 21 train batch [580/1875] loss=0.1293 avg_loss=0.1245. Resources: rss=2207.0MB, peak_rss=2676.6MB, cuda_alloc=360.6MB, cuda_reserved=36936.0MB, cuda_peak_alloc=7062.6MB, cuda_free=11031.8MB, cuda_total=48519.1MB
[2026-06-11 16:11:13] Epoch 21 train batch [600/1875] loss=0.0362 avg_loss=0.1241. Resources: rss=2206.3MB, peak_rss=2676.6MB, cuda_alloc=360.6MB, cuda_reserved=37176.0MB, cuda_peak_alloc=7062.6MB, cuda_free=10791.8MB, cuda_total=48519.1MB
[2026-06-11 16:11:19] Epoch 21 train batch [620/1875] loss=0.1005 avg_loss=0.1241. Resources: rss=2206.5MB, peak_rss=2676.6MB, cuda_alloc=360.6MB, cuda_reserved=37676.0MB, cuda_peak_alloc=7062.6MB, cuda_free=10291.8MB, cuda_total=48519.1MB
[2026-06-11 16:11:23] Epoch 21 train batch [640/1875] loss=0.1594 avg_loss=0.1244. Resources: rss=2206.7MB, peak_rss=2676.6MB, cuda_alloc=360.6MB, cuda_reserved=40156.0MB, cuda_peak_alloc=7062.6MB, cuda_free=7811.8MB, cuda_total=48519.1MB
[2026-06-11 16:11:28] Epoch 21 train batch [660/1875] loss=0.4136 avg_loss=0.1243. Resources: rss=2205.7MB, peak_rss=2676.6MB, cuda_alloc=360.6MB, cuda_reserved=40156.0MB, cuda_peak_alloc=7062.6MB, cuda_free=7811.8MB, cuda_total=48519.1MB
[2026-06-11 16:11:32] Epoch 21 train batch [680/1875] loss=0.0546 avg_loss=0.1240. Resources: rss=2205.9MB, peak_rss=2676.6MB, cuda_alloc=360.6MB, cuda_reserved=45736.0MB, cuda_peak_alloc=7062.6MB, cuda_free=2231.8MB, cuda_total=48519.1MB
[2026-06-11 16:11:37] Epoch 21 train batch [700/1875] loss=0.1254 avg_loss=0.1242. Resources: rss=2206.9MB, peak_rss=2676.6MB, cuda_alloc=360.6MB, cuda_reserved=33256.0MB, cuda_peak_alloc=7062.6MB, cuda_free=14711.8MB, cuda_total=48519.1MB
[2026-06-11 16:11:43] Epoch 21 train batch [720/1875] loss=0.0615 avg_loss=0.1236. Resources: rss=2206.8MB, peak_rss=2676.6MB, cuda_alloc=360.6MB, cuda_reserved=24696.0MB, cuda_peak_alloc=7062.6MB, cuda_free=23271.8MB, cuda_total=48519.1MB
[2026-06-11 16:11:48] Epoch 21 train batch [740/1875] loss=0.1159 avg_loss=0.1236. Resources: rss=2207.2MB, peak_rss=2676.6MB, cuda_alloc=360.6MB, cuda_reserved=33236.0MB, cuda_peak_alloc=7062.6MB, cuda_free=14731.8MB, cuda_total=48519.1MB
[2026-06-11 16:11:52] Epoch 21 train batch [760/1875] loss=0.2401 avg_loss=0.1236. Resources: rss=2206.6MB, peak_rss=2676.6MB, cuda_alloc=360.6MB, cuda_reserved=33236.0MB, cuda_peak_alloc=7062.6MB, cuda_free=14731.8MB, cuda_total=48519.1MB
[2026-06-11 16:11:56] Epoch 21 train batch [780/1875] loss=0.1608 avg_loss=0.1239. Resources: rss=2206.4MB, peak_rss=2676.6MB, cuda_alloc=360.6MB, cuda_reserved=33236.0MB, cuda_peak_alloc=7062.6MB, cuda_free=14731.8MB, cuda_total=48519.1MB
[2026-06-11 16:12:01] Epoch 21 train batch [800/1875] loss=0.1278 avg_loss=0.1238. Resources: rss=2205.7MB, peak_rss=2676.6MB, cuda_alloc=360.6MB, cuda_reserved=36816.0MB, cuda_peak_alloc=7062.6MB, cuda_free=11151.8MB, cuda_total=48519.1MB
[2026-06-11 16:12:05] Epoch 21 train batch [820/1875] loss=0.0513 avg_loss=0.1236. Resources: rss=2206.3MB, peak_rss=2676.6MB, cuda_alloc=360.6MB, cuda_reserved=38896.0MB, cuda_peak_alloc=7062.6MB, cuda_free=9071.8MB, cuda_total=48519.1MB
[2026-06-11 16:12:09] Epoch 21 train batch [840/1875] loss=0.1462 avg_loss=0.1242. Resources: rss=2206.1MB, peak_rss=2676.6MB, cuda_alloc=360.6MB, cuda_reserved=38896.0MB, cuda_peak_alloc=7062.6MB, cuda_free=9071.8MB, cuda_total=48519.1MB
[2026-06-11 16:12:14] Epoch 21 train batch [860/1875] loss=0.0898 avg_loss=0.1245. Resources: rss=2206.0MB, peak_rss=2676.6MB, cuda_alloc=360.6MB, cuda_reserved=38936.0MB, cuda_peak_alloc=7062.6MB, cuda_free=9031.8MB, cuda_total=48519.1MB
[2026-06-11 16:12:18] Epoch 21 train batch [880/1875] loss=0.2134 avg_loss=0.1248. Resources: rss=2206.3MB, peak_rss=2676.6MB, cuda_alloc=360.6MB, cuda_reserved=38936.0MB, cuda_peak_alloc=7062.6MB, cuda_free=9031.8MB, cuda_total=48519.1MB
[2026-06-11 16:12:22] Epoch 21 train batch [900/1875] loss=0.0857 avg_loss=0.1243. Resources: rss=2205.9MB, peak_rss=2676.6MB, cuda_alloc=360.6MB, cuda_reserved=38936.0MB, cuda_peak_alloc=7062.6MB, cuda_free=9031.8MB, cuda_total=48519.1MB
[2026-06-11 16:12:26] Epoch 21 train batch [920/1875] loss=0.2824 avg_loss=0.1248. Resources: rss=2207.5MB, peak_rss=2676.6MB, cuda_alloc=360.6MB, cuda_reserved=39396.0MB, cuda_peak_alloc=7062.8MB, cuda_free=8571.8MB, cuda_total=48519.1MB
[2026-06-11 16:12:30] Epoch 21 train batch [940/1875] loss=0.0585 avg_loss=0.1246. Resources: rss=2206.9MB, peak_rss=2676.6MB, cuda_alloc=360.6MB, cuda_reserved=46816.0MB, cuda_peak_alloc=7062.8MB, cuda_free=1151.8MB, cuda_total=48519.1MB
[2026-06-11 16:12:36] Epoch 21 train batch [960/1875] loss=0.3520 avg_loss=0.1246. Resources: rss=2206.5MB, peak_rss=2676.6MB, cuda_alloc=360.6MB, cuda_reserved=37656.0MB, cuda_peak_alloc=7062.8MB, cuda_free=10311.8MB, cuda_total=48519.1MB
[2026-06-11 16:12:40] Epoch 21 train batch [980/1875] loss=0.0846 avg_loss=0.1243. Resources: rss=2206.1MB, peak_rss=2676.6MB, cuda_alloc=360.6MB, cuda_reserved=42776.0MB, cuda_peak_alloc=7062.8MB, cuda_free=5191.8MB, cuda_total=48519.1MB
[2026-06-11 16:12:45] Epoch 21 train batch [1000/1875] loss=0.1157 avg_loss=0.1241. Resources: rss=2206.2MB, peak_rss=2676.6MB, cuda_alloc=360.6MB, cuda_reserved=42776.0MB, cuda_peak_alloc=7062.8MB, cuda_free=5191.8MB, cuda_total=48519.1MB
[2026-06-11 16:12:49] Epoch 21 train batch [1020/1875] loss=0.0558 avg_loss=0.1241. Resources: rss=2206.3MB, peak_rss=2676.6MB, cuda_alloc=360.6MB, cuda_reserved=42776.0MB, cuda_peak_alloc=7062.8MB, cuda_free=5191.8MB, cuda_total=48519.1MB
[2026-06-11 16:12:54] Epoch 21 train batch [1040/1875] loss=0.0546 avg_loss=0.1242. Resources: rss=2206.8MB, peak_rss=2676.6MB, cuda_alloc=360.6MB, cuda_reserved=42776.0MB, cuda_peak_alloc=7062.8MB, cuda_free=5191.8MB, cuda_total=48519.1MB
[2026-06-11 16:12:58] Epoch 21 train batch [1060/1875] loss=0.0633 avg_loss=0.1241. Resources: rss=2207.2MB, peak_rss=2676.6MB, cuda_alloc=360.6MB, cuda_reserved=42776.0MB, cuda_peak_alloc=7062.8MB, cuda_free=5191.8MB, cuda_total=48519.1MB
[2026-06-11 16:13:03] Epoch 21 train batch [1080/1875] loss=0.0679 avg_loss=0.1241. Resources: rss=2205.9MB, peak_rss=2676.6MB, cuda_alloc=360.6MB, cuda_reserved=45016.0MB, cuda_peak_alloc=7062.8MB, cuda_free=2951.8MB, cuda_total=48519.1MB
[2026-06-11 16:13:08] Epoch 21 train batch [1100/1875] loss=0.0287 avg_loss=0.1239. Resources: rss=2206.8MB, peak_rss=2676.6MB, cuda_alloc=360.6MB, cuda_reserved=25396.0MB, cuda_peak_alloc=7062.8MB, cuda_free=22571.8MB, cuda_total=48519.1MB
[2026-06-11 16:13:13] Epoch 21 train batch [1120/1875] loss=0.0823 avg_loss=0.1240. Resources: rss=2207.2MB, peak_rss=2676.6MB, cuda_alloc=360.6MB, cuda_reserved=39516.0MB, cuda_peak_alloc=7062.8MB, cuda_free=8451.8MB, cuda_total=48519.1MB
[2026-06-11 16:13:17] Epoch 21 train batch [1140/1875] loss=0.1234 avg_loss=0.1242. Resources: rss=2206.7MB, peak_rss=2676.6MB, cuda_alloc=360.6MB, cuda_reserved=43836.0MB, cuda_peak_alloc=7062.8MB, cuda_free=4131.8MB, cuda_total=48519.1MB
[2026-06-11 16:13:21] Epoch 21 train batch [1160/1875] loss=0.0383 avg_loss=0.1245. Resources: rss=2207.1MB, peak_rss=2676.6MB, cuda_alloc=360.6MB, cuda_reserved=43836.0MB, cuda_peak_alloc=7062.8MB, cuda_free=4131.8MB, cuda_total=48519.1MB
[2026-06-11 16:13:26] Epoch 21 train batch [1180/1875] loss=0.2437 avg_loss=0.1245. Resources: rss=2206.5MB, peak_rss=2676.6MB, cuda_alloc=360.6MB, cuda_reserved=44856.0MB, cuda_peak_alloc=7062.8MB, cuda_free=3111.8MB, cuda_total=48519.1MB
[2026-06-11 16:13:30] Epoch 21 train batch [1200/1875] loss=0.0821 avg_loss=0.1247. Resources: rss=2206.4MB, peak_rss=2676.6MB, cuda_alloc=360.6MB, cuda_reserved=44856.0MB, cuda_peak_alloc=7062.8MB, cuda_free=3111.8MB, cuda_total=48519.1MB
[2026-06-11 16:13:35] Epoch 21 train batch [1220/1875] loss=0.1104 avg_loss=0.1244. Resources: rss=2207.4MB, peak_rss=2676.6MB, cuda_alloc=360.6MB, cuda_reserved=44856.0MB, cuda_peak_alloc=7062.8MB, cuda_free=3111.8MB, cuda_total=48519.1MB
[2026-06-11 16:13:39] Epoch 21 train batch [1240/1875] loss=0.1657 avg_loss=0.1244. Resources: rss=2206.4MB, peak_rss=2676.6MB, cuda_alloc=360.6MB, cuda_reserved=44856.0MB, cuda_peak_alloc=7062.8MB, cuda_free=3111.8MB, cuda_total=48519.1MB
[2026-06-11 16:13:44] Epoch 21 train batch [1260/1875] loss=0.0425 avg_loss=0.1240. Resources: rss=2206.3MB, peak_rss=2676.6MB, cuda_alloc=360.6MB, cuda_reserved=44856.0MB, cuda_peak_alloc=7062.8MB, cuda_free=3111.8MB, cuda_total=48519.1MB
[2026-06-11 16:13:48] Epoch 21 train batch [1280/1875] loss=0.2370 avg_loss=0.1242. Resources: rss=2205.6MB, peak_rss=2676.6MB, cuda_alloc=360.6MB, cuda_reserved=44856.0MB, cuda_peak_alloc=7062.8MB, cuda_free=3111.8MB, cuda_total=48519.1MB
[2026-06-11 16:13:52] Epoch 21 train batch [1300/1875] loss=0.0934 avg_loss=0.1244. Resources: rss=2205.3MB, peak_rss=2676.6MB, cuda_alloc=360.6MB, cuda_reserved=44856.0MB, cuda_peak_alloc=7062.8MB, cuda_free=3111.8MB, cuda_total=48519.1MB
[2026-06-11 16:13:59] Epoch 21 train batch [1320/1875] loss=0.0867 avg_loss=0.1245. Resources: rss=2205.9MB, peak_rss=2676.6MB, cuda_alloc=360.6MB, cuda_reserved=5896.0MB, cuda_peak_alloc=7062.8MB, cuda_free=42071.8MB, cuda_total=48519.1MB
[2026-06-11 16:14:04] Epoch 21 train batch [1340/1875] loss=0.1274 avg_loss=0.1248. Resources: rss=2204.1MB, peak_rss=2676.6MB, cuda_alloc=360.6MB, cuda_reserved=26136.0MB, cuda_peak_alloc=7062.8MB, cuda_free=21831.8MB, cuda_total=48519.1MB
[2026-06-11 16:14:09] Epoch 21 train batch [1360/1875] loss=0.1711 avg_loss=0.1250. Resources: rss=2205.9MB, peak_rss=2676.6MB, cuda_alloc=360.6MB, cuda_reserved=33096.0MB, cuda_peak_alloc=7062.8MB, cuda_free=14871.8MB, cuda_total=48519.1MB
[2026-06-11 16:14:13] Epoch 21 train batch [1380/1875] loss=0.0733 avg_loss=0.1255. Resources: rss=2207.1MB, peak_rss=2676.6MB, cuda_alloc=360.6MB, cuda_reserved=33096.0MB, cuda_peak_alloc=7062.8MB, cuda_free=14871.8MB, cuda_total=48519.1MB
[2026-06-11 16:14:17] Epoch 21 train batch [1400/1875] loss=0.1610 avg_loss=0.1256. Resources: rss=2206.9MB, peak_rss=2676.6MB, cuda_alloc=360.6MB, cuda_reserved=38016.0MB, cuda_peak_alloc=7062.8MB, cuda_free=9951.8MB, cuda_total=48519.1MB
[2026-06-11 16:14:21] Epoch 21 train batch [1420/1875] loss=0.1207 avg_loss=0.1257. Resources: rss=2206.7MB, peak_rss=2676.6MB, cuda_alloc=360.6MB, cuda_reserved=38016.0MB, cuda_peak_alloc=7062.8MB, cuda_free=9951.8MB, cuda_total=48519.1MB
[2026-06-11 16:14:27] Epoch 21 train batch [1440/1875] loss=0.1026 avg_loss=0.1260. Resources: rss=2206.7MB, peak_rss=2676.6MB, cuda_alloc=360.6MB, cuda_reserved=33056.0MB, cuda_peak_alloc=7062.8MB, cuda_free=14911.8MB, cuda_total=48519.1MB
[2026-06-11 16:14:32] Epoch 21 train batch [1460/1875] loss=0.1144 avg_loss=0.1257. Resources: rss=2207.6MB, peak_rss=2676.6MB, cuda_alloc=360.6MB, cuda_reserved=42276.0MB, cuda_peak_alloc=7062.8MB, cuda_free=5691.8MB, cuda_total=48519.1MB
[2026-06-11 16:14:36] Epoch 21 train batch [1480/1875] loss=0.2078 avg_loss=0.1260. Resources: rss=2207.5MB, peak_rss=2676.6MB, cuda_alloc=360.6MB, cuda_reserved=46156.0MB, cuda_peak_alloc=7062.8MB, cuda_free=1811.8MB, cuda_total=48519.1MB
[2026-06-11 16:14:42] Epoch 21 train batch [1500/1875] loss=0.0716 avg_loss=0.1259. Resources: rss=2206.7MB, peak_rss=2676.6MB, cuda_alloc=360.6MB, cuda_reserved=15216.0MB, cuda_peak_alloc=7062.8MB, cuda_free=32751.8MB, cuda_total=48519.1MB
[2026-06-11 16:14:46] Epoch 21 train batch [1520/1875] loss=0.0911 avg_loss=0.1256. Resources: rss=2207.4MB, peak_rss=2676.6MB, cuda_alloc=360.6MB, cuda_reserved=38016.0MB, cuda_peak_alloc=7062.8MB, cuda_free=9951.8MB, cuda_total=48519.1MB
[2026-06-11 16:14:52] Epoch 21 train batch [1540/1875] loss=0.0782 avg_loss=0.1259. Resources: rss=2206.4MB, peak_rss=2676.6MB, cuda_alloc=360.6MB, cuda_reserved=32276.0MB, cuda_peak_alloc=7062.8MB, cuda_free=15691.8MB, cuda_total=48519.1MB
[2026-06-11 16:14:57] Epoch 21 train batch [1560/1875] loss=0.1202 avg_loss=0.1257. Resources: rss=2207.2MB, peak_rss=2676.6MB, cuda_alloc=360.6MB, cuda_reserved=27936.0MB, cuda_peak_alloc=7062.8MB, cuda_free=20031.8MB, cuda_total=48519.1MB
[2026-06-11 16:15:02] Epoch 21 train batch [1580/1875] loss=0.0828 avg_loss=0.1258. Resources: rss=2205.7MB, peak_rss=2676.6MB, cuda_alloc=360.6MB, cuda_reserved=37736.0MB, cuda_peak_alloc=7062.8MB, cuda_free=10231.8MB, cuda_total=48519.1MB
[2026-06-11 16:15:08] Epoch 21 train batch [1600/1875] loss=0.2085 avg_loss=0.1259. Resources: rss=2206.7MB, peak_rss=2676.6MB, cuda_alloc=360.6MB, cuda_reserved=5496.0MB, cuda_peak_alloc=7062.8MB, cuda_free=42471.8MB, cuda_total=48519.1MB
[2026-06-11 16:15:13] Epoch 21 train batch [1620/1875] loss=0.0785 avg_loss=0.1258. Resources: rss=2207.1MB, peak_rss=2676.6MB, cuda_alloc=360.6MB, cuda_reserved=7916.0MB, cuda_peak_alloc=7062.8MB, cuda_free=40051.8MB, cuda_total=48519.1MB
[2026-06-11 16:15:20] Epoch 21 train batch [1640/1875] loss=0.0983 avg_loss=0.1258. Resources: rss=2207.0MB, peak_rss=2676.6MB, cuda_alloc=360.6MB, cuda_reserved=5896.0MB, cuda_peak_alloc=7062.8MB, cuda_free=42071.8MB, cuda_total=48519.1MB
[2026-06-11 16:15:24] Epoch 21 train batch [1660/1875] loss=0.1961 avg_loss=0.1259. Resources: rss=2206.9MB, peak_rss=2676.6MB, cuda_alloc=360.6MB, cuda_reserved=44456.0MB, cuda_peak_alloc=7062.8MB, cuda_free=3511.8MB, cuda_total=48519.1MB
[2026-06-11 16:15:29] Epoch 21 train batch [1680/1875] loss=0.0581 avg_loss=0.1260. Resources: rss=2207.5MB, peak_rss=2676.6MB, cuda_alloc=360.6MB, cuda_reserved=44456.0MB, cuda_peak_alloc=7062.8MB, cuda_free=3511.8MB, cuda_total=48519.1MB
[2026-06-11 16:15:33] Epoch 21 train batch [1700/1875] loss=0.0763 avg_loss=0.1258. Resources: rss=2207.5MB, peak_rss=2676.6MB, cuda_alloc=360.6MB, cuda_reserved=44456.0MB, cuda_peak_alloc=7062.8MB, cuda_free=3511.8MB, cuda_total=48519.1MB
[2026-06-11 16:15:37] Epoch 21 train batch [1720/1875] loss=0.1104 avg_loss=0.1258. Resources: rss=2207.5MB, peak_rss=2676.6MB, cuda_alloc=360.6MB, cuda_reserved=44456.0MB, cuda_peak_alloc=7062.8MB, cuda_free=3511.8MB, cuda_total=48519.1MB
[2026-06-11 16:15:42] Epoch 21 train batch [1740/1875] loss=0.0364 avg_loss=0.1255. Resources: rss=2206.9MB, peak_rss=2676.6MB, cuda_alloc=360.6MB, cuda_reserved=44456.0MB, cuda_peak_alloc=7062.8MB, cuda_free=3511.8MB, cuda_total=48519.1MB
[2026-06-11 16:15:46] Epoch 21 train batch [1760/1875] loss=0.1368 avg_loss=0.1256. Resources: rss=2206.9MB, peak_rss=2676.6MB, cuda_alloc=360.6MB, cuda_reserved=44456.0MB, cuda_peak_alloc=7062.8MB, cuda_free=3511.8MB, cuda_total=48519.1MB
[2026-06-11 16:15:50] Epoch 21 train batch [1780/1875] loss=0.0488 avg_loss=0.1255. Resources: rss=2205.8MB, peak_rss=2676.6MB, cuda_alloc=360.6MB, cuda_reserved=44456.0MB, cuda_peak_alloc=7062.8MB, cuda_free=3511.8MB, cuda_total=48519.1MB
[2026-06-11 16:15:54] Epoch 21 train batch [1800/1875] loss=0.1135 avg_loss=0.1255. Resources: rss=2206.2MB, peak_rss=2676.6MB, cuda_alloc=360.6MB, cuda_reserved=44456.0MB, cuda_peak_alloc=7062.8MB, cuda_free=3511.8MB, cuda_total=48519.1MB
[2026-06-11 16:15:59] Epoch 21 train batch [1820/1875] loss=0.1394 avg_loss=0.1255. Resources: rss=2206.3MB, peak_rss=2676.6MB, cuda_alloc=360.6MB, cuda_reserved=38716.0MB, cuda_peak_alloc=7062.8MB, cuda_free=9251.8MB, cuda_total=48519.1MB
[2026-06-11 16:16:04] Epoch 21 train batch [1840/1875] loss=0.2528 avg_loss=0.1256. Resources: rss=2206.9MB, peak_rss=2676.6MB, cuda_alloc=360.6MB, cuda_reserved=43996.0MB, cuda_peak_alloc=7062.8MB, cuda_free=3971.8MB, cuda_total=48519.1MB
[2026-06-11 16:16:09] Epoch 21 train batch [1860/1875] loss=0.0837 avg_loss=0.1254. Resources: rss=2207.7MB, peak_rss=2676.6MB, cuda_alloc=360.6MB, cuda_reserved=43076.0MB, cuda_peak_alloc=7062.8MB, cuda_free=4891.8MB, cuda_total=48519.1MB
[2026-06-11 16:16:13] Epoch 21 train batch [1875/1875] loss=0.0576 avg_loss=0.1253. Resources: rss=2207.9MB, peak_rss=2676.6MB, cuda_alloc=360.6MB, cuda_reserved=45876.0MB, cuda_peak_alloc=7062.8MB, cuda_free=2091.8MB, cuda_total=48519.1MB
[2026-06-11 16:16:13] Epoch 21 training completed. Resources: rss=2199.9MB, peak_rss=2676.6MB, cuda_alloc=360.6MB, cuda_reserved=45876.0MB, cuda_peak_alloc=7062.8MB, cuda_free=2091.8MB, cuda_total=48519.1MB
[2026-06-11 16:16:14] Epoch 21 cache released before validation loss. Resources: rss=2199.3MB, peak_rss=2676.6MB, cuda_alloc=360.6MB, cuda_reserved=500.0MB, cuda_peak_alloc=360.6MB, cuda_free=47467.8MB, cuda_total=48519.1MB
[2026-06-11 16:16:47] Epoch 21 validation loss completed: 0.5243. Resources: rss=2198.2MB, peak_rss=2676.6MB, cuda_alloc=360.6MB, cuda_reserved=5766.0MB, cuda_peak_alloc=2034.0MB, cuda_free=42201.8MB, cuda_total=48519.1MB
[2026-06-11 16:16:47] Epoch 21 cache released before detection metrics. Resources: rss=2197.2MB, peak_rss=2676.6MB, cuda_alloc=360.6MB, cuda_reserved=500.0MB, cuda_peak_alloc=360.6MB, cuda_free=47467.8MB, cuda_total=48519.1MB
[2026-06-11 16:17:21] Epoch 21 prediction tensors moved to CPU. Computing metrics. Resources: rss=2197.0MB, peak_rss=2676.6MB, cuda_alloc=360.6MB, cuda_reserved=500.0MB, cuda_peak_alloc=360.6MB, cuda_free=47467.8MB, cuda_total=48519.1MB
[2026-06-11 16:17:21] Epoch 21 metrics computed (mAP@0.5 only). Saving artifacts. Resources: rss=2198.5MB, peak_rss=2676.6MB, cuda_alloc=360.6MB, cuda_reserved=500.0MB, cuda_peak_alloc=360.6MB, cuda_free=47467.8MB, cuda_total=48519.1MB
[2026-06-11 16:17:21] Epoch 21 did not improve mAP@0.5 enough. Early stopping counter: 1/10.
Epoch [21/50]
├── Train Loss : 0.1253
│   ├── loss_classifier  : 0.0635
│   ├── loss_box_reg     : 0.0618
│   ├── loss_objectness  : 0.0000
│   └── loss_rpn_box_reg : 0.0000
├── Val Loss   : 0.5243
├── mAP@0.5    : 0.7637
├── mAP@0.75   : n/a
├── mAP@0.5:0.95 : n/a
├── Precision  : 0.1152
├── Recall     : 0.9159
├── GT Boxes   : 2021
├── Predictions: 16072
├── Per-class AP
│   ├── person  : AP50=0.8302, AP75=n/a, AP50:95=n/a, P=0.1537, R=0.9302
│   ├── car     : AP50=0.7630, AP75=n/a, AP50:95=n/a, P=0.1255, R=0.9011
│   ├── dog     : AP50=0.8197, AP75=n/a, AP50:95=n/a, P=0.0832, R=0.9466
│   ├── cat     : AP50=0.8873, AP75=n/a, AP50:95=n/a, P=0.1232, R=0.9602
│   └── chair   : AP50=0.5182, AP75=n/a, AP50:95=n/a, P=0.0609, R=0.8262
├── LR         : 0.000694
└── Time       : 520.0s
[2026-06-11 16:17:22] Epoch [21/50] completed. Resources: rss=2196.9MB, peak_rss=2676.6MB, cuda_alloc=360.6MB, cuda_reserved=500.0MB, cuda_peak_alloc=360.6MB, cuda_free=47467.8MB, cuda_total=48519.1MB
[2026-06-11 16:17:22] Epoch [22/50] started. Resources: rss=2196.9MB, peak_rss=2676.6MB, cuda_alloc=360.6MB, cuda_reserved=500.0MB, cuda_peak_alloc=360.6MB, cuda_free=47467.8MB, cuda_total=48519.1MB
[2026-06-11 16:17:27] Epoch 22 train batch [20/1875] loss=0.1490 avg_loss=0.1057. Resources: rss=2206.1MB, peak_rss=2676.6MB, cuda_alloc=360.6MB, cuda_reserved=19496.0MB, cuda_peak_alloc=7061.7MB, cuda_free=28471.8MB, cuda_total=48519.1MB
[2026-06-11 16:17:32] Epoch 22 train batch [40/1875] loss=0.1052 avg_loss=0.1156. Resources: rss=2207.0MB, peak_rss=2676.6MB, cuda_alloc=360.6MB, cuda_reserved=37396.0MB, cuda_peak_alloc=7061.7MB, cuda_free=10571.8MB, cuda_total=48519.1MB
[2026-06-11 16:17:36] Epoch 22 train batch [60/1875] loss=0.0496 avg_loss=0.1194. Resources: rss=2206.3MB, peak_rss=2676.6MB, cuda_alloc=360.6MB, cuda_reserved=37456.0MB, cuda_peak_alloc=7061.9MB, cuda_free=10511.8MB, cuda_total=48519.1MB
[2026-06-11 16:17:40] Epoch 22 train batch [80/1875] loss=0.0698 avg_loss=0.1229. Resources: rss=2206.8MB, peak_rss=2676.6MB, cuda_alloc=351.4MB, cuda_reserved=37516.0MB, cuda_peak_alloc=7061.9MB, cuda_free=10451.8MB, cuda_total=48519.1MB
[2026-06-11 16:17:45] Epoch 22 train batch [100/1875] loss=0.0891 avg_loss=0.1226. Resources: rss=2205.4MB, peak_rss=2676.6MB, cuda_alloc=360.6MB, cuda_reserved=37516.0MB, cuda_peak_alloc=7061.9MB, cuda_free=10451.8MB, cuda_total=48519.1MB
[2026-06-11 16:17:49] Epoch 22 train batch [120/1875] loss=0.0439 avg_loss=0.1226. Resources: rss=2205.8MB, peak_rss=2676.6MB, cuda_alloc=360.6MB, cuda_reserved=39136.0MB, cuda_peak_alloc=7061.9MB, cuda_free=8831.8MB, cuda_total=48519.1MB
[2026-06-11 16:17:53] Epoch 22 train batch [140/1875] loss=0.0577 avg_loss=0.1218. Resources: rss=2206.1MB, peak_rss=2676.6MB, cuda_alloc=360.6MB, cuda_reserved=39136.0MB, cuda_peak_alloc=7062.1MB, cuda_free=8831.8MB, cuda_total=48519.1MB
[2026-06-11 16:17:58] Epoch 22 train batch [160/1875] loss=0.1261 avg_loss=0.1207. Resources: rss=2205.7MB, peak_rss=2676.6MB, cuda_alloc=360.6MB, cuda_reserved=39136.0MB, cuda_peak_alloc=7062.1MB, cuda_free=8831.8MB, cuda_total=48519.1MB
[2026-06-11 16:18:02] Epoch 22 train batch [180/1875] loss=0.1839 avg_loss=0.1204. Resources: rss=2205.7MB, peak_rss=2676.6MB, cuda_alloc=360.6MB, cuda_reserved=39136.0MB, cuda_peak_alloc=7062.1MB, cuda_free=8831.8MB, cuda_total=48519.1MB
[2026-06-11 16:18:06] Epoch 22 train batch [200/1875] loss=0.0849 avg_loss=0.1172. Resources: rss=2206.4MB, peak_rss=2676.6MB, cuda_alloc=360.6MB, cuda_reserved=39136.0MB, cuda_peak_alloc=7062.1MB, cuda_free=8831.8MB, cuda_total=48519.1MB
[2026-06-11 16:18:10] Epoch 22 train batch [220/1875] loss=0.0532 avg_loss=0.1165. Resources: rss=2206.0MB, peak_rss=2676.6MB, cuda_alloc=360.6MB, cuda_reserved=39136.0MB, cuda_peak_alloc=7062.1MB, cuda_free=8831.8MB, cuda_total=48519.1MB
[2026-06-11 16:18:15] Epoch 22 train batch [240/1875] loss=0.0341 avg_loss=0.1155. Resources: rss=2206.2MB, peak_rss=2676.6MB, cuda_alloc=360.6MB, cuda_reserved=39136.0MB, cuda_peak_alloc=7062.1MB, cuda_free=8831.8MB, cuda_total=48519.1MB
[2026-06-11 16:18:19] Epoch 22 train batch [260/1875] loss=0.0637 avg_loss=0.1156. Resources: rss=2206.4MB, peak_rss=2676.6MB, cuda_alloc=360.6MB, cuda_reserved=39136.0MB, cuda_peak_alloc=7062.1MB, cuda_free=8831.8MB, cuda_total=48519.1MB
[2026-06-11 16:18:24] Epoch 22 train batch [280/1875] loss=0.0679 avg_loss=0.1161. Resources: rss=2206.9MB, peak_rss=2676.6MB, cuda_alloc=360.6MB, cuda_reserved=39136.0MB, cuda_peak_alloc=7062.2MB, cuda_free=8831.8MB, cuda_total=48519.1MB
[2026-06-11 16:18:29] Epoch 22 train batch [300/1875] loss=0.0505 avg_loss=0.1154. Resources: rss=2206.7MB, peak_rss=2676.6MB, cuda_alloc=360.6MB, cuda_reserved=33816.0MB, cuda_peak_alloc=7062.2MB, cuda_free=14151.8MB, cuda_total=48519.1MB
[2026-06-11 16:18:33] Epoch 22 train batch [320/1875] loss=0.0735 avg_loss=0.1164. Resources: rss=2207.0MB, peak_rss=2676.6MB, cuda_alloc=360.6MB, cuda_reserved=35536.0MB, cuda_peak_alloc=7062.2MB, cuda_free=12431.8MB, cuda_total=48519.1MB
[2026-06-11 16:18:38] Epoch 22 train batch [340/1875] loss=0.2355 avg_loss=0.1170. Resources: rss=2207.4MB, peak_rss=2676.6MB, cuda_alloc=360.6MB, cuda_reserved=47816.0MB, cuda_peak_alloc=7062.2MB, cuda_free=151.8MB, cuda_total=48519.1MB
[2026-06-11 16:18:43] Epoch 22 train batch [360/1875] loss=0.1880 avg_loss=0.1169. Resources: rss=2206.5MB, peak_rss=2676.6MB, cuda_alloc=360.6MB, cuda_reserved=37816.0MB, cuda_peak_alloc=7062.2MB, cuda_free=10151.8MB, cuda_total=48519.1MB
[2026-06-11 16:18:48] Epoch 22 train batch [380/1875] loss=0.1683 avg_loss=0.1161. Resources: rss=2205.9MB, peak_rss=2676.6MB, cuda_alloc=360.6MB, cuda_reserved=34956.0MB, cuda_peak_alloc=7062.2MB, cuda_free=13011.8MB, cuda_total=48519.1MB
[2026-06-11 16:18:52] Epoch 22 train batch [400/1875] loss=0.1191 avg_loss=0.1170. Resources: rss=2207.6MB, peak_rss=2676.6MB, cuda_alloc=360.6MB, cuda_reserved=34956.0MB, cuda_peak_alloc=7062.2MB, cuda_free=13011.8MB, cuda_total=48519.1MB
[2026-06-11 16:18:57] Epoch 22 train batch [420/1875] loss=0.1274 avg_loss=0.1167. Resources: rss=2207.2MB, peak_rss=2676.6MB, cuda_alloc=360.6MB, cuda_reserved=34956.0MB, cuda_peak_alloc=7062.2MB, cuda_free=13011.8MB, cuda_total=48519.1MB
[2026-06-11 16:19:01] Epoch 22 train batch [440/1875] loss=0.0669 avg_loss=0.1165. Resources: rss=2207.0MB, peak_rss=2676.6MB, cuda_alloc=360.6MB, cuda_reserved=41456.0MB, cuda_peak_alloc=7062.2MB, cuda_free=6511.8MB, cuda_total=48519.1MB
[2026-06-11 16:19:06] Epoch 22 train batch [460/1875] loss=0.1267 avg_loss=0.1160. Resources: rss=2206.7MB, peak_rss=2676.6MB, cuda_alloc=360.6MB, cuda_reserved=31636.0MB, cuda_peak_alloc=7062.2MB, cuda_free=16331.8MB, cuda_total=48519.1MB
[2026-06-11 16:19:11] Epoch 22 train batch [480/1875] loss=0.0602 avg_loss=0.1154. Resources: rss=2206.3MB, peak_rss=2676.6MB, cuda_alloc=360.6MB, cuda_reserved=47536.0MB, cuda_peak_alloc=7062.2MB, cuda_free=431.8MB, cuda_total=48519.1MB
[2026-06-11 16:19:17] Epoch 22 train batch [500/1875] loss=0.1143 avg_loss=0.1156. Resources: rss=2206.9MB, peak_rss=2676.6MB, cuda_alloc=360.6MB, cuda_reserved=27436.0MB, cuda_peak_alloc=7062.2MB, cuda_free=20531.8MB, cuda_total=48519.1MB
[2026-06-11 16:19:21] Epoch 22 train batch [520/1875] loss=0.1038 avg_loss=0.1154. Resources: rss=2207.1MB, peak_rss=2676.6MB, cuda_alloc=360.6MB, cuda_reserved=40776.0MB, cuda_peak_alloc=7062.2MB, cuda_free=7191.8MB, cuda_total=48519.1MB
[2026-06-11 16:19:25] Epoch 22 train batch [540/1875] loss=0.0979 avg_loss=0.1155. Resources: rss=2206.8MB, peak_rss=2676.6MB, cuda_alloc=360.6MB, cuda_reserved=40776.0MB, cuda_peak_alloc=7062.2MB, cuda_free=7191.8MB, cuda_total=48519.1MB
[2026-06-11 16:19:30] Epoch 22 train batch [560/1875] loss=0.0823 avg_loss=0.1150. Resources: rss=2206.8MB, peak_rss=2676.6MB, cuda_alloc=360.6MB, cuda_reserved=40776.0MB, cuda_peak_alloc=7062.4MB, cuda_free=7191.8MB, cuda_total=48519.1MB
[2026-06-11 16:19:34] Epoch 22 train batch [580/1875] loss=0.0700 avg_loss=0.1154. Resources: rss=2206.7MB, peak_rss=2676.6MB, cuda_alloc=360.6MB, cuda_reserved=40776.0MB, cuda_peak_alloc=7062.4MB, cuda_free=7191.8MB, cuda_total=48519.1MB
[2026-06-11 16:19:39] Epoch 22 train batch [600/1875] loss=0.2783 avg_loss=0.1153. Resources: rss=2206.6MB, peak_rss=2676.6MB, cuda_alloc=360.6MB, cuda_reserved=40776.0MB, cuda_peak_alloc=7062.4MB, cuda_free=7191.8MB, cuda_total=48519.1MB
[2026-06-11 16:19:43] Epoch 22 train batch [620/1875] loss=0.0885 avg_loss=0.1146. Resources: rss=2207.7MB, peak_rss=2676.6MB, cuda_alloc=360.6MB, cuda_reserved=40776.0MB, cuda_peak_alloc=7062.4MB, cuda_free=7191.8MB, cuda_total=48519.1MB
[2026-06-11 16:19:47] Epoch 22 train batch [640/1875] loss=0.1396 avg_loss=0.1150. Resources: rss=2207.2MB, peak_rss=2676.6MB, cuda_alloc=360.6MB, cuda_reserved=40776.0MB, cuda_peak_alloc=7062.4MB, cuda_free=7191.8MB, cuda_total=48519.1MB
[2026-06-11 16:19:52] Epoch 22 train batch [660/1875] loss=0.2788 avg_loss=0.1158. Resources: rss=2207.2MB, peak_rss=2676.6MB, cuda_alloc=360.6MB, cuda_reserved=31056.0MB, cuda_peak_alloc=7062.7MB, cuda_free=16911.8MB, cuda_total=48519.1MB
[2026-06-11 16:19:57] Epoch 22 train batch [680/1875] loss=0.0739 avg_loss=0.1156. Resources: rss=2206.7MB, peak_rss=2676.6MB, cuda_alloc=360.6MB, cuda_reserved=38036.0MB, cuda_peak_alloc=7062.7MB, cuda_free=9931.8MB, cuda_total=48519.1MB
[2026-06-11 16:20:03] Epoch 22 train batch [700/1875] loss=0.3029 avg_loss=0.1171. Resources: rss=2205.3MB, peak_rss=2676.6MB, cuda_alloc=360.6MB, cuda_reserved=12176.0MB, cuda_peak_alloc=7062.9MB, cuda_free=35791.8MB, cuda_total=48519.1MB
[2026-06-11 16:20:08] Epoch 22 train batch [720/1875] loss=0.0758 avg_loss=0.1180. Resources: rss=2204.8MB, peak_rss=2676.6MB, cuda_alloc=360.6MB, cuda_reserved=22156.0MB, cuda_peak_alloc=7062.9MB, cuda_free=25811.8MB, cuda_total=48519.1MB
[2026-06-11 16:20:13] Epoch 22 train batch [740/1875] loss=0.0795 avg_loss=0.1179. Resources: rss=2206.3MB, peak_rss=2676.6MB, cuda_alloc=360.6MB, cuda_reserved=33256.0MB, cuda_peak_alloc=7062.9MB, cuda_free=14711.8MB, cuda_total=48519.1MB
[2026-06-11 16:20:17] Epoch 22 train batch [760/1875] loss=0.1518 avg_loss=0.1180. Resources: rss=2206.3MB, peak_rss=2676.6MB, cuda_alloc=360.6MB, cuda_reserved=46056.0MB, cuda_peak_alloc=7062.9MB, cuda_free=1911.8MB, cuda_total=48519.1MB
[2026-06-11 16:20:22] Epoch 22 train batch [780/1875] loss=0.1636 avg_loss=0.1173. Resources: rss=2206.0MB, peak_rss=2676.6MB, cuda_alloc=360.6MB, cuda_reserved=29056.0MB, cuda_peak_alloc=7062.9MB, cuda_free=18911.8MB, cuda_total=48519.1MB
[2026-06-11 16:20:27] Epoch 22 train batch [800/1875] loss=0.0641 avg_loss=0.1175. Resources: rss=2207.1MB, peak_rss=2676.6MB, cuda_alloc=360.6MB, cuda_reserved=42416.0MB, cuda_peak_alloc=7062.9MB, cuda_free=5551.8MB, cuda_total=48519.1MB
[2026-06-11 16:20:32] Epoch 22 train batch [820/1875] loss=0.0926 avg_loss=0.1181. Resources: rss=2206.8MB, peak_rss=2676.6MB, cuda_alloc=360.6MB, cuda_reserved=22216.0MB, cuda_peak_alloc=7062.9MB, cuda_free=25751.8MB, cuda_total=48519.1MB
[2026-06-11 16:20:37] Epoch 22 train batch [840/1875] loss=0.2347 avg_loss=0.1180. Resources: rss=2206.5MB, peak_rss=2676.6MB, cuda_alloc=360.6MB, cuda_reserved=40016.0MB, cuda_peak_alloc=7062.9MB, cuda_free=7951.8MB, cuda_total=48519.1MB
[2026-06-11 16:20:41] Epoch 22 train batch [860/1875] loss=0.2752 avg_loss=0.1181. Resources: rss=2205.8MB, peak_rss=2676.6MB, cuda_alloc=360.6MB, cuda_reserved=40016.0MB, cuda_peak_alloc=7062.9MB, cuda_free=7951.8MB, cuda_total=48519.1MB
[2026-06-11 16:20:46] Epoch 22 train batch [880/1875] loss=0.1264 avg_loss=0.1190. Resources: rss=2206.5MB, peak_rss=2676.6MB, cuda_alloc=360.6MB, cuda_reserved=40016.0MB, cuda_peak_alloc=7062.9MB, cuda_free=7951.8MB, cuda_total=48519.1MB
[2026-06-11 16:20:50] Epoch 22 train batch [900/1875] loss=0.0151 avg_loss=0.1190. Resources: rss=2206.6MB, peak_rss=2676.6MB, cuda_alloc=360.6MB, cuda_reserved=40016.0MB, cuda_peak_alloc=7062.9MB, cuda_free=7951.8MB, cuda_total=48519.1MB
[2026-06-11 16:20:55] Epoch 22 train batch [920/1875] loss=0.0768 avg_loss=0.1193. Resources: rss=2206.3MB, peak_rss=2676.6MB, cuda_alloc=360.6MB, cuda_reserved=43036.0MB, cuda_peak_alloc=7062.9MB, cuda_free=4931.8MB, cuda_total=48519.1MB
[2026-06-11 16:20:59] Epoch 22 train batch [940/1875] loss=0.0579 avg_loss=0.1191. Resources: rss=2206.5MB, peak_rss=2676.6MB, cuda_alloc=360.6MB, cuda_reserved=43036.0MB, cuda_peak_alloc=7062.9MB, cuda_free=4931.8MB, cuda_total=48519.1MB
[2026-06-11 16:21:03] Epoch 22 train batch [960/1875] loss=0.1342 avg_loss=0.1188. Resources: rss=2207.0MB, peak_rss=2676.6MB, cuda_alloc=360.6MB, cuda_reserved=43036.0MB, cuda_peak_alloc=7062.9MB, cuda_free=4931.8MB, cuda_total=48519.1MB
[2026-06-11 16:21:09] Epoch 22 train batch [980/1875] loss=0.0622 avg_loss=0.1186. Resources: rss=2206.7MB, peak_rss=2676.6MB, cuda_alloc=360.6MB, cuda_reserved=29956.0MB, cuda_peak_alloc=7062.9MB, cuda_free=18011.8MB, cuda_total=48519.1MB
[2026-06-11 16:21:13] Epoch 22 train batch [1000/1875] loss=0.0805 avg_loss=0.1185. Resources: rss=2205.8MB, peak_rss=2676.6MB, cuda_alloc=360.6MB, cuda_reserved=34816.0MB, cuda_peak_alloc=7062.9MB, cuda_free=13151.8MB, cuda_total=48519.1MB
[2026-06-11 16:21:17] Epoch 22 train batch [1020/1875] loss=0.0726 avg_loss=0.1185. Resources: rss=2206.8MB, peak_rss=2676.6MB, cuda_alloc=360.6MB, cuda_reserved=34816.0MB, cuda_peak_alloc=7062.9MB, cuda_free=13151.8MB, cuda_total=48519.1MB
[2026-06-11 16:21:22] Epoch 22 train batch [1040/1875] loss=0.2083 avg_loss=0.1187. Resources: rss=2207.6MB, peak_rss=2676.6MB, cuda_alloc=360.6MB, cuda_reserved=41596.0MB, cuda_peak_alloc=7062.9MB, cuda_free=6371.8MB, cuda_total=48519.1MB
[2026-06-11 16:21:26] Epoch 22 train batch [1060/1875] loss=0.1142 avg_loss=0.1190. Resources: rss=2205.6MB, peak_rss=2676.6MB, cuda_alloc=360.6MB, cuda_reserved=41596.0MB, cuda_peak_alloc=7062.9MB, cuda_free=6371.8MB, cuda_total=48519.1MB
[2026-06-11 16:21:31] Epoch 22 train batch [1080/1875] loss=0.0979 avg_loss=0.1191. Resources: rss=2206.7MB, peak_rss=2676.6MB, cuda_alloc=360.6MB, cuda_reserved=35336.0MB, cuda_peak_alloc=7062.9MB, cuda_free=12631.8MB, cuda_total=48519.1MB
[2026-06-11 16:21:38] Epoch 22 train batch [1100/1875] loss=0.0717 avg_loss=0.1195. Resources: rss=2207.0MB, peak_rss=2676.6MB, cuda_alloc=360.6MB, cuda_reserved=18816.0MB, cuda_peak_alloc=7062.9MB, cuda_free=29151.8MB, cuda_total=48519.1MB
[2026-06-11 16:21:44] Epoch 22 train batch [1120/1875] loss=0.1507 avg_loss=0.1208. Resources: rss=2207.2MB, peak_rss=2676.6MB, cuda_alloc=360.6MB, cuda_reserved=37816.0MB, cuda_peak_alloc=7062.9MB, cuda_free=10151.8MB, cuda_total=48519.1MB
[2026-06-11 16:21:49] Epoch 22 train batch [1140/1875] loss=0.0699 avg_loss=0.1209. Resources: rss=2206.8MB, peak_rss=2676.6MB, cuda_alloc=360.6MB, cuda_reserved=37576.0MB, cuda_peak_alloc=7062.9MB, cuda_free=10391.8MB, cuda_total=48519.1MB
[2026-06-11 16:21:53] Epoch 22 train batch [1160/1875] loss=0.1433 avg_loss=0.1207. Resources: rss=2207.2MB, peak_rss=2676.6MB, cuda_alloc=360.6MB, cuda_reserved=37576.0MB, cuda_peak_alloc=7062.9MB, cuda_free=10391.8MB, cuda_total=48519.1MB
[2026-06-11 16:21:59] Epoch 22 train batch [1180/1875] loss=0.1423 avg_loss=0.1207. Resources: rss=2207.1MB, peak_rss=2676.6MB, cuda_alloc=360.6MB, cuda_reserved=15816.0MB, cuda_peak_alloc=7062.9MB, cuda_free=32151.8MB, cuda_total=48519.1MB
[2026-06-11 16:22:03] Epoch 22 train batch [1200/1875] loss=0.1335 avg_loss=0.1210. Resources: rss=2207.1MB, peak_rss=2676.6MB, cuda_alloc=360.6MB, cuda_reserved=31196.0MB, cuda_peak_alloc=7062.9MB, cuda_free=16771.8MB, cuda_total=48519.1MB
[2026-06-11 16:22:08] Epoch 22 train batch [1220/1875] loss=0.0682 avg_loss=0.1209. Resources: rss=2206.7MB, peak_rss=2676.6MB, cuda_alloc=360.6MB, cuda_reserved=30196.0MB, cuda_peak_alloc=7062.9MB, cuda_free=17771.8MB, cuda_total=48519.1MB
[2026-06-11 16:22:13] Epoch 22 train batch [1240/1875] loss=0.0650 avg_loss=0.1207. Resources: rss=2207.6MB, peak_rss=2676.6MB, cuda_alloc=360.6MB, cuda_reserved=32496.0MB, cuda_peak_alloc=7062.9MB, cuda_free=15471.8MB, cuda_total=48519.1MB
[2026-06-11 16:22:17] Epoch 22 train batch [1260/1875] loss=0.2124 avg_loss=0.1210. Resources: rss=2207.7MB, peak_rss=2676.6MB, cuda_alloc=360.6MB, cuda_reserved=36096.0MB, cuda_peak_alloc=7062.9MB, cuda_free=11871.8MB, cuda_total=48519.1MB
[2026-06-11 16:22:21] Epoch 22 train batch [1280/1875] loss=0.0866 avg_loss=0.1207. Resources: rss=2207.0MB, peak_rss=2676.6MB, cuda_alloc=360.6MB, cuda_reserved=36096.0MB, cuda_peak_alloc=7062.9MB, cuda_free=11871.8MB, cuda_total=48519.1MB
[2026-06-11 16:22:26] Epoch 22 train batch [1300/1875] loss=0.0851 avg_loss=0.1208. Resources: rss=2206.0MB, peak_rss=2676.6MB, cuda_alloc=360.6MB, cuda_reserved=36096.0MB, cuda_peak_alloc=7062.9MB, cuda_free=11871.8MB, cuda_total=48519.1MB
[2026-06-11 16:22:30] Epoch 22 train batch [1320/1875] loss=0.0960 avg_loss=0.1210. Resources: rss=2206.1MB, peak_rss=2676.6MB, cuda_alloc=360.6MB, cuda_reserved=36096.0MB, cuda_peak_alloc=7062.9MB, cuda_free=11871.8MB, cuda_total=48519.1MB
[2026-06-11 16:22:34] Epoch 22 train batch [1340/1875] loss=0.1964 avg_loss=0.1209. Resources: rss=2206.1MB, peak_rss=2676.6MB, cuda_alloc=360.6MB, cuda_reserved=38676.0MB, cuda_peak_alloc=7062.9MB, cuda_free=9291.8MB, cuda_total=48519.1MB
[2026-06-11 16:22:38] Epoch 22 train batch [1360/1875] loss=0.1008 avg_loss=0.1210. Resources: rss=2205.9MB, peak_rss=2676.6MB, cuda_alloc=360.6MB, cuda_reserved=38696.0MB, cuda_peak_alloc=7062.9MB, cuda_free=9271.8MB, cuda_total=48519.1MB
[2026-06-11 16:22:44] Epoch 22 train batch [1380/1875] loss=0.1097 avg_loss=0.1208. Resources: rss=2207.2MB, peak_rss=2676.6MB, cuda_alloc=360.6MB, cuda_reserved=36556.0MB, cuda_peak_alloc=7062.9MB, cuda_free=11411.8MB, cuda_total=48519.1MB
[2026-06-11 16:22:50] Epoch 22 train batch [1400/1875] loss=0.1478 avg_loss=0.1210. Resources: rss=2207.4MB, peak_rss=2676.6MB, cuda_alloc=360.6MB, cuda_reserved=33856.0MB, cuda_peak_alloc=7062.9MB, cuda_free=14111.8MB, cuda_total=48519.1MB
[2026-06-11 16:22:55] Epoch 22 train batch [1420/1875] loss=0.1107 avg_loss=0.1210. Resources: rss=2208.1MB, peak_rss=2676.6MB, cuda_alloc=360.6MB, cuda_reserved=28516.0MB, cuda_peak_alloc=7062.9MB, cuda_free=19451.8MB, cuda_total=48519.1MB
[2026-06-11 16:22:59] Epoch 22 train batch [1440/1875] loss=0.2237 avg_loss=0.1210. Resources: rss=2207.1MB, peak_rss=2676.6MB, cuda_alloc=360.6MB, cuda_reserved=42036.0MB, cuda_peak_alloc=7062.9MB, cuda_free=5931.8MB, cuda_total=48519.1MB
[2026-06-11 16:23:04] Epoch 22 train batch [1460/1875] loss=0.0750 avg_loss=0.1208. Resources: rss=2207.7MB, peak_rss=2676.6MB, cuda_alloc=360.6MB, cuda_reserved=42036.0MB, cuda_peak_alloc=7062.9MB, cuda_free=5931.8MB, cuda_total=48519.1MB
[2026-06-11 16:23:08] Epoch 22 train batch [1480/1875] loss=0.0405 avg_loss=0.1207. Resources: rss=2207.9MB, peak_rss=2676.6MB, cuda_alloc=360.6MB, cuda_reserved=43216.0MB, cuda_peak_alloc=7062.9MB, cuda_free=4751.8MB, cuda_total=48519.1MB
[2026-06-11 16:23:13] Epoch 22 train batch [1500/1875] loss=0.1671 avg_loss=0.1208. Resources: rss=2208.5MB, peak_rss=2676.6MB, cuda_alloc=360.6MB, cuda_reserved=45376.0MB, cuda_peak_alloc=7062.9MB, cuda_free=2591.8MB, cuda_total=48519.1MB
[2026-06-11 16:23:17] Epoch 22 train batch [1520/1875] loss=0.3022 avg_loss=0.1208. Resources: rss=2207.4MB, peak_rss=2676.6MB, cuda_alloc=360.6MB, cuda_reserved=45376.0MB, cuda_peak_alloc=7062.9MB, cuda_free=2591.8MB, cuda_total=48519.1MB
[2026-06-11 16:23:21] Epoch 22 train batch [1540/1875] loss=0.0832 avg_loss=0.1204. Resources: rss=2207.1MB, peak_rss=2676.6MB, cuda_alloc=360.6MB, cuda_reserved=45376.0MB, cuda_peak_alloc=7062.9MB, cuda_free=2591.8MB, cuda_total=48519.1MB
[2026-06-11 16:23:26] Epoch 22 train batch [1560/1875] loss=0.0904 avg_loss=0.1201. Resources: rss=2207.8MB, peak_rss=2676.6MB, cuda_alloc=360.6MB, cuda_reserved=45376.0MB, cuda_peak_alloc=7062.9MB, cuda_free=2591.8MB, cuda_total=48519.1MB
[2026-06-11 16:23:30] Epoch 22 train batch [1580/1875] loss=0.0513 avg_loss=0.1200. Resources: rss=2207.0MB, peak_rss=2676.6MB, cuda_alloc=360.6MB, cuda_reserved=45376.0MB, cuda_peak_alloc=7062.9MB, cuda_free=2591.8MB, cuda_total=48519.1MB
[2026-06-11 16:23:35] Epoch 22 train batch [1600/1875] loss=0.1173 avg_loss=0.1196. Resources: rss=2206.9MB, peak_rss=2676.6MB, cuda_alloc=360.6MB, cuda_reserved=45376.0MB, cuda_peak_alloc=7062.9MB, cuda_free=2591.8MB, cuda_total=48519.1MB
[2026-06-11 16:23:39] Epoch 22 train batch [1620/1875] loss=0.0918 avg_loss=0.1197. Resources: rss=2206.2MB, peak_rss=2676.6MB, cuda_alloc=360.6MB, cuda_reserved=45376.0MB, cuda_peak_alloc=7062.9MB, cuda_free=2591.8MB, cuda_total=48519.1MB
[2026-06-11 16:23:44] Epoch 22 train batch [1640/1875] loss=0.0917 avg_loss=0.1198. Resources: rss=2206.8MB, peak_rss=2676.6MB, cuda_alloc=360.6MB, cuda_reserved=45376.0MB, cuda_peak_alloc=7062.9MB, cuda_free=2591.8MB, cuda_total=48519.1MB
[2026-06-11 16:23:48] Epoch 22 train batch [1660/1875] loss=0.1244 avg_loss=0.1201. Resources: rss=2207.5MB, peak_rss=2676.6MB, cuda_alloc=360.6MB, cuda_reserved=47456.0MB, cuda_peak_alloc=7062.9MB, cuda_free=511.8MB, cuda_total=48519.1MB
[2026-06-11 16:23:53] Epoch 22 train batch [1680/1875] loss=0.2235 avg_loss=0.1201. Resources: rss=2208.1MB, peak_rss=2676.6MB, cuda_alloc=360.6MB, cuda_reserved=22056.0MB, cuda_peak_alloc=7062.9MB, cuda_free=25911.8MB, cuda_total=48519.1MB
[2026-06-11 16:23:58] Epoch 22 train batch [1700/1875] loss=0.1356 avg_loss=0.1202. Resources: rss=2207.9MB, peak_rss=2676.6MB, cuda_alloc=360.6MB, cuda_reserved=32256.0MB, cuda_peak_alloc=7062.9MB, cuda_free=15711.8MB, cuda_total=48519.1MB
[2026-06-11 16:24:02] Epoch 22 train batch [1720/1875] loss=0.0989 avg_loss=0.1200. Resources: rss=2208.4MB, peak_rss=2676.6MB, cuda_alloc=360.6MB, cuda_reserved=35556.0MB, cuda_peak_alloc=7062.9MB, cuda_free=12411.8MB, cuda_total=48519.1MB
[2026-06-11 16:24:06] Epoch 22 train batch [1740/1875] loss=0.0699 avg_loss=0.1199. Resources: rss=2207.8MB, peak_rss=2676.6MB, cuda_alloc=360.6MB, cuda_reserved=35556.0MB, cuda_peak_alloc=7062.9MB, cuda_free=12411.8MB, cuda_total=48519.1MB
[2026-06-11 16:24:10] Epoch 22 train batch [1760/1875] loss=0.1847 avg_loss=0.1201. Resources: rss=2208.6MB, peak_rss=2676.6MB, cuda_alloc=360.6MB, cuda_reserved=35556.0MB, cuda_peak_alloc=7062.9MB, cuda_free=12411.8MB, cuda_total=48519.1MB
[2026-06-11 16:24:15] Epoch 22 train batch [1780/1875] loss=0.0704 avg_loss=0.1206. Resources: rss=2208.6MB, peak_rss=2676.6MB, cuda_alloc=360.6MB, cuda_reserved=36256.0MB, cuda_peak_alloc=7062.9MB, cuda_free=11711.8MB, cuda_total=48519.1MB
[2026-06-11 16:24:19] Epoch 22 train batch [1800/1875] loss=0.0732 avg_loss=0.1206. Resources: rss=2207.3MB, peak_rss=2676.6MB, cuda_alloc=360.6MB, cuda_reserved=36256.0MB, cuda_peak_alloc=7062.9MB, cuda_free=11711.8MB, cuda_total=48519.1MB
[2026-06-11 16:24:23] Epoch 22 train batch [1820/1875] loss=0.0614 avg_loss=0.1208. Resources: rss=2206.3MB, peak_rss=2676.6MB, cuda_alloc=360.6MB, cuda_reserved=36256.0MB, cuda_peak_alloc=7062.9MB, cuda_free=11711.8MB, cuda_total=48519.1MB
[2026-06-11 16:24:27] Epoch 22 train batch [1840/1875] loss=0.0264 avg_loss=0.1207. Resources: rss=2206.4MB, peak_rss=2676.6MB, cuda_alloc=360.6MB, cuda_reserved=36256.0MB, cuda_peak_alloc=7062.9MB, cuda_free=11711.8MB, cuda_total=48519.1MB
[2026-06-11 16:24:34] Epoch 22 train batch [1860/1875] loss=0.0661 avg_loss=0.1206. Resources: rss=2208.2MB, peak_rss=2676.6MB, cuda_alloc=360.6MB, cuda_reserved=21276.0MB, cuda_peak_alloc=7062.9MB, cuda_free=26691.8MB, cuda_total=48519.1MB
[2026-06-11 16:24:38] Epoch 22 train batch [1875/1875] loss=0.1609 avg_loss=0.1207. Resources: rss=2208.5MB, peak_rss=2676.6MB, cuda_alloc=360.6MB, cuda_reserved=30116.0MB, cuda_peak_alloc=7062.9MB, cuda_free=17851.8MB, cuda_total=48519.1MB
[2026-06-11 16:24:38] Epoch 22 training completed. Resources: rss=2200.2MB, peak_rss=2676.6MB, cuda_alloc=360.6MB, cuda_reserved=30116.0MB, cuda_peak_alloc=7062.9MB, cuda_free=17851.8MB, cuda_total=48519.1MB
[2026-06-11 16:24:38] Epoch 22 cache released before validation loss. Resources: rss=2199.1MB, peak_rss=2676.6MB, cuda_alloc=360.6MB, cuda_reserved=558.0MB, cuda_peak_alloc=360.6MB, cuda_free=47409.8MB, cuda_total=48519.1MB
[2026-06-11 16:25:11] Epoch 22 validation loss completed: 0.5247. Resources: rss=2198.7MB, peak_rss=2676.6MB, cuda_alloc=360.6MB, cuda_reserved=5806.0MB, cuda_peak_alloc=2034.0MB, cuda_free=42161.8MB, cuda_total=48519.1MB
[2026-06-11 16:25:12] Epoch 22 cache released before detection metrics. Resources: rss=2197.3MB, peak_rss=2676.6MB, cuda_alloc=360.6MB, cuda_reserved=558.0MB, cuda_peak_alloc=360.6MB, cuda_free=47409.8MB, cuda_total=48519.1MB
[2026-06-11 16:25:46] Epoch 22 prediction tensors moved to CPU. Computing metrics. Resources: rss=2198.0MB, peak_rss=2676.6MB, cuda_alloc=360.6MB, cuda_reserved=558.0MB, cuda_peak_alloc=360.6MB, cuda_free=47409.8MB, cuda_total=48519.1MB
[2026-06-11 16:25:46] Epoch 22 metrics computed (mAP@0.5 only). Saving artifacts. Resources: rss=2199.5MB, peak_rss=2676.6MB, cuda_alloc=360.6MB, cuda_reserved=558.0MB, cuda_peak_alloc=360.6MB, cuda_free=47409.8MB, cuda_total=48519.1MB
[2026-06-11 16:25:47] Epoch 22 did not improve mAP@0.5 enough. Early stopping counter: 2/10.
Epoch [22/50]
├── Train Loss : 0.1207
│   ├── loss_classifier  : 0.0612
│   ├── loss_box_reg     : 0.0595
│   ├── loss_objectness  : 0.0000
│   └── loss_rpn_box_reg : 0.0000
├── Val Loss   : 0.5247
├── mAP@0.5    : 0.7723
├── mAP@0.75   : n/a
├── mAP@0.5:0.95 : n/a
├── Precision  : 0.1158
├── Recall     : 0.9124
├── GT Boxes   : 2021
├── Predictions: 15925
├── Per-class AP
│   ├── person  : AP50=0.8290, AP75=n/a, AP50:95=n/a, P=0.1813, R=0.9199
│   ├── car     : AP50=0.7902, AP75=n/a, AP50:95=n/a, P=0.0875, R=0.9293
│   ├── dog     : AP50=0.8288, AP75=n/a, AP50:95=n/a, P=0.1028, R=0.9320
│   ├── cat     : AP50=0.8888, AP75=n/a, AP50:95=n/a, P=0.1267, R=0.9659
│   └── chair   : AP50=0.5245, AP75=n/a, AP50:95=n/a, P=0.0542, R=0.8191
├── LR         : 0.000664
└── Time       : 504.7s
[2026-06-11 16:25:47] Epoch [22/50] completed. Resources: rss=2197.8MB, peak_rss=2676.6MB, cuda_alloc=360.6MB, cuda_reserved=558.0MB, cuda_peak_alloc=360.6MB, cuda_free=47409.8MB, cuda_total=48519.1MB
[2026-06-11 16:25:47] Epoch [23/50] started. Resources: rss=2197.8MB, peak_rss=2676.6MB, cuda_alloc=360.6MB, cuda_reserved=558.0MB, cuda_peak_alloc=360.6MB, cuda_free=47409.8MB, cuda_total=48519.1MB
[2026-06-11 16:25:52] Epoch 23 train batch [20/1875] loss=0.0814 avg_loss=0.1039. Resources: rss=2208.0MB, peak_rss=2676.6MB, cuda_alloc=360.6MB, cuda_reserved=45896.0MB, cuda_peak_alloc=7061.9MB, cuda_free=2071.8MB, cuda_total=48519.1MB
[2026-06-11 16:25:58] Epoch 23 train batch [40/1875] loss=0.0970 avg_loss=0.1024. Resources: rss=2208.3MB, peak_rss=2676.6MB, cuda_alloc=360.6MB, cuda_reserved=41316.0MB, cuda_peak_alloc=7062.0MB, cuda_free=6651.8MB, cuda_total=48519.1MB
[2026-06-11 16:26:04] Epoch 23 train batch [60/1875] loss=0.0781 avg_loss=0.1082. Resources: rss=2208.4MB, peak_rss=2676.6MB, cuda_alloc=360.6MB, cuda_reserved=30916.0MB, cuda_peak_alloc=7062.5MB, cuda_free=17051.8MB, cuda_total=48519.1MB
[2026-06-11 16:26:08] Epoch 23 train batch [80/1875] loss=0.1679 avg_loss=0.1025. Resources: rss=2208.5MB, peak_rss=2676.6MB, cuda_alloc=360.6MB, cuda_reserved=30916.0MB, cuda_peak_alloc=7062.5MB, cuda_free=17051.8MB, cuda_total=48519.1MB
[2026-06-11 16:26:13] Epoch 23 train batch [100/1875] loss=0.1265 avg_loss=0.1061. Resources: rss=2208.3MB, peak_rss=2676.6MB, cuda_alloc=360.6MB, cuda_reserved=30916.0MB, cuda_peak_alloc=7062.5MB, cuda_free=17051.8MB, cuda_total=48519.1MB
[2026-06-11 16:26:17] Epoch 23 train batch [120/1875] loss=0.1056 avg_loss=0.1063. Resources: rss=2208.7MB, peak_rss=2676.6MB, cuda_alloc=360.6MB, cuda_reserved=30916.0MB, cuda_peak_alloc=7062.5MB, cuda_free=17051.8MB, cuda_total=48519.1MB
[2026-06-11 16:26:21] Epoch 23 train batch [140/1875] loss=0.0825 avg_loss=0.1061. Resources: rss=2207.2MB, peak_rss=2676.6MB, cuda_alloc=360.6MB, cuda_reserved=30916.0MB, cuda_peak_alloc=7062.5MB, cuda_free=17051.8MB, cuda_total=48519.1MB
[2026-06-11 16:26:26] Epoch 23 train batch [160/1875] loss=0.1847 avg_loss=0.1046. Resources: rss=2207.0MB, peak_rss=2676.6MB, cuda_alloc=360.6MB, cuda_reserved=30916.0MB, cuda_peak_alloc=7062.5MB, cuda_free=17051.8MB, cuda_total=48519.1MB
[2026-06-11 16:26:30] Epoch 23 train batch [180/1875] loss=0.0551 avg_loss=0.1047. Resources: rss=2207.0MB, peak_rss=2676.6MB, cuda_alloc=360.6MB, cuda_reserved=30916.0MB, cuda_peak_alloc=7062.5MB, cuda_free=17051.8MB, cuda_total=48519.1MB
[2026-06-11 16:26:34] Epoch 23 train batch [200/1875] loss=0.1151 avg_loss=0.1061. Resources: rss=2205.5MB, peak_rss=2676.6MB, cuda_alloc=360.6MB, cuda_reserved=30916.0MB, cuda_peak_alloc=7062.5MB, cuda_free=17051.8MB, cuda_total=48519.1MB
[2026-06-11 16:26:39] Epoch 23 train batch [220/1875] loss=0.0881 avg_loss=0.1054. Resources: rss=2207.9MB, peak_rss=2676.6MB, cuda_alloc=360.6MB, cuda_reserved=30916.0MB, cuda_peak_alloc=7062.5MB, cuda_free=17051.8MB, cuda_total=48519.1MB
[2026-06-11 16:26:43] Epoch 23 train batch [240/1875] loss=0.1193 avg_loss=0.1053. Resources: rss=2205.1MB, peak_rss=2676.6MB, cuda_alloc=360.6MB, cuda_reserved=30916.0MB, cuda_peak_alloc=7062.5MB, cuda_free=17051.8MB, cuda_total=48519.1MB
[2026-06-11 16:26:47] Epoch 23 train batch [260/1875] loss=0.1200 avg_loss=0.1064. Resources: rss=2206.9MB, peak_rss=2676.6MB, cuda_alloc=360.6MB, cuda_reserved=34216.0MB, cuda_peak_alloc=7062.5MB, cuda_free=13751.8MB, cuda_total=48519.1MB
[2026-06-11 16:26:51] Epoch 23 train batch [280/1875] loss=0.2098 avg_loss=0.1072. Resources: rss=2205.9MB, peak_rss=2676.6MB, cuda_alloc=360.6MB, cuda_reserved=34216.0MB, cuda_peak_alloc=7062.5MB, cuda_free=13751.8MB, cuda_total=48519.1MB
[2026-06-11 16:26:56] Epoch 23 train batch [300/1875] loss=0.0941 avg_loss=0.1078. Resources: rss=2206.6MB, peak_rss=2676.6MB, cuda_alloc=360.6MB, cuda_reserved=34216.0MB, cuda_peak_alloc=7062.5MB, cuda_free=13751.8MB, cuda_total=48519.1MB
[2026-06-11 16:26:59] Epoch 23 train batch [320/1875] loss=0.0493 avg_loss=0.1111. Resources: rss=2206.8MB, peak_rss=2676.6MB, cuda_alloc=360.6MB, cuda_reserved=34216.0MB, cuda_peak_alloc=7062.5MB, cuda_free=13751.8MB, cuda_total=48519.1MB
[2026-06-11 16:27:04] Epoch 23 train batch [340/1875] loss=0.1557 avg_loss=0.1113. Resources: rss=2207.5MB, peak_rss=2676.6MB, cuda_alloc=360.6MB, cuda_reserved=34216.0MB, cuda_peak_alloc=7062.5MB, cuda_free=13751.8MB, cuda_total=48519.1MB
[2026-06-11 16:27:08] Epoch 23 train batch [360/1875] loss=0.1002 avg_loss=0.1119. Resources: rss=2207.6MB, peak_rss=2676.6MB, cuda_alloc=360.6MB, cuda_reserved=34216.0MB, cuda_peak_alloc=7062.5MB, cuda_free=13751.8MB, cuda_total=48519.1MB
[2026-06-11 16:27:12] Epoch 23 train batch [380/1875] loss=0.2218 avg_loss=0.1125. Resources: rss=2207.6MB, peak_rss=2676.6MB, cuda_alloc=360.6MB, cuda_reserved=34216.0MB, cuda_peak_alloc=7062.5MB, cuda_free=13751.8MB, cuda_total=48519.1MB
[2026-06-11 16:27:17] Epoch 23 train batch [400/1875] loss=0.1734 avg_loss=0.1127. Resources: rss=2207.4MB, peak_rss=2676.6MB, cuda_alloc=360.6MB, cuda_reserved=34216.0MB, cuda_peak_alloc=7062.5MB, cuda_free=13751.8MB, cuda_total=48519.1MB
[2026-06-11 16:27:21] Epoch 23 train batch [420/1875] loss=0.0668 avg_loss=0.1124. Resources: rss=2206.4MB, peak_rss=2676.6MB, cuda_alloc=360.6MB, cuda_reserved=34216.0MB, cuda_peak_alloc=7062.5MB, cuda_free=13751.8MB, cuda_total=48519.1MB
[2026-06-11 16:27:26] Epoch 23 train batch [440/1875] loss=0.1329 avg_loss=0.1122. Resources: rss=2207.1MB, peak_rss=2676.6MB, cuda_alloc=360.6MB, cuda_reserved=34216.0MB, cuda_peak_alloc=7062.5MB, cuda_free=13751.8MB, cuda_total=48519.1MB
[2026-06-11 16:27:30] Epoch 23 train batch [460/1875] loss=0.1526 avg_loss=0.1126. Resources: rss=2206.6MB, peak_rss=2676.6MB, cuda_alloc=360.6MB, cuda_reserved=34216.0MB, cuda_peak_alloc=7062.5MB, cuda_free=13751.8MB, cuda_total=48519.1MB
[2026-06-11 16:27:34] Epoch 23 train batch [480/1875] loss=0.1326 avg_loss=0.1117. Resources: rss=2207.5MB, peak_rss=2676.6MB, cuda_alloc=360.6MB, cuda_reserved=34216.0MB, cuda_peak_alloc=7062.5MB, cuda_free=13751.8MB, cuda_total=48519.1MB
[2026-06-11 16:27:38] Epoch 23 train batch [500/1875] loss=0.1607 avg_loss=0.1127. Resources: rss=2206.9MB, peak_rss=2676.6MB, cuda_alloc=360.6MB, cuda_reserved=34216.0MB, cuda_peak_alloc=7062.5MB, cuda_free=13751.8MB, cuda_total=48519.1MB
[2026-06-11 16:27:43] Epoch 23 train batch [520/1875] loss=0.0716 avg_loss=0.1140. Resources: rss=2207.8MB, peak_rss=2676.6MB, cuda_alloc=360.6MB, cuda_reserved=34216.0MB, cuda_peak_alloc=7062.5MB, cuda_free=13751.8MB, cuda_total=48519.1MB
[2026-06-11 16:27:47] Epoch 23 train batch [540/1875] loss=0.1615 avg_loss=0.1144. Resources: rss=2207.4MB, peak_rss=2676.6MB, cuda_alloc=360.6MB, cuda_reserved=47196.0MB, cuda_peak_alloc=7062.5MB, cuda_free=771.8MB, cuda_total=48519.1MB
[2026-06-11 16:27:53] Epoch 23 train batch [560/1875] loss=0.0441 avg_loss=0.1150. Resources: rss=2207.6MB, peak_rss=2676.6MB, cuda_alloc=360.6MB, cuda_reserved=39676.0MB, cuda_peak_alloc=7062.5MB, cuda_free=8291.8MB, cuda_total=48519.1MB
[2026-06-11 16:27:58] Epoch 23 train batch [580/1875] loss=0.0670 avg_loss=0.1153. Resources: rss=2207.7MB, peak_rss=2676.6MB, cuda_alloc=360.6MB, cuda_reserved=35476.0MB, cuda_peak_alloc=7062.5MB, cuda_free=12491.8MB, cuda_total=48519.1MB
[2026-06-11 16:28:02] Epoch 23 train batch [600/1875] loss=0.1365 avg_loss=0.1149. Resources: rss=2208.4MB, peak_rss=2676.6MB, cuda_alloc=360.6MB, cuda_reserved=44616.0MB, cuda_peak_alloc=7062.5MB, cuda_free=3351.8MB, cuda_total=48519.1MB
[2026-06-11 16:28:07] Epoch 23 train batch [620/1875] loss=0.1406 avg_loss=0.1151. Resources: rss=2209.5MB, peak_rss=2676.6MB, cuda_alloc=360.6MB, cuda_reserved=45116.0MB, cuda_peak_alloc=7062.5MB, cuda_free=2851.8MB, cuda_total=48519.1MB
[2026-06-11 16:28:12] Epoch 23 train batch [640/1875] loss=0.0927 avg_loss=0.1151. Resources: rss=2208.6MB, peak_rss=2676.6MB, cuda_alloc=360.6MB, cuda_reserved=45116.0MB, cuda_peak_alloc=7062.5MB, cuda_free=2851.8MB, cuda_total=48519.1MB
[2026-06-11 16:28:16] Epoch 23 train batch [660/1875] loss=0.1612 avg_loss=0.1147. Resources: rss=2209.4MB, peak_rss=2676.6MB, cuda_alloc=360.6MB, cuda_reserved=45116.0MB, cuda_peak_alloc=7062.5MB, cuda_free=2851.8MB, cuda_total=48519.1MB
[2026-06-11 16:28:21] Epoch 23 train batch [680/1875] loss=0.0769 avg_loss=0.1141. Resources: rss=2208.6MB, peak_rss=2676.6MB, cuda_alloc=360.6MB, cuda_reserved=40476.0MB, cuda_peak_alloc=7062.5MB, cuda_free=7491.8MB, cuda_total=48519.1MB
[2026-06-11 16:28:25] Epoch 23 train batch [700/1875] loss=0.1640 avg_loss=0.1139. Resources: rss=2210.3MB, peak_rss=2676.6MB, cuda_alloc=360.6MB, cuda_reserved=40476.0MB, cuda_peak_alloc=7062.5MB, cuda_free=7491.8MB, cuda_total=48519.1MB
[2026-06-11 16:28:30] Epoch 23 train batch [720/1875] loss=0.1528 avg_loss=0.1144. Resources: rss=2210.6MB, peak_rss=2676.6MB, cuda_alloc=360.6MB, cuda_reserved=40476.0MB, cuda_peak_alloc=7062.5MB, cuda_free=7491.8MB, cuda_total=48519.1MB
[2026-06-11 16:28:34] Epoch 23 train batch [740/1875] loss=0.1165 avg_loss=0.1149. Resources: rss=2209.8MB, peak_rss=2676.6MB, cuda_alloc=360.6MB, cuda_reserved=40476.0MB, cuda_peak_alloc=7062.6MB, cuda_free=7491.8MB, cuda_total=48519.1MB
[2026-06-11 16:28:38] Epoch 23 train batch [760/1875] loss=0.0844 avg_loss=0.1145. Resources: rss=2208.9MB, peak_rss=2676.6MB, cuda_alloc=360.6MB, cuda_reserved=43956.0MB, cuda_peak_alloc=7062.6MB, cuda_free=4011.8MB, cuda_total=48519.1MB
[2026-06-11 16:28:43] Epoch 23 train batch [780/1875] loss=0.0847 avg_loss=0.1147. Resources: rss=2207.5MB, peak_rss=2676.6MB, cuda_alloc=360.6MB, cuda_reserved=43956.0MB, cuda_peak_alloc=7062.6MB, cuda_free=4011.8MB, cuda_total=48519.1MB
[2026-06-11 16:28:47] Epoch 23 train batch [800/1875] loss=0.2057 avg_loss=0.1145. Resources: rss=2207.8MB, peak_rss=2676.6MB, cuda_alloc=360.6MB, cuda_reserved=43956.0MB, cuda_peak_alloc=7062.6MB, cuda_free=4011.8MB, cuda_total=48519.1MB
[2026-06-11 16:28:52] Epoch 23 train batch [820/1875] loss=0.0593 avg_loss=0.1140. Resources: rss=2209.4MB, peak_rss=2676.6MB, cuda_alloc=360.6MB, cuda_reserved=43956.0MB, cuda_peak_alloc=7062.6MB, cuda_free=4011.8MB, cuda_total=48519.1MB
[2026-06-11 16:28:57] Epoch 23 train batch [840/1875] loss=0.1138 avg_loss=0.1141. Resources: rss=2208.9MB, peak_rss=2676.6MB, cuda_alloc=360.6MB, cuda_reserved=28196.0MB, cuda_peak_alloc=7062.6MB, cuda_free=19771.8MB, cuda_total=48519.1MB
[2026-06-11 16:29:03] Epoch 23 train batch [860/1875] loss=0.1251 avg_loss=0.1140. Resources: rss=2208.8MB, peak_rss=2676.6MB, cuda_alloc=360.6MB, cuda_reserved=7356.0MB, cuda_peak_alloc=7062.6MB, cuda_free=40611.8MB, cuda_total=48519.1MB
[2026-06-11 16:29:08] Epoch 23 train batch [880/1875] loss=0.0778 avg_loss=0.1142. Resources: rss=2208.1MB, peak_rss=2676.6MB, cuda_alloc=360.6MB, cuda_reserved=25456.0MB, cuda_peak_alloc=7062.6MB, cuda_free=22511.8MB, cuda_total=48519.1MB
[2026-06-11 16:29:12] Epoch 23 train batch [900/1875] loss=0.1347 avg_loss=0.1141. Resources: rss=2209.4MB, peak_rss=2676.6MB, cuda_alloc=360.6MB, cuda_reserved=32936.0MB, cuda_peak_alloc=7062.6MB, cuda_free=15031.8MB, cuda_total=48519.1MB
[2026-06-11 16:29:17] Epoch 23 train batch [920/1875] loss=0.2199 avg_loss=0.1140. Resources: rss=2209.5MB, peak_rss=2676.6MB, cuda_alloc=360.6MB, cuda_reserved=5276.0MB, cuda_peak_alloc=7062.6MB, cuda_free=42691.8MB, cuda_total=48519.1MB
[2026-06-11 16:29:22] Epoch 23 train batch [940/1875] loss=0.2131 avg_loss=0.1137. Resources: rss=2209.4MB, peak_rss=2676.6MB, cuda_alloc=360.6MB, cuda_reserved=31516.0MB, cuda_peak_alloc=7062.6MB, cuda_free=16451.8MB, cuda_total=48519.1MB
[2026-06-11 16:29:26] Epoch 23 train batch [960/1875] loss=0.1892 avg_loss=0.1132. Resources: rss=2211.1MB, peak_rss=2676.6MB, cuda_alloc=360.6MB, cuda_reserved=35716.0MB, cuda_peak_alloc=7062.6MB, cuda_free=12251.8MB, cuda_total=48519.1MB
[2026-06-11 16:29:31] Epoch 23 train batch [980/1875] loss=0.2563 avg_loss=0.1130. Resources: rss=2210.4MB, peak_rss=2676.6MB, cuda_alloc=360.6MB, cuda_reserved=35716.0MB, cuda_peak_alloc=7062.6MB, cuda_free=12251.8MB, cuda_total=48519.1MB
[2026-06-11 16:29:35] Epoch 23 train batch [1000/1875] loss=0.0506 avg_loss=0.1129. Resources: rss=2209.7MB, peak_rss=2676.6MB, cuda_alloc=360.6MB, cuda_reserved=39016.0MB, cuda_peak_alloc=7062.6MB, cuda_free=8951.8MB, cuda_total=48519.1MB
[2026-06-11 16:29:39] Epoch 23 train batch [1020/1875] loss=0.0540 avg_loss=0.1125. Resources: rss=2208.6MB, peak_rss=2676.6MB, cuda_alloc=360.6MB, cuda_reserved=43136.0MB, cuda_peak_alloc=7062.6MB, cuda_free=4831.8MB, cuda_total=48519.1MB
[2026-06-11 16:29:44] Epoch 23 train batch [1040/1875] loss=0.1151 avg_loss=0.1124. Resources: rss=2209.8MB, peak_rss=2676.6MB, cuda_alloc=360.6MB, cuda_reserved=43136.0MB, cuda_peak_alloc=7062.6MB, cuda_free=4831.8MB, cuda_total=48519.1MB
[2026-06-11 16:29:48] Epoch 23 train batch [1060/1875] loss=0.0678 avg_loss=0.1121. Resources: rss=2208.8MB, peak_rss=2676.6MB, cuda_alloc=360.6MB, cuda_reserved=43136.0MB, cuda_peak_alloc=7062.6MB, cuda_free=4831.8MB, cuda_total=48519.1MB
[2026-06-11 16:29:52] Epoch 23 train batch [1080/1875] loss=0.0451 avg_loss=0.1119. Resources: rss=2208.9MB, peak_rss=2676.6MB, cuda_alloc=360.6MB, cuda_reserved=43136.0MB, cuda_peak_alloc=7062.6MB, cuda_free=4831.8MB, cuda_total=48519.1MB
[2026-06-11 16:29:57] Epoch 23 train batch [1100/1875] loss=0.0406 avg_loss=0.1121. Resources: rss=2208.7MB, peak_rss=2676.6MB, cuda_alloc=360.6MB, cuda_reserved=44816.0MB, cuda_peak_alloc=7062.6MB, cuda_free=3151.8MB, cuda_total=48519.1MB
[2026-06-11 16:30:01] Epoch 23 train batch [1120/1875] loss=0.0572 avg_loss=0.1118. Resources: rss=2209.5MB, peak_rss=2676.6MB, cuda_alloc=360.6MB, cuda_reserved=44816.0MB, cuda_peak_alloc=7062.6MB, cuda_free=3151.8MB, cuda_total=48519.1MB
[2026-06-11 16:30:05] Epoch 23 train batch [1140/1875] loss=0.1419 avg_loss=0.1118. Resources: rss=2209.4MB, peak_rss=2676.6MB, cuda_alloc=360.6MB, cuda_reserved=44816.0MB, cuda_peak_alloc=7062.6MB, cuda_free=3151.8MB, cuda_total=48519.1MB
[2026-06-11 16:30:10] Epoch 23 train batch [1160/1875] loss=0.1058 avg_loss=0.1115. Resources: rss=2210.1MB, peak_rss=2676.6MB, cuda_alloc=360.6MB, cuda_reserved=44816.0MB, cuda_peak_alloc=7062.6MB, cuda_free=3151.8MB, cuda_total=48519.1MB
[2026-06-11 16:30:15] Epoch 23 train batch [1180/1875] loss=0.0443 avg_loss=0.1113. Resources: rss=2208.8MB, peak_rss=2676.6MB, cuda_alloc=360.6MB, cuda_reserved=35736.0MB, cuda_peak_alloc=7062.6MB, cuda_free=12231.8MB, cuda_total=48519.1MB
[2026-06-11 16:30:19] Epoch 23 train batch [1200/1875] loss=0.0782 avg_loss=0.1116. Resources: rss=2209.5MB, peak_rss=2676.6MB, cuda_alloc=360.6MB, cuda_reserved=45936.0MB, cuda_peak_alloc=7062.6MB, cuda_free=2031.8MB, cuda_total=48519.1MB
[2026-06-11 16:30:25] Epoch 23 train batch [1220/1875] loss=0.0820 avg_loss=0.1113. Resources: rss=2209.3MB, peak_rss=2676.6MB, cuda_alloc=360.6MB, cuda_reserved=31936.0MB, cuda_peak_alloc=7062.6MB, cuda_free=16031.8MB, cuda_total=48519.1MB
[2026-06-11 16:30:30] Epoch 23 train batch [1240/1875] loss=0.0808 avg_loss=0.1115. Resources: rss=2209.1MB, peak_rss=2676.6MB, cuda_alloc=360.6MB, cuda_reserved=36736.0MB, cuda_peak_alloc=7062.6MB, cuda_free=11231.8MB, cuda_total=48519.1MB
[2026-06-11 16:30:35] Epoch 23 train batch [1260/1875] loss=0.0725 avg_loss=0.1116. Resources: rss=2209.5MB, peak_rss=2676.6MB, cuda_alloc=360.6MB, cuda_reserved=36356.0MB, cuda_peak_alloc=7062.6MB, cuda_free=11611.8MB, cuda_total=48519.1MB
[2026-06-11 16:30:42] Epoch 23 train batch [1280/1875] loss=0.0864 avg_loss=0.1114. Resources: rss=2208.8MB, peak_rss=2676.6MB, cuda_alloc=360.6MB, cuda_reserved=24596.0MB, cuda_peak_alloc=7062.6MB, cuda_free=23371.8MB, cuda_total=48519.1MB
[2026-06-11 16:30:47] Epoch 23 train batch [1300/1875] loss=0.0469 avg_loss=0.1113. Resources: rss=2209.0MB, peak_rss=2676.6MB, cuda_alloc=360.6MB, cuda_reserved=11896.0MB, cuda_peak_alloc=7062.6MB, cuda_free=36071.8MB, cuda_total=48519.1MB
[2026-06-11 16:30:52] Epoch 23 train batch [1320/1875] loss=0.1876 avg_loss=0.1111. Resources: rss=2208.4MB, peak_rss=2676.6MB, cuda_alloc=360.6MB, cuda_reserved=14276.0MB, cuda_peak_alloc=7062.6MB, cuda_free=33691.8MB, cuda_total=48519.1MB
[2026-06-11 16:30:57] Epoch 23 train batch [1340/1875] loss=0.0783 avg_loss=0.1111. Resources: rss=2209.3MB, peak_rss=2676.6MB, cuda_alloc=360.6MB, cuda_reserved=41116.0MB, cuda_peak_alloc=7062.6MB, cuda_free=6851.8MB, cuda_total=48519.1MB
[2026-06-11 16:31:02] Epoch 23 train batch [1360/1875] loss=0.1406 avg_loss=0.1115. Resources: rss=2207.9MB, peak_rss=2676.6MB, cuda_alloc=360.6MB, cuda_reserved=34916.0MB, cuda_peak_alloc=7062.6MB, cuda_free=13051.8MB, cuda_total=48519.1MB
[2026-06-11 16:31:07] Epoch 23 train batch [1380/1875] loss=0.0642 avg_loss=0.1111. Resources: rss=2209.5MB, peak_rss=2676.6MB, cuda_alloc=360.6MB, cuda_reserved=34916.0MB, cuda_peak_alloc=7062.6MB, cuda_free=13051.8MB, cuda_total=48519.1MB
[2026-06-11 16:31:11] Epoch 23 train batch [1400/1875] loss=0.0801 avg_loss=0.1109. Resources: rss=2208.6MB, peak_rss=2676.6MB, cuda_alloc=360.6MB, cuda_reserved=34916.0MB, cuda_peak_alloc=7062.6MB, cuda_free=13051.8MB, cuda_total=48519.1MB
[2026-06-11 16:31:15] Epoch 23 train batch [1420/1875] loss=0.0650 avg_loss=0.1107. Resources: rss=2207.8MB, peak_rss=2676.6MB, cuda_alloc=360.6MB, cuda_reserved=36916.0MB, cuda_peak_alloc=7062.6MB, cuda_free=11051.8MB, cuda_total=48519.1MB
[2026-06-11 16:31:21] Epoch 23 train batch [1440/1875] loss=0.0640 avg_loss=0.1105. Resources: rss=2208.8MB, peak_rss=2676.6MB, cuda_alloc=360.6MB, cuda_reserved=31696.0MB, cuda_peak_alloc=7062.6MB, cuda_free=16271.8MB, cuda_total=48519.1MB
[2026-06-11 16:31:26] Epoch 23 train batch [1460/1875] loss=0.1223 avg_loss=0.1109. Resources: rss=2208.9MB, peak_rss=2676.6MB, cuda_alloc=360.6MB, cuda_reserved=21616.0MB, cuda_peak_alloc=7062.6MB, cuda_free=26351.8MB, cuda_total=48519.1MB
[2026-06-11 16:31:30] Epoch 23 train batch [1480/1875] loss=0.1863 avg_loss=0.1110. Resources: rss=2209.3MB, peak_rss=2676.6MB, cuda_alloc=360.6MB, cuda_reserved=40896.0MB, cuda_peak_alloc=7062.6MB, cuda_free=7071.8MB, cuda_total=48519.1MB
[2026-06-11 16:31:34] Epoch 23 train batch [1500/1875] loss=0.1371 avg_loss=0.1110. Resources: rss=2209.7MB, peak_rss=2676.6MB, cuda_alloc=360.6MB, cuda_reserved=40896.0MB, cuda_peak_alloc=7062.6MB, cuda_free=7071.8MB, cuda_total=48519.1MB
[2026-06-11 16:31:40] Epoch 23 train batch [1520/1875] loss=0.0809 avg_loss=0.1110. Resources: rss=2209.6MB, peak_rss=2676.6MB, cuda_alloc=360.6MB, cuda_reserved=45636.0MB, cuda_peak_alloc=7062.6MB, cuda_free=2331.8MB, cuda_total=48519.1MB
[2026-06-11 16:31:44] Epoch 23 train batch [1540/1875] loss=0.1163 avg_loss=0.1113. Resources: rss=2209.6MB, peak_rss=2676.6MB, cuda_alloc=360.6MB, cuda_reserved=45636.0MB, cuda_peak_alloc=7062.6MB, cuda_free=2331.8MB, cuda_total=48519.1MB
[2026-06-11 16:31:48] Epoch 23 train batch [1560/1875] loss=0.2183 avg_loss=0.1112. Resources: rss=2209.7MB, peak_rss=2676.6MB, cuda_alloc=360.6MB, cuda_reserved=45636.0MB, cuda_peak_alloc=7062.6MB, cuda_free=2331.8MB, cuda_total=48519.1MB
[2026-06-11 16:31:53] Epoch 23 train batch [1580/1875] loss=0.0612 avg_loss=0.1110. Resources: rss=2209.6MB, peak_rss=2676.6MB, cuda_alloc=360.6MB, cuda_reserved=45636.0MB, cuda_peak_alloc=7062.6MB, cuda_free=2331.8MB, cuda_total=48519.1MB
[2026-06-11 16:31:57] Epoch 23 train batch [1600/1875] loss=0.0512 avg_loss=0.1108. Resources: rss=2210.7MB, peak_rss=2676.6MB, cuda_alloc=360.6MB, cuda_reserved=45636.0MB, cuda_peak_alloc=7062.6MB, cuda_free=2331.8MB, cuda_total=48519.1MB
[2026-06-11 16:32:02] Epoch 23 train batch [1620/1875] loss=0.1433 avg_loss=0.1107. Resources: rss=2210.1MB, peak_rss=2676.6MB, cuda_alloc=360.6MB, cuda_reserved=45636.0MB, cuda_peak_alloc=7062.6MB, cuda_free=2331.8MB, cuda_total=48519.1MB
[2026-06-11 16:32:06] Epoch 23 train batch [1640/1875] loss=0.0495 avg_loss=0.1106. Resources: rss=2210.5MB, peak_rss=2676.6MB, cuda_alloc=360.6MB, cuda_reserved=45636.0MB, cuda_peak_alloc=7062.6MB, cuda_free=2331.8MB, cuda_total=48519.1MB
[2026-06-11 16:32:10] Epoch 23 train batch [1660/1875] loss=0.1198 avg_loss=0.1107. Resources: rss=2209.6MB, peak_rss=2676.6MB, cuda_alloc=360.6MB, cuda_reserved=45636.0MB, cuda_peak_alloc=7062.6MB, cuda_free=2331.8MB, cuda_total=48519.1MB
[2026-06-11 16:32:15] Epoch 23 train batch [1680/1875] loss=0.0808 avg_loss=0.1107. Resources: rss=2210.9MB, peak_rss=2676.6MB, cuda_alloc=360.6MB, cuda_reserved=45636.0MB, cuda_peak_alloc=7062.6MB, cuda_free=2331.8MB, cuda_total=48519.1MB
[2026-06-11 16:32:19] Epoch 23 train batch [1700/1875] loss=0.0451 avg_loss=0.1107. Resources: rss=2211.7MB, peak_rss=2676.6MB, cuda_alloc=360.6MB, cuda_reserved=45636.0MB, cuda_peak_alloc=7062.6MB, cuda_free=2331.8MB, cuda_total=48519.1MB
[2026-06-11 16:32:24] Epoch 23 train batch [1720/1875] loss=0.0768 avg_loss=0.1106. Resources: rss=2212.2MB, peak_rss=2676.6MB, cuda_alloc=360.6MB, cuda_reserved=45636.0MB, cuda_peak_alloc=7062.6MB, cuda_free=2331.8MB, cuda_total=48519.1MB
[2026-06-11 16:32:28] Epoch 23 train batch [1740/1875] loss=0.0846 avg_loss=0.1108. Resources: rss=2212.5MB, peak_rss=2676.6MB, cuda_alloc=360.6MB, cuda_reserved=45636.0MB, cuda_peak_alloc=7062.6MB, cuda_free=2331.8MB, cuda_total=48519.1MB
[2026-06-11 16:32:32] Epoch 23 train batch [1760/1875] loss=0.1355 avg_loss=0.1108. Resources: rss=2210.6MB, peak_rss=2676.6MB, cuda_alloc=360.6MB, cuda_reserved=45636.0MB, cuda_peak_alloc=7062.6MB, cuda_free=2331.8MB, cuda_total=48519.1MB
[2026-06-11 16:32:36] Epoch 23 train batch [1780/1875] loss=0.1680 avg_loss=0.1110. Resources: rss=2211.4MB, peak_rss=2676.6MB, cuda_alloc=360.6MB, cuda_reserved=45636.0MB, cuda_peak_alloc=7062.6MB, cuda_free=2331.8MB, cuda_total=48519.1MB
[2026-06-11 16:32:42] Epoch 23 train batch [1800/1875] loss=0.1469 avg_loss=0.1111. Resources: rss=2211.4MB, peak_rss=2676.6MB, cuda_alloc=360.6MB, cuda_reserved=27256.0MB, cuda_peak_alloc=7062.6MB, cuda_free=20711.8MB, cuda_total=48519.1MB
[2026-06-11 16:32:47] Epoch 23 train batch [1820/1875] loss=0.1599 avg_loss=0.1110. Resources: rss=2211.2MB, peak_rss=2676.6MB, cuda_alloc=360.6MB, cuda_reserved=25956.0MB, cuda_peak_alloc=7062.6MB, cuda_free=22011.8MB, cuda_total=48519.1MB
[2026-06-11 16:32:51] Epoch 23 train batch [1840/1875] loss=0.0403 avg_loss=0.1109. Resources: rss=2211.9MB, peak_rss=2676.6MB, cuda_alloc=360.6MB, cuda_reserved=40956.0MB, cuda_peak_alloc=7062.6MB, cuda_free=7011.8MB, cuda_total=48519.1MB
[2026-06-11 16:32:58] Epoch 23 train batch [1860/1875] loss=0.0838 avg_loss=0.1110. Resources: rss=2212.4MB, peak_rss=2676.6MB, cuda_alloc=360.6MB, cuda_reserved=19216.0MB, cuda_peak_alloc=7062.6MB, cuda_free=28751.8MB, cuda_total=48519.1MB
[2026-06-11 16:33:01] Epoch 23 train batch [1875/1875] loss=0.0520 avg_loss=0.1110. Resources: rss=2211.9MB, peak_rss=2676.6MB, cuda_alloc=360.6MB, cuda_reserved=45456.0MB, cuda_peak_alloc=7062.6MB, cuda_free=2511.8MB, cuda_total=48519.1MB
[2026-06-11 16:33:01] Epoch 23 training completed. Resources: rss=2203.4MB, peak_rss=2676.6MB, cuda_alloc=360.6MB, cuda_reserved=45456.0MB, cuda_peak_alloc=7062.6MB, cuda_free=2511.8MB, cuda_total=48519.1MB
[2026-06-11 16:33:02] Epoch 23 cache released before validation loss. Resources: rss=2203.4MB, peak_rss=2676.6MB, cuda_alloc=360.6MB, cuda_reserved=500.0MB, cuda_peak_alloc=360.6MB, cuda_free=47467.8MB, cuda_total=48519.1MB
[2026-06-11 16:33:35] Epoch 23 validation loss completed: 0.5397. Resources: rss=2202.9MB, peak_rss=2676.6MB, cuda_alloc=360.6MB, cuda_reserved=5746.0MB, cuda_peak_alloc=2034.0MB, cuda_free=42221.8MB, cuda_total=48519.1MB
[2026-06-11 16:33:35] Epoch 23 cache released before detection metrics. Resources: rss=2202.4MB, peak_rss=2676.6MB, cuda_alloc=360.6MB, cuda_reserved=500.0MB, cuda_peak_alloc=360.6MB, cuda_free=47467.8MB, cuda_total=48519.1MB
[2026-06-11 16:34:10] Epoch 23 prediction tensors moved to CPU. Computing metrics. Resources: rss=2201.2MB, peak_rss=2676.6MB, cuda_alloc=360.6MB, cuda_reserved=500.0MB, cuda_peak_alloc=360.6MB, cuda_free=47467.8MB, cuda_total=48519.1MB
[2026-06-11 16:34:10] Epoch 23 metrics computed (mAP@0.5 only). Saving artifacts. Resources: rss=2202.7MB, peak_rss=2676.6MB, cuda_alloc=360.6MB, cuda_reserved=500.0MB, cuda_peak_alloc=360.6MB, cuda_free=47467.8MB, cuda_total=48519.1MB
[2026-06-11 16:34:10] Epoch 23 did not improve mAP@0.5 enough. Early stopping counter: 3/10.
Epoch [23/50]
├── Train Loss : 0.1110
│   ├── loss_classifier  : 0.0557
│   ├── loss_box_reg     : 0.0553
│   ├── loss_objectness  : 0.0000
│   └── loss_rpn_box_reg : 0.0000
├── Val Loss   : 0.5397
├── mAP@0.5    : 0.7721
├── mAP@0.75   : n/a
├── mAP@0.5:0.95 : n/a
├── Precision  : 0.1001
├── Recall     : 0.9203
├── GT Boxes   : 2021
├── Predictions: 18581
├── Per-class AP
│   ├── person  : AP50=0.8255, AP75=n/a, AP50:95=n/a, P=0.1354, R=0.9274
│   ├── car     : AP50=0.7877, AP75=n/a, AP50:95=n/a, P=0.1075, R=0.9223
│   ├── dog     : AP50=0.8323, AP75=n/a, AP50:95=n/a, P=0.1153, R=0.9369
│   ├── cat     : AP50=0.8986, AP75=n/a, AP50:95=n/a, P=0.1363, R=0.9659
│   └── chair   : AP50=0.5163, AP75=n/a, AP50:95=n/a, P=0.0408, R=0.8511
├── LR         : 0.000633
└── Time       : 502.8s
[2026-06-11 16:34:10] Epoch [23/50] completed. Resources: rss=2201.2MB, peak_rss=2676.6MB, cuda_alloc=360.6MB, cuda_reserved=500.0MB, cuda_peak_alloc=360.6MB, cuda_free=47467.8MB, cuda_total=48519.1MB
[2026-06-11 16:34:10] Epoch [24/50] started. Resources: rss=2201.2MB, peak_rss=2676.6MB, cuda_alloc=360.6MB, cuda_reserved=500.0MB, cuda_peak_alloc=360.6MB, cuda_free=47467.8MB, cuda_total=48519.1MB
[2026-06-11 16:34:16] Epoch 24 train batch [20/1875] loss=0.0599 avg_loss=0.0944. Resources: rss=2211.9MB, peak_rss=2676.6MB, cuda_alloc=360.6MB, cuda_reserved=21256.0MB, cuda_peak_alloc=7061.9MB, cuda_free=26711.8MB, cuda_total=48519.1MB
[2026-06-11 16:34:20] Epoch 24 train batch [40/1875] loss=0.2596 avg_loss=0.1040. Resources: rss=2212.4MB, peak_rss=2676.6MB, cuda_alloc=360.6MB, cuda_reserved=37896.0MB, cuda_peak_alloc=7061.9MB, cuda_free=10071.8MB, cuda_total=48519.1MB
[2026-06-11 16:34:24] Epoch 24 train batch [60/1875] loss=0.0946 avg_loss=0.0983. Resources: rss=2213.1MB, peak_rss=2676.6MB, cuda_alloc=360.6MB, cuda_reserved=37896.0MB, cuda_peak_alloc=7062.1MB, cuda_free=10071.8MB, cuda_total=48519.1MB
[2026-06-11 16:34:29] Epoch 24 train batch [80/1875] loss=0.0801 avg_loss=0.1004. Resources: rss=2213.1MB, peak_rss=2676.6MB, cuda_alloc=360.6MB, cuda_reserved=38836.0MB, cuda_peak_alloc=7062.1MB, cuda_free=9131.8MB, cuda_total=48519.1MB
[2026-06-11 16:34:33] Epoch 24 train batch [100/1875] loss=0.0425 avg_loss=0.1011. Resources: rss=2212.9MB, peak_rss=2676.6MB, cuda_alloc=360.6MB, cuda_reserved=40236.0MB, cuda_peak_alloc=7062.1MB, cuda_free=7731.8MB, cuda_total=48519.1MB
[2026-06-11 16:34:37] Epoch 24 train batch [120/1875] loss=0.0706 avg_loss=0.1077. Resources: rss=2214.0MB, peak_rss=2676.6MB, cuda_alloc=360.6MB, cuda_reserved=40236.0MB, cuda_peak_alloc=7062.1MB, cuda_free=7731.8MB, cuda_total=48519.1MB
[2026-06-11 16:34:42] Epoch 24 train batch [140/1875] loss=0.0865 avg_loss=0.1059. Resources: rss=2213.3MB, peak_rss=2676.6MB, cuda_alloc=360.6MB, cuda_reserved=40236.0MB, cuda_peak_alloc=7062.1MB, cuda_free=7731.8MB, cuda_total=48519.1MB
[2026-06-11 16:34:46] Epoch 24 train batch [160/1875] loss=0.1273 avg_loss=0.1067. Resources: rss=2211.5MB, peak_rss=2676.6MB, cuda_alloc=360.6MB, cuda_reserved=40236.0MB, cuda_peak_alloc=7062.4MB, cuda_free=7731.8MB, cuda_total=48519.1MB
[2026-06-11 16:34:52] Epoch 24 train batch [180/1875] loss=0.0269 avg_loss=0.1065. Resources: rss=2213.5MB, peak_rss=2676.6MB, cuda_alloc=360.6MB, cuda_reserved=18996.0MB, cuda_peak_alloc=7062.4MB, cuda_free=28971.8MB, cuda_total=48519.1MB
[2026-06-11 16:34:56] Epoch 24 train batch [200/1875] loss=0.1658 avg_loss=0.1058. Resources: rss=2212.4MB, peak_rss=2676.6MB, cuda_alloc=360.6MB, cuda_reserved=28316.0MB, cuda_peak_alloc=7062.4MB, cuda_free=19651.8MB, cuda_total=48519.1MB
[2026-06-11 16:35:00] Epoch 24 train batch [220/1875] loss=0.0434 avg_loss=0.1059. Resources: rss=2213.2MB, peak_rss=2676.6MB, cuda_alloc=360.6MB, cuda_reserved=42096.0MB, cuda_peak_alloc=7062.4MB, cuda_free=5871.8MB, cuda_total=48519.1MB
[2026-06-11 16:35:05] Epoch 24 train batch [240/1875] loss=0.0438 avg_loss=0.1066. Resources: rss=2212.8MB, peak_rss=2676.6MB, cuda_alloc=360.6MB, cuda_reserved=42096.0MB, cuda_peak_alloc=7062.4MB, cuda_free=5871.8MB, cuda_total=48519.1MB
[2026-06-11 16:35:11] Epoch 24 train batch [260/1875] loss=0.0866 avg_loss=0.1057. Resources: rss=2213.2MB, peak_rss=2676.6MB, cuda_alloc=360.6MB, cuda_reserved=18916.0MB, cuda_peak_alloc=7062.4MB, cuda_free=29051.8MB, cuda_total=48519.1MB
[2026-06-11 16:35:15] Epoch 24 train batch [280/1875] loss=0.0691 avg_loss=0.1046. Resources: rss=2213.7MB, peak_rss=2676.6MB, cuda_alloc=360.6MB, cuda_reserved=24876.0MB, cuda_peak_alloc=7062.4MB, cuda_free=23091.8MB, cuda_total=48519.1MB
[2026-06-11 16:35:20] Epoch 24 train batch [300/1875] loss=0.0961 avg_loss=0.1041. Resources: rss=2214.7MB, peak_rss=2676.6MB, cuda_alloc=360.6MB, cuda_reserved=24876.0MB, cuda_peak_alloc=7062.4MB, cuda_free=23091.8MB, cuda_total=48519.1MB
[2026-06-11 16:35:25] Epoch 24 train batch [320/1875] loss=0.0980 avg_loss=0.1045. Resources: rss=2214.2MB, peak_rss=2676.6MB, cuda_alloc=360.6MB, cuda_reserved=36956.0MB, cuda_peak_alloc=7062.4MB, cuda_free=11011.8MB, cuda_total=48519.1MB
[2026-06-11 16:35:30] Epoch 24 train batch [340/1875] loss=0.1359 avg_loss=0.1048. Resources: rss=2214.3MB, peak_rss=2676.6MB, cuda_alloc=360.6MB, cuda_reserved=29256.0MB, cuda_peak_alloc=7062.4MB, cuda_free=18711.8MB, cuda_total=48519.1MB
[2026-06-11 16:35:35] Epoch 24 train batch [360/1875] loss=0.0656 avg_loss=0.1051. Resources: rss=2214.2MB, peak_rss=2676.6MB, cuda_alloc=360.6MB, cuda_reserved=29476.0MB, cuda_peak_alloc=7062.4MB, cuda_free=18491.8MB, cuda_total=48519.1MB
[2026-06-11 16:35:39] Epoch 24 train batch [380/1875] loss=0.1047 avg_loss=0.1049. Resources: rss=2212.5MB, peak_rss=2676.6MB, cuda_alloc=360.6MB, cuda_reserved=43056.0MB, cuda_peak_alloc=7062.4MB, cuda_free=4911.8MB, cuda_total=48519.1MB
[2026-06-11 16:35:43] Epoch 24 train batch [400/1875] loss=0.1155 avg_loss=0.1046. Resources: rss=2214.2MB, peak_rss=2676.6MB, cuda_alloc=360.6MB, cuda_reserved=43056.0MB, cuda_peak_alloc=7062.4MB, cuda_free=4911.8MB, cuda_total=48519.1MB
[2026-06-11 16:35:47] Epoch 24 train batch [420/1875] loss=0.1678 avg_loss=0.1055. Resources: rss=2214.5MB, peak_rss=2676.6MB, cuda_alloc=360.6MB, cuda_reserved=43056.0MB, cuda_peak_alloc=7062.4MB, cuda_free=4911.8MB, cuda_total=48519.1MB
[2026-06-11 16:35:52] Epoch 24 train batch [440/1875] loss=0.2402 avg_loss=0.1059. Resources: rss=2214.0MB, peak_rss=2676.6MB, cuda_alloc=360.6MB, cuda_reserved=43056.0MB, cuda_peak_alloc=7062.4MB, cuda_free=4911.8MB, cuda_total=48519.1MB
[2026-06-11 16:35:57] Epoch 24 train batch [460/1875] loss=0.0626 avg_loss=0.1055. Resources: rss=2214.2MB, peak_rss=2676.6MB, cuda_alloc=360.6MB, cuda_reserved=13096.0MB, cuda_peak_alloc=7062.4MB, cuda_free=34871.8MB, cuda_total=48519.1MB
[2026-06-11 16:36:02] Epoch 24 train batch [480/1875] loss=0.1802 avg_loss=0.1050. Resources: rss=2214.3MB, peak_rss=2676.6MB, cuda_alloc=360.6MB, cuda_reserved=32296.0MB, cuda_peak_alloc=7062.4MB, cuda_free=15671.8MB, cuda_total=48519.1MB
[2026-06-11 16:36:07] Epoch 24 train batch [500/1875] loss=0.1369 avg_loss=0.1051. Resources: rss=2214.8MB, peak_rss=2676.6MB, cuda_alloc=360.6MB, cuda_reserved=33196.0MB, cuda_peak_alloc=7062.4MB, cuda_free=14771.8MB, cuda_total=48519.1MB
[2026-06-11 16:36:12] Epoch 24 train batch [520/1875] loss=0.0734 avg_loss=0.1061. Resources: rss=2213.0MB, peak_rss=2676.6MB, cuda_alloc=360.6MB, cuda_reserved=14216.0MB, cuda_peak_alloc=7062.4MB, cuda_free=33751.8MB, cuda_total=48519.1MB
[2026-06-11 16:36:18] Epoch 24 train batch [540/1875] loss=0.0573 avg_loss=0.1055. Resources: rss=2214.6MB, peak_rss=2676.6MB, cuda_alloc=360.6MB, cuda_reserved=13496.0MB, cuda_peak_alloc=7062.4MB, cuda_free=34471.8MB, cuda_total=48519.1MB
[2026-06-11 16:36:23] Epoch 24 train batch [560/1875] loss=0.0505 avg_loss=0.1049. Resources: rss=2214.1MB, peak_rss=2676.6MB, cuda_alloc=360.6MB, cuda_reserved=33476.0MB, cuda_peak_alloc=7062.4MB, cuda_free=14491.8MB, cuda_total=48519.1MB
[2026-06-11 16:36:28] Epoch 24 train batch [580/1875] loss=0.0972 avg_loss=0.1044. Resources: rss=2214.9MB, peak_rss=2676.6MB, cuda_alloc=360.6MB, cuda_reserved=43376.0MB, cuda_peak_alloc=7062.4MB, cuda_free=4591.8MB, cuda_total=48519.1MB
[2026-06-11 16:36:32] Epoch 24 train batch [600/1875] loss=0.0338 avg_loss=0.1038. Resources: rss=2214.9MB, peak_rss=2676.6MB, cuda_alloc=360.6MB, cuda_reserved=43376.0MB, cuda_peak_alloc=7062.4MB, cuda_free=4591.8MB, cuda_total=48519.1MB
[2026-06-11 16:36:36] Epoch 24 train batch [620/1875] loss=0.0823 avg_loss=0.1034. Resources: rss=2214.7MB, peak_rss=2676.6MB, cuda_alloc=360.6MB, cuda_reserved=45776.0MB, cuda_peak_alloc=7062.4MB, cuda_free=2191.8MB, cuda_total=48519.1MB
[2026-06-11 16:36:42] Epoch 24 train batch [640/1875] loss=0.0504 avg_loss=0.1030. Resources: rss=2215.1MB, peak_rss=2676.6MB, cuda_alloc=360.6MB, cuda_reserved=34236.0MB, cuda_peak_alloc=7062.4MB, cuda_free=13731.8MB, cuda_total=48519.1MB
[2026-06-11 16:36:46] Epoch 24 train batch [660/1875] loss=0.2004 avg_loss=0.1034. Resources: rss=2214.7MB, peak_rss=2676.6MB, cuda_alloc=360.6MB, cuda_reserved=34236.0MB, cuda_peak_alloc=7062.4MB, cuda_free=13731.8MB, cuda_total=48519.1MB
[2026-06-11 16:36:50] Epoch 24 train batch [680/1875] loss=0.0601 avg_loss=0.1034. Resources: rss=2213.9MB, peak_rss=2676.6MB, cuda_alloc=360.6MB, cuda_reserved=34676.0MB, cuda_peak_alloc=7062.4MB, cuda_free=13291.8MB, cuda_total=48519.1MB
[2026-06-11 16:36:55] Epoch 24 train batch [700/1875] loss=0.0633 avg_loss=0.1032. Resources: rss=2214.7MB, peak_rss=2676.6MB, cuda_alloc=360.6MB, cuda_reserved=36476.0MB, cuda_peak_alloc=7062.4MB, cuda_free=11491.8MB, cuda_total=48519.1MB
[2026-06-11 16:36:59] Epoch 24 train batch [720/1875] loss=0.0563 avg_loss=0.1026. Resources: rss=2214.8MB, peak_rss=2676.6MB, cuda_alloc=360.6MB, cuda_reserved=40116.0MB, cuda_peak_alloc=7062.4MB, cuda_free=7851.8MB, cuda_total=48519.1MB
[2026-06-11 16:37:03] Epoch 24 train batch [740/1875] loss=0.2365 avg_loss=0.1029. Resources: rss=2213.9MB, peak_rss=2676.6MB, cuda_alloc=360.6MB, cuda_reserved=40116.0MB, cuda_peak_alloc=7062.4MB, cuda_free=7851.8MB, cuda_total=48519.1MB
[2026-06-11 16:37:08] Epoch 24 train batch [760/1875] loss=0.0443 avg_loss=0.1026. Resources: rss=2215.1MB, peak_rss=2676.6MB, cuda_alloc=360.6MB, cuda_reserved=40116.0MB, cuda_peak_alloc=7062.4MB, cuda_free=7851.8MB, cuda_total=48519.1MB
[2026-06-11 16:37:12] Epoch 24 train batch [780/1875] loss=0.0282 avg_loss=0.1023. Resources: rss=2214.1MB, peak_rss=2676.6MB, cuda_alloc=360.6MB, cuda_reserved=40116.0MB, cuda_peak_alloc=7062.4MB, cuda_free=7851.8MB, cuda_total=48519.1MB
[2026-06-11 16:37:17] Epoch 24 train batch [800/1875] loss=0.0487 avg_loss=0.1023. Resources: rss=2214.4MB, peak_rss=2676.6MB, cuda_alloc=360.6MB, cuda_reserved=40116.0MB, cuda_peak_alloc=7062.4MB, cuda_free=7851.8MB, cuda_total=48519.1MB
[2026-06-11 16:37:21] Epoch 24 train batch [820/1875] loss=0.0752 avg_loss=0.1027. Resources: rss=2214.0MB, peak_rss=2676.6MB, cuda_alloc=360.6MB, cuda_reserved=42396.0MB, cuda_peak_alloc=7062.4MB, cuda_free=5571.8MB, cuda_total=48519.1MB
[2026-06-11 16:37:26] Epoch 24 train batch [840/1875] loss=0.0941 avg_loss=0.1024. Resources: rss=2214.5MB, peak_rss=2676.6MB, cuda_alloc=360.6MB, cuda_reserved=42396.0MB, cuda_peak_alloc=7062.4MB, cuda_free=5571.8MB, cuda_total=48519.1MB
[2026-06-11 16:37:31] Epoch 24 train batch [860/1875] loss=0.1550 avg_loss=0.1028. Resources: rss=2213.8MB, peak_rss=2676.6MB, cuda_alloc=360.6MB, cuda_reserved=5276.0MB, cuda_peak_alloc=7062.4MB, cuda_free=42691.8MB, cuda_total=48519.1MB
[2026-06-11 16:37:35] Epoch 24 train batch [880/1875] loss=0.0356 avg_loss=0.1029. Resources: rss=2214.0MB, peak_rss=2676.6MB, cuda_alloc=360.6MB, cuda_reserved=32936.0MB, cuda_peak_alloc=7062.4MB, cuda_free=15031.8MB, cuda_total=48519.1MB
[2026-06-11 16:37:39] Epoch 24 train batch [900/1875] loss=0.1125 avg_loss=0.1024. Resources: rss=2214.1MB, peak_rss=2676.6MB, cuda_alloc=360.6MB, cuda_reserved=37976.0MB, cuda_peak_alloc=7062.4MB, cuda_free=9991.8MB, cuda_total=48519.1MB
[2026-06-11 16:37:44] Epoch 24 train batch [920/1875] loss=0.0939 avg_loss=0.1024. Resources: rss=2214.0MB, peak_rss=2676.6MB, cuda_alloc=360.6MB, cuda_reserved=37976.0MB, cuda_peak_alloc=7062.4MB, cuda_free=9991.8MB, cuda_total=48519.1MB
[2026-06-11 16:37:48] Epoch 24 train batch [940/1875] loss=0.2265 avg_loss=0.1022. Resources: rss=2214.9MB, peak_rss=2676.6MB, cuda_alloc=360.6MB, cuda_reserved=37976.0MB, cuda_peak_alloc=7062.4MB, cuda_free=9991.8MB, cuda_total=48519.1MB
[2026-06-11 16:37:54] Epoch 24 train batch [960/1875] loss=0.0732 avg_loss=0.1021. Resources: rss=2214.4MB, peak_rss=2676.6MB, cuda_alloc=360.6MB, cuda_reserved=26836.0MB, cuda_peak_alloc=7062.4MB, cuda_free=21131.8MB, cuda_total=48519.1MB
[2026-06-11 16:37:59] Epoch 24 train batch [980/1875] loss=0.0736 avg_loss=0.1016. Resources: rss=2214.9MB, peak_rss=2676.6MB, cuda_alloc=360.6MB, cuda_reserved=28916.0MB, cuda_peak_alloc=7062.4MB, cuda_free=19051.8MB, cuda_total=48519.1MB
[2026-06-11 16:38:03] Epoch 24 train batch [1000/1875] loss=0.0601 avg_loss=0.1019. Resources: rss=2213.5MB, peak_rss=2676.6MB, cuda_alloc=360.6MB, cuda_reserved=42636.0MB, cuda_peak_alloc=7062.4MB, cuda_free=5331.8MB, cuda_total=48519.1MB
[2026-06-11 16:38:08] Epoch 24 train batch [1020/1875] loss=0.0721 avg_loss=0.1018. Resources: rss=2214.1MB, peak_rss=2676.6MB, cuda_alloc=360.6MB, cuda_reserved=42636.0MB, cuda_peak_alloc=7062.4MB, cuda_free=5331.8MB, cuda_total=48519.1MB
[2026-06-11 16:38:12] Epoch 24 train batch [1040/1875] loss=0.0465 avg_loss=0.1019. Resources: rss=2214.4MB, peak_rss=2676.6MB, cuda_alloc=360.6MB, cuda_reserved=42636.0MB, cuda_peak_alloc=7062.4MB, cuda_free=5331.8MB, cuda_total=48519.1MB
[2026-06-11 16:38:17] Epoch 24 train batch [1060/1875] loss=0.0515 avg_loss=0.1017. Resources: rss=2214.9MB, peak_rss=2676.6MB, cuda_alloc=360.6MB, cuda_reserved=16296.0MB, cuda_peak_alloc=7062.4MB, cuda_free=31671.8MB, cuda_total=48519.1MB
[2026-06-11 16:38:21] Epoch 24 train batch [1080/1875] loss=0.1299 avg_loss=0.1016. Resources: rss=2214.6MB, peak_rss=2676.6MB, cuda_alloc=360.6MB, cuda_reserved=39896.0MB, cuda_peak_alloc=7062.4MB, cuda_free=8071.8MB, cuda_total=48519.1MB
[2026-06-11 16:38:26] Epoch 24 train batch [1100/1875] loss=0.0994 avg_loss=0.1014. Resources: rss=2214.2MB, peak_rss=2676.6MB, cuda_alloc=360.6MB, cuda_reserved=46296.0MB, cuda_peak_alloc=7062.4MB, cuda_free=1671.8MB, cuda_total=48519.1MB
[2026-06-11 16:38:30] Epoch 24 train batch [1120/1875] loss=0.0758 avg_loss=0.1012. Resources: rss=2214.9MB, peak_rss=2676.6MB, cuda_alloc=360.6MB, cuda_reserved=46296.0MB, cuda_peak_alloc=7062.4MB, cuda_free=1671.8MB, cuda_total=48519.1MB
[2026-06-11 16:38:35] Epoch 24 train batch [1140/1875] loss=0.0884 avg_loss=0.1013. Resources: rss=2214.5MB, peak_rss=2676.6MB, cuda_alloc=360.6MB, cuda_reserved=46296.0MB, cuda_peak_alloc=7062.4MB, cuda_free=1671.8MB, cuda_total=48519.1MB
[2026-06-11 16:38:40] Epoch 24 train batch [1160/1875] loss=0.1025 avg_loss=0.1017. Resources: rss=2214.4MB, peak_rss=2676.6MB, cuda_alloc=360.6MB, cuda_reserved=46716.0MB, cuda_peak_alloc=7062.4MB, cuda_free=1251.8MB, cuda_total=48519.1MB
[2026-06-11 16:38:45] Epoch 24 train batch [1180/1875] loss=0.0411 avg_loss=0.1017. Resources: rss=2213.9MB, peak_rss=2676.6MB, cuda_alloc=360.6MB, cuda_reserved=34516.0MB, cuda_peak_alloc=7062.4MB, cuda_free=13451.8MB, cuda_total=48519.1MB
[2026-06-11 16:38:49] Epoch 24 train batch [1200/1875] loss=0.1858 avg_loss=0.1019. Resources: rss=2214.4MB, peak_rss=2676.6MB, cuda_alloc=360.6MB, cuda_reserved=34516.0MB, cuda_peak_alloc=7062.4MB, cuda_free=13451.8MB, cuda_total=48519.1MB
[2026-06-11 16:38:54] Epoch 24 train batch [1220/1875] loss=0.0991 avg_loss=0.1020. Resources: rss=2214.8MB, peak_rss=2676.6MB, cuda_alloc=360.6MB, cuda_reserved=34516.0MB, cuda_peak_alloc=7062.4MB, cuda_free=13451.8MB, cuda_total=48519.1MB
[2026-06-11 16:38:58] Epoch 24 train batch [1240/1875] loss=0.1060 avg_loss=0.1021. Resources: rss=2214.5MB, peak_rss=2676.6MB, cuda_alloc=360.6MB, cuda_reserved=34516.0MB, cuda_peak_alloc=7062.4MB, cuda_free=13451.8MB, cuda_total=48519.1MB
[2026-06-11 16:39:02] Epoch 24 train batch [1260/1875] loss=0.0618 avg_loss=0.1025. Resources: rss=2214.1MB, peak_rss=2676.6MB, cuda_alloc=360.6MB, cuda_reserved=36576.0MB, cuda_peak_alloc=7062.4MB, cuda_free=11391.8MB, cuda_total=48519.1MB
[2026-06-11 16:39:07] Epoch 24 train batch [1280/1875] loss=0.1052 avg_loss=0.1025. Resources: rss=2214.2MB, peak_rss=2676.6MB, cuda_alloc=360.6MB, cuda_reserved=39976.0MB, cuda_peak_alloc=7062.4MB, cuda_free=7991.8MB, cuda_total=48519.1MB
[2026-06-11 16:39:11] Epoch 24 train batch [1300/1875] loss=0.0743 avg_loss=0.1027. Resources: rss=2214.6MB, peak_rss=2676.6MB, cuda_alloc=360.6MB, cuda_reserved=39976.0MB, cuda_peak_alloc=7062.4MB, cuda_free=7991.8MB, cuda_total=48519.1MB
[2026-06-11 16:39:16] Epoch 24 train batch [1320/1875] loss=0.0534 avg_loss=0.1026. Resources: rss=2213.7MB, peak_rss=2676.6MB, cuda_alloc=360.6MB, cuda_reserved=39976.0MB, cuda_peak_alloc=7062.4MB, cuda_free=7991.8MB, cuda_total=48519.1MB
[2026-06-11 16:39:20] Epoch 24 train batch [1340/1875] loss=0.0612 avg_loss=0.1029. Resources: rss=2212.7MB, peak_rss=2676.6MB, cuda_alloc=360.6MB, cuda_reserved=47336.0MB, cuda_peak_alloc=7062.4MB, cuda_free=631.8MB, cuda_total=48519.1MB
[2026-06-11 16:39:26] Epoch 24 train batch [1360/1875] loss=0.1287 avg_loss=0.1029. Resources: rss=2214.0MB, peak_rss=2676.6MB, cuda_alloc=360.6MB, cuda_reserved=23336.0MB, cuda_peak_alloc=7062.4MB, cuda_free=24631.8MB, cuda_total=48519.1MB
[2026-06-11 16:39:31] Epoch 24 train batch [1380/1875] loss=0.0927 avg_loss=0.1030. Resources: rss=2212.0MB, peak_rss=2676.6MB, cuda_alloc=360.6MB, cuda_reserved=40856.0MB, cuda_peak_alloc=7062.4MB, cuda_free=7111.8MB, cuda_total=48519.1MB
[2026-06-11 16:39:35] Epoch 24 train batch [1400/1875] loss=0.0686 avg_loss=0.1032. Resources: rss=2213.2MB, peak_rss=2676.6MB, cuda_alloc=360.6MB, cuda_reserved=40856.0MB, cuda_peak_alloc=7062.4MB, cuda_free=7111.8MB, cuda_total=48519.1MB
[2026-06-11 16:39:40] Epoch 24 train batch [1420/1875] loss=0.0695 avg_loss=0.1030. Resources: rss=2212.7MB, peak_rss=2676.6MB, cuda_alloc=360.6MB, cuda_reserved=40856.0MB, cuda_peak_alloc=7062.4MB, cuda_free=7111.8MB, cuda_total=48519.1MB
[2026-06-11 16:39:44] Epoch 24 train batch [1440/1875] loss=0.0684 avg_loss=0.1027. Resources: rss=2213.6MB, peak_rss=2676.6MB, cuda_alloc=360.6MB, cuda_reserved=40856.0MB, cuda_peak_alloc=7062.4MB, cuda_free=7111.8MB, cuda_total=48519.1MB
[2026-06-11 16:39:48] Epoch 24 train batch [1460/1875] loss=0.1321 avg_loss=0.1030. Resources: rss=2213.5MB, peak_rss=2676.6MB, cuda_alloc=360.6MB, cuda_reserved=40856.0MB, cuda_peak_alloc=7062.4MB, cuda_free=7111.8MB, cuda_total=48519.1MB
[2026-06-11 16:39:52] Epoch 24 train batch [1480/1875] loss=0.1518 avg_loss=0.1030. Resources: rss=2213.7MB, peak_rss=2676.6MB, cuda_alloc=360.6MB, cuda_reserved=40856.0MB, cuda_peak_alloc=7062.4MB, cuda_free=7111.8MB, cuda_total=48519.1MB
[2026-06-11 16:39:57] Epoch 24 train batch [1500/1875] loss=0.0565 avg_loss=0.1029. Resources: rss=2212.7MB, peak_rss=2676.6MB, cuda_alloc=360.6MB, cuda_reserved=40856.0MB, cuda_peak_alloc=7062.4MB, cuda_free=7111.8MB, cuda_total=48519.1MB
[2026-06-11 16:40:02] Epoch 24 train batch [1520/1875] loss=0.1200 avg_loss=0.1030. Resources: rss=2213.0MB, peak_rss=2676.6MB, cuda_alloc=360.6MB, cuda_reserved=40856.0MB, cuda_peak_alloc=7062.4MB, cuda_free=7111.8MB, cuda_total=48519.1MB
[2026-06-11 16:40:06] Epoch 24 train batch [1540/1875] loss=0.1043 avg_loss=0.1029. Resources: rss=2213.4MB, peak_rss=2676.6MB, cuda_alloc=360.6MB, cuda_reserved=40856.0MB, cuda_peak_alloc=7062.4MB, cuda_free=7111.8MB, cuda_total=48519.1MB
[2026-06-11 16:40:10] Epoch 24 train batch [1560/1875] loss=0.1329 avg_loss=0.1030. Resources: rss=2213.8MB, peak_rss=2676.6MB, cuda_alloc=360.6MB, cuda_reserved=40856.0MB, cuda_peak_alloc=7062.4MB, cuda_free=7111.8MB, cuda_total=48519.1MB
[2026-06-11 16:40:15] Epoch 24 train batch [1580/1875] loss=0.1481 avg_loss=0.1029. Resources: rss=2213.3MB, peak_rss=2676.6MB, cuda_alloc=360.6MB, cuda_reserved=40856.0MB, cuda_peak_alloc=7062.4MB, cuda_free=7111.8MB, cuda_total=48519.1MB
[2026-06-11 16:40:19] Epoch 24 train batch [1600/1875] loss=0.0304 avg_loss=0.1028. Resources: rss=2213.0MB, peak_rss=2676.6MB, cuda_alloc=360.6MB, cuda_reserved=40856.0MB, cuda_peak_alloc=7062.4MB, cuda_free=7111.8MB, cuda_total=48519.1MB
[2026-06-11 16:40:23] Epoch 24 train batch [1620/1875] loss=0.0978 avg_loss=0.1030. Resources: rss=2212.8MB, peak_rss=2676.6MB, cuda_alloc=360.6MB, cuda_reserved=40856.0MB, cuda_peak_alloc=7062.4MB, cuda_free=7111.8MB, cuda_total=48519.1MB
[2026-06-11 16:40:28] Epoch 24 train batch [1640/1875] loss=0.0679 avg_loss=0.1030. Resources: rss=2212.0MB, peak_rss=2676.6MB, cuda_alloc=360.6MB, cuda_reserved=40856.0MB, cuda_peak_alloc=7062.4MB, cuda_free=7111.8MB, cuda_total=48519.1MB
[2026-06-11 16:40:32] Epoch 24 train batch [1660/1875] loss=0.0692 avg_loss=0.1029. Resources: rss=2213.5MB, peak_rss=2676.6MB, cuda_alloc=360.6MB, cuda_reserved=40856.0MB, cuda_peak_alloc=7062.4MB, cuda_free=7111.8MB, cuda_total=48519.1MB
[2026-06-11 16:40:36] Epoch 24 train batch [1680/1875] loss=0.1089 avg_loss=0.1032. Resources: rss=2212.8MB, peak_rss=2676.6MB, cuda_alloc=360.6MB, cuda_reserved=40856.0MB, cuda_peak_alloc=7062.4MB, cuda_free=7111.8MB, cuda_total=48519.1MB
[2026-06-11 16:40:41] Epoch 24 train batch [1700/1875] loss=0.0388 avg_loss=0.1031. Resources: rss=2213.6MB, peak_rss=2676.6MB, cuda_alloc=360.6MB, cuda_reserved=40856.0MB, cuda_peak_alloc=7062.4MB, cuda_free=7111.8MB, cuda_total=48519.1MB
[2026-06-11 16:40:46] Epoch 24 train batch [1720/1875] loss=0.1120 avg_loss=0.1032. Resources: rss=2213.5MB, peak_rss=2676.6MB, cuda_alloc=360.6MB, cuda_reserved=40856.0MB, cuda_peak_alloc=7062.4MB, cuda_free=7111.8MB, cuda_total=48519.1MB
[2026-06-11 16:40:50] Epoch 24 train batch [1740/1875] loss=0.1745 avg_loss=0.1034. Resources: rss=2213.0MB, peak_rss=2676.6MB, cuda_alloc=360.6MB, cuda_reserved=40856.0MB, cuda_peak_alloc=7062.4MB, cuda_free=7111.8MB, cuda_total=48519.1MB
[2026-06-11 16:40:54] Epoch 24 train batch [1760/1875] loss=0.0681 avg_loss=0.1034. Resources: rss=2213.6MB, peak_rss=2676.6MB, cuda_alloc=360.6MB, cuda_reserved=40856.0MB, cuda_peak_alloc=7062.4MB, cuda_free=7111.8MB, cuda_total=48519.1MB
[2026-06-11 16:40:59] Epoch 24 train batch [1780/1875] loss=0.0903 avg_loss=0.1035. Resources: rss=2212.3MB, peak_rss=2676.6MB, cuda_alloc=360.6MB, cuda_reserved=40856.0MB, cuda_peak_alloc=7062.4MB, cuda_free=7111.8MB, cuda_total=48519.1MB
[2026-06-11 16:41:03] Epoch 24 train batch [1800/1875] loss=0.2493 avg_loss=0.1035. Resources: rss=2212.5MB, peak_rss=2676.6MB, cuda_alloc=360.6MB, cuda_reserved=40856.0MB, cuda_peak_alloc=7062.4MB, cuda_free=7111.8MB, cuda_total=48519.1MB
[2026-06-11 16:41:08] Epoch 24 train batch [1820/1875] loss=0.1803 avg_loss=0.1037. Resources: rss=2212.9MB, peak_rss=2676.6MB, cuda_alloc=360.6MB, cuda_reserved=40856.0MB, cuda_peak_alloc=7062.4MB, cuda_free=7111.8MB, cuda_total=48519.1MB
[2026-06-11 16:41:12] Epoch 24 train batch [1840/1875] loss=0.0367 avg_loss=0.1037. Resources: rss=2213.3MB, peak_rss=2676.6MB, cuda_alloc=360.6MB, cuda_reserved=40856.0MB, cuda_peak_alloc=7062.4MB, cuda_free=7111.8MB, cuda_total=48519.1MB
[2026-06-11 16:41:17] Epoch 24 train batch [1860/1875] loss=0.0876 avg_loss=0.1036. Resources: rss=2213.6MB, peak_rss=2676.6MB, cuda_alloc=360.6MB, cuda_reserved=40856.0MB, cuda_peak_alloc=7062.4MB, cuda_free=7111.8MB, cuda_total=48519.1MB
[2026-06-11 16:41:20] Epoch 24 train batch [1875/1875] loss=0.0804 avg_loss=0.1037. Resources: rss=2213.2MB, peak_rss=2676.6MB, cuda_alloc=360.6MB, cuda_reserved=40856.0MB, cuda_peak_alloc=7062.4MB, cuda_free=7111.8MB, cuda_total=48519.1MB
[2026-06-11 16:41:20] Epoch 24 training completed. Resources: rss=2205.7MB, peak_rss=2676.6MB, cuda_alloc=360.6MB, cuda_reserved=40856.0MB, cuda_peak_alloc=7062.4MB, cuda_free=7111.8MB, cuda_total=48519.1MB
[2026-06-11 16:41:21] Epoch 24 cache released before validation loss. Resources: rss=2205.7MB, peak_rss=2676.6MB, cuda_alloc=360.6MB, cuda_reserved=560.0MB, cuda_peak_alloc=360.6MB, cuda_free=47407.8MB, cuda_total=48519.1MB
[2026-06-11 16:41:54] Epoch 24 validation loss completed: 0.5285. Resources: rss=2204.2MB, peak_rss=2676.6MB, cuda_alloc=360.6MB, cuda_reserved=5826.0MB, cuda_peak_alloc=2034.0MB, cuda_free=42141.8MB, cuda_total=48519.1MB
[2026-06-11 16:41:54] Epoch 24 cache released before detection metrics. Resources: rss=2204.2MB, peak_rss=2676.6MB, cuda_alloc=360.6MB, cuda_reserved=560.0MB, cuda_peak_alloc=360.6MB, cuda_free=47407.8MB, cuda_total=48519.1MB
[2026-06-11 16:42:28] Epoch 24 prediction tensors moved to CPU. Computing metrics. Resources: rss=2204.6MB, peak_rss=2676.6MB, cuda_alloc=360.6MB, cuda_reserved=560.0MB, cuda_peak_alloc=360.6MB, cuda_free=47407.8MB, cuda_total=48519.1MB
[2026-06-11 16:42:28] Epoch 24 metrics computed (mAP@0.5 only). Saving artifacts. Resources: rss=2206.1MB, peak_rss=2676.6MB, cuda_alloc=360.6MB, cuda_reserved=560.0MB, cuda_peak_alloc=360.6MB, cuda_free=47407.8MB, cuda_total=48519.1MB
[2026-06-11 16:42:29] Epoch 24 did not improve mAP@0.5 enough. Early stopping counter: 4/10.
Epoch [24/50]
├── Train Loss : 0.1037
│   ├── loss_classifier  : 0.0516
│   ├── loss_box_reg     : 0.0521
│   ├── loss_objectness  : 0.0000
│   └── loss_rpn_box_reg : 0.0000
├── Val Loss   : 0.5285
├── mAP@0.5    : 0.7645
├── mAP@0.75   : n/a
├── mAP@0.5:0.95 : n/a
├── Precision  : 0.1390
├── Recall     : 0.9060
├── GT Boxes   : 2021
├── Predictions: 13169
├── Per-class AP
│   ├── person  : AP50=0.8284, AP75=n/a, AP50:95=n/a, P=0.1878, R=0.9246
│   ├── car     : AP50=0.7787, AP75=n/a, AP50:95=n/a, P=0.1196, R=0.9152
│   ├── dog     : AP50=0.8214, AP75=n/a, AP50:95=n/a, P=0.1181, R=0.9126
│   ├── cat     : AP50=0.8776, AP75=n/a, AP50:95=n/a, P=0.1568, R=0.9489
│   └── chair   : AP50=0.5164, AP75=n/a, AP50:95=n/a, P=0.0732, R=0.7943
├── LR         : 0.000602
└── Time       : 498.1s
[2026-06-11 16:42:29] Epoch [24/50] completed. Resources: rss=2204.3MB, peak_rss=2676.6MB, cuda_alloc=360.6MB, cuda_reserved=560.0MB, cuda_peak_alloc=360.6MB, cuda_free=47407.8MB, cuda_total=48519.1MB
[2026-06-11 16:42:29] Epoch [25/50] started. Resources: rss=2204.3MB, peak_rss=2676.6MB, cuda_alloc=360.6MB, cuda_reserved=560.0MB, cuda_peak_alloc=360.6MB, cuda_free=47407.8MB, cuda_total=48519.1MB
[2026-06-11 16:42:34] Epoch 25 train batch [20/1875] loss=0.0796 avg_loss=0.1136. Resources: rss=2213.6MB, peak_rss=2676.6MB, cuda_alloc=360.6MB, cuda_reserved=46216.0MB, cuda_peak_alloc=7061.8MB, cuda_free=1751.8MB, cuda_total=48519.1MB
[2026-06-11 16:42:39] Epoch 25 train batch [40/1875] loss=0.0901 avg_loss=0.1072. Resources: rss=2211.7MB, peak_rss=2676.6MB, cuda_alloc=360.6MB, cuda_reserved=46216.0MB, cuda_peak_alloc=7062.5MB, cuda_free=1751.8MB, cuda_total=48519.1MB
[2026-06-11 16:42:43] Epoch 25 train batch [60/1875] loss=0.0610 avg_loss=0.1028. Resources: rss=2213.0MB, peak_rss=2676.6MB, cuda_alloc=360.6MB, cuda_reserved=46216.0MB, cuda_peak_alloc=7062.5MB, cuda_free=1751.8MB, cuda_total=48519.1MB
[2026-06-11 16:42:47] Epoch 25 train batch [80/1875] loss=0.1448 avg_loss=0.1034. Resources: rss=2213.1MB, peak_rss=2676.6MB, cuda_alloc=360.6MB, cuda_reserved=46216.0MB, cuda_peak_alloc=7062.5MB, cuda_free=1751.8MB, cuda_total=48519.1MB
[2026-06-11 16:42:54] Epoch 25 train batch [100/1875] loss=0.1508 avg_loss=0.1085. Resources: rss=2213.9MB, peak_rss=2676.6MB, cuda_alloc=360.6MB, cuda_reserved=23138.0MB, cuda_peak_alloc=7062.5MB, cuda_free=24829.8MB, cuda_total=48519.1MB
[2026-06-11 16:42:59] Epoch 25 train batch [120/1875] loss=0.4205 avg_loss=0.1094. Resources: rss=2214.8MB, peak_rss=2676.6MB, cuda_alloc=360.6MB, cuda_reserved=16076.0MB, cuda_peak_alloc=7062.5MB, cuda_free=31891.8MB, cuda_total=48519.1MB
[2026-06-11 16:43:04] Epoch 25 train batch [140/1875] loss=0.0775 avg_loss=0.1083. Resources: rss=2214.8MB, peak_rss=2676.6MB, cuda_alloc=360.6MB, cuda_reserved=33456.0MB, cuda_peak_alloc=7062.5MB, cuda_free=14511.8MB, cuda_total=48519.1MB
[2026-06-11 16:43:08] Epoch 25 train batch [160/1875] loss=0.0381 avg_loss=0.1102. Resources: rss=2214.6MB, peak_rss=2676.6MB, cuda_alloc=360.6MB, cuda_reserved=35216.0MB, cuda_peak_alloc=7062.5MB, cuda_free=12751.8MB, cuda_total=48519.1MB
[2026-06-11 16:43:12] Epoch 25 train batch [180/1875] loss=0.1118 avg_loss=0.1100. Resources: rss=2214.1MB, peak_rss=2676.6MB, cuda_alloc=360.6MB, cuda_reserved=35216.0MB, cuda_peak_alloc=7062.5MB, cuda_free=12751.8MB, cuda_total=48519.1MB
[2026-06-11 16:43:17] Epoch 25 train batch [200/1875] loss=0.0649 avg_loss=0.1070. Resources: rss=2214.4MB, peak_rss=2676.6MB, cuda_alloc=360.6MB, cuda_reserved=39376.0MB, cuda_peak_alloc=7062.5MB, cuda_free=8591.8MB, cuda_total=48519.1MB
[2026-06-11 16:43:21] Epoch 25 train batch [220/1875] loss=0.0670 avg_loss=0.1052. Resources: rss=2213.8MB, peak_rss=2676.6MB, cuda_alloc=360.6MB, cuda_reserved=45776.0MB, cuda_peak_alloc=7062.5MB, cuda_free=2191.8MB, cuda_total=48519.1MB
[2026-06-11 16:43:25] Epoch 25 train batch [240/1875] loss=0.1611 avg_loss=0.1065. Resources: rss=2214.4MB, peak_rss=2676.6MB, cuda_alloc=360.6MB, cuda_reserved=47576.0MB, cuda_peak_alloc=7062.5MB, cuda_free=391.8MB, cuda_total=48519.1MB
[2026-06-11 16:43:33] Epoch 25 train batch [260/1875] loss=0.0879 avg_loss=0.1055. Resources: rss=2214.4MB, peak_rss=2676.6MB, cuda_alloc=360.6MB, cuda_reserved=7376.0MB, cuda_peak_alloc=7062.5MB, cuda_free=40591.8MB, cuda_total=48519.1MB
[2026-06-11 16:43:37] Epoch 25 train batch [280/1875] loss=0.0607 avg_loss=0.1067. Resources: rss=2212.8MB, peak_rss=2676.6MB, cuda_alloc=360.6MB, cuda_reserved=32856.0MB, cuda_peak_alloc=7062.5MB, cuda_free=15111.8MB, cuda_total=48519.1MB
[2026-06-11 16:43:41] Epoch 25 train batch [300/1875] loss=0.1156 avg_loss=0.1064. Resources: rss=2214.5MB, peak_rss=2676.6MB, cuda_alloc=360.6MB, cuda_reserved=32856.0MB, cuda_peak_alloc=7062.5MB, cuda_free=15111.8MB, cuda_total=48519.1MB
[2026-06-11 16:43:46] Epoch 25 train batch [320/1875] loss=0.0270 avg_loss=0.1054. Resources: rss=2214.6MB, peak_rss=2676.6MB, cuda_alloc=360.6MB, cuda_reserved=40296.0MB, cuda_peak_alloc=7062.5MB, cuda_free=7671.8MB, cuda_total=48519.1MB
[2026-06-11 16:43:50] Epoch 25 train batch [340/1875] loss=0.0985 avg_loss=0.1038. Resources: rss=2214.2MB, peak_rss=2676.6MB, cuda_alloc=360.6MB, cuda_reserved=40296.0MB, cuda_peak_alloc=7062.5MB, cuda_free=7671.8MB, cuda_total=48519.1MB
[2026-06-11 16:43:54] Epoch 25 train batch [360/1875] loss=0.0550 avg_loss=0.1029. Resources: rss=2213.8MB, peak_rss=2676.6MB, cuda_alloc=360.6MB, cuda_reserved=40296.0MB, cuda_peak_alloc=7062.5MB, cuda_free=7671.8MB, cuda_total=48519.1MB
[2026-06-11 16:43:58] Epoch 25 train batch [380/1875] loss=0.1258 avg_loss=0.1023. Resources: rss=2215.5MB, peak_rss=2676.6MB, cuda_alloc=360.6MB, cuda_reserved=40296.0MB, cuda_peak_alloc=7062.5MB, cuda_free=7671.8MB, cuda_total=48519.1MB
[2026-06-11 16:44:03] Epoch 25 train batch [400/1875] loss=0.0075 avg_loss=0.1019. Resources: rss=2214.3MB, peak_rss=2676.6MB, cuda_alloc=351.4MB, cuda_reserved=40296.0MB, cuda_peak_alloc=7062.5MB, cuda_free=7671.8MB, cuda_total=48519.1MB
[2026-06-11 16:44:07] Epoch 25 train batch [420/1875] loss=0.0687 avg_loss=0.1024. Resources: rss=2214.9MB, peak_rss=2676.6MB, cuda_alloc=360.6MB, cuda_reserved=40296.0MB, cuda_peak_alloc=7062.5MB, cuda_free=7671.8MB, cuda_total=48519.1MB
[2026-06-11 16:44:11] Epoch 25 train batch [440/1875] loss=0.3184 avg_loss=0.1030. Resources: rss=2214.2MB, peak_rss=2676.6MB, cuda_alloc=360.6MB, cuda_reserved=40296.0MB, cuda_peak_alloc=7062.5MB, cuda_free=7671.8MB, cuda_total=48519.1MB
[2026-06-11 16:44:15] Epoch 25 train batch [460/1875] loss=0.0890 avg_loss=0.1028. Resources: rss=2214.7MB, peak_rss=2676.6MB, cuda_alloc=360.6MB, cuda_reserved=40296.0MB, cuda_peak_alloc=7062.5MB, cuda_free=7671.8MB, cuda_total=48519.1MB
[2026-06-11 16:44:20] Epoch 25 train batch [480/1875] loss=0.1033 avg_loss=0.1019. Resources: rss=2215.6MB, peak_rss=2676.6MB, cuda_alloc=360.6MB, cuda_reserved=6996.0MB, cuda_peak_alloc=7062.5MB, cuda_free=40971.8MB, cuda_total=48519.1MB
[2026-06-11 16:44:25] Epoch 25 train batch [500/1875] loss=0.0600 avg_loss=0.1020. Resources: rss=2215.7MB, peak_rss=2676.6MB, cuda_alloc=360.6MB, cuda_reserved=36736.0MB, cuda_peak_alloc=7062.5MB, cuda_free=11231.8MB, cuda_total=48519.1MB
[2026-06-11 16:44:29] Epoch 25 train batch [520/1875] loss=0.0530 avg_loss=0.1011. Resources: rss=2214.2MB, peak_rss=2676.6MB, cuda_alloc=360.6MB, cuda_reserved=36736.0MB, cuda_peak_alloc=7062.5MB, cuda_free=11231.8MB, cuda_total=48519.1MB
[2026-06-11 16:44:33] Epoch 25 train batch [540/1875] loss=0.0693 avg_loss=0.1006. Resources: rss=2214.7MB, peak_rss=2676.6MB, cuda_alloc=360.6MB, cuda_reserved=36736.0MB, cuda_peak_alloc=7062.5MB, cuda_free=11231.8MB, cuda_total=48519.1MB
[2026-06-11 16:44:37] Epoch 25 train batch [560/1875] loss=0.0609 avg_loss=0.1006. Resources: rss=2215.1MB, peak_rss=2676.6MB, cuda_alloc=360.6MB, cuda_reserved=36736.0MB, cuda_peak_alloc=7062.5MB, cuda_free=11231.8MB, cuda_total=48519.1MB
[2026-06-11 16:44:41] Epoch 25 train batch [580/1875] loss=0.0749 avg_loss=0.1003. Resources: rss=2215.1MB, peak_rss=2676.6MB, cuda_alloc=360.6MB, cuda_reserved=36736.0MB, cuda_peak_alloc=7062.5MB, cuda_free=11231.8MB, cuda_total=48519.1MB
[2026-06-11 16:44:45] Epoch 25 train batch [600/1875] loss=0.1750 avg_loss=0.1010. Resources: rss=2215.3MB, peak_rss=2676.6MB, cuda_alloc=360.6MB, cuda_reserved=36736.0MB, cuda_peak_alloc=7062.5MB, cuda_free=11231.8MB, cuda_total=48519.1MB
[2026-06-11 16:44:49] Epoch 25 train batch [620/1875] loss=0.0730 avg_loss=0.1011. Resources: rss=2215.3MB, peak_rss=2676.6MB, cuda_alloc=360.6MB, cuda_reserved=36736.0MB, cuda_peak_alloc=7062.5MB, cuda_free=11231.8MB, cuda_total=48519.1MB
[2026-06-11 16:44:54] Epoch 25 train batch [640/1875] loss=0.1063 avg_loss=0.1014. Resources: rss=2214.9MB, peak_rss=2676.6MB, cuda_alloc=360.6MB, cuda_reserved=39136.0MB, cuda_peak_alloc=7062.5MB, cuda_free=8831.8MB, cuda_total=48519.1MB
[2026-06-11 16:44:58] Epoch 25 train batch [660/1875] loss=0.0879 avg_loss=0.1019. Resources: rss=2216.4MB, peak_rss=2676.6MB, cuda_alloc=360.6MB, cuda_reserved=47356.0MB, cuda_peak_alloc=7062.6MB, cuda_free=611.8MB, cuda_total=48519.1MB
[2026-06-11 16:45:02] Epoch 25 train batch [680/1875] loss=0.0928 avg_loss=0.1015. Resources: rss=2216.0MB, peak_rss=2676.6MB, cuda_alloc=360.6MB, cuda_reserved=47356.0MB, cuda_peak_alloc=7062.6MB, cuda_free=611.8MB, cuda_total=48519.1MB
[2026-06-11 16:45:06] Epoch 25 train batch [700/1875] loss=0.1272 avg_loss=0.1015. Resources: rss=2216.3MB, peak_rss=2676.6MB, cuda_alloc=360.6MB, cuda_reserved=47356.0MB, cuda_peak_alloc=7062.6MB, cuda_free=611.8MB, cuda_total=48519.1MB
[2026-06-11 16:45:10] Epoch 25 train batch [720/1875] loss=0.0614 avg_loss=0.1016. Resources: rss=2215.7MB, peak_rss=2676.6MB, cuda_alloc=360.6MB, cuda_reserved=47356.0MB, cuda_peak_alloc=7062.6MB, cuda_free=611.8MB, cuda_total=48519.1MB
[2026-06-11 16:45:14] Epoch 25 train batch [740/1875] loss=0.0796 avg_loss=0.1015. Resources: rss=2215.7MB, peak_rss=2676.6MB, cuda_alloc=360.6MB, cuda_reserved=47356.0MB, cuda_peak_alloc=7062.6MB, cuda_free=611.8MB, cuda_total=48519.1MB
[2026-06-11 16:45:19] Epoch 25 train batch [760/1875] loss=0.1156 avg_loss=0.1019. Resources: rss=2213.8MB, peak_rss=2676.6MB, cuda_alloc=360.6MB, cuda_reserved=47356.0MB, cuda_peak_alloc=7062.6MB, cuda_free=611.8MB, cuda_total=48519.1MB
[2026-06-11 16:45:23] Epoch 25 train batch [780/1875] loss=0.0881 avg_loss=0.1018. Resources: rss=2215.9MB, peak_rss=2676.6MB, cuda_alloc=360.6MB, cuda_reserved=47356.0MB, cuda_peak_alloc=7062.6MB, cuda_free=611.8MB, cuda_total=48519.1MB
[2026-06-11 16:45:27] Epoch 25 train batch [800/1875] loss=0.0590 avg_loss=0.1017. Resources: rss=2214.6MB, peak_rss=2676.6MB, cuda_alloc=360.6MB, cuda_reserved=47356.0MB, cuda_peak_alloc=7062.6MB, cuda_free=611.8MB, cuda_total=48519.1MB
[2026-06-11 16:45:31] Epoch 25 train batch [820/1875] loss=0.1745 avg_loss=0.1015. Resources: rss=2215.8MB, peak_rss=2676.6MB, cuda_alloc=360.6MB, cuda_reserved=47356.0MB, cuda_peak_alloc=7062.6MB, cuda_free=611.8MB, cuda_total=48519.1MB
[2026-06-11 16:45:35] Epoch 25 train batch [840/1875] loss=0.1532 avg_loss=0.1022. Resources: rss=2215.6MB, peak_rss=2676.6MB, cuda_alloc=360.6MB, cuda_reserved=47356.0MB, cuda_peak_alloc=7062.6MB, cuda_free=611.8MB, cuda_total=48519.1MB
[2026-06-11 16:45:40] Epoch 25 train batch [860/1875] loss=0.0902 avg_loss=0.1018. Resources: rss=2216.9MB, peak_rss=2676.6MB, cuda_alloc=360.6MB, cuda_reserved=47356.0MB, cuda_peak_alloc=7062.6MB, cuda_free=611.8MB, cuda_total=48519.1MB
[2026-06-11 16:45:44] Epoch 25 train batch [880/1875] loss=0.0521 avg_loss=0.1014. Resources: rss=2216.8MB, peak_rss=2676.6MB, cuda_alloc=360.6MB, cuda_reserved=47356.0MB, cuda_peak_alloc=7062.6MB, cuda_free=611.8MB, cuda_total=48519.1MB
[2026-06-11 16:45:48] Epoch 25 train batch [900/1875] loss=0.0660 avg_loss=0.1014. Resources: rss=2217.4MB, peak_rss=2676.6MB, cuda_alloc=360.6MB, cuda_reserved=47356.0MB, cuda_peak_alloc=7062.6MB, cuda_free=611.8MB, cuda_total=48519.1MB
[2026-06-11 16:45:53] Epoch 25 train batch [920/1875] loss=0.0865 avg_loss=0.1011. Resources: rss=2216.6MB, peak_rss=2676.6MB, cuda_alloc=360.6MB, cuda_reserved=47356.0MB, cuda_peak_alloc=7062.6MB, cuda_free=611.8MB, cuda_total=48519.1MB
[2026-06-11 16:45:57] Epoch 25 train batch [940/1875] loss=0.1117 avg_loss=0.1010. Resources: rss=2216.7MB, peak_rss=2676.6MB, cuda_alloc=360.6MB, cuda_reserved=47356.0MB, cuda_peak_alloc=7062.6MB, cuda_free=611.8MB, cuda_total=48519.1MB
[2026-06-11 16:46:01] Epoch 25 train batch [960/1875] loss=0.0048 avg_loss=0.1014. Resources: rss=2217.0MB, peak_rss=2676.6MB, cuda_alloc=351.4MB, cuda_reserved=47356.0MB, cuda_peak_alloc=7062.6MB, cuda_free=611.8MB, cuda_total=48519.1MB
[2026-06-11 16:46:05] Epoch 25 train batch [980/1875] loss=0.1025 avg_loss=0.1014. Resources: rss=2216.7MB, peak_rss=2676.6MB, cuda_alloc=360.6MB, cuda_reserved=47356.0MB, cuda_peak_alloc=7062.6MB, cuda_free=611.8MB, cuda_total=48519.1MB
[2026-06-11 16:46:10] Epoch 25 train batch [1000/1875] loss=0.0842 avg_loss=0.1010. Resources: rss=2217.6MB, peak_rss=2676.6MB, cuda_alloc=360.6MB, cuda_reserved=47356.0MB, cuda_peak_alloc=7062.6MB, cuda_free=611.8MB, cuda_total=48519.1MB
[2026-06-11 16:46:16] Epoch 25 train batch [1020/1875] loss=0.0357 avg_loss=0.1012. Resources: rss=2216.6MB, peak_rss=2676.6MB, cuda_alloc=360.6MB, cuda_reserved=27916.0MB, cuda_peak_alloc=7062.6MB, cuda_free=20051.8MB, cuda_total=48519.1MB
[2026-06-11 16:46:21] Epoch 25 train batch [1040/1875] loss=0.0868 avg_loss=0.1012. Resources: rss=2217.7MB, peak_rss=2676.6MB, cuda_alloc=360.6MB, cuda_reserved=24216.0MB, cuda_peak_alloc=7062.6MB, cuda_free=23751.8MB, cuda_total=48519.1MB
[2026-06-11 16:46:25] Epoch 25 train batch [1060/1875] loss=0.1220 avg_loss=0.1012. Resources: rss=2217.2MB, peak_rss=2676.6MB, cuda_alloc=360.6MB, cuda_reserved=38436.0MB, cuda_peak_alloc=7062.6MB, cuda_free=9531.8MB, cuda_total=48519.1MB
[2026-06-11 16:46:29] Epoch 25 train batch [1080/1875] loss=0.1055 avg_loss=0.1012. Resources: rss=2217.2MB, peak_rss=2676.6MB, cuda_alloc=360.6MB, cuda_reserved=38896.0MB, cuda_peak_alloc=7062.6MB, cuda_free=9071.8MB, cuda_total=48519.1MB
[2026-06-11 16:46:33] Epoch 25 train batch [1100/1875] loss=0.2245 avg_loss=0.1011. Resources: rss=2217.6MB, peak_rss=2676.6MB, cuda_alloc=360.6MB, cuda_reserved=40576.0MB, cuda_peak_alloc=7062.6MB, cuda_free=7391.8MB, cuda_total=48519.1MB
[2026-06-11 16:46:37] Epoch 25 train batch [1120/1875] loss=0.0610 avg_loss=0.1007. Resources: rss=2217.2MB, peak_rss=2676.6MB, cuda_alloc=360.6MB, cuda_reserved=40576.0MB, cuda_peak_alloc=7062.6MB, cuda_free=7391.8MB, cuda_total=48519.1MB
[2026-06-11 16:46:41] Epoch 25 train batch [1140/1875] loss=0.1057 avg_loss=0.1007. Resources: rss=2217.7MB, peak_rss=2676.6MB, cuda_alloc=360.6MB, cuda_reserved=40576.0MB, cuda_peak_alloc=7062.6MB, cuda_free=7391.8MB, cuda_total=48519.1MB
[2026-06-11 16:46:45] Epoch 25 train batch [1160/1875] loss=0.1789 avg_loss=0.1008. Resources: rss=2217.9MB, peak_rss=2676.6MB, cuda_alloc=360.6MB, cuda_reserved=40576.0MB, cuda_peak_alloc=7062.6MB, cuda_free=7391.8MB, cuda_total=48519.1MB
[2026-06-11 16:46:50] Epoch 25 train batch [1180/1875] loss=0.0584 avg_loss=0.1007. Resources: rss=2216.6MB, peak_rss=2676.6MB, cuda_alloc=360.6MB, cuda_reserved=40576.0MB, cuda_peak_alloc=7062.6MB, cuda_free=7391.8MB, cuda_total=48519.1MB
[2026-06-11 16:46:53] Epoch 25 train batch [1200/1875] loss=0.0562 avg_loss=0.1006. Resources: rss=2217.4MB, peak_rss=2676.6MB, cuda_alloc=360.6MB, cuda_reserved=40576.0MB, cuda_peak_alloc=7062.6MB, cuda_free=7391.8MB, cuda_total=48519.1MB
[2026-06-11 16:46:58] Epoch 25 train batch [1220/1875] loss=0.0587 avg_loss=0.1006. Resources: rss=2218.2MB, peak_rss=2676.6MB, cuda_alloc=360.6MB, cuda_reserved=24656.0MB, cuda_peak_alloc=7062.6MB, cuda_free=23311.8MB, cuda_total=48519.1MB
[2026-06-11 16:47:03] Epoch 25 train batch [1240/1875] loss=0.0705 avg_loss=0.1006. Resources: rss=2218.0MB, peak_rss=2676.6MB, cuda_alloc=360.6MB, cuda_reserved=33478.0MB, cuda_peak_alloc=7062.6MB, cuda_free=14489.8MB, cuda_total=48519.1MB
[2026-06-11 16:47:07] Epoch 25 train batch [1260/1875] loss=0.1715 avg_loss=0.1009. Resources: rss=2218.2MB, peak_rss=2676.6MB, cuda_alloc=360.6MB, cuda_reserved=34798.0MB, cuda_peak_alloc=7062.6MB, cuda_free=13169.8MB, cuda_total=48519.1MB
[2026-06-11 16:47:11] Epoch 25 train batch [1280/1875] loss=0.1384 avg_loss=0.1010. Resources: rss=2217.6MB, peak_rss=2676.6MB, cuda_alloc=360.6MB, cuda_reserved=38978.0MB, cuda_peak_alloc=7062.6MB, cuda_free=8989.8MB, cuda_total=48519.1MB
[2026-06-11 16:47:17] Epoch 25 train batch [1300/1875] loss=0.1013 avg_loss=0.1012. Resources: rss=2218.2MB, peak_rss=2676.6MB, cuda_alloc=360.6MB, cuda_reserved=31036.0MB, cuda_peak_alloc=7062.6MB, cuda_free=16931.8MB, cuda_total=48519.1MB
[2026-06-11 16:47:21] Epoch 25 train batch [1320/1875] loss=0.0583 avg_loss=0.1009. Resources: rss=2217.3MB, peak_rss=2676.6MB, cuda_alloc=360.6MB, cuda_reserved=34236.0MB, cuda_peak_alloc=7062.6MB, cuda_free=13731.8MB, cuda_total=48519.1MB
[2026-06-11 16:47:25] Epoch 25 train batch [1340/1875] loss=0.0908 avg_loss=0.1006. Resources: rss=2218.2MB, peak_rss=2676.6MB, cuda_alloc=360.6MB, cuda_reserved=35236.0MB, cuda_peak_alloc=7062.6MB, cuda_free=12731.8MB, cuda_total=48519.1MB
[2026-06-11 16:47:30] Epoch 25 train batch [1360/1875] loss=0.0625 avg_loss=0.1003. Resources: rss=2218.0MB, peak_rss=2676.6MB, cuda_alloc=360.6MB, cuda_reserved=35236.0MB, cuda_peak_alloc=7062.6MB, cuda_free=12731.8MB, cuda_total=48519.1MB
[2026-06-11 16:47:33] Epoch 25 train batch [1380/1875] loss=0.0359 avg_loss=0.0998. Resources: rss=2217.9MB, peak_rss=2676.6MB, cuda_alloc=360.6MB, cuda_reserved=41196.0MB, cuda_peak_alloc=7062.6MB, cuda_free=6771.8MB, cuda_total=48519.1MB
[2026-06-11 16:47:38] Epoch 25 train batch [1400/1875] loss=0.1254 avg_loss=0.0999. Resources: rss=2219.1MB, peak_rss=2676.6MB, cuda_alloc=360.6MB, cuda_reserved=41196.0MB, cuda_peak_alloc=7062.6MB, cuda_free=6771.8MB, cuda_total=48519.1MB
[2026-06-11 16:47:42] Epoch 25 train batch [1420/1875] loss=0.0491 avg_loss=0.1002. Resources: rss=2216.7MB, peak_rss=2676.6MB, cuda_alloc=360.6MB, cuda_reserved=41196.0MB, cuda_peak_alloc=7062.6MB, cuda_free=6771.8MB, cuda_total=48519.1MB
[2026-06-11 16:47:46] Epoch 25 train batch [1440/1875] loss=0.1061 avg_loss=0.1003. Resources: rss=2216.1MB, peak_rss=2676.6MB, cuda_alloc=360.6MB, cuda_reserved=41196.0MB, cuda_peak_alloc=7062.6MB, cuda_free=6771.8MB, cuda_total=48519.1MB
[2026-06-11 16:47:50] Epoch 25 train batch [1460/1875] loss=0.1211 avg_loss=0.1003. Resources: rss=2217.1MB, peak_rss=2676.6MB, cuda_alloc=360.6MB, cuda_reserved=41196.0MB, cuda_peak_alloc=7062.6MB, cuda_free=6771.8MB, cuda_total=48519.1MB
[2026-06-11 16:47:54] Epoch 25 train batch [1480/1875] loss=0.0716 avg_loss=0.1002. Resources: rss=2217.0MB, peak_rss=2676.6MB, cuda_alloc=360.6MB, cuda_reserved=41196.0MB, cuda_peak_alloc=7062.6MB, cuda_free=6771.8MB, cuda_total=48519.1MB
[2026-06-11 16:47:58] Epoch 25 train batch [1500/1875] loss=0.1183 avg_loss=0.1002. Resources: rss=2217.4MB, peak_rss=2676.6MB, cuda_alloc=360.6MB, cuda_reserved=41196.0MB, cuda_peak_alloc=7062.6MB, cuda_free=6771.8MB, cuda_total=48519.1MB
[2026-06-11 16:48:03] Epoch 25 train batch [1520/1875] loss=0.1263 avg_loss=0.1002. Resources: rss=2216.4MB, peak_rss=2676.6MB, cuda_alloc=360.6MB, cuda_reserved=41616.0MB, cuda_peak_alloc=7062.6MB, cuda_free=6351.8MB, cuda_total=48519.1MB
[2026-06-11 16:48:07] Epoch 25 train batch [1540/1875] loss=0.1392 avg_loss=0.1003. Resources: rss=2216.6MB, peak_rss=2676.6MB, cuda_alloc=360.6MB, cuda_reserved=41616.0MB, cuda_peak_alloc=7062.6MB, cuda_free=6351.8MB, cuda_total=48519.1MB
[2026-06-11 16:48:12] Epoch 25 train batch [1560/1875] loss=0.0906 avg_loss=0.1002. Resources: rss=2216.9MB, peak_rss=2676.6MB, cuda_alloc=360.6MB, cuda_reserved=45816.0MB, cuda_peak_alloc=7062.6MB, cuda_free=2151.8MB, cuda_total=48519.1MB
[2026-06-11 16:48:16] Epoch 25 train batch [1580/1875] loss=0.0751 avg_loss=0.0998. Resources: rss=2216.8MB, peak_rss=2676.6MB, cuda_alloc=360.6MB, cuda_reserved=45816.0MB, cuda_peak_alloc=7062.6MB, cuda_free=2151.8MB, cuda_total=48519.1MB
[2026-06-11 16:48:20] Epoch 25 train batch [1600/1875] loss=0.0881 avg_loss=0.0999. Resources: rss=2216.5MB, peak_rss=2676.6MB, cuda_alloc=360.6MB, cuda_reserved=45816.0MB, cuda_peak_alloc=7062.6MB, cuda_free=2151.8MB, cuda_total=48519.1MB
[2026-06-11 16:48:24] Epoch 25 train batch [1620/1875] loss=0.0808 avg_loss=0.0996. Resources: rss=2216.5MB, peak_rss=2676.6MB, cuda_alloc=360.6MB, cuda_reserved=45816.0MB, cuda_peak_alloc=7062.6MB, cuda_free=2151.8MB, cuda_total=48519.1MB
[2026-06-11 16:48:28] Epoch 25 train batch [1640/1875] loss=0.1341 avg_loss=0.0998. Resources: rss=2216.8MB, peak_rss=2676.6MB, cuda_alloc=360.6MB, cuda_reserved=46536.0MB, cuda_peak_alloc=7062.6MB, cuda_free=1431.8MB, cuda_total=48519.1MB
[2026-06-11 16:48:33] Epoch 25 train batch [1660/1875] loss=0.1922 avg_loss=0.1000. Resources: rss=2216.9MB, peak_rss=2676.6MB, cuda_alloc=360.6MB, cuda_reserved=46536.0MB, cuda_peak_alloc=7062.6MB, cuda_free=1431.8MB, cuda_total=48519.1MB
[2026-06-11 16:48:37] Epoch 25 train batch [1680/1875] loss=0.0527 avg_loss=0.1000. Resources: rss=2216.8MB, peak_rss=2676.6MB, cuda_alloc=360.6MB, cuda_reserved=46536.0MB, cuda_peak_alloc=7062.6MB, cuda_free=1431.8MB, cuda_total=48519.1MB
[2026-06-11 16:48:41] Epoch 25 train batch [1700/1875] loss=0.1316 avg_loss=0.1001. Resources: rss=2216.8MB, peak_rss=2676.6MB, cuda_alloc=360.6MB, cuda_reserved=46536.0MB, cuda_peak_alloc=7062.6MB, cuda_free=1431.8MB, cuda_total=48519.1MB
[2026-06-11 16:48:45] Epoch 25 train batch [1720/1875] loss=0.1151 avg_loss=0.1000. Resources: rss=2217.1MB, peak_rss=2676.6MB, cuda_alloc=360.6MB, cuda_reserved=46536.0MB, cuda_peak_alloc=7062.6MB, cuda_free=1431.8MB, cuda_total=48519.1MB
[2026-06-11 16:48:50] Epoch 25 train batch [1740/1875] loss=0.1246 avg_loss=0.0999. Resources: rss=2216.5MB, peak_rss=2676.6MB, cuda_alloc=360.6MB, cuda_reserved=46536.0MB, cuda_peak_alloc=7062.6MB, cuda_free=1431.8MB, cuda_total=48519.1MB
[2026-06-11 16:48:54] Epoch 25 train batch [1760/1875] loss=0.1456 avg_loss=0.1001. Resources: rss=2216.5MB, peak_rss=2676.6MB, cuda_alloc=360.6MB, cuda_reserved=46536.0MB, cuda_peak_alloc=7062.6MB, cuda_free=1431.8MB, cuda_total=48519.1MB
[2026-06-11 16:48:58] Epoch 25 train batch [1780/1875] loss=0.1372 avg_loss=0.1003. Resources: rss=2215.7MB, peak_rss=2676.6MB, cuda_alloc=360.6MB, cuda_reserved=46536.0MB, cuda_peak_alloc=7062.6MB, cuda_free=1431.8MB, cuda_total=48519.1MB
[2026-06-11 16:49:03] Epoch 25 train batch [1800/1875] loss=0.0552 avg_loss=0.1003. Resources: rss=2216.8MB, peak_rss=2676.6MB, cuda_alloc=360.6MB, cuda_reserved=38876.0MB, cuda_peak_alloc=7062.6MB, cuda_free=9091.8MB, cuda_total=48519.1MB
[2026-06-11 16:49:09] Epoch 25 train batch [1820/1875] loss=0.0980 avg_loss=0.1002. Resources: rss=2218.1MB, peak_rss=2676.6MB, cuda_alloc=360.6MB, cuda_reserved=18356.0MB, cuda_peak_alloc=7062.6MB, cuda_free=29611.8MB, cuda_total=48519.1MB
[2026-06-11 16:49:14] Epoch 25 train batch [1840/1875] loss=0.0925 avg_loss=0.1003. Resources: rss=2217.6MB, peak_rss=2676.6MB, cuda_alloc=360.6MB, cuda_reserved=27616.0MB, cuda_peak_alloc=7062.6MB, cuda_free=20351.8MB, cuda_total=48519.1MB
[2026-06-11 16:49:19] Epoch 25 train batch [1860/1875] loss=0.0412 avg_loss=0.1001. Resources: rss=2217.8MB, peak_rss=2676.6MB, cuda_alloc=360.6MB, cuda_reserved=41036.0MB, cuda_peak_alloc=7062.6MB, cuda_free=6931.8MB, cuda_total=48519.1MB
[2026-06-11 16:49:22] Epoch 25 train batch [1875/1875] loss=0.1191 avg_loss=0.1002. Resources: rss=2217.2MB, peak_rss=2676.6MB, cuda_alloc=360.6MB, cuda_reserved=41036.0MB, cuda_peak_alloc=7062.6MB, cuda_free=6931.8MB, cuda_total=48519.1MB
[2026-06-11 16:49:22] Epoch 25 training completed. Resources: rss=2209.9MB, peak_rss=2676.6MB, cuda_alloc=360.6MB, cuda_reserved=41036.0MB, cuda_peak_alloc=7062.6MB, cuda_free=6931.8MB, cuda_total=48519.1MB
[2026-06-11 16:49:23] Epoch 25 cache released before validation loss. Resources: rss=2209.1MB, peak_rss=2676.6MB, cuda_alloc=360.6MB, cuda_reserved=560.0MB, cuda_peak_alloc=360.6MB, cuda_free=47407.8MB, cuda_total=48519.1MB
[2026-06-11 16:49:53] Epoch 25 validation loss completed: 0.5614. Resources: rss=2207.8MB, peak_rss=2676.6MB, cuda_alloc=360.6MB, cuda_reserved=5806.0MB, cuda_peak_alloc=2034.0MB, cuda_free=42161.8MB, cuda_total=48519.1MB
[2026-06-11 16:49:53] Epoch 25 cache released before detection metrics. Resources: rss=2207.8MB, peak_rss=2676.6MB, cuda_alloc=360.6MB, cuda_reserved=560.0MB, cuda_peak_alloc=360.6MB, cuda_free=47407.8MB, cuda_total=48519.1MB
[2026-06-11 16:50:24] Epoch 25 prediction tensors moved to CPU. Computing metrics. Resources: rss=2206.9MB, peak_rss=2676.6MB, cuda_alloc=360.6MB, cuda_reserved=560.0MB, cuda_peak_alloc=360.6MB, cuda_free=47407.8MB, cuda_total=48519.1MB
[2026-06-11 16:50:24] Epoch 25 metrics computed (mAP@0.5 only). Saving artifacts. Resources: rss=2208.4MB, peak_rss=2676.6MB, cuda_alloc=360.6MB, cuda_reserved=560.0MB, cuda_peak_alloc=360.6MB, cuda_free=47407.8MB, cuda_total=48519.1MB
[2026-06-11 16:50:25] Epoch 25 did not improve mAP@0.5 enough. Early stopping counter: 5/10.
Epoch [25/50]
├── Train Loss : 0.1002
│   ├── loss_classifier  : 0.0495
│   ├── loss_box_reg     : 0.0507
│   ├── loss_objectness  : 0.0000
│   └── loss_rpn_box_reg : 0.0000
├── Val Loss   : 0.5614
├── mAP@0.5    : 0.7709
├── mAP@0.75   : n/a
├── mAP@0.5:0.95 : n/a
├── Precision  : 0.1154
├── Recall     : 0.9099
├── GT Boxes   : 2021
├── Predictions: 15929
├── Per-class AP
│   ├── person  : AP50=0.8229, AP75=n/a, AP50:95=n/a, P=0.1519, R=0.9264
│   ├── car     : AP50=0.7869, AP75=n/a, AP50:95=n/a, P=0.1065, R=0.9187
│   ├── dog     : AP50=0.8307, AP75=n/a, AP50:95=n/a, P=0.1156, R=0.9126
│   ├── cat     : AP50=0.8912, AP75=n/a, AP50:95=n/a, P=0.1435, R=0.9659
│   └── chair   : AP50=0.5229, AP75=n/a, AP50:95=n/a, P=0.0548, R=0.8014
├── LR         : 0.000570
└── Time       : 475.2s
[2026-06-11 16:50:25] Epoch [25/50] completed. Resources: rss=2206.8MB, peak_rss=2676.6MB, cuda_alloc=360.6MB, cuda_reserved=560.0MB, cuda_peak_alloc=360.6MB, cuda_free=47407.8MB, cuda_total=48519.1MB
[2026-06-11 16:50:25] Epoch [26/50] started. Resources: rss=2206.8MB, peak_rss=2676.6MB, cuda_alloc=360.6MB, cuda_reserved=560.0MB, cuda_peak_alloc=360.6MB, cuda_free=47407.8MB, cuda_total=48519.1MB
[2026-06-11 16:50:29] Epoch 26 train batch [20/1875] loss=0.0651 avg_loss=0.1003. Resources: rss=2214.5MB, peak_rss=2676.6MB, cuda_alloc=360.6MB, cuda_reserved=26836.0MB, cuda_peak_alloc=7061.8MB, cuda_free=21131.8MB, cuda_total=48519.1MB
[2026-06-11 16:50:33] Epoch 26 train batch [40/1875] loss=0.0367 avg_loss=0.0944. Resources: rss=2214.9MB, peak_rss=2676.6MB, cuda_alloc=360.6MB, cuda_reserved=27296.0MB, cuda_peak_alloc=7061.8MB, cuda_free=20671.8MB, cuda_total=48519.1MB
[2026-06-11 16:50:39] Epoch 26 train batch [60/1875] loss=0.0690 avg_loss=0.0906. Resources: rss=2215.8MB, peak_rss=2676.6MB, cuda_alloc=360.6MB, cuda_reserved=22398.0MB, cuda_peak_alloc=7062.3MB, cuda_free=25569.8MB, cuda_total=48519.1MB
[2026-06-11 16:50:43] Epoch 26 train batch [80/1875] loss=0.0630 avg_loss=0.0897. Resources: rss=2215.7MB, peak_rss=2676.6MB, cuda_alloc=360.6MB, cuda_reserved=30778.0MB, cuda_peak_alloc=7062.3MB, cuda_free=17189.8MB, cuda_total=48519.1MB
[2026-06-11 16:50:47] Epoch 26 train batch [100/1875] loss=0.0786 avg_loss=0.0913. Resources: rss=2216.0MB, peak_rss=2676.6MB, cuda_alloc=360.6MB, cuda_reserved=32338.0MB, cuda_peak_alloc=7062.3MB, cuda_free=15629.8MB, cuda_total=48519.1MB
[2026-06-11 16:50:52] Epoch 26 train batch [120/1875] loss=0.1137 avg_loss=0.0907. Resources: rss=2215.4MB, peak_rss=2676.6MB, cuda_alloc=360.6MB, cuda_reserved=33738.0MB, cuda_peak_alloc=7062.3MB, cuda_free=14229.8MB, cuda_total=48519.1MB
[2026-06-11 16:50:56] Epoch 26 train batch [140/1875] loss=0.1157 avg_loss=0.0943. Resources: rss=2216.1MB, peak_rss=2676.6MB, cuda_alloc=360.6MB, cuda_reserved=33738.0MB, cuda_peak_alloc=7062.3MB, cuda_free=14229.8MB, cuda_total=48519.1MB
[2026-06-11 16:51:00] Epoch 26 train batch [160/1875] loss=0.1367 avg_loss=0.0967. Resources: rss=2215.6MB, peak_rss=2676.6MB, cuda_alloc=360.6MB, cuda_reserved=33738.0MB, cuda_peak_alloc=7062.5MB, cuda_free=14229.8MB, cuda_total=48519.1MB
[2026-06-11 16:51:05] Epoch 26 train batch [180/1875] loss=0.0333 avg_loss=0.0973. Resources: rss=2215.9MB, peak_rss=2676.6MB, cuda_alloc=360.6MB, cuda_reserved=33738.0MB, cuda_peak_alloc=7062.5MB, cuda_free=14229.8MB, cuda_total=48519.1MB
[2026-06-11 16:51:09] Epoch 26 train batch [200/1875] loss=0.1579 avg_loss=0.0973. Resources: rss=2215.6MB, peak_rss=2676.6MB, cuda_alloc=360.6MB, cuda_reserved=33738.0MB, cuda_peak_alloc=7062.5MB, cuda_free=14229.8MB, cuda_total=48519.1MB
[2026-06-11 16:51:13] Epoch 26 train batch [220/1875] loss=0.2842 avg_loss=0.0977. Resources: rss=2215.9MB, peak_rss=2676.6MB, cuda_alloc=360.6MB, cuda_reserved=33738.0MB, cuda_peak_alloc=7062.5MB, cuda_free=14229.8MB, cuda_total=48519.1MB
[2026-06-11 16:51:17] Epoch 26 train batch [240/1875] loss=0.1328 avg_loss=0.0965. Resources: rss=2216.1MB, peak_rss=2676.6MB, cuda_alloc=360.6MB, cuda_reserved=33738.0MB, cuda_peak_alloc=7062.5MB, cuda_free=14229.8MB, cuda_total=48519.1MB
[2026-06-11 16:51:21] Epoch 26 train batch [260/1875] loss=0.0906 avg_loss=0.0954. Resources: rss=2215.7MB, peak_rss=2676.6MB, cuda_alloc=360.6MB, cuda_reserved=33738.0MB, cuda_peak_alloc=7062.5MB, cuda_free=14229.8MB, cuda_total=48519.1MB
[2026-06-11 16:51:25] Epoch 26 train batch [280/1875] loss=0.0699 avg_loss=0.0960. Resources: rss=2216.3MB, peak_rss=2676.6MB, cuda_alloc=360.6MB, cuda_reserved=38758.0MB, cuda_peak_alloc=7062.5MB, cuda_free=9209.8MB, cuda_total=48519.1MB
[2026-06-11 16:51:30] Epoch 26 train batch [300/1875] loss=0.0679 avg_loss=0.0960. Resources: rss=2215.9MB, peak_rss=2676.6MB, cuda_alloc=360.6MB, cuda_reserved=46378.0MB, cuda_peak_alloc=7062.5MB, cuda_free=1589.8MB, cuda_total=48519.1MB
[2026-06-11 16:51:34] Epoch 26 train batch [320/1875] loss=0.0489 avg_loss=0.0964. Resources: rss=2215.5MB, peak_rss=2676.6MB, cuda_alloc=360.6MB, cuda_reserved=46378.0MB, cuda_peak_alloc=7062.5MB, cuda_free=1589.8MB, cuda_total=48519.1MB
[2026-06-11 16:51:38] Epoch 26 train batch [340/1875] loss=0.0986 avg_loss=0.0965. Resources: rss=2215.5MB, peak_rss=2676.6MB, cuda_alloc=360.6MB, cuda_reserved=46378.0MB, cuda_peak_alloc=7062.5MB, cuda_free=1589.8MB, cuda_total=48519.1MB
[2026-06-11 16:51:42] Epoch 26 train batch [360/1875] loss=0.0415 avg_loss=0.0953. Resources: rss=2215.9MB, peak_rss=2676.6MB, cuda_alloc=360.6MB, cuda_reserved=46378.0MB, cuda_peak_alloc=7062.5MB, cuda_free=1589.8MB, cuda_total=48519.1MB
[2026-06-11 16:51:46] Epoch 26 train batch [380/1875] loss=0.0385 avg_loss=0.0946. Resources: rss=2216.4MB, peak_rss=2676.6MB, cuda_alloc=360.6MB, cuda_reserved=46378.0MB, cuda_peak_alloc=7062.5MB, cuda_free=1589.8MB, cuda_total=48519.1MB
[2026-06-11 16:51:51] Epoch 26 train batch [400/1875] loss=0.0768 avg_loss=0.0944. Resources: rss=2214.6MB, peak_rss=2676.6MB, cuda_alloc=360.6MB, cuda_reserved=46378.0MB, cuda_peak_alloc=7062.5MB, cuda_free=1589.8MB, cuda_total=48519.1MB
[2026-06-11 16:51:55] Epoch 26 train batch [420/1875] loss=0.1486 avg_loss=0.0945. Resources: rss=2215.6MB, peak_rss=2676.6MB, cuda_alloc=360.6MB, cuda_reserved=46378.0MB, cuda_peak_alloc=7062.5MB, cuda_free=1589.8MB, cuda_total=48519.1MB
[2026-06-11 16:51:59] Epoch 26 train batch [440/1875] loss=0.0615 avg_loss=0.0944. Resources: rss=2215.4MB, peak_rss=2676.6MB, cuda_alloc=360.6MB, cuda_reserved=46378.0MB, cuda_peak_alloc=7062.5MB, cuda_free=1589.8MB, cuda_total=48519.1MB
[2026-06-11 16:52:03] Epoch 26 train batch [460/1875] loss=0.0526 avg_loss=0.0942. Resources: rss=2214.7MB, peak_rss=2676.6MB, cuda_alloc=360.6MB, cuda_reserved=46378.0MB, cuda_peak_alloc=7062.5MB, cuda_free=1589.8MB, cuda_total=48519.1MB
[2026-06-11 16:52:07] Epoch 26 train batch [480/1875] loss=0.1496 avg_loss=0.0950. Resources: rss=2216.3MB, peak_rss=2676.6MB, cuda_alloc=360.6MB, cuda_reserved=46378.0MB, cuda_peak_alloc=7062.5MB, cuda_free=1589.8MB, cuda_total=48519.1MB
[2026-06-11 16:52:11] Epoch 26 train batch [500/1875] loss=0.1049 avg_loss=0.0950. Resources: rss=2216.0MB, peak_rss=2676.6MB, cuda_alloc=360.6MB, cuda_reserved=46378.0MB, cuda_peak_alloc=7062.5MB, cuda_free=1589.8MB, cuda_total=48519.1MB
[2026-06-11 16:52:15] Epoch 26 train batch [520/1875] loss=0.0827 avg_loss=0.0954. Resources: rss=2216.0MB, peak_rss=2676.6MB, cuda_alloc=360.6MB, cuda_reserved=46378.0MB, cuda_peak_alloc=7062.5MB, cuda_free=1589.8MB, cuda_total=48519.1MB
[2026-06-11 16:52:20] Epoch 26 train batch [540/1875] loss=0.1316 avg_loss=0.0952. Resources: rss=2214.9MB, peak_rss=2676.6MB, cuda_alloc=360.6MB, cuda_reserved=46378.0MB, cuda_peak_alloc=7062.5MB, cuda_free=1589.8MB, cuda_total=48519.1MB
[2026-06-11 16:52:24] Epoch 26 train batch [560/1875] loss=0.0646 avg_loss=0.0944. Resources: rss=2214.9MB, peak_rss=2676.6MB, cuda_alloc=360.6MB, cuda_reserved=46378.0MB, cuda_peak_alloc=7062.5MB, cuda_free=1589.8MB, cuda_total=48519.1MB
[2026-06-11 16:52:28] Epoch 26 train batch [580/1875] loss=0.0334 avg_loss=0.0944. Resources: rss=2215.5MB, peak_rss=2676.6MB, cuda_alloc=360.6MB, cuda_reserved=46378.0MB, cuda_peak_alloc=7062.5MB, cuda_free=1589.8MB, cuda_total=48519.1MB
[2026-06-11 16:52:32] Epoch 26 train batch [600/1875] loss=0.1020 avg_loss=0.0950. Resources: rss=2215.9MB, peak_rss=2676.6MB, cuda_alloc=360.6MB, cuda_reserved=46378.0MB, cuda_peak_alloc=7062.5MB, cuda_free=1589.8MB, cuda_total=48519.1MB
[2026-06-11 16:52:36] Epoch 26 train batch [620/1875] loss=0.1312 avg_loss=0.0945. Resources: rss=2215.9MB, peak_rss=2676.6MB, cuda_alloc=360.6MB, cuda_reserved=46378.0MB, cuda_peak_alloc=7062.5MB, cuda_free=1589.8MB, cuda_total=48519.1MB
[2026-06-11 16:52:40] Epoch 26 train batch [640/1875] loss=0.0540 avg_loss=0.0956. Resources: rss=2214.6MB, peak_rss=2676.6MB, cuda_alloc=360.6MB, cuda_reserved=46378.0MB, cuda_peak_alloc=7062.5MB, cuda_free=1589.8MB, cuda_total=48519.1MB
[2026-06-11 16:52:44] Epoch 26 train batch [660/1875] loss=0.0930 avg_loss=0.0956. Resources: rss=2215.7MB, peak_rss=2676.6MB, cuda_alloc=360.6MB, cuda_reserved=46378.0MB, cuda_peak_alloc=7062.5MB, cuda_free=1589.8MB, cuda_total=48519.1MB
[2026-06-11 16:52:48] Epoch 26 train batch [680/1875] loss=0.0698 avg_loss=0.0952. Resources: rss=2216.1MB, peak_rss=2676.6MB, cuda_alloc=360.6MB, cuda_reserved=46378.0MB, cuda_peak_alloc=7062.5MB, cuda_free=1589.8MB, cuda_total=48519.1MB
[2026-06-11 16:52:52] Epoch 26 train batch [700/1875] loss=0.1191 avg_loss=0.0949. Resources: rss=2216.0MB, peak_rss=2676.6MB, cuda_alloc=360.6MB, cuda_reserved=46378.0MB, cuda_peak_alloc=7062.5MB, cuda_free=1589.8MB, cuda_total=48519.1MB
[2026-06-11 16:52:57] Epoch 26 train batch [720/1875] loss=0.0456 avg_loss=0.0952. Resources: rss=2215.5MB, peak_rss=2676.6MB, cuda_alloc=360.6MB, cuda_reserved=46378.0MB, cuda_peak_alloc=7062.5MB, cuda_free=1589.8MB, cuda_total=48519.1MB
[2026-06-11 16:53:01] Epoch 26 train batch [740/1875] loss=0.0485 avg_loss=0.0953. Resources: rss=2215.7MB, peak_rss=2676.6MB, cuda_alloc=360.6MB, cuda_reserved=46378.0MB, cuda_peak_alloc=7062.5MB, cuda_free=1589.8MB, cuda_total=48519.1MB
[2026-06-11 16:53:05] Epoch 26 train batch [760/1875] loss=0.1083 avg_loss=0.0952. Resources: rss=2215.4MB, peak_rss=2676.6MB, cuda_alloc=360.6MB, cuda_reserved=46378.0MB, cuda_peak_alloc=7062.5MB, cuda_free=1589.8MB, cuda_total=48519.1MB
[2026-06-11 16:53:10] Epoch 26 train batch [780/1875] loss=0.1174 avg_loss=0.0951. Resources: rss=2214.9MB, peak_rss=2676.6MB, cuda_alloc=360.6MB, cuda_reserved=46378.0MB, cuda_peak_alloc=7062.5MB, cuda_free=1589.8MB, cuda_total=48519.1MB
[2026-06-11 16:53:14] Epoch 26 train batch [800/1875] loss=0.1093 avg_loss=0.0951. Resources: rss=2216.2MB, peak_rss=2676.6MB, cuda_alloc=360.6MB, cuda_reserved=46378.0MB, cuda_peak_alloc=7062.5MB, cuda_free=1589.8MB, cuda_total=48519.1MB
[2026-06-11 16:53:18] Epoch 26 train batch [820/1875] loss=0.0432 avg_loss=0.0952. Resources: rss=2215.8MB, peak_rss=2676.6MB, cuda_alloc=360.6MB, cuda_reserved=46378.0MB, cuda_peak_alloc=7062.5MB, cuda_free=1589.8MB, cuda_total=48519.1MB
[2026-06-11 16:53:22] Epoch 26 train batch [840/1875] loss=0.0881 avg_loss=0.0953. Resources: rss=2218.5MB, peak_rss=2676.6MB, cuda_alloc=360.6MB, cuda_reserved=46378.0MB, cuda_peak_alloc=7062.5MB, cuda_free=1589.8MB, cuda_total=48519.1MB
[2026-06-11 16:53:26] Epoch 26 train batch [860/1875] loss=0.0679 avg_loss=0.0960. Resources: rss=2217.3MB, peak_rss=2676.6MB, cuda_alloc=360.6MB, cuda_reserved=46378.0MB, cuda_peak_alloc=7062.5MB, cuda_free=1589.8MB, cuda_total=48519.1MB
[2026-06-11 16:53:31] Epoch 26 train batch [880/1875] loss=0.1195 avg_loss=0.0957. Resources: rss=2218.0MB, peak_rss=2676.6MB, cuda_alloc=360.6MB, cuda_reserved=46378.0MB, cuda_peak_alloc=7062.5MB, cuda_free=1589.8MB, cuda_total=48519.1MB
[2026-06-11 16:53:34] Epoch 26 train batch [900/1875] loss=0.0598 avg_loss=0.0965. Resources: rss=2218.1MB, peak_rss=2676.6MB, cuda_alloc=360.6MB, cuda_reserved=46378.0MB, cuda_peak_alloc=7062.5MB, cuda_free=1589.8MB, cuda_total=48519.1MB
[2026-06-11 16:53:39] Epoch 26 train batch [920/1875] loss=0.0937 avg_loss=0.0962. Resources: rss=2217.1MB, peak_rss=2676.6MB, cuda_alloc=360.6MB, cuda_reserved=46378.0MB, cuda_peak_alloc=7062.5MB, cuda_free=1589.8MB, cuda_total=48519.1MB
[2026-06-11 16:53:43] Epoch 26 train batch [940/1875] loss=0.1034 avg_loss=0.0959. Resources: rss=2217.3MB, peak_rss=2676.6MB, cuda_alloc=360.6MB, cuda_reserved=46378.0MB, cuda_peak_alloc=7062.5MB, cuda_free=1589.8MB, cuda_total=48519.1MB
[2026-06-11 16:53:47] Epoch 26 train batch [960/1875] loss=0.1189 avg_loss=0.0958. Resources: rss=2218.2MB, peak_rss=2676.6MB, cuda_alloc=360.6MB, cuda_reserved=46378.0MB, cuda_peak_alloc=7062.5MB, cuda_free=1589.8MB, cuda_total=48519.1MB
[2026-06-11 16:53:52] Epoch 26 train batch [980/1875] loss=0.1014 avg_loss=0.0956. Resources: rss=2218.0MB, peak_rss=2676.6MB, cuda_alloc=360.6MB, cuda_reserved=46378.0MB, cuda_peak_alloc=7062.5MB, cuda_free=1589.8MB, cuda_total=48519.1MB
[2026-06-11 16:53:56] Epoch 26 train batch [1000/1875] loss=0.2401 avg_loss=0.0960. Resources: rss=2218.1MB, peak_rss=2676.6MB, cuda_alloc=360.6MB, cuda_reserved=46378.0MB, cuda_peak_alloc=7062.5MB, cuda_free=1589.8MB, cuda_total=48519.1MB
[2026-06-11 16:54:00] Epoch 26 train batch [1020/1875] loss=0.0562 avg_loss=0.0955. Resources: rss=2217.9MB, peak_rss=2676.6MB, cuda_alloc=360.6MB, cuda_reserved=46378.0MB, cuda_peak_alloc=7062.5MB, cuda_free=1589.8MB, cuda_total=48519.1MB
[2026-06-11 16:54:05] Epoch 26 train batch [1040/1875] loss=0.0305 avg_loss=0.0955. Resources: rss=2217.4MB, peak_rss=2676.6MB, cuda_alloc=360.6MB, cuda_reserved=46378.0MB, cuda_peak_alloc=7062.5MB, cuda_free=1589.8MB, cuda_total=48519.1MB
[2026-06-11 16:54:09] Epoch 26 train batch [1060/1875] loss=0.0307 avg_loss=0.0952. Resources: rss=2217.1MB, peak_rss=2676.6MB, cuda_alloc=360.6MB, cuda_reserved=46378.0MB, cuda_peak_alloc=7062.5MB, cuda_free=1589.8MB, cuda_total=48519.1MB
[2026-06-11 16:54:13] Epoch 26 train batch [1080/1875] loss=0.1108 avg_loss=0.0950. Resources: rss=2217.0MB, peak_rss=2676.6MB, cuda_alloc=360.6MB, cuda_reserved=46378.0MB, cuda_peak_alloc=7062.5MB, cuda_free=1589.8MB, cuda_total=48519.1MB
[2026-06-11 16:54:18] Epoch 26 train batch [1100/1875] loss=0.0403 avg_loss=0.0947. Resources: rss=2217.4MB, peak_rss=2676.6MB, cuda_alloc=360.6MB, cuda_reserved=46378.0MB, cuda_peak_alloc=7062.5MB, cuda_free=1589.8MB, cuda_total=48519.1MB
[2026-06-11 16:54:22] Epoch 26 train batch [1120/1875] loss=0.1068 avg_loss=0.0946. Resources: rss=2217.9MB, peak_rss=2676.6MB, cuda_alloc=360.6MB, cuda_reserved=46378.0MB, cuda_peak_alloc=7062.5MB, cuda_free=1589.8MB, cuda_total=48519.1MB
[2026-06-11 16:54:26] Epoch 26 train batch [1140/1875] loss=0.1185 avg_loss=0.0947. Resources: rss=2216.9MB, peak_rss=2676.6MB, cuda_alloc=360.6MB, cuda_reserved=46378.0MB, cuda_peak_alloc=7062.5MB, cuda_free=1589.8MB, cuda_total=48519.1MB
[2026-06-11 16:54:30] Epoch 26 train batch [1160/1875] loss=0.1020 avg_loss=0.0944. Resources: rss=2217.5MB, peak_rss=2676.6MB, cuda_alloc=360.6MB, cuda_reserved=46378.0MB, cuda_peak_alloc=7062.5MB, cuda_free=1589.8MB, cuda_total=48519.1MB
[2026-06-11 16:54:35] Epoch 26 train batch [1180/1875] loss=0.1494 avg_loss=0.0942. Resources: rss=2218.5MB, peak_rss=2676.6MB, cuda_alloc=360.6MB, cuda_reserved=46378.0MB, cuda_peak_alloc=7062.5MB, cuda_free=1589.8MB, cuda_total=48519.1MB
[2026-06-11 16:54:39] Epoch 26 train batch [1200/1875] loss=0.0976 avg_loss=0.0944. Resources: rss=2217.5MB, peak_rss=2676.6MB, cuda_alloc=360.6MB, cuda_reserved=46378.0MB, cuda_peak_alloc=7062.5MB, cuda_free=1589.8MB, cuda_total=48519.1MB
[2026-06-11 16:54:43] Epoch 26 train batch [1220/1875] loss=0.1274 avg_loss=0.0941. Resources: rss=2217.4MB, peak_rss=2676.6MB, cuda_alloc=360.6MB, cuda_reserved=46378.0MB, cuda_peak_alloc=7062.5MB, cuda_free=1589.8MB, cuda_total=48519.1MB
[2026-06-11 16:54:47] Epoch 26 train batch [1240/1875] loss=0.0597 avg_loss=0.0940. Resources: rss=2217.7MB, peak_rss=2676.6MB, cuda_alloc=360.6MB, cuda_reserved=46378.0MB, cuda_peak_alloc=7062.5MB, cuda_free=1589.8MB, cuda_total=48519.1MB
[2026-06-11 16:54:52] Epoch 26 train batch [1260/1875] loss=0.0323 avg_loss=0.0937. Resources: rss=2216.6MB, peak_rss=2676.6MB, cuda_alloc=360.6MB, cuda_reserved=46378.0MB, cuda_peak_alloc=7062.5MB, cuda_free=1589.8MB, cuda_total=48519.1MB
[2026-06-11 16:54:56] Epoch 26 train batch [1280/1875] loss=0.0284 avg_loss=0.0936. Resources: rss=2217.4MB, peak_rss=2676.6MB, cuda_alloc=360.6MB, cuda_reserved=46378.0MB, cuda_peak_alloc=7062.5MB, cuda_free=1589.8MB, cuda_total=48519.1MB
[2026-06-11 16:55:00] Epoch 26 train batch [1300/1875] loss=0.0639 avg_loss=0.0935. Resources: rss=2217.4MB, peak_rss=2676.6MB, cuda_alloc=360.6MB, cuda_reserved=46378.0MB, cuda_peak_alloc=7062.5MB, cuda_free=1589.8MB, cuda_total=48519.1MB
[2026-06-11 16:55:04] Epoch 26 train batch [1320/1875] loss=0.0979 avg_loss=0.0933. Resources: rss=2217.2MB, peak_rss=2676.6MB, cuda_alloc=360.6MB, cuda_reserved=46378.0MB, cuda_peak_alloc=7062.5MB, cuda_free=1589.8MB, cuda_total=48519.1MB
[2026-06-11 16:55:08] Epoch 26 train batch [1340/1875] loss=0.0933 avg_loss=0.0930. Resources: rss=2216.8MB, peak_rss=2676.6MB, cuda_alloc=360.6MB, cuda_reserved=46378.0MB, cuda_peak_alloc=7062.5MB, cuda_free=1589.8MB, cuda_total=48519.1MB
[2026-06-11 16:55:12] Epoch 26 train batch [1360/1875] loss=0.0357 avg_loss=0.0930. Resources: rss=2217.1MB, peak_rss=2676.6MB, cuda_alloc=360.6MB, cuda_reserved=46378.0MB, cuda_peak_alloc=7062.5MB, cuda_free=1589.8MB, cuda_total=48519.1MB
[2026-06-11 16:55:16] Epoch 26 train batch [1380/1875] loss=0.0715 avg_loss=0.0931. Resources: rss=2216.6MB, peak_rss=2676.6MB, cuda_alloc=360.6MB, cuda_reserved=46378.0MB, cuda_peak_alloc=7062.5MB, cuda_free=1589.8MB, cuda_total=48519.1MB
[2026-06-11 16:55:21] Epoch 26 train batch [1400/1875] loss=0.0436 avg_loss=0.0934. Resources: rss=2218.4MB, peak_rss=2676.6MB, cuda_alloc=360.6MB, cuda_reserved=46378.0MB, cuda_peak_alloc=7062.5MB, cuda_free=1588.9MB, cuda_total=48519.1MB
[2026-06-11 16:55:25] Epoch 26 train batch [1420/1875] loss=0.0105 avg_loss=0.0934. Resources: rss=2217.0MB, peak_rss=2676.6MB, cuda_alloc=360.6MB, cuda_reserved=46378.0MB, cuda_peak_alloc=7062.5MB, cuda_free=1588.9MB, cuda_total=48519.1MB
[2026-06-11 16:55:29] Epoch 26 train batch [1440/1875] loss=0.0650 avg_loss=0.0933. Resources: rss=2217.3MB, peak_rss=2676.6MB, cuda_alloc=360.6MB, cuda_reserved=46378.0MB, cuda_peak_alloc=7062.5MB, cuda_free=1588.9MB, cuda_total=48519.1MB
[2026-06-11 16:55:33] Epoch 26 train batch [1460/1875] loss=0.0865 avg_loss=0.0934. Resources: rss=2217.6MB, peak_rss=2676.6MB, cuda_alloc=360.6MB, cuda_reserved=46378.0MB, cuda_peak_alloc=7062.5MB, cuda_free=1588.9MB, cuda_total=48519.1MB
[2026-06-11 16:55:37] Epoch 26 train batch [1480/1875] loss=0.0065 avg_loss=0.0935. Resources: rss=2217.4MB, peak_rss=2676.6MB, cuda_alloc=351.4MB, cuda_reserved=46378.0MB, cuda_peak_alloc=7062.5MB, cuda_free=1588.9MB, cuda_total=48519.1MB
[2026-06-11 16:55:42] Epoch 26 train batch [1500/1875] loss=0.0767 avg_loss=0.0934. Resources: rss=2216.1MB, peak_rss=2676.6MB, cuda_alloc=360.6MB, cuda_reserved=46378.0MB, cuda_peak_alloc=7062.5MB, cuda_free=1588.9MB, cuda_total=48519.1MB
[2026-06-11 16:55:46] Epoch 26 train batch [1520/1875] loss=0.0682 avg_loss=0.0934. Resources: rss=2217.1MB, peak_rss=2676.6MB, cuda_alloc=360.6MB, cuda_reserved=46378.0MB, cuda_peak_alloc=7062.5MB, cuda_free=1588.9MB, cuda_total=48519.1MB
[2026-06-11 16:55:50] Epoch 26 train batch [1540/1875] loss=0.1226 avg_loss=0.0933. Resources: rss=2217.0MB, peak_rss=2676.6MB, cuda_alloc=360.6MB, cuda_reserved=46378.0MB, cuda_peak_alloc=7062.5MB, cuda_free=1588.9MB, cuda_total=48519.1MB
[2026-06-11 16:55:54] Epoch 26 train batch [1560/1875] loss=0.0072 avg_loss=0.0931. Resources: rss=2219.5MB, peak_rss=2676.6MB, cuda_alloc=351.4MB, cuda_reserved=46378.0MB, cuda_peak_alloc=7062.5MB, cuda_free=1588.9MB, cuda_total=48519.1MB
[2026-06-11 16:55:58] Epoch 26 train batch [1580/1875] loss=0.0496 avg_loss=0.0933. Resources: rss=2219.8MB, peak_rss=2676.6MB, cuda_alloc=360.6MB, cuda_reserved=46378.0MB, cuda_peak_alloc=7062.5MB, cuda_free=1588.9MB, cuda_total=48519.1MB
[2026-06-11 16:56:03] Epoch 26 train batch [1600/1875] loss=0.1507 avg_loss=0.0931. Resources: rss=2220.3MB, peak_rss=2676.6MB, cuda_alloc=360.6MB, cuda_reserved=46378.0MB, cuda_peak_alloc=7062.5MB, cuda_free=1588.9MB, cuda_total=48519.1MB
[2026-06-11 16:56:07] Epoch 26 train batch [1620/1875] loss=0.6375 avg_loss=0.0935. Resources: rss=2220.0MB, peak_rss=2676.6MB, cuda_alloc=360.6MB, cuda_reserved=46378.0MB, cuda_peak_alloc=7062.5MB, cuda_free=1588.9MB, cuda_total=48519.1MB
[2026-06-11 16:56:11] Epoch 26 train batch [1640/1875] loss=0.1002 avg_loss=0.0935. Resources: rss=2219.5MB, peak_rss=2676.6MB, cuda_alloc=360.6MB, cuda_reserved=46898.0MB, cuda_peak_alloc=7062.5MB, cuda_free=1068.9MB, cuda_total=48519.1MB
[2026-06-11 16:56:15] Epoch 26 train batch [1660/1875] loss=0.1888 avg_loss=0.0937. Resources: rss=2220.1MB, peak_rss=2676.6MB, cuda_alloc=360.6MB, cuda_reserved=46898.0MB, cuda_peak_alloc=7062.5MB, cuda_free=1068.9MB, cuda_total=48519.1MB
[2026-06-11 16:56:19] Epoch 26 train batch [1680/1875] loss=0.0349 avg_loss=0.0938. Resources: rss=2219.9MB, peak_rss=2676.6MB, cuda_alloc=360.6MB, cuda_reserved=46898.0MB, cuda_peak_alloc=7062.5MB, cuda_free=1068.9MB, cuda_total=48519.1MB
[2026-06-11 16:56:24] Epoch 26 train batch [1700/1875] loss=0.0365 avg_loss=0.0939. Resources: rss=2219.9MB, peak_rss=2676.6MB, cuda_alloc=360.6MB, cuda_reserved=31056.0MB, cuda_peak_alloc=7062.5MB, cuda_free=16910.9MB, cuda_total=48519.1MB
[2026-06-11 16:56:28] Epoch 26 train batch [1720/1875] loss=0.0875 avg_loss=0.0937. Resources: rss=2220.4MB, peak_rss=2676.6MB, cuda_alloc=360.6MB, cuda_reserved=31056.0MB, cuda_peak_alloc=7062.5MB, cuda_free=16910.9MB, cuda_total=48519.1MB
[2026-06-11 16:56:33] Epoch 26 train batch [1740/1875] loss=0.1224 avg_loss=0.0936. Resources: rss=2220.3MB, peak_rss=2676.6MB, cuda_alloc=360.6MB, cuda_reserved=31056.0MB, cuda_peak_alloc=7062.5MB, cuda_free=16910.9MB, cuda_total=48519.1MB
[2026-06-11 16:56:37] Epoch 26 train batch [1760/1875] loss=0.1051 avg_loss=0.0937. Resources: rss=2219.8MB, peak_rss=2676.6MB, cuda_alloc=360.6MB, cuda_reserved=44756.0MB, cuda_peak_alloc=7062.5MB, cuda_free=3210.9MB, cuda_total=48519.1MB
[2026-06-11 16:56:41] Epoch 26 train batch [1780/1875] loss=0.0899 avg_loss=0.0937. Resources: rss=2220.3MB, peak_rss=2676.6MB, cuda_alloc=360.6MB, cuda_reserved=45656.0MB, cuda_peak_alloc=7062.5MB, cuda_free=2310.9MB, cuda_total=48519.1MB
[2026-06-11 16:56:45] Epoch 26 train batch [1800/1875] loss=0.0845 avg_loss=0.0939. Resources: rss=2219.7MB, peak_rss=2676.6MB, cuda_alloc=360.6MB, cuda_reserved=45656.0MB, cuda_peak_alloc=7062.5MB, cuda_free=2310.9MB, cuda_total=48519.1MB
[2026-06-11 16:56:49] Epoch 26 train batch [1820/1875] loss=0.1158 avg_loss=0.0939. Resources: rss=2220.4MB, peak_rss=2676.6MB, cuda_alloc=360.6MB, cuda_reserved=45656.0MB, cuda_peak_alloc=7062.5MB, cuda_free=2310.9MB, cuda_total=48519.1MB
[2026-06-11 16:56:55] Epoch 26 train batch [1840/1875] loss=0.1533 avg_loss=0.0939. Resources: rss=2219.5MB, peak_rss=2676.6MB, cuda_alloc=360.6MB, cuda_reserved=21436.0MB, cuda_peak_alloc=7062.5MB, cuda_free=26530.9MB, cuda_total=48519.1MB
[2026-06-11 16:57:00] Epoch 26 train batch [1860/1875] loss=0.0550 avg_loss=0.0941. Resources: rss=2220.7MB, peak_rss=2676.6MB, cuda_alloc=360.6MB, cuda_reserved=11336.0MB, cuda_peak_alloc=7062.5MB, cuda_free=36630.9MB, cuda_total=48519.1MB
[2026-06-11 16:57:03] Epoch 26 train batch [1875/1875] loss=0.0343 avg_loss=0.0940. Resources: rss=2220.6MB, peak_rss=2676.6MB, cuda_alloc=351.4MB, cuda_reserved=34316.0MB, cuda_peak_alloc=7062.5MB, cuda_free=13650.9MB, cuda_total=48519.1MB
[2026-06-11 16:57:03] Epoch 26 training completed. Resources: rss=2212.2MB, peak_rss=2676.6MB, cuda_alloc=351.4MB, cuda_reserved=34316.0MB, cuda_peak_alloc=7062.5MB, cuda_free=13650.9MB, cuda_total=48519.1MB
[2026-06-11 16:57:03] Epoch 26 cache released before validation loss. Resources: rss=2210.5MB, peak_rss=2676.6MB, cuda_alloc=351.4MB, cuda_reserved=518.0MB, cuda_peak_alloc=351.4MB, cuda_free=47448.9MB, cuda_total=48519.1MB
[2026-06-11 16:57:34] Epoch 26 validation loss completed: 0.5542. Resources: rss=2210.3MB, peak_rss=2676.6MB, cuda_alloc=351.4MB, cuda_reserved=5766.0MB, cuda_peak_alloc=2024.9MB, cuda_free=42200.9MB, cuda_total=48519.1MB
[2026-06-11 16:57:34] Epoch 26 cache released before detection metrics. Resources: rss=2210.3MB, peak_rss=2676.6MB, cuda_alloc=351.4MB, cuda_reserved=518.0MB, cuda_peak_alloc=351.4MB, cuda_free=47448.9MB, cuda_total=48519.1MB
[2026-06-11 16:58:05] Epoch 26 prediction tensors moved to CPU. Computing metrics. Resources: rss=2210.6MB, peak_rss=2676.6MB, cuda_alloc=351.4MB, cuda_reserved=518.0MB, cuda_peak_alloc=351.4MB, cuda_free=47448.9MB, cuda_total=48519.1MB
[2026-06-11 16:58:05] Epoch 26 metrics computed (mAP@0.5 only). Saving artifacts. Resources: rss=2211.6MB, peak_rss=2676.6MB, cuda_alloc=351.4MB, cuda_reserved=518.0MB, cuda_peak_alloc=351.4MB, cuda_free=47448.9MB, cuda_total=48519.1MB
[2026-06-11 16:58:06] Epoch 26 did not improve mAP@0.5 enough. Early stopping counter: 6/10.
Epoch [26/50]
├── Train Loss : 0.0940
│   ├── loss_classifier  : 0.0464
│   ├── loss_box_reg     : 0.0476
│   ├── loss_objectness  : 0.0000
│   └── loss_rpn_box_reg : 0.0000
├── Val Loss   : 0.5542
├── mAP@0.5    : 0.7709
├── mAP@0.75   : n/a
├── mAP@0.5:0.95 : n/a
├── Precision  : 0.1262
├── Recall     : 0.9119
├── GT Boxes   : 2021
├── Predictions: 14604
├── Per-class AP
│   ├── person  : AP50=0.8285, AP75=n/a, AP50:95=n/a, P=0.1711, R=0.9311
│   ├── car     : AP50=0.7936, AP75=n/a, AP50:95=n/a, P=0.1147, R=0.9258
│   ├── dog     : AP50=0.8137, AP75=n/a, AP50:95=n/a, P=0.1239, R=0.9078
│   ├── cat     : AP50=0.8910, AP75=n/a, AP50:95=n/a, P=0.1446, R=0.9659
│   └── chair   : AP50=0.5276, AP75=n/a, AP50:95=n/a, P=0.0591, R=0.7943
├── LR         : 0.000537
└── Time       : 460.2s
[2026-06-11 16:58:06] Epoch [26/50] completed. Resources: rss=2210.7MB, peak_rss=2676.6MB, cuda_alloc=351.4MB, cuda_reserved=518.0MB, cuda_peak_alloc=351.4MB, cuda_free=47448.9MB, cuda_total=48519.1MB
[2026-06-11 16:58:06] Epoch [27/50] started. Resources: rss=2210.7MB, peak_rss=2676.6MB, cuda_alloc=351.4MB, cuda_reserved=518.0MB, cuda_peak_alloc=351.4MB, cuda_free=47448.9MB, cuda_total=48519.1MB
[2026-06-11 16:58:11] Epoch 27 train batch [20/1875] loss=0.0724 avg_loss=0.0825. Resources: rss=2218.6MB, peak_rss=2676.6MB, cuda_alloc=360.6MB, cuda_reserved=14176.0MB, cuda_peak_alloc=7062.2MB, cuda_free=33790.9MB, cuda_total=48519.1MB
[2026-06-11 16:58:15] Epoch 27 train batch [40/1875] loss=0.0283 avg_loss=0.0698. Resources: rss=2220.4MB, peak_rss=2676.6MB, cuda_alloc=360.6MB, cuda_reserved=47356.0MB, cuda_peak_alloc=7062.2MB, cuda_free=610.9MB, cuda_total=48519.1MB
[2026-06-11 16:58:19] Epoch 27 train batch [60/1875] loss=0.0626 avg_loss=0.0771. Resources: rss=2221.0MB, peak_rss=2676.6MB, cuda_alloc=360.6MB, cuda_reserved=47356.0MB, cuda_peak_alloc=7062.2MB, cuda_free=610.9MB, cuda_total=48519.1MB
[2026-06-11 16:58:23] Epoch 27 train batch [80/1875] loss=0.0997 avg_loss=0.0829. Resources: rss=2221.0MB, peak_rss=2676.6MB, cuda_alloc=360.6MB, cuda_reserved=47356.0MB, cuda_peak_alloc=7062.2MB, cuda_free=610.9MB, cuda_total=48519.1MB
[2026-06-11 16:58:28] Epoch 27 train batch [100/1875] loss=0.1511 avg_loss=0.0837. Resources: rss=2219.7MB, peak_rss=2676.6MB, cuda_alloc=360.6MB, cuda_reserved=47356.0MB, cuda_peak_alloc=7062.3MB, cuda_free=610.9MB, cuda_total=48519.1MB
[2026-06-11 16:58:32] Epoch 27 train batch [120/1875] loss=0.1044 avg_loss=0.0841. Resources: rss=2221.2MB, peak_rss=2676.6MB, cuda_alloc=360.6MB, cuda_reserved=47356.0MB, cuda_peak_alloc=7062.3MB, cuda_free=610.9MB, cuda_total=48519.1MB
[2026-06-11 16:58:37] Epoch 27 train batch [140/1875] loss=0.0736 avg_loss=0.0856. Resources: rss=2220.2MB, peak_rss=2676.6MB, cuda_alloc=360.6MB, cuda_reserved=44016.0MB, cuda_peak_alloc=7062.3MB, cuda_free=3950.9MB, cuda_total=48519.1MB
[2026-06-11 16:58:43] Epoch 27 train batch [160/1875] loss=0.0885 avg_loss=0.0847. Resources: rss=2222.2MB, peak_rss=2676.6MB, cuda_alloc=360.6MB, cuda_reserved=22556.0MB, cuda_peak_alloc=7062.3MB, cuda_free=25410.9MB, cuda_total=48519.1MB
[2026-06-11 16:58:47] Epoch 27 train batch [180/1875] loss=0.1242 avg_loss=0.0864. Resources: rss=2221.9MB, peak_rss=2676.6MB, cuda_alloc=360.6MB, cuda_reserved=32096.0MB, cuda_peak_alloc=7062.3MB, cuda_free=15870.9MB, cuda_total=48519.1MB
[2026-06-11 16:58:52] Epoch 27 train batch [200/1875] loss=0.0900 avg_loss=0.0866. Resources: rss=2221.2MB, peak_rss=2676.6MB, cuda_alloc=360.6MB, cuda_reserved=32836.0MB, cuda_peak_alloc=7062.3MB, cuda_free=15130.9MB, cuda_total=48519.1MB
[2026-06-11 16:58:56] Epoch 27 train batch [220/1875] loss=0.0731 avg_loss=0.0869. Resources: rss=2221.0MB, peak_rss=2676.6MB, cuda_alloc=360.6MB, cuda_reserved=40096.0MB, cuda_peak_alloc=7062.3MB, cuda_free=7870.9MB, cuda_total=48519.1MB
[2026-06-11 16:59:00] Epoch 27 train batch [240/1875] loss=0.1641 avg_loss=0.0888. Resources: rss=2221.1MB, peak_rss=2676.6MB, cuda_alloc=360.6MB, cuda_reserved=40096.0MB, cuda_peak_alloc=7062.3MB, cuda_free=7870.9MB, cuda_total=48519.1MB
[2026-06-11 16:59:04] Epoch 27 train batch [260/1875] loss=0.0980 avg_loss=0.0895. Resources: rss=2220.8MB, peak_rss=2676.6MB, cuda_alloc=360.6MB, cuda_reserved=40096.0MB, cuda_peak_alloc=7062.3MB, cuda_free=7870.9MB, cuda_total=48519.1MB
[2026-06-11 16:59:08] Epoch 27 train batch [280/1875] loss=0.0521 avg_loss=0.0879. Resources: rss=2221.2MB, peak_rss=2676.6MB, cuda_alloc=360.6MB, cuda_reserved=40096.0MB, cuda_peak_alloc=7062.3MB, cuda_free=7870.9MB, cuda_total=48519.1MB
[2026-06-11 16:59:12] Epoch 27 train batch [300/1875] loss=0.1155 avg_loss=0.0874. Resources: rss=2221.3MB, peak_rss=2676.6MB, cuda_alloc=360.6MB, cuda_reserved=40096.0MB, cuda_peak_alloc=7062.3MB, cuda_free=7870.9MB, cuda_total=48519.1MB
[2026-06-11 16:59:16] Epoch 27 train batch [320/1875] loss=0.0526 avg_loss=0.0899. Resources: rss=2220.6MB, peak_rss=2676.6MB, cuda_alloc=360.6MB, cuda_reserved=40096.0MB, cuda_peak_alloc=7062.3MB, cuda_free=7870.9MB, cuda_total=48519.1MB
[2026-06-11 16:59:21] Epoch 27 train batch [340/1875] loss=0.0706 avg_loss=0.0905. Resources: rss=2221.1MB, peak_rss=2676.6MB, cuda_alloc=360.6MB, cuda_reserved=40096.0MB, cuda_peak_alloc=7062.3MB, cuda_free=7870.9MB, cuda_total=48519.1MB
[2026-06-11 16:59:25] Epoch 27 train batch [360/1875] loss=0.0837 avg_loss=0.0906. Resources: rss=2219.6MB, peak_rss=2676.6MB, cuda_alloc=360.6MB, cuda_reserved=40096.0MB, cuda_peak_alloc=7062.3MB, cuda_free=7870.9MB, cuda_total=48519.1MB
[2026-06-11 16:59:29] Epoch 27 train batch [380/1875] loss=0.0705 avg_loss=0.0906. Resources: rss=2219.8MB, peak_rss=2676.6MB, cuda_alloc=360.6MB, cuda_reserved=40096.0MB, cuda_peak_alloc=7062.3MB, cuda_free=7870.9MB, cuda_total=48519.1MB
[2026-06-11 16:59:33] Epoch 27 train batch [400/1875] loss=0.0180 avg_loss=0.0900. Resources: rss=2220.3MB, peak_rss=2676.6MB, cuda_alloc=360.6MB, cuda_reserved=47336.0MB, cuda_peak_alloc=7062.3MB, cuda_free=630.9MB, cuda_total=48519.1MB
[2026-06-11 16:59:38] Epoch 27 train batch [420/1875] loss=0.1193 avg_loss=0.0901. Resources: rss=2220.6MB, peak_rss=2676.6MB, cuda_alloc=360.6MB, cuda_reserved=47336.0MB, cuda_peak_alloc=7062.3MB, cuda_free=630.9MB, cuda_total=48519.1MB
[2026-06-11 16:59:42] Epoch 27 train batch [440/1875] loss=0.1950 avg_loss=0.0898. Resources: rss=2220.6MB, peak_rss=2676.6MB, cuda_alloc=360.6MB, cuda_reserved=47336.0MB, cuda_peak_alloc=7062.5MB, cuda_free=630.9MB, cuda_total=48519.1MB
[2026-06-11 16:59:46] Epoch 27 train batch [460/1875] loss=0.0277 avg_loss=0.0912. Resources: rss=2220.7MB, peak_rss=2676.6MB, cuda_alloc=360.6MB, cuda_reserved=47336.0MB, cuda_peak_alloc=7062.5MB, cuda_free=630.9MB, cuda_total=48519.1MB
[2026-06-11 16:59:51] Epoch 27 train batch [480/1875] loss=0.1994 avg_loss=0.0917. Resources: rss=2220.4MB, peak_rss=2676.6MB, cuda_alloc=360.6MB, cuda_reserved=34896.0MB, cuda_peak_alloc=7062.5MB, cuda_free=13070.9MB, cuda_total=48519.1MB
[2026-06-11 16:59:56] Epoch 27 train batch [500/1875] loss=0.1116 avg_loss=0.0921. Resources: rss=2220.6MB, peak_rss=2676.6MB, cuda_alloc=360.6MB, cuda_reserved=47856.0MB, cuda_peak_alloc=7062.5MB, cuda_free=110.9MB, cuda_total=48519.1MB
[2026-06-11 17:00:01] Epoch 27 train batch [520/1875] loss=0.1502 avg_loss=0.0922. Resources: rss=2220.2MB, peak_rss=2676.6MB, cuda_alloc=360.6MB, cuda_reserved=33236.0MB, cuda_peak_alloc=7062.5MB, cuda_free=14730.9MB, cuda_total=48519.1MB
[2026-06-11 17:00:05] Epoch 27 train batch [540/1875] loss=0.0690 avg_loss=0.0918. Resources: rss=2220.4MB, peak_rss=2676.6MB, cuda_alloc=360.6MB, cuda_reserved=44736.0MB, cuda_peak_alloc=7062.5MB, cuda_free=3230.9MB, cuda_total=48519.1MB
[2026-06-11 17:00:11] Epoch 27 train batch [560/1875] loss=0.0319 avg_loss=0.0921. Resources: rss=2220.2MB, peak_rss=2676.6MB, cuda_alloc=360.6MB, cuda_reserved=34236.0MB, cuda_peak_alloc=7062.5MB, cuda_free=13730.9MB, cuda_total=48519.1MB
[2026-06-11 17:00:15] Epoch 27 train batch [580/1875] loss=0.1343 avg_loss=0.0918. Resources: rss=2220.6MB, peak_rss=2676.6MB, cuda_alloc=360.6MB, cuda_reserved=39876.0MB, cuda_peak_alloc=7062.5MB, cuda_free=8090.9MB, cuda_total=48519.1MB
[2026-06-11 17:00:19] Epoch 27 train batch [600/1875] loss=0.0670 avg_loss=0.0917. Resources: rss=2221.1MB, peak_rss=2676.6MB, cuda_alloc=360.6MB, cuda_reserved=39876.0MB, cuda_peak_alloc=7062.5MB, cuda_free=8090.9MB, cuda_total=48519.1MB
[2026-06-11 17:00:23] Epoch 27 train batch [620/1875] loss=0.0856 avg_loss=0.0912. Resources: rss=2221.6MB, peak_rss=2676.6MB, cuda_alloc=360.6MB, cuda_reserved=39876.0MB, cuda_peak_alloc=7062.5MB, cuda_free=8090.9MB, cuda_total=48519.1MB
[2026-06-11 17:00:27] Epoch 27 train batch [640/1875] loss=0.1044 avg_loss=0.0910. Resources: rss=2220.2MB, peak_rss=2676.6MB, cuda_alloc=360.6MB, cuda_reserved=39876.0MB, cuda_peak_alloc=7062.5MB, cuda_free=8090.9MB, cuda_total=48519.1MB
[2026-06-11 17:00:32] Epoch 27 train batch [660/1875] loss=0.1084 avg_loss=0.0910. Resources: rss=2220.8MB, peak_rss=2676.6MB, cuda_alloc=360.6MB, cuda_reserved=39876.0MB, cuda_peak_alloc=7062.5MB, cuda_free=8090.9MB, cuda_total=48519.1MB
[2026-06-11 17:00:36] Epoch 27 train batch [680/1875] loss=0.0563 avg_loss=0.0905. Resources: rss=2221.3MB, peak_rss=2676.6MB, cuda_alloc=360.6MB, cuda_reserved=45876.0MB, cuda_peak_alloc=7062.5MB, cuda_free=2090.9MB, cuda_total=48519.1MB
[2026-06-11 17:00:40] Epoch 27 train batch [700/1875] loss=0.0638 avg_loss=0.0903. Resources: rss=2220.4MB, peak_rss=2676.6MB, cuda_alloc=360.6MB, cuda_reserved=45876.0MB, cuda_peak_alloc=7062.5MB, cuda_free=2090.9MB, cuda_total=48519.1MB
[2026-06-11 17:00:45] Epoch 27 train batch [720/1875] loss=0.0943 avg_loss=0.0903. Resources: rss=2221.2MB, peak_rss=2676.6MB, cuda_alloc=360.6MB, cuda_reserved=45876.0MB, cuda_peak_alloc=7062.5MB, cuda_free=2090.9MB, cuda_total=48519.1MB
[2026-06-11 17:00:49] Epoch 27 train batch [740/1875] loss=0.0584 avg_loss=0.0904. Resources: rss=2220.3MB, peak_rss=2676.6MB, cuda_alloc=360.6MB, cuda_reserved=45878.0MB, cuda_peak_alloc=7062.5MB, cuda_free=2088.9MB, cuda_total=48519.1MB
[2026-06-11 17:00:53] Epoch 27 train batch [760/1875] loss=0.1140 avg_loss=0.0902. Resources: rss=2221.1MB, peak_rss=2676.6MB, cuda_alloc=360.6MB, cuda_reserved=45878.0MB, cuda_peak_alloc=7062.5MB, cuda_free=2088.9MB, cuda_total=48519.1MB
[2026-06-11 17:00:57] Epoch 27 train batch [780/1875] loss=0.0517 avg_loss=0.0901. Resources: rss=2220.7MB, peak_rss=2676.6MB, cuda_alloc=360.6MB, cuda_reserved=45878.0MB, cuda_peak_alloc=7062.5MB, cuda_free=2088.9MB, cuda_total=48519.1MB
[2026-06-11 17:01:01] Epoch 27 train batch [800/1875] loss=0.0451 avg_loss=0.0897. Resources: rss=2219.9MB, peak_rss=2676.6MB, cuda_alloc=360.6MB, cuda_reserved=45878.0MB, cuda_peak_alloc=7062.5MB, cuda_free=2088.9MB, cuda_total=48519.1MB
[2026-06-11 17:01:05] Epoch 27 train batch [820/1875] loss=0.0778 avg_loss=0.0895. Resources: rss=2221.4MB, peak_rss=2676.6MB, cuda_alloc=360.6MB, cuda_reserved=45878.0MB, cuda_peak_alloc=7062.5MB, cuda_free=2088.9MB, cuda_total=48519.1MB
[2026-06-11 17:01:11] Epoch 27 train batch [840/1875] loss=0.0570 avg_loss=0.0898. Resources: rss=2221.6MB, peak_rss=2676.6MB, cuda_alloc=360.6MB, cuda_reserved=34156.0MB, cuda_peak_alloc=7062.5MB, cuda_free=13810.9MB, cuda_total=48519.1MB
[2026-06-11 17:01:15] Epoch 27 train batch [860/1875] loss=0.0804 avg_loss=0.0895. Resources: rss=2221.8MB, peak_rss=2676.6MB, cuda_alloc=360.6MB, cuda_reserved=40316.0MB, cuda_peak_alloc=7062.5MB, cuda_free=7650.9MB, cuda_total=48519.1MB
[2026-06-11 17:01:20] Epoch 27 train batch [880/1875] loss=0.1302 avg_loss=0.0898. Resources: rss=2221.1MB, peak_rss=2676.6MB, cuda_alloc=360.6MB, cuda_reserved=32176.0MB, cuda_peak_alloc=7062.5MB, cuda_free=15790.9MB, cuda_total=48519.1MB
[2026-06-11 17:01:25] Epoch 27 train batch [900/1875] loss=0.1590 avg_loss=0.0898. Resources: rss=2221.6MB, peak_rss=2676.6MB, cuda_alloc=360.6MB, cuda_reserved=25856.0MB, cuda_peak_alloc=7062.5MB, cuda_free=22110.9MB, cuda_total=48519.1MB
[2026-06-11 17:01:30] Epoch 27 train batch [920/1875] loss=0.1464 avg_loss=0.0898. Resources: rss=2221.6MB, peak_rss=2676.6MB, cuda_alloc=360.6MB, cuda_reserved=29896.0MB, cuda_peak_alloc=7062.5MB, cuda_free=18070.9MB, cuda_total=48519.1MB
[2026-06-11 17:01:34] Epoch 27 train batch [940/1875] loss=0.1097 avg_loss=0.0898. Resources: rss=2221.6MB, peak_rss=2676.6MB, cuda_alloc=360.6MB, cuda_reserved=41716.0MB, cuda_peak_alloc=7062.5MB, cuda_free=6250.9MB, cuda_total=48519.1MB
[2026-06-11 17:01:38] Epoch 27 train batch [960/1875] loss=0.0704 avg_loss=0.0896. Resources: rss=2222.5MB, peak_rss=2676.6MB, cuda_alloc=360.6MB, cuda_reserved=41716.0MB, cuda_peak_alloc=7062.5MB, cuda_free=6250.9MB, cuda_total=48519.1MB
[2026-06-11 17:01:42] Epoch 27 train batch [980/1875] loss=0.1272 avg_loss=0.0892. Resources: rss=2219.5MB, peak_rss=2676.6MB, cuda_alloc=360.6MB, cuda_reserved=41716.0MB, cuda_peak_alloc=7062.5MB, cuda_free=6250.9MB, cuda_total=48519.1MB
[2026-06-11 17:01:48] Epoch 27 train batch [1000/1875] loss=0.0210 avg_loss=0.0889. Resources: rss=2219.1MB, peak_rss=2676.6MB, cuda_alloc=360.6MB, cuda_reserved=31956.0MB, cuda_peak_alloc=7062.5MB, cuda_free=16010.9MB, cuda_total=48519.1MB
[2026-06-11 17:01:53] Epoch 27 train batch [1020/1875] loss=0.1966 avg_loss=0.0896. Resources: rss=2220.4MB, peak_rss=2676.6MB, cuda_alloc=360.6MB, cuda_reserved=10416.0MB, cuda_peak_alloc=7062.5MB, cuda_free=37550.9MB, cuda_total=48519.1MB
[2026-06-11 17:01:58] Epoch 27 train batch [1040/1875] loss=0.0849 avg_loss=0.0894. Resources: rss=2219.6MB, peak_rss=2676.6MB, cuda_alloc=360.6MB, cuda_reserved=44216.0MB, cuda_peak_alloc=7062.5MB, cuda_free=3750.9MB, cuda_total=48519.1MB
[2026-06-11 17:02:02] Epoch 27 train batch [1060/1875] loss=0.1669 avg_loss=0.0893. Resources: rss=2220.8MB, peak_rss=2676.6MB, cuda_alloc=360.6MB, cuda_reserved=47956.0MB, cuda_peak_alloc=7062.5MB, cuda_free=10.9MB, cuda_total=48519.1MB
[2026-06-11 17:02:07] Epoch 27 train batch [1080/1875] loss=0.0362 avg_loss=0.0894. Resources: rss=2219.9MB, peak_rss=2676.6MB, cuda_alloc=360.6MB, cuda_reserved=29816.0MB, cuda_peak_alloc=7062.5MB, cuda_free=18150.9MB, cuda_total=48519.1MB
[2026-06-11 17:02:12] Epoch 27 train batch [1100/1875] loss=0.1417 avg_loss=0.0896. Resources: rss=2221.2MB, peak_rss=2676.6MB, cuda_alloc=360.6MB, cuda_reserved=41016.0MB, cuda_peak_alloc=7062.5MB, cuda_free=6950.9MB, cuda_total=48519.1MB
[2026-06-11 17:02:16] Epoch 27 train batch [1120/1875] loss=0.0779 avg_loss=0.0896. Resources: rss=2220.5MB, peak_rss=2676.6MB, cuda_alloc=360.6MB, cuda_reserved=45056.0MB, cuda_peak_alloc=7062.5MB, cuda_free=2910.9MB, cuda_total=48519.1MB
[2026-06-11 17:02:21] Epoch 27 train batch [1140/1875] loss=0.0700 avg_loss=0.0895. Resources: rss=2221.1MB, peak_rss=2676.6MB, cuda_alloc=360.6MB, cuda_reserved=38316.0MB, cuda_peak_alloc=7062.5MB, cuda_free=9650.9MB, cuda_total=48519.1MB
[2026-06-11 17:02:26] Epoch 27 train batch [1160/1875] loss=0.0942 avg_loss=0.0897. Resources: rss=2220.9MB, peak_rss=2676.6MB, cuda_alloc=360.6MB, cuda_reserved=47776.0MB, cuda_peak_alloc=7062.5MB, cuda_free=190.9MB, cuda_total=48519.1MB
[2026-06-11 17:02:31] Epoch 27 train batch [1180/1875] loss=0.0253 avg_loss=0.0897. Resources: rss=2220.7MB, peak_rss=2676.6MB, cuda_alloc=360.6MB, cuda_reserved=31756.0MB, cuda_peak_alloc=7062.5MB, cuda_free=16210.9MB, cuda_total=48519.1MB
[2026-06-11 17:02:35] Epoch 27 train batch [1200/1875] loss=0.0129 avg_loss=0.0893. Resources: rss=2219.4MB, peak_rss=2676.6MB, cuda_alloc=360.6MB, cuda_reserved=36016.0MB, cuda_peak_alloc=7062.5MB, cuda_free=11950.9MB, cuda_total=48519.1MB
[2026-06-11 17:02:39] Epoch 27 train batch [1220/1875] loss=0.1156 avg_loss=0.0891. Resources: rss=2220.9MB, peak_rss=2676.6MB, cuda_alloc=360.6MB, cuda_reserved=38056.0MB, cuda_peak_alloc=7062.5MB, cuda_free=9910.9MB, cuda_total=48519.1MB
[2026-06-11 17:02:43] Epoch 27 train batch [1240/1875] loss=0.1040 avg_loss=0.0892. Resources: rss=2221.4MB, peak_rss=2676.6MB, cuda_alloc=360.6MB, cuda_reserved=42116.0MB, cuda_peak_alloc=7062.5MB, cuda_free=5850.9MB, cuda_total=48519.1MB
[2026-06-11 17:02:47] Epoch 27 train batch [1260/1875] loss=0.0612 avg_loss=0.0891. Resources: rss=2222.2MB, peak_rss=2676.6MB, cuda_alloc=360.6MB, cuda_reserved=47456.0MB, cuda_peak_alloc=7062.5MB, cuda_free=510.9MB, cuda_total=48519.1MB
[2026-06-11 17:02:53] Epoch 27 train batch [1280/1875] loss=0.0735 avg_loss=0.0892. Resources: rss=2221.4MB, peak_rss=2676.6MB, cuda_alloc=360.6MB, cuda_reserved=36156.0MB, cuda_peak_alloc=7062.5MB, cuda_free=11810.9MB, cuda_total=48519.1MB
[2026-06-11 17:02:58] Epoch 27 train batch [1300/1875] loss=0.3801 avg_loss=0.0900. Resources: rss=2221.6MB, peak_rss=2676.6MB, cuda_alloc=360.6MB, cuda_reserved=20876.0MB, cuda_peak_alloc=7062.5MB, cuda_free=27090.9MB, cuda_total=48519.1MB
[2026-06-11 17:03:03] Epoch 27 train batch [1320/1875] loss=0.0685 avg_loss=0.0898. Resources: rss=2221.3MB, peak_rss=2676.6MB, cuda_alloc=360.6MB, cuda_reserved=35796.0MB, cuda_peak_alloc=7062.5MB, cuda_free=12170.9MB, cuda_total=48519.1MB
[2026-06-11 17:03:07] Epoch 27 train batch [1340/1875] loss=0.1235 avg_loss=0.0897. Resources: rss=2222.1MB, peak_rss=2676.6MB, cuda_alloc=360.6MB, cuda_reserved=35796.0MB, cuda_peak_alloc=7062.5MB, cuda_free=12170.9MB, cuda_total=48519.1MB
[2026-06-11 17:03:12] Epoch 27 train batch [1360/1875] loss=0.1397 avg_loss=0.0898. Resources: rss=2221.4MB, peak_rss=2676.6MB, cuda_alloc=360.6MB, cuda_reserved=20776.0MB, cuda_peak_alloc=7062.5MB, cuda_free=27190.9MB, cuda_total=48519.1MB
[2026-06-11 17:03:16] Epoch 27 train batch [1380/1875] loss=0.1191 avg_loss=0.0897. Resources: rss=2222.3MB, peak_rss=2676.6MB, cuda_alloc=360.6MB, cuda_reserved=34696.0MB, cuda_peak_alloc=7062.5MB, cuda_free=13270.9MB, cuda_total=48519.1MB
[2026-06-11 17:03:20] Epoch 27 train batch [1400/1875] loss=0.0769 avg_loss=0.0895. Resources: rss=2221.9MB, peak_rss=2676.6MB, cuda_alloc=360.6MB, cuda_reserved=34696.0MB, cuda_peak_alloc=7062.5MB, cuda_free=13270.9MB, cuda_total=48519.1MB
[2026-06-11 17:03:24] Epoch 27 train batch [1420/1875] loss=0.0861 avg_loss=0.0895. Resources: rss=2221.7MB, peak_rss=2676.6MB, cuda_alloc=360.6MB, cuda_reserved=34696.0MB, cuda_peak_alloc=7062.5MB, cuda_free=13270.9MB, cuda_total=48519.1MB
[2026-06-11 17:03:28] Epoch 27 train batch [1440/1875] loss=0.0077 avg_loss=0.0893. Resources: rss=2221.4MB, peak_rss=2676.6MB, cuda_alloc=351.4MB, cuda_reserved=34696.0MB, cuda_peak_alloc=7062.5MB, cuda_free=13270.9MB, cuda_total=48519.1MB
[2026-06-11 17:03:33] Epoch 27 train batch [1460/1875] loss=0.1742 avg_loss=0.0893. Resources: rss=2221.7MB, peak_rss=2676.6MB, cuda_alloc=360.6MB, cuda_reserved=44436.0MB, cuda_peak_alloc=7062.5MB, cuda_free=3530.9MB, cuda_total=48519.1MB
[2026-06-11 17:03:38] Epoch 27 train batch [1480/1875] loss=0.0584 avg_loss=0.0893. Resources: rss=2221.8MB, peak_rss=2676.6MB, cuda_alloc=360.6MB, cuda_reserved=16516.0MB, cuda_peak_alloc=7062.5MB, cuda_free=31450.9MB, cuda_total=48519.1MB
[2026-06-11 17:03:43] Epoch 27 train batch [1500/1875] loss=0.0908 avg_loss=0.0892. Resources: rss=2222.5MB, peak_rss=2676.6MB, cuda_alloc=360.6MB, cuda_reserved=40876.0MB, cuda_peak_alloc=7062.5MB, cuda_free=7090.9MB, cuda_total=48519.1MB
[2026-06-11 17:03:47] Epoch 27 train batch [1520/1875] loss=0.1166 avg_loss=0.0891. Resources: rss=2222.5MB, peak_rss=2676.6MB, cuda_alloc=360.6MB, cuda_reserved=40876.0MB, cuda_peak_alloc=7062.5MB, cuda_free=7090.9MB, cuda_total=48519.1MB
[2026-06-11 17:03:52] Epoch 27 train batch [1540/1875] loss=0.1627 avg_loss=0.0892. Resources: rss=2222.6MB, peak_rss=2676.6MB, cuda_alloc=360.6MB, cuda_reserved=42816.0MB, cuda_peak_alloc=7062.5MB, cuda_free=5150.9MB, cuda_total=48519.1MB
[2026-06-11 17:03:56] Epoch 27 train batch [1560/1875] loss=0.0416 avg_loss=0.0889. Resources: rss=2221.7MB, peak_rss=2676.6MB, cuda_alloc=360.6MB, cuda_reserved=42816.0MB, cuda_peak_alloc=7062.5MB, cuda_free=5150.9MB, cuda_total=48519.1MB
[2026-06-11 17:04:01] Epoch 27 train batch [1580/1875] loss=0.1685 avg_loss=0.0891. Resources: rss=2221.8MB, peak_rss=2676.6MB, cuda_alloc=360.6MB, cuda_reserved=29916.0MB, cuda_peak_alloc=7062.5MB, cuda_free=18051.8MB, cuda_total=48519.1MB
[2026-06-11 17:04:06] Epoch 27 train batch [1600/1875] loss=0.2126 avg_loss=0.0890. Resources: rss=2222.2MB, peak_rss=2676.6MB, cuda_alloc=360.6MB, cuda_reserved=25476.0MB, cuda_peak_alloc=7062.5MB, cuda_free=22491.8MB, cuda_total=48519.1MB
[2026-06-11 17:04:11] Epoch 27 train batch [1620/1875] loss=0.0719 avg_loss=0.0891. Resources: rss=2221.7MB, peak_rss=2676.6MB, cuda_alloc=360.6MB, cuda_reserved=30036.0MB, cuda_peak_alloc=7062.5MB, cuda_free=17931.8MB, cuda_total=48519.1MB
[2026-06-11 17:04:17] Epoch 27 train batch [1640/1875] loss=0.1955 avg_loss=0.0891. Resources: rss=2222.9MB, peak_rss=2676.6MB, cuda_alloc=360.6MB, cuda_reserved=24736.0MB, cuda_peak_alloc=7062.5MB, cuda_free=23231.8MB, cuda_total=48519.1MB
[2026-06-11 17:04:21] Epoch 27 train batch [1660/1875] loss=0.1222 avg_loss=0.0892. Resources: rss=2221.9MB, peak_rss=2676.6MB, cuda_alloc=360.6MB, cuda_reserved=34636.0MB, cuda_peak_alloc=7062.5MB, cuda_free=13331.8MB, cuda_total=48519.1MB
[2026-06-11 17:04:26] Epoch 27 train batch [1680/1875] loss=0.0604 avg_loss=0.0892. Resources: rss=2222.5MB, peak_rss=2676.6MB, cuda_alloc=360.6MB, cuda_reserved=27636.0MB, cuda_peak_alloc=7062.5MB, cuda_free=20331.8MB, cuda_total=48519.1MB
[2026-06-11 17:04:31] Epoch 27 train batch [1700/1875] loss=0.1226 avg_loss=0.0895. Resources: rss=2221.4MB, peak_rss=2676.6MB, cuda_alloc=360.6MB, cuda_reserved=31336.0MB, cuda_peak_alloc=7062.5MB, cuda_free=16631.8MB, cuda_total=48519.1MB
[2026-06-11 17:04:35] Epoch 27 train batch [1720/1875] loss=0.0680 avg_loss=0.0894. Resources: rss=2222.6MB, peak_rss=2676.6MB, cuda_alloc=360.6MB, cuda_reserved=41496.0MB, cuda_peak_alloc=7062.5MB, cuda_free=6471.8MB, cuda_total=48519.1MB
[2026-06-11 17:04:39] Epoch 27 train batch [1740/1875] loss=0.0616 avg_loss=0.0894. Resources: rss=2222.9MB, peak_rss=2676.6MB, cuda_alloc=360.6MB, cuda_reserved=41496.0MB, cuda_peak_alloc=7062.5MB, cuda_free=6471.8MB, cuda_total=48519.1MB
[2026-06-11 17:04:43] Epoch 27 train batch [1760/1875] loss=0.0567 avg_loss=0.0892. Resources: rss=2222.3MB, peak_rss=2676.6MB, cuda_alloc=360.6MB, cuda_reserved=41496.0MB, cuda_peak_alloc=7062.5MB, cuda_free=6471.8MB, cuda_total=48519.1MB
[2026-06-11 17:04:48] Epoch 27 train batch [1780/1875] loss=0.1142 avg_loss=0.0891. Resources: rss=2222.7MB, peak_rss=2676.6MB, cuda_alloc=360.6MB, cuda_reserved=41496.0MB, cuda_peak_alloc=7062.5MB, cuda_free=6471.8MB, cuda_total=48519.1MB
[2026-06-11 17:04:52] Epoch 27 train batch [1800/1875] loss=0.1260 avg_loss=0.0892. Resources: rss=2222.6MB, peak_rss=2676.6MB, cuda_alloc=360.6MB, cuda_reserved=42036.0MB, cuda_peak_alloc=7062.5MB, cuda_free=5931.8MB, cuda_total=48519.1MB
[2026-06-11 17:04:57] Epoch 27 train batch [1820/1875] loss=0.1424 avg_loss=0.0892. Resources: rss=2223.1MB, peak_rss=2676.6MB, cuda_alloc=360.6MB, cuda_reserved=19716.0MB, cuda_peak_alloc=7062.5MB, cuda_free=28251.8MB, cuda_total=48519.1MB
[2026-06-11 17:05:01] Epoch 27 train batch [1840/1875] loss=0.0775 avg_loss=0.0893. Resources: rss=2222.9MB, peak_rss=2676.6MB, cuda_alloc=360.6MB, cuda_reserved=27016.0MB, cuda_peak_alloc=7062.5MB, cuda_free=20951.8MB, cuda_total=48519.1MB
[2026-06-11 17:05:05] Epoch 27 train batch [1860/1875] loss=0.1132 avg_loss=0.0896. Resources: rss=2223.2MB, peak_rss=2676.6MB, cuda_alloc=360.6MB, cuda_reserved=27016.0MB, cuda_peak_alloc=7062.5MB, cuda_free=20951.8MB, cuda_total=48519.1MB
[2026-06-11 17:05:08] Epoch 27 train batch [1875/1875] loss=0.0699 avg_loss=0.0897. Resources: rss=2223.4MB, peak_rss=2676.6MB, cuda_alloc=360.6MB, cuda_reserved=28916.0MB, cuda_peak_alloc=7062.5MB, cuda_free=19051.8MB, cuda_total=48519.1MB
[2026-06-11 17:05:08] Epoch 27 training completed. Resources: rss=2214.8MB, peak_rss=2676.6MB, cuda_alloc=360.6MB, cuda_reserved=28916.0MB, cuda_peak_alloc=7062.5MB, cuda_free=19051.8MB, cuda_total=48519.1MB
[2026-06-11 17:05:09] Epoch 27 cache released before validation loss. Resources: rss=2213.0MB, peak_rss=2676.6MB, cuda_alloc=360.6MB, cuda_reserved=558.0MB, cuda_peak_alloc=360.6MB, cuda_free=47409.8MB, cuda_total=48519.1MB
[2026-06-11 17:05:40] Epoch 27 validation loss completed: 0.5538. Resources: rss=2212.7MB, peak_rss=2676.6MB, cuda_alloc=360.6MB, cuda_reserved=5726.0MB, cuda_peak_alloc=2034.0MB, cuda_free=42241.8MB, cuda_total=48519.1MB
[2026-06-11 17:05:40] Epoch 27 cache released before detection metrics. Resources: rss=2212.7MB, peak_rss=2676.6MB, cuda_alloc=360.6MB, cuda_reserved=558.0MB, cuda_peak_alloc=360.6MB, cuda_free=47409.8MB, cuda_total=48519.1MB
[2026-06-11 17:06:11] Epoch 27 prediction tensors moved to CPU. Computing metrics. Resources: rss=2213.1MB, peak_rss=2676.6MB, cuda_alloc=360.6MB, cuda_reserved=558.0MB, cuda_peak_alloc=360.6MB, cuda_free=47409.8MB, cuda_total=48519.1MB
[2026-06-11 17:06:11] Epoch 27 metrics computed (mAP@0.5 only). Saving artifacts. Resources: rss=2214.3MB, peak_rss=2676.6MB, cuda_alloc=360.6MB, cuda_reserved=558.0MB, cuda_peak_alloc=360.6MB, cuda_free=47409.8MB, cuda_total=48519.1MB
[2026-06-11 17:06:11] Epoch 27 did not improve mAP@0.5 enough. Early stopping counter: 7/10.
Epoch [27/50]
├── Train Loss : 0.0897
│   ├── loss_classifier  : 0.0436
│   ├── loss_box_reg     : 0.0461
│   ├── loss_objectness  : 0.0000
│   └── loss_rpn_box_reg : 0.0000
├── Val Loss   : 0.5538
├── mAP@0.5    : 0.7715
├── mAP@0.75   : n/a
├── mAP@0.5:0.95 : n/a
├── Precision  : 0.1243
├── Recall     : 0.9104
├── GT Boxes   : 2021
├── Predictions: 14800
├── Per-class AP
│   ├── person  : AP50=0.8186, AP75=n/a, AP50:95=n/a, P=0.1682, R=0.9274
│   ├── car     : AP50=0.7850, AP75=n/a, AP50:95=n/a, P=0.1047, R=0.9046
│   ├── dog     : AP50=0.8318, AP75=n/a, AP50:95=n/a, P=0.1369, R=0.9223
│   ├── cat     : AP50=0.8925, AP75=n/a, AP50:95=n/a, P=0.1638, R=0.9602
│   └── chair   : AP50=0.5294, AP75=n/a, AP50:95=n/a, P=0.0571, R=0.8121
├── LR         : 0.000505
└── Time       : 485.0s
[2026-06-11 17:06:11] Epoch [27/50] completed. Resources: rss=2212.8MB, peak_rss=2676.6MB, cuda_alloc=360.6MB, cuda_reserved=558.0MB, cuda_peak_alloc=360.6MB, cuda_free=47409.8MB, cuda_total=48519.1MB
[2026-06-11 17:06:11] Epoch [28/50] started. Resources: rss=2212.8MB, peak_rss=2676.6MB, cuda_alloc=360.6MB, cuda_reserved=558.0MB, cuda_peak_alloc=360.6MB, cuda_free=47409.8MB, cuda_total=48519.1MB
[2026-06-11 17:06:15] Epoch 28 train batch [20/1875] loss=0.0759 avg_loss=0.0769. Resources: rss=2220.2MB, peak_rss=2676.6MB, cuda_alloc=360.6MB, cuda_reserved=41356.0MB, cuda_peak_alloc=7061.9MB, cuda_free=6611.8MB, cuda_total=48519.1MB
[2026-06-11 17:06:19] Epoch 28 train batch [40/1875] loss=0.0513 avg_loss=0.0939. Resources: rss=2221.1MB, peak_rss=2676.6MB, cuda_alloc=360.6MB, cuda_reserved=41356.0MB, cuda_peak_alloc=7061.9MB, cuda_free=6611.8MB, cuda_total=48519.1MB
[2026-06-11 17:06:25] Epoch 28 train batch [60/1875] loss=0.0452 avg_loss=0.0879. Resources: rss=2223.0MB, peak_rss=2676.6MB, cuda_alloc=360.6MB, cuda_reserved=18656.0MB, cuda_peak_alloc=7061.9MB, cuda_free=29311.8MB, cuda_total=48519.1MB
[2026-06-11 17:06:30] Epoch 28 train batch [80/1875] loss=0.0384 avg_loss=0.0861. Resources: rss=2222.7MB, peak_rss=2676.6MB, cuda_alloc=360.6MB, cuda_reserved=39136.0MB, cuda_peak_alloc=7061.9MB, cuda_free=8831.8MB, cuda_total=48519.1MB
[2026-06-11 17:06:36] Epoch 28 train batch [100/1875] loss=0.0721 avg_loss=0.0863. Resources: rss=2222.5MB, peak_rss=2676.6MB, cuda_alloc=360.6MB, cuda_reserved=9316.0MB, cuda_peak_alloc=7061.9MB, cuda_free=38651.8MB, cuda_total=48519.1MB
[2026-06-11 17:06:40] Epoch 28 train batch [120/1875] loss=0.1632 avg_loss=0.0841. Resources: rss=2222.9MB, peak_rss=2676.6MB, cuda_alloc=360.6MB, cuda_reserved=28416.0MB, cuda_peak_alloc=7062.1MB, cuda_free=19551.8MB, cuda_total=48519.1MB
[2026-06-11 17:06:44] Epoch 28 train batch [140/1875] loss=0.0488 avg_loss=0.0817. Resources: rss=2222.9MB, peak_rss=2676.6MB, cuda_alloc=360.6MB, cuda_reserved=28416.0MB, cuda_peak_alloc=7062.3MB, cuda_free=19551.8MB, cuda_total=48519.1MB
[2026-06-11 17:06:49] Epoch 28 train batch [160/1875] loss=0.0569 avg_loss=0.0794. Resources: rss=2222.7MB, peak_rss=2676.6MB, cuda_alloc=360.6MB, cuda_reserved=25836.0MB, cuda_peak_alloc=7062.3MB, cuda_free=22131.8MB, cuda_total=48519.1MB
[2026-06-11 17:06:54] Epoch 28 train batch [180/1875] loss=0.0447 avg_loss=0.0796. Resources: rss=2222.9MB, peak_rss=2676.6MB, cuda_alloc=360.6MB, cuda_reserved=37396.0MB, cuda_peak_alloc=7062.3MB, cuda_free=10571.8MB, cuda_total=48519.1MB
[2026-06-11 17:07:00] Epoch 28 train batch [200/1875] loss=0.1860 avg_loss=0.0804. Resources: rss=2223.5MB, peak_rss=2676.6MB, cuda_alloc=360.6MB, cuda_reserved=21576.0MB, cuda_peak_alloc=7062.3MB, cuda_free=26391.8MB, cuda_total=48519.1MB
[2026-06-11 17:07:04] Epoch 28 train batch [220/1875] loss=0.2343 avg_loss=0.0829. Resources: rss=2222.4MB, peak_rss=2676.6MB, cuda_alloc=360.6MB, cuda_reserved=36716.0MB, cuda_peak_alloc=7062.3MB, cuda_free=11251.8MB, cuda_total=48519.1MB
[2026-06-11 17:07:09] Epoch 28 train batch [240/1875] loss=0.1174 avg_loss=0.0820. Resources: rss=2222.0MB, peak_rss=2676.6MB, cuda_alloc=360.6MB, cuda_reserved=36856.0MB, cuda_peak_alloc=7062.3MB, cuda_free=11111.8MB, cuda_total=48519.1MB
[2026-06-11 17:07:13] Epoch 28 train batch [260/1875] loss=0.0541 avg_loss=0.0826. Resources: rss=2223.6MB, peak_rss=2676.6MB, cuda_alloc=360.6MB, cuda_reserved=47396.0MB, cuda_peak_alloc=7062.3MB, cuda_free=571.8MB, cuda_total=48519.1MB
[2026-06-11 17:07:18] Epoch 28 train batch [280/1875] loss=0.0483 avg_loss=0.0834. Resources: rss=2223.1MB, peak_rss=2676.6MB, cuda_alloc=360.6MB, cuda_reserved=19136.0MB, cuda_peak_alloc=7062.3MB, cuda_free=28831.8MB, cuda_total=48519.1MB
[2026-06-11 17:07:23] Epoch 28 train batch [300/1875] loss=0.0552 avg_loss=0.0836. Resources: rss=2223.5MB, peak_rss=2676.6MB, cuda_alloc=360.6MB, cuda_reserved=33036.0MB, cuda_peak_alloc=7062.3MB, cuda_free=14931.8MB, cuda_total=48519.1MB
[2026-06-11 17:07:28] Epoch 28 train batch [320/1875] loss=0.0655 avg_loss=0.0840. Resources: rss=2223.0MB, peak_rss=2676.6MB, cuda_alloc=360.6MB, cuda_reserved=12176.0MB, cuda_peak_alloc=7062.3MB, cuda_free=35791.8MB, cuda_total=48519.1MB
[2026-06-11 17:07:33] Epoch 28 train batch [340/1875] loss=0.1374 avg_loss=0.0831. Resources: rss=2223.4MB, peak_rss=2676.6MB, cuda_alloc=360.6MB, cuda_reserved=22856.0MB, cuda_peak_alloc=7062.3MB, cuda_free=25111.8MB, cuda_total=48519.1MB
[2026-06-11 17:07:37] Epoch 28 train batch [360/1875] loss=0.1647 avg_loss=0.0849. Resources: rss=2222.9MB, peak_rss=2676.6MB, cuda_alloc=360.6MB, cuda_reserved=30996.0MB, cuda_peak_alloc=7062.3MB, cuda_free=16971.8MB, cuda_total=48519.1MB
[2026-06-11 17:07:41] Epoch 28 train batch [380/1875] loss=0.0805 avg_loss=0.0845. Resources: rss=2223.6MB, peak_rss=2676.6MB, cuda_alloc=360.6MB, cuda_reserved=30996.0MB, cuda_peak_alloc=7062.3MB, cuda_free=16971.8MB, cuda_total=48519.1MB
[2026-06-11 17:07:45] Epoch 28 train batch [400/1875] loss=0.0887 avg_loss=0.0853. Resources: rss=2222.6MB, peak_rss=2676.6MB, cuda_alloc=360.6MB, cuda_reserved=32316.0MB, cuda_peak_alloc=7062.3MB, cuda_free=15651.8MB, cuda_total=48519.1MB
[2026-06-11 17:07:50] Epoch 28 train batch [420/1875] loss=0.1353 avg_loss=0.0850. Resources: rss=2223.6MB, peak_rss=2676.6MB, cuda_alloc=360.6MB, cuda_reserved=33956.0MB, cuda_peak_alloc=7062.3MB, cuda_free=14011.8MB, cuda_total=48519.1MB
[2026-06-11 17:07:54] Epoch 28 train batch [440/1875] loss=0.0662 avg_loss=0.0851. Resources: rss=2223.1MB, peak_rss=2676.6MB, cuda_alloc=360.6MB, cuda_reserved=33956.0MB, cuda_peak_alloc=7062.3MB, cuda_free=14011.8MB, cuda_total=48519.1MB
[2026-06-11 17:07:58] Epoch 28 train batch [460/1875] loss=0.0827 avg_loss=0.0857. Resources: rss=2222.5MB, peak_rss=2676.6MB, cuda_alloc=360.6MB, cuda_reserved=33956.0MB, cuda_peak_alloc=7062.3MB, cuda_free=14011.8MB, cuda_total=48519.1MB
[2026-06-11 17:08:02] Epoch 28 train batch [480/1875] loss=0.0451 avg_loss=0.0854. Resources: rss=2224.0MB, peak_rss=2676.6MB, cuda_alloc=360.6MB, cuda_reserved=43116.0MB, cuda_peak_alloc=7062.3MB, cuda_free=4851.8MB, cuda_total=48519.1MB
[2026-06-11 17:08:06] Epoch 28 train batch [500/1875] loss=0.0741 avg_loss=0.0852. Resources: rss=2224.2MB, peak_rss=2676.6MB, cuda_alloc=360.6MB, cuda_reserved=43116.0MB, cuda_peak_alloc=7062.3MB, cuda_free=4851.8MB, cuda_total=48519.1MB
[2026-06-11 17:08:10] Epoch 28 train batch [520/1875] loss=0.0573 avg_loss=0.0854. Resources: rss=2223.7MB, peak_rss=2676.6MB, cuda_alloc=360.6MB, cuda_reserved=43116.0MB, cuda_peak_alloc=7062.3MB, cuda_free=4851.8MB, cuda_total=48519.1MB
[2026-06-11 17:08:14] Epoch 28 train batch [540/1875] loss=0.0416 avg_loss=0.0851. Resources: rss=2223.4MB, peak_rss=2676.6MB, cuda_alloc=360.6MB, cuda_reserved=43116.0MB, cuda_peak_alloc=7062.3MB, cuda_free=4851.8MB, cuda_total=48519.1MB
[2026-06-11 17:08:19] Epoch 28 train batch [560/1875] loss=0.1133 avg_loss=0.0854. Resources: rss=2223.8MB, peak_rss=2676.6MB, cuda_alloc=360.6MB, cuda_reserved=43116.0MB, cuda_peak_alloc=7062.3MB, cuda_free=4851.8MB, cuda_total=48519.1MB
[2026-06-11 17:08:23] Epoch 28 train batch [580/1875] loss=0.0692 avg_loss=0.0855. Resources: rss=2223.6MB, peak_rss=2676.6MB, cuda_alloc=360.6MB, cuda_reserved=43116.0MB, cuda_peak_alloc=7062.3MB, cuda_free=4851.8MB, cuda_total=48519.1MB
[2026-06-11 17:08:27] Epoch 28 train batch [600/1875] loss=0.0322 avg_loss=0.0859. Resources: rss=2224.2MB, peak_rss=2676.6MB, cuda_alloc=360.6MB, cuda_reserved=43116.0MB, cuda_peak_alloc=7062.3MB, cuda_free=4851.8MB, cuda_total=48519.1MB
[2026-06-11 17:08:31] Epoch 28 train batch [620/1875] loss=0.0439 avg_loss=0.0866. Resources: rss=2223.2MB, peak_rss=2676.6MB, cuda_alloc=360.6MB, cuda_reserved=43116.0MB, cuda_peak_alloc=7062.3MB, cuda_free=4851.8MB, cuda_total=48519.1MB
[2026-06-11 17:08:35] Epoch 28 train batch [640/1875] loss=0.0958 avg_loss=0.0861. Resources: rss=2223.8MB, peak_rss=2676.6MB, cuda_alloc=360.6MB, cuda_reserved=43116.0MB, cuda_peak_alloc=7062.3MB, cuda_free=4851.8MB, cuda_total=48519.1MB
[2026-06-11 17:08:40] Epoch 28 train batch [660/1875] loss=0.0832 avg_loss=0.0863. Resources: rss=2224.3MB, peak_rss=2676.6MB, cuda_alloc=360.6MB, cuda_reserved=43116.0MB, cuda_peak_alloc=7062.3MB, cuda_free=4851.8MB, cuda_total=48519.1MB
[2026-06-11 17:08:44] Epoch 28 train batch [680/1875] loss=0.1251 avg_loss=0.0866. Resources: rss=2223.3MB, peak_rss=2676.6MB, cuda_alloc=360.6MB, cuda_reserved=43116.0MB, cuda_peak_alloc=7062.3MB, cuda_free=4851.8MB, cuda_total=48519.1MB
[2026-06-11 17:08:48] Epoch 28 train batch [700/1875] loss=0.0750 avg_loss=0.0862. Resources: rss=2222.1MB, peak_rss=2676.6MB, cuda_alloc=360.6MB, cuda_reserved=43116.0MB, cuda_peak_alloc=7062.3MB, cuda_free=4851.8MB, cuda_total=48519.1MB
[2026-06-11 17:08:52] Epoch 28 train batch [720/1875] loss=0.0402 avg_loss=0.0861. Resources: rss=2223.5MB, peak_rss=2676.6MB, cuda_alloc=360.6MB, cuda_reserved=43116.0MB, cuda_peak_alloc=7062.3MB, cuda_free=4851.8MB, cuda_total=48519.1MB
[2026-06-11 17:08:57] Epoch 28 train batch [740/1875] loss=0.0848 avg_loss=0.0857. Resources: rss=2224.3MB, peak_rss=2676.6MB, cuda_alloc=360.6MB, cuda_reserved=43116.0MB, cuda_peak_alloc=7062.3MB, cuda_free=4851.8MB, cuda_total=48519.1MB
[2026-06-11 17:09:01] Epoch 28 train batch [760/1875] loss=0.0278 avg_loss=0.0856. Resources: rss=2224.0MB, peak_rss=2676.6MB, cuda_alloc=360.6MB, cuda_reserved=43116.0MB, cuda_peak_alloc=7062.3MB, cuda_free=4851.8MB, cuda_total=48519.1MB
[2026-06-11 17:09:05] Epoch 28 train batch [780/1875] loss=0.1992 avg_loss=0.0855. Resources: rss=2225.6MB, peak_rss=2676.6MB, cuda_alloc=360.6MB, cuda_reserved=43116.0MB, cuda_peak_alloc=7062.3MB, cuda_free=4851.8MB, cuda_total=48519.1MB
[2026-06-11 17:09:09] Epoch 28 train batch [800/1875] loss=0.0602 avg_loss=0.0852. Resources: rss=2226.0MB, peak_rss=2676.6MB, cuda_alloc=360.6MB, cuda_reserved=43116.0MB, cuda_peak_alloc=7062.3MB, cuda_free=4851.8MB, cuda_total=48519.1MB
[2026-06-11 17:09:13] Epoch 28 train batch [820/1875] loss=0.0667 avg_loss=0.0852. Resources: rss=2225.6MB, peak_rss=2676.6MB, cuda_alloc=360.6MB, cuda_reserved=43116.0MB, cuda_peak_alloc=7062.3MB, cuda_free=4851.8MB, cuda_total=48519.1MB
[2026-06-11 17:09:17] Epoch 28 train batch [840/1875] loss=0.0411 avg_loss=0.0851. Resources: rss=2226.1MB, peak_rss=2676.6MB, cuda_alloc=360.6MB, cuda_reserved=46436.0MB, cuda_peak_alloc=7062.3MB, cuda_free=1531.8MB, cuda_total=48519.1MB
[2026-06-11 17:09:21] Epoch 28 train batch [860/1875] loss=0.1070 avg_loss=0.0849. Resources: rss=2223.7MB, peak_rss=2676.6MB, cuda_alloc=360.6MB, cuda_reserved=47456.0MB, cuda_peak_alloc=7062.3MB, cuda_free=511.8MB, cuda_total=48519.1MB
[2026-06-11 17:09:27] Epoch 28 train batch [880/1875] loss=0.1668 avg_loss=0.0848. Resources: rss=2225.5MB, peak_rss=2676.6MB, cuda_alloc=360.6MB, cuda_reserved=11196.0MB, cuda_peak_alloc=7062.3MB, cuda_free=36771.8MB, cuda_total=48519.1MB
[2026-06-11 17:09:33] Epoch 28 train batch [900/1875] loss=0.1115 avg_loss=0.0848. Resources: rss=2225.1MB, peak_rss=2676.6MB, cuda_alloc=360.6MB, cuda_reserved=17736.0MB, cuda_peak_alloc=7062.3MB, cuda_free=30231.8MB, cuda_total=48519.1MB
[2026-06-11 17:09:38] Epoch 28 train batch [920/1875] loss=0.0802 avg_loss=0.0847. Resources: rss=2226.1MB, peak_rss=2676.6MB, cuda_alloc=360.6MB, cuda_reserved=42516.0MB, cuda_peak_alloc=7062.3MB, cuda_free=5451.8MB, cuda_total=48519.1MB
[2026-06-11 17:09:43] Epoch 28 train batch [940/1875] loss=0.0672 avg_loss=0.0849. Resources: rss=2225.8MB, peak_rss=2676.6MB, cuda_alloc=360.6MB, cuda_reserved=8016.0MB, cuda_peak_alloc=7062.3MB, cuda_free=39951.8MB, cuda_total=48519.1MB
[2026-06-11 17:09:48] Epoch 28 train batch [960/1875] loss=0.0808 avg_loss=0.0849. Resources: rss=2225.6MB, peak_rss=2676.6MB, cuda_alloc=360.6MB, cuda_reserved=41296.0MB, cuda_peak_alloc=7062.3MB, cuda_free=6671.8MB, cuda_total=48519.1MB
[2026-06-11 17:09:52] Epoch 28 train batch [980/1875] loss=0.0988 avg_loss=0.0849. Resources: rss=2225.0MB, peak_rss=2676.6MB, cuda_alloc=360.6MB, cuda_reserved=41296.0MB, cuda_peak_alloc=7062.3MB, cuda_free=6671.8MB, cuda_total=48519.1MB
[2026-06-11 17:09:56] Epoch 28 train batch [1000/1875] loss=0.1357 avg_loss=0.0850. Resources: rss=2225.8MB, peak_rss=2676.6MB, cuda_alloc=360.6MB, cuda_reserved=41296.0MB, cuda_peak_alloc=7062.3MB, cuda_free=6671.8MB, cuda_total=48519.1MB
[2026-06-11 17:10:01] Epoch 28 train batch [1020/1875] loss=0.1084 avg_loss=0.0851. Resources: rss=2225.7MB, peak_rss=2676.6MB, cuda_alloc=360.6MB, cuda_reserved=41296.0MB, cuda_peak_alloc=7062.3MB, cuda_free=6671.8MB, cuda_total=48519.1MB
[2026-06-11 17:10:05] Epoch 28 train batch [1040/1875] loss=0.0544 avg_loss=0.0852. Resources: rss=2222.5MB, peak_rss=2676.6MB, cuda_alloc=360.6MB, cuda_reserved=41296.0MB, cuda_peak_alloc=7062.3MB, cuda_free=6671.8MB, cuda_total=48519.1MB
[2026-06-11 17:10:09] Epoch 28 train batch [1060/1875] loss=0.0951 avg_loss=0.0849. Resources: rss=2222.6MB, peak_rss=2676.6MB, cuda_alloc=360.6MB, cuda_reserved=41296.0MB, cuda_peak_alloc=7062.3MB, cuda_free=6671.8MB, cuda_total=48519.1MB
[2026-06-11 17:10:13] Epoch 28 train batch [1080/1875] loss=0.0427 avg_loss=0.0850. Resources: rss=2222.2MB, peak_rss=2676.6MB, cuda_alloc=360.6MB, cuda_reserved=41296.0MB, cuda_peak_alloc=7062.6MB, cuda_free=6671.8MB, cuda_total=48519.1MB
[2026-06-11 17:10:17] Epoch 28 train batch [1100/1875] loss=0.0891 avg_loss=0.0848. Resources: rss=2222.7MB, peak_rss=2676.6MB, cuda_alloc=360.6MB, cuda_reserved=41296.0MB, cuda_peak_alloc=7062.6MB, cuda_free=6671.8MB, cuda_total=48519.1MB
[2026-06-11 17:10:21] Epoch 28 train batch [1120/1875] loss=0.0506 avg_loss=0.0849. Resources: rss=2221.8MB, peak_rss=2676.6MB, cuda_alloc=360.6MB, cuda_reserved=41296.0MB, cuda_peak_alloc=7062.6MB, cuda_free=6671.8MB, cuda_total=48519.1MB
[2026-06-11 17:10:26] Epoch 28 train batch [1140/1875] loss=0.0410 avg_loss=0.0849. Resources: rss=2223.3MB, peak_rss=2676.6MB, cuda_alloc=360.6MB, cuda_reserved=44996.0MB, cuda_peak_alloc=7062.6MB, cuda_free=2971.8MB, cuda_total=48519.1MB
[2026-06-11 17:10:30] Epoch 28 train batch [1160/1875] loss=0.1028 avg_loss=0.0848. Resources: rss=2222.7MB, peak_rss=2676.6MB, cuda_alloc=360.6MB, cuda_reserved=44996.0MB, cuda_peak_alloc=7062.6MB, cuda_free=2971.8MB, cuda_total=48519.1MB
[2026-06-11 17:10:34] Epoch 28 train batch [1180/1875] loss=0.0478 avg_loss=0.0847. Resources: rss=2223.4MB, peak_rss=2676.6MB, cuda_alloc=360.6MB, cuda_reserved=44996.0MB, cuda_peak_alloc=7062.6MB, cuda_free=2971.8MB, cuda_total=48519.1MB
[2026-06-11 17:10:38] Epoch 28 train batch [1200/1875] loss=0.0385 avg_loss=0.0851. Resources: rss=2223.2MB, peak_rss=2676.6MB, cuda_alloc=360.6MB, cuda_reserved=44996.0MB, cuda_peak_alloc=7062.6MB, cuda_free=2971.8MB, cuda_total=48519.1MB
[2026-06-11 17:10:42] Epoch 28 train batch [1220/1875] loss=0.0258 avg_loss=0.0851. Resources: rss=2223.1MB, peak_rss=2676.6MB, cuda_alloc=360.6MB, cuda_reserved=44996.0MB, cuda_peak_alloc=7062.6MB, cuda_free=2971.8MB, cuda_total=48519.1MB
[2026-06-11 17:10:47] Epoch 28 train batch [1240/1875] loss=0.0702 avg_loss=0.0851. Resources: rss=2222.0MB, peak_rss=2676.6MB, cuda_alloc=360.6MB, cuda_reserved=44996.0MB, cuda_peak_alloc=7062.6MB, cuda_free=2971.8MB, cuda_total=48519.1MB
[2026-06-11 17:10:51] Epoch 28 train batch [1260/1875] loss=0.2414 avg_loss=0.0851. Resources: rss=2223.2MB, peak_rss=2676.6MB, cuda_alloc=360.6MB, cuda_reserved=44996.0MB, cuda_peak_alloc=7062.6MB, cuda_free=2971.8MB, cuda_total=48519.1MB
[2026-06-11 17:10:55] Epoch 28 train batch [1280/1875] loss=0.1167 avg_loss=0.0854. Resources: rss=2222.8MB, peak_rss=2676.6MB, cuda_alloc=360.6MB, cuda_reserved=44996.0MB, cuda_peak_alloc=7062.6MB, cuda_free=2971.8MB, cuda_total=48519.1MB
[2026-06-11 17:10:59] Epoch 28 train batch [1300/1875] loss=0.1195 avg_loss=0.0854. Resources: rss=2222.9MB, peak_rss=2676.6MB, cuda_alloc=360.6MB, cuda_reserved=44996.0MB, cuda_peak_alloc=7062.6MB, cuda_free=2971.8MB, cuda_total=48519.1MB
[2026-06-11 17:11:03] Epoch 28 train batch [1320/1875] loss=0.0421 avg_loss=0.0853. Resources: rss=2222.9MB, peak_rss=2676.6MB, cuda_alloc=360.6MB, cuda_reserved=44996.0MB, cuda_peak_alloc=7062.6MB, cuda_free=2971.8MB, cuda_total=48519.1MB
[2026-06-11 17:11:08] Epoch 28 train batch [1340/1875] loss=0.1025 avg_loss=0.0855. Resources: rss=2222.9MB, peak_rss=2676.6MB, cuda_alloc=360.6MB, cuda_reserved=44996.0MB, cuda_peak_alloc=7062.6MB, cuda_free=2971.8MB, cuda_total=48519.1MB
[2026-06-11 17:11:13] Epoch 28 train batch [1360/1875] loss=0.2134 avg_loss=0.0855. Resources: rss=2222.7MB, peak_rss=2676.6MB, cuda_alloc=360.6MB, cuda_reserved=44996.0MB, cuda_peak_alloc=7062.6MB, cuda_free=2971.8MB, cuda_total=48519.1MB
[2026-06-11 17:11:17] Epoch 28 train batch [1380/1875] loss=0.0614 avg_loss=0.0855. Resources: rss=2222.4MB, peak_rss=2676.6MB, cuda_alloc=360.6MB, cuda_reserved=44996.0MB, cuda_peak_alloc=7062.6MB, cuda_free=2971.8MB, cuda_total=48519.1MB
[2026-06-11 17:11:21] Epoch 28 train batch [1400/1875] loss=0.0601 avg_loss=0.0853. Resources: rss=2223.2MB, peak_rss=2676.6MB, cuda_alloc=360.6MB, cuda_reserved=44996.0MB, cuda_peak_alloc=7062.6MB, cuda_free=2971.8MB, cuda_total=48519.1MB
[2026-06-11 17:11:25] Epoch 28 train batch [1420/1875] loss=0.0614 avg_loss=0.0852. Resources: rss=2221.9MB, peak_rss=2676.6MB, cuda_alloc=360.6MB, cuda_reserved=44996.0MB, cuda_peak_alloc=7062.6MB, cuda_free=2971.8MB, cuda_total=48519.1MB
[2026-06-11 17:11:29] Epoch 28 train batch [1440/1875] loss=0.0616 avg_loss=0.0848. Resources: rss=2222.1MB, peak_rss=2676.6MB, cuda_alloc=360.6MB, cuda_reserved=44996.0MB, cuda_peak_alloc=7062.6MB, cuda_free=2971.8MB, cuda_total=48519.1MB
[2026-06-11 17:11:33] Epoch 28 train batch [1460/1875] loss=0.0619 avg_loss=0.0846. Resources: rss=2222.2MB, peak_rss=2676.6MB, cuda_alloc=360.6MB, cuda_reserved=44996.0MB, cuda_peak_alloc=7062.6MB, cuda_free=2971.8MB, cuda_total=48519.1MB
[2026-06-11 17:11:37] Epoch 28 train batch [1480/1875] loss=0.0591 avg_loss=0.0844. Resources: rss=2222.4MB, peak_rss=2676.6MB, cuda_alloc=360.6MB, cuda_reserved=44996.0MB, cuda_peak_alloc=7062.6MB, cuda_free=2971.8MB, cuda_total=48519.1MB
[2026-06-11 17:11:42] Epoch 28 train batch [1500/1875] loss=0.0342 avg_loss=0.0845. Resources: rss=2222.1MB, peak_rss=2676.6MB, cuda_alloc=360.6MB, cuda_reserved=44996.0MB, cuda_peak_alloc=7062.6MB, cuda_free=2971.8MB, cuda_total=48519.1MB
[2026-06-11 17:11:46] Epoch 28 train batch [1520/1875] loss=0.0808 avg_loss=0.0843. Resources: rss=2219.5MB, peak_rss=2676.6MB, cuda_alloc=360.6MB, cuda_reserved=44996.0MB, cuda_peak_alloc=7062.6MB, cuda_free=2971.8MB, cuda_total=48519.1MB
[2026-06-11 17:11:50] Epoch 28 train batch [1540/1875] loss=0.1164 avg_loss=0.0842. Resources: rss=2222.4MB, peak_rss=2676.6MB, cuda_alloc=360.6MB, cuda_reserved=44996.0MB, cuda_peak_alloc=7062.6MB, cuda_free=2971.8MB, cuda_total=48519.1MB
[2026-06-11 17:11:54] Epoch 28 train batch [1560/1875] loss=0.0598 avg_loss=0.0841. Resources: rss=2222.5MB, peak_rss=2676.6MB, cuda_alloc=360.6MB, cuda_reserved=44996.0MB, cuda_peak_alloc=7062.6MB, cuda_free=2971.8MB, cuda_total=48519.1MB
[2026-06-11 17:11:59] Epoch 28 train batch [1580/1875] loss=0.0693 avg_loss=0.0842. Resources: rss=2222.4MB, peak_rss=2676.6MB, cuda_alloc=360.6MB, cuda_reserved=44996.0MB, cuda_peak_alloc=7062.6MB, cuda_free=2971.8MB, cuda_total=48519.1MB
[2026-06-11 17:12:03] Epoch 28 train batch [1600/1875] loss=0.0895 avg_loss=0.0843. Resources: rss=2223.1MB, peak_rss=2676.6MB, cuda_alloc=360.6MB, cuda_reserved=44996.0MB, cuda_peak_alloc=7062.6MB, cuda_free=2971.8MB, cuda_total=48519.1MB
[2026-06-11 17:12:07] Epoch 28 train batch [1620/1875] loss=0.1192 avg_loss=0.0844. Resources: rss=2223.0MB, peak_rss=2676.6MB, cuda_alloc=360.6MB, cuda_reserved=44996.0MB, cuda_peak_alloc=7062.6MB, cuda_free=2971.8MB, cuda_total=48519.1MB
[2026-06-11 17:12:11] Epoch 28 train batch [1640/1875] loss=0.0463 avg_loss=0.0844. Resources: rss=2223.1MB, peak_rss=2676.6MB, cuda_alloc=360.6MB, cuda_reserved=44996.0MB, cuda_peak_alloc=7062.6MB, cuda_free=2971.8MB, cuda_total=48519.1MB
[2026-06-11 17:12:15] Epoch 28 train batch [1660/1875] loss=0.1796 avg_loss=0.0845. Resources: rss=2222.9MB, peak_rss=2676.6MB, cuda_alloc=360.6MB, cuda_reserved=44996.0MB, cuda_peak_alloc=7062.6MB, cuda_free=2971.8MB, cuda_total=48519.1MB
[2026-06-11 17:12:20] Epoch 28 train batch [1680/1875] loss=0.1384 avg_loss=0.0846. Resources: rss=2224.0MB, peak_rss=2676.6MB, cuda_alloc=360.6MB, cuda_reserved=44996.0MB, cuda_peak_alloc=7062.6MB, cuda_free=2971.8MB, cuda_total=48519.1MB
[2026-06-11 17:12:24] Epoch 28 train batch [1700/1875] loss=0.0352 avg_loss=0.0844. Resources: rss=2224.0MB, peak_rss=2676.6MB, cuda_alloc=360.6MB, cuda_reserved=44996.0MB, cuda_peak_alloc=7062.6MB, cuda_free=2971.8MB, cuda_total=48519.1MB
[2026-06-11 17:12:28] Epoch 28 train batch [1720/1875] loss=0.0371 avg_loss=0.0845. Resources: rss=2222.9MB, peak_rss=2676.6MB, cuda_alloc=360.6MB, cuda_reserved=44996.0MB, cuda_peak_alloc=7062.6MB, cuda_free=2971.8MB, cuda_total=48519.1MB
[2026-06-11 17:12:32] Epoch 28 train batch [1740/1875] loss=0.1108 avg_loss=0.0845. Resources: rss=2223.8MB, peak_rss=2676.6MB, cuda_alloc=360.6MB, cuda_reserved=44996.0MB, cuda_peak_alloc=7062.6MB, cuda_free=2971.8MB, cuda_total=48519.1MB
[2026-06-11 17:12:37] Epoch 28 train batch [1760/1875] loss=0.1020 avg_loss=0.0844. Resources: rss=2222.3MB, peak_rss=2676.6MB, cuda_alloc=360.6MB, cuda_reserved=44996.0MB, cuda_peak_alloc=7062.6MB, cuda_free=2971.8MB, cuda_total=48519.1MB
[2026-06-11 17:12:41] Epoch 28 train batch [1780/1875] loss=0.0457 avg_loss=0.0844. Resources: rss=2222.7MB, peak_rss=2676.6MB, cuda_alloc=360.6MB, cuda_reserved=44996.0MB, cuda_peak_alloc=7062.6MB, cuda_free=2971.8MB, cuda_total=48519.1MB
[2026-06-11 17:12:45] Epoch 28 train batch [1800/1875] loss=0.0501 avg_loss=0.0846. Resources: rss=2223.1MB, peak_rss=2676.6MB, cuda_alloc=360.6MB, cuda_reserved=44996.0MB, cuda_peak_alloc=7062.6MB, cuda_free=2971.8MB, cuda_total=48519.1MB
[2026-06-11 17:12:49] Epoch 28 train batch [1820/1875] loss=0.1251 avg_loss=0.0846. Resources: rss=2223.2MB, peak_rss=2676.6MB, cuda_alloc=360.6MB, cuda_reserved=44996.0MB, cuda_peak_alloc=7062.6MB, cuda_free=2971.8MB, cuda_total=48519.1MB
[2026-06-11 17:12:53] Epoch 28 train batch [1840/1875] loss=0.0719 avg_loss=0.0847. Resources: rss=2221.4MB, peak_rss=2676.6MB, cuda_alloc=360.6MB, cuda_reserved=44996.0MB, cuda_peak_alloc=7062.6MB, cuda_free=2971.8MB, cuda_total=48519.1MB
[2026-06-11 17:12:57] Epoch 28 train batch [1860/1875] loss=0.1023 avg_loss=0.0845. Resources: rss=2222.9MB, peak_rss=2676.6MB, cuda_alloc=360.6MB, cuda_reserved=44996.0MB, cuda_peak_alloc=7062.6MB, cuda_free=2971.8MB, cuda_total=48519.1MB
[2026-06-11 17:13:00] Epoch 28 train batch [1875/1875] loss=0.0317 avg_loss=0.0846. Resources: rss=2223.3MB, peak_rss=2676.6MB, cuda_alloc=360.6MB, cuda_reserved=44996.0MB, cuda_peak_alloc=7062.6MB, cuda_free=2971.8MB, cuda_total=48519.1MB
[2026-06-11 17:13:00] Epoch 28 training completed. Resources: rss=2214.8MB, peak_rss=2676.6MB, cuda_alloc=360.6MB, cuda_reserved=44996.0MB, cuda_peak_alloc=7062.6MB, cuda_free=2971.8MB, cuda_total=48519.1MB
[2026-06-11 17:13:01] Epoch 28 cache released before validation loss. Resources: rss=2214.8MB, peak_rss=2676.6MB, cuda_alloc=360.6MB, cuda_reserved=578.0MB, cuda_peak_alloc=360.6MB, cuda_free=47389.8MB, cuda_total=48519.1MB
[2026-06-11 17:13:32] Epoch 28 validation loss completed: 0.5923. Resources: rss=2214.2MB, peak_rss=2676.6MB, cuda_alloc=360.6MB, cuda_reserved=5846.0MB, cuda_peak_alloc=2034.0MB, cuda_free=42121.8MB, cuda_total=48519.1MB
[2026-06-11 17:13:32] Epoch 28 cache released before detection metrics. Resources: rss=2214.2MB, peak_rss=2676.6MB, cuda_alloc=360.6MB, cuda_reserved=578.0MB, cuda_peak_alloc=360.6MB, cuda_free=47389.8MB, cuda_total=48519.1MB
[2026-06-11 17:14:03] Epoch 28 prediction tensors moved to CPU. Computing metrics. Resources: rss=2214.4MB, peak_rss=2676.6MB, cuda_alloc=360.6MB, cuda_reserved=578.0MB, cuda_peak_alloc=360.6MB, cuda_free=47389.8MB, cuda_total=48519.1MB
[2026-06-11 17:14:03] Epoch 28 metrics computed (mAP@0.5 only). Saving artifacts. Resources: rss=2215.4MB, peak_rss=2676.6MB, cuda_alloc=360.6MB, cuda_reserved=578.0MB, cuda_peak_alloc=360.6MB, cuda_free=47389.8MB, cuda_total=48519.1MB
[2026-06-11 17:14:03] Epoch 28 did not improve mAP@0.5 enough. Early stopping counter: 8/10.
Epoch [28/50]
├── Train Loss : 0.0846
│   ├── loss_classifier  : 0.0411
│   ├── loss_box_reg     : 0.0435
│   ├── loss_objectness  : 0.0000
│   └── loss_rpn_box_reg : 0.0000
├── Val Loss   : 0.5923
├── mAP@0.5    : 0.7663
├── mAP@0.75   : n/a
├── mAP@0.5:0.95 : n/a
├── Precision  : 0.1192
├── Recall     : 0.9085
├── GT Boxes   : 2021
├── Predictions: 15403
├── Per-class AP
│   ├── person  : AP50=0.8273, AP75=n/a, AP50:95=n/a, P=0.1804, R=0.9209
│   ├── car     : AP50=0.7604, AP75=n/a, AP50:95=n/a, P=0.1064, R=0.8940
│   ├── dog     : AP50=0.8329, AP75=n/a, AP50:95=n/a, P=0.1144, R=0.9272
│   ├── cat     : AP50=0.8943, AP75=n/a, AP50:95=n/a, P=0.1245, R=0.9659
│   └── chair   : AP50=0.5164, AP75=n/a, AP50:95=n/a, P=0.0517, R=0.8262
├── LR         : 0.000473
└── Time       : 472.0s
[2026-06-11 17:14:03] Epoch [28/50] completed. Resources: rss=2214.3MB, peak_rss=2676.6MB, cuda_alloc=360.6MB, cuda_reserved=578.0MB, cuda_peak_alloc=360.6MB, cuda_free=47389.8MB, cuda_total=48519.1MB
[2026-06-11 17:14:03] Epoch [29/50] started. Resources: rss=2214.3MB, peak_rss=2676.6MB, cuda_alloc=360.6MB, cuda_reserved=578.0MB, cuda_peak_alloc=360.6MB, cuda_free=47389.8MB, cuda_total=48519.1MB
[2026-06-11 17:14:08] Epoch 29 train batch [20/1875] loss=0.1085 avg_loss=0.0726. Resources: rss=2223.1MB, peak_rss=2676.6MB, cuda_alloc=360.6MB, cuda_reserved=34336.0MB, cuda_peak_alloc=7061.6MB, cuda_free=13631.8MB, cuda_total=48519.1MB
[2026-06-11 17:14:13] Epoch 29 train batch [40/1875] loss=0.0332 avg_loss=0.0676. Resources: rss=2225.9MB, peak_rss=2676.6MB, cuda_alloc=360.6MB, cuda_reserved=8316.0MB, cuda_peak_alloc=7061.6MB, cuda_free=39651.8MB, cuda_total=48519.1MB
[2026-06-11 17:14:17] Epoch 29 train batch [60/1875] loss=0.0744 avg_loss=0.0728. Resources: rss=2224.1MB, peak_rss=2676.6MB, cuda_alloc=360.6MB, cuda_reserved=35336.0MB, cuda_peak_alloc=7061.6MB, cuda_free=12631.8MB, cuda_total=48519.1MB
[2026-06-11 17:14:22] Epoch 29 train batch [80/1875] loss=0.1615 avg_loss=0.0777. Resources: rss=2226.0MB, peak_rss=2676.6MB, cuda_alloc=360.6MB, cuda_reserved=35336.0MB, cuda_peak_alloc=7061.7MB, cuda_free=12631.8MB, cuda_total=48519.1MB
[2026-06-11 17:14:26] Epoch 29 train batch [100/1875] loss=0.0462 avg_loss=0.0790. Resources: rss=2225.5MB, peak_rss=2676.6MB, cuda_alloc=360.6MB, cuda_reserved=35336.0MB, cuda_peak_alloc=7061.7MB, cuda_free=12631.8MB, cuda_total=48519.1MB
[2026-06-11 17:14:30] Epoch 29 train batch [120/1875] loss=0.1038 avg_loss=0.0779. Resources: rss=2224.8MB, peak_rss=2676.6MB, cuda_alloc=360.6MB, cuda_reserved=35676.0MB, cuda_peak_alloc=7061.9MB, cuda_free=12291.8MB, cuda_total=48519.1MB
[2026-06-11 17:14:35] Epoch 29 train batch [140/1875] loss=0.0602 avg_loss=0.0766. Resources: rss=2226.2MB, peak_rss=2676.6MB, cuda_alloc=360.6MB, cuda_reserved=8576.0MB, cuda_peak_alloc=7062.1MB, cuda_free=39391.8MB, cuda_total=48519.1MB
[2026-06-11 17:14:39] Epoch 29 train batch [160/1875] loss=0.0381 avg_loss=0.0770. Resources: rss=2225.4MB, peak_rss=2676.6MB, cuda_alloc=360.6MB, cuda_reserved=29136.0MB, cuda_peak_alloc=7062.1MB, cuda_free=18831.8MB, cuda_total=48519.1MB
[2026-06-11 17:14:43] Epoch 29 train batch [180/1875] loss=0.0695 avg_loss=0.0785. Resources: rss=2225.2MB, peak_rss=2676.6MB, cuda_alloc=360.6MB, cuda_reserved=29136.0MB, cuda_peak_alloc=7062.1MB, cuda_free=18831.8MB, cuda_total=48519.1MB
[2026-06-11 17:14:47] Epoch 29 train batch [200/1875] loss=0.0584 avg_loss=0.0770. Resources: rss=2225.3MB, peak_rss=2676.6MB, cuda_alloc=360.6MB, cuda_reserved=29136.0MB, cuda_peak_alloc=7062.1MB, cuda_free=18831.8MB, cuda_total=48519.1MB
[2026-06-11 17:14:52] Epoch 29 train batch [220/1875] loss=0.0850 avg_loss=0.0769. Resources: rss=2225.8MB, peak_rss=2676.6MB, cuda_alloc=360.6MB, cuda_reserved=30296.0MB, cuda_peak_alloc=7062.5MB, cuda_free=17671.8MB, cuda_total=48519.1MB
[2026-06-11 17:14:57] Epoch 29 train batch [240/1875] loss=0.0586 avg_loss=0.0769. Resources: rss=2225.1MB, peak_rss=2676.6MB, cuda_alloc=360.6MB, cuda_reserved=35356.0MB, cuda_peak_alloc=7062.5MB, cuda_free=12611.8MB, cuda_total=48519.1MB
[2026-06-11 17:15:01] Epoch 29 train batch [260/1875] loss=0.2024 avg_loss=0.0778. Resources: rss=2226.4MB, peak_rss=2676.6MB, cuda_alloc=360.6MB, cuda_reserved=42596.0MB, cuda_peak_alloc=7062.5MB, cuda_free=5371.8MB, cuda_total=48519.1MB
[2026-06-11 17:15:05] Epoch 29 train batch [280/1875] loss=0.1067 avg_loss=0.0778. Resources: rss=2224.8MB, peak_rss=2676.6MB, cuda_alloc=360.6MB, cuda_reserved=42916.0MB, cuda_peak_alloc=7062.5MB, cuda_free=5051.8MB, cuda_total=48519.1MB
[2026-06-11 17:15:09] Epoch 29 train batch [300/1875] loss=0.0762 avg_loss=0.0785. Resources: rss=2226.0MB, peak_rss=2676.6MB, cuda_alloc=360.6MB, cuda_reserved=42916.0MB, cuda_peak_alloc=7062.5MB, cuda_free=5051.8MB, cuda_total=48519.1MB
[2026-06-11 17:15:13] Epoch 29 train batch [320/1875] loss=0.0475 avg_loss=0.0782. Resources: rss=2226.5MB, peak_rss=2676.6MB, cuda_alloc=360.6MB, cuda_reserved=43716.0MB, cuda_peak_alloc=7062.5MB, cuda_free=4251.8MB, cuda_total=48519.1MB
[2026-06-11 17:15:17] Epoch 29 train batch [340/1875] loss=0.1807 avg_loss=0.0796. Resources: rss=2226.8MB, peak_rss=2676.6MB, cuda_alloc=360.6MB, cuda_reserved=43716.0MB, cuda_peak_alloc=7062.5MB, cuda_free=4251.8MB, cuda_total=48519.1MB
[2026-06-11 17:15:22] Epoch 29 train batch [360/1875] loss=0.0551 avg_loss=0.0794. Resources: rss=2226.0MB, peak_rss=2676.6MB, cuda_alloc=360.6MB, cuda_reserved=43716.0MB, cuda_peak_alloc=7062.5MB, cuda_free=4251.8MB, cuda_total=48519.1MB
[2026-06-11 17:15:26] Epoch 29 train batch [380/1875] loss=0.0628 avg_loss=0.0788. Resources: rss=2226.5MB, peak_rss=2676.6MB, cuda_alloc=360.6MB, cuda_reserved=43716.0MB, cuda_peak_alloc=7062.5MB, cuda_free=4251.8MB, cuda_total=48519.1MB
[2026-06-11 17:15:30] Epoch 29 train batch [400/1875] loss=0.0330 avg_loss=0.0791. Resources: rss=2226.1MB, peak_rss=2676.6MB, cuda_alloc=360.6MB, cuda_reserved=43716.0MB, cuda_peak_alloc=7062.5MB, cuda_free=4251.8MB, cuda_total=48519.1MB
[2026-06-11 17:15:34] Epoch 29 train batch [420/1875] loss=0.0311 avg_loss=0.0790. Resources: rss=2226.2MB, peak_rss=2676.6MB, cuda_alloc=360.6MB, cuda_reserved=43716.0MB, cuda_peak_alloc=7062.5MB, cuda_free=4251.8MB, cuda_total=48519.1MB
[2026-06-11 17:15:39] Epoch 29 train batch [440/1875] loss=0.0678 avg_loss=0.0790. Resources: rss=2225.8MB, peak_rss=2676.6MB, cuda_alloc=360.6MB, cuda_reserved=43716.0MB, cuda_peak_alloc=7062.5MB, cuda_free=4251.8MB, cuda_total=48519.1MB
[2026-06-11 17:15:43] Epoch 29 train batch [460/1875] loss=0.0487 avg_loss=0.0796. Resources: rss=2225.7MB, peak_rss=2676.6MB, cuda_alloc=360.6MB, cuda_reserved=31676.0MB, cuda_peak_alloc=7062.5MB, cuda_free=16291.8MB, cuda_total=48519.1MB
[2026-06-11 17:15:47] Epoch 29 train batch [480/1875] loss=0.0501 avg_loss=0.0786. Resources: rss=2224.3MB, peak_rss=2676.6MB, cuda_alloc=360.6MB, cuda_reserved=42076.0MB, cuda_peak_alloc=7062.5MB, cuda_free=5891.8MB, cuda_total=48519.1MB
[2026-06-11 17:15:51] Epoch 29 train batch [500/1875] loss=0.0718 avg_loss=0.0785. Resources: rss=2224.2MB, peak_rss=2676.6MB, cuda_alloc=360.6MB, cuda_reserved=42076.0MB, cuda_peak_alloc=7062.5MB, cuda_free=5891.8MB, cuda_total=48519.1MB
[2026-06-11 17:15:56] Epoch 29 train batch [520/1875] loss=0.0613 avg_loss=0.0788. Resources: rss=2225.0MB, peak_rss=2676.6MB, cuda_alloc=360.6MB, cuda_reserved=42076.0MB, cuda_peak_alloc=7062.5MB, cuda_free=5891.8MB, cuda_total=48519.1MB
[2026-06-11 17:16:00] Epoch 29 train batch [540/1875] loss=0.0886 avg_loss=0.0795. Resources: rss=2223.9MB, peak_rss=2676.6MB, cuda_alloc=360.6MB, cuda_reserved=42076.0MB, cuda_peak_alloc=7062.5MB, cuda_free=5891.8MB, cuda_total=48519.1MB
[2026-06-11 17:16:04] Epoch 29 train batch [560/1875] loss=0.0480 avg_loss=0.0795. Resources: rss=2223.5MB, peak_rss=2676.6MB, cuda_alloc=360.6MB, cuda_reserved=42076.0MB, cuda_peak_alloc=7062.5MB, cuda_free=5891.8MB, cuda_total=48519.1MB
[2026-06-11 17:16:09] Epoch 29 train batch [580/1875] loss=0.0919 avg_loss=0.0803. Resources: rss=2226.2MB, peak_rss=2676.6MB, cuda_alloc=360.6MB, cuda_reserved=31576.0MB, cuda_peak_alloc=7062.5MB, cuda_free=16391.8MB, cuda_total=48519.1MB
[2026-06-11 17:16:14] Epoch 29 train batch [600/1875] loss=0.0524 avg_loss=0.0799. Resources: rss=2225.5MB, peak_rss=2676.6MB, cuda_alloc=360.6MB, cuda_reserved=28276.0MB, cuda_peak_alloc=7062.5MB, cuda_free=19691.8MB, cuda_total=48519.1MB
[2026-06-11 17:16:19] Epoch 29 train batch [620/1875] loss=0.0229 avg_loss=0.0797. Resources: rss=2226.3MB, peak_rss=2676.6MB, cuda_alloc=360.6MB, cuda_reserved=40796.0MB, cuda_peak_alloc=7062.5MB, cuda_free=7171.8MB, cuda_total=48519.1MB
[2026-06-11 17:16:23] Epoch 29 train batch [640/1875] loss=0.0315 avg_loss=0.0792. Resources: rss=2226.2MB, peak_rss=2676.6MB, cuda_alloc=360.6MB, cuda_reserved=40796.0MB, cuda_peak_alloc=7062.5MB, cuda_free=7171.8MB, cuda_total=48519.1MB
[2026-06-11 17:16:27] Epoch 29 train batch [660/1875] loss=0.0683 avg_loss=0.0793. Resources: rss=2225.9MB, peak_rss=2676.6MB, cuda_alloc=360.6MB, cuda_reserved=40796.0MB, cuda_peak_alloc=7062.5MB, cuda_free=7171.8MB, cuda_total=48519.1MB
[2026-06-11 17:16:32] Epoch 29 train batch [680/1875] loss=0.1086 avg_loss=0.0792. Resources: rss=2226.1MB, peak_rss=2676.6MB, cuda_alloc=360.6MB, cuda_reserved=40796.0MB, cuda_peak_alloc=7062.5MB, cuda_free=7171.8MB, cuda_total=48519.1MB
[2026-06-11 17:16:36] Epoch 29 train batch [700/1875] loss=0.0420 avg_loss=0.0789. Resources: rss=2226.4MB, peak_rss=2676.6MB, cuda_alloc=360.6MB, cuda_reserved=40796.0MB, cuda_peak_alloc=7062.5MB, cuda_free=7171.8MB, cuda_total=48519.1MB
[2026-06-11 17:16:41] Epoch 29 train batch [720/1875] loss=0.0321 avg_loss=0.0787. Resources: rss=2225.6MB, peak_rss=2676.6MB, cuda_alloc=360.6MB, cuda_reserved=40796.0MB, cuda_peak_alloc=7062.5MB, cuda_free=7171.8MB, cuda_total=48519.1MB
[2026-06-11 17:16:45] Epoch 29 train batch [740/1875] loss=0.1047 avg_loss=0.0783. Resources: rss=2226.6MB, peak_rss=2676.6MB, cuda_alloc=360.6MB, cuda_reserved=40796.0MB, cuda_peak_alloc=7062.5MB, cuda_free=7171.8MB, cuda_total=48519.1MB
[2026-06-11 17:16:49] Epoch 29 train batch [760/1875] loss=0.1285 avg_loss=0.0783. Resources: rss=2226.1MB, peak_rss=2676.6MB, cuda_alloc=360.6MB, cuda_reserved=40796.0MB, cuda_peak_alloc=7062.5MB, cuda_free=7171.8MB, cuda_total=48519.1MB
[2026-06-11 17:16:53] Epoch 29 train batch [780/1875] loss=0.1016 avg_loss=0.0784. Resources: rss=2225.7MB, peak_rss=2676.6MB, cuda_alloc=360.6MB, cuda_reserved=40796.0MB, cuda_peak_alloc=7062.5MB, cuda_free=7171.8MB, cuda_total=48519.1MB
[2026-06-11 17:16:58] Epoch 29 train batch [800/1875] loss=0.0604 avg_loss=0.0787. Resources: rss=2225.6MB, peak_rss=2676.6MB, cuda_alloc=360.6MB, cuda_reserved=40796.0MB, cuda_peak_alloc=7062.5MB, cuda_free=7171.8MB, cuda_total=48519.1MB
[2026-06-11 17:17:02] Epoch 29 train batch [820/1875] loss=0.0831 avg_loss=0.0790. Resources: rss=2225.8MB, peak_rss=2676.6MB, cuda_alloc=360.6MB, cuda_reserved=40796.0MB, cuda_peak_alloc=7062.5MB, cuda_free=7171.8MB, cuda_total=48519.1MB
[2026-06-11 17:17:06] Epoch 29 train batch [840/1875] loss=0.1231 avg_loss=0.0791. Resources: rss=2225.6MB, peak_rss=2676.6MB, cuda_alloc=360.6MB, cuda_reserved=40996.0MB, cuda_peak_alloc=7062.5MB, cuda_free=6971.8MB, cuda_total=48519.1MB
[2026-06-11 17:17:10] Epoch 29 train batch [860/1875] loss=0.0395 avg_loss=0.0792. Resources: rss=2226.0MB, peak_rss=2676.6MB, cuda_alloc=360.6MB, cuda_reserved=43556.0MB, cuda_peak_alloc=7062.5MB, cuda_free=4411.8MB, cuda_total=48519.1MB
[2026-06-11 17:17:14] Epoch 29 train batch [880/1875] loss=0.0942 avg_loss=0.0794. Resources: rss=2225.7MB, peak_rss=2676.6MB, cuda_alloc=360.6MB, cuda_reserved=43556.0MB, cuda_peak_alloc=7062.5MB, cuda_free=4411.8MB, cuda_total=48519.1MB
[2026-06-11 17:17:18] Epoch 29 train batch [900/1875] loss=0.1224 avg_loss=0.0796. Resources: rss=2225.6MB, peak_rss=2676.6MB, cuda_alloc=360.6MB, cuda_reserved=43556.0MB, cuda_peak_alloc=7062.5MB, cuda_free=4411.8MB, cuda_total=48519.1MB
[2026-06-11 17:17:22] Epoch 29 train batch [920/1875] loss=0.1693 avg_loss=0.0798. Resources: rss=2225.7MB, peak_rss=2676.6MB, cuda_alloc=351.4MB, cuda_reserved=43556.0MB, cuda_peak_alloc=7062.5MB, cuda_free=4411.8MB, cuda_total=48519.1MB
[2026-06-11 17:17:27] Epoch 29 train batch [940/1875] loss=0.0358 avg_loss=0.0796. Resources: rss=2225.8MB, peak_rss=2676.6MB, cuda_alloc=360.6MB, cuda_reserved=43556.0MB, cuda_peak_alloc=7062.5MB, cuda_free=4411.8MB, cuda_total=48519.1MB
[2026-06-11 17:17:31] Epoch 29 train batch [960/1875] loss=0.0434 avg_loss=0.0795. Resources: rss=2225.7MB, peak_rss=2676.6MB, cuda_alloc=360.6MB, cuda_reserved=43556.0MB, cuda_peak_alloc=7062.5MB, cuda_free=4411.8MB, cuda_total=48519.1MB
[2026-06-11 17:17:35] Epoch 29 train batch [980/1875] loss=0.0946 avg_loss=0.0796. Resources: rss=2226.0MB, peak_rss=2676.6MB, cuda_alloc=360.6MB, cuda_reserved=43556.0MB, cuda_peak_alloc=7062.5MB, cuda_free=4411.8MB, cuda_total=48519.1MB
[2026-06-11 17:17:39] Epoch 29 train batch [1000/1875] loss=0.0933 avg_loss=0.0796. Resources: rss=2226.0MB, peak_rss=2676.6MB, cuda_alloc=360.6MB, cuda_reserved=43556.0MB, cuda_peak_alloc=7062.5MB, cuda_free=4411.8MB, cuda_total=48519.1MB
[2026-06-11 17:17:43] Epoch 29 train batch [1020/1875] loss=0.0442 avg_loss=0.0797. Resources: rss=2225.7MB, peak_rss=2676.6MB, cuda_alloc=360.6MB, cuda_reserved=44256.0MB, cuda_peak_alloc=7062.5MB, cuda_free=3711.8MB, cuda_total=48519.1MB
[2026-06-11 17:17:49] Epoch 29 train batch [1040/1875] loss=0.0285 avg_loss=0.0795. Resources: rss=2225.6MB, peak_rss=2676.6MB, cuda_alloc=360.6MB, cuda_reserved=5116.0MB, cuda_peak_alloc=7062.5MB, cuda_free=42851.8MB, cuda_total=48519.1MB
[2026-06-11 17:17:54] Epoch 29 train batch [1060/1875] loss=0.0542 avg_loss=0.0797. Resources: rss=2225.7MB, peak_rss=2676.6MB, cuda_alloc=360.6MB, cuda_reserved=20436.0MB, cuda_peak_alloc=7062.5MB, cuda_free=27531.8MB, cuda_total=48519.1MB
[2026-06-11 17:17:59] Epoch 29 train batch [1080/1875] loss=0.0909 avg_loss=0.0796. Resources: rss=2225.7MB, peak_rss=2676.6MB, cuda_alloc=360.6MB, cuda_reserved=22456.0MB, cuda_peak_alloc=7062.5MB, cuda_free=25511.8MB, cuda_total=48519.1MB
[2026-06-11 17:18:04] Epoch 29 train batch [1100/1875] loss=0.1063 avg_loss=0.0797. Resources: rss=2224.8MB, peak_rss=2676.6MB, cuda_alloc=360.6MB, cuda_reserved=31076.0MB, cuda_peak_alloc=7062.5MB, cuda_free=16891.8MB, cuda_total=48519.1MB
[2026-06-11 17:18:08] Epoch 29 train batch [1120/1875] loss=0.0400 avg_loss=0.0799. Resources: rss=2223.9MB, peak_rss=2676.6MB, cuda_alloc=360.6MB, cuda_reserved=35496.0MB, cuda_peak_alloc=7062.5MB, cuda_free=12471.8MB, cuda_total=48519.1MB
[2026-06-11 17:18:12] Epoch 29 train batch [1140/1875] loss=0.0942 avg_loss=0.0802. Resources: rss=2224.0MB, peak_rss=2676.6MB, cuda_alloc=360.6MB, cuda_reserved=39616.0MB, cuda_peak_alloc=7062.6MB, cuda_free=8351.8MB, cuda_total=48519.1MB
[2026-06-11 17:18:17] Epoch 29 train batch [1160/1875] loss=0.0071 avg_loss=0.0806. Resources: rss=2226.2MB, peak_rss=2676.6MB, cuda_alloc=351.4MB, cuda_reserved=34796.0MB, cuda_peak_alloc=7062.6MB, cuda_free=13171.8MB, cuda_total=48519.1MB
[2026-06-11 17:18:22] Epoch 29 train batch [1180/1875] loss=0.0705 avg_loss=0.0807. Resources: rss=2227.7MB, peak_rss=2676.6MB, cuda_alloc=360.6MB, cuda_reserved=22776.0MB, cuda_peak_alloc=7062.6MB, cuda_free=25191.8MB, cuda_total=48519.1MB
[2026-06-11 17:18:26] Epoch 29 train batch [1200/1875] loss=0.0395 avg_loss=0.0809. Resources: rss=2227.2MB, peak_rss=2676.6MB, cuda_alloc=360.6MB, cuda_reserved=30836.0MB, cuda_peak_alloc=7062.6MB, cuda_free=17131.8MB, cuda_total=48519.1MB
[2026-06-11 17:18:30] Epoch 29 train batch [1220/1875] loss=0.1390 avg_loss=0.0808. Resources: rss=2226.6MB, peak_rss=2676.6MB, cuda_alloc=360.6MB, cuda_reserved=30836.0MB, cuda_peak_alloc=7062.6MB, cuda_free=17131.8MB, cuda_total=48519.1MB
[2026-06-11 17:18:34] Epoch 29 train batch [1240/1875] loss=0.1894 avg_loss=0.0807. Resources: rss=2226.2MB, peak_rss=2676.6MB, cuda_alloc=360.6MB, cuda_reserved=32616.0MB, cuda_peak_alloc=7062.6MB, cuda_free=15351.8MB, cuda_total=48519.1MB
[2026-06-11 17:18:38] Epoch 29 train batch [1260/1875] loss=0.1246 avg_loss=0.0804. Resources: rss=2227.1MB, peak_rss=2676.6MB, cuda_alloc=360.6MB, cuda_reserved=38256.0MB, cuda_peak_alloc=7062.6MB, cuda_free=9711.8MB, cuda_total=48519.1MB
[2026-06-11 17:18:42] Epoch 29 train batch [1280/1875] loss=0.1333 avg_loss=0.0807. Resources: rss=2226.5MB, peak_rss=2676.6MB, cuda_alloc=360.6MB, cuda_reserved=38256.0MB, cuda_peak_alloc=7062.6MB, cuda_free=9711.8MB, cuda_total=48519.1MB
[2026-06-11 17:18:46] Epoch 29 train batch [1300/1875] loss=0.0832 avg_loss=0.0808. Resources: rss=2227.8MB, peak_rss=2676.6MB, cuda_alloc=360.6MB, cuda_reserved=38776.0MB, cuda_peak_alloc=7062.6MB, cuda_free=9191.8MB, cuda_total=48519.1MB
[2026-06-11 17:18:50] Epoch 29 train batch [1320/1875] loss=0.0409 avg_loss=0.0807. Resources: rss=2227.5MB, peak_rss=2676.6MB, cuda_alloc=360.6MB, cuda_reserved=42656.0MB, cuda_peak_alloc=7062.6MB, cuda_free=5311.8MB, cuda_total=48519.1MB
[2026-06-11 17:18:55] Epoch 29 train batch [1340/1875] loss=0.0852 avg_loss=0.0805. Resources: rss=2226.5MB, peak_rss=2676.6MB, cuda_alloc=360.6MB, cuda_reserved=42656.0MB, cuda_peak_alloc=7062.6MB, cuda_free=5311.8MB, cuda_total=48519.1MB
[2026-06-11 17:18:59] Epoch 29 train batch [1360/1875] loss=0.0427 avg_loss=0.0807. Resources: rss=2226.8MB, peak_rss=2676.6MB, cuda_alloc=360.6MB, cuda_reserved=42656.0MB, cuda_peak_alloc=7062.6MB, cuda_free=5311.8MB, cuda_total=48519.1MB
[2026-06-11 17:19:03] Epoch 29 train batch [1380/1875] loss=0.0850 avg_loss=0.0806. Resources: rss=2227.8MB, peak_rss=2676.6MB, cuda_alloc=360.6MB, cuda_reserved=42656.0MB, cuda_peak_alloc=7062.6MB, cuda_free=5311.8MB, cuda_total=48519.1MB
[2026-06-11 17:19:09] Epoch 29 train batch [1400/1875] loss=0.0816 avg_loss=0.0804. Resources: rss=2227.5MB, peak_rss=2676.6MB, cuda_alloc=360.6MB, cuda_reserved=9376.0MB, cuda_peak_alloc=7062.6MB, cuda_free=38591.8MB, cuda_total=48519.1MB
[2026-06-11 17:19:13] Epoch 29 train batch [1420/1875] loss=0.0785 avg_loss=0.0805. Resources: rss=2226.6MB, peak_rss=2676.6MB, cuda_alloc=360.6MB, cuda_reserved=27476.0MB, cuda_peak_alloc=7062.6MB, cuda_free=20491.8MB, cuda_total=48519.1MB
[2026-06-11 17:19:17] Epoch 29 train batch [1440/1875] loss=0.1527 avg_loss=0.0806. Resources: rss=2228.8MB, peak_rss=2676.6MB, cuda_alloc=360.6MB, cuda_reserved=42616.0MB, cuda_peak_alloc=7062.6MB, cuda_free=5351.8MB, cuda_total=48519.1MB
[2026-06-11 17:19:22] Epoch 29 train batch [1460/1875] loss=0.0919 avg_loss=0.0806. Resources: rss=2227.3MB, peak_rss=2676.6MB, cuda_alloc=360.6MB, cuda_reserved=42616.0MB, cuda_peak_alloc=7062.6MB, cuda_free=5351.8MB, cuda_total=48519.1MB
[2026-06-11 17:19:27] Epoch 29 train batch [1480/1875] loss=0.2882 avg_loss=0.0811. Resources: rss=2227.2MB, peak_rss=2676.6MB, cuda_alloc=360.6MB, cuda_reserved=10856.0MB, cuda_peak_alloc=7062.6MB, cuda_free=37111.8MB, cuda_total=48519.1MB
[2026-06-11 17:19:31] Epoch 29 train batch [1500/1875] loss=0.1198 avg_loss=0.0814. Resources: rss=2228.0MB, peak_rss=2676.6MB, cuda_alloc=360.6MB, cuda_reserved=36136.0MB, cuda_peak_alloc=7062.6MB, cuda_free=11831.8MB, cuda_total=48519.1MB
[2026-06-11 17:19:35] Epoch 29 train batch [1520/1875] loss=0.0544 avg_loss=0.0813. Resources: rss=2228.2MB, peak_rss=2676.6MB, cuda_alloc=360.6MB, cuda_reserved=42116.0MB, cuda_peak_alloc=7062.6MB, cuda_free=5851.8MB, cuda_total=48519.1MB
[2026-06-11 17:19:41] Epoch 29 train batch [1540/1875] loss=0.0335 avg_loss=0.0812. Resources: rss=2227.3MB, peak_rss=2676.6MB, cuda_alloc=360.6MB, cuda_reserved=43956.0MB, cuda_peak_alloc=7062.6MB, cuda_free=4011.8MB, cuda_total=48519.1MB
[2026-06-11 17:19:45] Epoch 29 train batch [1560/1875] loss=0.0578 avg_loss=0.0815. Resources: rss=2228.3MB, peak_rss=2676.6MB, cuda_alloc=360.6MB, cuda_reserved=43956.0MB, cuda_peak_alloc=7062.6MB, cuda_free=4011.8MB, cuda_total=48519.1MB
[2026-06-11 17:19:49] Epoch 29 train batch [1580/1875] loss=0.1208 avg_loss=0.0814. Resources: rss=2228.7MB, peak_rss=2676.6MB, cuda_alloc=360.6MB, cuda_reserved=43956.0MB, cuda_peak_alloc=7062.6MB, cuda_free=4011.8MB, cuda_total=48519.1MB
[2026-06-11 17:19:53] Epoch 29 train batch [1600/1875] loss=0.0982 avg_loss=0.0816. Resources: rss=2228.0MB, peak_rss=2676.6MB, cuda_alloc=360.6MB, cuda_reserved=43956.0MB, cuda_peak_alloc=7062.6MB, cuda_free=4011.8MB, cuda_total=48519.1MB
[2026-06-11 17:19:58] Epoch 29 train batch [1620/1875] loss=0.0683 avg_loss=0.0815. Resources: rss=2227.9MB, peak_rss=2676.6MB, cuda_alloc=360.6MB, cuda_reserved=43956.0MB, cuda_peak_alloc=7062.6MB, cuda_free=4011.8MB, cuda_total=48519.1MB
[2026-06-11 17:20:02] Epoch 29 train batch [1640/1875] loss=0.0773 avg_loss=0.0815. Resources: rss=2227.0MB, peak_rss=2676.6MB, cuda_alloc=360.6MB, cuda_reserved=43956.0MB, cuda_peak_alloc=7062.6MB, cuda_free=4011.8MB, cuda_total=48519.1MB
[2026-06-11 17:20:07] Epoch 29 train batch [1660/1875] loss=0.0731 avg_loss=0.0816. Resources: rss=2225.7MB, peak_rss=2676.6MB, cuda_alloc=360.6MB, cuda_reserved=42236.0MB, cuda_peak_alloc=7062.6MB, cuda_free=5731.8MB, cuda_total=48519.1MB
[2026-06-11 17:20:12] Epoch 29 train batch [1680/1875] loss=0.0567 avg_loss=0.0816. Resources: rss=2228.6MB, peak_rss=2676.6MB, cuda_alloc=360.6MB, cuda_reserved=38276.0MB, cuda_peak_alloc=7062.6MB, cuda_free=9691.8MB, cuda_total=48519.1MB
[2026-06-11 17:20:17] Epoch 29 train batch [1700/1875] loss=0.0461 avg_loss=0.0814. Resources: rss=2227.1MB, peak_rss=2676.6MB, cuda_alloc=360.6MB, cuda_reserved=28116.0MB, cuda_peak_alloc=7062.6MB, cuda_free=19851.8MB, cuda_total=48519.1MB
[2026-06-11 17:20:22] Epoch 29 train batch [1720/1875] loss=0.0605 avg_loss=0.0814. Resources: rss=2227.5MB, peak_rss=2676.6MB, cuda_alloc=360.6MB, cuda_reserved=42556.0MB, cuda_peak_alloc=7062.6MB, cuda_free=5411.8MB, cuda_total=48519.1MB
[2026-06-11 17:20:26] Epoch 29 train batch [1740/1875] loss=0.1426 avg_loss=0.0813. Resources: rss=2227.5MB, peak_rss=2676.6MB, cuda_alloc=360.6MB, cuda_reserved=42556.0MB, cuda_peak_alloc=7062.6MB, cuda_free=5411.8MB, cuda_total=48519.1MB
[2026-06-11 17:20:30] Epoch 29 train batch [1760/1875] loss=0.1302 avg_loss=0.0813. Resources: rss=2227.8MB, peak_rss=2676.6MB, cuda_alloc=360.6MB, cuda_reserved=44876.0MB, cuda_peak_alloc=7062.6MB, cuda_free=3091.8MB, cuda_total=48519.1MB
[2026-06-11 17:20:34] Epoch 29 train batch [1780/1875] loss=0.1669 avg_loss=0.0813. Resources: rss=2227.8MB, peak_rss=2676.6MB, cuda_alloc=360.6MB, cuda_reserved=44876.0MB, cuda_peak_alloc=7062.6MB, cuda_free=3091.8MB, cuda_total=48519.1MB
[2026-06-11 17:20:39] Epoch 29 train batch [1800/1875] loss=0.0392 avg_loss=0.0813. Resources: rss=2227.0MB, peak_rss=2676.6MB, cuda_alloc=360.6MB, cuda_reserved=7356.0MB, cuda_peak_alloc=7062.6MB, cuda_free=40611.8MB, cuda_total=48519.1MB
[2026-06-11 17:20:44] Epoch 29 train batch [1820/1875] loss=0.0880 avg_loss=0.0814. Resources: rss=2226.9MB, peak_rss=2676.6MB, cuda_alloc=360.6MB, cuda_reserved=28956.0MB, cuda_peak_alloc=7062.6MB, cuda_free=19011.8MB, cuda_total=48519.1MB
[2026-06-11 17:20:48] Epoch 29 train batch [1840/1875] loss=0.0785 avg_loss=0.0815. Resources: rss=2227.8MB, peak_rss=2676.6MB, cuda_alloc=360.6MB, cuda_reserved=40576.0MB, cuda_peak_alloc=7062.6MB, cuda_free=7391.8MB, cuda_total=48519.1MB
[2026-06-11 17:20:52] Epoch 29 train batch [1860/1875] loss=0.0930 avg_loss=0.0817. Resources: rss=2227.7MB, peak_rss=2676.6MB, cuda_alloc=360.6MB, cuda_reserved=40576.0MB, cuda_peak_alloc=7062.6MB, cuda_free=7391.8MB, cuda_total=48519.1MB
[2026-06-11 17:20:55] Epoch 29 train batch [1875/1875] loss=0.0556 avg_loss=0.0816. Resources: rss=2227.1MB, peak_rss=2676.6MB, cuda_alloc=360.6MB, cuda_reserved=40576.0MB, cuda_peak_alloc=7062.6MB, cuda_free=7391.8MB, cuda_total=48519.1MB
[2026-06-11 17:20:55] Epoch 29 training completed. Resources: rss=2219.4MB, peak_rss=2676.6MB, cuda_alloc=360.6MB, cuda_reserved=40576.0MB, cuda_peak_alloc=7062.6MB, cuda_free=7391.8MB, cuda_total=48519.1MB
[2026-06-11 17:20:56] Epoch 29 cache released before validation loss. Resources: rss=2218.0MB, peak_rss=2676.6MB, cuda_alloc=360.6MB, cuda_reserved=520.0MB, cuda_peak_alloc=360.6MB, cuda_free=47447.8MB, cuda_total=48519.1MB
[2026-06-11 17:21:27] Epoch 29 validation loss completed: 0.5898. Resources: rss=2217.9MB, peak_rss=2676.6MB, cuda_alloc=360.6MB, cuda_reserved=5766.0MB, cuda_peak_alloc=2034.0MB, cuda_free=42201.8MB, cuda_total=48519.1MB
[2026-06-11 17:21:27] Epoch 29 cache released before detection metrics. Resources: rss=2217.7MB, peak_rss=2676.6MB, cuda_alloc=360.6MB, cuda_reserved=520.0MB, cuda_peak_alloc=360.6MB, cuda_free=47447.8MB, cuda_total=48519.1MB
[2026-06-11 17:21:58] Epoch 29 prediction tensors moved to CPU. Computing metrics. Resources: rss=2217.7MB, peak_rss=2676.6MB, cuda_alloc=360.6MB, cuda_reserved=520.0MB, cuda_peak_alloc=360.6MB, cuda_free=47447.8MB, cuda_total=48519.1MB
[2026-06-11 17:21:58] Epoch 29 metrics computed (mAP@0.5 only). Saving artifacts. Resources: rss=2219.0MB, peak_rss=2676.6MB, cuda_alloc=360.6MB, cuda_reserved=520.0MB, cuda_peak_alloc=360.6MB, cuda_free=47447.8MB, cuda_total=48519.1MB
[2026-06-11 17:21:58] Epoch 29 did not improve mAP@0.5 enough. Early stopping counter: 9/10.
Epoch [29/50]
├── Train Loss : 0.0816
│   ├── loss_classifier  : 0.0394
│   ├── loss_box_reg     : 0.0422
│   ├── loss_objectness  : 0.0000
│   └── loss_rpn_box_reg : 0.0000
├── Val Loss   : 0.5898
├── mAP@0.5    : 0.7631
├── mAP@0.75   : n/a
├── mAP@0.5:0.95 : n/a
├── Precision  : 0.1472
├── Recall     : 0.8897
├── GT Boxes   : 2021
├── Predictions: 12211
├── Per-class AP
│   ├── person  : AP50=0.8202, AP75=n/a, AP50:95=n/a, P=0.2057, R=0.9050
│   ├── car     : AP50=0.7812, AP75=n/a, AP50:95=n/a, P=0.1150, R=0.9081
│   ├── dog     : AP50=0.8192, AP75=n/a, AP50:95=n/a, P=0.1469, R=0.8981
│   ├── cat     : AP50=0.8894, AP75=n/a, AP50:95=n/a, P=0.1787, R=0.9545
│   └── chair   : AP50=0.5053, AP75=n/a, AP50:95=n/a, P=0.0708, R=0.7660
├── LR         : 0.000440
└── Time       : 474.3s
[2026-06-11 17:21:58] Epoch [29/50] completed. Resources: rss=2217.7MB, peak_rss=2676.6MB, cuda_alloc=360.6MB, cuda_reserved=520.0MB, cuda_peak_alloc=360.6MB, cuda_free=47447.8MB, cuda_total=48519.1MB
[2026-06-11 17:21:58] Epoch [30/50] started. Resources: rss=2217.7MB, peak_rss=2676.6MB, cuda_alloc=360.6MB, cuda_reserved=520.0MB, cuda_peak_alloc=360.6MB, cuda_free=47447.8MB, cuda_total=48519.1MB
[2026-06-11 17:22:03] Epoch 30 train batch [20/1875] loss=0.0471 avg_loss=0.0616. Resources: rss=2227.3MB, peak_rss=2676.6MB, cuda_alloc=360.6MB, cuda_reserved=47956.0MB, cuda_peak_alloc=7061.9MB, cuda_free=11.8MB, cuda_total=48519.1MB
[2026-06-11 17:22:09] Epoch 30 train batch [40/1875] loss=0.0646 avg_loss=0.0698. Resources: rss=2226.5MB, peak_rss=2676.6MB, cuda_alloc=360.6MB, cuda_reserved=34516.0MB, cuda_peak_alloc=7061.9MB, cuda_free=13451.8MB, cuda_total=48519.1MB
[2026-06-11 17:22:13] Epoch 30 train batch [60/1875] loss=0.0779 avg_loss=0.0749. Resources: rss=2225.4MB, peak_rss=2676.6MB, cuda_alloc=360.6MB, cuda_reserved=34516.0MB, cuda_peak_alloc=7061.9MB, cuda_free=13451.8MB, cuda_total=48519.1MB
[2026-06-11 17:22:17] Epoch 30 train batch [80/1875] loss=0.0590 avg_loss=0.0726. Resources: rss=2226.7MB, peak_rss=2676.6MB, cuda_alloc=360.6MB, cuda_reserved=34516.0MB, cuda_peak_alloc=7061.9MB, cuda_free=13451.8MB, cuda_total=48519.1MB
[2026-06-11 17:22:22] Epoch 30 train batch [100/1875] loss=0.0516 avg_loss=0.0743. Resources: rss=2226.9MB, peak_rss=2676.6MB, cuda_alloc=360.6MB, cuda_reserved=34516.0MB, cuda_peak_alloc=7061.9MB, cuda_free=13451.8MB, cuda_total=48519.1MB
[2026-06-11 17:22:26] Epoch 30 train batch [120/1875] loss=0.0858 avg_loss=0.0789. Resources: rss=2226.3MB, peak_rss=2676.6MB, cuda_alloc=360.6MB, cuda_reserved=34516.0MB, cuda_peak_alloc=7061.9MB, cuda_free=13451.8MB, cuda_total=48519.1MB
[2026-06-11 17:22:30] Epoch 30 train batch [140/1875] loss=0.0422 avg_loss=0.0783. Resources: rss=2227.4MB, peak_rss=2676.6MB, cuda_alloc=360.6MB, cuda_reserved=34516.0MB, cuda_peak_alloc=7062.0MB, cuda_free=13451.8MB, cuda_total=48519.1MB
[2026-06-11 17:22:34] Epoch 30 train batch [160/1875] loss=0.0506 avg_loss=0.0801. Resources: rss=2227.6MB, peak_rss=2676.6MB, cuda_alloc=360.6MB, cuda_reserved=34516.0MB, cuda_peak_alloc=7062.0MB, cuda_free=13451.8MB, cuda_total=48519.1MB
[2026-06-11 17:22:39] Epoch 30 train batch [180/1875] loss=0.1214 avg_loss=0.0818. Resources: rss=2227.8MB, peak_rss=2676.6MB, cuda_alloc=360.6MB, cuda_reserved=34516.0MB, cuda_peak_alloc=7062.3MB, cuda_free=13451.8MB, cuda_total=48519.1MB
[2026-06-11 17:22:43] Epoch 30 train batch [200/1875] loss=0.0352 avg_loss=0.0820. Resources: rss=2226.9MB, peak_rss=2676.6MB, cuda_alloc=360.6MB, cuda_reserved=34516.0MB, cuda_peak_alloc=7062.3MB, cuda_free=13451.8MB, cuda_total=48519.1MB
[2026-06-11 17:22:47] Epoch 30 train batch [220/1875] loss=0.0311 avg_loss=0.0825. Resources: rss=2226.7MB, peak_rss=2676.6MB, cuda_alloc=360.6MB, cuda_reserved=34516.0MB, cuda_peak_alloc=7062.3MB, cuda_free=13451.8MB, cuda_total=48519.1MB
[2026-06-11 17:22:51] Epoch 30 train batch [240/1875] loss=0.1002 avg_loss=0.0838. Resources: rss=2227.0MB, peak_rss=2676.6MB, cuda_alloc=360.6MB, cuda_reserved=34516.0MB, cuda_peak_alloc=7062.3MB, cuda_free=13451.8MB, cuda_total=48519.1MB
[2026-06-11 17:22:56] Epoch 30 train batch [260/1875] loss=0.0698 avg_loss=0.0828. Resources: rss=2226.5MB, peak_rss=2676.6MB, cuda_alloc=360.6MB, cuda_reserved=34516.0MB, cuda_peak_alloc=7062.3MB, cuda_free=13451.8MB, cuda_total=48519.1MB
[2026-06-11 17:23:00] Epoch 30 train batch [280/1875] loss=0.0416 avg_loss=0.0820. Resources: rss=2227.6MB, peak_rss=2676.6MB, cuda_alloc=360.6MB, cuda_reserved=34516.0MB, cuda_peak_alloc=7062.5MB, cuda_free=13451.8MB, cuda_total=48519.1MB
[2026-06-11 17:23:04] Epoch 30 train batch [300/1875] loss=0.0702 avg_loss=0.0811. Resources: rss=2227.1MB, peak_rss=2676.6MB, cuda_alloc=360.6MB, cuda_reserved=34516.0MB, cuda_peak_alloc=7062.5MB, cuda_free=13451.8MB, cuda_total=48519.1MB
[2026-06-11 17:23:08] Epoch 30 train batch [320/1875] loss=0.0414 avg_loss=0.0800. Resources: rss=2226.9MB, peak_rss=2676.6MB, cuda_alloc=360.6MB, cuda_reserved=34516.0MB, cuda_peak_alloc=7062.5MB, cuda_free=13451.8MB, cuda_total=48519.1MB
[2026-06-11 17:23:12] Epoch 30 train batch [340/1875] loss=0.0352 avg_loss=0.0785. Resources: rss=2225.8MB, peak_rss=2676.6MB, cuda_alloc=360.6MB, cuda_reserved=34516.0MB, cuda_peak_alloc=7062.5MB, cuda_free=13451.8MB, cuda_total=48519.1MB
[2026-06-11 17:23:16] Epoch 30 train batch [360/1875] loss=0.0458 avg_loss=0.0789. Resources: rss=2228.2MB, peak_rss=2676.6MB, cuda_alloc=360.6MB, cuda_reserved=34516.0MB, cuda_peak_alloc=7062.5MB, cuda_free=13451.8MB, cuda_total=48519.1MB
[2026-06-11 17:23:21] Epoch 30 train batch [380/1875] loss=0.0590 avg_loss=0.0790. Resources: rss=2227.1MB, peak_rss=2676.6MB, cuda_alloc=360.6MB, cuda_reserved=37236.0MB, cuda_peak_alloc=7062.5MB, cuda_free=10731.8MB, cuda_total=48519.1MB
[2026-06-11 17:23:25] Epoch 30 train batch [400/1875] loss=0.1023 avg_loss=0.0787. Resources: rss=2227.1MB, peak_rss=2676.6MB, cuda_alloc=360.6MB, cuda_reserved=46496.0MB, cuda_peak_alloc=7062.5MB, cuda_free=1471.8MB, cuda_total=48519.1MB
[2026-06-11 17:23:29] Epoch 30 train batch [420/1875] loss=0.0576 avg_loss=0.0791. Resources: rss=2226.3MB, peak_rss=2676.6MB, cuda_alloc=360.6MB, cuda_reserved=46496.0MB, cuda_peak_alloc=7062.5MB, cuda_free=1471.8MB, cuda_total=48519.1MB
[2026-06-11 17:23:33] Epoch 30 train batch [440/1875] loss=0.1288 avg_loss=0.0800. Resources: rss=2225.8MB, peak_rss=2676.6MB, cuda_alloc=360.6MB, cuda_reserved=46496.0MB, cuda_peak_alloc=7062.5MB, cuda_free=1471.8MB, cuda_total=48519.1MB
[2026-06-11 17:23:37] Epoch 30 train batch [460/1875] loss=0.0396 avg_loss=0.0793. Resources: rss=2227.1MB, peak_rss=2676.6MB, cuda_alloc=360.6MB, cuda_reserved=46496.0MB, cuda_peak_alloc=7062.5MB, cuda_free=1471.8MB, cuda_total=48519.1MB
[2026-06-11 17:23:42] Epoch 30 train batch [480/1875] loss=0.0273 avg_loss=0.0794. Resources: rss=2227.5MB, peak_rss=2676.6MB, cuda_alloc=360.6MB, cuda_reserved=18156.0MB, cuda_peak_alloc=7062.5MB, cuda_free=29811.8MB, cuda_total=48519.1MB
[2026-06-11 17:23:47] Epoch 30 train batch [500/1875] loss=0.1634 avg_loss=0.0794. Resources: rss=2227.7MB, peak_rss=2676.6MB, cuda_alloc=360.6MB, cuda_reserved=23436.0MB, cuda_peak_alloc=7062.5MB, cuda_free=24531.8MB, cuda_total=48519.1MB
[2026-06-11 17:23:51] Epoch 30 train batch [520/1875] loss=0.0879 avg_loss=0.0790. Resources: rss=2226.7MB, peak_rss=2676.6MB, cuda_alloc=360.6MB, cuda_reserved=28376.0MB, cuda_peak_alloc=7062.5MB, cuda_free=19591.8MB, cuda_total=48519.1MB
[2026-06-11 17:23:55] Epoch 30 train batch [540/1875] loss=0.1129 avg_loss=0.0790. Resources: rss=2226.5MB, peak_rss=2676.6MB, cuda_alloc=360.6MB, cuda_reserved=37796.0MB, cuda_peak_alloc=7062.5MB, cuda_free=10171.8MB, cuda_total=48519.1MB
[2026-06-11 17:23:59] Epoch 30 train batch [560/1875] loss=0.0769 avg_loss=0.0800. Resources: rss=2226.1MB, peak_rss=2676.6MB, cuda_alloc=360.6MB, cuda_reserved=37796.0MB, cuda_peak_alloc=7062.5MB, cuda_free=10171.8MB, cuda_total=48519.1MB
[2026-06-11 17:24:03] Epoch 30 train batch [580/1875] loss=0.0947 avg_loss=0.0797. Resources: rss=2225.9MB, peak_rss=2676.6MB, cuda_alloc=360.6MB, cuda_reserved=37796.0MB, cuda_peak_alloc=7062.5MB, cuda_free=10171.8MB, cuda_total=48519.1MB
[2026-06-11 17:24:08] Epoch 30 train batch [600/1875] loss=0.0352 avg_loss=0.0796. Resources: rss=2225.8MB, peak_rss=2676.6MB, cuda_alloc=360.6MB, cuda_reserved=37796.0MB, cuda_peak_alloc=7062.5MB, cuda_free=10171.8MB, cuda_total=48519.1MB
[2026-06-11 17:24:12] Epoch 30 train batch [620/1875] loss=0.0597 avg_loss=0.0796. Resources: rss=2226.3MB, peak_rss=2676.6MB, cuda_alloc=360.6MB, cuda_reserved=37796.0MB, cuda_peak_alloc=7062.5MB, cuda_free=10171.8MB, cuda_total=48519.1MB
[2026-06-11 17:24:16] Epoch 30 train batch [640/1875] loss=0.0437 avg_loss=0.0796. Resources: rss=2226.0MB, peak_rss=2676.6MB, cuda_alloc=360.6MB, cuda_reserved=37796.0MB, cuda_peak_alloc=7062.5MB, cuda_free=10171.8MB, cuda_total=48519.1MB
[2026-06-11 17:24:20] Epoch 30 train batch [660/1875] loss=0.0455 avg_loss=0.0794. Resources: rss=2226.1MB, peak_rss=2676.6MB, cuda_alloc=360.6MB, cuda_reserved=37796.0MB, cuda_peak_alloc=7062.5MB, cuda_free=10171.8MB, cuda_total=48519.1MB
[2026-06-11 17:24:25] Epoch 30 train batch [680/1875] loss=0.0276 avg_loss=0.0793. Resources: rss=2226.0MB, peak_rss=2676.6MB, cuda_alloc=360.6MB, cuda_reserved=37796.0MB, cuda_peak_alloc=7062.5MB, cuda_free=10171.8MB, cuda_total=48519.1MB
[2026-06-11 17:24:29] Epoch 30 train batch [700/1875] loss=0.0188 avg_loss=0.0793. Resources: rss=2225.7MB, peak_rss=2676.6MB, cuda_alloc=360.6MB, cuda_reserved=37796.0MB, cuda_peak_alloc=7062.5MB, cuda_free=10171.8MB, cuda_total=48519.1MB
[2026-06-11 17:24:33] Epoch 30 train batch [720/1875] loss=0.0682 avg_loss=0.0792. Resources: rss=2226.8MB, peak_rss=2676.6MB, cuda_alloc=360.6MB, cuda_reserved=37796.0MB, cuda_peak_alloc=7062.5MB, cuda_free=10171.8MB, cuda_total=48519.1MB
[2026-06-11 17:24:37] Epoch 30 train batch [740/1875] loss=0.0256 avg_loss=0.0791. Resources: rss=2226.1MB, peak_rss=2676.6MB, cuda_alloc=360.6MB, cuda_reserved=38796.0MB, cuda_peak_alloc=7062.5MB, cuda_free=9171.8MB, cuda_total=48519.1MB
[2026-06-11 17:24:41] Epoch 30 train batch [760/1875] loss=0.0504 avg_loss=0.0787. Resources: rss=2226.2MB, peak_rss=2676.6MB, cuda_alloc=360.6MB, cuda_reserved=38796.0MB, cuda_peak_alloc=7062.5MB, cuda_free=9171.8MB, cuda_total=48519.1MB
[2026-06-11 17:24:45] Epoch 30 train batch [780/1875] loss=0.0446 avg_loss=0.0787. Resources: rss=2225.0MB, peak_rss=2676.6MB, cuda_alloc=360.6MB, cuda_reserved=38796.0MB, cuda_peak_alloc=7062.5MB, cuda_free=9171.8MB, cuda_total=48519.1MB
[2026-06-11 17:24:49] Epoch 30 train batch [800/1875] loss=0.0830 avg_loss=0.0790. Resources: rss=2225.9MB, peak_rss=2676.6MB, cuda_alloc=360.6MB, cuda_reserved=38796.0MB, cuda_peak_alloc=7062.5MB, cuda_free=9171.8MB, cuda_total=48519.1MB
[2026-06-11 17:24:54] Epoch 30 train batch [820/1875] loss=0.1031 avg_loss=0.0792. Resources: rss=2225.8MB, peak_rss=2676.6MB, cuda_alloc=360.6MB, cuda_reserved=38796.0MB, cuda_peak_alloc=7062.5MB, cuda_free=9171.8MB, cuda_total=48519.1MB
[2026-06-11 17:24:58] Epoch 30 train batch [840/1875] loss=0.0170 avg_loss=0.0789. Resources: rss=2226.3MB, peak_rss=2676.6MB, cuda_alloc=351.4MB, cuda_reserved=38796.0MB, cuda_peak_alloc=7062.5MB, cuda_free=9171.8MB, cuda_total=48519.1MB
[2026-06-11 17:25:02] Epoch 30 train batch [860/1875] loss=0.0526 avg_loss=0.0792. Resources: rss=2225.2MB, peak_rss=2676.6MB, cuda_alloc=360.6MB, cuda_reserved=38796.0MB, cuda_peak_alloc=7062.5MB, cuda_free=9171.8MB, cuda_total=48519.1MB
[2026-06-11 17:25:07] Epoch 30 train batch [880/1875] loss=0.0691 avg_loss=0.0791. Resources: rss=2226.2MB, peak_rss=2676.6MB, cuda_alloc=360.6MB, cuda_reserved=38796.0MB, cuda_peak_alloc=7062.5MB, cuda_free=9171.8MB, cuda_total=48519.1MB
[2026-06-11 17:25:11] Epoch 30 train batch [900/1875] loss=0.0444 avg_loss=0.0787. Resources: rss=2225.7MB, peak_rss=2676.6MB, cuda_alloc=360.6MB, cuda_reserved=38796.0MB, cuda_peak_alloc=7062.5MB, cuda_free=9171.8MB, cuda_total=48519.1MB
[2026-06-11 17:25:15] Epoch 30 train batch [920/1875] loss=0.1306 avg_loss=0.0787. Resources: rss=2225.7MB, peak_rss=2676.6MB, cuda_alloc=360.6MB, cuda_reserved=38796.0MB, cuda_peak_alloc=7062.5MB, cuda_free=9171.8MB, cuda_total=48519.1MB
[2026-06-11 17:25:19] Epoch 30 train batch [940/1875] loss=0.0453 avg_loss=0.0788. Resources: rss=2226.4MB, peak_rss=2676.6MB, cuda_alloc=360.6MB, cuda_reserved=38796.0MB, cuda_peak_alloc=7062.6MB, cuda_free=9171.8MB, cuda_total=48519.1MB
[2026-06-11 17:25:23] Epoch 30 train batch [960/1875] loss=0.0200 avg_loss=0.0784. Resources: rss=2225.1MB, peak_rss=2676.6MB, cuda_alloc=360.6MB, cuda_reserved=38796.0MB, cuda_peak_alloc=7062.6MB, cuda_free=9171.8MB, cuda_total=48519.1MB
[2026-06-11 17:25:27] Epoch 30 train batch [980/1875] loss=0.0388 avg_loss=0.0781. Resources: rss=2226.3MB, peak_rss=2676.6MB, cuda_alloc=360.6MB, cuda_reserved=38796.0MB, cuda_peak_alloc=7062.6MB, cuda_free=9171.8MB, cuda_total=48519.1MB
[2026-06-11 17:25:31] Epoch 30 train batch [1000/1875] loss=0.1308 avg_loss=0.0781. Resources: rss=2225.6MB, peak_rss=2676.6MB, cuda_alloc=360.6MB, cuda_reserved=38796.0MB, cuda_peak_alloc=7062.6MB, cuda_free=9171.8MB, cuda_total=48519.1MB
[2026-06-11 17:25:36] Epoch 30 train batch [1020/1875] loss=0.1209 avg_loss=0.0781. Resources: rss=2226.1MB, peak_rss=2676.6MB, cuda_alloc=360.6MB, cuda_reserved=38796.0MB, cuda_peak_alloc=7062.6MB, cuda_free=9171.8MB, cuda_total=48519.1MB
[2026-06-11 17:25:40] Epoch 30 train batch [1040/1875] loss=0.0340 avg_loss=0.0779. Resources: rss=2226.0MB, peak_rss=2676.6MB, cuda_alloc=360.6MB, cuda_reserved=38796.0MB, cuda_peak_alloc=7062.6MB, cuda_free=9171.8MB, cuda_total=48519.1MB
[2026-06-11 17:25:44] Epoch 30 train batch [1060/1875] loss=0.1056 avg_loss=0.0778. Resources: rss=2227.2MB, peak_rss=2676.6MB, cuda_alloc=360.6MB, cuda_reserved=38796.0MB, cuda_peak_alloc=7062.6MB, cuda_free=9171.8MB, cuda_total=48519.1MB
[2026-06-11 17:25:48] Epoch 30 train batch [1080/1875] loss=0.0980 avg_loss=0.0777. Resources: rss=2225.0MB, peak_rss=2676.6MB, cuda_alloc=360.6MB, cuda_reserved=38796.0MB, cuda_peak_alloc=7062.6MB, cuda_free=9171.8MB, cuda_total=48519.1MB
[2026-06-11 17:25:53] Epoch 30 train batch [1100/1875] loss=0.0169 avg_loss=0.0778. Resources: rss=2226.0MB, peak_rss=2676.6MB, cuda_alloc=360.6MB, cuda_reserved=38796.0MB, cuda_peak_alloc=7062.6MB, cuda_free=9171.8MB, cuda_total=48519.1MB
[2026-06-11 17:25:57] Epoch 30 train batch [1120/1875] loss=0.0521 avg_loss=0.0788. Resources: rss=2226.5MB, peak_rss=2676.6MB, cuda_alloc=360.6MB, cuda_reserved=38796.0MB, cuda_peak_alloc=7062.6MB, cuda_free=9171.8MB, cuda_total=48519.1MB
[2026-06-11 17:26:01] Epoch 30 train batch [1140/1875] loss=0.0457 avg_loss=0.0787. Resources: rss=2225.5MB, peak_rss=2676.6MB, cuda_alloc=360.6MB, cuda_reserved=38796.0MB, cuda_peak_alloc=7062.6MB, cuda_free=9171.8MB, cuda_total=48519.1MB
[2026-06-11 17:26:05] Epoch 30 train batch [1160/1875] loss=0.0612 avg_loss=0.0789. Resources: rss=2226.5MB, peak_rss=2676.6MB, cuda_alloc=360.6MB, cuda_reserved=38796.0MB, cuda_peak_alloc=7062.6MB, cuda_free=9171.8MB, cuda_total=48519.1MB
[2026-06-11 17:26:09] Epoch 30 train batch [1180/1875] loss=0.0539 avg_loss=0.0791. Resources: rss=2225.9MB, peak_rss=2676.6MB, cuda_alloc=360.6MB, cuda_reserved=38796.0MB, cuda_peak_alloc=7062.6MB, cuda_free=9171.8MB, cuda_total=48519.1MB
[2026-06-11 17:26:13] Epoch 30 train batch [1200/1875] loss=0.0538 avg_loss=0.0792. Resources: rss=2225.5MB, peak_rss=2676.6MB, cuda_alloc=360.6MB, cuda_reserved=38796.0MB, cuda_peak_alloc=7062.6MB, cuda_free=9171.8MB, cuda_total=48519.1MB
[2026-06-11 17:26:17] Epoch 30 train batch [1220/1875] loss=0.0892 avg_loss=0.0795. Resources: rss=2225.5MB, peak_rss=2676.6MB, cuda_alloc=360.6MB, cuda_reserved=38796.0MB, cuda_peak_alloc=7062.6MB, cuda_free=9171.8MB, cuda_total=48519.1MB
[2026-06-11 17:26:22] Epoch 30 train batch [1240/1875] loss=0.0460 avg_loss=0.0793. Resources: rss=2226.3MB, peak_rss=2676.6MB, cuda_alloc=360.6MB, cuda_reserved=38796.0MB, cuda_peak_alloc=7062.6MB, cuda_free=9171.8MB, cuda_total=48519.1MB
[2026-06-11 17:26:25] Epoch 30 train batch [1260/1875] loss=0.0519 avg_loss=0.0793. Resources: rss=2225.8MB, peak_rss=2676.6MB, cuda_alloc=360.6MB, cuda_reserved=38796.0MB, cuda_peak_alloc=7062.6MB, cuda_free=9171.8MB, cuda_total=48519.1MB
[2026-06-11 17:26:30] Epoch 30 train batch [1280/1875] loss=0.0285 avg_loss=0.0791. Resources: rss=2225.5MB, peak_rss=2676.6MB, cuda_alloc=360.6MB, cuda_reserved=38796.0MB, cuda_peak_alloc=7062.6MB, cuda_free=9171.8MB, cuda_total=48519.1MB
[2026-06-11 17:26:34] Epoch 30 train batch [1300/1875] loss=0.0612 avg_loss=0.0790. Resources: rss=2226.6MB, peak_rss=2676.6MB, cuda_alloc=360.6MB, cuda_reserved=38796.0MB, cuda_peak_alloc=7062.6MB, cuda_free=9171.8MB, cuda_total=48519.1MB
[2026-06-11 17:26:38] Epoch 30 train batch [1320/1875] loss=0.0528 avg_loss=0.0790. Resources: rss=2226.6MB, peak_rss=2676.6MB, cuda_alloc=360.6MB, cuda_reserved=38796.0MB, cuda_peak_alloc=7062.6MB, cuda_free=9171.8MB, cuda_total=48519.1MB
[2026-06-11 17:26:42] Epoch 30 train batch [1340/1875] loss=0.0623 avg_loss=0.0789. Resources: rss=2226.1MB, peak_rss=2676.6MB, cuda_alloc=360.6MB, cuda_reserved=38796.0MB, cuda_peak_alloc=7062.6MB, cuda_free=9171.8MB, cuda_total=48519.1MB
[2026-06-11 17:26:47] Epoch 30 train batch [1360/1875] loss=0.0837 avg_loss=0.0790. Resources: rss=2226.1MB, peak_rss=2676.6MB, cuda_alloc=360.6MB, cuda_reserved=38796.0MB, cuda_peak_alloc=7062.6MB, cuda_free=9171.8MB, cuda_total=48519.1MB
[2026-06-11 17:26:51] Epoch 30 train batch [1380/1875] loss=0.0224 avg_loss=0.0791. Resources: rss=2226.4MB, peak_rss=2676.6MB, cuda_alloc=360.6MB, cuda_reserved=38796.0MB, cuda_peak_alloc=7062.6MB, cuda_free=9171.8MB, cuda_total=48519.1MB
[2026-06-11 17:26:55] Epoch 30 train batch [1400/1875] loss=0.0508 avg_loss=0.0789. Resources: rss=2226.4MB, peak_rss=2676.6MB, cuda_alloc=360.6MB, cuda_reserved=38796.0MB, cuda_peak_alloc=7062.6MB, cuda_free=9171.8MB, cuda_total=48519.1MB
[2026-06-11 17:26:59] Epoch 30 train batch [1420/1875] loss=0.1248 avg_loss=0.0790. Resources: rss=2227.0MB, peak_rss=2676.6MB, cuda_alloc=360.6MB, cuda_reserved=42176.0MB, cuda_peak_alloc=7062.6MB, cuda_free=5791.8MB, cuda_total=48519.1MB
[2026-06-11 17:27:03] Epoch 30 train batch [1440/1875] loss=0.0728 avg_loss=0.0789. Resources: rss=2226.2MB, peak_rss=2676.6MB, cuda_alloc=360.6MB, cuda_reserved=42176.0MB, cuda_peak_alloc=7062.6MB, cuda_free=5791.8MB, cuda_total=48519.1MB
[2026-06-11 17:27:07] Epoch 30 train batch [1460/1875] loss=0.0926 avg_loss=0.0788. Resources: rss=2226.9MB, peak_rss=2676.6MB, cuda_alloc=360.6MB, cuda_reserved=47196.0MB, cuda_peak_alloc=7062.6MB, cuda_free=771.8MB, cuda_total=48519.1MB
[2026-06-11 17:27:12] Epoch 30 train batch [1480/1875] loss=0.0445 avg_loss=0.0786. Resources: rss=2226.8MB, peak_rss=2676.6MB, cuda_alloc=360.6MB, cuda_reserved=47196.0MB, cuda_peak_alloc=7062.6MB, cuda_free=771.8MB, cuda_total=48519.1MB
[2026-06-11 17:27:16] Epoch 30 train batch [1500/1875] loss=0.0778 avg_loss=0.0788. Resources: rss=2226.7MB, peak_rss=2676.6MB, cuda_alloc=360.6MB, cuda_reserved=47196.0MB, cuda_peak_alloc=7062.6MB, cuda_free=771.8MB, cuda_total=48519.1MB
[2026-06-11 17:27:20] Epoch 30 train batch [1520/1875] loss=0.0979 avg_loss=0.0791. Resources: rss=2226.8MB, peak_rss=2676.6MB, cuda_alloc=360.6MB, cuda_reserved=47196.0MB, cuda_peak_alloc=7062.6MB, cuda_free=771.8MB, cuda_total=48519.1MB
[2026-06-11 17:27:24] Epoch 30 train batch [1540/1875] loss=0.1026 avg_loss=0.0790. Resources: rss=2226.7MB, peak_rss=2676.6MB, cuda_alloc=360.6MB, cuda_reserved=47196.0MB, cuda_peak_alloc=7062.6MB, cuda_free=771.8MB, cuda_total=48519.1MB
[2026-06-11 17:27:28] Epoch 30 train batch [1560/1875] loss=0.0939 avg_loss=0.0787. Resources: rss=2225.8MB, peak_rss=2676.6MB, cuda_alloc=360.6MB, cuda_reserved=47196.0MB, cuda_peak_alloc=7062.6MB, cuda_free=771.8MB, cuda_total=48519.1MB
[2026-06-11 17:27:33] Epoch 30 train batch [1580/1875] loss=0.0973 avg_loss=0.0788. Resources: rss=2227.1MB, peak_rss=2676.6MB, cuda_alloc=360.6MB, cuda_reserved=47196.0MB, cuda_peak_alloc=7062.6MB, cuda_free=771.8MB, cuda_total=48519.1MB
[2026-06-11 17:27:37] Epoch 30 train batch [1600/1875] loss=0.0846 avg_loss=0.0786. Resources: rss=2227.2MB, peak_rss=2676.6MB, cuda_alloc=360.6MB, cuda_reserved=47196.0MB, cuda_peak_alloc=7062.6MB, cuda_free=771.8MB, cuda_total=48519.1MB
[2026-06-11 17:27:41] Epoch 30 train batch [1620/1875] loss=0.0493 avg_loss=0.0786. Resources: rss=2226.7MB, peak_rss=2676.6MB, cuda_alloc=360.6MB, cuda_reserved=47196.0MB, cuda_peak_alloc=7062.6MB, cuda_free=771.8MB, cuda_total=48519.1MB
[2026-06-11 17:27:45] Epoch 30 train batch [1640/1875] loss=0.0812 avg_loss=0.0786. Resources: rss=2226.3MB, peak_rss=2676.6MB, cuda_alloc=360.6MB, cuda_reserved=47196.0MB, cuda_peak_alloc=7062.6MB, cuda_free=771.8MB, cuda_total=48519.1MB
[2026-06-11 17:27:49] Epoch 30 train batch [1660/1875] loss=0.0596 avg_loss=0.0785. Resources: rss=2226.6MB, peak_rss=2676.6MB, cuda_alloc=360.6MB, cuda_reserved=47196.0MB, cuda_peak_alloc=7062.6MB, cuda_free=771.8MB, cuda_total=48519.1MB
[2026-06-11 17:27:53] Epoch 30 train batch [1680/1875] loss=0.0545 avg_loss=0.0785. Resources: rss=2227.7MB, peak_rss=2676.6MB, cuda_alloc=360.6MB, cuda_reserved=47196.0MB, cuda_peak_alloc=7062.6MB, cuda_free=771.8MB, cuda_total=48519.1MB
[2026-06-11 17:27:58] Epoch 30 train batch [1700/1875] loss=0.0713 avg_loss=0.0786. Resources: rss=2226.3MB, peak_rss=2676.6MB, cuda_alloc=360.6MB, cuda_reserved=47196.0MB, cuda_peak_alloc=7062.6MB, cuda_free=771.8MB, cuda_total=48519.1MB
[2026-06-11 17:28:02] Epoch 30 train batch [1720/1875] loss=0.0521 avg_loss=0.0787. Resources: rss=2226.6MB, peak_rss=2676.6MB, cuda_alloc=360.6MB, cuda_reserved=47196.0MB, cuda_peak_alloc=7062.6MB, cuda_free=771.8MB, cuda_total=48519.1MB
[2026-06-11 17:28:06] Epoch 30 train batch [1740/1875] loss=0.0460 avg_loss=0.0786. Resources: rss=2229.1MB, peak_rss=2676.6MB, cuda_alloc=360.6MB, cuda_reserved=47196.0MB, cuda_peak_alloc=7062.6MB, cuda_free=771.8MB, cuda_total=48519.1MB
[2026-06-11 17:28:11] Epoch 30 train batch [1760/1875] loss=0.0358 avg_loss=0.0787. Resources: rss=2228.9MB, peak_rss=2676.6MB, cuda_alloc=360.6MB, cuda_reserved=47196.0MB, cuda_peak_alloc=7062.6MB, cuda_free=771.8MB, cuda_total=48519.1MB
[2026-06-11 17:28:15] Epoch 30 train batch [1780/1875] loss=0.0378 avg_loss=0.0788. Resources: rss=2228.5MB, peak_rss=2676.6MB, cuda_alloc=360.6MB, cuda_reserved=47196.0MB, cuda_peak_alloc=7062.6MB, cuda_free=771.8MB, cuda_total=48519.1MB
[2026-06-11 17:28:19] Epoch 30 train batch [1800/1875] loss=0.0655 avg_loss=0.0790. Resources: rss=2229.0MB, peak_rss=2676.6MB, cuda_alloc=360.6MB, cuda_reserved=47196.0MB, cuda_peak_alloc=7062.6MB, cuda_free=771.8MB, cuda_total=48519.1MB
[2026-06-11 17:28:23] Epoch 30 train batch [1820/1875] loss=0.0931 avg_loss=0.0789. Resources: rss=2229.5MB, peak_rss=2676.6MB, cuda_alloc=360.6MB, cuda_reserved=47196.0MB, cuda_peak_alloc=7062.6MB, cuda_free=771.8MB, cuda_total=48519.1MB
[2026-06-11 17:28:27] Epoch 30 train batch [1840/1875] loss=0.0909 avg_loss=0.0788. Resources: rss=2229.4MB, peak_rss=2676.6MB, cuda_alloc=360.6MB, cuda_reserved=47196.0MB, cuda_peak_alloc=7062.6MB, cuda_free=771.8MB, cuda_total=48519.1MB
[2026-06-11 17:28:31] Epoch 30 train batch [1860/1875] loss=0.0455 avg_loss=0.0788. Resources: rss=2229.5MB, peak_rss=2676.6MB, cuda_alloc=360.6MB, cuda_reserved=47196.0MB, cuda_peak_alloc=7062.6MB, cuda_free=771.8MB, cuda_total=48519.1MB
[2026-06-11 17:28:34] Epoch 30 train batch [1875/1875] loss=0.2029 avg_loss=0.0788. Resources: rss=2228.3MB, peak_rss=2676.6MB, cuda_alloc=360.6MB, cuda_reserved=47196.0MB, cuda_peak_alloc=7062.6MB, cuda_free=771.8MB, cuda_total=48519.1MB
[2026-06-11 17:28:34] Epoch 30 training completed. Resources: rss=2220.9MB, peak_rss=2676.6MB, cuda_alloc=360.6MB, cuda_reserved=47196.0MB, cuda_peak_alloc=7062.6MB, cuda_free=771.8MB, cuda_total=48519.1MB
[2026-06-11 17:28:35] Epoch 30 cache released before validation loss. Resources: rss=2220.3MB, peak_rss=2676.6MB, cuda_alloc=360.6MB, cuda_reserved=498.0MB, cuda_peak_alloc=360.6MB, cuda_free=47469.8MB, cuda_total=48519.1MB
[2026-06-11 17:29:06] Epoch 30 validation loss completed: 0.5792. Resources: rss=2220.3MB, peak_rss=2676.6MB, cuda_alloc=360.6MB, cuda_reserved=5766.0MB, cuda_peak_alloc=2034.0MB, cuda_free=42201.8MB, cuda_total=48519.1MB
[2026-06-11 17:29:06] Epoch 30 cache released before detection metrics. Resources: rss=2219.2MB, peak_rss=2676.6MB, cuda_alloc=360.6MB, cuda_reserved=498.0MB, cuda_peak_alloc=360.6MB, cuda_free=47469.8MB, cuda_total=48519.1MB
[2026-06-11 17:29:37] Epoch 30 prediction tensors moved to CPU. Computing metrics. Resources: rss=2218.8MB, peak_rss=2676.6MB, cuda_alloc=360.6MB, cuda_reserved=498.0MB, cuda_peak_alloc=360.6MB, cuda_free=47469.8MB, cuda_total=48519.1MB
[2026-06-11 17:29:37] Epoch 30 metrics computed (mAP@0.5 only). Saving artifacts. Resources: rss=2219.8MB, peak_rss=2676.6MB, cuda_alloc=360.6MB, cuda_reserved=498.0MB, cuda_peak_alloc=360.6MB, cuda_free=47469.8MB, cuda_total=48519.1MB
[2026-06-11 17:29:37] Epoch 30 did not improve mAP@0.5 enough. Early stopping counter: 10/10.
Epoch [30/50]
├── Train Loss : 0.0788
│   ├── loss_classifier  : 0.0385
│   ├── loss_box_reg     : 0.0402
│   ├── loss_objectness  : 0.0000
│   └── loss_rpn_box_reg : 0.0000
├── Val Loss   : 0.5792
├── mAP@0.5    : 0.7691
├── mAP@0.75   : n/a
├── mAP@0.5:0.95 : n/a
├── Precision  : 0.1364
├── Recall     : 0.9010
├── GT Boxes   : 2021
├── Predictions: 13347
├── Per-class AP
│   ├── person  : AP50=0.8249, AP75=n/a, AP50:95=n/a, P=0.1941, R=0.9153
│   ├── car     : AP50=0.7786, AP75=n/a, AP50:95=n/a, P=0.1147, R=0.9187
│   ├── dog     : AP50=0.8280, AP75=n/a, AP50:95=n/a, P=0.1235, R=0.9126
│   ├── cat     : AP50=0.9008, AP75=n/a, AP50:95=n/a, P=0.1454, R=0.9602
│   └── chair   : AP50=0.5133, AP75=n/a, AP50:95=n/a, P=0.0663, R=0.7837
├── LR         : 0.000408
└── Time       : 458.7s
[2026-06-11 17:29:37] Early stopping triggered at epoch 30. Best mAP@0.5=0.7713.
[2026-06-11 17:29:37] Epoch [30/50] completed. Resources: rss=2219.1MB, peak_rss=2676.6MB, cuda_alloc=360.6MB, cuda_reserved=498.0MB, cuda_peak_alloc=360.6MB, cuda_free=47469.8MB, cuda_total=48519.1MB
[2026-06-11 17:29:44] Training session completed.
