========== Training Session ==========
Started: 20260608-174004
Run name: retina-resnet101-fullagment-oversampling-chairx2.5-640x896
Device: cuda:0
CUDA: NVIDIA GeForce RTX 4090 (47.38 GB)
Torch: 2.7.1+cu126
Classes: person, car, dog, cat, chair
Train dataset: 7500 images, 10642 boxes, 2500 empty images
Val dataset: 1500 images, 2021 boxes, 500 empty images
Train class counts: {'dog': 1028, 'person': 5829, 'chair': 1613, 'cat': 833, 'car': 1339}
Val class counts: {'dog': 206, 'chair': 282, 'person': 1074, 'car': 283, 'cat': 176}
Resume: disabled
Sampling: strategy=class_small_balanced, class=chair, factor=2.5, target_images=754/7500, small_object_images=644, weight_range=[0.500, 9.920]
Model: retina resnet101 (49,182,491/50,627,419 trainable/total params)
Hyperparameters
├── Training
│   ├── epochs             : 100
│   ├── batch_size         : 4
│   ├── num_workers        : 0
│   ├── augmentation       : True
│   ├── flip_probability   : 0.5
│   ├── color_probability  : 0.2
│   ├── grayscale_prob     : 0.03
│   ├── scale_jitter_prob  : 0.4
│   ├── scale_jitter_range : [0.9, 1.15]
│   ├── safe_crop_prob     : 0.1
│   ├── safe_crop_scale    : 0.75
│   ├── safe_crop_visible  : 0.5
│   ├── blur_probability   : 0.08
│   ├── blur_kernel_size   : 5
│   ├── noise_probability  : 0.08
│   ├── noise_std          : 0.02
│   ├── sampler_strategy   : class_small_balanced
│   ├── small_object_boost : 1.5
│   ├── empty_image_weight : 0.5
│   ├── oversample_class   : chair
│   └── oversample_factor  : 2.5
├── Optimizer
│   ├── lr                 : 0.001
│   ├── momentum           : 0.9
│   ├── weight_decay       : 0.001
│   └── grad_clip_norm     : 10.0
├── LR Scheduler
│   ├── type               : plateau
│   ├── milestones         : [15, 25]
│   ├── gamma              : 0.1
│   ├── min_lr             : 1e-05
│   ├── plateau_patience   : 5
│   └── plateau_factor     : 0.5
├── Model
│   ├── implementation     : retina
│   ├── backbone           : resnet101
│   ├── trainable_layers   : 2
│   ├── pretrained_backbone: True
│   ├── roi_dropout        : 0.2
│   ├── retina_topk       : 1000
│   ├── retina_max_det    : 300
│   ├── min_size           : 640
│   ├── max_size           : 896
│   ├── anchor_sizes       : model_default
│   ├── anchor_ratios      : model_default
│   ├── train_pre_nms_top_n : 2000
│   ├── train_post_nms_top_n: 2000
│   ├── test_pre_nms_top_n  : 1000
│   ├── test_post_nms_top_n : 1000
│   └── fixed_batch_shape   : False
├── Validation
│   ├── score_threshold    : 0.05
│   ├── eval_max_images    : all
│   └── full_coco_interval : disabled
├── Early Stopping
│   ├── enabled            : True
│   ├── patience           : 10
│   └── min_delta          : 0.001
└── Logging
    ├── log_interval       : 20
    ├── empty_cache_interval: disabled
    └── use_wandb          : True
Saved results dir: saved_results/retina-resnet101-fullagment-oversampling-chairx2.5-640x896
Checkpoint dir: saved_results/retina-resnet101-fullagment-oversampling-chairx2.5-640x896/checkpoints
Best checkpoint: saved_results/retina-resnet101-fullagment-oversampling-chairx2.5-640x896/checkpoints/best_model-20260608-174004.pth
Last checkpoint: saved_results/retina-resnet101-fullagment-oversampling-chairx2.5-640x896/checkpoints/last_model-20260608-174004.pth
Log dir: saved_results/retina-resnet101-fullagment-oversampling-chairx2.5-640x896/logs
=====================================
[2026-06-08 17:40:04] Training session initialized.
[2026-06-08 17:40:06] Epoch [01/100] started. Resources: rss=914.1MB, peak_rss=961.6MB, cuda_alloc=193.6MB, cuda_reserved=194.0MB, cuda_peak_alloc=193.6MB, cuda_free=47847.7MB, cuda_total=48519.1MB
[2026-06-08 17:40:15] Epoch 01 train batch [20/1875] loss=1.7636 avg_loss=1.7625. Resources: rss=1841.1MB, peak_rss=1855.6MB, cuda_alloc=568.8MB, cuda_reserved=19300.0MB, cuda_peak_alloc=7501.9MB, cuda_free=28669.7MB, cuda_total=48519.1MB
[2026-06-08 17:40:24] Epoch 01 train batch [40/1875] loss=1.7648 avg_loss=1.7415. Resources: rss=1571.6MB, peak_rss=1855.6MB, cuda_alloc=568.8MB, cuda_reserved=36918.0MB, cuda_peak_alloc=7502.3MB, cuda_free=11051.7MB, cuda_total=48519.1MB
[2026-06-08 17:40:30] Epoch 01 train batch [60/1875] loss=1.6436 avg_loss=1.7297. Resources: rss=1553.0MB, peak_rss=1855.6MB, cuda_alloc=568.8MB, cuda_reserved=24260.0MB, cuda_peak_alloc=7502.8MB, cuda_free=23709.7MB, cuda_total=48519.1MB
[2026-06-08 17:40:37] Epoch 01 train batch [80/1875] loss=2.0034 avg_loss=1.7300. Resources: rss=1591.2MB, peak_rss=1855.6MB, cuda_alloc=568.8MB, cuda_reserved=28118.0MB, cuda_peak_alloc=7502.8MB, cuda_free=19851.7MB, cuda_total=48519.1MB
[2026-06-08 17:40:42] Epoch 01 train batch [100/1875] loss=1.6985 avg_loss=1.7278. Resources: rss=1556.5MB, peak_rss=1855.6MB, cuda_alloc=568.8MB, cuda_reserved=43260.0MB, cuda_peak_alloc=7503.5MB, cuda_free=4709.7MB, cuda_total=48519.1MB
[2026-06-08 17:40:47] Epoch 01 train batch [120/1875] loss=1.6670 avg_loss=1.7196. Resources: rss=1566.0MB, peak_rss=1855.6MB, cuda_alloc=568.8MB, cuda_reserved=31520.0MB, cuda_peak_alloc=7503.5MB, cuda_free=16449.7MB, cuda_total=48519.1MB
[2026-06-08 17:40:52] Epoch 01 train batch [140/1875] loss=1.6130 avg_loss=1.7166. Resources: rss=1512.1MB, peak_rss=1855.6MB, cuda_alloc=568.8MB, cuda_reserved=31520.0MB, cuda_peak_alloc=7503.5MB, cuda_free=16449.7MB, cuda_total=48519.1MB
[2026-06-08 17:40:57] Epoch 01 train batch [160/1875] loss=1.7042 avg_loss=1.7069. Resources: rss=1504.6MB, peak_rss=1855.6MB, cuda_alloc=568.8MB, cuda_reserved=40820.0MB, cuda_peak_alloc=7503.5MB, cuda_free=7149.7MB, cuda_total=48519.1MB
[2026-06-08 17:41:01] Epoch 01 train batch [180/1875] loss=1.5366 avg_loss=1.7013. Resources: rss=1440.3MB, peak_rss=1855.6MB, cuda_alloc=568.8MB, cuda_reserved=40820.0MB, cuda_peak_alloc=7503.5MB, cuda_free=7149.7MB, cuda_total=48519.1MB
[2026-06-08 17:41:06] Epoch 01 train batch [200/1875] loss=1.6089 avg_loss=1.6967. Resources: rss=1443.2MB, peak_rss=1855.6MB, cuda_alloc=568.8MB, cuda_reserved=41020.0MB, cuda_peak_alloc=7503.5MB, cuda_free=6949.7MB, cuda_total=48519.1MB
[2026-06-08 17:41:11] Epoch 01 train batch [220/1875] loss=1.6847 avg_loss=1.6916. Resources: rss=1405.4MB, peak_rss=1855.6MB, cuda_alloc=568.8MB, cuda_reserved=41020.0MB, cuda_peak_alloc=7503.5MB, cuda_free=6949.7MB, cuda_total=48519.1MB
[2026-06-08 17:41:16] Epoch 01 train batch [240/1875] loss=1.5939 avg_loss=1.6859. Resources: rss=1456.4MB, peak_rss=1855.6MB, cuda_alloc=568.8MB, cuda_reserved=30578.0MB, cuda_peak_alloc=7503.5MB, cuda_free=17391.7MB, cuda_total=48519.1MB
[2026-06-08 17:41:22] Epoch 01 train batch [260/1875] loss=1.4670 avg_loss=1.6776. Resources: rss=1411.5MB, peak_rss=1855.6MB, cuda_alloc=568.8MB, cuda_reserved=27878.0MB, cuda_peak_alloc=7503.5MB, cuda_free=20091.7MB, cuda_total=48519.1MB
[2026-06-08 17:41:27] Epoch 01 train batch [280/1875] loss=1.4908 avg_loss=1.6662. Resources: rss=1372.1MB, peak_rss=1855.6MB, cuda_alloc=568.8MB, cuda_reserved=45720.0MB, cuda_peak_alloc=7503.5MB, cuda_free=2249.7MB, cuda_total=48519.1MB
[2026-06-08 17:41:33] Epoch 01 train batch [300/1875] loss=1.2417 avg_loss=1.6539. Resources: rss=1412.9MB, peak_rss=1855.6MB, cuda_alloc=568.8MB, cuda_reserved=30458.0MB, cuda_peak_alloc=7503.5MB, cuda_free=17511.7MB, cuda_total=48519.1MB
[2026-06-08 17:41:37] Epoch 01 train batch [320/1875] loss=1.2024 avg_loss=1.6352. Resources: rss=1382.8MB, peak_rss=1855.6MB, cuda_alloc=568.8MB, cuda_reserved=35540.0MB, cuda_peak_alloc=7503.5MB, cuda_free=12429.7MB, cuda_total=48519.1MB
[2026-06-08 17:41:42] Epoch 01 train batch [340/1875] loss=1.2655 avg_loss=1.6138. Resources: rss=1404.8MB, peak_rss=1855.6MB, cuda_alloc=568.8MB, cuda_reserved=39700.0MB, cuda_peak_alloc=7503.5MB, cuda_free=8269.7MB, cuda_total=48519.1MB
[2026-06-08 17:41:46] Epoch 01 train batch [360/1875] loss=1.2688 avg_loss=1.5935. Resources: rss=1387.1MB, peak_rss=1855.6MB, cuda_alloc=568.8MB, cuda_reserved=43900.0MB, cuda_peak_alloc=7503.5MB, cuda_free=4069.7MB, cuda_total=48519.1MB
[2026-06-08 17:41:53] Epoch 01 train batch [380/1875] loss=1.2487 avg_loss=1.5748. Resources: rss=1350.4MB, peak_rss=1855.6MB, cuda_alloc=568.8MB, cuda_reserved=10960.0MB, cuda_peak_alloc=7503.5MB, cuda_free=37009.7MB, cuda_total=48519.1MB
[2026-06-08 17:42:00] Epoch 01 train batch [400/1875] loss=1.3960 avg_loss=1.5597. Resources: rss=1339.3MB, peak_rss=1855.6MB, cuda_alloc=568.8MB, cuda_reserved=16440.0MB, cuda_peak_alloc=7503.5MB, cuda_free=31529.7MB, cuda_total=48519.1MB
[2026-06-08 17:42:05] Epoch 01 train batch [420/1875] loss=1.3388 avg_loss=1.5417. Resources: rss=1291.5MB, peak_rss=1855.6MB, cuda_alloc=568.8MB, cuda_reserved=42198.0MB, cuda_peak_alloc=7503.5MB, cuda_free=5771.7MB, cuda_total=48519.1MB
[2026-06-08 17:42:11] Epoch 01 train batch [440/1875] loss=1.1871 avg_loss=1.5244. Resources: rss=1291.2MB, peak_rss=1855.6MB, cuda_alloc=568.8MB, cuda_reserved=44980.0MB, cuda_peak_alloc=7503.5MB, cuda_free=2989.7MB, cuda_total=48519.1MB
[2026-06-08 17:42:17] Epoch 01 train batch [460/1875] loss=1.3667 avg_loss=1.5142. Resources: rss=1265.6MB, peak_rss=1855.6MB, cuda_alloc=568.8MB, cuda_reserved=47720.0MB, cuda_peak_alloc=7503.5MB, cuda_free=249.7MB, cuda_total=48519.1MB
[2026-06-08 17:42:24] Epoch 01 train batch [480/1875] loss=1.2862 avg_loss=1.5014. Resources: rss=1275.5MB, peak_rss=1855.6MB, cuda_alloc=568.8MB, cuda_reserved=30518.0MB, cuda_peak_alloc=7503.5MB, cuda_free=17451.7MB, cuda_total=48519.1MB
[2026-06-08 17:42:28] Epoch 01 train batch [500/1875] loss=1.3206 avg_loss=1.4894. Resources: rss=1284.4MB, peak_rss=1855.6MB, cuda_alloc=568.8MB, cuda_reserved=32760.0MB, cuda_peak_alloc=7503.5MB, cuda_free=15209.7MB, cuda_total=48519.1MB
[2026-06-08 17:42:35] Epoch 01 train batch [520/1875] loss=1.1587 avg_loss=1.4762. Resources: rss=1270.3MB, peak_rss=1855.6MB, cuda_alloc=568.8MB, cuda_reserved=9778.0MB, cuda_peak_alloc=7503.5MB, cuda_free=38191.7MB, cuda_total=48519.1MB
[2026-06-08 17:42:40] Epoch 01 train batch [540/1875] loss=1.1429 avg_loss=1.4639. Resources: rss=1261.5MB, peak_rss=1855.6MB, cuda_alloc=568.8MB, cuda_reserved=32640.0MB, cuda_peak_alloc=7503.5MB, cuda_free=15329.7MB, cuda_total=48519.1MB
[2026-06-08 17:42:44] Epoch 01 train batch [560/1875] loss=1.1885 avg_loss=1.4530. Resources: rss=1245.2MB, peak_rss=1855.6MB, cuda_alloc=568.8MB, cuda_reserved=32640.0MB, cuda_peak_alloc=7503.5MB, cuda_free=15329.7MB, cuda_total=48519.1MB
[2026-06-08 17:42:49] Epoch 01 train batch [580/1875] loss=0.9628 avg_loss=1.4417. Resources: rss=1283.9MB, peak_rss=1855.6MB, cuda_alloc=568.8MB, cuda_reserved=34800.0MB, cuda_peak_alloc=7503.5MB, cuda_free=13169.7MB, cuda_total=48519.1MB
[2026-06-08 17:42:53] Epoch 01 train batch [600/1875] loss=1.0941 avg_loss=1.4319. Resources: rss=1282.6MB, peak_rss=1855.6MB, cuda_alloc=568.8MB, cuda_reserved=34800.0MB, cuda_peak_alloc=7503.5MB, cuda_free=13169.7MB, cuda_total=48519.1MB
[2026-06-08 17:42:58] Epoch 01 train batch [620/1875] loss=1.4529 avg_loss=1.4208. Resources: rss=1283.3MB, peak_rss=1855.6MB, cuda_alloc=568.8MB, cuda_reserved=38520.0MB, cuda_peak_alloc=7503.5MB, cuda_free=9449.7MB, cuda_total=48519.1MB
[2026-06-08 17:43:03] Epoch 01 train batch [640/1875] loss=0.8001 avg_loss=1.4112. Resources: rss=1286.7MB, peak_rss=1855.6MB, cuda_alloc=568.8MB, cuda_reserved=38520.0MB, cuda_peak_alloc=7503.5MB, cuda_free=9449.7MB, cuda_total=48519.1MB
[2026-06-08 17:43:07] Epoch 01 train batch [660/1875] loss=1.1609 avg_loss=1.4025. Resources: rss=1286.2MB, peak_rss=1855.6MB, cuda_alloc=568.8MB, cuda_reserved=38520.0MB, cuda_peak_alloc=7503.5MB, cuda_free=9449.7MB, cuda_total=48519.1MB
[2026-06-08 17:43:12] Epoch 01 train batch [680/1875] loss=1.1307 avg_loss=1.3965. Resources: rss=1251.3MB, peak_rss=1855.6MB, cuda_alloc=568.8MB, cuda_reserved=40580.0MB, cuda_peak_alloc=7503.5MB, cuda_free=7389.7MB, cuda_total=48519.1MB
[2026-06-08 17:43:16] Epoch 01 train batch [700/1875] loss=1.1218 avg_loss=1.3887. Resources: rss=1250.4MB, peak_rss=1855.6MB, cuda_alloc=568.8MB, cuda_reserved=40920.0MB, cuda_peak_alloc=7503.5MB, cuda_free=7049.7MB, cuda_total=48519.1MB
[2026-06-08 17:43:20] Epoch 01 train batch [720/1875] loss=0.9521 avg_loss=1.3795. Resources: rss=1288.0MB, peak_rss=1855.6MB, cuda_alloc=568.8MB, cuda_reserved=40920.0MB, cuda_peak_alloc=7503.5MB, cuda_free=7049.7MB, cuda_total=48519.1MB
[2026-06-08 17:43:25] Epoch 01 train batch [740/1875] loss=0.9932 avg_loss=1.3716. Resources: rss=1286.3MB, peak_rss=1855.6MB, cuda_alloc=568.8MB, cuda_reserved=40920.0MB, cuda_peak_alloc=7503.5MB, cuda_free=7049.7MB, cuda_total=48519.1MB
[2026-06-08 17:43:29] Epoch 01 train batch [760/1875] loss=1.0637 avg_loss=1.3644. Resources: rss=1290.4MB, peak_rss=1855.6MB, cuda_alloc=568.8MB, cuda_reserved=40920.0MB, cuda_peak_alloc=7503.5MB, cuda_free=7049.7MB, cuda_total=48519.1MB
[2026-06-08 17:43:34] Epoch 01 train batch [780/1875] loss=0.9691 avg_loss=1.3571. Resources: rss=1289.2MB, peak_rss=1855.6MB, cuda_alloc=568.8MB, cuda_reserved=40920.0MB, cuda_peak_alloc=7503.5MB, cuda_free=7049.7MB, cuda_total=48519.1MB
[2026-06-08 17:43:39] Epoch 01 train batch [800/1875] loss=0.9290 avg_loss=1.3510. Resources: rss=1284.3MB, peak_rss=1855.6MB, cuda_alloc=568.8MB, cuda_reserved=40920.0MB, cuda_peak_alloc=7503.5MB, cuda_free=7049.7MB, cuda_total=48519.1MB
[2026-06-08 17:43:45] Epoch 01 train batch [820/1875] loss=1.2331 avg_loss=1.3446. Resources: rss=1211.4MB, peak_rss=1855.6MB, cuda_alloc=568.8MB, cuda_reserved=17498.0MB, cuda_peak_alloc=7503.5MB, cuda_free=30471.7MB, cuda_total=48519.1MB
[2026-06-08 17:43:52] Epoch 01 train batch [840/1875] loss=1.0148 avg_loss=1.3378. Resources: rss=1229.9MB, peak_rss=1855.6MB, cuda_alloc=568.8MB, cuda_reserved=8360.0MB, cuda_peak_alloc=7503.5MB, cuda_free=39609.7MB, cuda_total=48519.1MB
[2026-06-08 17:43:57] Epoch 01 train batch [860/1875] loss=0.9396 avg_loss=1.3317. Resources: rss=1132.8MB, peak_rss=1855.6MB, cuda_alloc=568.8MB, cuda_reserved=47480.0MB, cuda_peak_alloc=7503.5MB, cuda_free=489.7MB, cuda_total=48519.1MB
[2026-06-08 17:44:04] Epoch 01 train batch [880/1875] loss=1.0445 avg_loss=1.3258. Resources: rss=1008.3MB, peak_rss=1855.6MB, cuda_alloc=568.8MB, cuda_reserved=13620.0MB, cuda_peak_alloc=7503.5MB, cuda_free=34349.7MB, cuda_total=48519.1MB
[2026-06-08 17:44:10] Epoch 01 train batch [900/1875] loss=1.1686 avg_loss=1.3189. Resources: rss=942.8MB, peak_rss=1855.6MB, cuda_alloc=568.8MB, cuda_reserved=47680.0MB, cuda_peak_alloc=7503.5MB, cuda_free=289.7MB, cuda_total=48519.1MB
[2026-06-08 17:44:18] Epoch 01 train batch [920/1875] loss=1.1276 avg_loss=1.3129. Resources: rss=942.5MB, peak_rss=1855.6MB, cuda_alloc=568.8MB, cuda_reserved=35138.0MB, cuda_peak_alloc=7503.8MB, cuda_free=12831.7MB, cuda_total=48519.1MB
[2026-06-08 17:44:24] Epoch 01 train batch [940/1875] loss=1.0330 avg_loss=1.3058. Resources: rss=942.5MB, peak_rss=1855.6MB, cuda_alloc=568.8MB, cuda_reserved=21460.0MB, cuda_peak_alloc=7503.8MB, cuda_free=26509.7MB, cuda_total=48519.1MB
[2026-06-08 17:44:30] Epoch 01 train batch [960/1875] loss=1.0062 avg_loss=1.3007. Resources: rss=943.8MB, peak_rss=1855.6MB, cuda_alloc=568.8MB, cuda_reserved=32780.0MB, cuda_peak_alloc=7503.8MB, cuda_free=15189.7MB, cuda_total=48519.1MB
[2026-06-08 17:44:36] Epoch 01 train batch [980/1875] loss=1.1093 avg_loss=1.2944. Resources: rss=944.3MB, peak_rss=1855.6MB, cuda_alloc=568.8MB, cuda_reserved=24878.0MB, cuda_peak_alloc=7503.8MB, cuda_free=23091.7MB, cuda_total=48519.1MB
[2026-06-08 17:44:44] Epoch 01 train batch [1000/1875] loss=0.8926 avg_loss=1.2890. Resources: rss=942.5MB, peak_rss=1855.6MB, cuda_alloc=568.8MB, cuda_reserved=21860.0MB, cuda_peak_alloc=7503.8MB, cuda_free=26109.7MB, cuda_total=48519.1MB
[2026-06-08 17:44:49] Epoch 01 train batch [1020/1875] loss=1.1107 avg_loss=1.2840. Resources: rss=942.3MB, peak_rss=1855.6MB, cuda_alloc=568.8MB, cuda_reserved=47080.0MB, cuda_peak_alloc=7503.8MB, cuda_free=889.7MB, cuda_total=48519.1MB
[2026-06-08 17:44:55] Epoch 01 train batch [1040/1875] loss=0.8259 avg_loss=1.2783. Resources: rss=937.7MB, peak_rss=1855.6MB, cuda_alloc=568.8MB, cuda_reserved=46540.0MB, cuda_peak_alloc=7503.8MB, cuda_free=1429.7MB, cuda_total=48519.1MB
[2026-06-08 17:45:00] Epoch 01 train batch [1060/1875] loss=0.9305 avg_loss=1.2727. Resources: rss=916.0MB, peak_rss=1855.6MB, cuda_alloc=568.8MB, cuda_reserved=35140.0MB, cuda_peak_alloc=7503.8MB, cuda_free=12829.7MB, cuda_total=48519.1MB
[2026-06-08 17:45:06] Epoch 01 train batch [1080/1875] loss=1.0792 avg_loss=1.2676. Resources: rss=893.2MB, peak_rss=1855.6MB, cuda_alloc=568.8MB, cuda_reserved=18680.0MB, cuda_peak_alloc=7503.8MB, cuda_free=29289.7MB, cuda_total=48519.1MB
[2026-06-08 17:45:12] Epoch 01 train batch [1100/1875] loss=0.9365 avg_loss=1.2628. Resources: rss=877.5MB, peak_rss=1855.6MB, cuda_alloc=568.8MB, cuda_reserved=44720.0MB, cuda_peak_alloc=7503.8MB, cuda_free=3249.7MB, cuda_total=48519.1MB
[2026-06-08 17:45:17] Epoch 01 train batch [1120/1875] loss=0.8094 avg_loss=1.2576. Resources: rss=877.7MB, peak_rss=1855.6MB, cuda_alloc=568.8MB, cuda_reserved=46840.0MB, cuda_peak_alloc=7503.8MB, cuda_free=1129.7MB, cuda_total=48519.1MB
[2026-06-08 17:45:23] Epoch 01 train batch [1140/1875] loss=0.9694 avg_loss=1.2533. Resources: rss=801.5MB, peak_rss=1855.6MB, cuda_alloc=568.8MB, cuda_reserved=32700.0MB, cuda_peak_alloc=7503.8MB, cuda_free=15269.7MB, cuda_total=48519.1MB
[2026-06-08 17:45:30] Epoch 01 train batch [1160/1875] loss=1.0218 avg_loss=1.2483. Resources: rss=742.5MB, peak_rss=1855.6MB, cuda_alloc=568.8MB, cuda_reserved=45218.0MB, cuda_peak_alloc=7504.2MB, cuda_free=2751.7MB, cuda_total=48519.1MB
[2026-06-08 17:45:37] Epoch 01 train batch [1180/1875] loss=0.9196 avg_loss=1.2434. Resources: rss=714.7MB, peak_rss=1855.6MB, cuda_alloc=568.8MB, cuda_reserved=24100.0MB, cuda_peak_alloc=7504.2MB, cuda_free=23869.7MB, cuda_total=48519.1MB
[2026-06-08 17:45:43] Epoch 01 train batch [1200/1875] loss=1.2451 avg_loss=1.2396. Resources: rss=645.0MB, peak_rss=1855.6MB, cuda_alloc=568.8MB, cuda_reserved=22378.0MB, cuda_peak_alloc=7504.2MB, cuda_free=25591.7MB, cuda_total=48519.1MB
[2026-06-08 17:45:48] Epoch 01 train batch [1220/1875] loss=0.8878 avg_loss=1.2354. Resources: rss=626.2MB, peak_rss=1855.6MB, cuda_alloc=568.8MB, cuda_reserved=46320.0MB, cuda_peak_alloc=7504.2MB, cuda_free=1649.7MB, cuda_total=48519.1MB
[2026-06-08 17:45:55] Epoch 01 train batch [1240/1875] loss=0.8754 avg_loss=1.2305. Resources: rss=616.6MB, peak_rss=1855.6MB, cuda_alloc=568.8MB, cuda_reserved=33040.0MB, cuda_peak_alloc=7504.2MB, cuda_free=14929.7MB, cuda_total=48519.1MB
[2026-06-08 17:46:01] Epoch 01 train batch [1260/1875] loss=0.8681 avg_loss=1.2256. Resources: rss=533.6MB, peak_rss=1855.6MB, cuda_alloc=568.8MB, cuda_reserved=7838.0MB, cuda_peak_alloc=7504.2MB, cuda_free=40131.7MB, cuda_total=48519.1MB
[2026-06-08 17:46:08] Epoch 01 train batch [1280/1875] loss=0.8035 avg_loss=1.2216. Resources: rss=508.6MB, peak_rss=1855.6MB, cuda_alloc=568.8MB, cuda_reserved=14200.0MB, cuda_peak_alloc=7504.2MB, cuda_free=33769.7MB, cuda_total=48519.1MB
[2026-06-08 17:46:12] Epoch 01 train batch [1300/1875] loss=0.8903 avg_loss=1.2177. Resources: rss=484.6MB, peak_rss=1855.6MB, cuda_alloc=568.8MB, cuda_reserved=43020.0MB, cuda_peak_alloc=7504.2MB, cuda_free=4949.7MB, cuda_total=48519.1MB
[2026-06-08 17:46:17] Epoch 01 train batch [1320/1875] loss=0.7911 avg_loss=1.2131. Resources: rss=462.5MB, peak_rss=1855.6MB, cuda_alloc=568.8MB, cuda_reserved=43340.0MB, cuda_peak_alloc=7504.2MB, cuda_free=4629.7MB, cuda_total=48519.1MB
[2026-06-08 17:46:22] Epoch 01 train batch [1340/1875] loss=0.7954 avg_loss=1.2095. Resources: rss=472.2MB, peak_rss=1855.6MB, cuda_alloc=568.8MB, cuda_reserved=38680.0MB, cuda_peak_alloc=7504.2MB, cuda_free=9289.7MB, cuda_total=48519.1MB
[2026-06-08 17:46:28] Epoch 01 train batch [1360/1875] loss=0.8579 avg_loss=1.2054. Resources: rss=471.7MB, peak_rss=1855.6MB, cuda_alloc=568.8MB, cuda_reserved=11578.0MB, cuda_peak_alloc=7504.2MB, cuda_free=36391.7MB, cuda_total=48519.1MB
[2026-06-08 17:46:34] Epoch 01 train batch [1380/1875] loss=0.8154 avg_loss=1.2014. Resources: rss=456.7MB, peak_rss=1855.6MB, cuda_alloc=568.8MB, cuda_reserved=27398.0MB, cuda_peak_alloc=7504.2MB, cuda_free=20571.7MB, cuda_total=48519.1MB
[2026-06-08 17:46:41] Epoch 01 train batch [1400/1875] loss=1.0017 avg_loss=1.1975. Resources: rss=449.3MB, peak_rss=1855.6MB, cuda_alloc=568.8MB, cuda_reserved=43378.0MB, cuda_peak_alloc=7504.2MB, cuda_free=4591.7MB, cuda_total=48519.1MB
[2026-06-08 17:46:47] Epoch 01 train batch [1420/1875] loss=0.8837 avg_loss=1.1940. Resources: rss=457.4MB, peak_rss=1855.6MB, cuda_alloc=568.8MB, cuda_reserved=26598.0MB, cuda_peak_alloc=7504.2MB, cuda_free=21371.7MB, cuda_total=48519.1MB
[2026-06-08 17:46:53] Epoch 01 train batch [1440/1875] loss=0.8904 avg_loss=1.1900. Resources: rss=427.8MB, peak_rss=1855.6MB, cuda_alloc=568.8MB, cuda_reserved=41398.0MB, cuda_peak_alloc=7504.2MB, cuda_free=6571.7MB, cuda_total=48519.1MB
[2026-06-08 17:46:57] Epoch 01 train batch [1460/1875] loss=0.9202 avg_loss=1.1862. Resources: rss=428.3MB, peak_rss=1855.6MB, cuda_alloc=568.8MB, cuda_reserved=47380.0MB, cuda_peak_alloc=7504.2MB, cuda_free=589.7MB, cuda_total=48519.1MB
[2026-06-08 17:47:05] Epoch 01 train batch [1480/1875] loss=0.8398 avg_loss=1.1830. Resources: rss=411.1MB, peak_rss=1855.6MB, cuda_alloc=568.8MB, cuda_reserved=11518.0MB, cuda_peak_alloc=7504.2MB, cuda_free=36451.7MB, cuda_total=48519.1MB
[2026-06-08 17:47:09] Epoch 01 train batch [1500/1875] loss=0.7972 avg_loss=1.1789. Resources: rss=411.1MB, peak_rss=1855.6MB, cuda_alloc=568.8MB, cuda_reserved=41998.0MB, cuda_peak_alloc=7504.2MB, cuda_free=5971.7MB, cuda_total=48519.1MB
[2026-06-08 17:47:15] Epoch 01 train batch [1520/1875] loss=0.8825 avg_loss=1.1758. Resources: rss=411.8MB, peak_rss=1855.6MB, cuda_alloc=568.8MB, cuda_reserved=34138.0MB, cuda_peak_alloc=7504.2MB, cuda_free=13831.7MB, cuda_total=48519.1MB
[2026-06-08 17:47:21] Epoch 01 train batch [1540/1875] loss=0.8242 avg_loss=1.1724. Resources: rss=411.6MB, peak_rss=1855.6MB, cuda_alloc=568.8MB, cuda_reserved=23478.0MB, cuda_peak_alloc=7504.2MB, cuda_free=24491.7MB, cuda_total=48519.1MB
[2026-06-08 17:47:26] Epoch 01 train batch [1560/1875] loss=1.0384 avg_loss=1.1692. Resources: rss=356.2MB, peak_rss=1855.6MB, cuda_alloc=568.8MB, cuda_reserved=36440.0MB, cuda_peak_alloc=7504.2MB, cuda_free=11529.7MB, cuda_total=48519.1MB
[2026-06-08 17:47:32] Epoch 01 train batch [1580/1875] loss=0.9521 avg_loss=1.1656. Resources: rss=384.8MB, peak_rss=1855.6MB, cuda_alloc=568.8MB, cuda_reserved=30758.0MB, cuda_peak_alloc=7504.2MB, cuda_free=17211.7MB, cuda_total=48519.1MB
[2026-06-08 17:47:38] Epoch 01 train batch [1600/1875] loss=1.0287 avg_loss=1.1627. Resources: rss=379.3MB, peak_rss=1855.6MB, cuda_alloc=568.8MB, cuda_reserved=11900.0MB, cuda_peak_alloc=7504.2MB, cuda_free=36069.7MB, cuda_total=48519.1MB
[2026-06-08 17:47:44] Epoch 01 train batch [1620/1875] loss=0.9047 avg_loss=1.1596. Resources: rss=370.8MB, peak_rss=1855.6MB, cuda_alloc=568.8MB, cuda_reserved=43400.0MB, cuda_peak_alloc=7504.2MB, cuda_free=4569.7MB, cuda_total=48519.1MB
[2026-06-08 17:47:50] Epoch 01 train batch [1640/1875] loss=0.9707 avg_loss=1.1564. Resources: rss=365.8MB, peak_rss=1855.6MB, cuda_alloc=568.8MB, cuda_reserved=35018.0MB, cuda_peak_alloc=7504.2MB, cuda_free=12951.7MB, cuda_total=48519.1MB
[2026-06-08 17:47:55] Epoch 01 train batch [1660/1875] loss=0.9075 avg_loss=1.1528. Resources: rss=364.5MB, peak_rss=1855.6MB, cuda_alloc=568.8MB, cuda_reserved=43300.0MB, cuda_peak_alloc=7504.2MB, cuda_free=4669.7MB, cuda_total=48519.1MB
[2026-06-08 17:47:59] Epoch 01 train batch [1680/1875] loss=0.8542 avg_loss=1.1497. Resources: rss=369.0MB, peak_rss=1855.6MB, cuda_alloc=568.8MB, cuda_reserved=43300.0MB, cuda_peak_alloc=7504.2MB, cuda_free=4669.7MB, cuda_total=48519.1MB
[2026-06-08 17:48:04] Epoch 01 train batch [1700/1875] loss=0.8344 avg_loss=1.1471. Resources: rss=352.3MB, peak_rss=1855.6MB, cuda_alloc=568.8MB, cuda_reserved=43300.0MB, cuda_peak_alloc=7504.2MB, cuda_free=4669.7MB, cuda_total=48519.1MB
[2026-06-08 17:48:09] Epoch 01 train batch [1720/1875] loss=1.0818 avg_loss=1.1439. Resources: rss=360.6MB, peak_rss=1855.6MB, cuda_alloc=568.8MB, cuda_reserved=43378.0MB, cuda_peak_alloc=7504.2MB, cuda_free=4591.7MB, cuda_total=48519.1MB
[2026-06-08 17:48:14] Epoch 01 train batch [1740/1875] loss=0.8187 avg_loss=1.1408. Resources: rss=364.7MB, peak_rss=1855.6MB, cuda_alloc=568.8MB, cuda_reserved=20960.0MB, cuda_peak_alloc=7504.2MB, cuda_free=27009.7MB, cuda_total=48519.1MB
[2026-06-08 17:48:20] Epoch 01 train batch [1760/1875] loss=0.8199 avg_loss=1.1377. Resources: rss=365.5MB, peak_rss=1855.6MB, cuda_alloc=568.8MB, cuda_reserved=43420.0MB, cuda_peak_alloc=7504.2MB, cuda_free=4549.7MB, cuda_total=48519.1MB
[2026-06-08 17:48:25] Epoch 01 train batch [1780/1875] loss=0.9657 avg_loss=1.1339. Resources: rss=366.5MB, peak_rss=1855.6MB, cuda_alloc=568.8MB, cuda_reserved=47860.0MB, cuda_peak_alloc=7504.2MB, cuda_free=109.7MB, cuda_total=48519.1MB
[2026-06-08 17:48:31] Epoch 01 train batch [1800/1875] loss=0.6089 avg_loss=1.1301. Resources: rss=369.0MB, peak_rss=1855.6MB, cuda_alloc=568.8MB, cuda_reserved=28240.0MB, cuda_peak_alloc=7504.2MB, cuda_free=19729.7MB, cuda_total=48519.1MB
[2026-06-08 17:48:37] Epoch 01 train batch [1820/1875] loss=0.7557 avg_loss=1.1266. Resources: rss=334.7MB, peak_rss=1855.6MB, cuda_alloc=568.8MB, cuda_reserved=38080.0MB, cuda_peak_alloc=7504.2MB, cuda_free=9889.7MB, cuda_total=48519.1MB
[2026-06-08 17:48:44] Epoch 01 train batch [1840/1875] loss=0.9021 avg_loss=1.1231. Resources: rss=367.7MB, peak_rss=1855.6MB, cuda_alloc=568.8MB, cuda_reserved=27618.0MB, cuda_peak_alloc=7504.2MB, cuda_free=20351.7MB, cuda_total=48519.1MB
[2026-06-08 17:48:48] Epoch 01 train batch [1860/1875] loss=1.2491 avg_loss=1.1202. Resources: rss=341.7MB, peak_rss=1855.6MB, cuda_alloc=568.8MB, cuda_reserved=37998.0MB, cuda_peak_alloc=7504.2MB, cuda_free=9971.7MB, cuda_total=48519.1MB
[2026-06-08 17:48:53] Epoch 01 train batch [1875/1875] loss=0.6928 avg_loss=1.1179. Resources: rss=368.7MB, peak_rss=1855.6MB, cuda_alloc=568.8MB, cuda_reserved=37178.0MB, cuda_peak_alloc=7504.2MB, cuda_free=10791.7MB, cuda_total=48519.1MB
[2026-06-08 17:48:53] Epoch 01 training completed. Resources: rss=369.0MB, peak_rss=1855.6MB, cuda_alloc=568.8MB, cuda_reserved=37178.0MB, cuda_peak_alloc=7504.2MB, cuda_free=10791.7MB, cuda_total=48519.1MB
[2026-06-08 17:48:55] Epoch 01 cache released before validation loss. Resources: rss=436.9MB, peak_rss=1855.6MB, cuda_alloc=568.8MB, cuda_reserved=734.0MB, cuda_peak_alloc=568.8MB, cuda_free=47235.7MB, cuda_total=48519.1MB
[2026-06-08 17:49:29] Epoch 01 validation loss completed: 0.8419. Resources: rss=493.9MB, peak_rss=1855.6MB, cuda_alloc=568.8MB, cuda_reserved=5118.0MB, cuda_peak_alloc=2028.3MB, cuda_free=42851.7MB, cuda_total=48519.1MB
[2026-06-08 17:49:29] Epoch 01 cache released before detection metrics. Resources: rss=437.0MB, peak_rss=1855.6MB, cuda_alloc=568.8MB, cuda_reserved=734.0MB, cuda_peak_alloc=568.8MB, cuda_free=47235.7MB, cuda_total=48519.1MB
[2026-06-08 17:50:07] Epoch 01 prediction tensors moved to CPU. Computing metrics. Resources: rss=612.0MB, peak_rss=1855.6MB, cuda_alloc=568.8MB, cuda_reserved=734.0MB, cuda_peak_alloc=568.8MB, cuda_free=47233.7MB, cuda_total=48519.1MB
[2026-06-08 17:50:07] Epoch 01 metrics computed (mAP@0.5 only). Saving artifacts. Resources: rss=628.0MB, peak_rss=1855.6MB, cuda_alloc=568.8MB, cuda_reserved=734.0MB, cuda_peak_alloc=568.8MB, cuda_free=47233.7MB, cuda_total=48519.1MB
[2026-06-08 17:50:08] Epoch 01 improved mAP@0.5 to 0.0600. Saved best checkpoint: best_model-20260608-174004.pth. Resources: rss=1386.7MB, peak_rss=1855.6MB, cuda_alloc=568.8MB, cuda_reserved=734.0MB, cuda_peak_alloc=568.8MB, cuda_free=47233.7MB, cuda_total=48519.1MB
Epoch [01/100]
├── Train Loss : 1.1179
│   ├── loss_classifier  : 0.6741
│   ├── loss_box_reg     : 0.4438
│   ├── loss_objectness  : 0.0000
│   └── loss_rpn_box_reg : 0.0000
├── Val Loss   : 0.8419
├── mAP@0.5    : 0.0600
├── mAP@0.75   : n/a
├── mAP@0.5:0.95 : n/a
├── Precision  : 0.0108
├── Recall     : 0.8862
├── GT Boxes   : 2021
├── Predictions: 165618
├── Per-class AP
│   ├── person  : AP50=0.1169, AP75=n/a, AP50:95=n/a, P=0.0190, R=0.8864
│   ├── car     : AP50=0.0380, AP75=n/a, AP50:95=n/a, P=0.0103, R=0.8940
│   ├── dog     : AP50=0.0574, AP75=n/a, AP50:95=n/a, P=0.0076, R=0.9175
│   ├── cat     : AP50=0.0501, AP75=n/a, AP50:95=n/a, P=0.0061, R=0.9148
│   └── chair   : AP50=0.0377, AP75=n/a, AP50:95=n/a, P=0.0059, R=0.8369
├── LR         : 0.001000
└── Time       : 601.2s
[2026-06-08 17:50:08] Epoch [01/100] completed. Resources: rss=619.9MB, peak_rss=1855.6MB, cuda_alloc=568.8MB, cuda_reserved=734.0MB, cuda_peak_alloc=568.8MB, cuda_free=47233.7MB, cuda_total=48519.1MB
[2026-06-08 17:50:08] Epoch [02/100] started. Resources: rss=619.9MB, peak_rss=1855.6MB, cuda_alloc=568.8MB, cuda_reserved=734.0MB, cuda_peak_alloc=568.8MB, cuda_free=47233.7MB, cuda_total=48519.1MB
[2026-06-08 17:50:14] Epoch 02 train batch [20/1875] loss=0.8851 avg_loss=0.7886. Resources: rss=649.0MB, peak_rss=1855.6MB, cuda_alloc=568.8MB, cuda_reserved=35758.0MB, cuda_peak_alloc=7503.0MB, cuda_free=12209.7MB, cuda_total=48519.1MB
[2026-06-08 17:50:19] Epoch 02 train batch [40/1875] loss=0.7208 avg_loss=0.7955. Resources: rss=685.2MB, peak_rss=1855.6MB, cuda_alloc=568.8MB, cuda_reserved=35760.0MB, cuda_peak_alloc=7503.0MB, cuda_free=12207.7MB, cuda_total=48519.1MB
[2026-06-08 17:50:24] Epoch 02 train batch [60/1875] loss=0.9083 avg_loss=0.7812. Resources: rss=686.8MB, peak_rss=1855.6MB, cuda_alloc=568.8MB, cuda_reserved=8358.0MB, cuda_peak_alloc=7503.0MB, cuda_free=39609.7MB, cuda_total=48519.1MB
[2026-06-08 17:50:30] Epoch 02 train batch [80/1875] loss=0.7288 avg_loss=0.7892. Resources: rss=655.2MB, peak_rss=1855.6MB, cuda_alloc=568.8MB, cuda_reserved=37800.0MB, cuda_peak_alloc=7503.0MB, cuda_free=10167.7MB, cuda_total=48519.1MB
[2026-06-08 17:50:35] Epoch 02 train batch [100/1875] loss=0.7580 avg_loss=0.7948. Resources: rss=647.0MB, peak_rss=1855.6MB, cuda_alloc=568.8MB, cuda_reserved=8478.0MB, cuda_peak_alloc=7503.0MB, cuda_free=39489.7MB, cuda_total=48519.1MB
[2026-06-08 17:50:41] Epoch 02 train batch [120/1875] loss=0.8158 avg_loss=0.8008. Resources: rss=647.9MB, peak_rss=1855.6MB, cuda_alloc=568.8MB, cuda_reserved=42738.0MB, cuda_peak_alloc=7503.0MB, cuda_free=5229.7MB, cuda_total=48519.1MB
[2026-06-08 17:50:48] Epoch 02 train batch [140/1875] loss=0.8519 avg_loss=0.8019. Resources: rss=666.2MB, peak_rss=1855.6MB, cuda_alloc=568.8MB, cuda_reserved=30618.0MB, cuda_peak_alloc=7503.0MB, cuda_free=17349.7MB, cuda_total=48519.1MB
[2026-06-08 17:50:53] Epoch 02 train batch [160/1875] loss=0.7277 avg_loss=0.7971. Resources: rss=638.5MB, peak_rss=1855.6MB, cuda_alloc=568.8MB, cuda_reserved=34640.0MB, cuda_peak_alloc=7503.0MB, cuda_free=13327.7MB, cuda_total=48519.1MB
[2026-06-08 17:50:59] Epoch 02 train batch [180/1875] loss=0.7375 avg_loss=0.8017. Resources: rss=660.9MB, peak_rss=1855.6MB, cuda_alloc=568.8MB, cuda_reserved=8200.0MB, cuda_peak_alloc=7503.0MB, cuda_free=39767.7MB, cuda_total=48519.1MB
[2026-06-08 17:51:05] Epoch 02 train batch [200/1875] loss=0.6600 avg_loss=0.7996. Resources: rss=620.9MB, peak_rss=1855.6MB, cuda_alloc=568.8MB, cuda_reserved=36320.0MB, cuda_peak_alloc=7503.0MB, cuda_free=11647.7MB, cuda_total=48519.1MB
[2026-06-08 17:51:09] Epoch 02 train batch [220/1875] loss=0.7210 avg_loss=0.7978. Resources: rss=632.2MB, peak_rss=1855.6MB, cuda_alloc=568.8MB, cuda_reserved=36320.0MB, cuda_peak_alloc=7503.0MB, cuda_free=11647.7MB, cuda_total=48519.1MB
[2026-06-08 17:51:14] Epoch 02 train batch [240/1875] loss=0.7677 avg_loss=0.7965. Resources: rss=648.6MB, peak_rss=1855.6MB, cuda_alloc=568.8MB, cuda_reserved=37580.0MB, cuda_peak_alloc=7503.0MB, cuda_free=10387.7MB, cuda_total=48519.1MB
[2026-06-08 17:51:20] Epoch 02 train batch [260/1875] loss=0.9479 avg_loss=0.7945. Resources: rss=664.3MB, peak_rss=1855.6MB, cuda_alloc=568.8MB, cuda_reserved=36160.0MB, cuda_peak_alloc=7503.3MB, cuda_free=11807.7MB, cuda_total=48519.1MB
[2026-06-08 17:51:25] Epoch 02 train batch [280/1875] loss=0.7705 avg_loss=0.7905. Resources: rss=661.4MB, peak_rss=1855.6MB, cuda_alloc=568.8MB, cuda_reserved=47340.0MB, cuda_peak_alloc=7503.3MB, cuda_free=627.7MB, cuda_total=48519.1MB
[2026-06-08 17:51:29] Epoch 02 train batch [300/1875] loss=1.0891 avg_loss=0.7916. Resources: rss=617.4MB, peak_rss=1855.6MB, cuda_alloc=568.8MB, cuda_reserved=47340.0MB, cuda_peak_alloc=7503.3MB, cuda_free=627.7MB, cuda_total=48519.1MB
[2026-06-08 17:51:34] Epoch 02 train batch [320/1875] loss=0.7555 avg_loss=0.7903. Resources: rss=632.4MB, peak_rss=1855.6MB, cuda_alloc=568.8MB, cuda_reserved=47340.0MB, cuda_peak_alloc=7503.3MB, cuda_free=627.7MB, cuda_total=48519.1MB
[2026-06-08 17:51:40] Epoch 02 train batch [340/1875] loss=0.8038 avg_loss=0.7868. Resources: rss=632.6MB, peak_rss=1855.6MB, cuda_alloc=568.8MB, cuda_reserved=28560.0MB, cuda_peak_alloc=7503.3MB, cuda_free=19407.7MB, cuda_total=48519.1MB
[2026-06-08 17:51:45] Epoch 02 train batch [360/1875] loss=0.7504 avg_loss=0.7841. Resources: rss=667.0MB, peak_rss=1855.6MB, cuda_alloc=568.8MB, cuda_reserved=39680.0MB, cuda_peak_alloc=7503.3MB, cuda_free=8287.7MB, cuda_total=48519.1MB
[2026-06-08 17:51:50] Epoch 02 train batch [380/1875] loss=0.7145 avg_loss=0.7801. Resources: rss=661.2MB, peak_rss=1855.6MB, cuda_alloc=568.8MB, cuda_reserved=45800.0MB, cuda_peak_alloc=7503.3MB, cuda_free=2167.7MB, cuda_total=48519.1MB
[2026-06-08 17:51:54] Epoch 02 train batch [400/1875] loss=0.6716 avg_loss=0.7774. Resources: rss=654.1MB, peak_rss=1855.6MB, cuda_alloc=568.8MB, cuda_reserved=45800.0MB, cuda_peak_alloc=7503.3MB, cuda_free=2167.7MB, cuda_total=48519.1MB
[2026-06-08 17:51:59] Epoch 02 train batch [420/1875] loss=0.7970 avg_loss=0.7750. Resources: rss=651.0MB, peak_rss=1855.6MB, cuda_alloc=568.8MB, cuda_reserved=45800.0MB, cuda_peak_alloc=7503.3MB, cuda_free=2167.7MB, cuda_total=48519.1MB
[2026-06-08 17:52:03] Epoch 02 train batch [440/1875] loss=0.7208 avg_loss=0.7746. Resources: rss=647.8MB, peak_rss=1855.6MB, cuda_alloc=568.8MB, cuda_reserved=45800.0MB, cuda_peak_alloc=7503.3MB, cuda_free=2167.7MB, cuda_total=48519.1MB
[2026-06-08 17:52:08] Epoch 02 train batch [460/1875] loss=0.6582 avg_loss=0.7727. Resources: rss=631.8MB, peak_rss=1855.6MB, cuda_alloc=568.8MB, cuda_reserved=45800.0MB, cuda_peak_alloc=7503.3MB, cuda_free=2167.7MB, cuda_total=48519.1MB
[2026-06-08 17:52:14] Epoch 02 train batch [480/1875] loss=0.7810 avg_loss=0.7731. Resources: rss=627.7MB, peak_rss=1855.6MB, cuda_alloc=568.8MB, cuda_reserved=21120.0MB, cuda_peak_alloc=7503.3MB, cuda_free=26847.7MB, cuda_total=48519.1MB
[2026-06-08 17:52:20] Epoch 02 train batch [500/1875] loss=0.7573 avg_loss=0.7727. Resources: rss=613.6MB, peak_rss=1855.6MB, cuda_alloc=568.8MB, cuda_reserved=19318.0MB, cuda_peak_alloc=7503.3MB, cuda_free=28649.7MB, cuda_total=48519.1MB
[2026-06-08 17:52:25] Epoch 02 train batch [520/1875] loss=0.7475 avg_loss=0.7713. Resources: rss=628.1MB, peak_rss=1855.6MB, cuda_alloc=568.8MB, cuda_reserved=24618.0MB, cuda_peak_alloc=7503.3MB, cuda_free=23349.7MB, cuda_total=48519.1MB
[2026-06-08 17:52:30] Epoch 02 train batch [540/1875] loss=0.7000 avg_loss=0.7691. Resources: rss=632.2MB, peak_rss=1855.6MB, cuda_alloc=568.8MB, cuda_reserved=39620.0MB, cuda_peak_alloc=7503.3MB, cuda_free=8347.7MB, cuda_total=48519.1MB
[2026-06-08 17:52:35] Epoch 02 train batch [560/1875] loss=0.6037 avg_loss=0.7686. Resources: rss=603.1MB, peak_rss=1855.6MB, cuda_alloc=568.8MB, cuda_reserved=27560.0MB, cuda_peak_alloc=7503.3MB, cuda_free=20407.7MB, cuda_total=48519.1MB
[2026-06-08 17:52:40] Epoch 02 train batch [580/1875] loss=0.7133 avg_loss=0.7674. Resources: rss=653.8MB, peak_rss=1855.6MB, cuda_alloc=568.8MB, cuda_reserved=39180.0MB, cuda_peak_alloc=7503.3MB, cuda_free=8787.7MB, cuda_total=48519.1MB
[2026-06-08 17:52:46] Epoch 02 train batch [600/1875] loss=0.6971 avg_loss=0.7667. Resources: rss=629.3MB, peak_rss=1855.6MB, cuda_alloc=568.8MB, cuda_reserved=47938.0MB, cuda_peak_alloc=7503.3MB, cuda_free=29.7MB, cuda_total=48519.1MB
[2026-06-08 17:52:53] Epoch 02 train batch [620/1875] loss=0.6141 avg_loss=0.7645. Resources: rss=656.1MB, peak_rss=1855.6MB, cuda_alloc=568.8MB, cuda_reserved=36558.0MB, cuda_peak_alloc=7503.3MB, cuda_free=11409.7MB, cuda_total=48519.1MB
[2026-06-08 17:52:59] Epoch 02 train batch [640/1875] loss=0.7283 avg_loss=0.7630. Resources: rss=636.7MB, peak_rss=1855.6MB, cuda_alloc=568.8MB, cuda_reserved=6098.0MB, cuda_peak_alloc=7503.3MB, cuda_free=41869.7MB, cuda_total=48519.1MB
[2026-06-08 17:53:06] Epoch 02 train batch [660/1875] loss=0.8637 avg_loss=0.7624. Resources: rss=617.9MB, peak_rss=1855.6MB, cuda_alloc=568.8MB, cuda_reserved=21020.0MB, cuda_peak_alloc=7503.3MB, cuda_free=26947.7MB, cuda_total=48519.1MB
[2026-06-08 17:53:12] Epoch 02 train batch [680/1875] loss=0.7312 avg_loss=0.7608. Resources: rss=651.6MB, peak_rss=1855.6MB, cuda_alloc=568.8MB, cuda_reserved=22058.0MB, cuda_peak_alloc=7503.3MB, cuda_free=25909.7MB, cuda_total=48519.1MB
[2026-06-08 17:53:18] Epoch 02 train batch [700/1875] loss=0.7767 avg_loss=0.7593. Resources: rss=656.9MB, peak_rss=1855.6MB, cuda_alloc=568.8MB, cuda_reserved=10440.0MB, cuda_peak_alloc=7503.3MB, cuda_free=37527.7MB, cuda_total=48519.1MB
[2026-06-08 17:53:25] Epoch 02 train batch [720/1875] loss=0.7130 avg_loss=0.7583. Resources: rss=652.6MB, peak_rss=1855.6MB, cuda_alloc=568.8MB, cuda_reserved=6138.0MB, cuda_peak_alloc=7503.3MB, cuda_free=41829.7MB, cuda_total=48519.1MB
[2026-06-08 17:53:30] Epoch 02 train batch [740/1875] loss=0.8059 avg_loss=0.7561. Resources: rss=655.1MB, peak_rss=1855.6MB, cuda_alloc=568.8MB, cuda_reserved=37518.0MB, cuda_peak_alloc=7503.3MB, cuda_free=10449.7MB, cuda_total=48519.1MB
[2026-06-08 17:53:34] Epoch 02 train batch [760/1875] loss=0.6575 avg_loss=0.7548. Resources: rss=653.0MB, peak_rss=1855.6MB, cuda_alloc=568.8MB, cuda_reserved=44260.0MB, cuda_peak_alloc=7503.3MB, cuda_free=3707.7MB, cuda_total=48519.1MB
[2026-06-08 17:53:40] Epoch 02 train batch [780/1875] loss=0.7251 avg_loss=0.7536. Resources: rss=656.2MB, peak_rss=1855.6MB, cuda_alloc=568.8MB, cuda_reserved=7918.0MB, cuda_peak_alloc=7503.3MB, cuda_free=40049.7MB, cuda_total=48519.1MB
[2026-06-08 17:53:46] Epoch 02 train batch [800/1875] loss=0.5755 avg_loss=0.7527. Resources: rss=652.1MB, peak_rss=1855.6MB, cuda_alloc=568.8MB, cuda_reserved=14118.0MB, cuda_peak_alloc=7503.3MB, cuda_free=33849.7MB, cuda_total=48519.1MB
[2026-06-08 17:53:52] Epoch 02 train batch [820/1875] loss=0.9136 avg_loss=0.7526. Resources: rss=658.3MB, peak_rss=1855.6MB, cuda_alloc=568.8MB, cuda_reserved=26358.0MB, cuda_peak_alloc=7503.3MB, cuda_free=21609.7MB, cuda_total=48519.1MB
[2026-06-08 17:53:58] Epoch 02 train batch [840/1875] loss=0.5839 avg_loss=0.7512. Resources: rss=657.9MB, peak_rss=1855.6MB, cuda_alloc=568.8MB, cuda_reserved=37618.0MB, cuda_peak_alloc=7503.3MB, cuda_free=10349.7MB, cuda_total=48519.1MB
[2026-06-08 17:54:03] Epoch 02 train batch [860/1875] loss=0.8018 avg_loss=0.7503. Resources: rss=657.9MB, peak_rss=1855.6MB, cuda_alloc=568.8MB, cuda_reserved=8318.0MB, cuda_peak_alloc=7503.3MB, cuda_free=39649.7MB, cuda_total=48519.1MB
[2026-06-08 17:54:10] Epoch 02 train batch [880/1875] loss=0.7236 avg_loss=0.7491. Resources: rss=662.6MB, peak_rss=1855.6MB, cuda_alloc=568.8MB, cuda_reserved=5998.0MB, cuda_peak_alloc=7503.3MB, cuda_free=41969.7MB, cuda_total=48519.1MB
[2026-06-08 17:54:15] Epoch 02 train batch [900/1875] loss=0.6517 avg_loss=0.7483. Resources: rss=651.3MB, peak_rss=1855.6MB, cuda_alloc=568.8MB, cuda_reserved=30780.0MB, cuda_peak_alloc=7503.3MB, cuda_free=17187.7MB, cuda_total=48519.1MB
[2026-06-08 17:54:20] Epoch 02 train batch [920/1875] loss=0.6200 avg_loss=0.7467. Resources: rss=653.3MB, peak_rss=1855.6MB, cuda_alloc=568.8MB, cuda_reserved=44740.0MB, cuda_peak_alloc=7503.3MB, cuda_free=3227.7MB, cuda_total=48519.1MB
[2026-06-08 17:54:25] Epoch 02 train batch [940/1875] loss=0.5983 avg_loss=0.7453. Resources: rss=632.1MB, peak_rss=1855.6MB, cuda_alloc=568.8MB, cuda_reserved=44740.0MB, cuda_peak_alloc=7503.3MB, cuda_free=3227.7MB, cuda_total=48519.1MB
[2026-06-08 17:54:30] Epoch 02 train batch [960/1875] loss=0.6994 avg_loss=0.7440. Resources: rss=657.3MB, peak_rss=1855.6MB, cuda_alloc=568.8MB, cuda_reserved=40620.0MB, cuda_peak_alloc=7503.3MB, cuda_free=7347.7MB, cuda_total=48519.1MB
[2026-06-08 17:54:36] Epoch 02 train batch [980/1875] loss=0.7627 avg_loss=0.7436. Resources: rss=655.2MB, peak_rss=1855.6MB, cuda_alloc=568.8MB, cuda_reserved=14780.0MB, cuda_peak_alloc=7503.3MB, cuda_free=33187.7MB, cuda_total=48519.1MB
[2026-06-08 17:54:42] Epoch 02 train batch [1000/1875] loss=0.6513 avg_loss=0.7417. Resources: rss=618.5MB, peak_rss=1855.6MB, cuda_alloc=568.8MB, cuda_reserved=47640.0MB, cuda_peak_alloc=7503.3MB, cuda_free=327.7MB, cuda_total=48519.1MB
[2026-06-08 17:54:47] Epoch 02 train batch [1020/1875] loss=0.7357 avg_loss=0.7401. Resources: rss=655.4MB, peak_rss=1855.6MB, cuda_alloc=568.8MB, cuda_reserved=41680.0MB, cuda_peak_alloc=7503.3MB, cuda_free=6287.7MB, cuda_total=48519.1MB
[2026-06-08 17:54:54] Epoch 02 train batch [1040/1875] loss=0.6899 avg_loss=0.7388. Resources: rss=650.7MB, peak_rss=1855.6MB, cuda_alloc=568.8MB, cuda_reserved=7978.0MB, cuda_peak_alloc=7503.7MB, cuda_free=39989.7MB, cuda_total=48519.1MB
[2026-06-08 17:55:00] Epoch 02 train batch [1060/1875] loss=0.8581 avg_loss=0.7382. Resources: rss=659.8MB, peak_rss=1855.6MB, cuda_alloc=568.8MB, cuda_reserved=14018.0MB, cuda_peak_alloc=7503.7MB, cuda_free=33949.7MB, cuda_total=48519.1MB
[2026-06-08 17:55:04] Epoch 02 train batch [1080/1875] loss=0.7490 avg_loss=0.7368. Resources: rss=659.3MB, peak_rss=1855.6MB, cuda_alloc=568.8MB, cuda_reserved=37280.0MB, cuda_peak_alloc=7503.7MB, cuda_free=10687.7MB, cuda_total=48519.1MB
[2026-06-08 17:55:09] Epoch 02 train batch [1100/1875] loss=0.5847 avg_loss=0.7361. Resources: rss=652.3MB, peak_rss=1855.6MB, cuda_alloc=568.8MB, cuda_reserved=37720.0MB, cuda_peak_alloc=7503.7MB, cuda_free=10247.7MB, cuda_total=48519.1MB
[2026-06-08 17:55:13] Epoch 02 train batch [1120/1875] loss=0.7995 avg_loss=0.7345. Resources: rss=661.0MB, peak_rss=1855.6MB, cuda_alloc=568.8MB, cuda_reserved=44160.0MB, cuda_peak_alloc=7503.7MB, cuda_free=3807.7MB, cuda_total=48519.1MB
[2026-06-08 17:55:18] Epoch 02 train batch [1140/1875] loss=0.7139 avg_loss=0.7332. Resources: rss=657.3MB, peak_rss=1855.6MB, cuda_alloc=568.8MB, cuda_reserved=44160.0MB, cuda_peak_alloc=7503.7MB, cuda_free=3807.7MB, cuda_total=48519.1MB
[2026-06-08 17:55:24] Epoch 02 train batch [1160/1875] loss=0.6162 avg_loss=0.7320. Resources: rss=645.2MB, peak_rss=1855.6MB, cuda_alloc=568.8MB, cuda_reserved=8858.0MB, cuda_peak_alloc=7503.7MB, cuda_free=39109.7MB, cuda_total=48519.1MB
[2026-06-08 17:55:30] Epoch 02 train batch [1180/1875] loss=0.5753 avg_loss=0.7315. Resources: rss=651.2MB, peak_rss=1855.6MB, cuda_alloc=568.8MB, cuda_reserved=40340.0MB, cuda_peak_alloc=7503.8MB, cuda_free=7627.7MB, cuda_total=48519.1MB
[2026-06-08 17:55:35] Epoch 02 train batch [1200/1875] loss=0.5811 avg_loss=0.7301. Resources: rss=613.6MB, peak_rss=1855.6MB, cuda_alloc=568.8MB, cuda_reserved=46920.0MB, cuda_peak_alloc=7503.8MB, cuda_free=1047.7MB, cuda_total=48519.1MB
[2026-06-08 17:55:42] Epoch 02 train batch [1220/1875] loss=0.7211 avg_loss=0.7285. Resources: rss=641.1MB, peak_rss=1855.6MB, cuda_alloc=568.8MB, cuda_reserved=21598.0MB, cuda_peak_alloc=7503.8MB, cuda_free=26369.7MB, cuda_total=48519.1MB
[2026-06-08 17:55:48] Epoch 02 train batch [1240/1875] loss=0.6139 avg_loss=0.7276. Resources: rss=654.7MB, peak_rss=1855.6MB, cuda_alloc=568.8MB, cuda_reserved=32118.0MB, cuda_peak_alloc=7503.8MB, cuda_free=15849.7MB, cuda_total=48519.1MB
[2026-06-08 17:55:53] Epoch 02 train batch [1260/1875] loss=0.5559 avg_loss=0.7270. Resources: rss=654.2MB, peak_rss=1855.6MB, cuda_alloc=568.8MB, cuda_reserved=33598.0MB, cuda_peak_alloc=7503.8MB, cuda_free=14369.7MB, cuda_total=48519.1MB
[2026-06-08 17:55:57] Epoch 02 train batch [1280/1875] loss=0.4146 avg_loss=0.7261. Resources: rss=654.2MB, peak_rss=1855.6MB, cuda_alloc=568.8MB, cuda_reserved=35520.0MB, cuda_peak_alloc=7503.8MB, cuda_free=12447.7MB, cuda_total=48519.1MB
[2026-06-08 17:56:03] Epoch 02 train batch [1300/1875] loss=0.7217 avg_loss=0.7254. Resources: rss=610.7MB, peak_rss=1855.6MB, cuda_alloc=568.8MB, cuda_reserved=28680.0MB, cuda_peak_alloc=7503.8MB, cuda_free=19287.7MB, cuda_total=48519.1MB
[2026-06-08 17:56:10] Epoch 02 train batch [1320/1875] loss=0.6129 avg_loss=0.7242. Resources: rss=653.1MB, peak_rss=1855.6MB, cuda_alloc=568.8MB, cuda_reserved=38540.0MB, cuda_peak_alloc=7503.8MB, cuda_free=9427.7MB, cuda_total=48519.1MB
[2026-06-08 17:56:16] Epoch 02 train batch [1340/1875] loss=0.6933 avg_loss=0.7232. Resources: rss=649.0MB, peak_rss=1855.6MB, cuda_alloc=568.8MB, cuda_reserved=35380.0MB, cuda_peak_alloc=7503.8MB, cuda_free=12587.7MB, cuda_total=48519.1MB
[2026-06-08 17:56:23] Epoch 02 train batch [1360/1875] loss=0.6895 avg_loss=0.7224. Resources: rss=593.5MB, peak_rss=1855.6MB, cuda_alloc=568.8MB, cuda_reserved=42320.0MB, cuda_peak_alloc=7503.8MB, cuda_free=5647.7MB, cuda_total=48519.1MB
[2026-06-08 17:56:28] Epoch 02 train batch [1380/1875] loss=0.4749 avg_loss=0.7218. Resources: rss=603.9MB, peak_rss=1855.6MB, cuda_alloc=568.8MB, cuda_reserved=38320.0MB, cuda_peak_alloc=7503.8MB, cuda_free=9647.7MB, cuda_total=48519.1MB
[2026-06-08 17:56:34] Epoch 02 train batch [1400/1875] loss=0.8613 avg_loss=0.7215. Resources: rss=593.4MB, peak_rss=1855.6MB, cuda_alloc=568.8MB, cuda_reserved=20280.0MB, cuda_peak_alloc=7503.8MB, cuda_free=27687.7MB, cuda_total=48519.1MB
[2026-06-08 17:56:38] Epoch 02 train batch [1420/1875] loss=1.0820 avg_loss=0.7214. Resources: rss=591.5MB, peak_rss=1855.6MB, cuda_alloc=568.8MB, cuda_reserved=36980.0MB, cuda_peak_alloc=7503.8MB, cuda_free=10987.7MB, cuda_total=48519.1MB
[2026-06-08 17:56:43] Epoch 02 train batch [1440/1875] loss=0.5741 avg_loss=0.7198. Resources: rss=593.9MB, peak_rss=1855.6MB, cuda_alloc=568.8MB, cuda_reserved=40660.0MB, cuda_peak_alloc=7503.8MB, cuda_free=7307.7MB, cuda_total=48519.1MB
[2026-06-08 17:56:49] Epoch 02 train batch [1460/1875] loss=0.6310 avg_loss=0.7190. Resources: rss=551.4MB, peak_rss=1855.6MB, cuda_alloc=568.8MB, cuda_reserved=27278.0MB, cuda_peak_alloc=7503.8MB, cuda_free=20689.7MB, cuda_total=48519.1MB
[2026-06-08 17:56:55] Epoch 02 train batch [1480/1875] loss=1.0191 avg_loss=0.7187. Resources: rss=581.3MB, peak_rss=1855.6MB, cuda_alloc=568.8MB, cuda_reserved=12840.0MB, cuda_peak_alloc=7503.8MB, cuda_free=35127.7MB, cuda_total=48519.1MB
[2026-06-08 17:57:01] Epoch 02 train batch [1500/1875] loss=0.7190 avg_loss=0.7182. Resources: rss=552.2MB, peak_rss=1855.6MB, cuda_alloc=568.8MB, cuda_reserved=28540.0MB, cuda_peak_alloc=7503.8MB, cuda_free=19427.7MB, cuda_total=48519.1MB
[2026-06-08 17:57:06] Epoch 02 train batch [1520/1875] loss=0.5771 avg_loss=0.7170. Resources: rss=565.4MB, peak_rss=1855.6MB, cuda_alloc=568.8MB, cuda_reserved=24000.0MB, cuda_peak_alloc=7503.8MB, cuda_free=23967.7MB, cuda_total=48519.1MB
[2026-06-08 17:57:13] Epoch 02 train batch [1540/1875] loss=0.6529 avg_loss=0.7166. Resources: rss=572.7MB, peak_rss=1855.6MB, cuda_alloc=568.8MB, cuda_reserved=40800.0MB, cuda_peak_alloc=7503.8MB, cuda_free=7167.7MB, cuda_total=48519.1MB
[2026-06-08 17:57:19] Epoch 02 train batch [1560/1875] loss=0.6056 avg_loss=0.7152. Resources: rss=535.5MB, peak_rss=1855.6MB, cuda_alloc=568.8MB, cuda_reserved=33618.0MB, cuda_peak_alloc=7503.8MB, cuda_free=14349.7MB, cuda_total=48519.1MB
[2026-06-08 17:57:26] Epoch 02 train batch [1580/1875] loss=0.5666 avg_loss=0.7139. Resources: rss=575.2MB, peak_rss=1855.6MB, cuda_alloc=568.8MB, cuda_reserved=11758.0MB, cuda_peak_alloc=7503.8MB, cuda_free=36209.7MB, cuda_total=48519.1MB
[2026-06-08 17:57:31] Epoch 02 train batch [1600/1875] loss=0.6358 avg_loss=0.7129. Resources: rss=576.1MB, peak_rss=1855.6MB, cuda_alloc=568.8MB, cuda_reserved=39140.0MB, cuda_peak_alloc=7503.8MB, cuda_free=8827.7MB, cuda_total=48519.1MB
[2026-06-08 17:57:35] Epoch 02 train batch [1620/1875] loss=0.5630 avg_loss=0.7115. Resources: rss=574.8MB, peak_rss=1855.6MB, cuda_alloc=568.8MB, cuda_reserved=46020.0MB, cuda_peak_alloc=7503.8MB, cuda_free=1947.7MB, cuda_total=48519.1MB
[2026-06-08 17:57:42] Epoch 02 train batch [1640/1875] loss=0.5731 avg_loss=0.7107. Resources: rss=568.9MB, peak_rss=1855.6MB, cuda_alloc=568.8MB, cuda_reserved=8258.0MB, cuda_peak_alloc=7503.8MB, cuda_free=39709.7MB, cuda_total=48519.1MB
[2026-06-08 17:57:49] Epoch 02 train batch [1660/1875] loss=0.6999 avg_loss=0.7100. Resources: rss=564.1MB, peak_rss=1855.6MB, cuda_alloc=568.8MB, cuda_reserved=28938.0MB, cuda_peak_alloc=7503.9MB, cuda_free=19029.7MB, cuda_total=48519.1MB
[2026-06-08 17:57:56] Epoch 02 train batch [1680/1875] loss=0.6456 avg_loss=0.7091. Resources: rss=566.1MB, peak_rss=1855.6MB, cuda_alloc=568.8MB, cuda_reserved=6358.0MB, cuda_peak_alloc=7503.9MB, cuda_free=41609.7MB, cuda_total=48519.1MB
[2026-06-08 17:58:01] Epoch 02 train batch [1700/1875] loss=0.5130 avg_loss=0.7081. Resources: rss=520.7MB, peak_rss=1855.6MB, cuda_alloc=568.8MB, cuda_reserved=38680.0MB, cuda_peak_alloc=7503.9MB, cuda_free=9287.7MB, cuda_total=48519.1MB
[2026-06-08 17:58:07] Epoch 02 train batch [1720/1875] loss=0.5715 avg_loss=0.7072. Resources: rss=561.1MB, peak_rss=1855.6MB, cuda_alloc=568.8MB, cuda_reserved=19878.0MB, cuda_peak_alloc=7503.9MB, cuda_free=28089.7MB, cuda_total=48519.1MB
[2026-06-08 17:58:12] Epoch 02 train batch [1740/1875] loss=0.5636 avg_loss=0.7066. Resources: rss=561.0MB, peak_rss=1855.6MB, cuda_alloc=568.8MB, cuda_reserved=32838.0MB, cuda_peak_alloc=7503.9MB, cuda_free=15129.7MB, cuda_total=48519.1MB
[2026-06-08 17:58:19] Epoch 02 train batch [1760/1875] loss=0.4959 avg_loss=0.7057. Resources: rss=564.4MB, peak_rss=1855.6MB, cuda_alloc=568.8MB, cuda_reserved=20100.0MB, cuda_peak_alloc=7503.9MB, cuda_free=27867.7MB, cuda_total=48519.1MB
[2026-06-08 17:58:24] Epoch 02 train batch [1780/1875] loss=0.5624 avg_loss=0.7046. Resources: rss=554.3MB, peak_rss=1855.6MB, cuda_alloc=568.8MB, cuda_reserved=26420.0MB, cuda_peak_alloc=7503.9MB, cuda_free=21547.7MB, cuda_total=48519.1MB
[2026-06-08 17:58:30] Epoch 02 train batch [1800/1875] loss=0.7301 avg_loss=0.7038. Resources: rss=562.3MB, peak_rss=1855.6MB, cuda_alloc=568.8MB, cuda_reserved=34860.0MB, cuda_peak_alloc=7503.9MB, cuda_free=13107.7MB, cuda_total=48519.1MB
[2026-06-08 17:58:35] Epoch 02 train batch [1820/1875] loss=0.5681 avg_loss=0.7027. Resources: rss=562.3MB, peak_rss=1855.6MB, cuda_alloc=568.8MB, cuda_reserved=34860.0MB, cuda_peak_alloc=7503.9MB, cuda_free=13107.7MB, cuda_total=48519.1MB
[2026-06-08 17:58:40] Epoch 02 train batch [1840/1875] loss=0.7878 avg_loss=0.7023. Resources: rss=562.6MB, peak_rss=1855.6MB, cuda_alloc=568.8MB, cuda_reserved=47940.0MB, cuda_peak_alloc=7503.9MB, cuda_free=27.7MB, cuda_total=48519.1MB
[2026-06-08 17:58:47] Epoch 02 train batch [1860/1875] loss=0.8132 avg_loss=0.7013. Resources: rss=519.6MB, peak_rss=1855.6MB, cuda_alloc=568.8MB, cuda_reserved=21838.0MB, cuda_peak_alloc=7503.9MB, cuda_free=26129.7MB, cuda_total=48519.1MB
[2026-06-08 17:58:53] Epoch 02 train batch [1875/1875] loss=0.4548 avg_loss=0.7005. Resources: rss=553.8MB, peak_rss=1855.6MB, cuda_alloc=568.8MB, cuda_reserved=18938.0MB, cuda_peak_alloc=7503.9MB, cuda_free=29029.7MB, cuda_total=48519.1MB
[2026-06-08 17:58:53] Epoch 02 training completed. Resources: rss=553.3MB, peak_rss=1855.6MB, cuda_alloc=568.8MB, cuda_reserved=18938.0MB, cuda_peak_alloc=7503.9MB, cuda_free=29029.7MB, cuda_total=48519.1MB
[2026-06-08 17:58:54] Epoch 02 cache released before validation loss. Resources: rss=532.7MB, peak_rss=1855.6MB, cuda_alloc=568.8MB, cuda_reserved=692.0MB, cuda_peak_alloc=568.8MB, cuda_free=47275.7MB, cuda_total=48519.1MB
[2026-06-08 17:59:28] Epoch 02 validation loss completed: 0.7710. Resources: rss=586.3MB, peak_rss=1855.6MB, cuda_alloc=568.8MB, cuda_reserved=5298.0MB, cuda_peak_alloc=2028.3MB, cuda_free=42669.7MB, cuda_total=48519.1MB
[2026-06-08 17:59:28] Epoch 02 cache released before detection metrics. Resources: rss=531.8MB, peak_rss=1855.6MB, cuda_alloc=568.8MB, cuda_reserved=692.0MB, cuda_peak_alloc=568.8MB, cuda_free=47275.7MB, cuda_total=48519.1MB
[2026-06-08 18:00:05] Epoch 02 prediction tensors moved to CPU. Computing metrics. Resources: rss=579.8MB, peak_rss=1855.6MB, cuda_alloc=568.8MB, cuda_reserved=692.0MB, cuda_peak_alloc=568.8MB, cuda_free=47275.7MB, cuda_total=48519.1MB
[2026-06-08 18:00:05] Epoch 02 metrics computed (mAP@0.5 only). Saving artifacts. Resources: rss=595.2MB, peak_rss=1855.6MB, cuda_alloc=568.8MB, cuda_reserved=692.0MB, cuda_peak_alloc=568.8MB, cuda_free=47275.7MB, cuda_total=48519.1MB
[2026-06-08 18:00:06] Epoch 02 improved mAP@0.5 to 0.3144. Saved best checkpoint: best_model-20260608-174004.pth. Resources: rss=1352.7MB, peak_rss=1855.6MB, cuda_alloc=568.8MB, cuda_reserved=692.0MB, cuda_peak_alloc=568.8MB, cuda_free=47275.7MB, cuda_total=48519.1MB
Epoch [02/100]
├── Train Loss : 0.7005
│   ├── loss_classifier  : 0.3969
│   ├── loss_box_reg     : 0.3036
│   ├── loss_objectness  : 0.0000
│   └── loss_rpn_box_reg : 0.0000
├── Val Loss   : 0.7710
├── mAP@0.5    : 0.3144
├── mAP@0.75   : n/a
├── mAP@0.5:0.95 : n/a
├── Precision  : 0.0133
├── Recall     : 0.9545
├── GT Boxes   : 2021
├── Predictions: 145023
├── Per-class AP
│   ├── person  : AP50=0.3951, AP75=n/a, AP50:95=n/a, P=0.0266, R=0.9618
│   ├── car     : AP50=0.2969, AP75=n/a, AP50:95=n/a, P=0.0224, R=0.9541
│   ├── dog     : AP50=0.2211, AP75=n/a, AP50:95=n/a, P=0.0077, R=0.9757
│   ├── cat     : AP50=0.5516, AP75=n/a, AP50:95=n/a, P=0.0099, R=0.9659
│   └── chair   : AP50=0.1072, AP75=n/a, AP50:95=n/a, P=0.0050, R=0.9043
├── LR         : 0.001000
└── Time       : 597.2s
[2026-06-08 18:00:07] Epoch [02/100] completed. Resources: rss=588.9MB, peak_rss=1855.6MB, cuda_alloc=568.8MB, cuda_reserved=692.0MB, cuda_peak_alloc=568.8MB, cuda_free=47275.7MB, cuda_total=48519.1MB
[2026-06-08 18:00:07] Epoch [03/100] started. Resources: rss=588.9MB, peak_rss=1855.6MB, cuda_alloc=568.8MB, cuda_reserved=692.0MB, cuda_peak_alloc=568.8MB, cuda_free=47275.7MB, cuda_total=48519.1MB
[2026-06-08 18:00:13] Epoch 03 train batch [20/1875] loss=0.7119 avg_loss=0.6365. Resources: rss=672.0MB, peak_rss=1855.6MB, cuda_alloc=568.8MB, cuda_reserved=28198.0MB, cuda_peak_alloc=7501.9MB, cuda_free=19769.7MB, cuda_total=48519.1MB
[2026-06-08 18:00:19] Epoch 03 train batch [40/1875] loss=0.3246 avg_loss=0.6230. Resources: rss=675.7MB, peak_rss=1855.6MB, cuda_alloc=568.8MB, cuda_reserved=42438.0MB, cuda_peak_alloc=7501.9MB, cuda_free=5529.7MB, cuda_total=48519.1MB
[2026-06-08 18:00:25] Epoch 03 train batch [60/1875] loss=0.6091 avg_loss=0.6205. Resources: rss=674.0MB, peak_rss=1855.6MB, cuda_alloc=568.8MB, cuda_reserved=26358.0MB, cuda_peak_alloc=7501.9MB, cuda_free=21609.7MB, cuda_total=48519.1MB
[2026-06-08 18:00:31] Epoch 03 train batch [80/1875] loss=0.5608 avg_loss=0.6187. Resources: rss=673.8MB, peak_rss=1855.6MB, cuda_alloc=568.8MB, cuda_reserved=32478.0MB, cuda_peak_alloc=7502.2MB, cuda_free=15489.7MB, cuda_total=48519.1MB
[2026-06-08 18:00:37] Epoch 03 train batch [100/1875] loss=0.6000 avg_loss=0.6249. Resources: rss=669.9MB, peak_rss=1855.6MB, cuda_alloc=568.8MB, cuda_reserved=32480.0MB, cuda_peak_alloc=7502.2MB, cuda_free=15487.7MB, cuda_total=48519.1MB
[2026-06-08 18:00:44] Epoch 03 train batch [120/1875] loss=0.7725 avg_loss=0.6247. Resources: rss=674.9MB, peak_rss=1855.6MB, cuda_alloc=568.8MB, cuda_reserved=8460.0MB, cuda_peak_alloc=7502.5MB, cuda_free=39507.7MB, cuda_total=48519.1MB
[2026-06-08 18:00:50] Epoch 03 train batch [140/1875] loss=0.4830 avg_loss=0.6281. Resources: rss=684.6MB, peak_rss=1855.6MB, cuda_alloc=568.8MB, cuda_reserved=20498.0MB, cuda_peak_alloc=7502.5MB, cuda_free=27469.7MB, cuda_total=48519.1MB
[2026-06-08 18:00:57] Epoch 03 train batch [160/1875] loss=0.6303 avg_loss=0.6246. Resources: rss=671.5MB, peak_rss=1855.6MB, cuda_alloc=568.8MB, cuda_reserved=39780.0MB, cuda_peak_alloc=7502.6MB, cuda_free=8187.7MB, cuda_total=48519.1MB
[2026-06-08 18:01:03] Epoch 03 train batch [180/1875] loss=0.6624 avg_loss=0.6266. Resources: rss=658.4MB, peak_rss=1855.6MB, cuda_alloc=568.8MB, cuda_reserved=35638.0MB, cuda_peak_alloc=7503.1MB, cuda_free=12329.7MB, cuda_total=48519.1MB
[2026-06-08 18:01:07] Epoch 03 train batch [200/1875] loss=0.7130 avg_loss=0.6281. Resources: rss=669.6MB, peak_rss=1855.6MB, cuda_alloc=568.8MB, cuda_reserved=35640.0MB, cuda_peak_alloc=7503.9MB, cuda_free=12327.7MB, cuda_total=48519.1MB
[2026-06-08 18:01:12] Epoch 03 train batch [220/1875] loss=0.4961 avg_loss=0.6241. Resources: rss=669.2MB, peak_rss=1855.6MB, cuda_alloc=568.8MB, cuda_reserved=35640.0MB, cuda_peak_alloc=7503.9MB, cuda_free=12327.7MB, cuda_total=48519.1MB
[2026-06-08 18:01:16] Epoch 03 train batch [240/1875] loss=0.6667 avg_loss=0.6182. Resources: rss=673.3MB, peak_rss=1855.6MB, cuda_alloc=568.8MB, cuda_reserved=37140.0MB, cuda_peak_alloc=7503.9MB, cuda_free=10827.7MB, cuda_total=48519.1MB
[2026-06-08 18:01:21] Epoch 03 train batch [260/1875] loss=0.5295 avg_loss=0.6171. Resources: rss=673.6MB, peak_rss=1855.6MB, cuda_alloc=568.8MB, cuda_reserved=39040.0MB, cuda_peak_alloc=7503.9MB, cuda_free=8927.7MB, cuda_total=48519.1MB
[2026-06-08 18:01:25] Epoch 03 train batch [280/1875] loss=0.5460 avg_loss=0.6176. Resources: rss=666.6MB, peak_rss=1855.6MB, cuda_alloc=568.8MB, cuda_reserved=39040.0MB, cuda_peak_alloc=7503.9MB, cuda_free=8927.7MB, cuda_total=48519.1MB
[2026-06-08 18:01:30] Epoch 03 train batch [300/1875] loss=0.5464 avg_loss=0.6158. Resources: rss=663.8MB, peak_rss=1855.6MB, cuda_alloc=568.8MB, cuda_reserved=39040.0MB, cuda_peak_alloc=7503.9MB, cuda_free=8927.7MB, cuda_total=48519.1MB
[2026-06-08 18:01:35] Epoch 03 train batch [320/1875] loss=0.6464 avg_loss=0.6157. Resources: rss=681.6MB, peak_rss=1855.6MB, cuda_alloc=568.8MB, cuda_reserved=39040.0MB, cuda_peak_alloc=7503.9MB, cuda_free=8927.7MB, cuda_total=48519.1MB
[2026-06-08 18:01:39] Epoch 03 train batch [340/1875] loss=0.7092 avg_loss=0.6141. Resources: rss=678.3MB, peak_rss=1855.6MB, cuda_alloc=568.8MB, cuda_reserved=45320.0MB, cuda_peak_alloc=7503.9MB, cuda_free=2647.7MB, cuda_total=48519.1MB
[2026-06-08 18:01:45] Epoch 03 train batch [360/1875] loss=0.5147 avg_loss=0.6136. Resources: rss=668.2MB, peak_rss=1855.6MB, cuda_alloc=568.8MB, cuda_reserved=34620.0MB, cuda_peak_alloc=7503.9MB, cuda_free=13347.7MB, cuda_total=48519.1MB
[2026-06-08 18:01:52] Epoch 03 train batch [380/1875] loss=0.5541 avg_loss=0.6117. Resources: rss=675.2MB, peak_rss=1855.6MB, cuda_alloc=568.8MB, cuda_reserved=45040.0MB, cuda_peak_alloc=7503.9MB, cuda_free=2927.7MB, cuda_total=48519.1MB
[2026-06-08 18:01:58] Epoch 03 train batch [400/1875] loss=0.7501 avg_loss=0.6105. Resources: rss=669.5MB, peak_rss=1855.6MB, cuda_alloc=568.8MB, cuda_reserved=26598.0MB, cuda_peak_alloc=7503.9MB, cuda_free=21369.7MB, cuda_total=48519.1MB
[2026-06-08 18:02:05] Epoch 03 train batch [420/1875] loss=0.5963 avg_loss=0.6112. Resources: rss=629.8MB, peak_rss=1855.6MB, cuda_alloc=568.8MB, cuda_reserved=40620.0MB, cuda_peak_alloc=7503.9MB, cuda_free=7347.7MB, cuda_total=48519.1MB
[2026-06-08 18:02:10] Epoch 03 train batch [440/1875] loss=0.5967 avg_loss=0.6101. Resources: rss=670.3MB, peak_rss=1855.6MB, cuda_alloc=568.8MB, cuda_reserved=36618.0MB, cuda_peak_alloc=7503.9MB, cuda_free=11349.7MB, cuda_total=48519.1MB
[2026-06-08 18:02:16] Epoch 03 train batch [460/1875] loss=0.6040 avg_loss=0.6116. Resources: rss=673.0MB, peak_rss=1855.6MB, cuda_alloc=568.8MB, cuda_reserved=26298.0MB, cuda_peak_alloc=7503.9MB, cuda_free=21669.7MB, cuda_total=48519.1MB
[2026-06-08 18:02:23] Epoch 03 train batch [480/1875] loss=0.5244 avg_loss=0.6114. Resources: rss=661.3MB, peak_rss=1855.6MB, cuda_alloc=568.8MB, cuda_reserved=32500.0MB, cuda_peak_alloc=7503.9MB, cuda_free=15467.7MB, cuda_total=48519.1MB
[2026-06-08 18:02:28] Epoch 03 train batch [500/1875] loss=0.6097 avg_loss=0.6104. Resources: rss=667.3MB, peak_rss=1855.6MB, cuda_alloc=568.8MB, cuda_reserved=39040.0MB, cuda_peak_alloc=7503.9MB, cuda_free=8927.7MB, cuda_total=48519.1MB
[2026-06-08 18:02:34] Epoch 03 train batch [520/1875] loss=0.5862 avg_loss=0.6089. Resources: rss=656.9MB, peak_rss=1855.6MB, cuda_alloc=568.8MB, cuda_reserved=21140.0MB, cuda_peak_alloc=7503.9MB, cuda_free=26827.7MB, cuda_total=48519.1MB
[2026-06-08 18:02:41] Epoch 03 train batch [540/1875] loss=0.6334 avg_loss=0.6082. Resources: rss=626.1MB, peak_rss=1855.6MB, cuda_alloc=568.8MB, cuda_reserved=47560.0MB, cuda_peak_alloc=7503.9MB, cuda_free=407.7MB, cuda_total=48519.1MB
[2026-06-08 18:02:48] Epoch 03 train batch [560/1875] loss=0.4906 avg_loss=0.6079. Resources: rss=653.5MB, peak_rss=1855.6MB, cuda_alloc=568.8MB, cuda_reserved=27278.0MB, cuda_peak_alloc=7503.9MB, cuda_free=20689.7MB, cuda_total=48519.1MB
[2026-06-08 18:02:54] Epoch 03 train batch [580/1875] loss=0.4383 avg_loss=0.6100. Resources: rss=668.5MB, peak_rss=1855.6MB, cuda_alloc=568.8MB, cuda_reserved=11498.0MB, cuda_peak_alloc=7503.9MB, cuda_free=36469.7MB, cuda_total=48519.1MB
[2026-06-08 18:03:00] Epoch 03 train batch [600/1875] loss=0.7128 avg_loss=0.6092. Resources: rss=625.6MB, peak_rss=1855.6MB, cuda_alloc=568.8MB, cuda_reserved=27698.0MB, cuda_peak_alloc=7503.9MB, cuda_free=20269.7MB, cuda_total=48519.1MB
[2026-06-08 18:03:07] Epoch 03 train batch [620/1875] loss=0.6050 avg_loss=0.6070. Resources: rss=665.1MB, peak_rss=1855.6MB, cuda_alloc=568.8MB, cuda_reserved=8538.0MB, cuda_peak_alloc=7503.9MB, cuda_free=39429.7MB, cuda_total=48519.1MB
[2026-06-08 18:03:11] Epoch 03 train batch [640/1875] loss=0.6794 avg_loss=0.6065. Resources: rss=621.0MB, peak_rss=1855.6MB, cuda_alloc=568.8MB, cuda_reserved=34620.0MB, cuda_peak_alloc=7503.9MB, cuda_free=13347.7MB, cuda_total=48519.1MB
[2026-06-08 18:03:16] Epoch 03 train batch [660/1875] loss=0.6084 avg_loss=0.6060. Resources: rss=662.5MB, peak_rss=1855.6MB, cuda_alloc=568.8MB, cuda_reserved=44820.0MB, cuda_peak_alloc=7503.9MB, cuda_free=3147.7MB, cuda_total=48519.1MB
[2026-06-08 18:03:22] Epoch 03 train batch [680/1875] loss=0.5416 avg_loss=0.6053. Resources: rss=650.9MB, peak_rss=1855.6MB, cuda_alloc=568.8MB, cuda_reserved=8338.0MB, cuda_peak_alloc=7503.9MB, cuda_free=39629.7MB, cuda_total=48519.1MB
[2026-06-08 18:03:27] Epoch 03 train batch [700/1875] loss=0.4314 avg_loss=0.6048. Resources: rss=665.2MB, peak_rss=1855.6MB, cuda_alloc=568.8MB, cuda_reserved=26298.0MB, cuda_peak_alloc=7503.9MB, cuda_free=21669.7MB, cuda_total=48519.1MB
[2026-06-08 18:03:33] Epoch 03 train batch [720/1875] loss=0.4228 avg_loss=0.6038. Resources: rss=659.3MB, peak_rss=1855.6MB, cuda_alloc=568.8MB, cuda_reserved=32840.0MB, cuda_peak_alloc=7503.9MB, cuda_free=15127.7MB, cuda_total=48519.1MB
[2026-06-08 18:03:40] Epoch 03 train batch [740/1875] loss=0.7224 avg_loss=0.6032. Resources: rss=662.2MB, peak_rss=1855.6MB, cuda_alloc=568.8MB, cuda_reserved=10918.0MB, cuda_peak_alloc=7503.9MB, cuda_free=37049.7MB, cuda_total=48519.1MB
[2026-06-08 18:03:44] Epoch 03 train batch [760/1875] loss=0.5109 avg_loss=0.6032. Resources: rss=653.4MB, peak_rss=1855.6MB, cuda_alloc=568.8MB, cuda_reserved=45498.0MB, cuda_peak_alloc=7503.9MB, cuda_free=2469.7MB, cuda_total=48519.1MB
[2026-06-08 18:03:50] Epoch 03 train batch [780/1875] loss=0.5294 avg_loss=0.6025. Resources: rss=659.4MB, peak_rss=1855.6MB, cuda_alloc=568.8MB, cuda_reserved=39020.0MB, cuda_peak_alloc=7503.9MB, cuda_free=8947.7MB, cuda_total=48519.1MB
[2026-06-08 18:03:56] Epoch 03 train batch [800/1875] loss=0.5062 avg_loss=0.6025. Resources: rss=620.4MB, peak_rss=1855.6MB, cuda_alloc=568.8MB, cuda_reserved=39038.0MB, cuda_peak_alloc=7503.9MB, cuda_free=8929.7MB, cuda_total=48519.1MB
[2026-06-08 18:04:01] Epoch 03 train batch [820/1875] loss=0.5263 avg_loss=0.6023. Resources: rss=657.4MB, peak_rss=1855.6MB, cuda_alloc=568.8MB, cuda_reserved=44600.0MB, cuda_peak_alloc=7503.9MB, cuda_free=3367.7MB, cuda_total=48519.1MB
[2026-06-08 18:04:08] Epoch 03 train batch [840/1875] loss=0.6134 avg_loss=0.6013. Resources: rss=658.8MB, peak_rss=1855.6MB, cuda_alloc=568.8MB, cuda_reserved=41940.0MB, cuda_peak_alloc=7503.9MB, cuda_free=6027.7MB, cuda_total=48519.1MB
[2026-06-08 18:04:15] Epoch 03 train batch [860/1875] loss=0.2522 avg_loss=0.5991. Resources: rss=664.2MB, peak_rss=1855.6MB, cuda_alloc=568.8MB, cuda_reserved=38758.0MB, cuda_peak_alloc=7503.9MB, cuda_free=9209.7MB, cuda_total=48519.1MB
[2026-06-08 18:04:21] Epoch 03 train batch [880/1875] loss=0.6168 avg_loss=0.5992. Resources: rss=658.9MB, peak_rss=1855.6MB, cuda_alloc=568.8MB, cuda_reserved=33918.0MB, cuda_peak_alloc=7503.9MB, cuda_free=14049.7MB, cuda_total=48519.1MB
[2026-06-08 18:04:27] Epoch 03 train batch [900/1875] loss=0.4982 avg_loss=0.5994. Resources: rss=651.6MB, peak_rss=1855.6MB, cuda_alloc=568.8MB, cuda_reserved=9538.0MB, cuda_peak_alloc=7503.9MB, cuda_free=38429.7MB, cuda_total=48519.1MB
[2026-06-08 18:04:33] Epoch 03 train batch [920/1875] loss=0.6050 avg_loss=0.5990. Resources: rss=647.4MB, peak_rss=1855.6MB, cuda_alloc=568.8MB, cuda_reserved=36320.0MB, cuda_peak_alloc=7503.9MB, cuda_free=11647.7MB, cuda_total=48519.1MB
[2026-06-08 18:04:40] Epoch 03 train batch [940/1875] loss=0.5480 avg_loss=0.5989. Resources: rss=616.8MB, peak_rss=1855.6MB, cuda_alloc=568.8MB, cuda_reserved=16918.0MB, cuda_peak_alloc=7503.9MB, cuda_free=31049.7MB, cuda_total=48519.1MB
[2026-06-08 18:04:46] Epoch 03 train batch [960/1875] loss=0.5600 avg_loss=0.5977. Resources: rss=597.1MB, peak_rss=1855.6MB, cuda_alloc=568.8MB, cuda_reserved=38500.0MB, cuda_peak_alloc=7503.9MB, cuda_free=9467.7MB, cuda_total=48519.1MB
[2026-06-08 18:04:52] Epoch 03 train batch [980/1875] loss=0.4994 avg_loss=0.5967. Resources: rss=593.2MB, peak_rss=1855.6MB, cuda_alloc=568.8MB, cuda_reserved=27060.0MB, cuda_peak_alloc=7503.9MB, cuda_free=20907.7MB, cuda_total=48519.1MB
[2026-06-08 18:04:59] Epoch 03 train batch [1000/1875] loss=0.4912 avg_loss=0.5958. Resources: rss=595.7MB, peak_rss=1855.6MB, cuda_alloc=568.8MB, cuda_reserved=23680.0MB, cuda_peak_alloc=7503.9MB, cuda_free=24287.7MB, cuda_total=48519.1MB
[2026-06-08 18:05:05] Epoch 03 train batch [1020/1875] loss=0.5571 avg_loss=0.5956. Resources: rss=577.2MB, peak_rss=1855.6MB, cuda_alloc=568.8MB, cuda_reserved=17518.0MB, cuda_peak_alloc=7503.9MB, cuda_free=30449.7MB, cuda_total=48519.1MB
[2026-06-08 18:05:12] Epoch 03 train batch [1040/1875] loss=0.4305 avg_loss=0.5945. Resources: rss=595.3MB, peak_rss=1855.6MB, cuda_alloc=568.8MB, cuda_reserved=27060.0MB, cuda_peak_alloc=7503.9MB, cuda_free=20907.7MB, cuda_total=48519.1MB
[2026-06-08 18:05:19] Epoch 03 train batch [1060/1875] loss=0.6248 avg_loss=0.5940. Resources: rss=598.4MB, peak_rss=1855.6MB, cuda_alloc=568.8MB, cuda_reserved=22738.0MB, cuda_peak_alloc=7503.9MB, cuda_free=25229.7MB, cuda_total=48519.1MB
[2026-06-08 18:05:25] Epoch 03 train batch [1080/1875] loss=0.6085 avg_loss=0.5929. Resources: rss=590.6MB, peak_rss=1855.6MB, cuda_alloc=568.8MB, cuda_reserved=34818.0MB, cuda_peak_alloc=7503.9MB, cuda_free=13149.7MB, cuda_total=48519.1MB
[2026-06-08 18:05:32] Epoch 03 train batch [1100/1875] loss=0.5213 avg_loss=0.5922. Resources: rss=583.5MB, peak_rss=1855.6MB, cuda_alloc=568.8MB, cuda_reserved=23238.0MB, cuda_peak_alloc=7503.9MB, cuda_free=24729.7MB, cuda_total=48519.1MB
[2026-06-08 18:05:37] Epoch 03 train batch [1120/1875] loss=0.7347 avg_loss=0.5929. Resources: rss=589.4MB, peak_rss=1855.6MB, cuda_alloc=568.8MB, cuda_reserved=40838.0MB, cuda_peak_alloc=7503.9MB, cuda_free=7129.7MB, cuda_total=48519.1MB
[2026-06-08 18:05:44] Epoch 03 train batch [1140/1875] loss=0.5790 avg_loss=0.5927. Resources: rss=587.5MB, peak_rss=1855.6MB, cuda_alloc=568.8MB, cuda_reserved=26818.0MB, cuda_peak_alloc=7503.9MB, cuda_free=21149.7MB, cuda_total=48519.1MB
[2026-06-08 18:05:49] Epoch 03 train batch [1160/1875] loss=0.4895 avg_loss=0.5912. Resources: rss=554.2MB, peak_rss=1855.6MB, cuda_alloc=568.8MB, cuda_reserved=19158.0MB, cuda_peak_alloc=7503.9MB, cuda_free=28809.7MB, cuda_total=48519.1MB
[2026-06-08 18:05:55] Epoch 03 train batch [1180/1875] loss=0.4981 avg_loss=0.5903. Resources: rss=559.1MB, peak_rss=1855.6MB, cuda_alloc=568.8MB, cuda_reserved=29980.0MB, cuda_peak_alloc=7503.9MB, cuda_free=17987.7MB, cuda_total=48519.1MB
[2026-06-08 18:06:01] Epoch 03 train batch [1200/1875] loss=0.5257 avg_loss=0.5892. Resources: rss=575.3MB, peak_rss=1855.6MB, cuda_alloc=568.8MB, cuda_reserved=15438.0MB, cuda_peak_alloc=7503.9MB, cuda_free=32529.7MB, cuda_total=48519.1MB
[2026-06-08 18:06:08] Epoch 03 train batch [1220/1875] loss=0.4569 avg_loss=0.5884. Resources: rss=588.2MB, peak_rss=1855.6MB, cuda_alloc=568.8MB, cuda_reserved=27718.0MB, cuda_peak_alloc=7503.9MB, cuda_free=20249.7MB, cuda_total=48519.1MB
[2026-06-08 18:06:12] Epoch 03 train batch [1240/1875] loss=0.4302 avg_loss=0.5877. Resources: rss=587.2MB, peak_rss=1855.6MB, cuda_alloc=568.8MB, cuda_reserved=35480.0MB, cuda_peak_alloc=7503.9MB, cuda_free=12487.7MB, cuda_total=48519.1MB
[2026-06-08 18:06:18] Epoch 03 train batch [1260/1875] loss=0.5327 avg_loss=0.5873. Resources: rss=588.2MB, peak_rss=1855.6MB, cuda_alloc=568.8MB, cuda_reserved=13458.0MB, cuda_peak_alloc=7503.9MB, cuda_free=34509.7MB, cuda_total=48519.1MB
[2026-06-08 18:06:24] Epoch 03 train batch [1280/1875] loss=0.5590 avg_loss=0.5867. Resources: rss=587.3MB, peak_rss=1855.6MB, cuda_alloc=568.8MB, cuda_reserved=23878.0MB, cuda_peak_alloc=7503.9MB, cuda_free=24089.7MB, cuda_total=48519.1MB
[2026-06-08 18:06:29] Epoch 03 train batch [1300/1875] loss=0.6479 avg_loss=0.5862. Resources: rss=551.4MB, peak_rss=1855.6MB, cuda_alloc=568.8MB, cuda_reserved=42220.0MB, cuda_peak_alloc=7503.9MB, cuda_free=5747.7MB, cuda_total=48519.1MB
[2026-06-08 18:06:36] Epoch 03 train batch [1320/1875] loss=0.5890 avg_loss=0.5851. Resources: rss=585.1MB, peak_rss=1855.6MB, cuda_alloc=568.8MB, cuda_reserved=25458.0MB, cuda_peak_alloc=7503.9MB, cuda_free=22509.7MB, cuda_total=48519.1MB
[2026-06-08 18:06:40] Epoch 03 train batch [1340/1875] loss=0.5413 avg_loss=0.5844. Resources: rss=547.6MB, peak_rss=1855.6MB, cuda_alloc=568.8MB, cuda_reserved=38878.0MB, cuda_peak_alloc=7503.9MB, cuda_free=9089.7MB, cuda_total=48519.1MB
[2026-06-08 18:06:45] Epoch 03 train batch [1360/1875] loss=0.4712 avg_loss=0.5832. Resources: rss=590.0MB, peak_rss=1855.6MB, cuda_alloc=568.8MB, cuda_reserved=38880.0MB, cuda_peak_alloc=7503.9MB, cuda_free=9087.7MB, cuda_total=48519.1MB
[2026-06-08 18:06:49] Epoch 03 train batch [1380/1875] loss=0.6818 avg_loss=0.5829. Resources: rss=590.0MB, peak_rss=1855.6MB, cuda_alloc=568.8MB, cuda_reserved=38880.0MB, cuda_peak_alloc=7503.9MB, cuda_free=9087.7MB, cuda_total=48519.1MB
[2026-06-08 18:06:56] Epoch 03 train batch [1400/1875] loss=0.4849 avg_loss=0.5824. Resources: rss=547.2MB, peak_rss=1855.6MB, cuda_alloc=568.8MB, cuda_reserved=44298.0MB, cuda_peak_alloc=7503.9MB, cuda_free=3669.7MB, cuda_total=48519.1MB
[2026-06-08 18:07:03] Epoch 03 train batch [1420/1875] loss=0.3867 avg_loss=0.5811. Resources: rss=551.1MB, peak_rss=1855.6MB, cuda_alloc=568.8MB, cuda_reserved=8400.0MB, cuda_peak_alloc=7503.9MB, cuda_free=39567.7MB, cuda_total=48519.1MB
[2026-06-08 18:07:08] Epoch 03 train batch [1440/1875] loss=0.4619 avg_loss=0.5805. Resources: rss=558.0MB, peak_rss=1855.6MB, cuda_alloc=568.8MB, cuda_reserved=39320.0MB, cuda_peak_alloc=7503.9MB, cuda_free=8647.7MB, cuda_total=48519.1MB
[2026-06-08 18:07:13] Epoch 03 train batch [1460/1875] loss=0.3923 avg_loss=0.5799. Resources: rss=559.1MB, peak_rss=1855.6MB, cuda_alloc=568.8MB, cuda_reserved=39320.0MB, cuda_peak_alloc=7503.9MB, cuda_free=8647.7MB, cuda_total=48519.1MB
[2026-06-08 18:07:17] Epoch 03 train batch [1480/1875] loss=0.4426 avg_loss=0.5791. Resources: rss=515.6MB, peak_rss=1855.6MB, cuda_alloc=568.8MB, cuda_reserved=46260.0MB, cuda_peak_alloc=7503.9MB, cuda_free=1707.7MB, cuda_total=48519.1MB
[2026-06-08 18:07:24] Epoch 03 train batch [1500/1875] loss=0.3600 avg_loss=0.5776. Resources: rss=551.2MB, peak_rss=1855.6MB, cuda_alloc=568.8MB, cuda_reserved=29058.0MB, cuda_peak_alloc=7503.9MB, cuda_free=18909.7MB, cuda_total=48519.1MB
[2026-06-08 18:07:28] Epoch 03 train batch [1520/1875] loss=0.5671 avg_loss=0.5768. Resources: rss=551.7MB, peak_rss=1855.6MB, cuda_alloc=568.8MB, cuda_reserved=41120.0MB, cuda_peak_alloc=7503.9MB, cuda_free=6847.7MB, cuda_total=48519.1MB
[2026-06-08 18:07:36] Epoch 03 train batch [1540/1875] loss=0.3729 avg_loss=0.5764. Resources: rss=497.9MB, peak_rss=1855.6MB, cuda_alloc=568.8MB, cuda_reserved=6318.0MB, cuda_peak_alloc=7503.9MB, cuda_free=41649.7MB, cuda_total=48519.1MB
[2026-06-08 18:07:42] Epoch 03 train batch [1560/1875] loss=0.5222 avg_loss=0.5757. Resources: rss=538.9MB, peak_rss=1855.6MB, cuda_alloc=568.8MB, cuda_reserved=23458.0MB, cuda_peak_alloc=7503.9MB, cuda_free=24509.7MB, cuda_total=48519.1MB
[2026-06-08 18:07:47] Epoch 03 train batch [1580/1875] loss=0.6534 avg_loss=0.5756. Resources: rss=530.0MB, peak_rss=1855.6MB, cuda_alloc=568.8MB, cuda_reserved=12638.0MB, cuda_peak_alloc=7503.9MB, cuda_free=35329.7MB, cuda_total=48519.1MB
[2026-06-08 18:07:53] Epoch 03 train batch [1600/1875] loss=0.4843 avg_loss=0.5749. Resources: rss=488.0MB, peak_rss=1855.6MB, cuda_alloc=568.8MB, cuda_reserved=37660.0MB, cuda_peak_alloc=7503.9MB, cuda_free=10307.7MB, cuda_total=48519.1MB
[2026-06-08 18:07:59] Epoch 03 train batch [1620/1875] loss=0.5787 avg_loss=0.5747. Resources: rss=528.4MB, peak_rss=1855.6MB, cuda_alloc=568.8MB, cuda_reserved=47258.0MB, cuda_peak_alloc=7503.9MB, cuda_free=709.7MB, cuda_total=48519.1MB
[2026-06-08 18:08:06] Epoch 03 train batch [1640/1875] loss=0.4931 avg_loss=0.5737. Resources: rss=515.1MB, peak_rss=1855.6MB, cuda_alloc=568.8MB, cuda_reserved=42178.0MB, cuda_peak_alloc=7503.9MB, cuda_free=5789.7MB, cuda_total=48519.1MB
[2026-06-08 18:08:12] Epoch 03 train batch [1660/1875] loss=0.6564 avg_loss=0.5735. Resources: rss=523.8MB, peak_rss=1855.6MB, cuda_alloc=568.8MB, cuda_reserved=27880.0MB, cuda_peak_alloc=7503.9MB, cuda_free=20087.7MB, cuda_total=48519.1MB
[2026-06-08 18:08:17] Epoch 03 train batch [1680/1875] loss=0.5370 avg_loss=0.5729. Resources: rss=534.3MB, peak_rss=1855.6MB, cuda_alloc=568.8MB, cuda_reserved=47400.0MB, cuda_peak_alloc=7503.9MB, cuda_free=567.7MB, cuda_total=48519.1MB
[2026-06-08 18:08:23] Epoch 03 train batch [1700/1875] loss=0.4840 avg_loss=0.5721. Resources: rss=506.6MB, peak_rss=1855.6MB, cuda_alloc=568.8MB, cuda_reserved=23418.0MB, cuda_peak_alloc=7503.9MB, cuda_free=24549.7MB, cuda_total=48519.1MB
[2026-06-08 18:08:28] Epoch 03 train batch [1720/1875] loss=0.5981 avg_loss=0.5717. Resources: rss=525.7MB, peak_rss=1855.6MB, cuda_alloc=568.8MB, cuda_reserved=29900.0MB, cuda_peak_alloc=7503.9MB, cuda_free=18067.7MB, cuda_total=48519.1MB
[2026-06-08 18:08:33] Epoch 03 train batch [1740/1875] loss=0.4948 avg_loss=0.5710. Resources: rss=527.5MB, peak_rss=1855.6MB, cuda_alloc=568.8MB, cuda_reserved=33300.0MB, cuda_peak_alloc=7503.9MB, cuda_free=14667.7MB, cuda_total=48519.1MB
[2026-06-08 18:08:38] Epoch 03 train batch [1760/1875] loss=0.8185 avg_loss=0.5703. Resources: rss=532.5MB, peak_rss=1855.6MB, cuda_alloc=568.8MB, cuda_reserved=46358.0MB, cuda_peak_alloc=7503.9MB, cuda_free=1609.7MB, cuda_total=48519.1MB
[2026-06-08 18:08:45] Epoch 03 train batch [1780/1875] loss=0.5241 avg_loss=0.5700. Resources: rss=525.6MB, peak_rss=1855.6MB, cuda_alloc=568.8MB, cuda_reserved=12398.0MB, cuda_peak_alloc=7503.9MB, cuda_free=35569.7MB, cuda_total=48519.1MB
[2026-06-08 18:08:51] Epoch 03 train batch [1800/1875] loss=0.5531 avg_loss=0.5692. Resources: rss=529.1MB, peak_rss=1855.6MB, cuda_alloc=568.8MB, cuda_reserved=5958.0MB, cuda_peak_alloc=7503.9MB, cuda_free=42009.7MB, cuda_total=48519.1MB
[2026-06-08 18:08:57] Epoch 03 train batch [1820/1875] loss=0.6043 avg_loss=0.5693. Resources: rss=485.9MB, peak_rss=1855.6MB, cuda_alloc=568.8MB, cuda_reserved=20918.0MB, cuda_peak_alloc=7503.9MB, cuda_free=27049.7MB, cuda_total=48519.1MB
[2026-06-08 18:09:04] Epoch 03 train batch [1840/1875] loss=0.6559 avg_loss=0.5691. Resources: rss=517.8MB, peak_rss=1855.6MB, cuda_alloc=568.8MB, cuda_reserved=30560.0MB, cuda_peak_alloc=7503.9MB, cuda_free=17407.7MB, cuda_total=48519.1MB
[2026-06-08 18:09:11] Epoch 03 train batch [1860/1875] loss=0.6391 avg_loss=0.5688. Resources: rss=522.1MB, peak_rss=1855.6MB, cuda_alloc=568.8MB, cuda_reserved=24098.0MB, cuda_peak_alloc=7503.9MB, cuda_free=23869.7MB, cuda_total=48519.1MB
[2026-06-08 18:09:15] Epoch 03 train batch [1875/1875] loss=0.2990 avg_loss=0.5684. Resources: rss=522.4MB, peak_rss=1855.6MB, cuda_alloc=568.8MB, cuda_reserved=23218.0MB, cuda_peak_alloc=7503.9MB, cuda_free=24749.7MB, cuda_total=48519.1MB
[2026-06-08 18:09:15] Epoch 03 training completed. Resources: rss=522.6MB, peak_rss=1855.6MB, cuda_alloc=568.8MB, cuda_reserved=23218.0MB, cuda_peak_alloc=7503.9MB, cuda_free=24749.7MB, cuda_total=48519.1MB
[2026-06-08 18:09:16] Epoch 03 cache released before validation loss. Resources: rss=487.4MB, peak_rss=1855.6MB, cuda_alloc=568.8MB, cuda_reserved=654.0MB, cuda_peak_alloc=568.8MB, cuda_free=47313.7MB, cuda_total=48519.1MB
[2026-06-08 18:09:50] Epoch 03 validation loss completed: 0.6097. Resources: rss=539.2MB, peak_rss=1855.6MB, cuda_alloc=568.8MB, cuda_reserved=5298.0MB, cuda_peak_alloc=2028.3MB, cuda_free=42669.7MB, cuda_total=48519.1MB
[2026-06-08 18:09:50] Epoch 03 cache released before detection metrics. Resources: rss=478.3MB, peak_rss=1855.6MB, cuda_alloc=568.8MB, cuda_reserved=654.0MB, cuda_peak_alloc=568.8MB, cuda_free=47313.7MB, cuda_total=48519.1MB
[2026-06-08 18:10:27] Epoch 03 prediction tensors moved to CPU. Computing metrics. Resources: rss=495.5MB, peak_rss=1855.6MB, cuda_alloc=568.8MB, cuda_reserved=654.0MB, cuda_peak_alloc=568.8MB, cuda_free=47313.7MB, cuda_total=48519.1MB
[2026-06-08 18:10:27] Epoch 03 metrics computed (mAP@0.5 only). Saving artifacts. Resources: rss=508.1MB, peak_rss=1855.6MB, cuda_alloc=568.8MB, cuda_reserved=654.0MB, cuda_peak_alloc=568.8MB, cuda_free=47313.7MB, cuda_total=48519.1MB
[2026-06-08 18:10:28] Epoch 03 improved mAP@0.5 to 0.4397. Saved best checkpoint: best_model-20260608-174004.pth. Resources: rss=1265.9MB, peak_rss=1855.6MB, cuda_alloc=568.8MB, cuda_reserved=654.0MB, cuda_peak_alloc=568.8MB, cuda_free=47313.7MB, cuda_total=48519.1MB
Epoch [03/100]
├── Train Loss : 0.5684
│   ├── loss_classifier  : 0.3179
│   ├── loss_box_reg     : 0.2505
│   ├── loss_objectness  : 0.0000
│   └── loss_rpn_box_reg : 0.0000
├── Val Loss   : 0.6097
├── mAP@0.5    : 0.4397
├── mAP@0.75   : n/a
├── mAP@0.5:0.95 : n/a
├── Precision  : 0.0169
├── Recall     : 0.9629
├── GT Boxes   : 2021
├── Predictions: 115306
├── Per-class AP
│   ├── person  : AP50=0.3495, AP75=n/a, AP50:95=n/a, P=0.0285, R=0.9693
│   ├── car     : AP50=0.2020, AP75=n/a, AP50:95=n/a, P=0.0112, R=0.9682
│   ├── dog     : AP50=0.7191, AP75=n/a, AP50:95=n/a, P=0.0158, R=0.9854
│   ├── cat     : AP50=0.7537, AP75=n/a, AP50:95=n/a, P=0.0193, R=0.9830
│   └── chair   : AP50=0.1742, AP75=n/a, AP50:95=n/a, P=0.0079, R=0.9043
├── LR         : 0.001000
└── Time       : 620.7s
[2026-06-08 18:10:29] Epoch [03/100] completed. Resources: rss=503.0MB, peak_rss=1855.6MB, cuda_alloc=568.8MB, cuda_reserved=654.0MB, cuda_peak_alloc=568.8MB, cuda_free=47313.7MB, cuda_total=48519.1MB
[2026-06-08 18:10:29] Epoch [04/100] started. Resources: rss=503.0MB, peak_rss=1855.6MB, cuda_alloc=568.8MB, cuda_reserved=654.0MB, cuda_peak_alloc=568.8MB, cuda_free=47313.7MB, cuda_total=48519.1MB
[2026-06-08 18:10:33] Epoch 04 train batch [20/1875] loss=0.4962 avg_loss=0.5121. Resources: rss=561.2MB, peak_rss=1855.6MB, cuda_alloc=568.8MB, cuda_reserved=40620.0MB, cuda_peak_alloc=7502.5MB, cuda_free=7347.7MB, cuda_total=48519.1MB
[2026-06-08 18:10:38] Epoch 04 train batch [40/1875] loss=0.3466 avg_loss=0.5229. Resources: rss=607.1MB, peak_rss=1855.6MB, cuda_alloc=568.8MB, cuda_reserved=40620.0MB, cuda_peak_alloc=7502.5MB, cuda_free=7347.7MB, cuda_total=48519.1MB
[2026-06-08 18:10:43] Epoch 04 train batch [60/1875] loss=0.5162 avg_loss=0.5358. Resources: rss=585.1MB, peak_rss=1855.6MB, cuda_alloc=568.8MB, cuda_reserved=31320.0MB, cuda_peak_alloc=7502.5MB, cuda_free=16647.7MB, cuda_total=48519.1MB
[2026-06-08 18:10:48] Epoch 04 train batch [80/1875] loss=0.6295 avg_loss=0.5385. Resources: rss=607.7MB, peak_rss=1855.6MB, cuda_alloc=568.8MB, cuda_reserved=46100.0MB, cuda_peak_alloc=7503.0MB, cuda_free=1867.7MB, cuda_total=48519.1MB
[2026-06-08 18:10:54] Epoch 04 train batch [100/1875] loss=0.5254 avg_loss=0.5381. Resources: rss=612.2MB, peak_rss=1855.6MB, cuda_alloc=568.8MB, cuda_reserved=46100.0MB, cuda_peak_alloc=7503.0MB, cuda_free=1867.7MB, cuda_total=48519.1MB
[2026-06-08 18:10:59] Epoch 04 train batch [120/1875] loss=0.4839 avg_loss=0.5367. Resources: rss=597.8MB, peak_rss=1855.6MB, cuda_alloc=568.8MB, cuda_reserved=46100.0MB, cuda_peak_alloc=7503.2MB, cuda_free=1867.7MB, cuda_total=48519.1MB
[2026-06-08 18:11:05] Epoch 04 train batch [140/1875] loss=0.6045 avg_loss=0.5359. Resources: rss=608.5MB, peak_rss=1855.6MB, cuda_alloc=568.8MB, cuda_reserved=26738.0MB, cuda_peak_alloc=7503.2MB, cuda_free=21229.7MB, cuda_total=48519.1MB
[2026-06-08 18:11:11] Epoch 04 train batch [160/1875] loss=0.6781 avg_loss=0.5419. Resources: rss=620.4MB, peak_rss=1855.6MB, cuda_alloc=568.8MB, cuda_reserved=6118.0MB, cuda_peak_alloc=7503.2MB, cuda_free=41849.7MB, cuda_total=48519.1MB
[2026-06-08 18:11:18] Epoch 04 train batch [180/1875] loss=0.4833 avg_loss=0.5423. Resources: rss=612.4MB, peak_rss=1855.6MB, cuda_alloc=568.8MB, cuda_reserved=31880.0MB, cuda_peak_alloc=7503.2MB, cuda_free=16087.7MB, cuda_total=48519.1MB
[2026-06-08 18:11:23] Epoch 04 train batch [200/1875] loss=0.5362 avg_loss=0.5420. Resources: rss=611.5MB, peak_rss=1855.6MB, cuda_alloc=568.8MB, cuda_reserved=30800.0MB, cuda_peak_alloc=7503.2MB, cuda_free=17167.7MB, cuda_total=48519.1MB
[2026-06-08 18:11:28] Epoch 04 train batch [220/1875] loss=0.4149 avg_loss=0.5396. Resources: rss=609.5MB, peak_rss=1855.6MB, cuda_alloc=568.8MB, cuda_reserved=46140.0MB, cuda_peak_alloc=7503.2MB, cuda_free=1827.7MB, cuda_total=48519.1MB
[2026-06-08 18:11:32] Epoch 04 train batch [240/1875] loss=0.3959 avg_loss=0.5334. Resources: rss=575.3MB, peak_rss=1855.6MB, cuda_alloc=568.8MB, cuda_reserved=46140.0MB, cuda_peak_alloc=7503.2MB, cuda_free=1827.7MB, cuda_total=48519.1MB
[2026-06-08 18:11:39] Epoch 04 train batch [260/1875] loss=0.6479 avg_loss=0.5301. Resources: rss=613.0MB, peak_rss=1855.6MB, cuda_alloc=568.8MB, cuda_reserved=8538.0MB, cuda_peak_alloc=7503.2MB, cuda_free=39429.7MB, cuda_total=48519.1MB
[2026-06-08 18:11:45] Epoch 04 train batch [280/1875] loss=0.5600 avg_loss=0.5261. Resources: rss=618.3MB, peak_rss=1855.6MB, cuda_alloc=568.8MB, cuda_reserved=41738.0MB, cuda_peak_alloc=7503.2MB, cuda_free=6229.7MB, cuda_total=48519.1MB
[2026-06-08 18:11:51] Epoch 04 train batch [300/1875] loss=0.4090 avg_loss=0.5236. Resources: rss=624.3MB, peak_rss=1855.6MB, cuda_alloc=568.8MB, cuda_reserved=27500.0MB, cuda_peak_alloc=7503.2MB, cuda_free=20467.7MB, cuda_total=48519.1MB
[2026-06-08 18:11:56] Epoch 04 train batch [320/1875] loss=0.5840 avg_loss=0.5209. Resources: rss=593.5MB, peak_rss=1855.6MB, cuda_alloc=568.8MB, cuda_reserved=43700.0MB, cuda_peak_alloc=7503.2MB, cuda_free=4267.7MB, cuda_total=48519.1MB
[2026-06-08 18:12:00] Epoch 04 train batch [340/1875] loss=0.4016 avg_loss=0.5204. Resources: rss=615.8MB, peak_rss=1855.6MB, cuda_alloc=568.8MB, cuda_reserved=47500.0MB, cuda_peak_alloc=7503.2MB, cuda_free=467.7MB, cuda_total=48519.1MB
[2026-06-08 18:12:06] Epoch 04 train batch [360/1875] loss=0.6753 avg_loss=0.5190. Resources: rss=608.6MB, peak_rss=1855.6MB, cuda_alloc=568.8MB, cuda_reserved=47500.0MB, cuda_peak_alloc=7503.2MB, cuda_free=467.7MB, cuda_total=48519.1MB
[2026-06-08 18:12:12] Epoch 04 train batch [380/1875] loss=0.3589 avg_loss=0.5176. Resources: rss=616.8MB, peak_rss=1855.6MB, cuda_alloc=568.8MB, cuda_reserved=46140.0MB, cuda_peak_alloc=7503.2MB, cuda_free=1827.7MB, cuda_total=48519.1MB
[2026-06-08 18:12:18] Epoch 04 train batch [400/1875] loss=0.5751 avg_loss=0.5152. Resources: rss=601.4MB, peak_rss=1855.6MB, cuda_alloc=568.8MB, cuda_reserved=22940.0MB, cuda_peak_alloc=7503.2MB, cuda_free=25027.7MB, cuda_total=48519.1MB
[2026-06-08 18:12:24] Epoch 04 train batch [420/1875] loss=0.3837 avg_loss=0.5154. Resources: rss=585.8MB, peak_rss=1855.6MB, cuda_alloc=568.8MB, cuda_reserved=29260.0MB, cuda_peak_alloc=7503.2MB, cuda_free=18707.7MB, cuda_total=48519.1MB
[2026-06-08 18:12:29] Epoch 04 train batch [440/1875] loss=0.3044 avg_loss=0.5141. Resources: rss=586.7MB, peak_rss=1855.6MB, cuda_alloc=568.8MB, cuda_reserved=46740.0MB, cuda_peak_alloc=7503.2MB, cuda_free=1227.7MB, cuda_total=48519.1MB
[2026-06-08 18:12:34] Epoch 04 train batch [460/1875] loss=0.4753 avg_loss=0.5155. Resources: rss=580.1MB, peak_rss=1855.6MB, cuda_alloc=568.8MB, cuda_reserved=8018.0MB, cuda_peak_alloc=7503.2MB, cuda_free=39949.7MB, cuda_total=48519.1MB
[2026-06-08 18:12:38] Epoch 04 train batch [480/1875] loss=0.3925 avg_loss=0.5151. Resources: rss=597.3MB, peak_rss=1855.6MB, cuda_alloc=568.8MB, cuda_reserved=39238.0MB, cuda_peak_alloc=7503.2MB, cuda_free=8729.7MB, cuda_total=48519.1MB
[2026-06-08 18:12:45] Epoch 04 train batch [500/1875] loss=0.6806 avg_loss=0.5157. Resources: rss=594.5MB, peak_rss=1855.6MB, cuda_alloc=568.8MB, cuda_reserved=13978.0MB, cuda_peak_alloc=7503.2MB, cuda_free=33989.7MB, cuda_total=48519.1MB
[2026-06-08 18:12:50] Epoch 04 train batch [520/1875] loss=0.6376 avg_loss=0.5152. Resources: rss=585.2MB, peak_rss=1855.6MB, cuda_alloc=568.8MB, cuda_reserved=32798.0MB, cuda_peak_alloc=7503.2MB, cuda_free=15169.7MB, cuda_total=48519.1MB
[2026-06-08 18:12:57] Epoch 04 train batch [540/1875] loss=0.6556 avg_loss=0.5145. Resources: rss=548.3MB, peak_rss=1855.6MB, cuda_alloc=568.8MB, cuda_reserved=35400.0MB, cuda_peak_alloc=7503.2MB, cuda_free=12567.7MB, cuda_total=48519.1MB
[2026-06-08 18:13:04] Epoch 04 train batch [560/1875] loss=0.4646 avg_loss=0.5144. Resources: rss=559.8MB, peak_rss=1855.6MB, cuda_alloc=568.8MB, cuda_reserved=17060.0MB, cuda_peak_alloc=7503.2MB, cuda_free=30907.7MB, cuda_total=48519.1MB
[2026-06-08 18:13:10] Epoch 04 train batch [580/1875] loss=0.4716 avg_loss=0.5135. Resources: rss=594.1MB, peak_rss=1855.6MB, cuda_alloc=568.8MB, cuda_reserved=26720.0MB, cuda_peak_alloc=7503.2MB, cuda_free=21247.7MB, cuda_total=48519.1MB
[2026-06-08 18:13:15] Epoch 04 train batch [600/1875] loss=0.4347 avg_loss=0.5128. Resources: rss=583.3MB, peak_rss=1855.6MB, cuda_alloc=568.8MB, cuda_reserved=31440.0MB, cuda_peak_alloc=7503.2MB, cuda_free=16527.7MB, cuda_total=48519.1MB
[2026-06-08 18:13:21] Epoch 04 train batch [620/1875] loss=0.4537 avg_loss=0.5175. Resources: rss=582.5MB, peak_rss=1855.6MB, cuda_alloc=568.8MB, cuda_reserved=27160.0MB, cuda_peak_alloc=7503.2MB, cuda_free=20807.7MB, cuda_total=48519.1MB
[2026-06-08 18:13:26] Epoch 04 train batch [640/1875] loss=0.6758 avg_loss=0.5170. Resources: rss=576.8MB, peak_rss=1855.6MB, cuda_alloc=568.8MB, cuda_reserved=37000.0MB, cuda_peak_alloc=7503.2MB, cuda_free=10967.7MB, cuda_total=48519.1MB
[2026-06-08 18:13:32] Epoch 04 train batch [660/1875] loss=0.4230 avg_loss=0.5161. Resources: rss=543.9MB, peak_rss=1855.6MB, cuda_alloc=568.8MB, cuda_reserved=28198.0MB, cuda_peak_alloc=7503.2MB, cuda_free=19769.7MB, cuda_total=48519.1MB
[2026-06-08 18:13:37] Epoch 04 train batch [680/1875] loss=0.5132 avg_loss=0.5155. Resources: rss=582.7MB, peak_rss=1855.6MB, cuda_alloc=568.8MB, cuda_reserved=16998.0MB, cuda_peak_alloc=7503.2MB, cuda_free=30969.7MB, cuda_total=48519.1MB
[2026-06-08 18:13:42] Epoch 04 train batch [700/1875] loss=0.6184 avg_loss=0.5151. Resources: rss=570.7MB, peak_rss=1855.6MB, cuda_alloc=568.8MB, cuda_reserved=44138.0MB, cuda_peak_alloc=7503.2MB, cuda_free=3829.7MB, cuda_total=48519.1MB
[2026-06-08 18:13:49] Epoch 04 train batch [720/1875] loss=0.6858 avg_loss=0.5149. Resources: rss=583.7MB, peak_rss=1855.6MB, cuda_alloc=568.8MB, cuda_reserved=34398.0MB, cuda_peak_alloc=7503.2MB, cuda_free=13569.7MB, cuda_total=48519.1MB
[2026-06-08 18:13:54] Epoch 04 train batch [740/1875] loss=0.5777 avg_loss=0.5157. Resources: rss=581.6MB, peak_rss=1855.6MB, cuda_alloc=568.8MB, cuda_reserved=45640.0MB, cuda_peak_alloc=7503.2MB, cuda_free=2327.7MB, cuda_total=48519.1MB
[2026-06-08 18:14:00] Epoch 04 train batch [760/1875] loss=0.3391 avg_loss=0.5144. Resources: rss=583.4MB, peak_rss=1855.6MB, cuda_alloc=568.8MB, cuda_reserved=47760.0MB, cuda_peak_alloc=7503.2MB, cuda_free=207.7MB, cuda_total=48519.1MB
[2026-06-08 18:14:07] Epoch 04 train batch [780/1875] loss=0.4249 avg_loss=0.5131. Resources: rss=587.6MB, peak_rss=1855.6MB, cuda_alloc=568.8MB, cuda_reserved=46940.0MB, cuda_peak_alloc=7503.2MB, cuda_free=1027.7MB, cuda_total=48519.1MB
[2026-06-08 18:14:12] Epoch 04 train batch [800/1875] loss=0.4353 avg_loss=0.5129. Resources: rss=590.4MB, peak_rss=1855.6MB, cuda_alloc=568.8MB, cuda_reserved=45920.0MB, cuda_peak_alloc=7503.2MB, cuda_free=2047.7MB, cuda_total=48519.1MB
[2026-06-08 18:14:17] Epoch 04 train batch [820/1875] loss=0.4926 avg_loss=0.5125. Resources: rss=588.5MB, peak_rss=1855.6MB, cuda_alloc=568.8MB, cuda_reserved=36520.0MB, cuda_peak_alloc=7503.2MB, cuda_free=11447.7MB, cuda_total=48519.1MB
[2026-06-08 18:14:22] Epoch 04 train batch [840/1875] loss=0.4601 avg_loss=0.5125. Resources: rss=576.6MB, peak_rss=1855.6MB, cuda_alloc=568.8MB, cuda_reserved=36520.0MB, cuda_peak_alloc=7503.2MB, cuda_free=11447.7MB, cuda_total=48519.1MB
[2026-06-08 18:14:26] Epoch 04 train batch [860/1875] loss=0.5164 avg_loss=0.5124. Resources: rss=589.3MB, peak_rss=1855.6MB, cuda_alloc=568.8MB, cuda_reserved=38540.0MB, cuda_peak_alloc=7503.2MB, cuda_free=9427.7MB, cuda_total=48519.1MB
[2026-06-08 18:14:31] Epoch 04 train batch [880/1875] loss=0.4150 avg_loss=0.5113. Resources: rss=590.2MB, peak_rss=1855.6MB, cuda_alloc=568.8MB, cuda_reserved=38540.0MB, cuda_peak_alloc=7503.2MB, cuda_free=9427.7MB, cuda_total=48519.1MB
[2026-06-08 18:14:35] Epoch 04 train batch [900/1875] loss=0.4425 avg_loss=0.5101. Resources: rss=581.1MB, peak_rss=1855.6MB, cuda_alloc=568.8MB, cuda_reserved=47260.0MB, cuda_peak_alloc=7503.2MB, cuda_free=707.7MB, cuda_total=48519.1MB
[2026-06-08 18:14:41] Epoch 04 train batch [920/1875] loss=0.4357 avg_loss=0.5095. Resources: rss=600.1MB, peak_rss=1855.6MB, cuda_alloc=568.8MB, cuda_reserved=37240.0MB, cuda_peak_alloc=7503.3MB, cuda_free=10727.7MB, cuda_total=48519.1MB
[2026-06-08 18:14:45] Epoch 04 train batch [940/1875] loss=0.3535 avg_loss=0.5086. Resources: rss=546.9MB, peak_rss=1855.6MB, cuda_alloc=568.8MB, cuda_reserved=47780.0MB, cuda_peak_alloc=7503.3MB, cuda_free=187.7MB, cuda_total=48519.1MB
[2026-06-08 18:14:51] Epoch 04 train batch [960/1875] loss=0.3781 avg_loss=0.5084. Resources: rss=577.2MB, peak_rss=1855.6MB, cuda_alloc=568.8MB, cuda_reserved=32200.0MB, cuda_peak_alloc=7503.3MB, cuda_free=15767.7MB, cuda_total=48519.1MB
[2026-06-08 18:14:57] Epoch 04 train batch [980/1875] loss=0.6379 avg_loss=0.5083. Resources: rss=558.7MB, peak_rss=1855.6MB, cuda_alloc=568.8MB, cuda_reserved=45220.0MB, cuda_peak_alloc=7503.3MB, cuda_free=2747.7MB, cuda_total=48519.1MB
[2026-06-08 18:15:05] Epoch 04 train batch [1000/1875] loss=0.3992 avg_loss=0.5074. Resources: rss=588.1MB, peak_rss=1855.6MB, cuda_alloc=568.8MB, cuda_reserved=38040.0MB, cuda_peak_alloc=7503.3MB, cuda_free=9927.7MB, cuda_total=48519.1MB
[2026-06-08 18:15:12] Epoch 04 train batch [1020/1875] loss=0.4913 avg_loss=0.5062. Resources: rss=589.3MB, peak_rss=1855.6MB, cuda_alloc=568.8MB, cuda_reserved=13400.0MB, cuda_peak_alloc=7503.3MB, cuda_free=34567.7MB, cuda_total=48519.1MB
[2026-06-08 18:15:16] Epoch 04 train batch [1040/1875] loss=0.3880 avg_loss=0.5050. Resources: rss=588.9MB, peak_rss=1855.6MB, cuda_alloc=568.8MB, cuda_reserved=34400.0MB, cuda_peak_alloc=7503.3MB, cuda_free=13567.7MB, cuda_total=48519.1MB
[2026-06-08 18:15:21] Epoch 04 train batch [1060/1875] loss=0.6730 avg_loss=0.5039. Resources: rss=589.2MB, peak_rss=1855.6MB, cuda_alloc=568.8MB, cuda_reserved=39040.0MB, cuda_peak_alloc=7503.3MB, cuda_free=8927.7MB, cuda_total=48519.1MB
[2026-06-08 18:15:27] Epoch 04 train batch [1080/1875] loss=0.5141 avg_loss=0.5030. Resources: rss=589.2MB, peak_rss=1855.6MB, cuda_alloc=568.8MB, cuda_reserved=7958.0MB, cuda_peak_alloc=7503.3MB, cuda_free=40009.7MB, cuda_total=48519.1MB
[2026-06-08 18:15:34] Epoch 04 train batch [1100/1875] loss=0.3910 avg_loss=0.5023. Resources: rss=585.4MB, peak_rss=1855.6MB, cuda_alloc=568.8MB, cuda_reserved=45758.0MB, cuda_peak_alloc=7503.3MB, cuda_free=2209.7MB, cuda_total=48519.1MB
[2026-06-08 18:15:40] Epoch 04 train batch [1120/1875] loss=0.4947 avg_loss=0.5016. Resources: rss=587.9MB, peak_rss=1855.6MB, cuda_alloc=568.8MB, cuda_reserved=16558.0MB, cuda_peak_alloc=7503.3MB, cuda_free=31409.7MB, cuda_total=48519.1MB
[2026-06-08 18:15:47] Epoch 04 train batch [1140/1875] loss=0.4640 avg_loss=0.5019. Resources: rss=579.9MB, peak_rss=1855.6MB, cuda_alloc=568.8MB, cuda_reserved=14038.0MB, cuda_peak_alloc=7503.5MB, cuda_free=33929.7MB, cuda_total=48519.1MB
[2026-06-08 18:15:53] Epoch 04 train batch [1160/1875] loss=0.2926 avg_loss=0.5014. Resources: rss=567.5MB, peak_rss=1855.6MB, cuda_alloc=568.8MB, cuda_reserved=39038.0MB, cuda_peak_alloc=7503.5MB, cuda_free=8929.7MB, cuda_total=48519.1MB
[2026-06-08 18:15:59] Epoch 04 train batch [1180/1875] loss=0.6146 avg_loss=0.5010. Resources: rss=575.2MB, peak_rss=1855.6MB, cuda_alloc=568.8MB, cuda_reserved=28780.0MB, cuda_peak_alloc=7503.5MB, cuda_free=19187.7MB, cuda_total=48519.1MB
[2026-06-08 18:16:04] Epoch 04 train batch [1200/1875] loss=0.4782 avg_loss=0.5008. Resources: rss=583.6MB, peak_rss=1855.6MB, cuda_alloc=568.8MB, cuda_reserved=39560.0MB, cuda_peak_alloc=7503.5MB, cuda_free=8407.7MB, cuda_total=48519.1MB
[2026-06-08 18:16:09] Epoch 04 train batch [1220/1875] loss=0.4136 avg_loss=0.5013. Resources: rss=577.7MB, peak_rss=1855.6MB, cuda_alloc=568.8MB, cuda_reserved=43200.0MB, cuda_peak_alloc=7503.5MB, cuda_free=4767.7MB, cuda_total=48519.1MB
[2026-06-08 18:16:16] Epoch 04 train batch [1240/1875] loss=0.3691 avg_loss=0.5005. Resources: rss=566.0MB, peak_rss=1855.6MB, cuda_alloc=568.8MB, cuda_reserved=23700.0MB, cuda_peak_alloc=7503.5MB, cuda_free=24267.7MB, cuda_total=48519.1MB
[2026-06-08 18:16:21] Epoch 04 train batch [1260/1875] loss=0.3642 avg_loss=0.5000. Resources: rss=523.0MB, peak_rss=1855.6MB, cuda_alloc=568.8MB, cuda_reserved=46540.0MB, cuda_peak_alloc=7503.5MB, cuda_free=1427.7MB, cuda_total=48519.1MB
[2026-06-08 18:16:27] Epoch 04 train batch [1280/1875] loss=0.5843 avg_loss=0.5001. Resources: rss=511.3MB, peak_rss=1855.6MB, cuda_alloc=568.8MB, cuda_reserved=32698.0MB, cuda_peak_alloc=7503.5MB, cuda_free=15269.7MB, cuda_total=48519.1MB
[2026-06-08 18:16:37] Epoch 04 train batch [1300/1875] loss=0.4522 avg_loss=0.4997. Resources: rss=518.4MB, peak_rss=1855.6MB, cuda_alloc=568.8MB, cuda_reserved=25360.0MB, cuda_peak_alloc=7503.5MB, cuda_free=22607.7MB, cuda_total=48519.1MB
[2026-06-08 18:16:41] Epoch 04 train batch [1320/1875] loss=0.4812 avg_loss=0.4995. Resources: rss=542.5MB, peak_rss=1855.6MB, cuda_alloc=568.8MB, cuda_reserved=42980.0MB, cuda_peak_alloc=7503.5MB, cuda_free=4987.7MB, cuda_total=48519.1MB
[2026-06-08 18:16:51] Epoch 04 train batch [1340/1875] loss=0.6806 avg_loss=0.4993. Resources: rss=534.3MB, peak_rss=1855.6MB, cuda_alloc=568.8MB, cuda_reserved=21618.0MB, cuda_peak_alloc=7503.5MB, cuda_free=26349.7MB, cuda_total=48519.1MB
[2026-06-08 18:17:00] Epoch 04 train batch [1360/1875] loss=0.4693 avg_loss=0.4990. Resources: rss=538.5MB, peak_rss=1855.6MB, cuda_alloc=568.8MB, cuda_reserved=34420.0MB, cuda_peak_alloc=7503.5MB, cuda_free=13547.7MB, cuda_total=48519.1MB
[2026-06-08 18:17:13] Epoch 04 train batch [1380/1875] loss=0.5204 avg_loss=0.4992. Resources: rss=518.2MB, peak_rss=1855.6MB, cuda_alloc=568.8MB, cuda_reserved=24798.0MB, cuda_peak_alloc=7503.5MB, cuda_free=23169.7MB, cuda_total=48519.1MB
[2026-06-08 18:17:23] Epoch 04 train batch [1400/1875] loss=0.4960 avg_loss=0.4983. Resources: rss=496.9MB, peak_rss=1855.6MB, cuda_alloc=568.8MB, cuda_reserved=23878.0MB, cuda_peak_alloc=7503.5MB, cuda_free=24089.7MB, cuda_total=48519.1MB
[2026-06-08 18:17:32] Epoch 04 train batch [1420/1875] loss=0.3642 avg_loss=0.4982. Resources: rss=537.8MB, peak_rss=1855.6MB, cuda_alloc=568.8MB, cuda_reserved=27380.0MB, cuda_peak_alloc=7503.5MB, cuda_free=20587.7MB, cuda_total=48519.1MB
[2026-06-08 18:17:39] Epoch 04 train batch [1440/1875] loss=0.5614 avg_loss=0.4977. Resources: rss=530.5MB, peak_rss=1855.6MB, cuda_alloc=568.8MB, cuda_reserved=38860.0MB, cuda_peak_alloc=7503.5MB, cuda_free=9107.7MB, cuda_total=48519.1MB
[2026-06-08 18:17:46] Epoch 04 train batch [1460/1875] loss=0.4393 avg_loss=0.4975. Resources: rss=524.3MB, peak_rss=1855.6MB, cuda_alloc=568.8MB, cuda_reserved=45240.0MB, cuda_peak_alloc=7503.5MB, cuda_free=2727.7MB, cuda_total=48519.1MB
[2026-06-08 18:17:54] Epoch 04 train batch [1480/1875] loss=0.4802 avg_loss=0.4975. Resources: rss=534.2MB, peak_rss=1855.6MB, cuda_alloc=568.8MB, cuda_reserved=36340.0MB, cuda_peak_alloc=7503.5MB, cuda_free=11627.7MB, cuda_total=48519.1MB
[2026-06-08 18:18:06] Epoch 04 train batch [1500/1875] loss=0.3192 avg_loss=0.4972. Resources: rss=501.8MB, peak_rss=1855.6MB, cuda_alloc=568.8MB, cuda_reserved=44818.0MB, cuda_peak_alloc=7503.5MB, cuda_free=3149.7MB, cuda_total=48519.1MB
[2026-06-08 18:18:12] Epoch 04 train batch [1520/1875] loss=0.3197 avg_loss=0.4970. Resources: rss=495.2MB, peak_rss=1855.6MB, cuda_alloc=568.8MB, cuda_reserved=19858.0MB, cuda_peak_alloc=7503.5MB, cuda_free=28109.7MB, cuda_total=48519.1MB
[2026-06-08 18:18:16] Epoch 04 train batch [1540/1875] loss=0.4844 avg_loss=0.4974. Resources: rss=494.3MB, peak_rss=1855.6MB, cuda_alloc=568.8MB, cuda_reserved=45760.0MB, cuda_peak_alloc=7503.5MB, cuda_free=2207.7MB, cuda_total=48519.1MB
[2026-06-08 18:18:24] Epoch 04 train batch [1560/1875] loss=0.5902 avg_loss=0.4969. Resources: rss=493.3MB, peak_rss=1855.6MB, cuda_alloc=568.8MB, cuda_reserved=37598.0MB, cuda_peak_alloc=7503.5MB, cuda_free=10369.7MB, cuda_total=48519.1MB
[2026-06-08 18:18:31] Epoch 04 train batch [1580/1875] loss=0.4469 avg_loss=0.4968. Resources: rss=491.1MB, peak_rss=1855.6MB, cuda_alloc=568.8MB, cuda_reserved=47560.0MB, cuda_peak_alloc=7503.5MB, cuda_free=407.7MB, cuda_total=48519.1MB
[2026-06-08 18:18:39] Epoch 04 train batch [1600/1875] loss=0.5665 avg_loss=0.4971. Resources: rss=500.0MB, peak_rss=1855.6MB, cuda_alloc=568.8MB, cuda_reserved=28900.0MB, cuda_peak_alloc=7503.5MB, cuda_free=19067.7MB, cuda_total=48519.1MB
[2026-06-08 18:18:45] Epoch 04 train batch [1620/1875] loss=0.4750 avg_loss=0.4967. Resources: rss=498.2MB, peak_rss=1855.6MB, cuda_alloc=568.8MB, cuda_reserved=44500.0MB, cuda_peak_alloc=7503.5MB, cuda_free=3467.7MB, cuda_total=48519.1MB
[2026-06-08 18:18:53] Epoch 04 train batch [1640/1875] loss=0.5276 avg_loss=0.4964. Resources: rss=502.3MB, peak_rss=1855.6MB, cuda_alloc=568.8MB, cuda_reserved=33598.0MB, cuda_peak_alloc=7503.5MB, cuda_free=14369.7MB, cuda_total=48519.1MB
[2026-06-08 18:19:00] Epoch 04 train batch [1660/1875] loss=0.4395 avg_loss=0.4960. Resources: rss=490.5MB, peak_rss=1855.6MB, cuda_alloc=568.8MB, cuda_reserved=31420.0MB, cuda_peak_alloc=7503.5MB, cuda_free=16547.7MB, cuda_total=48519.1MB
[2026-06-08 18:19:09] Epoch 04 train batch [1680/1875] loss=0.4346 avg_loss=0.4957. Resources: rss=468.8MB, peak_rss=1855.6MB, cuda_alloc=568.8MB, cuda_reserved=30020.0MB, cuda_peak_alloc=7503.5MB, cuda_free=17947.7MB, cuda_total=48519.1MB
[2026-06-08 18:19:13] Epoch 04 train batch [1700/1875] loss=0.5875 avg_loss=0.4957. Resources: rss=493.0MB, peak_rss=1855.6MB, cuda_alloc=568.8MB, cuda_reserved=41640.0MB, cuda_peak_alloc=7503.5MB, cuda_free=6327.7MB, cuda_total=48519.1MB
[2026-06-08 18:19:20] Epoch 04 train batch [1720/1875] loss=0.6043 avg_loss=0.4951. Resources: rss=491.7MB, peak_rss=1855.6MB, cuda_alloc=568.8MB, cuda_reserved=36518.0MB, cuda_peak_alloc=7503.5MB, cuda_free=11449.7MB, cuda_total=48519.1MB
[2026-06-08 18:19:27] Epoch 04 train batch [1740/1875] loss=0.5695 avg_loss=0.4947. Resources: rss=487.8MB, peak_rss=1855.6MB, cuda_alloc=568.8MB, cuda_reserved=30138.0MB, cuda_peak_alloc=7503.5MB, cuda_free=17829.7MB, cuda_total=48519.1MB
[2026-06-08 18:19:32] Epoch 04 train batch [1760/1875] loss=0.4860 avg_loss=0.4940. Resources: rss=516.8MB, peak_rss=1855.6MB, cuda_alloc=568.8MB, cuda_reserved=46038.0MB, cuda_peak_alloc=7503.5MB, cuda_free=1929.7MB, cuda_total=48519.1MB
[2026-06-08 18:19:39] Epoch 04 train batch [1780/1875] loss=0.4774 avg_loss=0.4935. Resources: rss=518.3MB, peak_rss=1855.6MB, cuda_alloc=568.8MB, cuda_reserved=22400.0MB, cuda_peak_alloc=7503.5MB, cuda_free=25567.7MB, cuda_total=48519.1MB
[2026-06-08 18:19:48] Epoch 04 train batch [1800/1875] loss=0.4873 avg_loss=0.4932. Resources: rss=498.3MB, peak_rss=1855.6MB, cuda_alloc=568.8MB, cuda_reserved=10618.0MB, cuda_peak_alloc=7503.5MB, cuda_free=37349.7MB, cuda_total=48519.1MB
[2026-06-08 18:19:55] Epoch 04 train batch [1820/1875] loss=0.4161 avg_loss=0.4925. Resources: rss=489.7MB, peak_rss=1855.6MB, cuda_alloc=568.8MB, cuda_reserved=38660.0MB, cuda_peak_alloc=7503.5MB, cuda_free=9307.7MB, cuda_total=48519.1MB
[2026-06-08 18:20:00] Epoch 04 train batch [1840/1875] loss=0.4059 avg_loss=0.4924. Resources: rss=501.3MB, peak_rss=1855.6MB, cuda_alloc=568.8MB, cuda_reserved=35158.0MB, cuda_peak_alloc=7503.5MB, cuda_free=12809.7MB, cuda_total=48519.1MB
[2026-06-08 18:20:07] Epoch 04 train batch [1860/1875] loss=0.4224 avg_loss=0.4918. Resources: rss=494.2MB, peak_rss=1855.6MB, cuda_alloc=568.8MB, cuda_reserved=27840.0MB, cuda_peak_alloc=7503.5MB, cuda_free=20127.7MB, cuda_total=48519.1MB
[2026-06-08 18:20:11] Epoch 04 train batch [1875/1875] loss=0.4559 avg_loss=0.4915. Resources: rss=499.2MB, peak_rss=1855.6MB, cuda_alloc=568.8MB, cuda_reserved=32980.0MB, cuda_peak_alloc=7503.7MB, cuda_free=14987.7MB, cuda_total=48519.1MB
[2026-06-08 18:20:11] Epoch 04 training completed. Resources: rss=498.2MB, peak_rss=1855.6MB, cuda_alloc=568.8MB, cuda_reserved=32980.0MB, cuda_peak_alloc=7503.7MB, cuda_free=14987.7MB, cuda_total=48519.1MB
[2026-06-08 18:20:12] Epoch 04 cache released before validation loss. Resources: rss=468.2MB, peak_rss=1855.6MB, cuda_alloc=568.8MB, cuda_reserved=754.0MB, cuda_peak_alloc=568.8MB, cuda_free=47213.7MB, cuda_total=48519.1MB
[2026-06-08 18:20:46] Epoch 04 validation loss completed: 0.5153. Resources: rss=536.7MB, peak_rss=1855.6MB, cuda_alloc=568.8MB, cuda_reserved=5138.0MB, cuda_peak_alloc=2028.3MB, cuda_free=42829.7MB, cuda_total=48519.1MB
[2026-06-08 18:20:46] Epoch 04 cache released before detection metrics. Resources: rss=465.4MB, peak_rss=1855.6MB, cuda_alloc=568.8MB, cuda_reserved=754.0MB, cuda_peak_alloc=568.8MB, cuda_free=47213.7MB, cuda_total=48519.1MB
[2026-06-08 18:21:22] Epoch 04 prediction tensors moved to CPU. Computing metrics. Resources: rss=475.4MB, peak_rss=1855.6MB, cuda_alloc=568.8MB, cuda_reserved=754.0MB, cuda_peak_alloc=568.8MB, cuda_free=47213.7MB, cuda_total=48519.1MB
[2026-06-08 18:21:22] Epoch 04 metrics computed (mAP@0.5 only). Saving artifacts. Resources: rss=484.1MB, peak_rss=1855.6MB, cuda_alloc=568.8MB, cuda_reserved=754.0MB, cuda_peak_alloc=568.8MB, cuda_free=47213.7MB, cuda_total=48519.1MB
[2026-06-08 18:21:24] Epoch 04 improved mAP@0.5 to 0.5323. Saved best checkpoint: best_model-20260608-174004.pth. Resources: rss=1238.6MB, peak_rss=1855.6MB, cuda_alloc=568.8MB, cuda_reserved=754.0MB, cuda_peak_alloc=568.8MB, cuda_free=47213.7MB, cuda_total=48519.1MB
Epoch [04/100]
├── Train Loss : 0.4915
│   ├── loss_classifier  : 0.2730
│   ├── loss_box_reg     : 0.2185
│   ├── loss_objectness  : 0.0000
│   └── loss_rpn_box_reg : 0.0000
├── Val Loss   : 0.5153
├── mAP@0.5    : 0.5323
├── mAP@0.75   : n/a
├── mAP@0.5:0.95 : n/a
├── Precision  : 0.0259
├── Recall     : 0.9604
├── GT Boxes   : 2021
├── Predictions: 74914
├── Per-class AP
│   ├── person  : AP50=0.3126, AP75=n/a, AP50:95=n/a, P=0.0436, R=0.9637
│   ├── car     : AP50=0.6543, AP75=n/a, AP50:95=n/a, P=0.0256, R=0.9682
│   ├── dog     : AP50=0.7951, AP75=n/a, AP50:95=n/a, P=0.0230, R=0.9806
│   ├── cat     : AP50=0.7881, AP75=n/a, AP50:95=n/a, P=0.0244, R=0.9886
│   └── chair   : AP50=0.1114, AP75=n/a, AP50:95=n/a, P=0.0104, R=0.9078
├── LR         : 0.001000
└── Time       : 653.7s
[2026-06-08 18:21:24] Epoch [04/100] completed. Resources: rss=475.1MB, peak_rss=1855.6MB, cuda_alloc=568.8MB, cuda_reserved=754.0MB, cuda_peak_alloc=568.8MB, cuda_free=47213.7MB, cuda_total=48519.1MB
[2026-06-08 18:21:24] Epoch [05/100] started. Resources: rss=475.1MB, peak_rss=1855.6MB, cuda_alloc=568.8MB, cuda_reserved=754.0MB, cuda_peak_alloc=568.8MB, cuda_free=47213.7MB, cuda_total=48519.1MB
[2026-06-08 18:21:31] Epoch 05 train batch [20/1875] loss=0.4721 avg_loss=0.4568. Resources: rss=592.9MB, peak_rss=1855.6MB, cuda_alloc=568.8MB, cuda_reserved=45800.0MB, cuda_peak_alloc=7502.2MB, cuda_free=2167.7MB, cuda_total=48519.1MB
[2026-06-08 18:21:36] Epoch 05 train batch [40/1875] loss=0.6372 avg_loss=0.4560. Resources: rss=550.6MB, peak_rss=1855.6MB, cuda_alloc=568.8MB, cuda_reserved=8618.0MB, cuda_peak_alloc=7502.3MB, cuda_free=39349.7MB, cuda_total=48519.1MB
[2026-06-08 18:21:44] Epoch 05 train batch [60/1875] loss=0.4116 avg_loss=0.4534. Resources: rss=580.3MB, peak_rss=1855.6MB, cuda_alloc=568.8MB, cuda_reserved=28180.0MB, cuda_peak_alloc=7502.3MB, cuda_free=19787.7MB, cuda_total=48519.1MB
[2026-06-08 18:21:51] Epoch 05 train batch [80/1875] loss=0.5512 avg_loss=0.4590. Resources: rss=584.5MB, peak_rss=1855.6MB, cuda_alloc=568.8MB, cuda_reserved=40538.0MB, cuda_peak_alloc=7502.3MB, cuda_free=7429.7MB, cuda_total=48519.1MB
[2026-06-08 18:21:59] Epoch 05 train batch [100/1875] loss=0.4534 avg_loss=0.4603. Resources: rss=572.3MB, peak_rss=1855.6MB, cuda_alloc=568.8MB, cuda_reserved=27578.0MB, cuda_peak_alloc=7502.9MB, cuda_free=20389.7MB, cuda_total=48519.1MB
[2026-06-08 18:22:08] Epoch 05 train batch [120/1875] loss=0.4941 avg_loss=0.4603. Resources: rss=548.0MB, peak_rss=1855.6MB, cuda_alloc=568.8MB, cuda_reserved=25460.0MB, cuda_peak_alloc=7502.9MB, cuda_free=22507.7MB, cuda_total=48519.1MB
[2026-06-08 18:22:16] Epoch 05 train batch [140/1875] loss=0.4358 avg_loss=0.4596. Resources: rss=597.4MB, peak_rss=1855.6MB, cuda_alloc=568.8MB, cuda_reserved=37418.0MB, cuda_peak_alloc=7502.9MB, cuda_free=10549.7MB, cuda_total=48519.1MB
[2026-06-08 18:22:27] Epoch 05 train batch [160/1875] loss=0.4912 avg_loss=0.4599. Resources: rss=588.7MB, peak_rss=1855.6MB, cuda_alloc=568.8MB, cuda_reserved=31538.0MB, cuda_peak_alloc=7503.0MB, cuda_free=16429.7MB, cuda_total=48519.1MB
[2026-06-08 18:22:43] Epoch 05 train batch [180/1875] loss=0.4331 avg_loss=0.4581. Resources: rss=600.7MB, peak_rss=1855.6MB, cuda_alloc=568.8MB, cuda_reserved=19400.0MB, cuda_peak_alloc=7503.0MB, cuda_free=28567.7MB, cuda_total=48519.1MB
[2026-06-08 18:22:54] Epoch 05 train batch [200/1875] loss=0.3747 avg_loss=0.4537. Resources: rss=596.5MB, peak_rss=1855.6MB, cuda_alloc=568.8MB, cuda_reserved=30938.0MB, cuda_peak_alloc=7503.0MB, cuda_free=17029.7MB, cuda_total=48519.1MB
[2026-06-08 18:23:05] Epoch 05 train batch [220/1875] loss=0.4922 avg_loss=0.4534. Resources: rss=599.2MB, peak_rss=1855.6MB, cuda_alloc=568.8MB, cuda_reserved=36720.0MB, cuda_peak_alloc=7503.3MB, cuda_free=11247.7MB, cuda_total=48519.1MB
[2026-06-08 18:23:22] Epoch 05 train batch [240/1875] loss=0.3512 avg_loss=0.4519. Resources: rss=592.9MB, peak_rss=1855.6MB, cuda_alloc=568.8MB, cuda_reserved=15078.0MB, cuda_peak_alloc=7503.3MB, cuda_free=32889.7MB, cuda_total=48519.1MB
[2026-06-08 18:23:30] Epoch 05 train batch [260/1875] loss=0.5119 avg_loss=0.4534. Resources: rss=582.7MB, peak_rss=1855.6MB, cuda_alloc=568.8MB, cuda_reserved=18418.0MB, cuda_peak_alloc=7503.3MB, cuda_free=29549.7MB, cuda_total=48519.1MB
[2026-06-08 18:23:36] Epoch 05 train batch [280/1875] loss=0.4190 avg_loss=0.4545. Resources: rss=566.6MB, peak_rss=1855.6MB, cuda_alloc=568.8MB, cuda_reserved=29058.0MB, cuda_peak_alloc=7503.3MB, cuda_free=18909.7MB, cuda_total=48519.1MB
[2026-06-08 18:23:46] Epoch 05 train batch [300/1875] loss=0.4575 avg_loss=0.4537. Resources: rss=602.9MB, peak_rss=1855.6MB, cuda_alloc=568.8MB, cuda_reserved=14400.0MB, cuda_peak_alloc=7503.3MB, cuda_free=33567.7MB, cuda_total=48519.1MB
[2026-06-08 18:24:03] Epoch 05 train batch [320/1875] loss=0.2518 avg_loss=0.4474. Resources: rss=610.3MB, peak_rss=1855.6MB, cuda_alloc=568.8MB, cuda_reserved=25620.0MB, cuda_peak_alloc=7503.3MB, cuda_free=22347.7MB, cuda_total=48519.1MB
[2026-06-08 18:24:09] Epoch 05 train batch [340/1875] loss=0.4462 avg_loss=0.4464. Resources: rss=609.5MB, peak_rss=1855.6MB, cuda_alloc=568.8MB, cuda_reserved=42140.0MB, cuda_peak_alloc=7503.3MB, cuda_free=5827.7MB, cuda_total=48519.1MB
[2026-06-08 18:24:25] Epoch 05 train batch [360/1875] loss=0.5434 avg_loss=0.4465. Resources: rss=620.2MB, peak_rss=1855.6MB, cuda_alloc=568.8MB, cuda_reserved=33100.0MB, cuda_peak_alloc=7503.3MB, cuda_free=14867.7MB, cuda_total=48519.1MB
[2026-06-08 18:24:32] Epoch 05 train batch [380/1875] loss=0.6151 avg_loss=0.4484. Resources: rss=579.1MB, peak_rss=1855.6MB, cuda_alloc=568.8MB, cuda_reserved=34060.0MB, cuda_peak_alloc=7503.3MB, cuda_free=13907.7MB, cuda_total=48519.1MB
[2026-06-08 18:24:38] Epoch 05 train batch [400/1875] loss=0.3143 avg_loss=0.4477. Resources: rss=602.8MB, peak_rss=1855.6MB, cuda_alloc=568.8MB, cuda_reserved=43240.0MB, cuda_peak_alloc=7503.3MB, cuda_free=4727.7MB, cuda_total=48519.1MB
[2026-06-08 18:24:47] Epoch 05 train batch [420/1875] loss=0.2827 avg_loss=0.4473. Resources: rss=573.4MB, peak_rss=1855.6MB, cuda_alloc=568.8MB, cuda_reserved=34940.0MB, cuda_peak_alloc=7503.3MB, cuda_free=13027.7MB, cuda_total=48519.1MB
[2026-06-08 18:25:09] Epoch 05 train batch [440/1875] loss=0.3779 avg_loss=0.4470. Resources: rss=609.9MB, peak_rss=1855.6MB, cuda_alloc=568.8MB, cuda_reserved=8640.0MB, cuda_peak_alloc=7503.3MB, cuda_free=39327.7MB, cuda_total=48519.1MB
[2026-06-08 18:25:24] Epoch 05 train batch [460/1875] loss=0.4671 avg_loss=0.4469. Resources: rss=601.4MB, peak_rss=1855.6MB, cuda_alloc=568.8MB, cuda_reserved=28618.0MB, cuda_peak_alloc=7503.3MB, cuda_free=19349.7MB, cuda_total=48519.1MB
[2026-06-08 18:25:29] Epoch 05 train batch [480/1875] loss=0.3607 avg_loss=0.4473. Resources: rss=600.6MB, peak_rss=1855.6MB, cuda_alloc=568.8MB, cuda_reserved=36000.0MB, cuda_peak_alloc=7503.3MB, cuda_free=11967.7MB, cuda_total=48519.1MB
[2026-06-08 18:25:37] Epoch 05 train batch [500/1875] loss=0.5328 avg_loss=0.4470. Resources: rss=579.0MB, peak_rss=1855.6MB, cuda_alloc=568.8MB, cuda_reserved=33660.0MB, cuda_peak_alloc=7503.3MB, cuda_free=14307.7MB, cuda_total=48519.1MB
[2026-06-08 18:25:47] Epoch 05 train batch [520/1875] loss=0.5989 avg_loss=0.4474. Resources: rss=600.5MB, peak_rss=1855.6MB, cuda_alloc=568.8MB, cuda_reserved=43560.0MB, cuda_peak_alloc=7503.3MB, cuda_free=4407.7MB, cuda_total=48519.1MB
[2026-06-08 18:26:09] Epoch 05 train batch [540/1875] loss=0.3622 avg_loss=0.4472. Resources: rss=601.2MB, peak_rss=1855.6MB, cuda_alloc=568.8MB, cuda_reserved=15318.0MB, cuda_peak_alloc=7503.4MB, cuda_free=32649.7MB, cuda_total=48519.1MB
[2026-06-08 18:26:29] Epoch 05 train batch [560/1875] loss=0.3426 avg_loss=0.4472. Resources: rss=606.2MB, peak_rss=1855.6MB, cuda_alloc=568.8MB, cuda_reserved=37178.0MB, cuda_peak_alloc=7503.4MB, cuda_free=10789.7MB, cuda_total=48519.1MB
[2026-06-08 18:26:46] Epoch 05 train batch [580/1875] loss=0.6710 avg_loss=0.4478. Resources: rss=610.0MB, peak_rss=1855.6MB, cuda_alloc=568.8MB, cuda_reserved=41840.0MB, cuda_peak_alloc=7503.4MB, cuda_free=6127.7MB, cuda_total=48519.1MB
[2026-06-08 18:26:50] Epoch 05 train batch [600/1875] loss=0.4202 avg_loss=0.4469. Resources: rss=613.3MB, peak_rss=1855.6MB, cuda_alloc=568.8MB, cuda_reserved=41840.0MB, cuda_peak_alloc=7503.4MB, cuda_free=6127.7MB, cuda_total=48519.1MB
[2026-06-08 18:26:55] Epoch 05 train batch [620/1875] loss=0.3187 avg_loss=0.4468. Resources: rss=612.5MB, peak_rss=1855.6MB, cuda_alloc=568.8MB, cuda_reserved=41840.0MB, cuda_peak_alloc=7503.4MB, cuda_free=6127.7MB, cuda_total=48519.1MB
[2026-06-08 18:27:09] Epoch 05 train batch [640/1875] loss=0.5067 avg_loss=0.4467. Resources: rss=592.4MB, peak_rss=1855.6MB, cuda_alloc=568.8MB, cuda_reserved=8558.0MB, cuda_peak_alloc=7503.4MB, cuda_free=39409.7MB, cuda_total=48519.1MB
[2026-06-08 18:27:44] Epoch 05 train batch [660/1875] loss=0.6032 avg_loss=0.4458. Resources: rss=578.1MB, peak_rss=1855.6MB, cuda_alloc=568.8MB, cuda_reserved=42078.0MB, cuda_peak_alloc=7503.4MB, cuda_free=5889.7MB, cuda_total=48519.1MB
[2026-06-08 18:27:55] Epoch 05 train batch [680/1875] loss=0.5424 avg_loss=0.4449. Resources: rss=595.4MB, peak_rss=1855.6MB, cuda_alloc=568.8MB, cuda_reserved=35400.0MB, cuda_peak_alloc=7503.4MB, cuda_free=12567.7MB, cuda_total=48519.1MB
[2026-06-08 18:28:22] Epoch 05 train batch [700/1875] loss=0.5380 avg_loss=0.4444. Resources: rss=612.1MB, peak_rss=1855.6MB, cuda_alloc=568.8MB, cuda_reserved=45180.0MB, cuda_peak_alloc=7503.4MB, cuda_free=2787.7MB, cuda_total=48519.1MB
[2026-06-08 18:28:27] Epoch 05 train batch [720/1875] loss=0.5358 avg_loss=0.4445. Resources: rss=580.2MB, peak_rss=1855.6MB, cuda_alloc=568.8MB, cuda_reserved=45180.0MB, cuda_peak_alloc=7503.4MB, cuda_free=2787.7MB, cuda_total=48519.1MB
